GeneID,chr,strand,SplicingType,FDR,delta_PSI,start,end,SID
LOC112050976,NW_019863054.1,-,SE,2.23E-06,-0.065,55060,55308,NW_019863054.1_55060_55308
LOC112050976,NW_019863054.1,-,SE,0.000932359,0.178,56017,56238,NW_019863054.1_56017_56238
LOC112050976,NW_019863054.1,-,SE,0.01926254,0.166,58002,58235,NW_019863054.1_58002_58235
LOC112044457,NW_019862809.1,-,SE,5.04E-05,0.124,1220212,1220448,NW_019862809.1_1220212_1220448
LOC112044451,NW_019862809.1,+,SE,6.02E-05,-0.079,972800,973083,NW_019862809.1_972800_973083
LOC112049178,NW_019862962.1,-,SE,0,0.369,194916,195170,NW_019862962.1_194916_195170
LOC112046662,NW_019862866.1,+,SE,0,-0.273,265119,265505,NW_019862866.1_265119_265505
LOC112046662,NW_019862866.1,+,SE,2.95E-07,-0.208,273820,274116,NW_019862866.1_273820_274116
LOC112043486,NW_019862791.1,-,SE,0.000490171,-0.09,1190508,1190774,NW_019862791.1_1190508_1190774
LOC112043469,NW_019862791.1,+,SE,0.000286505,-0.053,306384,306747,NW_019862791.1_306384_306747
LOC112050844,NW_019863046.1,-,SE,1.15E-09,-0.156,102519,102797,NW_019863046.1_102519_102797
LOC112054984,NW_019863443.1,+,SE,0.000770848,0.025,104413,104658,NW_019863443.1_104413_104658
LOC112054984,NW_019863443.1,+,SE,0,-0.49,110869,111177,NW_019863443.1_110869_111177
LOC112054984,NW_019863443.1,+,SE,0,0.162,111542,111847,NW_019863443.1_111542_111847
LOC112051285,NW_019863072.1,+,SE,0,0.362,142440,142900,NW_019863072.1_142440_142900
LOC112051133,NW_019863064.1,-,SE,9.00E-09,0.305,318541,318885,NW_019863064.1_318541_318885
LOC112051127,NW_019863064.1,-,SE,0.000175749,-0.131,312224,312604,NW_019863064.1_312224_312604
LOC112051127,NW_019863064.1,-,SE,0.000174653,-0.131,312224,312615,NW_019863064.1_312224_312615
LOC112051127,NW_019863064.1,-,SE,0.000196594,-0.129,312224,312622,NW_019863064.1_312224_312622
LOC112043612,NW_019862793.1,+,SE,7.43E-15,0.647,231220,231513,NW_019862793.1_231220_231513
LOC112043606,NW_019862793.1,-,SE,0,-0.617,89271,89642,NW_019862793.1_89271_89642
LOC112043605,NW_019862793.1,+,SE,0,-0.188,55162,55506,NW_019862793.1_55162_55506
LOC112043605,NW_019862793.1,+,SE,1.13E-08,-0.149,72653,72943,NW_019862793.1_72653_72943
LOC112053695,NW_019863272.1,+,SE,0,0.06,179394,179705,NW_019863272.1_179394_179705
LOC112048804,NW_019862945.1,+,SE,1.05E-05,-0.073,504198,504473,NW_019862945.1_504198_504473
LOC112053753,NW_019863278.1,+,SE,1.24E-07,-0.056,114739,115020,NW_019863278.1_114739_115020
LOC112052131,NW_019863129.1,-,SE,8.12E-05,0.107,212470,212745,NW_019863129.1_212470_212745
LOC112049233,NW_019862964.1,-,SE,0.006219115,0.036,495070,495394,NW_019862964.1_495070_495394
LOC112050405,NW_019863021.1,-,SE,0.001056356,-0.02,125939,126231,NW_019863021.1_125939_126231
LOC112046070,NW_019862847.1,+,SE,0,-0.112,338090,338351,NW_019862847.1_338090_338351
LOC112046070,NW_019862847.1,+,SE,0,-0.097,338090,338356,NW_019862847.1_338090_338356
LOC112051879,NW_019863109.1,-,SE,0,-0.326,251682,251990,NW_019863109.1_251682_251990
LOC112051879,NW_019863109.1,-,SE,4.18E-14,-0.36,251682,252002,NW_019863109.1_251682_252002
LOC112051879,NW_019863109.1,-,SE,0.000214695,0.042,258523,258981,NW_019863109.1_258523_258981
LOC112051879,NW_019863109.1,-,SE,0.015032598,0.124,261884,262135,NW_019863109.1_261884_262135
LOC112051879,NW_019863109.1,-,SE,9.42E-07,-0.091,273788,274135,NW_019863109.1_273788_274135
LOC112048194,NW_019862920.1,+,SE,0,-0.246,581818,584709,NW_019862920.1_581818_584709
LOC112048194,NW_019862920.1,+,SE,0,0.801,586667,587074,NW_019862920.1_586667_587074
LOC112048194,NW_019862920.1,+,SE,0,0.721,586667,587074,NW_019862920.1_586667_587074
LOC112048194,NW_019862920.1,+,SE,0,-0.534,587385,589589,NW_019862920.1_587385_589589
LOC112052254,NW_019863136.1,+,SE,0.042362868,0.045,197538,197958,NW_019863136.1_197538_197958
LOC112052254,NW_019863136.1,+,SE,0.019426401,0.059,197666,197958,NW_019863136.1_197666_197958
LOC112052128,NW_019863128.1,+,SE,0.007575521,-0.098,21416,21660,NW_019863128.1_21416_21660
LOC112050193,NW_019862748.1,+,SE,8.16E-07,-0.085,329003,329389,NW_019862748.1_329003_329389
LOC112051765,NW_019863101.1,+,SE,0,0.049,226347,226688,NW_019863101.1_226347_226688
LOC112053903,NW_019862760.1,-,SE,0,-0.26,1778855,1780225,NW_019862760.1_1778855_1780225
LOC112043601,NW_019862793.1,+,SE,0.00100201,0.179,1193710,1194106,NW_019862793.1_1193710_1194106
LOC112053499,NW_019862760.1,+,SE,0,0.203,158141,158434,NW_019862760.1_158141_158434
LOC112049957,NW_019862999.1,-,SE,0.000144588,0.061,82773,83030,NW_019862999.1_82773_83030
LOC112050059,NW_019863003.1,-,SE,1.61E-05,0.179,102124,102525,NW_019863003.1_102124_102525
LOC112051862,NW_019862748.1,-,SE,0,0.216,385522,385890,NW_019862748.1_385522_385890
LOC112046339,NW_019862855.1,-,SE,1.08E-07,-0.463,669691,670012,NW_019862855.1_669691_670012
LOC112046339,NW_019862855.1,-,SE,7.43E-15,-0.176,669691,670012,NW_019862855.1_669691_670012
LOC112046339,NW_019862855.1,-,SE,7.39E-07,-0.447,669691,670015,NW_019862855.1_669691_670015
LOC112046339,NW_019862855.1,-,SE,0,-0.23,669691,670015,NW_019862855.1_669691_670015
LOC112051433,NW_019863082.1,+,SE,0.030353195,0.028,349195,349490,NW_019863082.1_349195_349490
LOC112051509,NW_019863086.1,+,SE,0,0.317,260706,261080,NW_019863086.1_260706_261080
LOC112055140,NW_019863466.1,+,SE,0.00011168,0.639,120358,120591,NW_019863466.1_120358_120591
LOC112055140,NW_019863466.1,+,SE,0,-0.704,124957,125214,NW_019863466.1_124957_125214
LOC112043976,NW_019862750.1,-,SE,0.009374642,0.297,2036804,2037130,NW_019862750.1_2036804_2037130
LOC112043976,NW_019862750.1,-,SE,0.031838546,0.303,2036819,2037130,NW_019862750.1_2036819_2037130
LOC112043976,NW_019862750.1,-,SE,0.000598812,0.352,2036831,2037130,NW_019862750.1_2036831_2037130
LOC112056185,NW_019863730.1,+,SE,0.041927806,0.015,48740,49144,NW_019863730.1_48740_49144
LOC112051702,NW_019863098.1,+,SE,2.91E-05,-0.096,302520,302944,NW_019863098.1_302520_302944
LOC112046173,NW_019862849.1,-,SE,0.019615132,0.019,120089,120446,NW_019862849.1_120089_120446
LOC112050367,NW_019862748.1,+,SE,6.65E-08,-0.048,3442758,3443092,NW_019862748.1_3442758_3443092
LOC112046720,NW_019862748.1,+,SE,1.40E-07,-0.168,1902478,1902753,NW_019862748.1_1902478_1902753
LOC112046053,NW_019862748.1,-,SE,0.009618785,0.018,1643072,1643379,NW_019862748.1_1643072_1643379
LOC112047276,NW_019862886.1,+,SE,0.011189789,0.254,559943,560172,NW_019862886.1_559943_560172
LOC112046215,NW_019862752.1,-,SE,0,0.65,2241965,2242376,NW_019862752.1_2241965_2242376
LOC112046215,NW_019862752.1,-,SE,0.000675765,0.034,2245890,2246235,NW_019862752.1_2245890_2246235
LOC112051708,NW_019863098.1,+,SE,0,0.437,252277,252603,NW_019863098.1_252277_252603
LOC112056475,NW_019863835.1,+,SE,0.001909829,-0.069,31802,32173,NW_019863835.1_31802_32173
LOC112051118,NW_019862757.1,-,SE,0,-0.821,1541784,1542041,NW_019862757.1_1541784_1542041
LOC112051020,NW_019863057.1,-,SE,0.002399961,0.308,141037,141289,NW_019863057.1_141037_141289
LOC112048265,NW_019862923.1,+,SE,0,-0.151,252968,253279,NW_019862923.1_252968_253279
LOC112048265,NW_019862923.1,+,SE,1.11E-12,-0.184,252968,253279,NW_019862923.1_252968_253279
LOC112048693,NW_019862748.1,-,SE,1.96E-07,-0.105,2728521,2728820,NW_019862748.1_2728521_2728820
LOC112056363,NW_019862763.1,+,SE,0.000169312,0.419,1536026,1536268,NW_019862763.1_1536026_1536268
LOC112050179,NW_019863009.1,+,SE,0,-0.119,260154,260384,NW_019863009.1_260154_260384
LOC112050179,NW_019863009.1,+,SE,0,-0.256,260157,260384,NW_019863009.1_260157_260384
LOC112048437,NW_019862930.1,-,SE,2.33E-06,0.198,404421,404659,NW_019862930.1_404421_404659
LOC112056031,NW_019863688.1,-,SE,7.39E-07,-0.432,13596,13965,NW_019863688.1_13596_13965
LOC112051535,NW_019863088.1,+,SE,0.000222507,0.12,360374,361283,NW_019863088.1_360374_361283
LOC112058377,NW_019862775.1,-,SE,2.25E-05,0.136,1682479,1682760,NW_019862775.1_1682479_1682760
LOC112042922,NW_019862782.1,+,SE,0,0.667,312611,312877,NW_019862782.1_312611_312877
LOC112044288,NW_019862806.1,+,SE,1.88E-07,-0.076,536320,537334,NW_019862806.1_536320_537334
LOC112043473,NW_019862750.1,+,SE,0.017595887,-0.191,372006,372295,NW_019862750.1_372006_372295
LOC112053365,NW_019862759.1,+,SE,0.001110461,-0.06,1365488,1365867,NW_019862759.1_1365488_1365867
LOC112045305,NW_019862828.1,+,SE,0,0.592,795846,796079,NW_019862828.1_795846_796079
LOC112045305,NW_019862828.1,+,SE,6.48E-11,-0.06,798024,798299,NW_019862828.1_798024_798299
LOC112045305,NW_019862828.1,+,SE,1.68E-06,-0.044,798024,798299,NW_019862828.1_798024_798299
LOC112045305,NW_019862828.1,+,SE,3.42E-06,-0.163,808765,809102,NW_019862828.1_808765_809102
LOC112045305,NW_019862828.1,+,SE,3.57E-07,0.125,809483,809895,NW_019862828.1_809483_809895
LOC112045305,NW_019862828.1,+,SE,2.08E-07,0.11,811571,811840,NW_019862828.1_811571_811840
LOC112045305,NW_019862828.1,+,SE,0,0.671,811571,811840,NW_019862828.1_811571_811840
LOC112045305,NW_019862828.1,+,SE,0.016199741,-0.025,813181,813465,NW_019862828.1_813181_813465
LOC112043184,NW_019862787.1,+,SE,0.029164044,-0.079,189675,199325,NW_019862787.1_189675_199325
LOC112057974,NW_019862770.1,+,SE,0,0.058,618132,618527,NW_019862770.1_618132_618527
LOC112057974,NW_019862770.1,+,SE,0,0.709,620240,620734,NW_019862770.1_620240_620734
LOC112055642,NW_019863572.1,-,SE,2.69E-08,-0.225,47586,47879,NW_019863572.1_47586_47879
LOC112058337,NW_019862774.1,+,SE,2.21E-05,0.362,1688039,1688317,NW_019862774.1_1688039_1688317
LOC112056076,NW_019862763.1,+,SE,0.009233687,0.029,198046,198411,NW_019862763.1_198046_198411
LOC112044496,NW_019862810.1,-,SE,0.022558563,-0.121,847541,847807,NW_019862810.1_847541_847807
LOC112053215,NW_019862748.1,-,SE,0.000112442,0.333,4143924,4144253,NW_019862748.1_4143924_4144253
LOC112054218,NW_019862748.1,-,SE,0.001556043,0.105,4574204,4574482,NW_019862748.1_4574204_4574482
LOC112052043,NW_019863120.1,-,SE,0,-0.334,91268,91948,NW_019863120.1_91268_91948
LOC112050343,NW_019863018.1,+,SE,0.034639395,-0.147,275888,276148,NW_019863018.1_275888_276148
LOC112050343,NW_019863018.1,+,SE,0,-0.355,290108,290473,NW_019863018.1_290108_290473
LOC112055740,NW_019862762.1,-,SE,0,0.244,1934177,1934475,NW_019862762.1_1934177_1934475
LOC112055740,NW_019862762.1,-,SE,0.004835017,0.054,1937200,1937427,NW_019862762.1_1937200_1937427
LOC112042853,NW_019862780.1,+,SE,0.000387851,-0.051,763902,764191,NW_019862780.1_763902_764191
LOC112055597,NW_019862762.1,-,SE,0,0.09,1069034,1069268,NW_019862762.1_1069034_1069268
LOC112055597,NW_019862762.1,-,SE,0,-0.41,1381972,1382315,NW_019862762.1_1381972_1382315
LOC112048640,NW_019862938.1,-,SE,0.043197449,-0.1,153236,153550,NW_019862938.1_153236_153550
LOC112045793,NW_019862752.1,+,SE,0.002160144,-0.169,1288851,1289209,NW_019862752.1_1288851_1289209
LOC112054073,NW_019863313.1,-,SE,0.006303931,-0.322,40759,41102,NW_019863313.1_40759_41102
LOC112047743,NW_019862903.1,-,SE,5.30E-10,0.172,404255,404506,NW_019862903.1_404255_404506
LOC112047743,NW_019862903.1,-,SE,1.79E-11,0.044,404255,404506,NW_019862903.1_404255_404506
LOC112044486,NW_019862810.1,+,SE,0.023932665,0.246,617113,617385,NW_019862810.1_617113_617385
LOC112044453,NW_019862809.1,+,SE,3.61E-12,0.371,1021477,1021936,NW_019862809.1_1021477_1021936
LOC112044453,NW_019862809.1,+,SE,8.27E-13,-0.559,1023065,1023527,NW_019862809.1_1023065_1023527
LOC112044453,NW_019862809.1,+,SE,0.000420745,-0.076,1026985,1027212,NW_019862809.1_1026985_1027212
LOC112054793,NW_019863415.1,+,SE,1.86E-05,-0.194,68533,68907,NW_019863415.1_68533_68907
LOC112051619,NW_019862758.1,+,SE,0.000643567,-0.071,719021,719359,NW_019862758.1_719021_719359
LOC112047541,NW_019862896.1,-,SE,3.23E-06,-0.058,484823,485119,NW_019862896.1_484823_485119
LOC112043844,NW_019862799.1,+,SE,0.043845911,-0.015,656556,656813,NW_019862799.1_656556_656813
LOC112046488,NW_019862859.1,+,SE,0,-0.599,410309,411311,NW_019862859.1_410309_411311
LOC112047785,NW_019862904.1,-,SE,0.027800895,0.162,405313,405673,NW_019862904.1_405313_405673
LOC112054363,NW_019863351.1,-,SE,0,-0.643,116411,116713,NW_019863351.1_116411_116713
LOC112049138,NW_019862960.1,+,SE,0.000273377,-0.327,213760,213993,NW_019862960.1_213760_213993
LOC112049138,NW_019862960.1,+,SE,7.57E-14,0.573,222861,223442,NW_019862960.1_222861_223442
LOC112044894,NW_019862751.1,-,SE,0,-0.297,1695822,1696091,NW_019862751.1_1695822_1696091
LOC112044703,NW_019862751.1,+,SE,0,-0.23,1009823,1010265,NW_019862751.1_1009823_1010265
LOC112044683,NW_019862751.1,-,SE,0.014062271,-0.052,1005197,1005636,NW_019862751.1_1005197_1005636
LOC112049404,NW_019862971.1,-,SE,1.32E-05,0.186,707530,707823,NW_019862971.1_707530_707823
LOC112049404,NW_019862971.1,-,SE,5.31E-07,0.219,734178,734423,NW_019862971.1_734178_734423
LOC112051724,NW_019863099.1,+,SE,1.19E-08,0.064,81762,82076,NW_019863099.1_81762_82076
LOC112048230,NW_019862754.1,+,SE,7.62E-05,-0.108,2214753,2215194,NW_019862754.1_2214753_2215194
LOC112048033,NW_019862754.1,-,SE,0.006546686,-0.255,1464804,1465054,NW_019862754.1_1464804_1465054
LOC112048033,NW_019862754.1,-,SE,0.003341932,-0.296,1468015,1468275,NW_019862754.1_1468015_1468275
LOC112045687,NW_019862838.1,-,SE,2.84E-06,-0.221,370806,371078,NW_019862838.1_370806_371078
LOC112050349,NW_019863018.1,+,SE,7.59E-06,-0.135,437541,437895,NW_019863018.1_437541_437895
LOC112053443,NW_019862760.1,+,SE,0.016877698,0.015,55165,55691,NW_019862760.1_55165_55691
LOC112053443,NW_019862760.1,+,SE,0.024618868,0.015,55360,55691,NW_019862760.1_55360_55691
LOC112058272,NW_019862773.1,+,SE,0,0.575,645445,646582,NW_019862773.1_645445_646582
LOC112054267,NW_019863335.1,+,SE,2.94E-09,0.14,30952,31204,NW_019863335.1_30952_31204
LOC112053042,NW_019863199.1,+,SE,0,-0.753,35298,35590,NW_019863199.1_35298_35590
LOC112050692,NW_019863038.1,+,SE,0.001915165,0.112,198205,198525,NW_019863038.1_198205_198525
LOC112055393,NW_019862762.1,+,SE,1.46E-12,0.354,275780,276098,NW_019862762.1_275780_276098
LOC112055393,NW_019862762.1,+,SE,0,0.745,275780,276098,NW_019862762.1_275780_276098
LOC112055393,NW_019862762.1,+,SE,1.45E-14,0.545,279762,280095,NW_019862762.1_279762_280095
LOC112055393,NW_019862762.1,+,SE,1.08E-07,-0.217,279762,280095,NW_019862762.1_279762_280095
LOC112055393,NW_019862762.1,+,SE,0,-0.36,282844,283147,NW_019862762.1_282844_283147
LOC112055393,NW_019862762.1,+,SE,0,-0.23,282844,283147,NW_019862762.1_282844_283147
LOC112044497,NW_019862810.1,+,SE,2.08E-05,0.183,1067831,1068121,NW_019862810.1_1067831_1068121
LOC112049582,NW_019862980.1,-,SE,0.005511232,-0.136,35547,35957,NW_019862980.1_35547_35957
LOC112043861,NW_019862799.1,+,SE,5.32E-05,0.043,1040418,1040707,NW_019862799.1_1040418_1040707
LOC112043861,NW_019862799.1,+,SE,0.000735301,0.189,1081053,1081289,NW_019862799.1_1081053_1081289
LOC112043861,NW_019862799.1,+,SE,6.22E-14,0.413,1081053,1081289,NW_019862799.1_1081053_1081289
LOC112043861,NW_019862799.1,+,SE,0,-0.238,1083277,1083682,NW_019862799.1_1083277_1083682
LOC112043861,NW_019862799.1,+,SE,0.000286505,-0.453,1083277,1083682,NW_019862799.1_1083277_1083682
LOC112043861,NW_019862799.1,+,SE,0,0.706,1084515,1085708,NW_019862799.1_1084515_1085708
LOC112058448,NW_019862776.1,-,SE,0.000728261,-0.038,1582405,1582737,NW_019862776.1_1582405_1582737
LOC112058448,NW_019862776.1,-,SE,7.74E-05,-0.083,1584050,1584275,NW_019862776.1_1584050_1584275
LOC112043298,NW_019862788.1,+,SE,0.01306523,0.038,392634,392926,NW_019862788.1_392634_392926
LOC112054077,NW_019863315.1,+,SE,7.43E-15,-0.413,97608,97880,NW_019863315.1_97608_97880
LOC112058090,NW_019862771.1,-,SE,0,-0.263,1503260,1503631,NW_019862771.1_1503260_1503631
LOC112051763,NW_019863101.1,-,SE,0.034552253,-0.034,219612,219848,NW_019863101.1_219612_219848
LOC112056560,NW_019863879.1,-,SE,0.019691513,-0.073,7001,7320,NW_019863879.1_7001_7320
LOC112045019,NW_019862821.1,+,SE,0,-0.821,129737,130027,NW_019862821.1_129737_130027
LOC112047740,NW_019862903.1,+,SE,8.10E-09,0.222,723758,724003,NW_019862903.1_723758_724003
LOC112049870,NW_019862756.1,-,SE,1.10E-06,0.147,646951,647275,NW_019862756.1_646951_647275
LOC112048007,NW_019862911.1,-,SE,0.000112877,0.266,326083,326412,NW_019862911.1_326083_326412
LOC112046887,NW_019862874.1,-,SE,1.11E-06,0.088,21101,21419,NW_019862874.1_21101_21419
LOC112046887,NW_019862874.1,-,SE,0.000118679,0.562,21101,21419,NW_019862874.1_21101_21419
LOC112046887,NW_019862874.1,-,SE,5.78E-07,0.069,22190,22611,NW_019862874.1_22190_22611
LOC112046887,NW_019862874.1,-,SE,0.048124406,0.394,22190,22611,NW_019862874.1_22190_22611
LOC112047356,NW_019862890.1,+,SE,0.002246431,0.195,325383,325690,NW_019862890.1_325383_325690
LOC112047356,NW_019862890.1,+,SE,3.48E-05,-0.207,326214,326581,NW_019862890.1_326214_326581
LOC112048587,NW_019862935.1,+,SE,8.45E-05,0.04,446749,447134,NW_019862935.1_446749_447134
LOC112052988,NW_019862759.1,-,SE,0,0.309,1290091,1290323,NW_019862759.1_1290091_1290323
LOC112052769,NW_019863173.1,-,SE,7.44E-05,-0.468,71795,72036,NW_019863173.1_71795_72036
LOC112048263,NW_019862923.1,-,SE,0.002650987,-0.206,590152,591876,NW_019862923.1_590152_591876
LOC112044076,NW_019862803.1,-,SE,0,0.145,44191,45062,NW_019862803.1_44191_45062
LOC112052559,NW_019863157.1,+,SE,2.73E-05,-0.125,71444,71680,NW_019863157.1_71444_71680
LOC112052559,NW_019863157.1,+,SE,0.006540877,-0.016,138314,138569,NW_019863157.1_138314_138569
LOC112043538,NW_019862792.1,-,SE,9.19E-09,-0.485,113557,113940,NW_019862792.1_113557_113940
LOC112052724,NW_019863171.1,-,SE,0.015718092,-0.121,96639,97064,NW_019863171.1_96639_97064
LOC112058009,NW_019862770.1,-,SE,2.19E-05,0.402,1698713,1699031,NW_019862770.1_1698713_1699031
LOC112053680,NW_019863271.1,-,SE,5.25E-09,0.55,109193,109498,NW_019863271.1_109193_109498
LOC112051245,NW_019863070.1,-,SE,0.000622012,-0.222,10394,10741,NW_019863070.1_10394_10741
LOC112051245,NW_019863070.1,-,SE,0.009725014,-0.109,11179,12438,NW_019863070.1_11179_12438
LOC112058550,NW_019862778.1,-,SE,0,-0.335,1102868,1103181,NW_019862778.1_1102868_1103181
LOC112058550,NW_019862778.1,-,SE,0,0.484,1103134,1103465,NW_019862778.1_1103134_1103465
LOC112052001,NW_019863118.1,-,SE,0.03487256,0.054,161542,162366,NW_019863118.1_161542_162366
LOC112052867,NW_019863182.1,-,SE,0.00522684,0.147,230886,231252,NW_019863182.1_230886_231252
LOC112052867,NW_019863182.1,-,SE,0.039991947,-0.078,232671,233037,NW_019863182.1_232671_233037
LOC112047231,NW_019862885.1,-,SE,0.000900787,0.196,592659,593054,NW_019862885.1_592659_593054
LOC112056408,NW_019863803.1,+,SE,2.84E-08,-0.662,8641,8930,NW_019863803.1_8641_8930
LOC112049207,NW_019862963.1,-,SE,0.012093311,-0.235,105075,105365,NW_019862963.1_105075_105365
LOC112051523,NW_019863087.1,+,SE,5.44E-09,0.044,159548,159951,NW_019863087.1_159548_159951
LOC112051523,NW_019863087.1,+,SE,0,0.316,179021,179357,NW_019863087.1_179021_179357
LOC112051523,NW_019863087.1,+,SE,8.95E-12,0.088,179021,179357,NW_019863087.1_179021_179357
LOC112051523,NW_019863087.1,+,SE,0,-0.479,179358,179694,NW_019863087.1_179358_179694
LOC112052337,NW_019863141.1,-,SE,0.000597717,0.05,172618,172926,NW_019863141.1_172618_172926
LOC112044491,NW_019862810.1,+,SE,0,-0.427,734430,734744,NW_019862810.1_734430_734744
LOC112047558,NW_019862896.1,+,SE,0.027352697,0.014,455181,455514,NW_019862896.1_455181_455514
LOC112054138,NW_019863323.1,+,SE,0.00345875,0.068,160104,160388,NW_019863323.1_160104_160388
LOC112055450,NW_019863525.1,-,SE,0.01474928,0.154,127568,127882,NW_019863525.1_127568_127882
LOC112051371,NW_019863078.1,-,SE,0.000434974,0.073,45597,45993,NW_019863078.1_45597_45993
LOC112056771,NW_019863975.1,-,SE,0,0.618,14764,15051,NW_019863975.1_14764_15051
LOC112056771,NW_019863975.1,-,SE,0,0.295,15744,16034,NW_019863975.1_15744_16034
LOC112052369,NW_019863143.1,-,SE,6.79E-05,0.075,22809,23936,NW_019863143.1_22809_23936
LOC112051008,NW_019863056.1,-,SE,6.67E-05,-0.43,144722,145174,NW_019863056.1_144722_145174
LOC112051008,NW_019863056.1,-,SE,0.000124323,-0.512,153404,153791,NW_019863056.1_153404_153791
LOC112051307,NW_019863073.1,-,SE,0.000721777,-0.088,174482,174715,NW_019863073.1_174482_174715
LOC112049109,NW_019862959.1,-,SE,1.30E-06,0.09,283617,283985,NW_019862959.1_283617_283985
LOC112058474,NW_019862777.1,-,SE,0.022409318,-0.082,806358,806612,NW_019862777.1_806358_806612
LOC112053626,NW_019863263.1,-,SE,3.03E-06,0.103,164082,164294,NW_019863263.1_164082_164294
LOC112053596,NW_019863259.1,+,SE,0.007814853,0.041,294739,295002,NW_019863259.1_294739_295002
LOC112053596,NW_019863259.1,+,SE,8.39E-07,-0.099,312989,313225,NW_019863259.1_312989_313225
LOC112048127,NW_019862917.1,-,SE,1.11E-05,-0.134,563300,563590,NW_019862917.1_563300_563590
LOC112056844,NW_019864022.1,+,SE,5.05E-09,-0.049,16604,16975,NW_019864022.1_16604_16975
LOC112044077,NW_019862803.1,+,SE,0.00048876,-0.329,139309,139644,NW_019862803.1_139309_139644
LOC112044077,NW_019862803.1,+,SE,0,0.221,141389,141723,NW_019862803.1_141389_141723
LOC112044077,NW_019862803.1,+,SE,1.64E-05,0.328,141389,141723,NW_019862803.1_141389_141723
LOC112049759,NW_019862988.1,+,SE,7.56E-12,0.358,237528,237899,NW_019862988.1_237528_237899
LOC112042919,NW_019862749.1,+,SE,0.004682413,0.205,2346534,2346942,NW_019862749.1_2346534_2346942
LOC112042919,NW_019862749.1,+,SE,0.000682575,0.039,2369553,2369849,NW_019862749.1_2369553_2369849
LOC112049487,NW_019862976.1,-,SE,5.37E-07,-0.451,249996,250268,NW_019862976.1_249996_250268
LOC112044293,NW_019862750.1,+,SE,0.019793665,-0.044,2047017,2047391,NW_019862750.1_2047017_2047391
LOC112047449,NW_019862893.1,-,SE,0.007390777,0.161,408538,408801,NW_019862893.1_408538_408801
LOC112049842,NW_019862994.1,+,SE,0.000102983,-0.089,99037,99289,NW_019862994.1_99037_99289
LOC112047434,NW_019862893.1,-,SE,3.33E-11,-0.088,382005,382675,NW_019862893.1_382005_382675
LOC112047113,NW_019862882.1,-,SE,5.86E-10,0.285,101763,102296,NW_019862882.1_101763_102296
LOC112046194,NW_019862752.1,+,SE,4.45E-12,0.085,2070017,2070621,NW_019862752.1_2070017_2070621
LOC112046874,NW_019862874.1,+,SE,2.40E-13,0.349,41247,41519,NW_019862874.1_41247_41519
LOC112046874,NW_019862874.1,+,SE,0,0.395,42144,42697,NW_019862874.1_42144_42697
LOC112054266,NW_019863335.1,-,SE,2.37E-05,-0.123,28529,28798,NW_019863335.1_28529_28798
LOC112054266,NW_019863335.1,-,SE,1.92E-09,-0.04,28529,28798,NW_019863335.1_28529_28798
LOC112051030,NW_019863058.1,-,SE,0.000178075,0.07,181339,181708,NW_019863058.1_181339_181708
LOC112053274,NW_019863223.1,+,SE,0,0.587,161386,161792,NW_019863223.1_161386_161792
LOC112053274,NW_019863223.1,+,SE,1.45E-14,-0.391,163412,163743,NW_019863223.1_163412_163743
LOC112054296,NW_019863339.1,-,SE,0.002445905,0.176,48532,48871,NW_019863339.1_48532_48871
LOC112045475,NW_019862752.1,-,SE,3.60E-08,-0.294,528686,528924,NW_019862752.1_528686_528924
LOC112045475,NW_019862752.1,-,SE,6.56E-05,-0.242,528686,528924,NW_019862752.1_528686_528924
LOC112045475,NW_019862752.1,-,SE,1.34E-05,0.129,530791,531097,NW_019862752.1_530791_531097
LOC112045475,NW_019862752.1,-,SE,1.79E-09,0.368,530791,531097,NW_019862752.1_530791_531097
LOC112044733,NW_019862816.1,-,SE,0.003043295,-0.14,285796,286017,NW_019862816.1_285796_286017
LOC112048584,NW_019862935.1,+,SE,7.25E-09,0.079,210721,211338,NW_019862935.1_210721_211338
LOC112046894,NW_019862874.1,+,SE,2.65E-06,-0.026,272302,272919,NW_019862874.1_272302_272919
LOC112047691,NW_019862901.1,+,SE,0,0.3,330495,330842,NW_019862901.1_330495_330842
LOC112045772,NW_019862840.1,-,SE,0.001411955,-0.043,445871,446227,NW_019862840.1_445871_446227
LOC112045559,NW_019862752.1,-,SE,1.11E-05,0.343,748493,748837,NW_019862752.1_748493_748837
LOC112054600,NW_019863381.1,-,SE,0.004041,-0.142,53907,54176,NW_019863381.1_53907_54176
LOC112044750,NW_019862817.1,-,SE,0.002541217,-0.15,865994,866411,NW_019862817.1_865994_866411
LOC112046073,NW_019862847.1,+,SE,6.90E-14,-0.547,524993,525260,NW_019862847.1_524993_525260
LOC112043306,NW_019862788.1,-,SE,0.045503946,0.021,662966,663284,NW_019862788.1_662966_663284
LOC112051181,NW_019863067.1,-,SE,0.026803045,0.046,298657,299437,NW_019863067.1_298657_299437
LOC112050847,NW_019863046.1,-,SE,0,-0.424,229291,229569,NW_019863046.1_229291_229569
LOC112049557,NW_019862978.1,+,SE,0,-0.314,95692,96024,NW_019862978.1_95692_96024
LOC112049557,NW_019862978.1,+,SE,0,0.488,97692,98024,NW_019862978.1_97692_98024
LOC112043926,NW_019862750.1,-,SE,5.33E-06,0.308,1898959,1899302,NW_019862750.1_1898959_1899302
LOC112057706,NW_019862765.1,-,SE,1.51E-05,-0.314,1526509,1527618,NW_019862765.1_1526509_1527618
LOC112051638,NW_019863093.1,-,SE,2.11E-11,0.075,300507,300876,NW_019863093.1_300507_300876
LOC112054036,NW_019863307.1,+,SE,0,-0.485,139703,139995,NW_019863307.1_139703_139995
LOC112054766,NW_019863407.1,-,SE,1.72E-12,-0.183,68012,68480,NW_019863407.1_68012_68480
LOC112054766,NW_019863407.1,-,SE,0,0.273,69524,69953,NW_019863407.1_69524_69953
LOC112049929,NW_019862998.1,+,SE,5.09E-10,0.18,187949,188849,NW_019862998.1_187949_188849
LOC112049929,NW_019862998.1,+,SE,0.001144845,0.025,208621,208924,NW_019862998.1_208621_208924
LOC112053016,NW_019862759.1,-,SE,0,0.353,1321294,1321837,NW_019862759.1_1321294_1321837
LOC112053016,NW_019862759.1,-,SE,0.000127335,0.1,1321770,1322032,NW_019862759.1_1321770_1322032
LOC112057694,NW_019862765.1,+,SE,0,0.447,1286639,1286917,NW_019862765.1_1286639_1286917
LOC112049794,NW_019862756.1,-,SE,1.26E-09,0.079,385647,385929,NW_019862756.1_385647_385929
LOC112045804,NW_019862841.1,+,SE,2.56E-07,0.519,591113,591538,NW_019862841.1_591113_591538
LOC112050198,NW_019863012.1,-,SE,0.021110901,-0.052,245652,245895,NW_019863012.1_245652_245895
LOC112050198,NW_019863012.1,-,SE,0.00639443,-0.046,245652,245895,NW_019863012.1_245652_245895
LOC112050198,NW_019863012.1,-,SE,4.40E-05,0.059,247414,248727,NW_019863012.1_247414_248727
LOC112043199,NW_019862787.1,-,SE,1.10E-07,-0.188,27259,27738,NW_019862787.1_27259_27738
LOC112049503,NW_019862976.1,-,SE,0,-0.132,436098,436361,NW_019862976.1_436098_436361
LOC112049503,NW_019862976.1,-,SE,0,0.411,436973,437236,NW_019862976.1_436973_437236
LOC112049503,NW_019862976.1,-,SE,0.009370361,0.109,440126,440397,NW_019862976.1_440126_440397
LOC112049503,NW_019862976.1,-,SE,7.52E-08,-0.092,441669,441940,NW_019862976.1_441669_441940
LOC112045960,NW_019862844.1,+,SE,0.000340945,0.3,108266,108514,NW_019862844.1_108266_108514
LOC112043224,NW_019862787.1,-,SE,0.047945842,-0.304,835118,835559,NW_019862787.1_835118_835559
LOC112055491,NW_019862748.1,+,SE,0,0.177,467944,468294,NW_019862748.1_467944_468294
LOC112055566,NW_019863550.1,-,SE,6.43E-12,-0.397,102514,102754,NW_019863550.1_102514_102754
LOC112055327,NW_019863501.1,+,SE,0,0.271,66059,67207,NW_019863501.1_66059_67207
LOC112054606,NW_019863381.1,-,SE,1.49E-08,-0.316,121851,122221,NW_019863381.1_121851_122221
LOC112054606,NW_019863381.1,-,SE,1.01E-07,-0.299,121871,122221,NW_019863381.1_121871_122221
LOC112042935,NW_019862782.1,-,SE,0.017407795,-0.175,1150792,1151036,NW_019862782.1_1150792_1151036
LOC112042935,NW_019862782.1,-,SE,0.000198412,-0.034,1150792,1151036,NW_019862782.1_1150792_1151036
LOC112042935,NW_019862782.1,-,SE,0,-0.149,1151710,1152090,NW_019862782.1_1151710_1152090
LOC112042935,NW_019862782.1,-,SE,0,-0.425,1151710,1152090,NW_019862782.1_1151710_1152090
LOC112042935,NW_019862782.1,-,SE,0,-0.405,1153148,1153444,NW_019862782.1_1153148_1153444
LOC112042935,NW_019862782.1,-,SE,0,-0.051,1155888,1157414,NW_019862782.1_1155888_1157414
LOC112042935,NW_019862782.1,-,SE,0,-0.095,1157028,1157414,NW_019862782.1_1157028_1157414
LOC112042935,NW_019862782.1,-,SE,0.029503133,-0.1,1173249,1173698,NW_019862782.1_1173249_1173698
LOC112042935,NW_019862782.1,-,SE,0.029828376,0.058,1175793,1176092,NW_019862782.1_1175793_1176092
LOC112042935,NW_019862782.1,-,SE,0.004746248,0.019,1175793,1176092,NW_019862782.1_1175793_1176092
LOC112042935,NW_019862782.1,-,SE,0,0.196,1218531,1218821,NW_019862782.1_1218531_1218821
LOC112049762,NW_019862988.1,+,SE,0,0.161,183799,184071,NW_019862988.1_183799_184071
LOC112043789,NW_019862750.1,+,SE,5.67E-05,0.073,1447718,1448044,NW_019862750.1_1447718_1448044
LOC112054124,NW_019863321.1,-,SE,0.000409636,0.308,97669,97959,NW_019863321.1_97669_97959
LOC112058321,NW_019862774.1,+,SE,9.57E-14,0.541,1113763,1114327,NW_019862774.1_1113763_1114327
LOC112058321,NW_019862774.1,+,SE,8.29E-09,-0.514,1114811,1115305,NW_019862774.1_1114811_1115305
LOC112058321,NW_019862774.1,+,SE,2.27E-07,-0.428,1114811,1115305,NW_019862774.1_1114811_1115305
LOC112043668,NW_019862794.1,-,SE,6.41E-07,-0.185,1162459,1162707,NW_019862794.1_1162459_1162707
LOC112051468,NW_019863084.1,+,SE,0.049813343,-0.044,73712,73987,NW_019863084.1_73712_73987
LOC112057021,NW_019862764.1,+,SE,0.007840227,-0.053,1486634,1487002,NW_019862764.1_1486634_1487002
LOC112048050,NW_019862754.1,-,SE,0,0.171,1606504,1606805,NW_019862754.1_1606504_1606805
LOC112048050,NW_019862754.1,-,SE,2.50E-09,0.249,1606504,1606805,NW_019862754.1_1606504_1606805
LOC112048050,NW_019862754.1,-,SE,2.03E-09,-0.35,1609421,1609725,NW_019862754.1_1609421_1609725
LOC112048050,NW_019862754.1,-,SE,0,-0.123,1610691,1610992,NW_019862754.1_1610691_1610992
LOC112048050,NW_019862754.1,-,SE,0.001105179,-0.022,1610691,1610992,NW_019862754.1_1610691_1610992
LOC112045098,NW_019862823.1,-,SE,4.61E-12,0.552,98027,98287,NW_019862823.1_98027_98287
LOC112046122,NW_019862752.1,-,SE,0.036001876,-0.179,1920180,1920480,NW_019862752.1_1920180_1920480
LOC112046122,NW_019862752.1,-,SE,0.00303597,0.014,1920180,1920480,NW_019862752.1_1920180_1920480
LOC112046122,NW_019862752.1,-,SE,0.018999424,0.048,1921119,1921419,NW_019862752.1_1921119_1921419
LOC112046122,NW_019862752.1,-,SE,0.004108135,0.1,1921119,1921419,NW_019862752.1_1921119_1921419
LOC112043271,NW_019862788.1,-,SE,0.004036279,-0.201,45684,47384,NW_019862788.1_45684_47384
LOC112046090,NW_019862847.1,-,SE,0.011661719,0.125,449475,450990,NW_019862847.1_449475_450990
LOC112056541,NW_019863874.1,+,SE,0.003239941,0.072,47560,47858,NW_019863874.1_47560_47858
LOC112045335,NW_019862748.1,-,SE,0.040987196,-0.03,1543426,1543836,NW_019862748.1_1543426_1543836
LOC112057669,NW_019862765.1,+,SE,0.029029828,0.117,837860,838155,NW_019862765.1_837860_838155
LOC112057669,NW_019862765.1,+,SE,2.57E-10,0.143,861736,861963,NW_019862765.1_861736_861963
LOC112052860,NW_019863182.1,+,SE,0,-0.451,36504,36764,NW_019863182.1_36504_36764
LOC112048772,NW_019862755.1,-,SE,1.57E-08,-0.399,1113824,1114054,NW_019862755.1_1113824_1114054
LOC112050669,NW_019863036.1,+,SE,0.025976308,0.049,160778,161069,NW_019863036.1_160778_161069
LOC112051403,NW_019863081.1,-,SE,0.018804342,0.038,198215,198474,NW_019863081.1_198215_198474
LOC112058567,NW_019862778.1,+,SE,4.89E-06,0.227,1305159,1305618,NW_019862778.1_1305159_1305618
LOC112058567,NW_019862778.1,+,SE,1.72E-05,0.233,1307364,1307875,NW_019862778.1_1307364_1307875
LOC112049067,NW_019862957.1,-,SE,0.028382274,0.219,494411,494886,NW_019862957.1_494411_494886
LOC112049067,NW_019862957.1,-,SE,0.024444258,0.222,494411,494896,NW_019862957.1_494411_494896
LOC112048897,NW_019862950.1,-,SE,0.009922173,-0.038,417414,417702,NW_019862950.1_417414_417702
LOC112057989,NW_019862770.1,+,SE,1.26E-06,0.087,1296216,1296993,NW_019862770.1_1296216_1296993
LOC112046190,NW_019862850.1,-,SE,1.58E-12,0.113,415372,415665,NW_019862850.1_415372_415665
LOC112047112,NW_019862882.1,-,SE,0.019326909,0.091,235428,237371,NW_019862882.1_235428_237371
LOC112050902,NW_019863049.1,-,SE,0.018923976,-0.049,32843,33085,NW_019863049.1_32843_33085
LOC112052042,NW_019863120.1,+,SE,6.88E-07,-0.424,85611,85933,NW_019863120.1_85611_85933
LOC112046463,NW_019862858.1,-,SE,2.82E-14,-0.501,637313,637599,NW_019862858.1_637313_637599
LOC112046693,NW_019862867.1,+,SE,1.75E-06,0.028,669234,670202,NW_019862867.1_669234_670202
LOC112046693,NW_019862867.1,+,SE,0,0.294,672456,672719,NW_019862867.1_672456_672719
LOC112046693,NW_019862867.1,+,SE,0,0.489,672456,672719,NW_019862867.1_672456_672719
LOC112046693,NW_019862867.1,+,SE,0,0.502,672456,672719,NW_019862867.1_672456_672719
LOC112046693,NW_019862867.1,+,SE,0.000126129,-0.057,673743,674132,NW_019862867.1_673743_674132
LOC112046693,NW_019862867.1,+,SE,0,-0.104,673743,674132,NW_019862867.1_673743_674132
LOC112046693,NW_019862867.1,+,SE,3.27E-08,0.234,675284,675631,NW_019862867.1_675284_675631
LOC112046693,NW_019862867.1,+,SE,0.000705149,0.15,675287,675631,NW_019862867.1_675287_675631
LOC112047834,NW_019862905.1,-,SE,4.55E-10,-0.037,524998,525267,NW_019862905.1_524998_525267
LOC112053273,NW_019863223.1,-,SE,2.92E-10,-0.242,70839,71183,NW_019863223.1_70839_71183
LOC112053273,NW_019863223.1,-,SE,6.71E-07,0.135,83333,83572,NW_019863223.1_83333_83572
LOC112048334,NW_019862754.1,+,SE,0,-0.28,2459763,2460146,NW_019862754.1_2459763_2460146
LOC112048035,NW_019862913.1,-,SE,0.000279822,-0.152,312890,313514,NW_019862913.1_312890_313514
LOC112053034,NW_019863198.1,+,SE,0.000968364,-0.161,147813,148084,NW_019863198.1_147813_148084
LOC112049328,NW_019862968.1,+,SE,0.00103602,-0.023,159819,160097,NW_019862968.1_159819_160097
LOC112049328,NW_019862968.1,+,SE,0.003530028,0.038,172398,172739,NW_019862968.1_172398_172739
LOC112054929,NW_019863433.1,+,SE,0,0.337,120399,120723,NW_019863433.1_120399_120723
LOC112049613,NW_019862981.1,+,SE,0.024915575,-0.172,233116,233364,NW_019862981.1_233116_233364
LOC112049613,NW_019862981.1,+,SE,2.88E-05,0.375,236496,236838,NW_019862981.1_236496_236838
LOC112049613,NW_019862981.1,+,SE,0.010885223,-0.194,236496,236838,NW_019862981.1_236496_236838
LOC112049613,NW_019862981.1,+,SE,4.86E-14,-0.498,237074,237352,NW_019862981.1_237074_237352
LOC112054850,NW_019863425.1,+,SE,2.13E-14,-0.103,53642,53875,NW_019863425.1_53642_53875
LOC112050201,NW_019863012.1,+,SE,0.000173041,-0.09,413616,413845,NW_019863012.1_413616_413845
LOC112050201,NW_019863012.1,+,SE,0,0.61,414185,414645,NW_019863012.1_414185_414645
LOC112050201,NW_019863012.1,+,SE,0,0.617,414185,414645,NW_019863012.1_414185_414645
LOC112055556,NW_019863549.1,+,SE,0.002060576,0.26,87167,87507,NW_019863549.1_87167_87507
LOC112055556,NW_019863549.1,+,SE,0.001189215,0.307,87222,87507,NW_019863549.1_87222_87507
LOC112049399,NW_019862971.1,+,SE,0.017882438,-0.02,208769,209065,NW_019862971.1_208769_209065
LOC112043279,NW_019862788.1,-,SE,9.06E-05,0.038,35191,35487,NW_019862788.1_35191_35487
LOC112048371,NW_019862927.1,+,SE,2.47E-05,0.151,69585,69933,NW_019862927.1_69585_69933
LOC112052160,NW_019863131.1,+,SE,0,0.654,84622,85566,NW_019863131.1_84622_85566
LOC112043347,NW_019862788.1,+,SE,5.90E-07,-0.262,1398063,1398828,NW_019862788.1_1398063_1398828
LOC112054313,NW_019863342.1,+,SE,6.19E-09,0.266,148545,151213,NW_019863342.1_148545_151213
LOC112054313,NW_019863342.1,+,SE,9.70E-05,-0.033,151477,151762,NW_019863342.1_151477_151762
LOC112048202,NW_019862921.1,-,SE,3.86E-07,0.385,323380,323669,NW_019862921.1_323380_323669
LOC112047770,NW_019862904.1,+,SE,0.027065636,0.241,1007784,1008102,NW_019862904.1_1007784_1008102
LOC112045257,NW_019862827.1,-,SE,0.000131836,0.306,199979,200227,NW_019862827.1_199979_200227
LOC112049969,NW_019862756.1,+,SE,0.003457721,-0.395,1143890,1144285,NW_019862756.1_1143890_1144285
LOC112051626,NW_019863091.1,-,SE,9.71E-05,-0.098,139982,140272,NW_019863091.1_139982_140272
LOC112057188,NW_019862764.1,-,SE,4.35E-05,-0.091,1867452,1867853,NW_019862764.1_1867452_1867853
LOC112053291,NW_019863225.1,-,SE,0.000414649,-0.14,122273,122601,NW_019863225.1_122273_122601
LOC112053291,NW_019863225.1,-,SE,1.22E-09,0.098,122636,122964,NW_019863225.1_122636_122964
LOC112051807,NW_019863105.1,-,SE,0.012518563,0.033,82154,82504,NW_019863105.1_82154_82504
LOC112052587,NW_019863160.1,+,SE,0,-0.311,177951,178229,NW_019863160.1_177951_178229
LOC112046296,NW_019862853.1,-,SE,4.86E-14,-0.344,322911,323279,NW_019862853.1_322911_323279
LOC112049401,NW_019862971.1,+,SE,0.007857486,0.315,292667,296017,NW_019862971.1_292667_296017
LOC112058472,NW_019862777.1,-,SE,0.047062013,0.028,220238,220479,NW_019862777.1_220238_220479
LOC112046108,NW_019862848.1,+,SE,0.01661598,-0.036,333493,333864,NW_019862848.1_333493_333864
LOC112047884,NW_019862907.1,+,SE,6.04E-05,-0.238,417644,417958,NW_019862907.1_417644_417958
LOC112048155,NW_019862918.1,-,SE,0,0.256,619081,619467,NW_019862918.1_619081_619467
LOC112044504,NW_019862810.1,-,SE,2.79E-12,0.034,1165815,1166244,NW_019862810.1_1165815_1166244
LOC112051191,NW_019863068.1,+,SE,0.024362704,0.081,148133,148409,NW_019863068.1_148133_148409
LOC112052714,NW_019862759.1,-,SE,0.000711146,-0.034,609480,609777,NW_019862759.1_609480_609777
LOC112057842,NW_019862767.1,-,SE,3.29E-05,-0.314,1071371,1071691,NW_019862767.1_1071371_1071691
LOC112054727,NW_019863402.1,-,SE,0.016642869,0.484,71190,71471,NW_019863402.1_71190_71471
LOC112054727,NW_019863402.1,-,SE,2.43E-10,0.272,71190,71471,NW_019863402.1_71190_71471
LOC112054727,NW_019863402.1,-,SE,0,0.565,79254,79469,NW_019863402.1_79254_79469
LOC112050490,NW_019863025.1,+,SE,0.035104475,0.073,185904,186218,NW_019863025.1_185904_186218
LOC112046777,NW_019862870.1,-,SE,0.001127892,-0.599,654867,655160,NW_019862870.1_654867_655160
LOC112048234,NW_019862922.1,-,SE,0.000944323,0.022,332357,332911,NW_019862922.1_332357_332911
LOC112050431,NW_019863023.1,+,SE,0.039991947,-0.166,126520,126863,NW_019863023.1_126520_126863
LOC112054260,NW_019862761.1,-,SE,9.45E-06,-0.588,341222,341506,NW_019862761.1_341222_341506
LOC112047928,NW_019862908.1,-,SE,0.002438795,-0.069,419406,419683,NW_019862908.1_419406_419683
LOC112043675,NW_019862794.1,-,SE,0.048089197,-0.053,1289077,1289313,NW_019862794.1_1289077_1289313
LOC112043675,NW_019862794.1,-,SE,0,-0.26,1289077,1289313,NW_019862794.1_1289077_1289313
LOC112044245,NW_019862805.1,-,SE,0.000102953,-0.066,1014434,1014714,NW_019862805.1_1014434_1014714
LOC112044245,NW_019862805.1,-,SE,0.000301757,0.253,1015065,1015345,NW_019862805.1_1015065_1015345
LOC112055884,NW_019863649.1,-,SE,0,-0.244,78569,78871,NW_019863649.1_78569_78871
LOC112052778,NW_019863175.1,-,SE,1.61E-06,0.314,91136,91394,NW_019863175.1_91136_91394
LOC112044041,NW_019862750.1,+,SE,0.019648319,-0.141,2138342,2138605,NW_019862750.1_2138342_2138605
LOC112049982,NW_019863001.1,-,SE,0.01746595,0.254,334408,334776,NW_019863001.1_334408_334776
LOC112054442,NW_019863357.1,+,SE,0.043348517,0.209,165184,165444,NW_019863357.1_165184_165444
LOC112048533,NW_019862934.1,-,SE,0.006325816,0.018,176221,176499,NW_019862934.1_176221_176499
LOC112048533,NW_019862934.1,-,SE,0.019535412,0.013,181626,181913,NW_019862934.1_181626_181913
LOC112051355,NW_019863077.1,-,SE,0,-0.081,43559,43825,NW_019863077.1_43559_43825
LOC112047485,NW_019862894.1,-,SE,0.001169241,0.091,901513,901762,NW_019862894.1_901513_901762
LOC112054798,NW_019863415.1,-,SE,0.032896072,-0.074,107649,107889,NW_019863415.1_107649_107889
LOC112053737,NW_019863277.1,+,SE,1.50E-06,0.187,17166,17396,NW_019863277.1_17166_17396
LOC112053737,NW_019863277.1,+,SE,3.49E-09,0.164,17166,17396,NW_019863277.1_17166_17396
LOC112053737,NW_019863277.1,+,SE,9.66E-07,0.274,17917,18186,NW_019863277.1_17917_18186
LOC112051380,NW_019863079.1,+,SE,1.33E-08,-0.487,39510,39806,NW_019863079.1_39510_39806
LOC112046168,NW_019862849.1,-,SE,3.10E-06,-0.361,63931,64476,NW_019862849.1_63931_64476
LOC112054625,NW_019863386.1,-,SE,1.82E-06,-0.152,44932,45307,NW_019863386.1_44932_45307
LOC112045726,NW_019862839.1,-,SE,6.19E-06,-0.052,807518,807886,NW_019862839.1_807518_807886
LOC112045726,NW_019862839.1,-,SE,3.62E-06,-0.06,807518,807928,NW_019862839.1_807518_807928
LOC112045075,NW_019862751.1,-,SE,0.026269122,-0.128,2666896,2667208,NW_019862751.1_2666896_2667208
LOC112054767,NW_019863408.1,+,SE,2.70E-05,0.098,137921,138192,NW_019863408.1_137921_138192
LOC112058432,NW_019862776.1,-,SE,0.000486034,-0.16,1161798,1162201,NW_019862776.1_1161798_1162201
LOC112055752,NW_019863602.1,-,SE,0.016407734,-0.1,69499,69867,NW_019863602.1_69499_69867
LOC112050706,NW_019863039.1,+,SE,6.27E-05,-0.284,272464,272825,NW_019863039.1_272464_272825
LOC112043377,NW_019862789.1,+,SE,0.024915575,0.021,843911,844177,NW_019862789.1_843911_844177
LOC112043377,NW_019862789.1,+,SE,0,0.612,846868,847209,NW_019862789.1_846868_847209
LOC112043377,NW_019862789.1,+,SE,0.031352032,-0.049,853257,853557,NW_019862789.1_853257_853557
LOC112043386,NW_019862789.1,-,SE,0.017542381,0.042,1180054,1180293,NW_019862789.1_1180054_1180293
LOC112044854,NW_019862818.1,-,SE,7.43E-15,0.504,195065,195550,NW_019862818.1_195065_195550
LOC112051654,NW_019863094.1,+,SE,8.51E-07,0.279,235216,235523,NW_019863094.1_235216_235523
LOC112053525,NW_019863249.1,+,SE,7.82E-08,0.076,89129,89449,NW_019863249.1_89129_89449
LOC112043159,NW_019862786.1,-,SE,0.006577648,0.056,1009063,1009454,NW_019862786.1_1009063_1009454
LOC112057906,NW_019862768.1,-,SE,0.030086341,-0.2,1849566,1849873,NW_019862768.1_1849566_1849873
LOC112056973,NW_019862764.1,-,SE,1.50E-08,-0.174,1335837,1336460,NW_019862764.1_1335837_1336460
LOC112046713,NW_019862869.1,-,SE,9.57E-14,-0.414,68550,68795,NW_019862869.1_68550_68795
LOC112052747,NW_019862759.1,-,SE,0.017185397,-0.109,622147,622425,NW_019862759.1_622147_622425
LOC112057117,NW_019862764.1,-,SE,0,0.2,1703724,1703987,NW_019862764.1_1703724_1703987
LOC112049660,NW_019862756.1,+,SE,0.010194773,0.105,185089,185471,NW_019862756.1_185089_185471
LOC112058156,NW_019862772.1,-,SE,0.000113463,-0.603,1145428,1145739,NW_019862772.1_1145428_1145739
LOC112058156,NW_019862772.1,-,SE,3.91E-08,-0.512,1145428,1145742,NW_019862772.1_1145428_1145742
LOC112058156,NW_019862772.1,-,SE,0.001256951,-0.095,1146158,1146466,NW_019862772.1_1146158_1146466
LOC112058156,NW_019862772.1,-,SE,0.000991107,-0.084,1146158,1146469,NW_019862772.1_1146158_1146469
LOC112049215,NW_019862964.1,-,SE,2.34E-05,0.061,229362,229658,NW_019862964.1_229362_229658
LOC112057294,NW_019862764.1,-,SE,0,0.105,2261433,2261749,NW_019862764.1_2261433_2261749
LOC112057294,NW_019862764.1,-,SE,0.000136063,0.515,2261433,2261749,NW_019862764.1_2261433_2261749
LOC112057294,NW_019862764.1,-,SE,0,-0.232,2263032,2263348,NW_019862764.1_2263032_2263348
LOC112057725,NW_019862765.1,-,SE,0.000851094,-0.195,1961438,1961722,NW_019862765.1_1961438_1961722
LOC112057725,NW_019862765.1,-,SE,0.009025821,0.029,2002962,2003282,NW_019862765.1_2002962_2003282
LOC112055413,NW_019863520.1,-,SE,0.048252844,0.054,128679,129081,NW_019863520.1_128679_129081
LOC112047140,NW_019862883.1,+,SE,0.00080398,0.204,589907,590220,NW_019862883.1_589907_590220
LOC112044442,NW_019862809.1,+,SE,0.007113248,-0.128,825594,825833,NW_019862809.1_825594_825833
LOC112056217,NW_019863736.1,-,SE,0.039916857,-0.005,68675,68932,NW_019863736.1_68675_68932
LOC112048341,NW_019862926.1,-,SE,0.019426401,-0.04,233150,234633,NW_019862926.1_233150_234633
LOC112053895,NW_019863292.1,-,SE,0.024814558,0.119,35801,36070,NW_019863292.1_35801_36070
LOC112053895,NW_019863292.1,-,SE,0.008912363,-0.132,37207,37556,NW_019863292.1_37207_37556
LOC112053886,NW_019863292.1,+,SE,0,-0.642,114694,115017,NW_019863292.1_114694_115017
LOC112053886,NW_019863292.1,+,SE,0,-0.507,155863,156202,NW_019863292.1_155863_156202
LOC112055473,NW_019863529.1,-,SE,0.000235285,0.055,107029,107441,NW_019863529.1_107029_107441
LOC112049011,NW_019862755.1,+,SE,7.37E-05,0.065,2065268,2065605,NW_019862755.1_2065268_2065605
LOC112049011,NW_019862755.1,+,SE,0.000753188,0.06,2065313,2065605,NW_019862755.1_2065313_2065605
LOC112058435,NW_019862776.1,-,SE,0,-0.78,1221207,1221449,NW_019862776.1_1221207_1221449
LOC112043638,NW_019862793.1,-,SE,0,-0.233,1212479,1212734,NW_019862793.1_1212479_1212734
LOC112057870,NW_019862768.1,+,SE,0.022883135,-0.459,437434,437679,NW_019862768.1_437434_437679
LOC112052373,NW_019862759.1,+,SE,5.53E-06,-0.033,2029538,2029825,NW_019862759.1_2029538_2029825
LOC112057887,NW_019862768.1,+,SE,0.008900675,0.058,1144270,1144589,NW_019862768.1_1144270_1144589
LOC112053720,NW_019863276.1,-,SE,0,-0.602,170553,170795,NW_019863276.1_170553_170795
LOC112053720,NW_019863276.1,-,SE,4.55E-10,-0.481,170553,170807,NW_019863276.1_170553_170807
LOC112058296,NW_019862773.1,+,SE,0,0.412,1390098,1390416,NW_019862773.1_1390098_1390416
LOC112046714,NW_019862869.1,-,SE,0,0.348,203852,204290,NW_019862869.1_203852_204290
LOC112046714,NW_019862869.1,-,SE,0,-0.121,204516,204951,NW_019862869.1_204516_204951
LOC112058072,NW_019862771.1,+,SE,3.78E-05,0.025,499915,500643,NW_019862771.1_499915_500643
LOC112054318,NW_019863343.1,+,SE,5.03E-07,-0.52,89292,89555,NW_019863343.1_89292_89555
LOC112054318,NW_019863343.1,+,SE,1.33E-07,-0.136,127960,128253,NW_019863343.1_127960_128253
LOC112054950,NW_019863436.1,-,SE,0.000454763,-0.102,45030,45269,NW_019863436.1_45030_45269
LOC112051672,NW_019863096.1,+,SE,0,-0.139,215221,215523,NW_019863096.1_215221_215523
LOC112056170,NW_019863725.1,+,SE,9.90E-07,-0.15,29137,29413,NW_019863725.1_29137_29413
LOC112056170,NW_019863725.1,+,SE,5.76E-06,-0.184,29762,30045,NW_019863725.1_29762_30045
LOC112054232,NW_019863330.1,+,SE,0.001133333,-0.072,142588,142947,NW_019863330.1_142588_142947
LOC112050883,NW_019862757.1,+,SE,4.18E-14,-0.301,1776522,1776818,NW_019862757.1_1776522_1776818
LOC112042907,NW_019862781.1,+,SE,0,0.143,1632847,1633131,NW_019862781.1_1632847_1633131
LOC112055966,NW_019863669.1,-,SE,0,-0.697,43652,43993,NW_019863669.1_43652_43993
LOC112047813,NW_019862904.1,+,SE,2.27E-11,-0.131,970087,970360,NW_019862904.1_970087_970360
LOC112053159,NW_019863213.1,+,SE,6.75E-06,-0.29,222991,223251,NW_019863213.1_222991_223251
LOC112056907,NW_019862764.1,+,SE,0,-0.626,1014731,1015072,NW_019862764.1_1014731_1015072
LOC112050538,NW_019862756.1,-,SE,0,0.359,2381568,2381907,NW_019862756.1_2381568_2381907
LOC112049569,NW_019862979.1,-,SE,0,0.661,471177,471582,NW_019862979.1_471177_471582
LOC112055815,NW_019863623.1,-,SE,0.002934567,-0.474,27934,28258,NW_019863623.1_27934_28258
LOC112045156,NW_019862825.1,+,SE,2.05E-09,0.45,54371,54619,NW_019862825.1_54371_54619
LOC112050231,NW_019863013.1,-,SE,0.014570695,-0.268,258016,258261,NW_019863013.1_258016_258261
LOC112052571,NW_019863159.1,-,SE,0.005867566,0.044,45747,45983,NW_019863159.1_45747_45983
LOC112044923,NW_019862820.1,-,SE,6.48E-05,0.027,924962,925230,NW_019862820.1_924962_925230
LOC112058060,NW_019862749.1,-,SE,0,0.117,2232896,2233403,NW_019862749.1_2232896_2233403
LOC112047055,NW_019862753.1,-,SE,2.63E-07,-0.216,1465762,1466052,NW_019862753.1_1465762_1466052
LOC112053742,NW_019863277.1,+,SE,1.58E-11,-0.167,45310,45588,NW_019863277.1_45310_45588
LOC112050527,NW_019863028.1,+,SE,0.027733865,-0.021,225153,225416,NW_019863028.1_225153_225416
LOC112043147,NW_019862786.1,-,SE,7.62E-05,0.312,750583,751151,NW_019862786.1_750583_751151
LOC112043172,NW_019862786.1,-,SE,0,-0.733,1312525,1312810,NW_019862786.1_1312525_1312810
LOC112044745,NW_019862817.1,+,SE,0.009507451,0.277,1014820,1015079,NW_019862817.1_1014820_1015079
LOC112054785,NW_019863411.1,+,SE,0.007293534,0.196,39786,40049,NW_019863411.1_39786_40049
LOC112051963,NW_019863116.1,-,SE,0.046900426,0.263,102404,102613,NW_019863116.1_102404_102613
LOC112053290,NW_019862759.1,+,SE,3.86E-09,-0.071,45711,46007,NW_019862759.1_45711_46007
LOC112058541,NW_019862778.1,+,SE,0.029287328,-0.055,1039580,1039830,NW_019862778.1_1039580_1039830
LOC112058541,NW_019862778.1,+,SE,1.60E-07,-0.066,1039580,1039830,NW_019862778.1_1039580_1039830
LOC112058541,NW_019862778.1,+,SE,6.66E-08,-0.068,1039786,1040044,NW_019862778.1_1039786_1040044
LOC112052608,NW_019862759.1,-,SE,0,-0.419,362642,363157,NW_019862759.1_362642_363157
LOC112052608,NW_019862759.1,-,SE,0,0.455,369637,370053,NW_019862759.1_369637_370053
LOC112052608,NW_019862759.1,-,SE,0,0.977,370086,375668,NW_019862759.1_370086_375668
LOC112052608,NW_019862759.1,-,SE,0,0.713,370086,375668,NW_019862759.1_370086_375668
LOC112052608,NW_019862759.1,-,SE,0.001731904,-0.073,378086,378361,NW_019862759.1_378086_378361
LOC112052608,NW_019862759.1,-,SE,0,0.652,379483,380457,NW_019862759.1_379483_380457
LOC112054020,NW_019863306.1,+,SE,0.008381643,-0.069,162879,163270,NW_019863306.1_162879_163270
LOC112052636,NW_019863165.1,+,SE,3.50E-14,0.262,222339,222625,NW_019863165.1_222339_222625
LOC112052636,NW_019863165.1,+,SE,1.22E-08,-0.11,223472,223761,NW_019863165.1_223472_223761
LOC112052636,NW_019863165.1,+,SE,0.009918834,0.221,224541,224780,NW_019863165.1_224541_224780
LOC112044000,NW_019862801.1,+,SE,9.53E-05,0.075,748139,748503,NW_019862801.1_748139_748503
LOC112056098,NW_019863701.1,+,SE,0.026803045,0.104,84413,84800,NW_019863701.1_84413_84800
LOC112049156,NW_019862755.1,+,SE,0.001875415,0.221,2502092,2502533,NW_019862755.1_2502092_2502533
LOC112054339,NW_019863347.1,-,SE,3.08E-08,-0.05,115144,115509,NW_019863347.1_115144_115509
LOC112054339,NW_019863347.1,-,SE,0,0.402,116262,119816,NW_019863347.1_116262_119816
LOC112047975,NW_019862910.1,-,SE,4.39E-05,-0.387,495916,496161,NW_019862910.1_495916_496161
LOC112047975,NW_019862910.1,-,SE,1.20E-06,-0.2,495916,496161,NW_019862910.1_495916_496161
LOC112043773,NW_019862797.1,+,SE,1.45E-14,-0.338,702792,703052,NW_019862797.1_702792_703052
LOC112043821,NW_019862799.1,+,SE,0,0.756,39314,39568,NW_019862799.1_39314_39568
LOC112043829,NW_019862799.1,-,SE,0,-0.961,218979,219227,NW_019862799.1_218979_219227
LOC112043847,NW_019862799.1,-,SE,1.70E-05,0.143,703912,704343,NW_019862799.1_703912_704343
LOC112043847,NW_019862799.1,-,SE,1.75E-05,0.376,703912,704343,NW_019862799.1_703912_704343
LOC112043851,NW_019862799.1,+,SE,0,-0.598,888203,888617,NW_019862799.1_888203_888617
LOC112043851,NW_019862799.1,+,SE,1.45E-14,-0.489,888203,888617,NW_019862799.1_888203_888617
LOC112043851,NW_019862799.1,+,SE,0,0.819,890094,890502,NW_019862799.1_890094_890502
LOC112046881,NW_019862874.1,-,SE,0.004271049,-0.083,9747,10048,NW_019862874.1_9747_10048
LOC112047825,NW_019862905.1,-,SE,0,0.133,284792,285103,NW_019862905.1_284792_285103
LOC112055453,NW_019863525.1,-,SE,0.002637779,-0.026,113982,114260,NW_019863525.1_113982_114260
LOC112048366,NW_019862927.1,+,SE,0,-0.206,138427,138735,NW_019862927.1_138427_138735
LOC112048291,NW_019862924.1,-,SE,2.13E-14,-0.676,345163,345489,NW_019862924.1_345163_345489
LOC112048290,NW_019862924.1,+,SE,0,-0.39,383564,383830,NW_019862924.1_383564_383830
LOC112042894,NW_019862781.1,+,SE,0.000526815,0.462,921441,921749,NW_019862781.1_921441_921749
LOC112042894,NW_019862781.1,+,SE,0.000304644,-0.619,921804,922118,NW_019862781.1_921804_922118
LOC112042894,NW_019862781.1,+,SE,0.000753987,-0.309,934090,934413,NW_019862781.1_934090_934413
LOC112042894,NW_019862781.1,+,SE,0.016617913,0.358,965520,965993,NW_019862781.1_965520_965993
LOC112054350,NW_019863349.1,+,SE,0.001925444,-0.054,188055,188423,NW_019863349.1_188055_188423
LOC112052624,NW_019862759.1,-,SE,0.026243048,-0.023,468356,468776,NW_019862759.1_468356_468776
LOC112043925,NW_019862800.1,+,SE,0.030911302,0.276,525124,525474,NW_019862800.1_525124_525474
LOC112043925,NW_019862800.1,+,SE,0.048492777,-0.192,526920,527267,NW_019862800.1_526920_527267
LOC112050757,NW_019863041.1,-,SE,1.88E-13,0.53,16042,16349,NW_019863041.1_16042_16349
LOC112053498,NW_019863247.1,-,SE,0,0.52,22995,23357,NW_019863247.1_22995_23357
LOC112053498,NW_019863247.1,-,SE,0,0.688,147584,148120,NW_019863247.1_147584_148120
LOC112043568,NW_019862792.1,+,SE,6.21E-08,0.037,841705,842055,NW_019862792.1_841705_842055
LOC112043568,NW_019862792.1,+,SE,0.000287531,0.017,851298,851808,NW_019862792.1_851298_851808
LOC112050412,NW_019863021.1,-,SE,0.000118679,-0.179,185449,185759,NW_019863021.1_185449_185759
LOC112044902,NW_019862819.1,+,SE,0,0.399,627497,627874,NW_019862819.1_627497_627874
LOC112044902,NW_019862819.1,+,SE,0,-0.633,627895,628272,NW_019862819.1_627895_628272
LOC112052347,NW_019863142.1,-,SE,0.039311327,-0.025,184487,184744,NW_019863142.1_184487_184744
LOC112052347,NW_019863142.1,-,SE,2.01E-11,0.387,194684,195016,NW_019863142.1_194684_195016
LOC112047741,NW_019862903.1,+,SE,0.004347146,-0.331,591657,591887,NW_019862903.1_591657_591887
LOC112049645,NW_019862756.1,-,SE,0,0.448,170443,170715,NW_019862756.1_170443_170715
LOC112049719,NW_019862756.1,+,SE,0.00020881,-0.024,220574,221020,NW_019862756.1_220574_221020
LOC112050485,NW_019862756.1,-,SE,5.89E-06,0.085,2095106,2095480,NW_019862756.1_2095106_2095480
LOC112044357,NW_019862807.1,-,SE,4.75E-06,0.078,254323,254637,NW_019862807.1_254323_254637
LOC112044360,NW_019862807.1,+,SE,0.028056517,-0.021,293567,293941,NW_019862807.1_293567_293941
LOC112051684,NW_019863097.1,-,SE,2.47E-05,0.207,180115,180360,NW_019863097.1_180115_180360
LOC112051684,NW_019863097.1,-,SE,0,0.54,195758,195976,NW_019863097.1_195758_195976
LOC112051684,NW_019863097.1,-,SE,0,-0.463,198955,199842,NW_019863097.1_198955_199842
LOC112047364,NW_019862890.1,-,SE,8.84E-05,-0.057,149769,150002,NW_019862890.1_149769_150002
LOC112056436,NW_019863819.1,+,SE,0,0.59,57875,58132,NW_019863819.1_57875_58132
LOC112046776,NW_019862870.1,+,SE,0,0.478,746326,746604,NW_019862870.1_746326_746604
LOC112045981,NW_019862845.1,+,SE,0.00391417,-0.229,909611,909937,NW_019862845.1_909611_909937
LOC112047386,NW_019862891.1,-,SE,0.024818514,-0.395,380436,380705,NW_019862891.1_380436_380705
LOC112044285,NW_019862806.1,-,SE,0.013671142,-0.093,532780,533085,NW_019862806.1_532780_533085
LOC112050249,NW_019863014.1,+,SE,2.44E-07,-0.206,65141,65449,NW_019863014.1_65141_65449
LOC112056309,NW_019863765.1,+,SE,1.48E-06,-0.192,37750,38040,NW_019863765.1_37750_38040
LOC112056309,NW_019863765.1,+,SE,7.43E-15,0.491,41659,41961,NW_019863765.1_41659_41961
LOC112043734,NW_019862796.1,-,SE,0.000123819,-0.229,56086,56343,NW_019862796.1_56086_56343
LOC112046562,NW_019862861.1,-,SE,0,0.084,118143,118367,NW_019862861.1_118143_118367
LOC112048135,NW_019862918.1,-,SE,0,-0.174,484133,484424,NW_019862918.1_484133_484424
LOC112048135,NW_019862918.1,-,SE,0,-0.191,484147,484424,NW_019862918.1_484147_484424
LOC112056588,NW_019863891.1,+,SE,0.040851367,0.173,43693,43971,NW_019863891.1_43693_43971
LOC112050218,NW_019863013.1,+,SE,3.12E-08,0.36,84297,84515,NW_019863013.1_84297_84515
LOC112057460,NW_019862764.1,+,SE,0.039178831,0.128,1281089,1281361,NW_019862764.1_1281089_1281361
LOC112046638,NW_019862864.1,+,SE,0,0.47,324486,324728,NW_019862864.1_324486_324728
LOC112046638,NW_019862864.1,+,SE,0,0.321,332160,332435,NW_019862864.1_332160_332435
LOC112048448,NW_019862930.1,-,SE,0,0.417,572650,573042,NW_019862930.1_572650_573042
LOC112054590,NW_019863380.1,-,SE,0.005285146,0.168,120412,120816,NW_019863380.1_120412_120816
LOC112048203,NW_019862921.1,+,SE,5.70E-06,0.079,469356,469680,NW_019862921.1_469356_469680
LOC112046794,NW_019862871.1,+,SE,0,-0.349,640779,641035,NW_019862871.1_640779_641035
LOC112046794,NW_019862871.1,+,SE,0,-0.407,640779,641048,NW_019862871.1_640779_641048
LOC112054151,NW_019863325.1,+,SE,0.002751489,-0.045,224865,225248,NW_019863325.1_224865_225248
LOC112058620,NW_019862779.1,+,SE,0,0.514,556515,556805,NW_019862779.1_556515_556805
LOC112058620,NW_019862779.1,+,SE,4.64E-13,-0.113,565213,565524,NW_019862779.1_565213_565524
LOC112047618,NW_019862898.1,-,SE,0.00013756,0.391,573375,573824,NW_019862898.1_573375_573824
LOC112047618,NW_019862898.1,-,SE,0.000525826,0.085,577350,577661,NW_019862898.1_577350_577661
LOC112047618,NW_019862898.1,-,SE,0.006336833,0.285,579498,579821,NW_019862898.1_579498_579821
LOC112054582,NW_019862761.1,+,SE,0.01744905,0.026,1289019,1289356,NW_019862761.1_1289019_1289356
LOC112051357,NW_019863077.1,-,SE,0.000119045,0.109,297596,297847,NW_019863077.1_297596_297847
LOC112049318,NW_019862968.1,+,SE,0.005190546,-0.103,298473,298801,NW_019862968.1_298473_298801
LOC112055051,NW_019863452.1,-,SE,0,0.32,39326,39571,NW_019863452.1_39326_39571
LOC112055835,NW_019863631.1,-,SE,5.67E-05,0.328,51597,51863,NW_019863631.1_51597_51863
LOC112051697,NW_019863098.1,+,SE,0.001219399,-0.055,192213,192511,NW_019863098.1_192213_192511
LOC112058544,NW_019862778.1,-,SE,0.004851571,-0.063,1059073,1059397,NW_019862778.1_1059073_1059397
LOC112055603,NW_019863559.1,-,SE,0.018144461,0.04,14953,15309,NW_019863559.1_14953_15309
LOC112047279,NW_019862887.1,-,SE,3.89E-09,0.067,607805,608133,NW_019862887.1_607805_608133
LOC112048887,NW_019862755.1,+,SE,0.000997172,0.018,1282653,1282973,NW_019862755.1_1282653_1282973
LOC112049117,NW_019862755.1,+,SE,0,-0.55,2429520,2429813,NW_019862755.1_2429520_2429813
LOC112049302,NW_019862755.1,-,SE,0.044467379,-0.041,2587134,2587410,NW_019862755.1_2587134_2587410
LOC112043015,NW_019862784.1,-,SE,0.00014431,-0.658,989139,989375,NW_019862784.1_989139_989375
LOC112051640,NW_019863093.1,-,SE,0.000658276,0.189,336040,337192,NW_019863093.1_336040_337192
LOC112044451,NW_019862809.1,+,SE,9.80E-05,-0.181,972818,973083,NW_019862809.1_972818_973083
LOC112046662,NW_019862866.1,+,SE,0,-0.399,265112,265505,NW_019862866.1_265112_265505
LOC112046662,NW_019862866.1,+,SE,0.00027586,-0.215,273822,274116,NW_019862866.1_273822_274116
LOC112046662,NW_019862866.1,+,SE,0.000251053,-0.218,273825,274116,NW_019862866.1_273825_274116
LOC112043469,NW_019862791.1,+,SE,8.80E-05,-0.161,306381,306747,NW_019862791.1_306381_306747
LOC112050844,NW_019863046.1,-,SE,0.003372707,0.303,84148,84478,NW_019863046.1_84148_84478
LOC112050844,NW_019863046.1,-,SE,0.00019777,-0.062,102515,102797,NW_019863046.1_102515_102797
LOC112051285,NW_019863072.1,+,SE,0.048983555,0.037,128995,129324,NW_019863072.1_128995_129324
LOC112051285,NW_019863072.1,+,SE,0.034164188,0.037,128997,129324,NW_019863072.1_128997_129324
LOC112051127,NW_019863064.1,-,SE,0.000246738,-0.131,312224,312553,NW_019863064.1_312224_312553
LOC112051127,NW_019863064.1,-,SE,0.000271423,-0.129,312224,312559,NW_019863064.1_312224_312559
LOC112051127,NW_019863064.1,-,SE,0.000167628,-0.131,312224,312667,NW_019863064.1_312224_312667
LOC112043612,NW_019862793.1,+,SE,6.65E-08,0.602,231202,231513,NW_019862793.1_231202_231513
LOC112043612,NW_019862793.1,+,SE,3.76E-08,0.605,231218,231513,NW_019862793.1_231218_231513
LOC112043612,NW_019862793.1,+,SE,2.22E-07,0.592,231223,231513,NW_019862793.1_231223_231513
LOC112043605,NW_019862793.1,+,SE,0,-0.171,55213,55506,NW_019862793.1_55213_55506
LOC112053694,NW_019863272.1,+,SE,8.85E-05,0.322,51673,52035,NW_019863272.1_51673_52035
LOC112053694,NW_019863272.1,+,SE,6.91E-05,0.341,51721,52035,NW_019863272.1_51721_52035
LOC112053753,NW_019863278.1,+,SE,2.27E-07,-0.124,114742,115020,NW_019863278.1_114742_115020
LOC112053753,NW_019863278.1,+,SE,2.37E-07,-0.131,114749,115020,NW_019863278.1_114749_115020
LOC112049233,NW_019862964.1,-,SE,0.000721115,0.071,494826,495394,NW_019862964.1_494826_495394
LOC112049233,NW_019862964.1,-,SE,0.000874933,0.067,495064,495394,NW_019862964.1_495064_495394
LOC112049233,NW_019862964.1,-,SE,0.000242061,0.101,495070,495369,NW_019862964.1_495070_495369
LOC112046070,NW_019862847.1,+,SE,7.39E-10,-0.041,338084,338351,NW_019862847.1_338084_338351
LOC112046070,NW_019862847.1,+,SE,0.002349259,-0.027,338084,338356,NW_019862847.1_338084_338356
LOC112046070,NW_019862847.1,+,SE,9.94E-13,-0.045,338089,338351,NW_019862847.1_338089_338351
LOC112046070,NW_019862847.1,+,SE,0.000764858,-0.029,338089,338356,NW_019862847.1_338089_338356
LOC112051879,NW_019863109.1,-,SE,0,-0.366,251682,251988,NW_019863109.1_251682_251988
LOC112051879,NW_019863109.1,-,SE,3.53E-08,-0.291,251687,251990,NW_019863109.1_251687_251990
LOC112051879,NW_019863109.1,-,SE,0.0113084,-0.049,251687,252002,NW_019863109.1_251687_252002
LOC112051879,NW_019863109.1,-,SE,9.90E-06,0.072,258523,258976,NW_019863109.1_258523_258976
LOC112043515,NW_019862792.1,-,SE,0.000342246,0.029,1212134,1212460,NW_019862792.1_1212134_1212460
LOC112048194,NW_019862920.1,+,SE,0,0.713,586667,587073,NW_019862920.1_586667_587073
LOC112048194,NW_019862920.1,+,SE,0,0.782,586706,587074,NW_019862920.1_586706_587074
LOC112048194,NW_019862920.1,+,SE,0,0.753,586706,587074,NW_019862920.1_586706_587074
LOC112048194,NW_019862920.1,+,SE,0,0.782,586709,587074,NW_019862920.1_586709_587074
LOC112048194,NW_019862920.1,+,SE,0,0.753,586709,587074,NW_019862920.1_586709_587074
LOC112048194,NW_019862920.1,+,SE,0,0.232,590655,590911,NW_019862920.1_590655_590911
LOC112048194,NW_019862920.1,+,SE,0,0.314,590655,591081,NW_019862920.1_590655_591081
LOC112048194,NW_019862920.1,+,SE,0,-0.627,591280,591706,NW_019862920.1_591280_591706
LOC112052254,NW_019863136.1,+,SE,0.010575206,0.071,197395,197958,NW_019863136.1_197395_197958
LOC112052254,NW_019863136.1,+,SE,0.011842519,0.069,197629,197958,NW_019863136.1_197629_197958
LOC112052254,NW_019863136.1,+,SE,0.001400455,0.181,197721,197958,NW_019863136.1_197721_197958
LOC112046902,NW_019862874.1,-,SE,0.048341111,-0.054,525406,525932,NW_019862874.1_525406_525932
LOC112046902,NW_019862874.1,-,SE,0.023317612,-0.064,525623,525932,NW_019862874.1_525623_525932
LOC112046902,NW_019862874.1,-,SE,0.009974527,-0.068,525633,525932,NW_019862874.1_525633_525932
LOC112046886,NW_019862874.1,+,SE,0.038904398,0.01,124666,125009,NW_019862874.1_124666_125009
LOC112046886,NW_019862874.1,+,SE,0.001096042,0.016,124691,125009,NW_019862874.1_124691_125009
LOC112050193,NW_019862748.1,+,SE,0.001409979,-0.055,328421,328754,NW_019862748.1_328421_328754
LOC112050193,NW_019862748.1,+,SE,2.96E-11,-0.264,328506,328754,NW_019862748.1_328506_328754
LOC112050193,NW_019862748.1,+,SE,7.43E-15,-0.789,328506,328754,NW_019862748.1_328506_328754
LOC112050193,NW_019862748.1,+,SE,3.54E-08,-0.155,328974,329389,NW_019862748.1_328974_329389
LOC112051765,NW_019863101.1,+,SE,0,0.096,226346,226688,NW_019863101.1_226346_226688
LOC112051765,NW_019863101.1,+,SE,0,0.127,226347,226589,NW_019863101.1_226347_226589
LOC112051765,NW_019863101.1,+,SE,0,0.095,226347,226686,NW_019863101.1_226347_226686
LOC112043601,NW_019862793.1,+,SE,0.008686236,0.234,1193710,1194025,NW_019862793.1_1193710_1194025
LOC112043601,NW_019862793.1,+,SE,0.005498549,0.242,1193710,1194032,NW_019862793.1_1193710_1194032
LOC112043601,NW_019862793.1,+,SE,0.001256951,0.265,1193710,1194057,NW_019862793.1_1193710_1194057
LOC112043412,NW_019862790.1,+,SE,3.64E-05,0.041,178249,178693,NW_019862790.1_178249_178693
LOC112043412,NW_019862790.1,+,SE,1.62E-05,0.035,178395,178693,NW_019862790.1_178395_178693
LOC112043412,NW_019862790.1,+,SE,0.015580966,0.019,178458,178693,NW_019862790.1_178458_178693
LOC112049957,NW_019862999.1,-,SE,4.75E-06,0.24,82773,83180,NW_019862999.1_82773_83180
LOC112051862,NW_019862748.1,-,SE,0,0.321,385522,385913,NW_019862748.1_385522_385913
LOC112051862,NW_019862748.1,-,SE,0,0.317,385522,385918,NW_019862748.1_385522_385918
LOC112051862,NW_019862748.1,-,SE,0,0.322,385522,385940,NW_019862748.1_385522_385940
LOC112051862,NW_019862748.1,-,SE,0,0.323,385522,385969,NW_019862748.1_385522_385969
LOC112051862,NW_019862748.1,-,SE,0,0.323,385522,385974,NW_019862748.1_385522_385974
LOC112051862,NW_019862748.1,-,SE,0,0.322,385522,385980,NW_019862748.1_385522_385980
LOC112051862,NW_019862748.1,-,SE,0,0.337,385526,385890,NW_019862748.1_385526_385890
LOC112051862,NW_019862748.1,-,SE,6.06E-08,0.356,385526,385918,NW_019862748.1_385526_385918
LOC112046339,NW_019862855.1,-,SE,9.88E-11,-0.127,669691,670079,NW_019862855.1_669691_670079
LOC112046339,NW_019862855.1,-,SE,0.000189302,-0.077,669764,670015,NW_019862855.1_669764_670015
LOC112046339,NW_019862855.1,-,SE,0.028890816,0.033,671197,671602,NW_019862855.1_671197_671602
LOC112051509,NW_019863086.1,+,SE,4.96E-09,0.911,260696,261080,NW_019863086.1_260696_261080
LOC112051702,NW_019863098.1,+,SE,2.48E-09,-0.513,302520,302861,NW_019863098.1_302520_302861
LOC112051702,NW_019863098.1,+,SE,3.50E-09,-0.507,302520,303066,NW_019863098.1_302520_303066
LOC112051702,NW_019863098.1,+,SE,3.50E-09,-0.507,302520,303140,NW_019863098.1_302520_303140
LOC112051702,NW_019863098.1,+,SE,3.50E-09,-0.507,302520,303203,NW_019863098.1_302520_303203
LOC112051702,NW_019863098.1,+,SE,1.39E-05,-0.115,302631,302944,NW_019863098.1_302631_302944
LOC112046173,NW_019862849.1,-,SE,0.001971705,0.031,120092,120446,NW_019862849.1_120092_120446
LOC112050367,NW_019862748.1,+,SE,1.74E-08,-0.08,3442747,3443092,NW_019862748.1_3442747_3443092
LOC112050367,NW_019862748.1,+,SE,2.56E-09,-0.119,3442758,3443091,NW_019862748.1_3442758_3443091
LOC112050367,NW_019862748.1,+,SE,1.70E-08,-0.078,3442760,3443092,NW_019862748.1_3442760_3443092
LOC112046720,NW_019862748.1,+,SE,2.38E-07,-0.058,1894994,1895274,NW_019862748.1_1894994_1895274
LOC112046720,NW_019862748.1,+,SE,1.01E-11,-0.066,1894994,1895605,NW_019862748.1_1894994_1895605
LOC112046720,NW_019862748.1,+,SE,0.000399264,-0.024,1895062,1895605,NW_019862748.1_1895062_1895605
LOC112046720,NW_019862748.1,+,SE,0.000389372,-0.024,1895257,1895605,NW_019862748.1_1895257_1895605
LOC112046720,NW_019862748.1,+,SE,1.92E-05,-0.161,1902466,1902753,NW_019862748.1_1902466_1902753
LOC112046720,NW_019862748.1,+,SE,0.000837175,-0.168,1902478,1902752,NW_019862748.1_1902478_1902752
LOC112052623,NW_019863164.1,-,SE,7.84E-05,0.447,47685,47964,NW_019863164.1_47685_47964
LOC112043544,NW_019862792.1,-,SE,0.016877698,0.012,231896,232161,NW_019862792.1_231896_232161
LOC112043544,NW_019862792.1,-,SE,0.028034115,0.011,231896,232180,NW_019862792.1_231896_232180
LOC112043544,NW_019862792.1,-,SE,0.004183132,0.011,231896,232229,NW_019862792.1_231896_232229
LOC112043544,NW_019862792.1,-,SE,0.00106818,0.011,231896,232280,NW_019862792.1_231896_232280
LOC112043544,NW_019862792.1,-,SE,0.000773594,0.012,231896,232285,NW_019862792.1_231896_232285
LOC112056481,NW_019863837.1,+,SE,0,-0.53,21531,21958,NW_019863837.1_21531_21958
LOC112046215,NW_019862752.1,-,SE,0,0.589,2241965,2242432,NW_019862752.1_2241965_2242432
LOC112046215,NW_019862752.1,-,SE,0,0.589,2241965,2242509,NW_019862752.1_2241965_2242509
LOC112046215,NW_019862752.1,-,SE,0.000769355,0.032,2245890,2246232,NW_019862752.1_2245890_2246232
LOC112046215,NW_019862752.1,-,SE,6.38E-05,0.051,2245890,2246242,NW_019862752.1_2245890_2246242
LOC112046215,NW_019862752.1,-,SE,6.40E-05,0.05,2245890,2246303,NW_019862752.1_2245890_2246303
LOC112052998,NW_019863194.1,+,SE,1.48E-06,-0.026,270997,271305,NW_019863194.1_270997_271305
LOC112051951,NW_019862758.1,-,SE,0.000361046,-0.057,2123052,2123342,NW_019862758.1_2123052_2123342
LOC112051951,NW_019862758.1,-,SE,0,-0.164,2123052,2123342,NW_019862758.1_2123052_2123342
LOC112051951,NW_019862758.1,-,SE,0.000342695,-0.054,2123052,2123356,NW_019862758.1_2123052_2123356
LOC112051951,NW_019862758.1,-,SE,0,-0.188,2123052,2123444,NW_019862758.1_2123052_2123444
LOC112051951,NW_019862758.1,-,SE,0.004036279,-0.03,2123092,2123444,NW_019862758.1_2123092_2123444
LOC112051708,NW_019863098.1,+,SE,0,0.567,252257,252603,NW_019863098.1_252257_252603
LOC112051118,NW_019862757.1,-,SE,0,-0.63,1541673,1542041,NW_019862757.1_1541673_1542041
LOC112043533,NW_019862792.1,-,SE,0.007942394,0.022,39848,40254,NW_019862792.1_39848_40254
LOC112052627,NW_019863164.1,+,SE,4.50E-07,0.157,78094,78788,NW_019863164.1_78094_78788
LOC112052627,NW_019863164.1,+,SE,0.015068705,0.262,78113,78698,NW_019863164.1_78113_78698
LOC112052627,NW_019863164.1,+,SE,0.019831952,0.258,78113,78738,NW_019863164.1_78113_78738
LOC112052627,NW_019863164.1,+,SE,0.000158998,-0.297,78113,78788,NW_019863164.1_78113_78788
LOC112052627,NW_019863164.1,+,SE,1.07E-06,0.133,78113,78788,NW_019863164.1_78113_78788
LOC112052627,NW_019863164.1,+,SE,4.36E-07,0.157,78168,78788,NW_019863164.1_78168_78788
LOC112052627,NW_019863164.1,+,SE,0.001665702,0.053,78192,78698,NW_019863164.1_78192_78698
LOC112052627,NW_019863164.1,+,SE,0.000180752,0.068,78192,78738,NW_019863164.1_78192_78738
LOC112052627,NW_019863164.1,+,SE,6.74E-07,0.153,78192,78788,NW_019863164.1_78192_78788
LOC112052627,NW_019863164.1,+,SE,0.000158998,-0.297,78292,78788,NW_019863164.1_78292_78788
LOC112052627,NW_019863164.1,+,SE,0.00014431,-0.325,78480,78788,NW_019863164.1_78480_78788
LOC112055664,NW_019863579.1,+,SE,0.004041,-0.058,149359,149792,NW_019863579.1_149359_149792
LOC112048265,NW_019862923.1,+,SE,3.87E-12,-0.054,242472,242734,NW_019862923.1_242472_242734
LOC112048265,NW_019862923.1,+,SE,0,-0.165,242477,242734,NW_019862923.1_242477_242734
LOC112048265,NW_019862923.1,+,SE,6.75E-11,-0.051,242482,242734,NW_019862923.1_242482_242734
LOC112056414,NW_019862763.1,-,SE,0,-0.022,1583171,1583803,NW_019862763.1_1583171_1583803
LOC112044883,NW_019862819.1,+,SE,0.003764971,-0.062,818250,818574,NW_019862819.1_818250_818574
LOC112054505,NW_019863366.1,+,SE,0.013540351,-0.05,104854,105202,NW_019863366.1_104854_105202
LOC112056031,NW_019863688.1,-,SE,7.39E-07,-0.432,13596,13989,NW_019863688.1_13596_13989
LOC112058271,NW_019862749.1,-,SE,4.99E-06,-0.282,475672,475960,NW_019862749.1_475672_475960
LOC112058271,NW_019862749.1,-,SE,3.45E-08,-0.233,475672,476006,NW_019862749.1_475672_476006
LOC112051535,NW_019863088.1,+,SE,5.54E-06,0.441,353901,354157,NW_019863088.1_353901_354157
LOC112051535,NW_019863088.1,+,SE,8.09E-05,0.108,360374,360915,NW_019863088.1_360374_360915
LOC112051535,NW_019863088.1,+,SE,6.88E-05,0.109,360374,360940,NW_019863088.1_360374_360940
LOC112042922,NW_019862782.1,+,SE,0,0.681,312611,312881,NW_019862782.1_312611_312881
LOC112042922,NW_019862782.1,+,SE,0,0.688,312611,312883,NW_019862782.1_312611_312883
LOC112042922,NW_019862782.1,+,SE,0,0.682,312611,312893,NW_019862782.1_312611_312893
LOC112050363,NW_019863019.1,+,SE,1.50E-09,-0.099,259543,260081,NW_019863019.1_259543_260081
LOC112043473,NW_019862750.1,+,SE,0.015459082,-0.196,371885,372295,NW_019862750.1_371885_372295
LOC112043473,NW_019862750.1,+,SE,0.012196213,-0.199,371939,372295,NW_019862750.1_371939_372295
LOC112043473,NW_019862750.1,+,SE,0.011000862,-0.203,371952,372295,NW_019862750.1_371952_372295
LOC112053365,NW_019862759.1,+,SE,0.002326908,-0.176,1365488,1365767,NW_019862759.1_1365488_1365767
LOC112053365,NW_019862759.1,+,SE,0.001352852,-0.103,1365500,1365867,NW_019862759.1_1365500_1365867
LOC112045305,NW_019862828.1,+,SE,0,0.272,795837,796079,NW_019862828.1_795837_796079
LOC112045305,NW_019862828.1,+,SE,1.50E-06,0.119,809521,809895,NW_019862828.1_809521_809895
LOC112045305,NW_019862828.1,+,SE,1.50E-06,0.119,809529,809895,NW_019862828.1_809529_809895
LOC112058008,NW_019862770.1,+,SE,0,0.098,1619214,1619698,NW_019862770.1_1619214_1619698
LOC112050868,NW_019863047.1,+,SE,0.004539325,-0.031,345382,345841,NW_019863047.1_345382_345841
LOC112058007,NW_019862770.1,-,SE,2.55E-11,-0.095,1579466,1580099,NW_019862770.1_1579466_1580099
LOC112058007,NW_019862770.1,-,SE,0,-0.144,1579805,1580089,NW_019862770.1_1579805_1580089
LOC112058007,NW_019862770.1,-,SE,0,-0.258,1579805,1580099,NW_019862770.1_1579805_1580099
LOC112058007,NW_019862770.1,-,SE,7.43E-15,-0.13,1579805,1580369,NW_019862770.1_1579805_1580369
LOC112058007,NW_019862770.1,-,SE,1.01E-10,-0.108,1579807,1580099,NW_019862770.1_1579807_1580099
LOC112057974,NW_019862770.1,+,SE,0,-0.498,544964,545505,NW_019862770.1_544964_545505
LOC112057974,NW_019862770.1,+,SE,0,0.062,618045,618527,NW_019862770.1_618045_618527
LOC112057974,NW_019862770.1,+,SE,0,0.806,620259,620734,NW_019862770.1_620259_620734
LOC112057974,NW_019862770.1,+,SE,0,0.806,620319,620734,NW_019862770.1_620319_620734
LOC112058337,NW_019862774.1,+,SE,0.002663339,0.449,1688039,1688321,NW_019862774.1_1688039_1688321
LOC112045572,NW_019862835.1,+,SE,2.89E-07,-0.169,681058,681303,NW_019862835.1_681058_681303
LOC112050941,NW_019863052.1,+,SE,0.046995527,-0.448,234710,235243,NW_019863052.1_234710_235243
LOC112050941,NW_019863052.1,+,SE,0.046995527,-0.448,234869,235243,NW_019863052.1_234869_235243
LOC112053215,NW_019862748.1,-,SE,3.22E-05,0.526,4143924,4144256,NW_019862748.1_4143924_4144256
LOC112044342,NW_019862807.1,-,SE,5.22E-06,-0.146,80957,81230,NW_019862807.1_80957_81230
LOC112044342,NW_019862807.1,-,SE,2.61E-07,-0.167,80957,81249,NW_019862807.1_80957_81249
LOC112054218,NW_019862748.1,-,SE,0.029623805,0.18,4574225,4574482,NW_019862748.1_4574225_4574482
LOC112052043,NW_019863120.1,-,SE,0,-0.165,91268,91512,NW_019863120.1_91268_91512
LOC112052043,NW_019863120.1,-,SE,0,-0.246,91268,91763,NW_019863120.1_91268_91763
LOC112052043,NW_019863120.1,-,SE,0,-0.243,91268,91872,NW_019863120.1_91268_91872
LOC112050343,NW_019863018.1,+,SE,0,-0.29,290090,290473,NW_019863018.1_290090_290473
LOC112055740,NW_019862762.1,-,SE,0,0.399,1934177,1934554,NW_019862762.1_1934177_1934554
LOC112055740,NW_019862762.1,-,SE,0.004593199,0.298,1937050,1937427,NW_019862762.1_1937050_1937427
LOC112055740,NW_019862762.1,-,SE,0.023051933,0.255,1937200,1937409,NW_019862762.1_1937200_1937409
LOC112055740,NW_019862762.1,-,SE,0.00522684,0.2,1937200,1937508,NW_019862762.1_1937200_1937508
LOC112055740,NW_019862762.1,-,SE,0.00808276,0.02,1961600,1961873,NW_019862762.1_1961600_1961873
LOC112055740,NW_019862762.1,-,SE,0.008820896,0.018,1961600,1961939,NW_019862762.1_1961600_1961939
LOC112042853,NW_019862780.1,+,SE,6.15E-05,-0.105,763902,764181,NW_019862780.1_763902_764181
LOC112055597,NW_019862762.1,-,SE,0.00204226,0.113,1269791,1270048,NW_019862762.1_1269791_1270048
LOC112055597,NW_019862762.1,-,SE,0,-0.614,1269791,1270048,NW_019862762.1_1269791_1270048
LOC112050015,NW_019863002.1,-,SE,0.043659414,0.025,177955,178284,NW_019863002.1_177955_178284
LOC112047743,NW_019862903.1,-,SE,0.003024054,0.042,404255,404498,NW_019862903.1_404255_404498
LOC112047743,NW_019862903.1,-,SE,0.000403655,0.109,406756,407123,NW_019862903.1_406756_407123
LOC112044399,NW_019862808.1,-,SE,0.000387381,0.207,1259729,1260126,NW_019862808.1_1259729_1260126
LOC112045313,NW_019862829.1,-,SE,0,-0.7,330565,330999,NW_019862829.1_330565_330999
LOC112045313,NW_019862829.1,-,SE,0,-0.699,330565,331005,NW_019862829.1_330565_331005
LOC112045941,NW_019862752.1,-,SE,0.01317769,-0.066,1745363,1745837,NW_019862752.1_1745363_1745837
LOC112054793,NW_019863415.1,+,SE,0.001961313,-0.276,68505,68907,NW_019863415.1_68505_68907
LOC112054793,NW_019863415.1,+,SE,0.002094662,-0.27,68554,68907,NW_019863415.1_68554_68907
LOC112047587,NW_019862897.1,+,SE,0.014320544,0.128,91532,91925,NW_019862897.1_91532_91925
LOC112051619,NW_019862758.1,+,SE,5.32E-05,-0.138,718936,719359,NW_019862758.1_718936_719359
LOC112051619,NW_019862758.1,+,SE,4.10E-05,-0.144,719033,719359,NW_019862758.1_719033_719359
LOC112047541,NW_019862896.1,-,SE,1.10E-05,-0.143,484823,485104,NW_019862896.1_484823_485104
LOC112047541,NW_019862896.1,-,SE,1.01E-05,-0.16,484859,485119,NW_019862896.1_484859_485119
LOC112047545,NW_019862896.1,+,SE,0.004539325,0.1,375698,375996,NW_019862896.1_375698_375996
LOC112053871,NW_019863290.1,-,SE,0.04943931,0.103,156974,157221,NW_019863290.1_156974_157221
LOC112045785,NW_019862752.1,-,SE,0.002657038,0.061,1261860,1262182,NW_019862752.1_1261860_1262182
LOC112050417,NW_019862756.1,+,SE,0.000865398,-0.01,1853458,1853701,NW_019862756.1_1853458_1853701
LOC112051407,NW_019863081.1,+,SE,0.000142949,-0.379,12289,12779,NW_019863081.1_12289_12779
LOC112051407,NW_019863081.1,+,SE,0.000932412,-0.508,12490,12779,NW_019863081.1_12490_12779
LOC112054363,NW_019863351.1,-,SE,0,-0.548,116225,116713,NW_019863351.1_116225_116713
LOC112054363,NW_019863351.1,-,SE,0,-0.348,116411,116695,NW_019863351.1_116411_116695
LOC112045022,NW_019862751.1,+,SE,0,0.767,2488081,2488621,NW_019862751.1_2488081_2488621
LOC112044703,NW_019862751.1,+,SE,0,-0.105,1009823,1010136,NW_019862751.1_1009823_1010136
LOC112044703,NW_019862751.1,+,SE,0,-0.107,1009823,1010147,NW_019862751.1_1009823_1010147
LOC112044703,NW_019862751.1,+,SE,0,-0.113,1009823,1010199,NW_019862751.1_1009823_1010199
LOC112044703,NW_019862751.1,+,SE,0,-0.113,1009823,1010215,NW_019862751.1_1009823_1010215
LOC112044703,NW_019862751.1,+,SE,0,-0.111,1009823,1010336,NW_019862751.1_1009823_1010336
LOC112044703,NW_019862751.1,+,SE,0,-0.155,1009879,1010265,NW_019862751.1_1009879_1010265
LOC112049404,NW_019862971.1,-,SE,0.002436711,-0.402,700909,701227,NW_019862971.1_700909_701227
LOC112049404,NW_019862971.1,-,SE,0.009374642,-0.407,701006,701227,NW_019862971.1_701006_701227
LOC112049404,NW_019862971.1,-,SE,5.95E-09,-0.219,707245,707522,NW_019862971.1_707245_707522
LOC112049404,NW_019862971.1,-,SE,0.003495107,0.2,707245,707823,NW_019862971.1_707245_707823
LOC112049404,NW_019862971.1,-,SE,0.000310778,0.326,707393,707823,NW_019862971.1_707393_707823
LOC112049404,NW_019862971.1,-,SE,4.39E-07,0.322,707530,707823,NW_019862971.1_707530_707823
LOC112051724,NW_019863099.1,+,SE,0.005408872,0.028,81762,82023,NW_019863099.1_81762_82023
LOC112048230,NW_019862754.1,+,SE,2.12E-06,-0.375,2214721,2215194,NW_019862754.1_2214721_2215194
LOC112048230,NW_019862754.1,+,SE,3.34E-07,-0.392,2214934,2215194,NW_019862754.1_2214934_2215194
LOC112046056,NW_019862846.1,-,SE,0,-0.697,412469,412800,NW_019862846.1_412469_412800
LOC112045687,NW_019862838.1,-,SE,0.003194055,-0.22,370795,371078,NW_019862838.1_370795_371078
LOC112045687,NW_019862838.1,-,SE,4.83E-07,-0.411,370806,371081,NW_019862838.1_370806_371081
LOC112045687,NW_019862838.1,-,SE,5.09E-07,-0.424,370806,371097,NW_019862838.1_370806_371097
LOC112045687,NW_019862838.1,-,SE,0.006159884,-0.201,370832,371078,NW_019862838.1_370832_371078
LOC112050349,NW_019863018.1,+,SE,1.73E-05,-0.246,437541,437894,NW_019863018.1_437541_437894
LOC112050349,NW_019863018.1,+,SE,3.62E-05,-0.202,437579,437895,NW_019863018.1_437579_437895
LOC112053443,NW_019862760.1,+,SE,0.002578943,0.157,52244,52525,NW_019862760.1_52244_52525
LOC112053443,NW_019862760.1,+,SE,0.000118791,0.569,52244,52525,NW_019862760.1_52244_52525
LOC112053443,NW_019862760.1,+,SE,0.022539988,0.299,52244,52574,NW_019862760.1_52244_52574
LOC112053443,NW_019862760.1,+,SE,0.005184083,0.167,52244,52574,NW_019862760.1_52244_52574
LOC112053443,NW_019862760.1,+,SE,0.001667478,0.678,52244,52574,NW_019862760.1_52244_52574
LOC112053443,NW_019862760.1,+,SE,0.046900025,0.311,52316,52574,NW_019862760.1_52316_52574
LOC112053443,NW_019862760.1,+,SE,0.012093311,0.278,55165,55690,NW_019862760.1_55165_55690
LOC112053443,NW_019862760.1,+,SE,0.014210428,0.015,55169,55691,NW_019862760.1_55169_55691
LOC112053443,NW_019862760.1,+,SE,0.014192745,0.015,55202,55691,NW_019862760.1_55202_55691
LOC112053443,NW_019862760.1,+,SE,0.014192745,0.015,55256,55691,NW_019862760.1_55256_55691
LOC112053443,NW_019862760.1,+,SE,0.01438895,0.015,55279,55691,NW_019862760.1_55279_55691
LOC112053443,NW_019862760.1,+,SE,0.014242569,0.015,55283,55691,NW_019862760.1_55283_55691
LOC112053443,NW_019862760.1,+,SE,0.014192745,0.015,55298,55691,NW_019862760.1_55298_55691
LOC112053443,NW_019862760.1,+,SE,0.01432404,0.015,55342,55691,NW_019862760.1_55342_55691
LOC112053443,NW_019862760.1,+,SE,0.001232791,-0.26,55351,55690,NW_019862760.1_55351_55690
LOC112053443,NW_019862760.1,+,SE,0.018517251,0.015,55351,55691,NW_019862760.1_55351_55691
LOC112053443,NW_019862760.1,+,SE,0.016560732,-0.075,55360,55690,NW_019862760.1_55360_55690
LOC112053443,NW_019862760.1,+,SE,0.000340945,0.112,55370,55690,NW_019862760.1_55370_55690
LOC112053443,NW_019862760.1,+,SE,0.028034115,0.015,55378,55691,NW_019862760.1_55378_55691
LOC112053443,NW_019862760.1,+,SE,0.029029828,0.014,55380,55691,NW_019862760.1_55380_55691
LOC112053443,NW_019862760.1,+,SE,0.02290671,0.015,55394,55691,NW_019862760.1_55394_55691
LOC112053042,NW_019863199.1,+,SE,1.09E-13,-0.622,35251,35590,NW_019863199.1_35251_35590
LOC112053042,NW_019863199.1,+,SE,2.53E-13,-0.63,35276,35590,NW_019863199.1_35276_35590
LOC112053042,NW_019863199.1,+,SE,2.76E-11,-0.585,35323,35590,NW_019863199.1_35323_35590
LOC112050692,NW_019863038.1,+,SE,0.000567893,0.276,198205,198670,NW_019863038.1_198205_198670
LOC112055393,NW_019862762.1,+,SE,0.035826551,-0.119,260844,261055,NW_019862762.1_260844_261055
LOC112055393,NW_019862762.1,+,SE,1.35E-13,0.551,279762,280070,NW_019862762.1_279762_280070
LOC112044497,NW_019862810.1,+,SE,9.78E-05,0.073,1067652,1068121,NW_019862810.1_1067652_1068121
LOC112044497,NW_019862810.1,+,SE,4.82E-08,0.119,1067831,1068293,NW_019862810.1_1067831_1068293
LOC112049582,NW_019862980.1,-,SE,0.018780295,-0.186,35547,35911,NW_019862980.1_35547_35911
LOC112049582,NW_019862980.1,-,SE,0.022197365,-0.184,35547,35933,NW_019862980.1_35547_35933
LOC112043861,NW_019862799.1,+,SE,4.90E-07,0.132,1040394,1040707,NW_019862799.1_1040394_1040707
LOC112043861,NW_019862799.1,+,SE,4.55E-07,0.132,1040399,1040707,NW_019862799.1_1040399_1040707
LOC112043861,NW_019862799.1,+,SE,4.99E-07,0.128,1040403,1040707,NW_019862799.1_1040403_1040707
LOC112043861,NW_019862799.1,+,SE,3.81E-06,0.113,1040418,1041109,NW_019862799.1_1040418_1041109
LOC112043861,NW_019862799.1,+,SE,7.43E-15,-0.13,1083265,1083682,NW_019862799.1_1083265_1083682
LOC112043861,NW_019862799.1,+,SE,0.000261382,-0.459,1083274,1083682,NW_019862799.1_1083274_1083682
LOC112043861,NW_019862799.1,+,SE,0,-0.156,1083277,1083714,NW_019862799.1_1083277_1083714
LOC112043298,NW_019862788.1,+,SE,0.000470158,-0.022,389034,389329,NW_019862788.1_389034_389329
LOC112043298,NW_019862788.1,+,SE,0.048306825,0.069,392482,392926,NW_019862788.1_392482_392926
LOC112058090,NW_019862771.1,-,SE,0,-0.151,1503260,1503624,NW_019862771.1_1503260_1503624
LOC112058090,NW_019862771.1,-,SE,0.005820931,-0.205,1511548,1511859,NW_019862771.1_1511548_1511859
LOC112047122,NW_019862882.1,-,SE,0.013544073,-0.337,638986,639224,NW_019862882.1_638986_639224
LOC112056668,NW_019863935.1,+,SE,0.046757905,-0.036,26272,26661,NW_019863935.1_26272_26661
LOC112056668,NW_019863935.1,+,SE,0,0.371,33631,33950,NW_019863935.1_33631_33950
LOC112045951,NW_019862844.1,-,SE,0.004996032,-0.033,946208,946843,NW_019862844.1_946208_946843
LOC112058518,NW_019862778.1,-,SE,0.029442309,0.187,49702,50026,NW_019862778.1_49702_50026
LOC112049870,NW_019862756.1,-,SE,0.000159029,0.17,646951,647267,NW_019862756.1_646951_647267
LOC112049870,NW_019862756.1,-,SE,0.000170059,0.094,647006,647275,NW_019862756.1_647006_647275
LOC112050499,NW_019863026.1,+,SE,0.000430072,-0.03,300440,300749,NW_019863026.1_300440_300749
LOC112048007,NW_019862911.1,-,SE,6.73E-05,0.431,326083,326440,NW_019862911.1_326083_326440
LOC112048007,NW_019862911.1,-,SE,6.76E-05,0.431,326083,326464,NW_019862911.1_326083_326464
LOC112048007,NW_019862911.1,-,SE,6.76E-05,0.43,326083,326479,NW_019862911.1_326083_326479
LOC112050066,NW_019863004.1,+,SE,5.26E-08,0.122,429682,430289,NW_019863004.1_429682_430289
LOC112046887,NW_019862874.1,-,SE,7.90E-07,0.599,21101,21381,NW_019862874.1_21101_21381
LOC112046887,NW_019862874.1,-,SE,0.000352391,0.051,22190,22601,NW_019862874.1_22190_22601
LOC112052988,NW_019862759.1,-,SE,0,0.272,1289993,1290323,NW_019862759.1_1289993_1290323
LOC112052988,NW_019862759.1,-,SE,0,0.482,1290091,1290305,NW_019862759.1_1290091_1290305
LOC112052988,NW_019862759.1,-,SE,0,0.454,1290091,1290311,NW_019862759.1_1290091_1290311
LOC112052988,NW_019862759.1,-,SE,0,0.449,1290091,1290457,NW_019862759.1_1290091_1290457
LOC112052988,NW_019862759.1,-,SE,0,0.446,1290091,1290474,NW_019862759.1_1290091_1290474
LOC112052988,NW_019862759.1,-,SE,0,0.449,1290091,1290543,NW_019862759.1_1290091_1290543
LOC112047959,NW_019862910.1,-,SE,0.019693609,0.035,621564,621936,NW_019862910.1_621564_621936
LOC112047959,NW_019862910.1,-,SE,0.001485642,-0.074,627659,628030,NW_019862910.1_627659_628030
LOC112044076,NW_019862803.1,-,SE,0,0.254,44191,44613,NW_019862803.1_44191_44613
LOC112044076,NW_019862803.1,-,SE,0,0.249,44758,45062,NW_019862803.1_44758_45062
LOC112044076,NW_019862803.1,-,SE,0,0.253,44763,45062,NW_019862803.1_44763_45062
LOC112044076,NW_019862803.1,-,SE,0,0.263,44768,45062,NW_019862803.1_44768_45062
LOC112043424,NW_019862790.1,+,SE,1.89E-05,0.042,626128,626501,NW_019862790.1_626128_626501
LOC112052559,NW_019863157.1,+,SE,0.04743458,-0.026,138313,138569,NW_019863157.1_138313_138569
LOC112052559,NW_019863157.1,+,SE,0.041550962,-0.027,138315,138569,NW_019863157.1_138315_138569
LOC112052559,NW_019863157.1,+,SE,0.043534498,-0.025,138316,138569,NW_019863157.1_138316_138569
LOC112058009,NW_019862770.1,-,SE,0.001459255,0.245,1698713,1699384,NW_019862770.1_1698713_1699384
LOC112058009,NW_019862770.1,-,SE,0.000569223,0.262,1698713,1699411,NW_019862770.1_1698713_1699411
LOC112053680,NW_019863271.1,-,SE,0,0.776,109193,109560,NW_019863271.1_109193_109560
LOC112051245,NW_019863070.1,-,SE,0.010015659,-0.109,11847,12438,NW_019863070.1_11847_12438
LOC112058550,NW_019862778.1,-,SE,0,-0.313,1102868,1103156,NW_019862778.1_1102868_1103156
LOC112058550,NW_019862778.1,-,SE,0.003849516,-0.083,1102955,1103181,NW_019862778.1_1102955_1103181
LOC112058550,NW_019862778.1,-,SE,0,0.485,1103158,1103465,NW_019862778.1_1103158_1103465
LOC112058550,NW_019862778.1,-,SE,0,0.485,1103159,1103465,NW_019862778.1_1103159_1103465
LOC112058550,NW_019862778.1,-,SE,0,0.481,1103176,1103465,NW_019862778.1_1103176_1103465
LOC112058550,NW_019862778.1,-,SE,0,0.317,1103251,1103465,NW_019862778.1_1103251_1103465
LOC112043309,NW_019862788.1,+,SE,0.0032365,0.036,688946,689343,NW_019862788.1_688946_689343
LOC112043309,NW_019862788.1,+,SE,0.0032365,0.036,688987,689343,NW_019862788.1_688987_689343
LOC112046846,NW_019862873.1,+,SE,0.009122861,-0.026,507797,508245,NW_019862873.1_507797_508245
LOC112046846,NW_019862873.1,+,SE,0.009142984,-0.026,507803,508245,NW_019862873.1_507803_508245
LOC112046846,NW_019862873.1,+,SE,0.025077879,-0.021,507817,508244,NW_019862873.1_507817_508244
LOC112052001,NW_019863118.1,-,SE,0.038821376,0.143,162084,162366,NW_019863118.1_162084_162366
LOC112044204,NW_019862805.1,+,SE,0.037672294,-0.161,120986,121219,NW_019862805.1_120986_121219
LOC112044204,NW_019862805.1,+,SE,0,0.934,130237,130578,NW_019862805.1_130237_130578
LOC112044204,NW_019862805.1,+,SE,0,-0.362,131956,132198,NW_019862805.1_131956_132198
LOC112050805,NW_019863043.1,-,SE,0.000118231,-0.6,405087,405435,NW_019863043.1_405087_405435
LOC112050828,NW_019863045.1,+,SE,0,0.61,198137,198450,NW_019863045.1_198137_198450
LOC112051523,NW_019863087.1,+,SE,0.017650734,-0.053,159711,159951,NW_019863087.1_159711_159951
LOC112051523,NW_019863087.1,+,SE,4.30E-06,0.16,178768,179357,NW_019863087.1_178768_179357
LOC112051523,NW_019863087.1,+,SE,3.97E-06,0.135,179021,179345,NW_019863087.1_179021_179345
LOC112051523,NW_019863087.1,+,SE,1.45E-14,0.125,179021,179357,NW_019863087.1_179021_179357
LOC112051523,NW_019863087.1,+,SE,6.97E-06,0.14,179021,179686,NW_019863087.1_179021_179686
LOC112051523,NW_019863087.1,+,SE,6.94E-06,0.14,179021,179690,NW_019863087.1_179021_179690
LOC112051523,NW_019863087.1,+,SE,6.97E-06,0.14,179021,179693,NW_019863087.1_179021_179693
LOC112051523,NW_019863087.1,+,SE,0,-0.485,179288,179694,NW_019863087.1_179288_179694
LOC112051523,NW_019863087.1,+,SE,0,-0.485,179382,179694,NW_019863087.1_179382_179694
LOC112051523,NW_019863087.1,+,SE,0.005050598,-0.027,187366,187730,NW_019863087.1_187366_187730
LOC112052337,NW_019863141.1,-,SE,0.002340903,-0.037,180284,180551,NW_019863141.1_180284_180551
LOC112044491,NW_019862810.1,+,SE,0,-0.607,734409,734744,NW_019862810.1_734409_734744
LOC112044491,NW_019862810.1,+,SE,0,-0.594,734429,734744,NW_019862810.1_734429_734744
LOC112044491,NW_019862810.1,+,SE,0,-0.609,734430,734740,NW_019862810.1_734430_734740
LOC112044491,NW_019862810.1,+,SE,0,-0.607,734430,734743,NW_019862810.1_734430_734743
LOC112044491,NW_019862810.1,+,SE,0,-0.628,734430,734774,NW_019862810.1_734430_734774
LOC112044491,NW_019862810.1,+,SE,0,-0.592,734431,734744,NW_019862810.1_734431_734744
LOC112044491,NW_019862810.1,+,SE,0,-0.592,734432,734744,NW_019862810.1_734432_734744
LOC112044491,NW_019862810.1,+,SE,0,-0.598,734439,734744,NW_019862810.1_734439_734744
LOC112046986,NW_019862879.1,-,SE,0,-0.126,313983,314258,NW_019862879.1_313983_314258
LOC112054138,NW_019863323.1,+,SE,7.64E-05,0.048,160104,160466,NW_019863323.1_160104_160466
LOC112054138,NW_019863323.1,+,SE,0.000308278,0.044,160104,160659,NW_019863323.1_160104_160659
LOC112055450,NW_019863525.1,-,SE,0.000234483,0.26,127568,127906,NW_019863525.1_127568_127906
LOC112055450,NW_019863525.1,-,SE,0.000358907,0.261,127568,127987,NW_019863525.1_127568_127987
LOC112053171,NW_019863214.1,+,SE,0.032437368,0.012,41699,42364,NW_019863214.1_41699_42364
LOC112053171,NW_019863214.1,+,SE,0.032437368,0.012,41955,42364,NW_019863214.1_41955_42364
LOC112053171,NW_019863214.1,+,SE,0.016558598,0.013,42000,42364,NW_019863214.1_42000_42364
LOC112053171,NW_019863214.1,+,SE,5.42E-05,0.06,42106,42364,NW_019863214.1_42106_42364
LOC112047767,NW_019862904.1,-,SE,2.96E-09,-0.082,1052354,1052616,NW_019862904.1_1052354_1052616
LOC112047767,NW_019862904.1,-,SE,0,-0.137,1052368,1052616,NW_019862904.1_1052368_1052616
LOC112047767,NW_019862904.1,-,SE,0.027699841,-0.018,1056555,1056910,NW_019862904.1_1056555_1056910
LOC112052369,NW_019863143.1,-,SE,1.38E-05,0.135,22809,23372,NW_019863143.1_22809_23372
LOC112048857,NW_019862948.1,+,SE,0.004329862,-0.006,354021,354320,NW_019862948.1_354021_354320
LOC112046895,NW_019862874.1,-,SE,0.019305312,0.138,189320,189575,NW_019862874.1_189320_189575
LOC112052566,NW_019863158.1,-,SE,0,-0.097,256018,256422,NW_019863158.1_256018_256422
LOC112052566,NW_019863158.1,-,SE,0.008906735,-0.038,256033,256247,NW_019863158.1_256033_256247
LOC112052566,NW_019863158.1,-,SE,0,-0.24,256033,256422,NW_019863158.1_256033_256422
LOC112052566,NW_019863158.1,-,SE,0,-0.194,256033,256438,NW_019863158.1_256033_256438
LOC112052566,NW_019863158.1,-,SE,0,-0.194,256033,256659,NW_019863158.1_256033_256659
LOC112049905,NW_019862997.1,+,SE,0.047552115,-0.188,408711,409098,NW_019862997.1_408711_409098
LOC112049905,NW_019862997.1,+,SE,0.049833431,-0.206,408854,409098,NW_019862997.1_408854_409098
LOC112056515,NW_019863856.1,-,SE,0.023912563,0.048,33590,33948,NW_019863856.1_33590_33948
LOC112056515,NW_019863856.1,-,SE,0.023912563,0.048,33590,34055,NW_019863856.1_33590_34055
LOC112049109,NW_019862959.1,-,SE,1.74E-07,0.165,283578,283985,NW_019862959.1_283578_283985
LOC112045530,NW_019862834.1,-,SE,0.0250421,-0.175,303680,303986,NW_019862834.1_303680_303986
LOC112045530,NW_019862834.1,-,SE,0.044905292,-0.189,303680,304171,NW_019862834.1_303680_304171
LOC112048889,NW_019862950.1,+,SE,7.43E-15,-0.149,286155,286460,NW_019862950.1_286155_286460
LOC112048889,NW_019862950.1,+,SE,0,-0.333,286167,286460,NW_019862950.1_286167_286460
LOC112053596,NW_019863259.1,+,SE,0.000156892,-0.035,312989,313221,NW_019863259.1_312989_313221
LOC112056844,NW_019864022.1,+,SE,3.77E-12,-0.149,16605,16975,NW_019864022.1_16605_16975
LOC112044077,NW_019862803.1,+,SE,0.00377071,-0.017,118486,118827,NW_019862803.1_118486_118827
LOC112044077,NW_019862803.1,+,SE,0,0.122,141389,141718,NW_019862803.1_141389_141718
LOC112044077,NW_019862803.1,+,SE,0,0.119,141389,141720,NW_019862803.1_141389_141720
LOC112044077,NW_019862803.1,+,SE,0,0.115,141389,141754,NW_019862803.1_141389_141754
LOC112051026,NW_019863057.1,+,SE,3.70E-06,0.056,98468,98769,NW_019863057.1_98468_98769
LOC112055620,NW_019863566.1,-,SE,4.56E-06,0.102,34423,34677,NW_019863566.1_34423_34677
LOC112049759,NW_019862988.1,+,SE,1.61E-13,0.473,237528,237769,NW_019862988.1_237528_237769
LOC112049759,NW_019862988.1,+,SE,0,0.512,237528,237902,NW_019862988.1_237528_237902
LOC112049759,NW_019862988.1,+,SE,6.75E-06,0.34,237539,237899,NW_019862988.1_237539_237899
LOC112049759,NW_019862988.1,+,SE,5.97E-06,0.339,237542,237899,NW_019862988.1_237542_237899
LOC112049759,NW_019862988.1,+,SE,6.96E-05,0.327,237622,237899,NW_019862988.1_237622_237899
LOC112042919,NW_019862749.1,+,SE,0.034633344,0.208,2346400,2346942,NW_019862749.1_2346400_2346942
LOC112042919,NW_019862749.1,+,SE,0.036453641,0.207,2346428,2346942,NW_019862749.1_2346428_2346942
LOC112052331,NW_019862759.1,-,SE,2.60E-08,0.197,894115,894351,NW_019862759.1_894115_894351
LOC112052331,NW_019862759.1,-,SE,0.004899716,0.039,894115,894378,NW_019862759.1_894115_894378
LOC112049925,NW_019862998.1,-,SE,2.31E-05,0.06,297466,297840,NW_019862998.1_297466_297840
LOC112049925,NW_019862998.1,-,SE,0.000101758,0.068,297546,297840,NW_019862998.1_297546_297840
LOC112044248,NW_019862750.1,-,SE,0.023915738,-0.004,1334457,1334756,NW_019862750.1_1334457_1334756
LOC112049842,NW_019862994.1,+,SE,0.01438895,-0.272,99024,99289,NW_019862994.1_99024_99289
LOC112049842,NW_019862994.1,+,SE,0.019148697,-0.262,99040,99289,NW_019862994.1_99040_99289
LOC112047434,NW_019862893.1,-,SE,2.35E-07,-0.048,382005,382608,NW_019862893.1_382005_382608
LOC112047434,NW_019862893.1,-,SE,2.60E-07,-0.048,382005,382673,NW_019862893.1_382005_382673
LOC112047434,NW_019862893.1,-,SE,2.35E-07,-0.048,382005,382684,NW_019862893.1_382005_382684
LOC112047434,NW_019862893.1,-,SE,7.43E-15,-0.053,382006,382675,NW_019862893.1_382006_382675
LOC112047434,NW_019862893.1,-,SE,1.45E-14,-0.053,382029,382675,NW_019862893.1_382029_382675
LOC112047434,NW_019862893.1,-,SE,7.43E-15,-0.054,382051,382675,NW_019862893.1_382051_382675
LOC112047113,NW_019862882.1,-,SE,1.26E-07,0.402,101880,102296,NW_019862882.1_101880_102296
LOC112046194,NW_019862752.1,+,SE,6.16E-06,0.222,2070017,2070620,NW_019862752.1_2070017_2070620
LOC112058374,NW_019862775.1,+,SE,0,0.358,1558687,1559013,NW_019862775.1_1558687_1559013
LOC112058374,NW_019862775.1,+,SE,1.05E-12,0.387,1558733,1559013,NW_019862775.1_1558733_1559013
LOC112049747,NW_019862987.1,-,SE,0,0.553,479008,479314,NW_019862987.1_479008_479314
LOC112053274,NW_019863223.1,+,SE,1.79E-05,0.38,161366,161792,NW_019863223.1_161366_161792
LOC112054296,NW_019863339.1,-,SE,0.029589248,0.222,48519,48871,NW_019863339.1_48519_48871
LOC112054296,NW_019863339.1,-,SE,0.001087653,0.277,48532,48898,NW_019863339.1_48532_48898
LOC112045475,NW_019862752.1,-,SE,1.09E-08,-0.098,528686,528915,NW_019862752.1_528686_528915
LOC112045475,NW_019862752.1,-,SE,0.0005137,-0.386,528686,528924,NW_019862752.1_528686_528924
LOC112045475,NW_019862752.1,-,SE,1.42E-05,-0.065,528689,528924,NW_019862752.1_528689_528924
LOC112045475,NW_019862752.1,-,SE,4.71E-05,0.093,530787,531097,NW_019862752.1_530787_531097
LOC112045475,NW_019862752.1,-,SE,4.06E-10,0.388,530787,531097,NW_019862752.1_530787_531097
LOC112045475,NW_019862752.1,-,SE,5.69E-05,0.093,530792,531097,NW_019862752.1_530792_531097
LOC112045475,NW_019862752.1,-,SE,9.37E-05,0.09,530795,531097,NW_019862752.1_530795_531097
LOC112045475,NW_019862752.1,-,SE,7.44E-05,0.098,530802,531097,NW_019862752.1_530802_531097
LOC112045475,NW_019862752.1,-,SE,2.81E-10,0.386,530802,531097,NW_019862752.1_530802_531097
LOC112048584,NW_019862935.1,+,SE,8.28E-10,0.121,210667,211338,NW_019862935.1_210667_211338
LOC112048584,NW_019862935.1,+,SE,8.14E-10,0.121,210941,211338,NW_019862935.1_210941_211338
LOC112046894,NW_019862874.1,+,SE,0.000659298,0.136,272302,272915,NW_019862874.1_272302_272915
LOC112046894,NW_019862874.1,+,SE,0.000659298,0.136,272302,272923,NW_019862874.1_272302_272923
LOC112047691,NW_019862901.1,+,SE,0,0.431,330481,330842,NW_019862901.1_330481_330842
LOC112047691,NW_019862901.1,+,SE,0,0.446,330504,330842,NW_019862901.1_330504_330842
LOC112044118,NW_019862750.1,+,SE,0.00024483,-0.056,176746,177003,NW_019862750.1_176746_177003
LOC112044118,NW_019862750.1,+,SE,7.07E-05,-0.069,176763,177003,NW_019862750.1_176763_177003
LOC112055448,NW_019863525.1,+,SE,0.000454763,0.055,115827,116471,NW_019863525.1_115827_116471
LOC112055448,NW_019863525.1,+,SE,0.000454763,0.055,115925,116471,NW_019863525.1_115925_116471
LOC112055448,NW_019863525.1,+,SE,0.000566686,0.054,115969,116471,NW_019863525.1_115969_116471
LOC112055448,NW_019863525.1,+,SE,0.000709422,0.054,116109,116471,NW_019863525.1_116109_116471
LOC112046073,NW_019862847.1,+,SE,4.17E-08,-0.479,524937,525260,NW_019862847.1_524937_525260
LOC112043306,NW_019862788.1,-,SE,9.87E-05,0.062,662966,663243,NW_019862788.1_662966_663243
LOC112056362,NW_019863789.1,+,SE,0.003181401,0.042,40456,40828,NW_019863789.1_40456_40828
LOC112051181,NW_019863067.1,-,SE,0.031909067,0.076,298925,299437,NW_019863067.1_298925_299437
LOC112051181,NW_019863067.1,-,SE,0.02770163,0.076,298967,299437,NW_019863067.1_298967_299437
LOC112051181,NW_019863067.1,-,SE,7.12E-09,0.499,304741,305122,NW_019863067.1_304741_305122
LOC112051181,NW_019863067.1,-,SE,0.003565258,0.221,304741,305304,NW_019863067.1_304741_305304
LOC112051181,NW_019863067.1,-,SE,0.000112877,0.166,304741,305304,NW_019863067.1_304741_305304
LOC112051181,NW_019863067.1,-,SE,1.30E-08,0.495,304741,305304,NW_019863067.1_304741_305304
LOC112051181,NW_019863067.1,-,SE,0.001013224,0.027,304741,305304,NW_019863067.1_304741_305304
LOC112051181,NW_019863067.1,-,SE,3.31E-09,0.504,304741,305436,NW_019863067.1_304741_305436
LOC112050847,NW_019863046.1,-,SE,0,-0.139,229205,229569,NW_019863046.1_229205_229569
LOC112050847,NW_019863046.1,-,SE,0,-0.151,229252,229569,NW_019863046.1_229252_229569
LOC112050847,NW_019863046.1,-,SE,0,-0.23,229291,229566,NW_019863046.1_229291_229566
LOC112052093,NW_019863124.1,+,SE,0.001219399,-0.362,263735,264023,NW_019863124.1_263735_264023
LOC112053924,NW_019863295.1,+,SE,8.93E-14,-0.028,90503,90905,NW_019863295.1_90503_90905
LOC112049557,NW_019862978.1,+,SE,0.019771116,-0.036,92874,93256,NW_019862978.1_92874_93256
LOC112049557,NW_019862978.1,+,SE,0,-0.35,92930,93256,NW_019862978.1_92930_93256
LOC112049557,NW_019862978.1,+,SE,0,0.467,97692,98024,NW_019862978.1_97692_98024
LOC112050963,NW_019863053.1,+,SE,0.000184166,0.094,192384,192627,NW_019863053.1_192384_192627
LOC112043926,NW_019862750.1,-,SE,5.33E-07,0.436,1898948,1899302,NW_019862750.1_1898948_1899302
LOC112043926,NW_019862750.1,-,SE,7.85E-05,0.503,1898959,1899292,NW_019862750.1_1898959_1899292
LOC112043926,NW_019862750.1,-,SE,1.96E-06,0.466,1898984,1899302,NW_019862750.1_1898984_1899302
LOC112043926,NW_019862750.1,-,SE,0.00025859,0.402,1899017,1899302,NW_019862750.1_1899017_1899302
LOC112051638,NW_019863093.1,-,SE,1.88E-10,0.154,300452,300876,NW_019863093.1_300452_300876
LOC112051638,NW_019863093.1,-,SE,2.63E-11,0.114,300507,300843,NW_019863093.1_300507_300843
LOC112051638,NW_019863093.1,-,SE,4.61E-11,0.106,300507,300908,NW_019863093.1_300507_300908
LOC112051638,NW_019863093.1,-,SE,3.26E-10,0.156,300538,300876,NW_019863093.1_300538_300876
LOC112051638,NW_019863093.1,-,SE,9.20E-06,-0.038,304445,304729,NW_019863093.1_304445_304729
LOC112051638,NW_019863093.1,-,SE,0.00264067,-0.024,304445,304734,NW_019863093.1_304445_304734
LOC112051638,NW_019863093.1,-,SE,0.001094012,-0.022,304445,304871,NW_019863093.1_304445_304871
LOC112046332,NW_019862855.1,-,SE,0.022484098,-0.046,639342,639697,NW_019862855.1_639342_639697
LOC112046332,NW_019862855.1,-,SE,0.003799764,-0.072,639342,639713,NW_019862855.1_639342_639713
LOC112052049,NW_019863120.1,+,SE,0.010332932,0.051,263044,263259,NW_019863120.1_263044_263259
LOC112054766,NW_019863407.1,-,SE,1.05E-11,-0.229,68012,68496,NW_019863407.1_68012_68496
LOC112049929,NW_019862998.1,+,SE,1.46E-09,0.176,188154,188849,NW_019862998.1_188154_188849
LOC112049929,NW_019862998.1,+,SE,1.31E-09,0.176,188180,188849,NW_019862998.1_188180_188849
LOC112049929,NW_019862998.1,+,SE,0.000430072,0.071,208520,208924,NW_019862998.1_208520_208924
LOC112049929,NW_019862998.1,+,SE,0.000430072,0.071,208561,208924,NW_019862998.1_208561_208924
LOC112049929,NW_019862998.1,+,SE,0.000293305,0.064,208629,208924,NW_019862998.1_208629_208924
LOC112049929,NW_019862998.1,+,SE,0.000337786,0.065,208632,208924,NW_019862998.1_208632_208924
LOC112053016,NW_019862759.1,-,SE,0,0.549,1321293,1321837,NW_019862759.1_1321293_1321837
LOC112053016,NW_019862759.1,-,SE,2.39E-12,0.474,1321294,1321593,NW_019862759.1_1321294_1321593
LOC112053016,NW_019862759.1,-,SE,0,0.581,1321294,1321593,NW_019862759.1_1321294_1321593
LOC112053016,NW_019862759.1,-,SE,3.32E-05,0.398,1321770,1322132,NW_019862759.1_1321770_1322132
LOC112057694,NW_019862765.1,+,SE,0,0.439,1286639,1286911,NW_019862765.1_1286639_1286911
LOC112048398,NW_019862929.1,+,SE,0.0128255,0.01,269770,270197,NW_019862929.1_269770_270197
LOC112048398,NW_019862929.1,+,SE,0,0.051,269770,270280,NW_019862929.1_269770_270280
LOC112048398,NW_019862929.1,+,SE,7.86E-09,0.02,270034,270280,NW_019862929.1_270034_270280
LOC112055333,NW_019863502.1,-,SE,0,-0.173,45569,45877,NW_019863502.1_45569_45877
LOC112049794,NW_019862756.1,-,SE,3.41E-09,0.153,385632,385929,NW_019862756.1_385632_385929
LOC112049794,NW_019862756.1,-,SE,4.48E-11,0.176,385647,385927,NW_019862756.1_385647_385927
LOC112043199,NW_019862787.1,-,SE,0.008527937,-0.072,25748,26117,NW_019862787.1_25748_26117
LOC112043199,NW_019862787.1,-,SE,0.000147978,-0.074,25838,26117,NW_019862787.1_25838_26117
LOC112049503,NW_019862976.1,-,SE,0,-0.107,436098,436419,NW_019862976.1_436098_436419
LOC112049503,NW_019862976.1,-,SE,0,0.432,436710,437236,NW_019862976.1_436710_437236
LOC112049503,NW_019862976.1,-,SE,0,0.43,436729,437236,NW_019862976.1_436729_437236
LOC112049503,NW_019862976.1,-,SE,0,0.432,436751,437236,NW_019862976.1_436751_437236
LOC112049503,NW_019862976.1,-,SE,0,0.432,436768,437236,NW_019862976.1_436768_437236
LOC112049503,NW_019862976.1,-,SE,0,-0.098,440794,441224,NW_019862976.1_440794_441224
LOC112049503,NW_019862976.1,-,SE,1.22E-08,-0.072,441341,441940,NW_019862976.1_441341_441940
LOC112049503,NW_019862976.1,-,SE,1.22E-08,-0.072,441344,441940,NW_019862976.1_441344_441940
LOC112049503,NW_019862976.1,-,SE,1.22E-08,-0.072,441520,441940,NW_019862976.1_441520_441940
LOC112049503,NW_019862976.1,-,SE,1.46E-07,-0.088,441665,441940,NW_019862976.1_441665_441940
LOC112049503,NW_019862976.1,-,SE,3.48E-07,-0.075,441676,441940,NW_019862976.1_441676_441940
LOC112049503,NW_019862976.1,-,SE,0.026797294,0.096,441676,441940,NW_019862976.1_441676_441940
LOC112049503,NW_019862976.1,-,SE,0,0.357,451043,451416,NW_019862976.1_451043_451416
LOC112049503,NW_019862976.1,-,SE,0,0.357,451043,451565,NW_019862976.1_451043_451565
LOC112054209,NW_019863329.1,-,SE,0.004801054,0.048,148217,148431,NW_019863329.1_148217_148431
LOC112043739,NW_019862796.1,-,SE,0.000759003,0.111,634353,634641,NW_019862796.1_634353_634641
LOC112043739,NW_019862796.1,-,SE,0.039357778,0.003,634353,634641,NW_019862796.1_634353_634641
LOC112053343,NW_019863231.1,+,SE,0.009656211,-0.243,214016,214347,NW_019863231.1_214016_214347
LOC112046481,NW_019862858.1,+,SE,0.004510201,-0.359,148429,148757,NW_019862858.1_148429_148757
LOC112043224,NW_019862787.1,-,SE,0.000747986,-0.56,835104,835559,NW_019862787.1_835104_835559
LOC112043224,NW_019862787.1,-,SE,0.000747986,-0.56,835193,835559,NW_019862787.1_835193_835559
LOC112046842,NW_019862873.1,+,SE,0,-0.121,569123,569492,NW_019862873.1_569123_569492
LOC112055491,NW_019862748.1,+,SE,0,0.097,467952,468294,NW_019862748.1_467952_468294
LOC112055491,NW_019862748.1,+,SE,5.93E-11,0.071,468029,468294,NW_019862748.1_468029_468294
LOC112045272,NW_019862827.1,+,SE,0,0.796,229927,230308,NW_019862827.1_229927_230308
LOC112045272,NW_019862827.1,+,SE,0,-0.493,234117,234498,NW_019862827.1_234117_234498
LOC112055566,NW_019863550.1,-,SE,9.33E-07,-0.085,102514,102742,NW_019863550.1_102514_102742
LOC112045352,NW_019862752.1,+,SE,1.30E-08,-0.45,235787,236074,NW_019862752.1_235787_236074
LOC112045352,NW_019862752.1,+,SE,1.27E-08,-0.454,235792,236074,NW_019862752.1_235792_236074
LOC112050727,NW_019863039.1,+,SE,1.68E-06,-0.301,210318,210602,NW_019863039.1_210318_210602
LOC112042929,NW_019862782.1,+,SE,0.036110886,0.04,922343,922685,NW_019862782.1_922343_922685
LOC112042935,NW_019862782.1,-,SE,2.13E-14,-0.232,1151649,1152090,NW_019862782.1_1151649_1152090
LOC112042935,NW_019862782.1,-,SE,2.13E-14,-0.232,1151653,1152090,NW_019862782.1_1151653_1152090
LOC112042935,NW_019862782.1,-,SE,0,-0.426,1151710,1152089,NW_019862782.1_1151710_1152089
LOC112042935,NW_019862782.1,-,SE,1.45E-14,-0.238,1151752,1152090,NW_019862782.1_1151752_1152090
LOC112042935,NW_019862782.1,-,SE,0,-0.054,1156770,1157414,NW_019862782.1_1156770_1157414
LOC112042935,NW_019862782.1,-,SE,0,-0.051,1157028,1157406,NW_019862782.1_1157028_1157406
LOC112042935,NW_019862782.1,-,SE,0,-0.052,1157032,1157414,NW_019862782.1_1157032_1157414
LOC112042935,NW_019862782.1,-,SE,0.039977557,-0.114,1173249,1173632,NW_019862782.1_1173249_1173632
LOC112042935,NW_019862782.1,-,SE,0.036110886,-0.116,1173249,1173664,NW_019862782.1_1173249_1173664
LOC112042935,NW_019862782.1,-,SE,0.043138971,-0.113,1173249,1173671,NW_019862782.1_1173249_1173671
LOC112042935,NW_019862782.1,-,SE,0.043138971,-0.113,1173249,1173678,NW_019862782.1_1173249_1173678
LOC112042935,NW_019862782.1,-,SE,0.003884156,0.034,1173249,1173698,NW_019862782.1_1173249_1173698
LOC112042935,NW_019862782.1,-,SE,0.000131078,0.061,1175793,1176092,NW_019862782.1_1175793_1176092
LOC112042935,NW_019862782.1,-,SE,0,0.374,1218531,1218819,NW_019862782.1_1218531_1218819
LOC112042935,NW_019862782.1,-,SE,0,0.389,1218531,1218848,NW_019862782.1_1218531_1218848
LOC112043718,NW_019862795.1,+,SE,4.92E-12,0.474,1014666,1015018,NW_019862795.1_1014666_1015018
LOC112043718,NW_019862795.1,+,SE,5.21E-12,0.475,1014670,1015018,NW_019862795.1_1014670_1015018
LOC112043718,NW_019862795.1,+,SE,4.02E-12,0.454,1014704,1015018,NW_019862795.1_1014704_1015018
LOC112057099,NW_019864312.1,-,SE,0.00639443,-0.138,6234,6554,NW_019864312.1_6234_6554
LOC112046127,NW_019862848.1,+,SE,0.001078085,0.034,377965,378235,NW_019862848.1_377965_378235
LOC112046127,NW_019862848.1,+,SE,0.021190389,0.025,377965,378364,NW_019862848.1_377965_378364
LOC112044142,NW_019862748.1,-,SE,0.000153398,-0.186,1108668,1108937,NW_019862748.1_1108668_1108937
LOC112042843,NW_019862780.1,+,SE,0.017407795,-0.076,277547,277794,NW_019862780.1_277547_277794
LOC112043668,NW_019862794.1,-,SE,1.05E-06,-0.102,1162459,1162736,NW_019862794.1_1162459_1162736
LOC112051468,NW_019863084.1,+,SE,0.00183059,0.12,94573,95079,NW_019863084.1_94573_95079
LOC112053492,NW_019863245.1,+,SE,0.010268915,0.111,88288,88593,NW_019863245.1_88288_88593
LOC112044972,NW_019862820.1,+,SE,3.05E-06,0.059,245516,245943,NW_019862820.1_245516_245943
LOC112044972,NW_019862820.1,+,SE,8.27E-08,0.112,245516,245943,NW_019862820.1_245516_245943
LOC112045249,NW_019862827.1,+,SE,0,-0.287,777920,778363,NW_019862827.1_777920_778363
LOC112045098,NW_019862823.1,-,SE,7.63E-13,0.649,98031,98287,NW_019862823.1_98031_98287
LOC112054724,NW_019863402.1,+,SE,0.000317159,-0.098,28048,28299,NW_019863402.1_28048_28299
LOC112045335,NW_019862748.1,-,SE,0.006876182,-0.07,1543168,1543836,NW_019862748.1_1543168_1543836
LOC112049893,NW_019862996.1,-,SE,0,-0.577,486494,486806,NW_019862996.1_486494_486806
LOC112048772,NW_019862755.1,-,SE,2.36E-07,-0.146,1113667,1114054,NW_019862755.1_1113667_1114054
LOC112050669,NW_019863036.1,+,SE,3.88E-09,0.123,160778,161237,NW_019863036.1_160778_161237
LOC112050669,NW_019863036.1,+,SE,0.019691513,0.047,160778,161268,NW_019863036.1_160778_161268
LOC112051403,NW_019863081.1,-,SE,0.002213031,0.095,198215,198477,NW_019863081.1_198215_198477
LOC112049067,NW_019862957.1,-,SE,0.029058117,0.219,494411,494812,NW_019862957.1_494411_494812
LOC112049067,NW_019862957.1,-,SE,0.030120969,0.217,494411,494975,NW_019862957.1_494411_494975
LOC112054615,NW_019863384.1,-,SE,0.021859819,0.253,41781,42056,NW_019863384.1_41781_42056
LOC112052042,NW_019863120.1,+,SE,4.20E-05,-0.386,85611,86282,NW_019863120.1_85611_86282
LOC112046693,NW_019862867.1,+,SE,0,-0.445,601389,601900,NW_019862867.1_601389_601900
LOC112046693,NW_019862867.1,+,SE,0,0.602,672444,672719,NW_019862867.1_672444_672719
LOC112046693,NW_019862867.1,+,SE,0,0.641,672456,672750,NW_019862867.1_672456_672750
LOC112046693,NW_019862867.1,+,SE,0.039578804,-0.048,673743,674011,NW_019862867.1_673743_674011
LOC112046693,NW_019862867.1,+,SE,0.0445153,-0.044,673745,674132,NW_019862867.1_673745_674132
LOC112046693,NW_019862867.1,+,SE,0.0445153,-0.044,673771,674132,NW_019862867.1_673771_674132
LOC112046693,NW_019862867.1,+,SE,0.003074703,-0.112,675287,675529,NW_019862867.1_675287_675529
LOC112046693,NW_019862867.1,+,SE,0.002897973,0.123,675287,675529,NW_019862867.1_675287_675529
LOC112046693,NW_019862867.1,+,SE,0.000854434,-0.169,675287,675619,NW_019862867.1_675287_675619
LOC112046693,NW_019862867.1,+,SE,0.006795343,0.064,675287,675619,NW_019862867.1_675287_675619
LOC112047834,NW_019862905.1,-,SE,4.21E-12,-0.112,524998,525272,NW_019862905.1_524998_525272
LOC112053273,NW_019863223.1,-,SE,0.01372174,-0.105,75654,75908,NW_019863223.1_75654_75908
LOC112049845,NW_019862994.1,-,SE,0.014255954,-0.123,49221,49585,NW_019862994.1_49221_49585
LOC112044824,NW_019862818.1,+,SE,0.005623867,-0.009,964181,964490,NW_019862818.1_964181_964490
LOC112048334,NW_019862754.1,+,SE,0,-0.291,2459763,2460144,NW_019862754.1_2459763_2460144
LOC112048035,NW_019862913.1,-,SE,0,-0.884,297572,298103,NW_019862913.1_297572_298103
LOC112048035,NW_019862913.1,-,SE,0,-0.929,297572,298103,NW_019862913.1_297572_298103
LOC112048035,NW_019862913.1,-,SE,0,-0.67,297572,298109,NW_019862913.1_297572_298109
LOC112048035,NW_019862913.1,-,SE,0,-0.884,297572,298109,NW_019862913.1_297572_298109
LOC112048035,NW_019862913.1,-,SE,0,-0.781,297572,298109,NW_019862913.1_297572_298109
LOC112048035,NW_019862913.1,-,SE,0,-0.929,297572,298109,NW_019862913.1_297572_298109
LOC112048035,NW_019862913.1,-,SE,0.002756013,-0.073,325899,326217,NW_019862913.1_325899_326217
LOC112048035,NW_019862913.1,-,SE,0.001219399,-0.078,325899,326293,NW_019862913.1_325899_326293
LOC112052885,NW_019862759.1,+,SE,0,0.086,1128483,1128877,NW_019862759.1_1128483_1128877
LOC112052885,NW_019862759.1,+,SE,0,0.077,1128537,1128877,NW_019862759.1_1128537_1128877
LOC112052885,NW_019862759.1,+,SE,0,0.064,1128611,1128877,NW_019862759.1_1128611_1128877
LOC112049882,NW_019862996.1,+,SE,4.10E-10,-0.621,233844,234300,NW_019862996.1_233844_234300
LOC112049328,NW_019862968.1,+,SE,8.67E-08,0.086,172397,172739,NW_019862968.1_172397_172739
LOC112049328,NW_019862968.1,+,SE,5.21E-06,0.066,172398,172738,NW_019862968.1_172398_172738
LOC112049328,NW_019862968.1,+,SE,9.30E-08,0.086,172399,172739,NW_019862968.1_172399_172739
LOC112054929,NW_019863433.1,+,SE,0,0.46,120146,120723,NW_019863433.1_120146_120723
LOC112054929,NW_019863433.1,+,SE,0,0.461,120250,120723,NW_019863433.1_120250_120723
LOC112054929,NW_019863433.1,+,SE,0,0.46,120257,120723,NW_019863433.1_120257_120723
LOC112049613,NW_019862981.1,+,SE,5.86E-12,-0.291,237079,237352,NW_019862981.1_237079_237352
LOC112055556,NW_019863549.1,+,SE,0.001731896,0.192,87167,87518,NW_019863549.1_87167_87518
LOC112055556,NW_019863549.1,+,SE,0.016718414,0.228,87191,87507,NW_019863549.1_87191_87507
LOC112055556,NW_019863549.1,+,SE,0.011332025,0.237,87194,87507,NW_019863549.1_87194_87507
LOC112055556,NW_019863549.1,+,SE,0.01157926,0.238,87200,87507,NW_019863549.1_87200_87507
LOC112055556,NW_019863549.1,+,SE,1.08E-06,0.292,87222,87518,NW_019863549.1_87222_87518
LOC112049399,NW_019862971.1,+,SE,0.004571596,-0.067,208742,209065,NW_019862971.1_208742_209065
LOC112052849,NW_019863181.1,-,SE,4.67E-10,0.108,160488,160795,NW_019863181.1_160488_160795
LOC112052849,NW_019863181.1,-,SE,0,0.056,160490,160795,NW_019863181.1_160490_160795
LOC112043279,NW_019862788.1,-,SE,0,0.136,35218,35487,NW_019862788.1_35218_35487
LOC112048935,NW_019862952.1,-,SE,0.018593458,0.016,562078,562376,NW_019862952.1_562078_562376
LOC112048935,NW_019862952.1,-,SE,0.047850666,0.025,562078,562384,NW_019862952.1_562078_562384
LOC112043342,NW_019862788.1,-,SE,0.000440131,0.033,1323851,1324166,NW_019862788.1_1323851_1324166
LOC112052563,NW_019863158.1,+,SE,0.000118231,-0.099,231201,231504,NW_019863158.1_231201_231504
LOC112052563,NW_019863158.1,+,SE,0.031412006,-0.049,231221,231504,NW_019863158.1_231221_231504
LOC112044157,NW_019862804.1,+,SE,0.00839347,-0.046,658614,659105,NW_019862804.1_658614_659105
LOC112044157,NW_019862804.1,+,SE,0.008444276,-0.046,658763,659105,NW_019862804.1_658763_659105
LOC112044157,NW_019862804.1,+,SE,0.009984456,-0.046,658784,659105,NW_019862804.1_658784_659105
LOC112044157,NW_019862804.1,+,SE,0.018617769,-0.042,658813,659105,NW_019862804.1_658813_659105
LOC112044157,NW_019862804.1,+,SE,0.024011976,-0.04,658829,659105,NW_019862804.1_658829_659105
LOC112048371,NW_019862927.1,+,SE,0.000479248,0.249,69585,70088,NW_019862927.1_69585_70088
LOC112056106,NW_019863702.1,-,SE,0,0.145,31085,31495,NW_019863702.1_31085_31495
LOC112052160,NW_019863131.1,+,SE,2.83E-09,0.768,84706,85404,NW_019863131.1_84706_85404
LOC112054313,NW_019863342.1,+,SE,0,-0.554,93529,93833,NW_019863342.1_93529_93833
LOC112048202,NW_019862921.1,-,SE,0.002144835,-0.021,303830,304486,NW_019862921.1_303830_304486
LOC112048202,NW_019862921.1,-,SE,2.01E-08,0.254,323124,323669,NW_019862921.1_323124_323669
LOC112048589,NW_019862935.1,-,SE,6.57E-07,-0.188,496969,497293,NW_019862935.1_496969_497293
LOC112044665,NW_019862815.1,+,SE,0,-0.43,152650,153128,NW_019862815.1_152650_153128
LOC112044665,NW_019862815.1,+,SE,0,-0.414,152788,153128,NW_019862815.1_152788_153128
LOC112044037,NW_019862802.1,+,SE,0.002577423,-0.355,554524,554992,NW_019862802.1_554524_554992
LOC112044037,NW_019862802.1,+,SE,0.002779317,-0.348,554628,554992,NW_019862802.1_554628_554992
LOC112044037,NW_019862802.1,+,SE,0.001915165,-0.39,554688,554992,NW_019862802.1_554688_554992
LOC112049969,NW_019862756.1,+,SE,0.014751896,0.33,843057,843411,NW_019862756.1_843057_843411
LOC112049969,NW_019862756.1,+,SE,0.003452678,-0.42,1143890,1144248,NW_019862756.1_1143890_1144248
LOC112049969,NW_019862756.1,+,SE,0.003452678,-0.42,1143890,1144508,NW_019862756.1_1143890_1144508
LOC112049969,NW_019862756.1,+,SE,0.003452678,-0.42,1143890,1144529,NW_019862756.1_1143890_1144529
LOC112051626,NW_019863091.1,-,SE,0.025483587,0.048,248036,248273,NW_019863091.1_248036_248273
LOC112048842,NW_019862947.1,+,SE,2.14E-13,-0.664,8027,8425,NW_019862947.1_8027_8425
LOC112052654,NW_019863167.1,-,SE,0.001809859,-0.068,196960,197270,NW_019863167.1_196960_197270
LOC112055705,NW_019863590.1,+,SE,0.007633392,0.067,56064,56315,NW_019863590.1_56064_56315
LOC112050604,NW_019863032.1,-,SE,0.000312022,-0.098,121508,121791,NW_019863032.1_121508_121791
LOC112051807,NW_019863105.1,-,SE,0.021977332,0.023,82154,82677,NW_019863105.1_82154_82677
LOC112046296,NW_019862853.1,-,SE,0.024382792,-0.176,322911,323119,NW_019862853.1_322911_323119
LOC112046296,NW_019862853.1,-,SE,2.13E-14,-0.421,322911,323270,NW_019862853.1_322911_323270
LOC112046296,NW_019862853.1,-,SE,2.13E-14,-0.421,322911,323298,NW_019862853.1_322911_323298
LOC112046296,NW_019862853.1,-,SE,2.13E-14,-0.421,322911,323304,NW_019862853.1_322911_323304
LOC112046296,NW_019862853.1,-,SE,2.13E-14,-0.421,322911,323331,NW_019862853.1_322911_323331
LOC112046296,NW_019862853.1,-,SE,2.13E-14,-0.421,322911,323402,NW_019862853.1_322911_323402
LOC112046296,NW_019862853.1,-,SE,2.13E-14,-0.421,322911,323419,NW_019862853.1_322911_323419
LOC112046296,NW_019862853.1,-,SE,2.13E-14,-0.421,322911,323495,NW_019862853.1_322911_323495
LOC112046296,NW_019862853.1,-,SE,1.45E-14,-0.42,322911,323545,NW_019862853.1_322911_323545
LOC112058472,NW_019862777.1,-,SE,0.000814321,-0.085,216905,217233,NW_019862777.1_216905_217233
LOC112058472,NW_019862777.1,-,SE,0.000298224,-0.1,216909,217233,NW_019862777.1_216909_217233
LOC112046108,NW_019862848.1,+,SE,0.004565683,-0.026,333508,333864,NW_019862848.1_333508_333864
LOC112057756,NW_019862766.1,-,SE,0.021380131,0.02,160503,161032,NW_019862766.1_160503_161032
LOC112057756,NW_019862766.1,-,SE,0.021380131,0.02,160505,161032,NW_019862766.1_160505_161032
LOC112057756,NW_019862766.1,-,SE,0.021380131,0.02,160508,161032,NW_019862766.1_160508_161032
LOC112057756,NW_019862766.1,-,SE,0.021380131,0.02,160682,161032,NW_019862766.1_160682_161032
LOC112057756,NW_019862766.1,-,SE,1.10E-06,0.034,160811,161032,NW_019862766.1_160811_161032
LOC112053170,NW_019863214.1,-,SE,1.17E-06,-0.123,180920,181216,NW_019863214.1_180920_181216
LOC112053170,NW_019863214.1,-,SE,0.039178831,-0.171,184817,185119,NW_019863214.1_184817_185119
LOC112044504,NW_019862810.1,-,SE,6.41E-07,-0.015,1164606,1165017,NW_019862810.1_1164606_1165017
LOC112044504,NW_019862810.1,-,SE,0.000826812,-0.012,1164606,1165121,NW_019862810.1_1164606_1165121
LOC112044504,NW_019862810.1,-,SE,1.22E-13,0.066,1165815,1166261,NW_019862810.1_1165815_1166261
LOC112044504,NW_019862810.1,-,SE,1.22E-13,0.066,1165815,1166263,NW_019862810.1_1165815_1166263
LOC112044504,NW_019862810.1,-,SE,1.15E-13,0.066,1165815,1166295,NW_019862810.1_1165815_1166295
LOC112044504,NW_019862810.1,-,SE,8.46E-11,0.063,1165816,1166244,NW_019862810.1_1165816_1166244
LOC112050120,NW_019863006.1,-,SE,0.001619061,0.063,472624,472855,NW_019863006.1_472624_472855
LOC112049434,NW_019862973.1,-,SE,0.008612577,-0.066,68337,68607,NW_019862973.1_68337_68607
LOC112049434,NW_019862973.1,-,SE,0.00332226,-0.074,68337,68657,NW_019862973.1_68337_68657
LOC112051191,NW_019863068.1,+,SE,0.019714995,0.157,148133,148416,NW_019863068.1_148133_148416
LOC112054727,NW_019863402.1,-,SE,9.72E-07,0.112,71190,71506,NW_019863402.1_71190_71506
LOC112054727,NW_019863402.1,-,SE,1.48E-13,0.181,79254,79524,NW_019863402.1_79254_79524
LOC112058280,NW_019862773.1,+,SE,0,-0.179,902679,903328,NW_019862773.1_902679_903328
LOC112058280,NW_019862773.1,+,SE,0,-0.216,902694,903328,NW_019862773.1_902694_903328
LOC112058280,NW_019862773.1,+,SE,0,-0.238,902828,903328,NW_019862773.1_902828_903328
LOC112058280,NW_019862773.1,+,SE,0,-0.173,902947,903328,NW_019862773.1_902947_903328
LOC112047928,NW_019862908.1,-,SE,0.000306583,-0.117,419402,419683,NW_019862908.1_419402_419683
LOC112055822,NW_019863624.1,+,SE,0.01351138,0.111,60184,60442,NW_019863624.1_60184_60442
LOC112054966,NW_019863441.1,+,SE,0.009421267,0.026,94243,94541,NW_019863441.1_94243_94541
LOC112043675,NW_019862794.1,-,SE,0,0.387,1273481,1274025,NW_019862794.1_1273481_1274025
LOC112043675,NW_019862794.1,-,SE,2.82E-14,-0.088,1288783,1289313,NW_019862794.1_1288783_1289313
LOC112043675,NW_019862794.1,-,SE,6.67E-13,-0.081,1288947,1289313,NW_019862794.1_1288947_1289313
LOC112043675,NW_019862794.1,-,SE,5.54E-14,-0.089,1288951,1289313,NW_019862794.1_1288951_1289313
LOC112043675,NW_019862794.1,-,SE,3.18E-06,-0.147,1289077,1289293,NW_019862794.1_1289077_1289293
LOC112044245,NW_019862805.1,-,SE,0.047897955,-0.03,1014434,1014664,NW_019862805.1_1014434_1014664
LOC112055884,NW_019863649.1,-,SE,2.92E-08,-0.482,81159,81608,NW_019863649.1_81159_81608
LOC112052778,NW_019863175.1,-,SE,4.54E-06,0.36,91136,91386,NW_019863175.1_91136_91386
LOC112052778,NW_019863175.1,-,SE,0.028382274,0.064,91136,91394,NW_019863175.1_91136_91394
LOC112049982,NW_019863001.1,-,SE,0.048737805,0.313,334408,334793,NW_019863001.1_334408_334793
LOC112049982,NW_019863001.1,-,SE,2.15E-05,-0.301,349590,349850,NW_019863001.1_349590_349850
LOC112054442,NW_019863357.1,+,SE,0.02192955,-0.1,158140,158612,NW_019863357.1_158140_158612
LOC112051355,NW_019863077.1,-,SE,1.49E-08,-0.069,34266,34506,NW_019863077.1_34266_34506
LOC112051355,NW_019863077.1,-,SE,1.30E-06,-0.065,34266,34517,NW_019863077.1_34266_34517
LOC112051355,NW_019863077.1,-,SE,1.59E-06,-0.081,34266,34654,NW_019863077.1_34266_34654
LOC112051355,NW_019863077.1,-,SE,2.14E-06,-0.08,34266,34759,NW_019863077.1_34266_34759
LOC112051355,NW_019863077.1,-,SE,4.49E-07,-0.085,34266,34804,NW_019863077.1_34266_34804
LOC112047485,NW_019862894.1,-,SE,0.004379979,0.207,901513,901875,NW_019862894.1_901513_901875
LOC112047485,NW_019862894.1,-,SE,3.30E-08,-0.143,902310,902805,NW_019862894.1_902310_902805
LOC112054798,NW_019863415.1,-,SE,0.039357984,-0.058,107649,107907,NW_019863415.1_107649_107907
LOC112054798,NW_019863415.1,-,SE,0.002363813,-0.066,107649,107938,NW_019863415.1_107649_107938
LOC112054798,NW_019863415.1,-,SE,0.012556462,-0.057,107649,107941,NW_019863415.1_107649_107941
LOC112054798,NW_019863415.1,-,SE,0.003405918,-0.063,107649,107949,NW_019863415.1_107649_107949
LOC112054798,NW_019863415.1,-,SE,0.010768288,-0.059,107649,107952,NW_019863415.1_107649_107952
LOC112054798,NW_019863415.1,-,SE,0.000872809,-0.071,107649,107971,NW_019863415.1_107649_107971
LOC112054798,NW_019863415.1,-,SE,1.35E-05,-0.087,107649,107991,NW_019863415.1_107649_107991
LOC112054798,NW_019863415.1,-,SE,2.34E-05,-0.083,107649,108016,NW_019863415.1_107649_108016
LOC112054798,NW_019863415.1,-,SE,2.93E-06,-0.113,107649,108019,NW_019863415.1_107649_108019
LOC112054798,NW_019863415.1,-,SE,2.34E-05,-0.083,107649,108227,NW_019863415.1_107649_108227
LOC112053737,NW_019863277.1,+,SE,0.00112556,0.159,17917,18180,NW_019863277.1_17917_18180
LOC112053737,NW_019863277.1,+,SE,0.000329056,0.147,17917,18229,NW_019863277.1_17917_18229
LOC112051380,NW_019863079.1,+,SE,6.50E-07,-0.401,39484,39806,NW_019863079.1_39484_39806
LOC112051380,NW_019863079.1,+,SE,0.038904398,-0.074,39484,40017,NW_019863079.1_39484_40017
LOC112051380,NW_019863079.1,+,SE,1.24E-05,-0.399,39510,40017,NW_019863079.1_39510_40017
LOC112051386,NW_019863079.1,+,SE,5.03E-05,0.05,69567,69944,NW_019863079.1_69567_69944
LOC112054625,NW_019863386.1,-,SE,4.92E-06,-0.329,44932,45329,NW_019863386.1_44932_45329
LOC112058407,NW_019862776.1,+,SE,0.025058541,-0.035,484154,484853,NW_019862776.1_484154_484853
LOC112058407,NW_019862776.1,+,SE,0.02125448,-0.028,484162,484450,NW_019862776.1_484162_484450
LOC112058407,NW_019862776.1,+,SE,0.014043198,-0.031,484189,484450,NW_019862776.1_484189_484450
LOC112043416,NW_019862790.1,+,SE,0.000536734,-0.029,565286,565588,NW_019862790.1_565286_565588
LOC112043416,NW_019862790.1,+,SE,0,0.672,577977,578224,NW_019862790.1_577977_578224
LOC112045726,NW_019862839.1,-,SE,0.000676169,-0.132,807386,807886,NW_019862839.1_807386_807886
LOC112045726,NW_019862839.1,-,SE,0.001462452,-0.224,807386,807928,NW_019862839.1_807386_807928
LOC112045726,NW_019862839.1,-,SE,5.49E-05,-0.125,807518,807750,NW_019862839.1_807518_807750
LOC112045726,NW_019862839.1,-,SE,3.84E-06,-0.07,807518,808070,NW_019862839.1_807518_808070
LOC112045075,NW_019862751.1,-,SE,5.88E-05,-0.187,2663075,2663401,NW_019862751.1_2663075_2663401
LOC112045075,NW_019862751.1,-,SE,0.002970622,-0.11,2663075,2663427,NW_019862751.1_2663075_2663427
LOC112058574,NW_019862778.1,-,SE,3.83E-11,0.153,1350604,1350979,NW_019862778.1_1350604_1350979
LOC112058574,NW_019862778.1,-,SE,3.83E-09,0.562,1350636,1350979,NW_019862778.1_1350636_1350979
LOC112058432,NW_019862776.1,-,SE,0.017448112,-0.228,1161587,1162201,NW_019862776.1_1161587_1162201
LOC112058432,NW_019862776.1,-,SE,0.017498646,-0.227,1161785,1162201,NW_019862776.1_1161785_1162201
LOC112058432,NW_019862776.1,-,SE,0.003826657,-0.227,1161798,1162138,NW_019862776.1_1161798_1162138
LOC112058432,NW_019862776.1,-,SE,0.003095955,-0.227,1161798,1162143,NW_019862776.1_1161798_1162143
LOC112043682,NW_019862794.1,+,SE,0,-0.142,1405099,1405555,NW_019862794.1_1405099_1405555
LOC112043682,NW_019862794.1,+,SE,0,-0.142,1405102,1405555,NW_019862794.1_1405102_1405555
LOC112055759,NW_019863602.1,-,SE,0.00040908,0.057,7047,7552,NW_019863602.1_7047_7552
LOC112050705,NW_019863039.1,+,SE,4.80E-09,-0.164,246924,247353,NW_019863039.1_246924_247353
LOC112050705,NW_019863039.1,+,SE,0.000623419,-0.089,247095,247357,NW_019863039.1_247095_247357
LOC112043377,NW_019862789.1,+,SE,0,0.76,846513,847209,NW_019862789.1_846513_847209
LOC112043377,NW_019862789.1,+,SE,0,0.737,846868,847156,NW_019862789.1_846868_847156
LOC112043377,NW_019862789.1,+,SE,0,0.733,846868,847162,NW_019862789.1_846868_847162
LOC112043377,NW_019862789.1,+,SE,0,0.71,846868,847205,NW_019862789.1_846868_847205
LOC112043377,NW_019862789.1,+,SE,0,0.763,846886,847209,NW_019862789.1_846886_847209
LOC112050166,NW_019863009.1,-,SE,0,-0.321,165760,166099,NW_019863009.1_165760_166099
LOC112044854,NW_019862818.1,-,SE,4.39E-13,0.588,195065,195574,NW_019862818.1_195065_195574
LOC112053525,NW_019863249.1,+,SE,3.11E-06,0.185,89168,89449,NW_019863249.1_89168_89449
LOC112057757,NW_019862766.1,+,SE,0.00395998,-0.144,165684,165907,NW_019862766.1_165684_165907
LOC112056791,NW_019862764.1,-,SE,0.024531142,0.053,146309,146695,NW_019862764.1_146309_146695
LOC112056791,NW_019862764.1,-,SE,0.010387209,0.098,146411,146695,NW_019862764.1_146411_146695
LOC112056937,NW_019862764.1,+,SE,1.53E-05,0.017,1060271,1060540,NW_019862764.1_1060271_1060540
LOC112043159,NW_019862786.1,-,SE,0.004801054,0.126,1009063,1009438,NW_019862786.1_1009063_1009438
LOC112043159,NW_019862786.1,-,SE,0.003680207,0.127,1009063,1009459,NW_019862786.1_1009063_1009459
LOC112043159,NW_019862786.1,-,SE,0.003680207,0.127,1009063,1009472,NW_019862786.1_1009063_1009472
LOC112057089,NW_019862764.1,-,SE,6.80E-12,-0.261,1611802,1612486,NW_019862764.1_1611802_1612486
LOC112057117,NW_019862764.1,-,SE,1.82E-05,0.07,1703697,1703987,NW_019862764.1_1703697_1703987
LOC112047053,NW_019862881.1,-,SE,0.000271649,-0.038,667697,668013,NW_019862881.1_667697_668013
LOC112049660,NW_019862756.1,+,SE,0.032526857,0.146,185090,185471,NW_019862756.1_185090_185471
LOC112044311,NW_019862806.1,+,SE,9.82E-09,-0.248,809234,809745,NW_019862806.1_809234_809745
LOC112044311,NW_019862806.1,+,SE,0.003207612,-0.09,809482,809745,NW_019862806.1_809482_809745
LOC112045455,NW_019862832.1,-,SE,8.03E-06,-0.083,234232,234535,NW_019862832.1_234232_234535
LOC112057294,NW_019862764.1,-,SE,0,0.087,2261433,2261714,NW_019862764.1_2261433_2261714
LOC112057294,NW_019862764.1,-,SE,0.00112556,0.579,2261433,2261714,NW_019862764.1_2261433_2261714
LOC112057294,NW_019862764.1,-,SE,0.01367151,-0.255,2263032,2263318,NW_019862764.1_2263032_2263318
LOC112057294,NW_019862764.1,-,SE,6.23E-05,-0.37,2263032,2263359,NW_019862764.1_2263032_2263359
LOC112057294,NW_019862764.1,-,SE,4.68E-05,-0.35,2263032,2263374,NW_019862764.1_2263032_2263374
LOC112057725,NW_019862765.1,-,SE,0.002166559,-0.212,1960629,1961145,NW_019862765.1_1960629_1961145
LOC112057725,NW_019862765.1,-,SE,0.002143701,-0.213,1960629,1961225,NW_019862765.1_1960629_1961225
LOC112055413,NW_019863520.1,-,SE,0.024814558,0.125,128679,129101,NW_019863520.1_128679_129101
LOC112046511,NW_019862859.1,+,SE,0.026982547,0.068,486181,486452,NW_019862859.1_486181_486452
LOC112044442,NW_019862809.1,+,SE,0.000715077,-0.164,825594,825888,NW_019862809.1_825594_825888
LOC112055427,NW_019863522.1,-,SE,1.10E-05,-0.042,79002,79360,NW_019863522.1_79002_79360
LOC112051082,NW_019863062.1,-,SE,5.69E-10,0.092,288012,288310,NW_019863062.1_288012_288310
LOC112053895,NW_019863292.1,-,SE,0.00332226,0.031,32259,32847,NW_019863292.1_32259_32847
LOC112053895,NW_019863292.1,-,SE,0.016483416,0.024,32402,32847,NW_019863292.1_32402_32847
LOC112053895,NW_019863292.1,-,SE,0.005926375,0.165,35801,36088,NW_019863292.1_35801_36088
LOC112053895,NW_019863292.1,-,SE,0.015298457,0.14,35801,36157,NW_019863292.1_35801_36157
LOC112053895,NW_019863292.1,-,SE,0.014376251,0.141,35801,36182,NW_019863292.1_35801_36182
LOC112053895,NW_019863292.1,-,SE,0.017968113,-0.121,37004,37556,NW_019863292.1_37004_37556
LOC112053895,NW_019863292.1,-,SE,0.017968113,-0.121,37177,37556,NW_019863292.1_37177_37556
LOC112053886,NW_019863292.1,+,SE,0,-0.773,114672,115017,NW_019863292.1_114672_115017
LOC112053886,NW_019863292.1,+,SE,0,-0.716,114694,115015,NW_019863292.1_114694_115015
LOC112053886,NW_019863292.1,+,SE,0,-0.791,114741,115017,NW_019863292.1_114741_115017
LOC112053886,NW_019863292.1,+,SE,0,-0.354,155655,156202,NW_019863292.1_155655_156202
LOC112053886,NW_019863292.1,+,SE,0,-0.354,155715,156202,NW_019863292.1_155715_156202
LOC112053886,NW_019863292.1,+,SE,0,-0.354,155734,156202,NW_019863292.1_155734_156202
LOC112053886,NW_019863292.1,+,SE,0,-0.354,155762,156202,NW_019863292.1_155762_156202
LOC112053886,NW_019863292.1,+,SE,0,-0.354,155790,156202,NW_019863292.1_155790_156202
LOC112053886,NW_019863292.1,+,SE,0,-0.325,155890,156202,NW_019863292.1_155890_156202
LOC112055473,NW_019863529.1,-,SE,9.80E-06,0.104,107029,107439,NW_019863529.1_107029_107439
LOC112049011,NW_019862755.1,+,SE,0.000208761,0.088,2065297,2065605,NW_019862755.1_2065297_2065605
LOC112049011,NW_019862755.1,+,SE,0.000168854,0.091,2065320,2065605,NW_019862755.1_2065320_2065605
LOC112058419,NW_019862776.1,-,SE,0.001575142,-0.015,786896,787209,NW_019862776.1_786896_787209
LOC112058418,NW_019862776.1,-,SE,0.023111389,0.022,802177,802642,NW_019862776.1_802177_802642
LOC112058418,NW_019862776.1,-,SE,0.004067368,0.038,802238,802638,NW_019862776.1_802238_802638
LOC112058418,NW_019862776.1,-,SE,0.012093311,0.031,802392,802642,NW_019862776.1_802392_802642
LOC112043638,NW_019862793.1,-,SE,1.72E-09,-0.06,1212420,1212734,NW_019862793.1_1212420_1212734
LOC112043638,NW_019862793.1,-,SE,3.50E-08,-0.066,1212479,1212727,NW_019862793.1_1212479_1212727
LOC112043638,NW_019862793.1,-,SE,0.000167329,-0.046,1212519,1212734,NW_019862793.1_1212519_1212734
LOC112052373,NW_019862759.1,+,SE,6.72E-06,0.105,2018264,2018501,NW_019862759.1_2018264_2018501
LOC112052373,NW_019862759.1,+,SE,2.27E-07,-0.068,2029538,2029824,NW_019862759.1_2029538_2029824
LOC112051501,NW_019863086.1,-,SE,0,-0.079,252263,252604,NW_019863086.1_252263_252604
LOC112051501,NW_019863086.1,-,SE,1.15E-13,-0.096,252311,252599,NW_019863086.1_252311_252599
LOC112051501,NW_019863086.1,-,SE,0,-0.197,252311,252604,NW_019863086.1_252311_252604
LOC112051501,NW_019863086.1,-,SE,1.45E-14,-0.098,252311,252626,NW_019863086.1_252311_252626
LOC112053720,NW_019863276.1,-,SE,0,-0.488,170553,170804,NW_019863276.1_170553_170804
LOC112053720,NW_019863276.1,-,SE,0,-0.271,170555,170795,NW_019863276.1_170555_170795
LOC112053720,NW_019863276.1,-,SE,0.005740106,-0.242,170555,170807,NW_019863276.1_170555_170807
LOC112058296,NW_019862773.1,+,SE,0,0.587,1390084,1390416,NW_019862773.1_1390084_1390416
LOC112058296,NW_019862773.1,+,SE,0,0.736,1390175,1390416,NW_019862773.1_1390175_1390416
LOC112054484,NW_019863363.1,-,SE,0,-0.272,23595,24166,NW_019863363.1_23595_24166
LOC112054484,NW_019863363.1,-,SE,0,-0.1,23777,24166,NW_019863363.1_23777_24166
LOC112054484,NW_019863363.1,-,SE,0.010855554,0.01,24502,24801,NW_019863363.1_24502_24801
LOC112054484,NW_019863363.1,-,SE,0.002041658,0.012,24502,24826,NW_019863363.1_24502_24826
LOC112046732,NW_019862869.1,-,SE,0.032504997,0.01,35511,35744,NW_019862869.1_35511_35744
LOC112046728,NW_019862869.1,+,SE,3.83E-09,-0.141,489677,490046,NW_019862869.1_489677_490046
LOC112046755,NW_019862869.1,-,SE,6.38E-05,-0.177,743703,743960,NW_019862869.1_743703_743960
LOC112046755,NW_019862869.1,-,SE,8.02E-06,-0.182,743749,743960,NW_019862869.1_743749_743960
LOC112058072,NW_019862771.1,+,SE,0,0.43,409091,409348,NW_019862771.1_409091_409348
LOC112056174,NW_019863727.1,-,SE,0,0.342,21676,21958,NW_019863727.1_21676_21958
LOC112056174,NW_019863727.1,-,SE,0,-0.065,23701,23977,NW_019863727.1_23701_23977
LOC112056174,NW_019863727.1,-,SE,1.36E-07,-0.201,28116,28361,NW_019863727.1_28116_28361
LOC112054232,NW_019863330.1,+,SE,8.70E-05,-0.155,142588,142914,NW_019863330.1_142588_142914
LOC112054232,NW_019863330.1,+,SE,9.79E-05,-0.149,142588,143068,NW_019863330.1_142588_143068
LOC112050883,NW_019862757.1,+,SE,1.08E-07,-0.159,1776444,1776818,NW_019862757.1_1776444_1776818
LOC112050883,NW_019862757.1,+,SE,3.08E-07,-0.142,1776447,1776818,NW_019862757.1_1776447_1776818
LOC112050883,NW_019862757.1,+,SE,6.09E-07,-0.138,1776456,1776818,NW_019862757.1_1776456_1776818
LOC112051183,NW_019863067.1,+,SE,2.87E-09,-0.043,251009,251267,NW_019863067.1_251009_251267
LOC112055047,NW_019863452.1,+,SE,0.040004393,0.011,12457,12961,NW_019863452.1_12457_12961
LOC112055047,NW_019863452.1,+,SE,0.034633344,0.012,12467,12961,NW_019863452.1_12467_12961
LOC112042907,NW_019862781.1,+,SE,0.005975505,-0.124,1492355,1492599,NW_019862781.1_1492355_1492599
LOC112042907,NW_019862781.1,+,SE,0.00027893,-0.027,1648151,1648422,NW_019862781.1_1648151_1648422
LOC112050031,NW_019863002.1,+,SE,0.018181003,-0.527,280432,280692,NW_019863002.1_280432_280692
LOC112055966,NW_019863669.1,-,SE,0,-0.623,43639,43993,NW_019863669.1_43639_43993
LOC112055966,NW_019863669.1,-,SE,0,-0.645,43647,43993,NW_019863669.1_43647_43993
LOC112055966,NW_019863669.1,-,SE,0,-0.187,43647,44007,NW_019863669.1_43647_44007
LOC112055966,NW_019863669.1,-,SE,0,-0.518,43652,44007,NW_019863669.1_43652_44007
LOC112055966,NW_019863669.1,-,SE,0,-0.598,43676,43993,NW_019863669.1_43676_43993
LOC112052396,NW_019863145.1,-,SE,0.007985379,-0.008,116823,117120,NW_019863145.1_116823_117120
LOC112051923,NW_019863112.1,-,SE,0,-0.306,292416,292658,NW_019863112.1_292416_292658
LOC112047257,NW_019862886.1,-,SE,0.026504144,0.018,149955,150177,NW_019862886.1_149955_150177
LOC112047257,NW_019862886.1,-,SE,0.020355582,0.021,149958,150177,NW_019862886.1_149958_150177
LOC112049569,NW_019862979.1,-,SE,0,0.633,471177,471400,NW_019862979.1_471177_471400
LOC112049569,NW_019862979.1,-,SE,0,0.724,471177,471496,NW_019862979.1_471177_471496
LOC112049569,NW_019862979.1,-,SE,0,0.713,471177,471519,NW_019862979.1_471177_471519
LOC112049569,NW_019862979.1,-,SE,0,0.708,471177,471560,NW_019862979.1_471177_471560
LOC112049569,NW_019862979.1,-,SE,0,0.71,471177,471748,NW_019862979.1_471177_471748
LOC112055815,NW_019863623.1,-,SE,0.001484131,-0.155,25565,25880,NW_019863623.1_25565_25880
LOC112055815,NW_019863623.1,-,SE,3.92E-05,-0.577,26596,26920,NW_019863623.1_26596_26920
LOC112044923,NW_019862820.1,-,SE,6.48E-08,0.095,924885,925230,NW_019862820.1_924885_925230
LOC112044923,NW_019862820.1,-,SE,6.82E-08,0.074,924961,925230,NW_019862820.1_924961_925230
LOC112044923,NW_019862820.1,-,SE,6.11E-08,0.069,924962,925242,NW_019862820.1_924962_925242
LOC112058060,NW_019862749.1,-,SE,0,0.103,2232896,2233280,NW_019862749.1_2232896_2233280
LOC112058060,NW_019862749.1,-,SE,4.34E-06,0.38,2232902,2233280,NW_019862749.1_2232902_2233280
LOC112047055,NW_019862753.1,-,SE,0.00127239,-0.38,1465762,1466045,NW_019862753.1_1465762_1466045
LOC112047055,NW_019862753.1,-,SE,0.001095605,-0.38,1465762,1466048,NW_019862753.1_1465762_1466048
LOC112047055,NW_019862753.1,-,SE,0.000794137,-0.385,1465762,1466342,NW_019862753.1_1465762_1466342
LOC112047055,NW_019862753.1,-,SE,0.025347877,-0.084,1467003,1467290,NW_019862753.1_1467003_1467290
LOC112047055,NW_019862753.1,-,SE,0.026530664,-0.101,1467003,1467384,NW_019862753.1_1467003_1467384
LOC112045656,NW_019862837.1,+,SE,1.09E-13,-0.052,381998,382321,NW_019862837.1_381998_382321
LOC112045656,NW_019862837.1,+,SE,2.82E-14,-0.051,381998,382351,NW_019862837.1_381998_382351
LOC112047132,NW_019862882.1,+,SE,0.017030024,0.029,364552,364899,NW_019862882.1_364552_364899
LOC112054908,NW_019863430.1,-,SE,7.35E-07,-0.053,38991,39463,NW_019863430.1_38991_39463
LOC112053742,NW_019863277.1,+,SE,3.94E-09,-0.145,46932,47618,NW_019863277.1_46932_47618
LOC112058541,NW_019862778.1,+,SE,6.75E-11,-0.058,1039474,1040044,NW_019862778.1_1039474_1040044
LOC112058541,NW_019862778.1,+,SE,6.75E-11,-0.058,1039522,1040044,NW_019862778.1_1039522_1040044
LOC112058541,NW_019862778.1,+,SE,6.75E-11,-0.058,1039574,1040044,NW_019862778.1_1039574_1040044
LOC112058541,NW_019862778.1,+,SE,4.92E-11,-0.059,1039596,1040044,NW_019862778.1_1039596_1040044
LOC112058541,NW_019862778.1,+,SE,4.67E-10,-0.06,1039729,1040044,NW_019862778.1_1039729_1040044
LOC112052608,NW_019862759.1,-,SE,0,0.775,369637,369882,NW_019862759.1_369637_369882
LOC112052608,NW_019862759.1,-,SE,0,0.375,370086,370346,NW_019862759.1_370086_370346
LOC112052608,NW_019862759.1,-,SE,0,0.889,370086,370382,NW_019862759.1_370086_370382
LOC112052608,NW_019862759.1,-,SE,0,0.484,370086,370382,NW_019862759.1_370086_370382
LOC112052608,NW_019862759.1,-,SE,0,0.887,370086,370523,NW_019862759.1_370086_370523
LOC112052608,NW_019862759.1,-,SE,0,0.593,370086,370523,NW_019862759.1_370086_370523
LOC112052608,NW_019862759.1,-,SE,0,0.483,379483,379755,NW_019862759.1_379483_379755
LOC112052608,NW_019862759.1,-,SE,0,0.492,379483,379758,NW_019862759.1_379483_379758
LOC112052608,NW_019862759.1,-,SE,0,0.549,379483,379797,NW_019862759.1_379483_379797
LOC112052608,NW_019862759.1,-,SE,0,0.576,379483,379845,NW_019862759.1_379483_379845
LOC112053123,NW_019862759.1,-,SE,0,-0.786,1779207,1779537,NW_019862759.1_1779207_1779537
LOC112053123,NW_019862759.1,-,SE,0,-0.756,1779207,1779552,NW_019862759.1_1779207_1779552
LOC112053123,NW_019862759.1,-,SE,0,-0.753,1779207,1779605,NW_019862759.1_1779207_1779605
LOC112053123,NW_019862759.1,-,SE,0,-0.747,1779207,1779690,NW_019862759.1_1779207_1779690
LOC112053123,NW_019862759.1,-,SE,0,-0.741,1779207,1779786,NW_019862759.1_1779207_1779786
LOC112053123,NW_019862759.1,-,SE,0,-0.753,1779207,1779801,NW_019862759.1_1779207_1779801
LOC112051828,NW_019863106.1,+,SE,0.004300619,-0.127,254693,255126,NW_019863106.1_254693_255126
LOC112051828,NW_019863106.1,+,SE,0.004300619,-0.127,254697,255126,NW_019863106.1_254697_255126
LOC112051828,NW_019863106.1,+,SE,0.003245177,-0.131,254729,255126,NW_019863106.1_254729_255126
LOC112051828,NW_019863106.1,+,SE,0.020597987,-0.026,254729,255133,NW_019863106.1_254729_255133
LOC112051828,NW_019863106.1,+,SE,0.000214459,-0.15,254799,255126,NW_019863106.1_254799_255126
LOC112051828,NW_019863106.1,+,SE,1.44E-05,-0.179,254822,255126,NW_019863106.1_254822_255126
LOC112051828,NW_019863106.1,+,SE,7.77E-07,-0.078,254822,255133,NW_019863106.1_254822_255133
LOC112051828,NW_019863106.1,+,SE,0.000131807,-0.168,254830,255126,NW_019863106.1_254830_255126
LOC112051828,NW_019863106.1,+,SE,1.60E-05,-0.059,254830,255133,NW_019863106.1_254830_255133
LOC112051828,NW_019863106.1,+,SE,3.28E-05,-0.166,254880,255126,NW_019863106.1_254880_255126
LOC112051828,NW_019863106.1,+,SE,7.46E-05,-0.157,254882,255126,NW_019863106.1_254882_255126
LOC112044040,NW_019862802.1,-,SE,0,0.582,594075,594330,NW_019862802.1_594075_594330
LOC112055725,NW_019863596.1,-,SE,0,0.229,59570,59850,NW_019863596.1_59570_59850
LOC112055725,NW_019863596.1,-,SE,0,-0.579,61036,61313,NW_019863596.1_61036_61313
LOC112048700,NW_019862941.1,+,SE,0.016509375,0.023,111613,111980,NW_019862941.1_111613_111980
LOC112044000,NW_019862801.1,+,SE,5.17E-05,0.147,748022,748503,NW_019862801.1_748022_748503
LOC112044000,NW_019862801.1,+,SE,5.17E-05,0.147,748029,748503,NW_019862801.1_748029_748503
LOC112044000,NW_019862801.1,+,SE,5.17E-05,0.147,748106,748503,NW_019862801.1_748106_748503
LOC112056098,NW_019863701.1,+,SE,0.032159667,0.136,84442,84800,NW_019863701.1_84442_84800
LOC112055679,NW_019863585.1,-,SE,1.18E-11,-0.038,37195,37452,NW_019863585.1_37195_37452
LOC112046876,NW_019862874.1,+,SE,1.92E-06,-0.133,440110,440490,NW_019862874.1_440110_440490
LOC112046876,NW_019862874.1,+,SE,0.007572135,-0.063,440117,440490,NW_019862874.1_440117_440490
LOC112054339,NW_019863347.1,-,SE,0,0.256,119395,119816,NW_019863347.1_119395_119816
LOC112052765,NW_019863173.1,+,SE,3.96E-09,-0.5,18010,18231,NW_019863173.1_18010_18231
LOC112047975,NW_019862910.1,-,SE,1.56E-07,-0.129,495896,496161,NW_019862910.1_495896_496161
LOC112047975,NW_019862910.1,-,SE,7.92E-08,-0.142,495919,496161,NW_019862910.1_495919_496161
LOC112043773,NW_019862797.1,+,SE,3.39E-11,-0.171,702682,703052,NW_019862797.1_702682_703052
LOC112043821,NW_019862799.1,+,SE,0,0.509,39292,39568,NW_019862799.1_39292_39568
LOC112043821,NW_019862799.1,+,SE,0,0.756,39314,39568,NW_019862799.1_39314_39568
LOC112043829,NW_019862799.1,-,SE,4.17E-08,-0.203,218975,219500,NW_019862799.1_218975_219500
LOC112043829,NW_019862799.1,-,SE,0,-0.988,218979,219500,NW_019862799.1_218979_219500
LOC112043829,NW_019862799.1,-,SE,6.78E-07,-0.262,219163,219500,NW_019862799.1_219163_219500
LOC112043847,NW_019862799.1,-,SE,0.004149859,-0.032,701494,701820,NW_019862799.1_701494_701820
LOC112043847,NW_019862799.1,-,SE,1.39E-05,0.115,703912,704298,NW_019862799.1_703912_704298
LOC112043847,NW_019862799.1,-,SE,1.39E-05,0.115,703912,704331,NW_019862799.1_703912_704331
LOC112043847,NW_019862799.1,-,SE,1.51E-05,0.115,703912,704360,NW_019862799.1_703912_704360
LOC112043851,NW_019862799.1,+,SE,0,0.832,890040,890502,NW_019862799.1_890040_890502
LOC112043851,NW_019862799.1,+,SE,0,0.832,890078,890502,NW_019862799.1_890078_890502
LOC112046881,NW_019862874.1,-,SE,0.015843418,-0.051,9657,10048,NW_019862874.1_9657_10048
LOC112046881,NW_019862874.1,-,SE,0.010299065,-0.058,9749,10048,NW_019862874.1_9749_10048
LOC112043870,NW_019862799.1,-,SE,0.005474849,0.069,1166661,1166979,NW_019862799.1_1166661_1166979
LOC112043870,NW_019862799.1,-,SE,0.00554004,0.062,1166661,1167097,NW_019862799.1_1166661_1167097
LOC112043866,NW_019862799.1,+,SE,0.015601414,-0.115,1262930,1263227,NW_019862799.1_1262930_1263227
LOC112056203,NW_019863733.1,+,SE,0.028538767,0.381,36016,36367,NW_019863733.1_36016_36367
LOC112054182,NW_019863326.1,-,SE,0.000319408,0.048,119431,119764,NW_019863326.1_119431_119764
LOC112047309,NW_019862887.1,+,SE,0.001291245,-0.18,432927,433581,NW_019862887.1_432927_433581
LOC112047309,NW_019862887.1,+,SE,0.000638781,-0.184,432985,433581,NW_019862887.1_432985_433581
LOC112047309,NW_019862887.1,+,SE,0.000382425,-0.196,433002,433581,NW_019862887.1_433002_433581
LOC112047309,NW_019862887.1,+,SE,0.000638781,-0.184,433014,433581,NW_019862887.1_433014_433581
LOC112047825,NW_019862905.1,-,SE,0,0.333,284792,285052,NW_019862905.1_284792_285052
LOC112047825,NW_019862905.1,-,SE,0,0.32,284792,285055,NW_019862905.1_284792_285055
LOC112055453,NW_019863525.1,-,SE,1.12E-05,-0.074,113982,114256,NW_019863525.1_113982_114256
LOC112055619,NW_019863565.1,+,SE,0.009756143,-0.233,63545,63951,NW_019863565.1_63545_63951
LOC112048366,NW_019862927.1,+,SE,0,-0.129,138427,138717,NW_019862927.1_138427_138717
LOC112048366,NW_019862927.1,+,SE,7.43E-15,-0.094,138427,138840,NW_019862927.1_138427_138840
LOC112048291,NW_019862924.1,-,SE,2.35E-10,-0.581,345125,345489,NW_019862924.1_345125_345489
LOC112048291,NW_019862924.1,-,SE,3.22E-05,-0.486,345163,345489,NW_019862924.1_345163_345489
LOC112048290,NW_019862924.1,+,SE,0,-0.664,383430,383830,NW_019862924.1_383430_383830
LOC112048290,NW_019862924.1,+,SE,0,-0.667,383466,383830,NW_019862924.1_383466_383830
LOC112048290,NW_019862924.1,+,SE,0,-0.663,383493,383830,NW_019862924.1_383493_383830
LOC112048290,NW_019862924.1,+,SE,0,-0.658,383508,383830,NW_019862924.1_383508_383830
LOC112048290,NW_019862924.1,+,SE,0,-0.648,383547,383830,NW_019862924.1_383547_383830
LOC112048290,NW_019862924.1,+,SE,0,-0.642,383565,383830,NW_019862924.1_383565_383830
LOC112048290,NW_019862924.1,+,SE,0,-0.647,383576,383830,NW_019862924.1_383576_383830
LOC112058494,NW_019862749.1,-,SE,0.01049083,-0.079,1804415,1804812,NW_019862749.1_1804415_1804812
LOC112058494,NW_019862749.1,-,SE,0.008601645,-0.081,1804415,1804822,NW_019862749.1_1804415_1804822
LOC112058494,NW_019862749.1,-,SE,0.00473387,-0.094,1804415,1804848,NW_019862749.1_1804415_1804848
LOC112042894,NW_019862781.1,+,SE,0.000429554,0.342,921441,921746,NW_019862781.1_921441_921746
LOC112042894,NW_019862781.1,+,SE,8.19E-09,0.501,921442,921749,NW_019862781.1_921442_921749
LOC112042894,NW_019862781.1,+,SE,0.000214229,0.115,921442,922118,NW_019862781.1_921442_922118
LOC112042894,NW_019862781.1,+,SE,0.004301938,0.378,965523,965993,NW_019862781.1_965523_965993
LOC112054485,NW_019863363.1,+,SE,1.94E-05,-0.02,70420,70653,NW_019863363.1_70420_70653
LOC112052021,NW_019863119.1,+,SE,8.11E-05,-0.059,91870,92219,NW_019863119.1_91870_92219
LOC112050069,NW_019863004.1,-,SE,9.21E-09,0.016,134610,134853,NW_019863004.1_134610_134853
LOC112055302,NW_019863496.1,-,SE,0.001081457,-0.111,128331,128571,NW_019863496.1_128331_128571
LOC112048770,NW_019862944.1,-,SE,0,-0.137,550268,550477,NW_019862944.1_550268_550477
LOC112052624,NW_019862759.1,-,SE,0.000774101,-0.055,468356,468763,NW_019862759.1_468356_468763
LOC112052624,NW_019862759.1,-,SE,0.000774101,-0.055,468356,468775,NW_019862759.1_468356_468775
LOC112052624,NW_019862759.1,-,SE,0.000774101,-0.055,468356,468823,NW_019862759.1_468356_468823
LOC112052624,NW_019862759.1,-,SE,0.000197546,-0.076,468518,468776,NW_019862759.1_468518_468776
LOC112043925,NW_019862800.1,+,SE,1.99E-06,-0.154,539646,540061,NW_019862800.1_539646_540061
LOC112050113,NW_019863005.1,-,SE,0.02033124,-0.187,713248,713711,NW_019863005.1_713248_713711
LOC112050113,NW_019863005.1,-,SE,0.002992239,-0.131,713361,713592,NW_019863005.1_713361_713592
LOC112050113,NW_019863005.1,-,SE,0.010301797,-0.217,713361,713711,NW_019863005.1_713361_713711
LOC112053498,NW_019863247.1,-,SE,0,0.8,22995,23264,NW_019863247.1_22995_23264
LOC112053498,NW_019863247.1,-,SE,0,0.576,147476,148120,NW_019863247.1_147476_148120
LOC112053498,NW_019863247.1,-,SE,0,0.507,147584,148111,NW_019863247.1_147584_148111
LOC112053498,NW_019863247.1,-,SE,0,0.507,147584,148181,NW_019863247.1_147584_148181
LOC112053498,NW_019863247.1,-,SE,0,0.507,147584,148182,NW_019863247.1_147584_148182
LOC112053498,NW_019863247.1,-,SE,0,0.507,147584,148186,NW_019863247.1_147584_148186
LOC112053498,NW_019863247.1,-,SE,0,0.507,147584,148191,NW_019863247.1_147584_148191
LOC112053498,NW_019863247.1,-,SE,0,0.507,147584,148198,NW_019863247.1_147584_148198
LOC112053498,NW_019863247.1,-,SE,0,0.507,147584,148201,NW_019863247.1_147584_148201
LOC112053498,NW_019863247.1,-,SE,0,0.507,147584,148212,NW_019863247.1_147584_148212
LOC112043568,NW_019862792.1,+,SE,8.22E-06,0.031,851292,851808,NW_019862792.1_851292_851808
LOC112043568,NW_019862792.1,+,SE,8.22E-06,0.031,851305,851808,NW_019862792.1_851305_851808
LOC112043098,NW_019862785.1,+,SE,0.010556642,0.078,968733,968975,NW_019862785.1_968733_968975
LOC112055589,NW_019863555.1,-,SE,0.029477875,-0.024,34266,34623,NW_019863555.1_34266_34623
LOC112050412,NW_019863021.1,-,SE,0.000116961,-0.23,185449,185722,NW_019863021.1_185449_185722
LOC112044902,NW_019862819.1,+,SE,0,0.335,627497,627757,NW_019862819.1_627497_627757
LOC112053728,NW_019863277.1,-,SE,0.002362224,0.065,121256,121908,NW_019863277.1_121256_121908
LOC112053358,NW_019863233.1,-,SE,2.69E-08,-0.131,9790,10132,NW_019863233.1_9790_10132
LOC112048138,NW_019862918.1,+,SE,0.016726721,0.064,441885,442199,NW_019862918.1_441885_442199
LOC112048138,NW_019862918.1,+,SE,0.021920581,0.068,441886,442203,NW_019862918.1_441886_442203
LOC112048138,NW_019862918.1,+,SE,0.035455092,0.046,441887,442199,NW_019862918.1_441887_442199
LOC112047533,NW_019862896.1,+,SE,0,0.826,320243,320494,NW_019862896.1_320243_320494
LOC112045571,NW_019862835.1,+,SE,0.002127985,0.037,558131,558433,NW_019862835.1_558131_558433
LOC112045571,NW_019862835.1,+,SE,0.000731369,0.04,558153,558470,NW_019862835.1_558153_558470
LOC112045571,NW_019862835.1,+,SE,0.000510378,0.041,558164,558470,NW_019862835.1_558164_558470
LOC112049645,NW_019862756.1,-,SE,0,0.225,170443,170713,NW_019862756.1_170443_170713
LOC112049719,NW_019862756.1,+,SE,1.03E-06,-0.038,216393,216696,NW_019862756.1_216393_216696
LOC112049719,NW_019862756.1,+,SE,0,-0.277,216393,216701,NW_019862756.1_216393_216701
LOC112049719,NW_019862756.1,+,SE,2.29E-09,-0.041,220567,221020,NW_019862756.1_220567_221020
LOC112049719,NW_019862756.1,+,SE,2.00E-11,-0.054,220574,221025,NW_019862756.1_220574_221025
LOC112049719,NW_019862756.1,+,SE,1.98E-11,-0.054,220574,221041,NW_019862756.1_220574_221041
LOC112049719,NW_019862756.1,+,SE,2.29E-09,-0.041,220575,221020,NW_019862756.1_220575_221020
LOC112049719,NW_019862756.1,+,SE,2.29E-09,-0.041,220576,221020,NW_019862756.1_220576_221020
LOC112049719,NW_019862756.1,+,SE,2.29E-09,-0.041,220600,221020,NW_019862756.1_220600_221020
LOC112049719,NW_019862756.1,+,SE,3.62E-12,-0.078,220745,221020,NW_019862756.1_220745_221020
LOC112044357,NW_019862807.1,-,SE,2.28E-06,0.179,254323,254651,NW_019862807.1_254323_254651
LOC112044360,NW_019862807.1,+,SE,0.040546706,-0.033,293567,294143,NW_019862807.1_293567_294143
LOC112044360,NW_019862807.1,+,SE,0.015032598,-0.051,293576,293941,NW_019862807.1_293576_293941
LOC112044360,NW_019862807.1,+,SE,0.018804342,-0.058,293615,293941,NW_019862807.1_293615_293941
LOC112045512,NW_019862834.1,+,SE,0.024053238,-0.051,996794,997114,NW_019862834.1_996794_997114
LOC112051684,NW_019863097.1,-,SE,7.47E-11,0.111,195758,195970,NW_019863097.1_195758_195970
LOC112050889,NW_019863049.1,-,SE,1.29E-10,-0.082,146535,147027,NW_019863049.1_146535_147027
LOC112046776,NW_019862870.1,+,SE,7.43E-15,0.813,771990,772247,NW_019862870.1_771990_772247
LOC112046776,NW_019862870.1,+,SE,0,0.435,771990,772247,NW_019862870.1_771990_772247
LOC112055014,NW_019863447.1,-,SE,0.008211529,0.015,37750,38084,NW_019863447.1_37750_38084
LOC112044285,NW_019862806.1,-,SE,0.046900025,-0.045,532768,533085,NW_019862806.1_532768_533085
LOC112044285,NW_019862806.1,-,SE,0.039977557,-0.048,532779,533085,NW_019862806.1_532779_533085
LOC112044285,NW_019862806.1,-,SE,0.014320544,-0.056,532780,533112,NW_019862806.1_532780_533112
LOC112050249,NW_019863014.1,+,SE,7.12E-08,-0.131,65113,65449,NW_019863014.1_65113_65449
LOC112050249,NW_019863014.1,+,SE,4.83E-07,-0.134,65132,65449,NW_019863014.1_65132_65449
LOC112050249,NW_019863014.1,+,SE,2.03E-07,-0.139,65144,65449,NW_019863014.1_65144_65449
LOC112046614,NW_019862863.1,+,SE,0,-0.394,823944,824261,NW_019862863.1_823944_824261
LOC112046614,NW_019862863.1,+,SE,0,-0.254,823944,824261,NW_019862863.1_823944_824261
LOC112046614,NW_019862863.1,+,SE,0,-0.171,823944,824278,NW_019862863.1_823944_824278
LOC112046614,NW_019862863.1,+,SE,2.70E-07,-0.062,823944,824278,NW_019862863.1_823944_824278
LOC112056309,NW_019863765.1,+,SE,2.34E-05,0.143,41659,41889,NW_019863765.1_41659_41889
LOC112056309,NW_019863765.1,+,SE,1.36E-05,0.16,41659,41895,NW_019863765.1_41659_41895
LOC112056309,NW_019863765.1,+,SE,1.61E-06,0.233,41659,41940,NW_019863765.1_41659_41940
LOC112056309,NW_019863765.1,+,SE,3.65E-08,0.268,41659,41960,NW_019863765.1_41659_41960
LOC112056309,NW_019863765.1,+,SE,3.83E-09,0.261,41659,41994,NW_019863765.1_41659_41994
LOC112056309,NW_019863765.1,+,SE,2.94E-09,0.258,41659,42002,NW_019863765.1_41659_42002
LOC112056309,NW_019863765.1,+,SE,1.51E-09,0.259,41659,42016,NW_019863765.1_41659_42016
LOC112056765,NW_019863972.1,-,SE,3.50E-14,-0.34,24960,25196,NW_019863972.1_24960_25196
LOC112046562,NW_019862861.1,-,SE,0,0.524,118143,118391,NW_019862861.1_118143_118391
LOC112046562,NW_019862861.1,-,SE,5.56E-13,0.528,118145,118367,NW_019862861.1_118145_118367
LOC112052389,NW_019863145.1,-,SE,0.004036279,0.096,48076,48441,NW_019863145.1_48076_48441
LOC112052389,NW_019863145.1,-,SE,0.025767148,0.204,48107,48441,NW_019863145.1_48107_48441
LOC112052389,NW_019863145.1,-,SE,0.000812628,0.162,48107,48449,NW_019863145.1_48107_48449
LOC112048135,NW_019862918.1,-,SE,2.88E-05,-0.032,484133,484815,NW_019862918.1_484133_484815
LOC112048135,NW_019862918.1,-,SE,0.000932987,-0.035,484147,484815,NW_019862918.1_484147_484815
LOC112050209,NW_019863012.1,+,SE,0.005609972,-0.086,450423,450764,NW_019863012.1_450423_450764
LOC112050218,NW_019863013.1,+,SE,5.40E-08,0.519,83917,84515,NW_019863013.1_83917_84515
LOC112050218,NW_019863013.1,+,SE,2.18E-06,0.427,83923,84340,NW_019863013.1_83923_84340
LOC112050218,NW_019863013.1,+,SE,2.02E-06,0.427,83923,84395,NW_019863013.1_83923_84395
LOC112050218,NW_019863013.1,+,SE,2.10E-06,0.427,83923,84509,NW_019863013.1_83923_84509
LOC112050218,NW_019863013.1,+,SE,4.38E-08,0.342,83923,84515,NW_019863013.1_83923_84515
LOC112050218,NW_019863013.1,+,SE,5.40E-08,0.519,83927,84515,NW_019863013.1_83927_84515
LOC112050218,NW_019863013.1,+,SE,5.48E-08,0.514,84025,84515,NW_019863013.1_84025_84515
LOC112050218,NW_019863013.1,+,SE,3.44E-08,0.443,84294,84515,NW_019863013.1_84294_84515
LOC112056815,NW_019863997.1,-,SE,0.048459528,0.016,19526,19782,NW_019863997.1_19526_19782
LOC112046638,NW_019862864.1,+,SE,0,0.742,324451,324728,NW_019862864.1_324451_324728
LOC112046638,NW_019862864.1,+,SE,0,0.296,324486,324728,NW_019862864.1_324486_324728
LOC112046638,NW_019862864.1,+,SE,0,0.753,324497,324728,NW_019862864.1_324497_324728
LOC112046638,NW_019862864.1,+,SE,3.50E-14,0.165,332108,332435,NW_019862864.1_332108_332435
LOC112046638,NW_019862864.1,+,SE,4.50E-12,0.178,332162,332435,NW_019862864.1_332162_332435
LOC112052118,NW_019863127.1,-,SE,0.008111129,-0.497,13057,13442,NW_019863127.1_13057_13442
LOC112048448,NW_019862930.1,-,SE,0,0.45,572650,573005,NW_019862930.1_572650_573005
LOC112054590,NW_019863380.1,-,SE,0.028010959,0.094,120406,120816,NW_019863380.1_120406_120816
LOC112054590,NW_019863380.1,-,SE,0.000327436,0.133,120412,120808,NW_019863380.1_120412_120808
LOC112048218,NW_019862921.1,+,SE,0.048855578,-0.061,258061,258310,NW_019862921.1_258061_258310
LOC112048203,NW_019862921.1,+,SE,0.000167628,0.056,467789,468229,NW_019862921.1_467789_468229
LOC112048203,NW_019862921.1,+,SE,0.000167628,0.056,467813,468229,NW_019862921.1_467813_468229
LOC112048203,NW_019862921.1,+,SE,0.000167628,0.056,467844,468229,NW_019862921.1_467844_468229
LOC112048203,NW_019862921.1,+,SE,0.00218916,0.05,467925,468229,NW_019862921.1_467925_468229
LOC112048203,NW_019862921.1,+,SE,1.54E-05,0.177,469356,469679,NW_019862921.1_469356_469679
LOC112048203,NW_019862921.1,+,SE,1.45E-05,0.18,469356,469701,NW_019862921.1_469356_469701
LOC112048203,NW_019862921.1,+,SE,3.15E-05,0.109,469356,469882,NW_019862921.1_469356_469882
LOC112048203,NW_019862921.1,+,SE,0.049677124,-0.093,469549,469882,NW_019862921.1_469549_469882
LOC112046794,NW_019862871.1,+,SE,0,-0.28,640779,641014,NW_019862871.1_640779_641014
LOC112054151,NW_019863325.1,+,SE,0.000177719,-0.081,224890,225248,NW_019863325.1_224890_225248
LOC112047618,NW_019862898.1,-,SE,0.010333841,-0.052,576857,577326,NW_019862898.1_576857_577326
LOC112047618,NW_019862898.1,-,SE,0.019097574,0.047,577350,577661,NW_019862898.1_577350_577661
LOC112047618,NW_019862898.1,-,SE,8.04E-06,0.261,577350,577668,NW_019862898.1_577350_577668
LOC112054515,NW_019862761.1,+,SE,1.76E-06,0.066,1230238,1230621,NW_019862761.1_1230238_1230621
LOC112054515,NW_019862761.1,+,SE,6.97E-07,0.07,1230257,1230621,NW_019862761.1_1230257_1230621
LOC112054515,NW_019862761.1,+,SE,1.76E-06,0.066,1230271,1230621,NW_019862761.1_1230271_1230621
LOC112054515,NW_019862761.1,+,SE,1.22E-06,0.068,1230280,1230621,NW_019862761.1_1230280_1230621
LOC112054515,NW_019862761.1,+,SE,1.41E-05,0.056,1230287,1230621,NW_019862761.1_1230287_1230621
LOC112051357,NW_019863077.1,-,SE,0.018549784,0.034,297603,297847,NW_019863077.1_297603_297847
LOC112055835,NW_019863631.1,-,SE,6.95E-06,0.255,51452,51863,NW_019863631.1_51452_51863
LOC112055835,NW_019863631.1,-,SE,7.05E-05,0.223,51542,51863,NW_019863631.1_51542_51863
LOC112055835,NW_019863631.1,-,SE,7.38E-05,0.302,51633,51863,NW_019863631.1_51633_51863
LOC112044298,NW_019862806.1,+,SE,0.000958837,0.049,644927,645314,NW_019862806.1_644927_645314
LOC112051697,NW_019863098.1,+,SE,0.000754287,-0.11,192213,192811,NW_019863098.1_192213_192811
LOC112051697,NW_019863098.1,+,SE,0.001540361,-0.146,192245,192511,NW_019863098.1_192245_192511
LOC112058544,NW_019862778.1,-,SE,0.010994991,-0.108,1058724,1059397,NW_019862778.1_1058724_1059397
LOC112055603,NW_019863559.1,-,SE,0.003024054,0.074,14957,15309,NW_019863559.1_14957_15309
LOC112047279,NW_019862887.1,-,SE,3.66E-08,0.153,607774,608133,NW_019862887.1_607774_608133
LOC112047279,NW_019862887.1,-,SE,1.31E-08,0.114,607805,608129,NW_019862887.1_607805_608129
LOC112047279,NW_019862887.1,-,SE,2.12E-08,0.115,607805,608175,NW_019862887.1_607805_608175
LOC112047279,NW_019862887.1,-,SE,6.43E-08,0.15,607828,608133,NW_019862887.1_607828_608133
LOC112047119,NW_019862882.1,+,SE,0.011994178,0.326,535197,535493,NW_019862882.1_535197_535493
LOC112047119,NW_019862882.1,+,SE,0.02640533,0.305,535197,535514,NW_019862882.1_535197_535514
LOC112055471,NW_019863529.1,+,SE,2.23E-10,0.25,82154,82412,NW_019863529.1_82154_82412
LOC112049111,NW_019862959.1,+,SE,0.019818666,-0.324,338069,338383,NW_019862959.1_338069_338383
LOC112048887,NW_019862755.1,+,SE,0.040004393,-0.043,1282643,1282973,NW_019862755.1_1282643_1282973
LOC112049117,NW_019862755.1,+,SE,0,-0.594,2429510,2429813,NW_019862755.1_2429510_2429813
LOC112049117,NW_019862755.1,+,SE,0,-0.552,2429520,2430002,NW_019862755.1_2429520_2430002
LOC112049141,NW_019862755.1,-,SE,0.023300414,-0.167,2452117,2452499,NW_019862755.1_2452117_2452499
LOC112043015,NW_019862784.1,-,SE,0.00179717,-0.463,989122,989375,NW_019862784.1_989122_989375
LOC112051562,NW_019863089.1,+,SE,2.18E-10,-0.031,186238,186480,NW_019863089.1_186238_186480
LOC112051562,NW_019863089.1,+,SE,2.08E-05,-0.022,186238,186496,NW_019863089.1_186238_186496
LOC112051640,NW_019863093.1,-,SE,0.01356084,0.203,336040,336436,NW_019863093.1_336040_336436
LOC112051640,NW_019863093.1,-,SE,0.000484747,0.242,336661,337192,NW_019863093.1_336661_337192
LOC112055964,NW_019863667.1,-,SE,7.09E-08,0.049,41451,41738,NW_019863667.1_41451_41738
LOC112050976,NW_019863054.1,-,MXE_exon1,0.01691525,0.133,55060,55308,NW_019863054.1_55060_55308
LOC112050976,NW_019863054.1,-,MXE_exon1,0.004279274,0.106,55060,55308,NW_019863054.1_55060_55308
LOC112050976,NW_019863054.1,-,MXE_exon1,1.10E-09,0.112,55060,55308,NW_019863054.1_55060_55308
LOC112050976,NW_019863054.1,-,MXE_exon1,0.00644045,0.25,55060,55308,NW_019863054.1_55060_55308
LOC112055398,NW_019863514.1,+,MXE_exon1,0.002764491,0.196,70222,70540,NW_019863514.1_70222_70540
LOC112049170,NW_019862962.1,+,MXE_exon1,0.029917359,-0.068,81603,81901,NW_019862962.1_81603_81901
LOC112049170,NW_019862962.1,+,MXE_exon1,9.07E-05,-0.177,81603,81901,NW_019862962.1_81603_81901
LOC112045468,NW_019862833.1,-,MXE_exon1,0.015396616,-0.212,105101,105413,NW_019862833.1_105101_105413
LOC112043495,NW_019862791.1,-,MXE_exon1,0.006884544,0.109,1457216,1457553,NW_019862791.1_1457216_1457553
LOC112054984,NW_019863443.1,+,MXE_exon1,0,-0.329,110869,111177,NW_019863443.1_110869_111177
LOC112056691,NW_019863945.1,-,MXE_exon1,0.028494504,-0.099,24634,24958,NW_019863945.1_24634_24958
LOC112056691,NW_019863945.1,-,MXE_exon1,0.032410514,-0.097,24634,24961,NW_019863945.1_24634_24961
LOC112051285,NW_019863072.1,+,MXE_exon1,0,-0.447,75096,75469,NW_019863072.1_75096_75469
LOC112048780,NW_019862945.1,-,MXE_exon1,0.000222824,0.09,222763,223104,NW_019862945.1_222763_223104
LOC112055290,NW_019863493.1,-,MXE_exon1,0.013051601,-0.188,120605,120945,NW_019863493.1_120605_120945
LOC112055144,NW_019863466.1,-,MXE_exon1,0.000357129,0.192,72541,72869,NW_019863466.1_72541_72869
LOC112049271,NW_019862966.1,+,MXE_exon1,0.014978696,0.087,322712,323043,NW_019862966.1_322712_323043
LOC112049271,NW_019862966.1,+,MXE_exon1,0.003748611,0.158,322712,323043,NW_019862966.1_322712_323043
LOC112051879,NW_019863109.1,-,MXE_exon1,0.002742414,-0.029,248164,248538,NW_019863109.1_248164_248538
LOC112051879,NW_019863109.1,-,MXE_exon1,9.22E-10,-0.204,279630,280046,NW_019863109.1_279630_280046
LOC112051879,NW_019863109.1,-,MXE_exon1,0,0.282,279630,280046,NW_019863109.1_279630_280046
LOC112043586,NW_019862792.1,-,MXE_exon1,0.002854315,0.08,1222784,1223145,NW_019862792.1_1222784_1223145
LOC112048194,NW_019862920.1,+,MXE_exon1,0,0.588,586667,587074,NW_019862920.1_586667_587074
LOC112048194,NW_019862920.1,+,MXE_exon1,0,0.2,586667,587074,NW_019862920.1_586667_587074
LOC112048194,NW_019862920.1,+,MXE_exon1,8.43E-05,0.051,587385,589589,NW_019862920.1_587385_589589
LOC112048194,NW_019862920.1,+,MXE_exon1,0.000678343,-0.139,591280,591706,NW_019862920.1_591280_591706
LOC112048194,NW_019862920.1,+,MXE_exon1,1.81E-06,-0.147,591817,592310,NW_019862920.1_591817_592310
LOC112051765,NW_019863101.1,+,MXE_exon1,0.000960298,0.113,223401,223751,NW_019863101.1_223401_223751
LOC112044621,NW_019862813.1,+,MXE_exon1,0.000120465,0.234,750916,751167,NW_019862813.1_750916_751167
LOC112044621,NW_019862813.1,+,MXE_exon1,1.21E-09,-0.335,750916,751167,NW_019862813.1_750916_751167
LOC112053646,NW_019863265.1,+,MXE_exon1,0.022328432,-0.068,206771,207240,NW_019863265.1_206771_207240
LOC112053499,NW_019862760.1,+,MXE_exon1,5.63E-10,0.197,152231,152547,NW_019862760.1_152231_152547
LOC112053499,NW_019862760.1,+,MXE_exon1,0.048383457,-0.124,152853,153149,NW_019862760.1_152853_153149
LOC112042909,NW_019862749.1,+,MXE_exon1,0.005298701,0.065,2330564,2330940,NW_019862749.1_2330564_2330940
LOC112046480,NW_019862858.1,-,MXE_exon1,0.037363011,-0.154,552508,552830,NW_019862858.1_552508_552830
LOC112051433,NW_019863082.1,+,MXE_exon1,0.01954297,-0.031,347930,348216,NW_019863082.1_347930_348216
LOC112043234,NW_019862787.1,-,MXE_exon1,0.01821105,0.113,1216424,1216775,NW_019862787.1_1216424_1216775
LOC112053597,NW_019863259.1,-,MXE_exon1,5.84E-07,0.306,318809,319290,NW_019863259.1_318809_319290
LOC112056190,NW_019863730.1,-,MXE_exon1,0.019330365,0.07,25577,25934,NW_019863730.1_25577_25934
LOC112058428,NW_019862776.1,-,MXE_exon1,3.98E-05,-0.068,1068261,1068521,NW_019862776.1_1068261_1068521
LOC112058428,NW_019862776.1,-,MXE_exon1,4.69E-05,-0.081,1068261,1068521,NW_019862776.1_1068261_1068521
LOC112056528,NW_019863862.1,+,MXE_exon1,0.005337328,-0.128,75678,75978,NW_019863862.1_75678_75978
LOC112046053,NW_019862748.1,-,MXE_exon1,0.034202834,0.016,1644525,1644871,NW_019862748.1_1644525_1644871
LOC112052623,NW_019863164.1,-,MXE_exon1,0.002703737,0.221,46819,47189,NW_019863164.1_46819_47189
LOC112057702,NW_019862748.1,+,MXE_exon1,0.003408367,-0.289,494555,494848,NW_019862748.1_494555_494848
LOC112055179,NW_019862762.1,+,MXE_exon1,1.14E-06,0.397,86019,86417,NW_019862762.1_86019_86417
LOC112054456,NW_019863360.1,-,MXE_exon1,0.027593997,0.063,72064,72326,NW_019863360.1_72064_72326
LOC112047044,NW_019862881.1,+,MXE_exon1,0.03948087,0.134,309826,310114,NW_019862881.1_309826_310114
LOC112049521,NW_019862977.1,+,MXE_exon1,5.96E-08,0.26,364628,364941,NW_019862977.1_364628_364941
LOC112046832,NW_019862872.1,+,MXE_exon1,0.025017463,-0.044,395048,395422,NW_019862872.1_395048_395422
LOC112047419,NW_019862892.1,+,MXE_exon1,0.009028919,0.135,33171,33474,NW_019862892.1_33171_33474
LOC112051118,NW_019862757.1,-,MXE_exon1,0,-0.25,1539761,1540137,NW_019862757.1_1539761_1540137
LOC112054147,NW_019863324.1,-,MXE_exon1,0.022523154,0.173,169085,169475,NW_019863324.1_169085_169475
LOC112048265,NW_019862923.1,+,MXE_exon1,1.59E-13,0.059,243512,243796,NW_019862923.1_243512_243796
LOC112048265,NW_019862923.1,+,MXE_exon1,8.91E-13,0.219,250708,250923,NW_019862923.1_250708_250923
LOC112045388,NW_019862831.1,-,MXE_exon1,0.032176276,-0.21,64143,64546,NW_019862831.1_64143_64546
LOC112044897,NW_019862819.1,+,MXE_exon1,0.043802479,-0.366,532274,532595,NW_019862819.1_532274_532595
LOC112044897,NW_019862819.1,+,MXE_exon1,0.003633504,-0.364,532274,532595,NW_019862819.1_532274_532595
LOC112048437,NW_019862930.1,-,MXE_exon1,2.07E-07,-0.084,385091,385420,NW_019862930.1_385091_385420
LOC112048866,NW_019862948.1,-,MXE_exon1,0.019655321,0.144,81018,81337,NW_019862948.1_81018_81337
LOC112055185,NW_019863472.1,+,MXE_exon1,0.031589805,-0.075,140586,140886,NW_019863472.1_140586_140886
LOC112051535,NW_019863088.1,+,MXE_exon1,0.037436978,-0.153,329706,330014,NW_019863088.1_329706_330014
LOC112052180,NW_019863132.1,-,MXE_exon1,0.041795174,0.07,284292,284665,NW_019863132.1_284292_284665
LOC112045305,NW_019862828.1,+,MXE_exon1,0.000629965,0.18,691176,691570,NW_019862828.1_691176_691570
LOC112045305,NW_019862828.1,+,MXE_exon1,0,0.231,795846,796079,NW_019862828.1_795846_796079
LOC112045305,NW_019862828.1,+,MXE_exon1,5.19E-10,-0.155,808765,809102,NW_019862828.1_808765_809102
LOC112045305,NW_019862828.1,+,MXE_exon1,4.92E-10,0.053,811571,811840,NW_019862828.1_811571_811840
LOC112049830,NW_019862993.1,-,MXE_exon1,0,0.522,96550,96878,NW_019862993.1_96550_96878
LOC112057974,NW_019862770.1,+,MXE_exon1,2.45E-13,0.152,577144,577394,NW_019862770.1_577144_577394
LOC112057974,NW_019862770.1,+,MXE_exon1,0,-0.155,577144,577394,NW_019862770.1_577144_577394
LOC112057974,NW_019862770.1,+,MXE_exon1,0,0.382,613441,613785,NW_019862770.1_613441_613785
LOC112057974,NW_019862770.1,+,MXE_exon1,0,0.343,620240,620734,NW_019862770.1_620240_620734
LOC112057974,NW_019862770.1,+,MXE_exon1,0,0.317,622594,622940,NW_019862770.1_622594_622940
LOC112052530,NW_019863155.1,+,MXE_exon1,0.015708339,-0.314,22555,22848,NW_019863155.1_22555_22848
LOC112047070,NW_019862881.1,+,MXE_exon1,0.039398497,0.057,419166,419528,NW_019862881.1_419166_419528
LOC112046338,NW_019862855.1,+,MXE_exon1,0.003489861,0.081,368955,369358,NW_019862855.1_368955_369358
LOC112045222,NW_019862826.1,-,MXE_exon1,0.047510708,-0.214,644089,644469,NW_019862826.1_644089_644469
LOC112045222,NW_019862826.1,-,MXE_exon1,0.035607247,-0.044,644089,644469,NW_019862826.1_644089_644469
LOC112045222,NW_019862826.1,-,MXE_exon1,0.001537771,-0.259,644089,644469,NW_019862826.1_644089_644469
LOC112052601,NW_019863161.1,-,MXE_exon1,0.004974229,-0.077,219775,220167,NW_019863161.1_219775_220167
LOC112052601,NW_019863161.1,-,MXE_exon1,0.002814395,0.082,221310,221558,NW_019863161.1_221310_221558
LOC112052043,NW_019863120.1,-,MXE_exon1,7.68E-08,-0.134,92374,92637,NW_019863120.1_92374_92637
LOC112050343,NW_019863018.1,+,MXE_exon1,1.80E-10,-0.13,290108,290473,NW_019863018.1_290108_290473
LOC112050343,NW_019863018.1,+,MXE_exon1,3.16E-11,-0.169,292857,293189,NW_019863018.1_292857_293189
LOC112055597,NW_019862762.1,-,MXE_exon1,0.001072005,0.076,1106495,1106821,NW_019862762.1_1106495_1106821
LOC112055597,NW_019862762.1,-,MXE_exon1,0.001810551,0.049,1106501,1106821,NW_019862762.1_1106501_1106821
LOC112055597,NW_019862762.1,-,MXE_exon1,2.92E-07,-0.105,1128790,1129137,NW_019862762.1_1128790_1129137
LOC112045793,NW_019862752.1,+,MXE_exon1,0.003049588,-0.181,1288851,1289209,NW_019862752.1_1288851_1289209
LOC112047732,NW_019862903.1,-,MXE_exon1,0.018291244,0.068,279466,279808,NW_019862903.1_279466_279808
LOC112044399,NW_019862808.1,-,MXE_exon1,0.000635669,-0.17,1214809,1215150,NW_019862808.1_1214809_1215150
LOC112044399,NW_019862808.1,-,MXE_exon1,2.15E-10,-0.209,1214809,1215150,NW_019862808.1_1214809_1215150
LOC112044453,NW_019862809.1,+,MXE_exon1,2.48E-14,0.493,1021477,1021936,NW_019862809.1_1021477_1021936
LOC112051496,NW_019862758.1,-,MXE_exon1,0.028071472,-0.18,201101,201502,NW_019862758.1_201101_201502
LOC112047548,NW_019862896.1,-,MXE_exon1,0,-0.351,530106,530429,NW_019862896.1_530106_530429
LOC112056208,NW_019863733.1,-,MXE_exon1,0.0135488,-0.165,51078,51395,NW_019863733.1_51078_51395
LOC112046488,NW_019862859.1,+,MXE_exon1,0,0.295,410309,411311,NW_019862859.1_410309_411311
LOC112049684,NW_019862984.1,-,MXE_exon1,0,0.071,386413,386847,NW_019862984.1_386413_386847
LOC112044489,NW_019862810.1,-,MXE_exon1,0,0.062,693954,694350,NW_019862810.1_693954_694350
LOC112052083,NW_019863123.1,-,MXE_exon1,0.00066329,0.364,13032,13395,NW_019863123.1_13032_13395
LOC112056900,NW_019864076.1,+,MXE_exon1,0.002844981,-0.275,2267,2689,NW_019864076.1_2267_2689
LOC112052616,NW_019863163.1,-,MXE_exon1,0.000114611,-0.037,22358,22680,NW_019863163.1_22358_22680
LOC112048916,NW_019862951.1,-,MXE_exon1,0.025992673,0.13,199795,200087,NW_019862951.1_199795_200087
LOC112042829,NW_019862749.1,-,MXE_exon1,0.013532449,0.079,2044845,2045194,NW_019862749.1_2044845_2045194
LOC112043483,NW_019862791.1,+,MXE_exon1,0,0.083,993846,994199,NW_019862791.1_993846_994199
LOC112043483,NW_019862791.1,+,MXE_exon1,0.022692588,-0.092,1011927,1012371,NW_019862791.1_1011927_1012371
LOC112045687,NW_019862838.1,-,MXE_exon1,0.0026005,-0.078,344631,344975,NW_019862838.1_344631_344975
LOC112044809,NW_019862818.1,+,MXE_exon1,0.025859244,0.101,927392,927707,NW_019862818.1_927392_927707
LOC112043510,NW_019862792.1,+,MXE_exon1,0.002028693,-0.217,200095,200425,NW_019862792.1_200095_200425
LOC112053443,NW_019862760.1,+,MXE_exon1,0.00504706,0.013,55360,55691,NW_019862760.1_55360_55691
LOC112053443,NW_019862760.1,+,MXE_exon1,7.29E-05,-0.043,55370,55691,NW_019862760.1_55370_55691
LOC112053443,NW_019862760.1,+,MXE_exon1,0.00484388,-0.03,55370,55691,NW_019862760.1_55370_55691
LOC112053042,NW_019863199.1,+,MXE_exon1,2.72E-10,0.666,32948,33229,NW_019863199.1_32948_33229
LOC112053042,NW_019863199.1,+,MXE_exon1,1.67E-10,0.445,33859,34168,NW_019863199.1_33859_34168
LOC112050692,NW_019863038.1,+,MXE_exon1,0.002149583,0.077,198205,198525,NW_019863038.1_198205_198525
LOC112055393,NW_019862762.1,+,MXE_exon1,0,0.324,275780,276098,NW_019862762.1_275780_276098
LOC112055393,NW_019862762.1,+,MXE_exon1,0,0.588,275780,276098,NW_019862762.1_275780_276098
LOC112055393,NW_019862762.1,+,MXE_exon1,0,0.404,279762,280095,NW_019862762.1_279762_280095
LOC112055070,NW_019863455.1,+,MXE_exon1,2.14E-05,-0.381,126848,127231,NW_019863455.1_126848_127231
LOC112048373,NW_019862927.1,+,MXE_exon1,0.040784131,-0.199,49533,49877,NW_019862927.1_49533_49877
LOC112048373,NW_019862927.1,+,MXE_exon1,0.037346038,-0.2,49533,49898,NW_019862927.1_49533_49898
LOC112058448,NW_019862776.1,-,MXE_exon1,0.019655321,0.065,1576118,1577856,NW_019862776.1_1576118_1577856
LOC112058448,NW_019862776.1,-,MXE_exon1,0.036097595,0.108,1577778,1578110,NW_019862776.1_1577778_1578110
LOC112058448,NW_019862776.1,-,MXE_exon1,0.001850042,0.103,1582405,1582737,NW_019862776.1_1582405_1582737
LOC112057686,NW_019862765.1,-,MXE_exon1,7.77E-13,-0.1,1105117,1105464,NW_019862765.1_1105117_1105464
LOC112057686,NW_019862765.1,-,MXE_exon1,0,-0.113,1112631,1113008,NW_019862765.1_1112631_1113008
LOC112056116,NW_019863706.1,+,MXE_exon1,5.14E-06,0.29,43591,43966,NW_019863706.1_43591_43966
LOC112058090,NW_019862771.1,-,MXE_exon1,0.023833388,0.132,1506097,1506354,NW_019862771.1_1506097_1506354
LOC112047518,NW_019862895.1,-,MXE_exon1,0,0.228,761043,761494,NW_019862895.1_761043_761494
LOC112056560,NW_019863879.1,-,MXE_exon1,0.000850532,-0.112,6030,6363,NW_019863879.1_6030_6363
LOC112056560,NW_019863879.1,-,MXE_exon1,0.005821223,-0.099,6569,6888,NW_019863879.1_6569_6888
LOC112056560,NW_019863879.1,-,MXE_exon1,0.002972909,0.16,8630,9015,NW_019863879.1_8630_9015
LOC112056560,NW_019863879.1,-,MXE_exon1,0.001161444,0.153,8630,9015,NW_019863879.1_8630_9015
LOC112052453,NW_019863149.1,-,MXE_exon1,0.000373402,0.076,307704,308051,NW_019863149.1_307704_308051
LOC112045951,NW_019862844.1,-,MXE_exon1,0.004895185,-0.092,953737,954028,NW_019862844.1_953737_954028
LOC112058518,NW_019862778.1,-,MXE_exon1,0.006899606,-0.214,44956,45230,NW_019862778.1_44956_45230
LOC112051313,NW_019863074.1,+,MXE_exon1,1.10E-05,-0.545,92628,92975,NW_019863074.1_92628_92975
LOC112051313,NW_019863074.1,+,MXE_exon1,0,-0.108,112429,112667,NW_019863074.1_112429_112667
LOC112046887,NW_019862874.1,-,MXE_exon1,8.22E-06,0.075,19540,19868,NW_019862874.1_19540_19868
LOC112045524,NW_019862834.1,-,MXE_exon1,0.003009648,-0.04,966308,966642,NW_019862834.1_966308_966642
LOC112045524,NW_019862834.1,-,MXE_exon1,0.038039937,0.088,974751,975083,NW_019862834.1_974751_975083
LOC112045524,NW_019862834.1,-,MXE_exon1,0.03432058,0.088,974751,975088,NW_019862834.1_974751_975088
LOC112050877,NW_019863048.1,-,MXE_exon1,0.002854315,0.157,127340,127797,NW_019863048.1_127340_127797
LOC112043311,NW_019862788.1,-,MXE_exon1,0.025193946,0.099,702025,702348,NW_019862788.1_702025_702348
LOC112048410,NW_019862929.1,+,MXE_exon1,0.022396456,-0.164,197633,197962,NW_019862929.1_197633_197962
LOC112043538,NW_019862792.1,-,MXE_exon1,7.10E-05,0.253,113557,113940,NW_019862792.1_113557_113940
LOC112055008,NW_019863446.1,+,MXE_exon1,0.008495077,0.394,78385,78739,NW_019863446.1_78385_78739
LOC112058009,NW_019862770.1,-,MXE_exon1,0.000601702,0.09,1693549,1693985,NW_019862770.1_1693549_1693985
LOC112058550,NW_019862778.1,-,MXE_exon1,0,0.459,1102868,1103181,NW_019862778.1_1102868_1103181
LOC112055839,NW_019863632.1,-,MXE_exon1,0.006254578,0.254,64795,65090,NW_019863632.1_64795_65090
LOC112046846,NW_019862873.1,+,MXE_exon1,0.000250025,0.286,339227,339628,NW_019862873.1_339227_339628
LOC112046846,NW_019862873.1,+,MXE_exon1,0.003168127,0.118,498903,499274,NW_019862873.1_498903_499274
LOC112052001,NW_019863118.1,-,MXE_exon1,0.019936107,0.106,162344,162583,NW_019863118.1_162344_162583
LOC112055609,NW_019863561.1,+,MXE_exon1,0,-0.394,82009,83704,NW_019863561.1_82009_83704
LOC112052867,NW_019863182.1,-,MXE_exon1,0.01254087,-0.119,230886,231252,NW_019863182.1_230886_231252
LOC112058044,NW_019862770.1,+,MXE_exon1,0.029769723,-0.096,800605,801021,NW_019862770.1_800605_801021
LOC112052801,NW_019863177.1,+,MXE_exon1,0.001336592,0.061,207494,207759,NW_019863177.1_207494_207759
LOC112051523,NW_019863087.1,+,MXE_exon1,0,0.399,179021,179357,NW_019863087.1_179021_179357
LOC112051523,NW_019863087.1,+,MXE_exon1,0,0.257,179021,179357,NW_019863087.1_179021_179357
LOC112051523,NW_019863087.1,+,MXE_exon1,5.20E-05,0.063,182891,183186,NW_019863087.1_182891_183186
LOC112052075,NW_019863123.1,+,MXE_exon1,0.015254937,-0.031,89640,90011,NW_019863123.1_89640_90011
LOC112052337,NW_019863141.1,-,MXE_exon1,0.000146051,-0.074,172618,172926,NW_019863141.1_172618_172926
LOC112044491,NW_019862810.1,+,MXE_exon1,2.39E-11,0.26,732145,732501,NW_019862810.1_732145_732501
LOC112047558,NW_019862896.1,+,MXE_exon1,3.34E-09,0.06,457179,457544,NW_019862896.1_457179_457544
LOC112053171,NW_019863214.1,+,MXE_exon1,0.024157061,0.099,49490,49852,NW_019863214.1_49490_49852
LOC112053171,NW_019863214.1,+,MXE_exon1,0.009620946,0.061,49511,49852,NW_019863214.1_49511_49852
LOC112051371,NW_019863078.1,-,MXE_exon1,0.000301652,0.11,44512,44911,NW_019863078.1_44512_44911
LOC112048857,NW_019862948.1,+,MXE_exon1,7.26E-14,0.018,354003,354320,NW_019862948.1_354003_354320
LOC112052404,NW_019863145.1,+,MXE_exon1,6.65E-06,0.055,102420,102723,NW_019863145.1_102420_102723
LOC112046330,NW_019862855.1,-,MXE_exon1,0.002101944,0.093,270011,270323,NW_019862855.1_270011_270323
LOC112054441,NW_019863357.1,+,MXE_exon1,0.000481751,-0.117,100866,101132,NW_019863357.1_100866_101132
LOC112043769,NW_019862797.1,+,MXE_exon1,0.032176276,0.083,168661,169072,NW_019862797.1_168661_169072
LOC112053596,NW_019863259.1,+,MXE_exon1,0.013859705,0.08,304002,304289,NW_019863259.1_304002_304289
LOC112053596,NW_019863259.1,+,MXE_exon1,7.36E-05,-0.04,312989,313225,NW_019863259.1_312989_313225
LOC112053556,NW_019863252.1,+,MXE_exon1,0.002597985,0.271,237903,238194,NW_019863252.1_237903_238194
LOC112044077,NW_019862803.1,+,MXE_exon1,1.71E-08,0.213,119840,120103,NW_019862803.1_119840_120103
LOC112057832,NW_019862767.1,-,MXE_exon1,0.014067927,-0.073,781725,782154,NW_019862767.1_781725_782154
LOC112057832,NW_019862767.1,-,MXE_exon1,2.70E-05,-0.409,785223,785607,NW_019862767.1_785223_785607
LOC112057832,NW_019862767.1,-,MXE_exon1,0.004266629,0.365,786358,786701,NW_019862767.1_786358_786701
LOC112045396,NW_019862831.1,+,MXE_exon1,8.59E-10,-0.258,496926,497352,NW_019862831.1_496926_497352
LOC112042919,NW_019862749.1,+,MXE_exon1,0.030266311,-0.126,2352411,2352773,NW_019862749.1_2352411_2352773
LOC112056683,NW_019863941.1,-,MXE_exon1,0.00041138,-0.301,57924,58263,NW_019863941.1_57924_58263
LOC112052069,NW_019863122.1,+,MXE_exon1,1.68E-05,-0.456,150587,150911,NW_019863122.1_150587_150911
LOC112044879,NW_019862819.1,+,MXE_exon1,0.023543069,0.112,1053652,1053923,NW_019862819.1_1053652_1053923
LOC112052331,NW_019862759.1,-,MXE_exon1,2.65E-06,-0.191,883394,883766,NW_019862759.1_883394_883766
LOC112055526,NW_019863545.1,-,MXE_exon1,0.005785411,-0.064,76263,76547,NW_019863545.1_76263_76547
LOC112047113,NW_019862882.1,-,MXE_exon1,2.81E-08,-0.294,101763,102296,NW_019862882.1_101763_102296
LOC112047113,NW_019862882.1,-,MXE_exon1,8.15E-05,-0.269,101763,102296,NW_019862882.1_101763_102296
LOC112047113,NW_019862882.1,-,MXE_exon1,0.002399774,-0.26,101763,102296,NW_019862882.1_101763_102296
LOC112047113,NW_019862882.1,-,MXE_exon1,1.97E-06,-0.273,101763,102296,NW_019862882.1_101763_102296
LOC112047113,NW_019862882.1,-,MXE_exon1,0.000143223,-0.252,101763,102296,NW_019862882.1_101763_102296
LOC112054334,NW_019863346.1,-,MXE_exon1,5.57E-07,-0.128,27917,28240,NW_019863346.1_27917_28240
LOC112049747,NW_019862987.1,-,MXE_exon1,0,-0.266,478585,478996,NW_019862987.1_478585_478996
LOC112050886,NW_019863048.1,+,MXE_exon1,0,0.312,272576,272816,NW_019863048.1_272576_272816
LOC112050886,NW_019863048.1,+,MXE_exon1,3.12E-05,0.113,285128,285444,NW_019863048.1_285128_285444
LOC112050886,NW_019863048.1,+,MXE_exon1,0.008613748,-0.083,287299,287678,NW_019863048.1_287299_287678
LOC112049539,NW_019862977.1,-,MXE_exon1,0.015962593,0.037,254916,255410,NW_019862977.1_254916_255410
LOC112056790,NW_019863984.1,-,MXE_exon1,0.021855248,0.277,22911,23255,NW_019863984.1_22911_23255
LOC112053274,NW_019863223.1,+,MXE_exon1,0,0.515,161386,161792,NW_019863223.1_161386_161792
LOC112053274,NW_019863223.1,+,MXE_exon1,0.04920439,0.195,161386,161792,NW_019863223.1_161386_161792
LOC112045475,NW_019862752.1,-,MXE_exon1,4.84E-13,0.412,528686,528924,NW_019862752.1_528686_528924
LOC112045475,NW_019862752.1,-,MXE_exon1,5.00E-11,0.08,528686,528924,NW_019862752.1_528686_528924
LOC112045475,NW_019862752.1,-,MXE_exon1,0,0.127,531435,531759,NW_019862752.1_531435_531759
LOC112048939,NW_019862952.1,-,MXE_exon1,0.048857702,0.158,271235,271536,NW_019862952.1_271235_271536
LOC112046894,NW_019862874.1,+,MXE_exon1,0,0.265,262017,262406,NW_019862874.1_262017_262406
LOC112046894,NW_019862874.1,+,MXE_exon1,0,0.202,262017,262406,NW_019862874.1_262017_262406
LOC112046894,NW_019862874.1,+,MXE_exon1,6.74E-07,0.115,262017,262406,NW_019862874.1_262017_262406
LOC112046894,NW_019862874.1,+,MXE_exon1,1.40E-12,0.159,271770,272133,NW_019862874.1_271770_272133
LOC112046894,NW_019862874.1,+,MXE_exon1,0,0.132,271770,272133,NW_019862874.1_271770_272133
LOC112046894,NW_019862874.1,+,MXE_exon1,0,0.17,272302,272919,NW_019862874.1_272302_272919
LOC112046894,NW_019862874.1,+,MXE_exon1,0.000563738,0.101,272302,272919,NW_019862874.1_272302_272919
LOC112046894,NW_019862874.1,+,MXE_exon1,3.91E-12,0.021,277933,278285,NW_019862874.1_277933_278285
LOC112047691,NW_019862901.1,+,MXE_exon1,0.00054976,-0.113,326670,327041,NW_019862901.1_326670_327041
LOC112047691,NW_019862901.1,+,MXE_exon1,0.023543069,-0.119,327605,327932,NW_019862901.1_327605_327932
LOC112047691,NW_019862901.1,+,MXE_exon1,3.58E-06,-0.187,329664,330101,NW_019862901.1_329664_330101
LOC112045201,NW_019862826.1,-,MXE_exon1,0.022272622,-0.162,157463,157752,NW_019862826.1_157463_157752
LOC112052375,NW_019863143.1,+,MXE_exon1,0.000250025,-0.238,147913,148450,NW_019863143.1_147913_148450
LOC112046474,NW_019862858.1,-,MXE_exon1,0.00055257,0.161,855314,855648,NW_019862858.1_855314_855648
LOC112048537,NW_019862934.1,-,MXE_exon1,9.88E-07,0.343,249248,249580,NW_019862934.1_249248_249580
LOC112045205,NW_019862826.1,-,MXE_exon1,0.001110741,0.141,1102810,1103178,NW_019862826.1_1102810_1103178
LOC112051312,NW_019863073.1,+,MXE_exon1,1.09E-05,0.059,213418,213720,NW_019863073.1_213418_213720
LOC112049557,NW_019862978.1,+,MXE_exon1,0,-0.424,95692,96024,NW_019862978.1_95692_96024
LOC112049557,NW_019862978.1,+,MXE_exon1,1.74E-13,0.198,97692,98024,NW_019862978.1_97692_98024
LOC112048501,NW_019862933.1,+,MXE_exon1,0.01361328,0.065,11055,11496,NW_019862933.1_11055_11496
LOC112058326,NW_019862774.1,-,MXE_exon1,0.001930753,-0.174,1343102,1343456,NW_019862774.1_1343102_1343456
LOC112046332,NW_019862855.1,-,MXE_exon1,0.00023669,0.325,633246,633508,NW_019862855.1_633246_633508
LOC112046332,NW_019862855.1,-,MXE_exon1,2.65E-06,0.514,634760,635120,NW_019862855.1_634760_635120
LOC112049929,NW_019862998.1,+,MXE_exon1,1.53E-09,0.143,195782,196220,NW_019862998.1_195782_196220
LOC112044967,NW_019862751.1,+,MXE_exon1,0.029753145,0.062,1772017,1772318,NW_019862751.1_1772017_1772318
LOC112044967,NW_019862751.1,+,MXE_exon1,0.019563378,0.065,1772017,1772318,NW_019862751.1_1772017_1772318
LOC112058207,NW_019862772.1,+,MXE_exon1,2.66E-05,0.372,1700084,1700451,NW_019862772.1_1700084_1700451
LOC112053016,NW_019862759.1,-,MXE_exon1,1.72E-07,-0.193,1321770,1322032,NW_019862759.1_1321770_1322032
LOC112057694,NW_019862765.1,+,MXE_exon1,9.92E-11,0.326,1286639,1286917,NW_019862765.1_1286639_1286917
LOC112048648,NW_019862938.1,+,MXE_exon1,1.70E-05,0.102,468892,469188,NW_019862938.1_468892_469188
LOC112048398,NW_019862929.1,+,MXE_exon1,0.004876995,-0.074,270741,271141,NW_019862929.1_270741_271141
LOC112049794,NW_019862756.1,-,MXE_exon1,0.01794165,-0.077,385647,385929,NW_019862756.1_385647_385929
LOC112043877,NW_019862799.1,+,MXE_exon1,3.12E-07,0.153,788962,789375,NW_019862799.1_788962_789375
LOC112056178,NW_019863729.1,+,MXE_exon1,0.000678343,-0.115,60875,61217,NW_019863729.1_60875_61217
LOC112049503,NW_019862976.1,-,MXE_exon1,0.003012607,0.076,435332,435602,NW_019862976.1_435332_435602
LOC112049503,NW_019862976.1,-,MXE_exon1,0.028295587,0.059,435332,435602,NW_019862976.1_435332_435602
LOC112049503,NW_019862976.1,-,MXE_exon1,0,0.259,436098,436361,NW_019862976.1_436098_436361
LOC112049503,NW_019862976.1,-,MXE_exon1,9.07E-05,-0.165,440126,440397,NW_019862976.1_440126_440397
LOC112049503,NW_019862976.1,-,MXE_exon1,0.000719895,-0.125,440126,440397,NW_019862976.1_440126_440397
LOC112057680,NW_019862765.1,+,MXE_exon1,0.001275774,0.387,957171,957463,NW_019862765.1_957171_957463
LOC112055519,NW_019863544.1,-,MXE_exon1,0.001309411,0.277,102301,102577,NW_019863544.1_102301_102577
LOC112045952,NW_019862844.1,+,MXE_exon1,0.014113657,0.131,222627,222945,NW_019862844.1_222627_222945
LOC112046259,NW_019862852.1,-,MXE_exon1,3.82E-09,0.414,878135,878482,NW_019862852.1_878135_878482
LOC112043224,NW_019862787.1,-,MXE_exon1,0.002340005,-0.199,809917,812867,NW_019862787.1_809917_812867
LOC112052522,NW_019863155.1,+,MXE_exon1,0.044410101,0.197,183512,183813,NW_019863155.1_183512_183813
LOC112046842,NW_019862873.1,+,MXE_exon1,0.009164485,-0.08,567091,567387,NW_019862873.1_567091_567387
LOC112046842,NW_019862873.1,+,MXE_exon1,0.005591874,-0.084,567091,567387,NW_019862873.1_567091_567387
LOC112046452,NW_019862857.1,-,MXE_exon1,0.044613978,0.071,172720,173038,NW_019862857.1_172720_173038
LOC112053074,NW_019863202.1,+,MXE_exon1,0.000669099,-0.132,212060,212587,NW_019863202.1_212060_212587
LOC112055262,NW_019862762.1,-,MXE_exon1,0.04282703,-0.069,188134,188762,NW_019862762.1_188134_188762
LOC112055566,NW_019863550.1,-,MXE_exon1,3.15E-11,0.234,103016,103391,NW_019863550.1_103016_103391
LOC112055327,NW_019863501.1,+,MXE_exon1,7.26E-14,-0.154,64023,64412,NW_019863501.1_64023_64412
LOC112055327,NW_019863501.1,+,MXE_exon1,9.22E-08,0.108,64023,64412,NW_019863501.1_64023_64412
LOC112042929,NW_019862782.1,+,MXE_exon1,5.34E-06,0.498,922343,922725,NW_019862782.1_922343_922725
LOC112054606,NW_019863381.1,-,MXE_exon1,8.90E-05,-0.222,116719,117053,NW_019863381.1_116719_117053
LOC112042935,NW_019862782.1,-,MXE_exon1,0.025448143,-0.063,1169802,1170182,NW_019862782.1_1169802_1170182
LOC112055449,NW_019863525.1,+,MXE_exon1,0.000983377,0.091,123119,123388,NW_019863525.1_123119_123388
LOC112049762,NW_019862988.1,+,MXE_exon1,0.046279512,-0.091,136569,136848,NW_019862988.1_136569_136848
LOC112046298,NW_019862752.1,-,MXE_exon1,5.65E-06,0.102,2662582,2662962,NW_019862752.1_2662582_2662962
LOC112057688,NW_019862765.1,-,MXE_exon1,0,0.481,1142596,1142957,NW_019862765.1_1142596_1142957
LOC112047844,NW_019862905.1,-,MXE_exon1,8.35E-05,-0.092,640579,640995,NW_019862905.1_640579_640995
LOC112054124,NW_019863321.1,-,MXE_exon1,0.000183531,0.339,89924,90265,NW_019863321.1_89924_90265
LOC112044957,NW_019862751.1,-,MXE_exon1,0.005073403,-0.086,1755480,1755856,NW_019862751.1_1755480_1755856
LOC112051468,NW_019863084.1,+,MXE_exon1,0.004454773,-0.209,89585,89860,NW_019863084.1_89585_89860
LOC112048050,NW_019862754.1,-,MXE_exon1,0,-0.277,1606504,1606805,NW_019862754.1_1606504_1606805
LOC112048050,NW_019862754.1,-,MXE_exon1,0,-0.186,1606504,1606805,NW_019862754.1_1606504_1606805
LOC112048050,NW_019862754.1,-,MXE_exon1,0.007590151,-0.03,1609421,1609725,NW_019862754.1_1609421_1609725
LOC112052048,NW_019863120.1,-,MXE_exon1,0.001381074,0.094,17708,18076,NW_019863120.1_17708_18076
LOC112045098,NW_019862823.1,-,MXE_exon1,0.000224292,-0.086,64392,64695,NW_019862823.1_64392_64695
LOC112046122,NW_019862752.1,-,MXE_exon1,0.000285198,0.148,1920180,1920480,NW_019862752.1_1920180_1920480
LOC112046090,NW_019862847.1,-,MXE_exon1,0.042028436,-0.134,449475,450990,NW_019862847.1_449475_450990
LOC112050791,NW_019863043.1,-,MXE_exon1,3.08E-06,0.112,161341,161698,NW_019863043.1_161341_161698
LOC112057145,NW_019864371.1,-,MXE_exon1,0.006056826,0.172,9314,9576,NW_019864371.1_9314_9576
LOC112054666,NW_019862761.1,+,MXE_exon1,0.033103254,-0.128,1960865,1961185,NW_019862761.1_1960865_1961185
LOC112052615,NW_019863163.1,-,MXE_exon1,2.78E-07,0.266,49064,49403,NW_019863163.1_49064_49403
LOC112043390,NW_019862789.1,+,MXE_exon1,0.029980689,-0.397,1297879,1298219,NW_019862789.1_1297879_1298219
LOC112058532,NW_019862778.1,+,MXE_exon1,0,0.977,681932,682264,NW_019862778.1_681932_682264
LOC112048898,NW_019862755.1,-,MXE_exon1,0.039454457,0.105,1299303,1299759,NW_019862755.1_1299303_1299759
LOC112048898,NW_019862755.1,-,MXE_exon1,0.01506531,0.122,1301248,1301710,NW_019862755.1_1301248_1301710
LOC112047056,NW_019862881.1,-,MXE_exon1,0.00151555,0.222,167310,167990,NW_019862881.1_167310_167990
LOC112044396,NW_019862748.1,+,MXE_exon1,0.000769169,-0.111,1404114,1404382,NW_019862748.1_1404114_1404382
LOC112046693,NW_019862867.1,+,MXE_exon1,0,0.15,672456,672719,NW_019862867.1_672456_672719
LOC112046693,NW_019862867.1,+,MXE_exon1,0,0.185,672456,672719,NW_019862867.1_672456_672719
LOC112046693,NW_019862867.1,+,MXE_exon1,2.48E-14,0.251,672456,672719,NW_019862867.1_672456_672719
LOC112046693,NW_019862867.1,+,MXE_exon1,0,0.297,672456,672719,NW_019862867.1_672456_672719
LOC112046693,NW_019862867.1,+,MXE_exon1,1.04E-13,-0.065,673743,674132,NW_019862867.1_673743_674132
LOC112046693,NW_019862867.1,+,MXE_exon1,1.59E-09,-0.044,673743,674132,NW_019862867.1_673743_674132
LOC112046693,NW_019862867.1,+,MXE_exon1,0,-0.185,675287,675631,NW_019862867.1_675287_675631
LOC112046693,NW_019862867.1,+,MXE_exon1,0,0.256,675287,675631,NW_019862867.1_675287_675631
LOC112046693,NW_019862867.1,+,MXE_exon1,0,-0.069,675287,675631,NW_019862867.1_675287_675631
LOC112056457,NW_019863828.1,-,MXE_exon1,8.89E-05,0.084,31405,31755,NW_019863828.1_31405_31755
LOC112047834,NW_019862905.1,-,MXE_exon1,0.021756985,-0.085,535793,536323,NW_019862905.1_535793_536323
LOC112043372,NW_019862789.1,-,MXE_exon1,1.11E-11,0.237,457510,457911,NW_019862789.1_457510_457911
LOC112043372,NW_019862789.1,-,MXE_exon1,0.000121787,0.101,498773,499136,NW_019862789.1_498773_499136
LOC112046718,NW_019862869.1,+,MXE_exon1,0.001992747,0.112,424419,424767,NW_019862869.1_424419_424767
LOC112044824,NW_019862818.1,+,MXE_exon1,0.000154912,0.077,965240,965672,NW_019862818.1_965240_965672
LOC112048334,NW_019862754.1,+,MXE_exon1,3.00E-08,-0.146,2459763,2460146,NW_019862754.1_2459763_2460146
LOC112048334,NW_019862754.1,+,MXE_exon1,1.35E-12,0.165,2460391,2461235,NW_019862754.1_2460391_2461235
LOC112048334,NW_019862754.1,+,MXE_exon1,2.00E-08,0.134,2460391,2461235,NW_019862754.1_2460391_2461235
LOC112048334,NW_019862754.1,+,MXE_exon1,0.000868678,-0.099,2460391,2461235,NW_019862754.1_2460391_2461235
LOC112049026,NW_019862955.1,+,MXE_exon1,2.14E-07,-0.256,124001,124284,NW_019862955.1_124001_124284
LOC112048186,NW_019862920.1,-,MXE_exon1,4.94E-09,-0.357,222207,222483,NW_019862920.1_222207_222483
LOC112048186,NW_019862920.1,-,MXE_exon1,0.000252508,-0.108,290178,290595,NW_019862920.1_290178_290595
LOC112048186,NW_019862920.1,-,MXE_exon1,0.000903138,-0.384,344881,345123,NW_019862920.1_344881_345123
LOC112048035,NW_019862913.1,-,MXE_exon1,1.64E-08,0.557,280327,280698,NW_019862913.1_280327_280698
LOC112048035,NW_019862913.1,-,MXE_exon1,0,0.69,280327,280698,NW_019862913.1_280327_280698
LOC112048035,NW_019862913.1,-,MXE_exon1,0,-0.408,284053,284431,NW_019862913.1_284053_284431
LOC112048035,NW_019862913.1,-,MXE_exon1,8.74E-08,0.062,284053,284431,NW_019862913.1_284053_284431
LOC112048035,NW_019862913.1,-,MXE_exon1,1.29E-09,0.06,284053,284431,NW_019862913.1_284053_284431
LOC112048035,NW_019862913.1,-,MXE_exon1,0,0.122,284053,284431,NW_019862913.1_284053_284431
LOC112048035,NW_019862913.1,-,MXE_exon1,0,0.349,284053,284431,NW_019862913.1_284053_284431
LOC112048035,NW_019862913.1,-,MXE_exon1,0,0.069,284053,284431,NW_019862913.1_284053_284431
LOC112048035,NW_019862913.1,-,MXE_exon1,0,0.157,291440,291873,NW_019862913.1_291440_291873
LOC112052885,NW_019862759.1,+,MXE_exon1,0.000841488,0.048,1116917,1117206,NW_019862759.1_1116917_1117206
LOC112052885,NW_019862759.1,+,MXE_exon1,0,0.211,1125173,1125518,NW_019862759.1_1125173_1125518
LOC112049882,NW_019862996.1,+,MXE_exon1,0,0.546,236421,236760,NW_019862996.1_236421_236760
LOC112046928,NW_019862877.1,-,MXE_exon1,0.041843631,-0.104,356641,356917,NW_019862877.1_356641_356917
LOC112054929,NW_019863433.1,+,MXE_exon1,0.004172451,0.213,124759,125076,NW_019863433.1_124759_125076
LOC112050201,NW_019863012.1,+,MXE_exon1,8.49E-05,0.167,408418,408804,NW_019863012.1_408418_408804
LOC112054188,NW_019863327.1,-,MXE_exon1,0,-0.189,96429,96752,NW_019863327.1_96429_96752
LOC112052849,NW_019863181.1,-,MXE_exon1,8.40E-15,0.058,162190,162513,NW_019863181.1_162190_162513
LOC112052849,NW_019863181.1,-,MXE_exon1,6.46E-12,0.146,175439,176007,NW_019863181.1_175439_176007
LOC112051023,NW_019863057.1,+,MXE_exon1,0.022395087,-0.155,124365,124677,NW_019863057.1_124365_124677
LOC112044124,NW_019862804.1,-,MXE_exon1,9.03E-05,-0.56,516094,516400,NW_019862804.1_516094_516400
LOC112043342,NW_019862788.1,-,MXE_exon1,0.003330708,0.095,1328079,1328407,NW_019862788.1_1328079_1328407
LOC112046979,NW_019862879.1,+,MXE_exon1,0.006536332,0.142,97571,97867,NW_019862879.1_97571_97867
LOC112046979,NW_019862879.1,+,MXE_exon1,0.012167956,-0.225,108199,108531,NW_019862879.1_108199_108531
LOC112054313,NW_019863342.1,+,MXE_exon1,2.29E-12,0.137,148545,151213,NW_019863342.1_148545_151213
LOC112051372,NW_019863078.1,+,MXE_exon1,0.000500394,-0.569,69947,70413,NW_019863078.1_69947_70413
LOC112057718,NW_019862765.1,+,MXE_exon1,8.83E-05,-0.164,1846043,1846356,NW_019862765.1_1846043_1846356
LOC112047162,NW_019862883.1,-,MXE_exon1,0.002854315,0.201,381714,382031,NW_019862883.1_381714_382031
LOC112057188,NW_019862764.1,-,MXE_exon1,0.041494858,0.153,1867094,1867495,NW_019862764.1_1867094_1867495
LOC112057188,NW_019862764.1,-,MXE_exon1,8.58E-07,0.091,1867452,1867853,NW_019862764.1_1867452_1867853
LOC112057188,NW_019862764.1,-,MXE_exon1,0.00200192,0.15,1867452,1867853,NW_019862764.1_1867452_1867853
LOC112057188,NW_019862764.1,-,MXE_exon1,9.35E-06,-0.086,1868472,1868879,NW_019862764.1_1868472_1868879
LOC112057188,NW_019862764.1,-,MXE_exon1,2.97E-06,0.228,1868472,1868879,NW_019862764.1_1868472_1868879
LOC112053291,NW_019863225.1,-,MXE_exon1,0.033191333,-0.069,121513,121953,NW_019863225.1_121513_121953
LOC112053291,NW_019863225.1,-,MXE_exon1,1.33E-06,0.13,122273,122601,NW_019863225.1_122273_122601
LOC112048006,NW_019862754.1,+,MXE_exon1,0.031446885,-0.255,1384163,1384600,NW_019862754.1_1384163_1384600
LOC112058557,NW_019862749.1,+,MXE_exon1,0.020433842,0.062,1825574,1825930,NW_019862749.1_1825574_1825930
LOC112058557,NW_019862749.1,+,MXE_exon1,0.00163236,0.063,1827263,1827619,NW_019862749.1_1827263_1827619
LOC112048174,NW_019862919.1,+,MXE_exon1,0.038697633,0.286,572393,572696,NW_019862919.1_572393_572696
LOC112047133,NW_019862753.1,-,MXE_exon1,0.030810067,-0.108,1661894,1662250,NW_019862753.1_1661894_1662250
LOC112044504,NW_019862810.1,-,MXE_exon1,0.015509246,-0.069,1165815,1166244,NW_019862810.1_1165815_1166244
LOC112058325,NW_019862774.1,+,MXE_exon1,0.020202972,0.086,1299256,1299551,NW_019862774.1_1299256_1299551
LOC112049756,NW_019862988.1,-,MXE_exon1,6.06E-11,0.282,323895,324321,NW_019862988.1_323895_324321
LOC112045504,NW_019862834.1,+,MXE_exon1,0,0.365,208014,208342,NW_019862834.1_208014_208342
LOC112045504,NW_019862834.1,+,MXE_exon1,4.21E-05,-0.362,208014,208342,NW_019862834.1_208014_208342
LOC112045504,NW_019862834.1,+,MXE_exon1,0.012185556,-0.365,208014,208342,NW_019862834.1_208014_208342
LOC112045504,NW_019862834.1,+,MXE_exon1,0.006099106,-0.393,208014,208342,NW_019862834.1_208014_208342
LOC112047675,NW_019862754.1,+,MXE_exon1,0.02086007,0.39,65551,65924,NW_019862754.1_65551_65924
LOC112052466,NW_019862759.1,+,MXE_exon1,0.032652284,-0.091,162117,162428,NW_019862759.1_162117_162428
LOC112054727,NW_019863402.1,-,MXE_exon1,0.017632681,0.45,65814,66058,NW_019863402.1_65814_66058
LOC112054727,NW_019863402.1,-,MXE_exon1,6.72E-08,0.127,67964,68250,NW_019863402.1_67964_68250
LOC112050490,NW_019863025.1,+,MXE_exon1,0.001189391,0.125,185904,186218,NW_019863025.1_185904_186218
LOC112050490,NW_019863025.1,+,MXE_exon1,0.000367578,0.125,185904,186218,NW_019863025.1_185904_186218
nbis-pseudo177,NW_019862773.1,-,MXE_exon1,0.00127956,0.137,708809,709164,NW_019862773.1_708809_709164
LOC112051327,NW_019863075.1,+,MXE_exon1,0.031395903,-0.119,192387,192672,NW_019863075.1_192387_192672
LOC112050431,NW_019863023.1,+,MXE_exon1,0.040446285,0.116,125919,126248,NW_019863023.1_125919_126248
LOC112043675,NW_019862794.1,-,MXE_exon1,1.08E-09,0.127,1267316,1267622,NW_019862794.1_1267316_1267622
LOC112044245,NW_019862805.1,-,MXE_exon1,1.21E-09,0.15,1014434,1014714,NW_019862805.1_1014434_1014714
LOC112055884,NW_019863649.1,-,MXE_exon1,0,0.159,74009,74412,NW_019863649.1_74009_74412
LOC112052778,NW_019863175.1,-,MXE_exon1,1.16E-09,0.224,70880,71270,NW_019863175.1_70880_71270
LOC112048533,NW_019862934.1,-,MXE_exon1,0.008224721,-0.243,176221,176499,NW_019862934.1_176221_176499
LOC112048533,NW_019862934.1,-,MXE_exon1,6.59E-06,-0.424,176221,176499,NW_019862934.1_176221_176499
LOC112048533,NW_019862934.1,-,MXE_exon1,0.001028527,-0.383,176635,176934,NW_019862934.1_176635_176934
LOC112048533,NW_019862934.1,-,MXE_exon1,0.000131323,-0.427,181077,181376,NW_019862934.1_181077_181376
LOC112048590,NW_019862936.1,+,MXE_exon1,0.00078527,0.147,50318,50653,NW_019862936.1_50318_50653
LOC112048590,NW_019862936.1,+,MXE_exon1,0.001353934,0.2,51458,52297,NW_019862936.1_51458_52297
LOC112051380,NW_019863079.1,+,MXE_exon1,2.20E-05,-0.206,25893,26393,NW_019863079.1_25893_26393
LOC112046168,NW_019862849.1,-,MXE_exon1,0.001820299,0.214,60021,60340,NW_019862849.1_60021_60340
LOC112058407,NW_019862776.1,+,MXE_exon1,0.009162948,-0.026,476068,481917,NW_019862776.1_476068_481917
LOC112058407,NW_019862776.1,+,MXE_exon1,0.012614385,0.017,482115,482531,NW_019862776.1_482115_482531
LOC112046576,NW_019862862.1,-,MXE_exon1,0.000293813,-0.45,478803,479080,NW_019862862.1_478803_479080
LOC112051739,NW_019863100.1,-,MXE_exon1,1.05E-07,-0.216,181657,182040,NW_019863100.1_181657_182040
LOC112051739,NW_019863100.1,-,MXE_exon1,0.005214005,0.218,181657,182040,NW_019863100.1_181657_182040
LOC112053537,NW_019863251.1,-,MXE_exon1,0.000563738,-0.17,171642,171952,NW_019863251.1_171642_171952
LOC112048434,NW_019862930.1,+,MXE_exon1,0.000227438,0.209,442484,442916,NW_019862930.1_442484_442916
LOC112047914,NW_019862908.1,-,MXE_exon1,1.65E-05,0.349,158384,158655,NW_019862908.1_158384_158655
LOC112053490,NW_019863245.1,+,MXE_exon1,0.016530795,-0.141,3620,3946,NW_019863245.1_3620_3946
LOC112056304,NW_019863763.1,-,MXE_exon1,0.01691525,0.288,44299,44635,NW_019863763.1_44299_44635
LOC112050737,NW_019863039.1,-,MXE_exon1,0.023577966,-0.118,233510,234063,NW_019863039.1_233510_234063
LOC112050706,NW_019863039.1,+,MXE_exon1,0.004447494,-0.456,272464,272825,NW_019863039.1_272464_272825
LOC112051648,NW_019863094.1,-,MXE_exon1,5.80E-06,0.11,13560,13899,NW_019863094.1_13560_13899
LOC112051648,NW_019863094.1,-,MXE_exon1,0,0.042,14838,15188,NW_019863094.1_14838_15188
LOC112051648,NW_019863094.1,-,MXE_exon1,8.02E-12,0.06,15580,15846,NW_019863094.1_15580_15846
LOC112057795,NW_019862766.1,-,MXE_exon1,0.048782396,-0.173,362075,362651,NW_019862766.1_362075_362651
LOC112053788,NW_019863281.1,+,MXE_exon1,0.035051058,-0.184,10777,11208,NW_019863281.1_10777_11208
LOC112051977,NW_019863117.1,-,MXE_exon1,0.029917359,-0.243,154579,154898,NW_019863117.1_154579_154898
LOC112056740,NW_019862764.1,+,MXE_exon1,0.000553513,0.365,42340,42742,NW_019862764.1_42340_42742
LOC112047068,NW_019862881.1,+,MXE_exon1,9.07E-05,-0.179,107941,108237,NW_019862881.1_107941_108237
LOC112053476,NW_019863244.1,+,MXE_exon1,9.73E-07,0.158,130577,130886,NW_019863244.1_130577_130886
LOC112052748,NW_019863172.1,+,MXE_exon1,0.029442263,-0.121,261589,261854,NW_019863172.1_261589_261854
LOC112042963,NW_019862783.1,+,MXE_exon1,0.004105529,-0.179,1170727,1171165,NW_019862783.1_1170727_1171165
LOC112058156,NW_019862772.1,-,MXE_exon1,0.006484411,0.251,1144921,1145232,NW_019862772.1_1144921_1145232
LOC112058156,NW_019862772.1,-,MXE_exon1,0.000739142,0.135,1144921,1145232,NW_019862772.1_1144921_1145232
LOC112058156,NW_019862772.1,-,MXE_exon1,0.004079621,0.219,1144921,1145235,NW_019862772.1_1144921_1145235
LOC112058156,NW_019862772.1,-,MXE_exon1,0.001009385,0.101,1144921,1145235,NW_019862772.1_1144921_1145235
LOC112058156,NW_019862772.1,-,MXE_exon1,0.000242598,-0.376,1145928,1146233,NW_019862772.1_1145928_1146233
LOC112058156,NW_019862772.1,-,MXE_exon1,0.002477227,0.262,1146158,1146469,NW_019862772.1_1146158_1146469
LOC112054870,NW_019863427.1,+,MXE_exon1,0.047572662,0.09,65154,65523,NW_019863427.1_65154_65523
LOC112052031,NW_019863119.1,+,MXE_exon1,0.000860342,-0.175,210209,210542,NW_019863119.1_210209_210542
LOC112057294,NW_019862764.1,-,MXE_exon1,0,-0.161,2261433,2261749,NW_019862764.1_2261433_2261749
LOC112057294,NW_019862764.1,-,MXE_exon1,0,-0.189,2261433,2261749,NW_019862764.1_2261433_2261749
LOC112057294,NW_019862764.1,-,MXE_exon1,0,-0.201,2261433,2261749,NW_019862764.1_2261433_2261749
LOC112057294,NW_019862764.1,-,MXE_exon1,0,-0.101,2265073,2265477,NW_019862764.1_2265073_2265477
LOC112047140,NW_019862883.1,+,MXE_exon1,2.10E-08,0.199,589907,590220,NW_019862883.1_589907_590220
LOC112044442,NW_019862809.1,+,MXE_exon1,0,-0.258,821405,821800,NW_019862809.1_821405_821800
LOC112056217,NW_019863736.1,-,MXE_exon1,0.023985882,-0.104,68675,68932,NW_019863736.1_68675_68932
LOC112058313,NW_019862774.1,+,MXE_exon1,0.022114942,0.061,151209,151541,NW_019862774.1_151209_151541
LOC112053886,NW_019863292.1,+,MXE_exon1,0.002492471,0.09,148323,148622,NW_019863292.1_148323_148622
LOC112053886,NW_019863292.1,+,MXE_exon1,0.034152632,-0.078,150242,150518,NW_019863292.1_150242_150518
LOC112043257,NW_019862787.1,+,MXE_exon1,0.002868651,-0.251,1516251,1516607,NW_019862787.1_1516251_1516607
LOC112048594,NW_019862936.1,-,MXE_exon1,0.023138719,0.099,297682,298007,NW_019862936.1_297682_298007
LOC112049011,NW_019862755.1,+,MXE_exon1,9.13E-11,-0.355,2061390,2061917,NW_019862755.1_2061390_2061917
LOC112049011,NW_019862755.1,+,MXE_exon1,2.66E-10,-0.348,2061390,2061917,NW_019862755.1_2061390_2061917
LOC112057691,NW_019862765.1,-,MXE_exon1,2.83E-05,-0.21,1261905,1262224,NW_019862765.1_1261905_1262224
LOC112054150,NW_019863325.1,+,MXE_exon1,0.005802341,-0.383,292298,292671,NW_019863325.1_292298_292671
LOC112054150,NW_019863325.1,+,MXE_exon1,0.047022581,-0.288,293570,293862,NW_019863325.1_293570_293862
LOC112052373,NW_019862759.1,+,MXE_exon1,0.006394701,-0.112,2016657,2016943,NW_019862759.1_2016657_2016943
LOC112052373,NW_019862759.1,+,MXE_exon1,0.032410514,-0.07,2016657,2016943,NW_019862759.1_2016657_2016943
LOC112057884,NW_019862768.1,+,MXE_exon1,0.036740692,-0.152,1040929,1041280,NW_019862768.1_1040929_1041280
LOC112057884,NW_019862768.1,+,MXE_exon1,5.94E-05,-0.328,1054629,1054980,NW_019862768.1_1054629_1054980
LOC112047007,NW_019862880.1,+,MXE_exon1,0.01338773,0.082,153220,153517,NW_019862880.1_153220_153517
LOC112047007,NW_019862880.1,+,MXE_exon1,2.31E-06,0.079,159526,160259,NW_019862880.1_159526_160259
LOC112047007,NW_019862880.1,+,MXE_exon1,0.000143223,-0.104,160998,161291,NW_019862880.1_160998_161291
LOC112047007,NW_019862880.1,+,MXE_exon1,1.93E-12,-0.111,161337,161699,NW_019862880.1_161337_161699
LOC112047001,NW_019862880.1,+,MXE_exon1,1.03E-05,0.121,341916,342164,NW_019862880.1_341916_342164
LOC112047010,NW_019862880.1,-,MXE_exon1,0,0.554,660355,660691,NW_019862880.1_660355_660691
LOC112047010,NW_019862880.1,-,MXE_exon1,0,-0.507,660355,660691,NW_019862880.1_660355_660691
LOC112053720,NW_019863276.1,-,MXE_exon1,0,0.388,157922,158274,NW_019863276.1_157922_158274
LOC112053720,NW_019863276.1,-,MXE_exon1,0,0.207,157931,158274,NW_019863276.1_157931_158274
LOC112053720,NW_019863276.1,-,MXE_exon1,0,0.195,170553,170795,NW_019863276.1_170553_170795
LOC112048345,NW_019862926.1,+,MXE_exon1,0.032516234,-0.094,6680,7015,NW_019862926.1_6680_7015
LOC112058296,NW_019862773.1,+,MXE_exon1,1.52E-05,0.209,1390098,1390416,NW_019862773.1_1390098_1390416
LOC112050354,NW_019863018.1,+,MXE_exon1,0.002643747,0.398,201325,201665,NW_019863018.1_201325_201665
LOC112049103,NW_019862958.1,-,MXE_exon1,0.001149553,0.038,218225,218590,NW_019862958.1_218225_218590
LOC112046714,NW_019862869.1,-,MXE_exon1,0,-0.212,203852,204290,NW_019862869.1_203852_204290
LOC112054323,NW_019863343.1,-,MXE_exon1,0.000853028,-0.128,178018,178322,NW_019863343.1_178018_178322
LOC112049543,NW_019862977.1,-,MXE_exon1,0.024671239,-0.151,389860,390146,NW_019862977.1_389860_390146
LOC112051193,NW_019862757.1,-,MXE_exon1,0.040977536,-0.092,1821208,1821576,NW_019862757.1_1821208_1821576
LOC112046182,NW_019862850.1,+,MXE_exon1,0.001506548,-0.081,383138,383435,NW_019862850.1_383138_383435
LOC112047813,NW_019862904.1,+,MXE_exon1,1.20E-08,0.045,968343,968613,NW_019862904.1_968343_968613
LOC112047813,NW_019862904.1,+,MXE_exon1,0.000150372,0.048,968343,968613,NW_019862904.1_968343_968613
LOC112053155,NW_019863213.1,+,MXE_exon1,1.69E-06,-0.133,102891,103452,NW_019863213.1_102891_103452
LOC112049569,NW_019862979.1,-,MXE_exon1,0.007426487,-0.018,464368,464702,NW_019862979.1_464368_464702
LOC112049569,NW_019862979.1,-,MXE_exon1,0,-0.166,464368,464702,NW_019862979.1_464368_464702
LOC112049569,NW_019862979.1,-,MXE_exon1,8.93E-07,-0.031,468023,468288,NW_019862979.1_468023_468288
LOC112055815,NW_019863623.1,-,MXE_exon1,0,0.301,12376,12870,NW_019863623.1_12376_12870
LOC112055815,NW_019863623.1,-,MXE_exon1,3.86E-06,0.122,12376,12870,NW_019863623.1_12376_12870
LOC112055815,NW_019863623.1,-,MXE_exon1,8.45E-09,0.165,12376,12870,NW_019863623.1_12376_12870
LOC112055815,NW_019863623.1,-,MXE_exon1,2.29E-10,0.311,12376,12870,NW_019863623.1_12376_12870
LOC112055815,NW_019863623.1,-,MXE_exon1,2.20E-05,0.091,12376,12870,NW_019863623.1_12376_12870
LOC112055815,NW_019863623.1,-,MXE_exon1,1.88E-05,-0.357,14226,14711,NW_019863623.1_14226_14711
LOC112055815,NW_019863623.1,-,MXE_exon1,0.001102889,-0.059,17135,17623,NW_019863623.1_17135_17623
LOC112055815,NW_019863623.1,-,MXE_exon1,1.18E-05,-0.231,17982,18470,NW_019863623.1_17982_18470
LOC112055815,NW_019863623.1,-,MXE_exon1,0.001133746,0.097,19121,19615,NW_019863623.1_19121_19615
LOC112055815,NW_019863623.1,-,MXE_exon1,0.003860839,0.357,27934,28258,NW_019863623.1_27934_28258
LOC112055815,NW_019863623.1,-,MXE_exon1,1.40E-09,0.581,27934,28258,NW_019863623.1_27934_28258
LOC112055815,NW_019863623.1,-,MXE_exon1,1.88E-05,0.543,27934,28258,NW_019863623.1_27934_28258
LOC112055815,NW_019863623.1,-,MXE_exon1,6.43E-06,0.435,27934,28258,NW_019863623.1_27934_28258
LOC112055815,NW_019863623.1,-,MXE_exon1,1.06E-05,0.491,27934,28258,NW_019863623.1_27934_28258
LOC112055815,NW_019863623.1,-,MXE_exon1,0.009679089,0.307,32462,32842,NW_019863623.1_32462_32842
LOC112055815,NW_019863623.1,-,MXE_exon1,3.16E-08,0.426,32462,32842,NW_019863623.1_32462_32842
LOC112055815,NW_019863623.1,-,MXE_exon1,0.004680757,0.104,33656,34033,NW_019863623.1_33656_34033
LOC112056026,NW_019863687.1,+,MXE_exon1,2.57E-05,0.009,54866,55159,NW_019863687.1_54866_55159
LOC112058060,NW_019862749.1,-,MXE_exon1,0,0.164,2232439,2232740,NW_019862749.1_2232439_2232740
LOC112046735,NW_019862753.1,-,MXE_exon1,0.000983564,-0.241,426568,426894,NW_019862753.1_426568_426894
LOC112046735,NW_019862753.1,-,MXE_exon1,2.00E-08,0.33,426568,426894,NW_019862753.1_426568_426894
LOC112046086,NW_019862847.1,+,MXE_exon1,0.000936179,-0.253,692549,692915,NW_019862847.1_692549_692915
LOC112049107,NW_019862958.1,+,MXE_exon1,0,0.244,251702,252467,NW_019862958.1_251702_252467
LOC112049107,NW_019862958.1,+,MXE_exon1,0,0.319,251789,252467,NW_019862958.1_251789_252467
LOC112055175,NW_019863471.1,-,MXE_exon1,0.012910046,0.009,134269,134558,NW_019863471.1_134269_134558
LOC112054785,NW_019863411.1,+,MXE_exon1,3.66E-06,0.474,35945,36312,NW_019863411.1_35945_36312
LOC112052608,NW_019862759.1,-,MXE_exon1,0.003268834,-0.304,362247,362759,NW_019862759.1_362247_362759
LOC112052608,NW_019862759.1,-,MXE_exon1,0.001336909,0.145,368912,369313,NW_019862759.1_368912_369313
LOC112052608,NW_019862759.1,-,MXE_exon1,0,0.414,369194,369577,NW_019862759.1_369194_369577
LOC112052608,NW_019862759.1,-,MXE_exon1,0,0.303,369637,370053,NW_019862759.1_369637_370053
LOC112052608,NW_019862759.1,-,MXE_exon1,4.89E-14,0.355,378086,378361,NW_019862759.1_378086_378361
LOC112052608,NW_019862759.1,-,MXE_exon1,0,0.408,378644,378988,NW_019862759.1_378644_378988
LOC112052831,NW_019862759.1,+,MXE_exon1,0.001272457,0.072,904671,904999,NW_019862759.1_904671_904999
LOC112048189,NW_019862920.1,-,MXE_exon1,0.001060063,0.1,611978,612414,NW_019862920.1_611978_612414
LOC112048189,NW_019862920.1,-,MXE_exon1,0.000216936,-0.059,614875,615141,NW_019862920.1_614875_615141
LOC112046593,NW_019862863.1,+,MXE_exon1,0.039398497,-0.343,337548,337832,NW_019862863.1_337548_337832
LOC112049701,NW_019862756.1,-,MXE_exon1,0.025448143,0.006,199034,199371,NW_019862756.1_199034_199371
LOC112049701,NW_019862756.1,-,MXE_exon1,0.000382507,0.078,199034,199371,NW_019862756.1_199034_199371
LOC112054017,NW_019863306.1,-,MXE_exon1,0.000430586,-0.111,81136,81674,NW_019863306.1_81136_81674
LOC112054017,NW_019863306.1,-,MXE_exon1,9.88E-07,0.106,81136,81674,NW_019863306.1_81136_81674
LOC112052636,NW_019863165.1,+,MXE_exon1,0,0.222,222339,222625,NW_019863165.1_222339_222625
LOC112049876,NW_019862995.1,+,MXE_exon1,0.018479935,-0.178,23467,23894,NW_019862995.1_23467_23894
LOC112049876,NW_019862995.1,+,MXE_exon1,0.044831234,0.134,27353,30209,NW_019862995.1_27353_30209
LOC112044537,NW_019862811.1,-,MXE_exon1,0.001310057,-0.046,582347,582765,NW_019862811.1_582347_582765
LOC112043821,NW_019862799.1,+,MXE_exon1,0.000547492,-0.108,30547,32208,NW_019862799.1_30547_32208
LOC112043847,NW_019862799.1,-,MXE_exon1,0.00327463,0.163,702169,702436,NW_019862799.1_702169_702436
LOC112043847,NW_019862799.1,-,MXE_exon1,4.26E-06,-0.102,703912,704343,NW_019862799.1_703912_704343
LOC112043851,NW_019862799.1,+,MXE_exon1,0,-0.683,888203,888617,NW_019862799.1_888203_888617
LOC112043851,NW_019862799.1,+,MXE_exon1,0,-0.588,888203,888617,NW_019862799.1_888203_888617
LOC112043851,NW_019862799.1,+,MXE_exon1,3.28E-14,-0.363,888203,888617,NW_019862799.1_888203_888617
LOC112043851,NW_019862799.1,+,MXE_exon1,0.002005212,0.145,890094,890502,NW_019862799.1_890094_890502
LOC112043851,NW_019862799.1,+,MXE_exon1,0,-0.331,891793,892085,NW_019862799.1_891793_892085
LOC112043851,NW_019862799.1,+,MXE_exon1,2.68E-07,0.184,891793,892085,NW_019862799.1_891793_892085
LOC112046280,NW_019862853.1,+,MXE_exon1,0.04282703,-0.09,12931,13185,NW_019862853.1_12931_13185
LOC112047825,NW_019862905.1,-,MXE_exon1,0,0.748,293660,294000,NW_019862905.1_293660_294000
LOC112047825,NW_019862905.1,-,MXE_exon1,0,0.417,293660,294000,NW_019862905.1_293660_294000
LOC112048290,NW_019862924.1,+,MXE_exon1,0.018479935,0.082,373526,373880,NW_019862924.1_373526_373880
LOC112048290,NW_019862924.1,+,MXE_exon1,0.035153736,-0.105,383564,383830,NW_019862924.1_383564_383830
LOC112048290,NW_019862924.1,+,MXE_exon1,8.45E-06,-0.161,383564,383830,NW_019862924.1_383564_383830
LOC112052021,NW_019863119.1,+,MXE_exon1,0.015751227,-0.147,90932,91284,NW_019863119.1_90932_91284
LOC112048962,NW_019862953.1,-,MXE_exon1,0.0288025,0.058,425636,425998,NW_019862953.1_425636_425998
LOC112048770,NW_019862944.1,-,MXE_exon1,0.003910188,0.096,542147,542481,NW_019862944.1_542147_542481
LOC112043925,NW_019862800.1,+,MXE_exon1,0.00051604,0.241,525124,525474,NW_019862800.1_525124_525474
LOC112043925,NW_019862800.1,+,MXE_exon1,2.12E-06,0.174,537975,538399,NW_019862800.1_537975_538399
LOC112043927,NW_019862800.1,-,MXE_exon1,0.01106099,0.069,561548,561826,NW_019862800.1_561548_561826
LOC112043927,NW_019862800.1,-,MXE_exon1,0.010969131,0.076,561548,561826,NW_019862800.1_561548_561826
LOC112043927,NW_019862800.1,-,MXE_exon1,0,0.189,562674,564179,NW_019862800.1_562674_564179
LOC112043927,NW_019862800.1,-,MXE_exon1,3.28E-14,0.164,562674,564179,NW_019862800.1_562674_564179
LOC112043932,NW_019862800.1,+,MXE_exon1,0.032065995,0.131,635129,635415,NW_019862800.1_635129_635415
LOC112046029,NW_019862752.1,-,MXE_exon1,3.45E-07,-0.31,1850795,1851272,NW_019862752.1_1850795_1851272
LOC112055983,NW_019863673.1,+,MXE_exon1,0.000285198,-0.238,49387,49690,NW_019863673.1_49387_49690
LOC112050083,NW_019863005.1,+,MXE_exon1,0.001810551,0.096,129221,129614,NW_019863005.1_129221_129614
LOC112053386,NW_019863237.1,-,MXE_exon1,0.000241865,0.36,220561,220992,NW_019863237.1_220561_220992
LOC112049744,NW_019862987.1,-,MXE_exon1,0.000845407,0.083,284918,285182,NW_019862987.1_284918_285182
LOC112053498,NW_019863247.1,-,MXE_exon1,0,-0.221,22995,23357,NW_019863247.1_22995_23357
LOC112053498,NW_019863247.1,-,MXE_exon1,0,-0.512,22995,23357,NW_019863247.1_22995_23357
LOC112053498,NW_019863247.1,-,MXE_exon1,0,0.399,143821,144582,NW_019863247.1_143821_144582
LOC112043568,NW_019862792.1,+,MXE_exon1,1.66E-06,0.028,818973,819285,NW_019862792.1_818973_819285
LOC112043089,NW_019862785.1,-,MXE_exon1,0.037405981,-0.067,623070,623466,NW_019862785.1_623070_623466
LOC112049641,NW_019862982.1,-,MXE_exon1,0.008236937,0.169,13906,14213,NW_019862982.1_13906_14213
LOC112054180,NW_019863326.1,+,MXE_exon1,0.029722954,0.098,107727,108109,NW_019863326.1_107727_108109
LOC112044902,NW_019862819.1,+,MXE_exon1,0,0.519,627497,627874,NW_019862819.1_627497_627874
LOC112051461,NW_019863083.1,+,MXE_exon1,0.010748522,0.161,241471,241877,NW_019863083.1_241471_241877
LOC112044343,NW_019862807.1,+,MXE_exon1,7.39E-05,0.26,25151,25514,NW_019862807.1_25151_25514
LOC112048138,NW_019862918.1,+,MXE_exon1,2.25E-05,0.358,441886,442199,NW_019862918.1_441886_442199
LOC112047533,NW_019862896.1,+,MXE_exon1,0,-0.346,332647,332963,NW_019862896.1_332647_332963
LOC112047533,NW_019862896.1,+,MXE_exon1,3.28E-14,0.321,332647,332963,NW_019862896.1_332647_332963
LOC112048176,NW_019862919.1,-,MXE_exon1,7.43E-08,0.18,130535,130862,NW_019862919.1_130535_130862
LOC112048176,NW_019862919.1,-,MXE_exon1,5.38E-07,0.119,143705,144052,NW_019862919.1_143705_144052
LOC112053604,NW_019863260.1,+,MXE_exon1,0.001302132,-0.204,143100,143366,NW_019863260.1_143100_143366
LOC112052591,NW_019863161.1,-,MXE_exon1,3.72E-05,0.241,185557,185970,NW_019863161.1_185557_185970
LOC112049719,NW_019862756.1,+,MXE_exon1,0,0.163,219236,219515,NW_019862756.1_219236_219515
LOC112053233,NW_019863219.1,-,MXE_exon1,0.039755751,-0.319,62568,63004,NW_019863219.1_62568_63004
LOC112046653,NW_019862865.1,+,MXE_exon1,0.001973729,0.266,385198,385441,NW_019862865.1_385198_385441
LOC112046653,NW_019862865.1,+,MXE_exon1,2.34E-05,0.221,423076,423332,NW_019862865.1_423076_423332
LOC112046653,NW_019862865.1,+,MXE_exon1,2.34E-08,-0.222,423076,423332,NW_019862865.1_423076_423332
LOC112051684,NW_019863097.1,-,MXE_exon1,0.003266337,-0.131,190246,190562,NW_019863097.1_190246_190562
LOC112051684,NW_019863097.1,-,MXE_exon1,9.19E-13,-0.226,197375,197641,NW_019863097.1_197375_197641
LOC112056436,NW_019863819.1,+,MXE_exon1,0.017449051,-0.126,51871,52154,NW_019863819.1_51871_52154
LOC112056436,NW_019863819.1,+,MXE_exon1,0.00902231,0.119,53009,53354,NW_019863819.1_53009_53354
LOC112054743,NW_019863404.1,-,MXE_exon1,0.000809229,-0.12,144576,144954,NW_019863404.1_144576_144954
LOC112050249,NW_019863014.1,+,MXE_exon1,0.049591256,0.166,81245,81562,NW_019863014.1_81245_81562
LOC112050249,NW_019863014.1,+,MXE_exon1,0.039564442,0.108,81443,81789,NW_019863014.1_81443_81789
LOC112056309,NW_019863765.1,+,MXE_exon1,0,-0.45,37750,38040,NW_019863765.1_37750_38040
LOC112056765,NW_019863972.1,-,MXE_exon1,0.028310487,-0.144,37232,37579,NW_019863972.1_37232_37579
LOC112049390,NW_019862970.1,+,MXE_exon1,4.20E-06,0.275,462347,462766,NW_019862970.1_462347_462766
LOC112052291,NW_019863138.1,-,MXE_exon1,0.006747312,-0.109,23681,23980,NW_019863138.1_23681_23980
LOC112048460,NW_019862931.1,-,MXE_exon1,0.012380982,0.04,207174,207470,NW_019862931.1_207174_207470
LOC112050218,NW_019863013.1,+,MXE_exon1,0.008275637,-0.144,83598,83840,NW_019863013.1_83598_83840
LOC112046638,NW_019862864.1,+,MXE_exon1,0,0.188,324486,324728,NW_019862864.1_324486_324728
LOC112046638,NW_019862864.1,+,MXE_exon1,1.31E-08,-0.079,329350,329667,NW_019862864.1_329350_329667
LOC112046477,NW_019862858.1,+,MXE_exon1,1.25E-10,0.283,645712,646171,NW_019862858.1_645712_646171
LOC112046009,NW_019862845.1,-,MXE_exon1,0.008236937,-0.125,20566,20928,NW_019862845.1_20566_20928
LOC112043252,NW_019862787.1,+,MXE_exon1,2.97E-06,0.316,1475912,1476211,NW_019862787.1_1475912_1476211
LOC112048448,NW_019862930.1,-,MXE_exon1,0.019573074,-0.075,463646,464106,NW_019862930.1_463646_464106
LOC112057136,NW_019864366.1,-,MXE_exon1,0.000336843,-0.217,7969,8318,NW_019864366.1_7969_8318
LOC112056837,NW_019864017.1,+,MXE_exon1,0.049175538,-0.105,26685,27175,NW_019864017.1_26685_27175
LOC112054588,NW_019863380.1,+,MXE_exon1,1.03E-08,-0.221,83218,83533,NW_019863380.1_83218_83533
LOC112049548,NW_019862978.1,-,MXE_exon1,3.37E-11,-0.216,390242,390524,NW_019862978.1_390242_390524
LOC112058620,NW_019862779.1,+,MXE_exon1,8.21E-10,-0.17,512004,512435,NW_019862779.1_512004_512435
LOC112058620,NW_019862779.1,+,MXE_exon1,0,-0.257,512012,512435,NW_019862779.1_512012_512435
LOC112047618,NW_019862898.1,-,MXE_exon1,0.002777721,0.141,567414,567734,NW_019862898.1_567414_567734
LOC112047618,NW_019862898.1,-,MXE_exon1,0.00223406,-0.154,579498,579821,NW_019862898.1_579498_579821
LOC112054582,NW_019862761.1,+,MXE_exon1,0.008206165,0.112,1289019,1289356,NW_019862761.1_1289019_1289356
LOC112053557,NW_019863252.1,+,MXE_exon1,0.005748656,-0.237,57752,58138,NW_019863252.1_57752_58138
LOC112055496,NW_019863535.1,-,MXE_exon1,0.014833708,-0.457,45540,45970,NW_019863535.1_45540_45970
LOC112058380,NW_019862775.1,-,MXE_exon1,0.01638719,-0.153,1824348,1824722,NW_019862775.1_1824348_1824722
LOC112048689,NW_019862940.1,+,MXE_exon1,0.001287513,0.447,596862,597281,NW_019862940.1_596862_597281
LOC112045661,NW_019862837.1,-,MXE_exon1,0,0.338,17037,17428,NW_019862837.1_17037_17428
LOC112045661,NW_019862837.1,-,MXE_exon1,0.010118837,0.239,18236,18611,NW_019862837.1_18236_18611
LOC112045634,NW_019862837.1,+,MXE_exon1,0.00392111,0.23,608911,609268,NW_019862837.1_608911_609268
LOC112055471,NW_019863529.1,+,MXE_exon1,0.000279014,0.405,71527,71946,NW_019863529.1_71527_71946
LOC112055471,NW_019863529.1,+,MXE_exon1,0.009706775,0.389,72294,72578,NW_019863529.1_72294_72578
LOC112049214,NW_019862755.1,+,MXE_exon1,0.001895251,-0.24,2563904,2564215,NW_019862755.1_2563904_2564215
LOC112049214,NW_019862755.1,+,MXE_exon1,0.027108391,-0.077,2565500,2565871,NW_019862755.1_2565500_2565871
LOC112049214,NW_019862755.1,+,MXE_exon1,0.002828934,-0.114,2565500,2565871,NW_019862755.1_2565500_2565871
LOC112042995,NW_019862784.1,+,MXE_exon1,3.37E-05,-0.209,672944,673234,NW_019862784.1_672944_673234
LOC112051554,NW_019863089.1,+,MXE_exon1,0.007910769,-0.248,85308,85602,NW_019863089.1_85308_85602
LOC112051571,NW_019863089.1,-,MXE_exon1,0.044204356,0.063,356717,357082,NW_019863089.1_356717_357082
LOC112044598,NW_019862813.1,-,MXE_exon1,0.001544617,-0.238,492217,493054,NW_019862813.1_492217_493054
LOC112051640,NW_019863093.1,-,MXE_exon1,0.007773005,0.136,335279,335553,NW_019863093.1_335279_335553
LOC112055964,NW_019863667.1,-,MXE_exon1,0.01734878,-0.067,26018,26385,NW_019863667.1_26018_26385
LOC112044457,NW_019862809.1,-,MXE_exon1,0.00125948,0.069,1220736,1221056,NW_019862809.1_1220736_1221056
LOC112044451,NW_019862809.1,+,MXE_exon1,0.00021156,-0.09,972800,973083,NW_019862809.1_972800_973083
LOC112044451,NW_019862809.1,+,MXE_exon1,0.000297343,-0.084,972800,973083,NW_019862809.1_972800_973083
LOC112049178,NW_019862962.1,-,MXE_exon1,0.01658945,0.023,197021,197393,NW_019862962.1_197021_197393
LOC112049178,NW_019862962.1,-,MXE_exon1,0.017806354,0.023,197021,197401,NW_019862962.1_197021_197401
LOC112054984,NW_019863443.1,+,MXE_exon1,0,-0.13,110869,111177,NW_019863443.1_110869_111177
LOC112054984,NW_019863443.1,+,MXE_exon1,0,-0.13,110869,111177,NW_019863443.1_110869_111177
LOC112054984,NW_019863443.1,+,MXE_exon1,0,-0.335,110912,111177,NW_019863443.1_110912_111177
LOC112054984,NW_019863443.1,+,MXE_exon1,0,-0.335,110912,111177,NW_019863443.1_110912_111177
LOC112054984,NW_019863443.1,+,MXE_exon1,0,-0.556,110912,111177,NW_019863443.1_110912_111177
LOC112055637,NW_019863570.1,-,MXE_exon1,0.00480742,-0.367,33256,33549,NW_019863570.1_33256_33549
LOC112055637,NW_019863570.1,-,MXE_exon1,0.008035506,-0.397,33256,33549,NW_019863570.1_33256_33549
LOC112051132,NW_019863064.1,+,MXE_exon1,4.87E-05,0.638,62968,63375,NW_019863064.1_62968_63375
LOC112048778,NW_019862945.1,-,MXE_exon1,9.92E-11,0.452,349309,349729,NW_019862945.1_349309_349729
LOC112048778,NW_019862945.1,-,MXE_exon1,2.24E-09,0.397,349309,349729,NW_019862945.1_349309_349729
LOC112048778,NW_019862945.1,-,MXE_exon1,4.43E-11,0.498,349309,349747,NW_019862945.1_349309_349747
LOC112048778,NW_019862945.1,-,MXE_exon1,5.14E-13,0.61,349316,349729,NW_019862945.1_349316_349729
LOC112048480,NW_019862932.1,-,MXE_exon1,3.33E-07,-0.175,509649,509957,NW_019862932.1_509649_509957
LOC112048480,NW_019862932.1,-,MXE_exon1,9.67E-07,-0.357,509649,509963,NW_019862932.1_509649_509963
LOC112049233,NW_019862964.1,-,MXE_exon1,0.001998919,-0.043,495070,495394,NW_019862964.1_495070_495394
LOC112049233,NW_019862964.1,-,MXE_exon1,0.001911389,-0.043,495070,495394,NW_019862964.1_495070_495394
LOC112049233,NW_019862964.1,-,MXE_exon1,0.001133746,-0.046,495070,495394,NW_019862964.1_495070_495394
LOC112048194,NW_019862920.1,+,MXE_exon1,0,0.404,586667,587073,NW_019862920.1_586667_587073
LOC112048194,NW_019862920.1,+,MXE_exon1,0,0.211,586667,587074,NW_019862920.1_586667_587074
LOC112048194,NW_019862920.1,+,MXE_exon1,0,0.535,586706,587074,NW_019862920.1_586706_587074
LOC112048194,NW_019862920.1,+,MXE_exon1,0,0.535,586709,587074,NW_019862920.1_586709_587074
LOC112048194,NW_019862920.1,+,MXE_exon1,6.49E-09,0.107,587385,589589,NW_019862920.1_587385_589589
LOC112048194,NW_019862920.1,+,MXE_exon1,0,0.515,590646,591081,NW_019862920.1_590646_591081
LOC112048194,NW_019862920.1,+,MXE_exon1,0,0.341,590646,591081,NW_019862920.1_590646_591081
LOC112048194,NW_019862920.1,+,MXE_exon1,0,0.477,590646,591081,NW_019862920.1_590646_591081
LOC112048194,NW_019862920.1,+,MXE_exon1,0,0.361,590655,590911,NW_019862920.1_590655_590911
LOC112048194,NW_019862920.1,+,MXE_exon1,0,0.215,590655,590911,NW_019862920.1_590655_590911
LOC112048194,NW_019862920.1,+,MXE_exon1,0,0.32,590655,590911,NW_019862920.1_590655_590911
LOC112048194,NW_019862920.1,+,MXE_exon1,0,0.617,590655,591081,NW_019862920.1_590655_591081
LOC112048194,NW_019862920.1,+,MXE_exon1,0,0.472,590655,591081,NW_019862920.1_590655_591081
LOC112048194,NW_019862920.1,+,MXE_exon1,0,0.595,590655,591081,NW_019862920.1_590655_591081
LOC112050193,NW_019862748.1,+,MXE_exon1,1.18E-06,-0.152,328506,328754,NW_019862748.1_328506_328754
LOC112050193,NW_019862748.1,+,MXE_exon1,1.43E-08,-0.111,328506,328754,NW_019862748.1_328506_328754
LOC112051765,NW_019863101.1,+,MXE_exon1,0,-0.052,225558,225913,NW_019863101.1_225558_225913
LOC112051765,NW_019863101.1,+,MXE_exon1,0,-0.051,225558,225913,NW_019863101.1_225558_225913
LOC112051765,NW_019863101.1,+,MXE_exon1,0,-0.048,225591,225913,NW_019863101.1_225591_225913
LOC112051765,NW_019863101.1,+,MXE_exon1,0,-0.047,225591,225913,NW_019863101.1_225591_225913
LOC112051765,NW_019863101.1,+,MXE_exon1,0.011553734,-0.011,227781,228086,NW_019863101.1_227781_228086
LOC112051765,NW_019863101.1,+,MXE_exon1,0.038361317,-0.02,227781,228178,NW_019863101.1_227781_228178
LOC112053646,NW_019863265.1,+,MXE_exon1,0.00047098,0.049,206771,207084,NW_019863265.1_206771_207084
LOC112043412,NW_019862790.1,+,MXE_exon1,2.18E-09,0.113,179293,179615,NW_019862790.1_179293_179615
LOC112042909,NW_019862749.1,+,MXE_exon1,0.01932774,0.063,2330564,2330784,NW_019862749.1_2330564_2330784
LOC112046339,NW_019862855.1,-,MXE_exon1,5.66E-08,0.326,669691,670012,NW_019862855.1_669691_670012
LOC112046339,NW_019862855.1,-,MXE_exon1,1.46E-10,0.262,669691,670015,NW_019862855.1_669691_670015
LOC112046339,NW_019862855.1,-,MXE_exon1,8.32E-08,0.354,669691,670079,NW_019862855.1_669691_670079
LOC112046339,NW_019862855.1,-,MXE_exon1,8.01E-06,0.364,669764,670015,NW_019862855.1_669764_670015
LOC112051433,NW_019863082.1,+,MXE_exon1,0.013406177,-0.089,347897,348216,NW_019863082.1_347897_348216
LOC112051691,NW_019863098.1,+,MXE_exon1,0.047460561,-0.109,163650,163988,NW_019863098.1_163650_163988
LOC112058428,NW_019862776.1,-,MXE_exon1,0.003075154,-0.146,1068261,1068521,NW_019862776.1_1068261_1068521
LOC112046173,NW_019862849.1,-,MXE_exon1,0.029177236,-0.02,120089,120431,NW_019862849.1_120089_120431
LOC112050367,NW_019862748.1,+,MXE_exon1,0.010105863,0.027,3440123,3440370,NW_019862748.1_3440123_3440370
LOC112056528,NW_019863862.1,+,MXE_exon1,0.00573533,-0.127,75678,75978,NW_019863862.1_75678_75978
LOC112046053,NW_019862748.1,-,MXE_exon1,0.027480688,0.019,1642070,1642363,NW_019862748.1_1642070_1642363
LOC112046053,NW_019862748.1,-,MXE_exon1,0.021784113,-0.017,1643072,1643379,NW_019862748.1_1643072_1643379
LOC112046171,NW_019862849.1,-,MXE_exon1,0.027593997,0.043,267701,268016,NW_019862849.1_267701_268016
LOC112049521,NW_019862977.1,+,MXE_exon1,3.93E-08,0.479,361916,362185,NW_019862977.1_361916_362185
LOC112051951,NW_019862758.1,-,MXE_exon1,0.0031827,0.041,2123052,2123342,NW_019862758.1_2123052_2123342
LOC112051118,NW_019862757.1,-,MXE_exon1,0,-0.778,1539757,1540137,NW_019862757.1_1539757_1540137
LOC112051118,NW_019862757.1,-,MXE_exon1,1.46E-10,-0.28,1539761,1540083,NW_019862757.1_1539761_1540083
LOC112045704,NW_019862838.1,+,MXE_exon1,0.000941555,0.126,609800,610138,NW_019862838.1_609800_610138
LOC112058170,NW_019862749.1,-,MXE_exon1,5.87E-05,0.074,383651,383938,NW_019862749.1_383651_383938
LOC112052627,NW_019863164.1,+,MXE_exon1,1.84E-06,0.071,78113,78788,NW_019863164.1_78113_78788
LOC112052627,NW_019863164.1,+,MXE_exon1,1.13E-05,0.133,78192,78788,NW_019863164.1_78192_78788
LOC112052627,NW_019863164.1,+,MXE_exon1,1.53E-08,0.063,82174,82391,NW_019863164.1_82174_82391
LOC112048265,NW_019862923.1,+,MXE_exon1,2.49E-11,0.048,222145,222397,NW_019862923.1_222145_222397
LOC112048265,NW_019862923.1,+,MXE_exon1,8.40E-15,0.108,243512,243795,NW_019862923.1_243512_243795
LOC112048265,NW_019862923.1,+,MXE_exon1,0.00024313,0.219,268611,268876,NW_019862923.1_268611_268876
LOC112051728,NW_019863099.1,-,MXE_exon1,0.008803998,-0.038,322711,323065,NW_019863099.1_322711_323065
LOC112051728,NW_019863099.1,-,MXE_exon1,0.008803998,-0.038,322711,323236,NW_019863099.1_322711_323236
LOC112051728,NW_019863099.1,-,MXE_exon1,0.030313293,-0.035,322711,323407,NW_019863099.1_322711_323407
LOC112050044,NW_019863003.1,-,MXE_exon1,7.50E-08,0.106,183369,183752,NW_019863003.1_183369_183752
LOC112050044,NW_019863003.1,-,MXE_exon1,7.49E-08,0.106,183369,183799,NW_019863003.1_183369_183799
LOC112051535,NW_019863088.1,+,MXE_exon1,7.75E-06,-0.192,353279,353744,NW_019863088.1_353279_353744
LOC112051535,NW_019863088.1,+,MXE_exon1,0.000106602,-0.085,353279,353744,NW_019863088.1_353279_353744
LOC112051535,NW_019863088.1,+,MXE_exon1,5.51E-09,-0.488,353491,353744,NW_019863088.1_353491_353744
LOC112051535,NW_019863088.1,+,MXE_exon1,9.26E-09,-0.3,353491,353744,NW_019863088.1_353491_353744
LOC112050840,NW_019863045.1,+,MXE_exon1,0.032410514,-0.19,398928,399311,NW_019863045.1_398928_399311
LOC112045305,NW_019862828.1,+,MXE_exon1,0.008985565,0.032,795214,795485,NW_019862828.1_795214_795485
LOC112045305,NW_019862828.1,+,MXE_exon1,1.43E-11,-0.202,808765,809049,NW_019862828.1_808765_809049
LOC112045305,NW_019862828.1,+,MXE_exon1,3.57E-06,-0.167,808765,809049,NW_019862828.1_808765_809049
LOC112045305,NW_019862828.1,+,MXE_exon1,2.70E-11,-0.227,808765,809049,NW_019862828.1_808765_809049
LOC112045305,NW_019862828.1,+,MXE_exon1,2.35E-05,-0.089,808765,809102,NW_019862828.1_808765_809102
LOC112045305,NW_019862828.1,+,MXE_exon1,1.13E-11,-0.138,808765,809102,NW_019862828.1_808765_809102
LOC112045305,NW_019862828.1,+,MXE_exon1,0.000162905,-0.126,808819,809102,NW_019862828.1_808819_809102
LOC112045305,NW_019862828.1,+,MXE_exon1,0.040113283,-0.095,808819,809102,NW_019862828.1_808819_809102
LOC112045305,NW_019862828.1,+,MXE_exon1,4.42E-05,-0.157,808819,809102,NW_019862828.1_808819_809102
LOC112049828,NW_019862993.1,-,MXE_exon1,2.80E-09,-0.417,317356,317667,NW_019862993.1_317356_317667
LOC112057974,NW_019862770.1,+,MXE_exon1,6.55E-08,-0.122,544964,545505,NW_019862770.1_544964_545505
LOC112057974,NW_019862770.1,+,MXE_exon1,0,0.72,620240,620734,NW_019862770.1_620240_620734
LOC112050503,NW_019863026.1,+,MXE_exon1,0.048357463,-0.026,381383,381591,NW_019863026.1_381383_381591
LOC112050343,NW_019863018.1,+,MXE_exon1,0.002829718,-0.12,290108,290473,NW_019863018.1_290108_290473
LOC112055740,NW_019862762.1,-,MXE_exon1,1.18E-06,0.189,1935567,1935995,NW_019862762.1_1935567_1935995
LOC112055597,NW_019862762.1,-,MXE_exon1,3.44E-10,-0.311,1069034,1069268,NW_019862762.1_1069034_1069268
LOC112055597,NW_019862762.1,-,MXE_exon1,0.000394604,0.08,1106495,1106794,NW_019862762.1_1106495_1106794
LOC112055597,NW_019862762.1,-,MXE_exon1,0.004720773,0.044,1106501,1106794,NW_019862762.1_1106501_1106794
LOC112055597,NW_019862762.1,-,MXE_exon1,0.000476216,-0.087,1269791,1270048,NW_019862762.1_1269791_1270048
LOC112055597,NW_019862762.1,-,MXE_exon1,0,0.586,1269791,1270048,NW_019862762.1_1269791_1270048
LOC112055035,NW_019863450.1,-,MXE_exon1,0.017157724,-0.361,41028,41364,NW_019863450.1_41028_41364
LOC112044399,NW_019862808.1,-,MXE_exon1,0.00039969,-0.174,1214809,1215167,NW_019862808.1_1214809_1215167
LOC112045055,NW_019862823.1,-,MXE_exon1,0.005463499,-0.029,395062,395311,NW_019862823.1_395062_395311
LOC112044453,NW_019862809.1,+,MXE_exon1,5.38E-09,0.384,1021477,1021911,NW_019862809.1_1021477_1021911
LOC112044453,NW_019862809.1,+,MXE_exon1,0,0.429,1021490,1021936,NW_019862809.1_1021490_1021936
LOC112051619,NW_019862758.1,+,MXE_exon1,0.013496495,-0.072,697657,698025,NW_019862758.1_697657_698025
LOC112047548,NW_019862896.1,-,MXE_exon1,2.25E-10,0.21,530154,530429,NW_019862896.1_530154_530429
LOC112052395,NW_019863145.1,+,MXE_exon1,0.002933779,-0.025,310211,310562,NW_019863145.1_310211_310562
LOC112048916,NW_019862951.1,-,MXE_exon1,0.026305728,0.132,199795,200087,NW_019862951.1_199795_200087
LOC112047017,NW_019862753.1,+,MXE_exon1,0.021867658,0.048,1414568,1415057,NW_019862753.1_1414568_1415057
LOC112048077,NW_019862915.1,-,MXE_exon1,0.0181742,0.081,614521,615019,NW_019862915.1_614521_615019
LOC112048077,NW_019862915.1,-,MXE_exon1,0.004399962,0.038,614521,615019,NW_019862915.1_614521_615019
LOC112048077,NW_019862915.1,-,MXE_exon1,0.040394127,0.067,614521,615019,NW_019862915.1_614521_615019
LOC112049404,NW_019862971.1,-,MXE_exon1,3.66E-10,0.324,707245,707522,NW_019862971.1_707245_707522
LOC112049404,NW_019862971.1,-,MXE_exon1,5.61E-12,0.331,707245,707522,NW_019862971.1_707245_707522
LOC112045940,NW_019862844.1,+,MXE_exon1,0.000698689,0.275,847718,848001,NW_019862844.1_847718_848001
LOC112053443,NW_019862760.1,+,MXE_exon1,0.015975528,0.046,52316,52525,NW_019862760.1_52316_52525
LOC112053443,NW_019862760.1,+,MXE_exon1,9.21E-05,0.206,55165,55691,NW_019862760.1_55165_55691
LOC112053443,NW_019862760.1,+,MXE_exon1,0.037919455,0.209,55165,55691,NW_019862760.1_55165_55691
LOC112053443,NW_019862760.1,+,MXE_exon1,3.93E-05,0.017,55342,55691,NW_019862760.1_55342_55691
LOC112053443,NW_019862760.1,+,MXE_exon1,0.017487998,0.042,55370,55691,NW_019862760.1_55370_55691
LOC112053042,NW_019863199.1,+,MXE_exon1,1.40E-11,0.711,33870,34168,NW_019863199.1_33870_34168
LOC112055393,NW_019862762.1,+,MXE_exon1,0,0.392,275780,276098,NW_019862762.1_275780_276098
LOC112055393,NW_019862762.1,+,MXE_exon1,0,0.24,279762,280095,NW_019862762.1_279762_280095
LOC112043861,NW_019862799.1,+,MXE_exon1,8.14E-07,0.464,1081053,1081289,NW_019862799.1_1081053_1081289
LOC112048373,NW_019862927.1,+,MXE_exon1,0.006978914,-0.068,49533,49877,NW_019862927.1_49533_49877
LOC112058448,NW_019862776.1,-,MXE_exon1,0.020215565,-0.021,1577774,1578110,NW_019862776.1_1577774_1578110
LOC112058448,NW_019862776.1,-,MXE_exon1,0.000657491,-0.049,1577790,1578110,NW_019862776.1_1577790_1578110
LOC112056116,NW_019863706.1,+,MXE_exon1,0.031218658,0.51,43625,43966,NW_019863706.1_43625_43966
LOC112044661,NW_019862815.1,+,MXE_exon1,0,0.21,248016,248267,NW_019862815.1_248016_248267
LOC112052382,NW_019863144.1,-,MXE_exon1,0.000183297,-0.084,248764,249105,NW_019863144.1_248764_249105
LOC112056560,NW_019863879.1,-,MXE_exon1,0.001726406,-0.142,6569,6912,NW_019863879.1_6569_6912
LOC112056560,NW_019863879.1,-,MXE_exon1,0.001427772,-0.146,6569,6915,NW_019863879.1_6569_6915
LOC112058367,NW_019862775.1,+,MXE_exon1,0.00047098,-0.114,1335751,1336227,NW_019862775.1_1335751_1336227
LOC112048729,NW_019862941.1,+,MXE_exon1,1.13E-06,-0.06,290013,290265,NW_019862941.1_290013_290265
LOC112046887,NW_019862874.1,-,MXE_exon1,6.22E-06,-0.513,22674,22985,NW_019862874.1_22674_22985
LOC112046887,NW_019862874.1,-,MXE_exon1,2.92E-05,-0.429,22674,23013,NW_019862874.1_22674_23013
LOC112046887,NW_019862874.1,-,MXE_exon1,0.017534093,-0.061,22778,22985,NW_019862874.1_22778_22985
LOC112043029,NW_019862784.1,+,MXE_exon1,0.005416202,0.044,1184632,1185093,NW_019862784.1_1184632_1185093
LOC112043424,NW_019862790.1,+,MXE_exon1,2.80E-08,0.032,626128,626501,NW_019862790.1_626128_626501
LOC112043424,NW_019862790.1,+,MXE_exon1,3.36E-10,0.055,626128,626501,NW_019862790.1_626128_626501
LOC112043424,NW_019862790.1,+,MXE_exon1,8.03E-10,0.056,626128,626501,NW_019862790.1_626128_626501
LOC112052559,NW_019863157.1,+,MXE_exon1,0.007629918,-0.03,138314,138569,NW_019863157.1_138314_138569
LOC112057044,NW_019864244.1,-,MXE_exon1,0.001422948,0.206,2237,2613,NW_019864244.1_2237_2613
LOC112056365,NW_019863789.1,-,MXE_exon1,0.03948087,0.287,50589,50921,NW_019863789.1_50589_50921
LOC112058550,NW_019862778.1,-,MXE_exon1,0,0.461,1102640,1103181,NW_019862778.1_1102640_1103181
LOC112058550,NW_019862778.1,-,MXE_exon1,0,0.334,1102640,1103181,NW_019862778.1_1102640_1103181
LOC112058550,NW_019862778.1,-,MXE_exon1,0,0.463,1102640,1103181,NW_019862778.1_1102640_1103181
LOC112058550,NW_019862778.1,-,MXE_exon1,0,0.442,1102640,1103181,NW_019862778.1_1102640_1103181
LOC112058550,NW_019862778.1,-,MXE_exon1,0,0.473,1102864,1103181,NW_019862778.1_1102864_1103181
LOC112058550,NW_019862778.1,-,MXE_exon1,0,0.354,1102864,1103181,NW_019862778.1_1102864_1103181
LOC112058550,NW_019862778.1,-,MXE_exon1,0,0.475,1102864,1103181,NW_019862778.1_1102864_1103181
LOC112058550,NW_019862778.1,-,MXE_exon1,0,0.456,1102864,1103181,NW_019862778.1_1102864_1103181
LOC112058550,NW_019862778.1,-,MXE_exon1,0,0.454,1102868,1103180,NW_019862778.1_1102868_1103180
LOC112058550,NW_019862778.1,-,MXE_exon1,0,0.328,1102868,1103180,NW_019862778.1_1102868_1103180
LOC112058550,NW_019862778.1,-,MXE_exon1,0,0.457,1102868,1103180,NW_019862778.1_1102868_1103180
LOC112058550,NW_019862778.1,-,MXE_exon1,0,0.436,1102868,1103180,NW_019862778.1_1102868_1103180
LOC112058550,NW_019862778.1,-,MXE_exon1,0,0.482,1102868,1103181,NW_019862778.1_1102868_1103181
LOC112058550,NW_019862778.1,-,MXE_exon1,0,0.48,1102868,1103181,NW_019862778.1_1102868_1103181
LOC112058550,NW_019862778.1,-,MXE_exon1,0,0.485,1102868,1103181,NW_019862778.1_1102868_1103181
LOC112058550,NW_019862778.1,-,MXE_exon1,0,0.451,1102868,1103187,NW_019862778.1_1102868_1103187
LOC112058550,NW_019862778.1,-,MXE_exon1,0,0.324,1102868,1103187,NW_019862778.1_1102868_1103187
LOC112058550,NW_019862778.1,-,MXE_exon1,0,0.453,1102868,1103187,NW_019862778.1_1102868_1103187
LOC112058550,NW_019862778.1,-,MXE_exon1,0,0.432,1102868,1103187,NW_019862778.1_1102868_1103187
LOC112058550,NW_019862778.1,-,MXE_exon1,0,0.442,1102898,1103181,NW_019862778.1_1102898_1103181
LOC112058550,NW_019862778.1,-,MXE_exon1,0,0.312,1102898,1103181,NW_019862778.1_1102898_1103181
LOC112058550,NW_019862778.1,-,MXE_exon1,0,0.445,1102898,1103181,NW_019862778.1_1102898_1103181
LOC112058550,NW_019862778.1,-,MXE_exon1,0,0.422,1102898,1103181,NW_019862778.1_1102898_1103181
LOC112058550,NW_019862778.1,-,MXE_exon1,0,0.308,1102955,1103181,NW_019862778.1_1102955_1103181
LOC112058550,NW_019862778.1,-,MXE_exon1,0,0.172,1102955,1103181,NW_019862778.1_1102955_1103181
LOC112058550,NW_019862778.1,-,MXE_exon1,0,0.313,1102955,1103181,NW_019862778.1_1102955_1103181
LOC112058550,NW_019862778.1,-,MXE_exon1,0,0.281,1102955,1103181,NW_019862778.1_1102955_1103181
LOC112058550,NW_019862778.1,-,MXE_exon1,0,0.066,1102972,1103181,NW_019862778.1_1102972_1103181
LOC112058550,NW_019862778.1,-,MXE_exon1,0,0.029,1102972,1103181,NW_019862778.1_1102972_1103181
LOC112058550,NW_019862778.1,-,MXE_exon1,0,0.068,1102972,1103181,NW_019862778.1_1102972_1103181
LOC112058550,NW_019862778.1,-,MXE_exon1,0,0.056,1102972,1103181,NW_019862778.1_1102972_1103181
LOC112047303,NW_019862887.1,+,MXE_exon1,0.017764426,0.063,463728,464132,NW_019862887.1_463728_464132
LOC112052001,NW_019863118.1,-,MXE_exon1,0.001889508,-0.047,161542,161997,NW_019863118.1_161542_161997
LOC112052001,NW_019863118.1,-,MXE_exon1,0.001889508,-0.047,161542,162366,NW_019863118.1_161542_162366
LOC112052374,NW_019863143.1,+,MXE_exon1,0.001196766,0.055,133639,133849,NW_019863143.1_133639_133849
LOC112052374,NW_019863143.1,+,MXE_exon1,0.001325099,0.056,133639,133849,NW_019863143.1_133639_133849
LOC112044204,NW_019862805.1,+,MXE_exon1,0,0.905,130237,130578,NW_019862805.1_130237_130578
LOC112052867,NW_019863182.1,-,MXE_exon1,0.005116973,-0.105,230886,231099,NW_019863182.1_230886_231099
LOC112052867,NW_019863182.1,-,MXE_exon1,0.000174411,-0.124,230886,231099,NW_019863182.1_230886_231099
LOC112052867,NW_019863182.1,-,MXE_exon1,0.000142959,-0.066,230886,231099,NW_019863182.1_230886_231099
LOC112052867,NW_019863182.1,-,MXE_exon1,0.001724235,-0.08,230886,231252,NW_019863182.1_230886_231252
LOC112052867,NW_019863182.1,-,MXE_exon1,3.74E-05,-0.097,230886,231252,NW_019863182.1_230886_231252
LOC112052867,NW_019863182.1,-,MXE_exon1,0.004377024,-0.114,230886,231535,NW_019863182.1_230886_231535
LOC112052867,NW_019863182.1,-,MXE_exon1,0.000151835,-0.137,230886,231535,NW_019863182.1_230886_231535
LOC112052867,NW_019863182.1,-,MXE_exon1,0.007538184,-0.143,230886,231535,NW_019863182.1_230886_231535
LOC112055746,NW_019863601.1,-,MXE_exon1,5.56E-05,-0.388,66957,67400,NW_019863601.1_66957_67400
LOC112055746,NW_019863601.1,-,MXE_exon1,1.94E-05,-0.394,66957,67400,NW_019863601.1_66957_67400
LOC112055746,NW_019863601.1,-,MXE_exon1,1.25E-06,-0.457,66957,67404,NW_019863601.1_66957_67404
LOC112055746,NW_019863601.1,-,MXE_exon1,2.81E-06,-0.468,66957,67404,NW_019863601.1_66957_67404
LOC112047231,NW_019862885.1,-,MXE_exon1,0.000739301,-0.172,592659,593054,NW_019862885.1_592659_593054
LOC112047231,NW_019862885.1,-,MXE_exon1,0.000549687,-0.178,592659,593054,NW_019862885.1_592659_593054
LOC112047231,NW_019862885.1,-,MXE_exon1,0.000739301,-0.172,592659,593054,NW_019862885.1_592659_593054
LOC112051523,NW_019863087.1,+,MXE_exon1,0,0.371,178768,179357,NW_019863087.1_178768_179357
LOC112051523,NW_019863087.1,+,MXE_exon1,0,0.423,178768,179357,NW_019863087.1_178768_179357
LOC112051523,NW_019863087.1,+,MXE_exon1,0,0.42,178768,179357,NW_019863087.1_178768_179357
LOC112051523,NW_019863087.1,+,MXE_exon1,0,0.418,178768,179357,NW_019863087.1_178768_179357
LOC112051523,NW_019863087.1,+,MXE_exon1,0,0.268,178768,179357,NW_019863087.1_178768_179357
LOC112051523,NW_019863087.1,+,MXE_exon1,0,0.423,178768,179357,NW_019863087.1_178768_179357
LOC112051523,NW_019863087.1,+,MXE_exon1,1.14E-10,0.078,178768,179357,NW_019863087.1_178768_179357
LOC112051523,NW_019863087.1,+,MXE_exon1,1.60E-10,0.077,178768,179357,NW_019863087.1_178768_179357
LOC112051523,NW_019863087.1,+,MXE_exon1,1.77E-10,0.077,178768,179357,NW_019863087.1_178768_179357
LOC112051523,NW_019863087.1,+,MXE_exon1,0,0.37,178768,179357,NW_019863087.1_178768_179357
LOC112051523,NW_019863087.1,+,MXE_exon1,1.78E-09,0.067,178768,179357,NW_019863087.1_178768_179357
LOC112051523,NW_019863087.1,+,MXE_exon1,0,0.391,178768,179357,NW_019863087.1_178768_179357
LOC112051523,NW_019863087.1,+,MXE_exon1,0,0.383,179021,179345,NW_019863087.1_179021_179345
LOC112051523,NW_019863087.1,+,MXE_exon1,0,0.418,179021,179345,NW_019863087.1_179021_179345
LOC112051523,NW_019863087.1,+,MXE_exon1,0,0.416,179021,179345,NW_019863087.1_179021_179345
LOC112051523,NW_019863087.1,+,MXE_exon1,0,0.415,179021,179345,NW_019863087.1_179021_179345
LOC112051523,NW_019863087.1,+,MXE_exon1,0,0.283,179021,179345,NW_019863087.1_179021_179345
LOC112051523,NW_019863087.1,+,MXE_exon1,0,0.418,179021,179345,NW_019863087.1_179021_179345
LOC112051523,NW_019863087.1,+,MXE_exon1,1.10E-08,0.063,179021,179345,NW_019863087.1_179021_179345
LOC112051523,NW_019863087.1,+,MXE_exon1,1.41E-08,0.062,179021,179345,NW_019863087.1_179021_179345
LOC112051523,NW_019863087.1,+,MXE_exon1,1.69E-08,0.062,179021,179345,NW_019863087.1_179021_179345
LOC112051523,NW_019863087.1,+,MXE_exon1,0,0.383,179021,179345,NW_019863087.1_179021_179345
LOC112051523,NW_019863087.1,+,MXE_exon1,1.52E-07,0.054,179021,179345,NW_019863087.1_179021_179345
LOC112051523,NW_019863087.1,+,MXE_exon1,0,0.403,179021,179345,NW_019863087.1_179021_179345
LOC112051523,NW_019863087.1,+,MXE_exon1,0,0.484,179021,179357,NW_019863087.1_179021_179357
LOC112051523,NW_019863087.1,+,MXE_exon1,0,0.465,179021,179357,NW_019863087.1_179021_179357
LOC112051523,NW_019863087.1,+,MXE_exon1,0,0.466,179021,179357,NW_019863087.1_179021_179357
LOC112051523,NW_019863087.1,+,MXE_exon1,0,0.465,179021,179357,NW_019863087.1_179021_179357
LOC112051523,NW_019863087.1,+,MXE_exon1,0,0.464,179021,179357,NW_019863087.1_179021_179357
LOC112051523,NW_019863087.1,+,MXE_exon1,7.84E-05,0.036,179021,179357,NW_019863087.1_179021_179357
LOC112051523,NW_019863087.1,+,MXE_exon1,9.66E-05,0.035,179021,179357,NW_019863087.1_179021_179357
LOC112051523,NW_019863087.1,+,MXE_exon1,0.000114611,0.035,179021,179357,NW_019863087.1_179021_179357
LOC112051523,NW_019863087.1,+,MXE_exon1,0,0.484,179021,179357,NW_019863087.1_179021_179357
LOC112051523,NW_019863087.1,+,MXE_exon1,0.000677669,0.031,179021,179357,NW_019863087.1_179021_179357
LOC112051523,NW_019863087.1,+,MXE_exon1,0,0.498,179021,179357,NW_019863087.1_179021_179357
LOC112051523,NW_019863087.1,+,MXE_exon1,3.43E-05,0.163,182891,183127,NW_019863087.1_182891_183127
LOC112051523,NW_019863087.1,+,MXE_exon1,5.15E-06,0.157,182891,183127,NW_019863087.1_182891_183127
LOC112051523,NW_019863087.1,+,MXE_exon1,2.97E-06,0.175,182891,183185,NW_019863087.1_182891_183185
LOC112051523,NW_019863087.1,+,MXE_exon1,0.035607247,0.105,182906,183127,NW_019863087.1_182906_183127
LOC112051523,NW_019863087.1,+,MXE_exon1,0.003308662,0.104,182906,183127,NW_019863087.1_182906_183127
LOC112051523,NW_019863087.1,+,MXE_exon1,0.000801427,0.065,182906,183185,NW_019863087.1_182906_183185
LOC112052337,NW_019863141.1,-,MXE_exon1,0.042703557,-0.233,178974,179213,NW_019863141.1_178974_179213
LOC112044491,NW_019862810.1,+,MXE_exon1,0,-0.565,732143,732501,NW_019862810.1_732143_732501
LOC112044491,NW_019862810.1,+,MXE_exon1,0,0.398,733307,733986,NW_019862810.1_733307_733986
LOC112044491,NW_019862810.1,+,MXE_exon1,0,0.41,733653,733986,NW_019862810.1_733653_733986
LOC112044491,NW_019862810.1,+,MXE_exon1,0,0.423,733674,733986,NW_019862810.1_733674_733986
LOC112044491,NW_019862810.1,+,MXE_exon1,0,0.411,733678,733986,NW_019862810.1_733678_733986
LOC112046986,NW_019862879.1,-,MXE_exon1,3.30E-08,-0.09,319094,319481,NW_019862879.1_319094_319481
LOC112051371,NW_019863078.1,-,MXE_exon1,3.27E-05,0.073,44512,44911,NW_019863078.1_44512_44911
LOC112051371,NW_019863078.1,-,MXE_exon1,3.27E-05,0.073,44512,44911,NW_019863078.1_44512_44911
LOC112051371,NW_019863078.1,-,MXE_exon1,0.015509246,0.092,44512,44970,NW_019863078.1_44512_44970
LOC112051371,NW_019863078.1,-,MXE_exon1,0.015509246,0.092,44512,44970,NW_019863078.1_44512_44970
LOC112056544,NW_019863876.1,+,MXE_exon1,0.048275536,-0.021,18118,18540,NW_019863876.1_18118_18540
LOC112043769,NW_019862797.1,+,MXE_exon1,0.036865466,0.083,168661,169072,NW_019862797.1_168661_169072
LOC112045399,NW_019862831.1,+,MXE_exon1,0.041052639,0.065,433447,433752,NW_019862831.1_433447_433752
LOC112045399,NW_019862831.1,+,MXE_exon1,0.048136087,0.054,433447,434065,NW_019862831.1_433447_434065
LOC112053596,NW_019863259.1,+,MXE_exon1,0.000142959,-0.081,312989,313225,NW_019863259.1_312989_313225
LOC112053596,NW_019863259.1,+,MXE_exon1,0.000131135,-0.082,312989,313225,NW_019863259.1_312989_313225
LOC112044077,NW_019862803.1,+,MXE_exon1,2.31E-08,-0.366,139313,139644,NW_019862803.1_139313_139644
LOC112044077,NW_019862803.1,+,MXE_exon1,3.07E-08,-0.363,139313,139644,NW_019862803.1_139313_139644
LOC112044077,NW_019862803.1,+,MXE_exon1,5.30E-11,-0.368,139313,139644,NW_019862803.1_139313_139644
LOC112044077,NW_019862803.1,+,MXE_exon1,1.24E-07,-0.353,139313,139644,NW_019862803.1_139313_139644
LOC112046784,NW_019862871.1,-,MXE_exon1,0.001721882,0.279,17278,17580,NW_019862871.1_17278_17580
LOC112049759,NW_019862988.1,+,MXE_exon1,3.72E-06,-0.259,231809,232154,NW_019862988.1_231809_232154
LOC112049759,NW_019862988.1,+,MXE_exon1,1.11E-06,-0.233,231847,232154,NW_019862988.1_231847_232154
LOC112049759,NW_019862988.1,+,MXE_exon1,0.000737084,0.227,237528,237769,NW_019862988.1_237528_237769
LOC112055526,NW_019863545.1,-,MXE_exon1,0.00046336,-0.14,76263,76567,NW_019863545.1_76263_76567
LOC112055526,NW_019863545.1,-,MXE_exon1,0.000388321,-0.155,76263,76626,NW_019863545.1_76263_76626
LOC112055526,NW_019863545.1,-,MXE_exon1,0.000353212,-0.155,76263,76885,NW_019863545.1_76263_76885
LOC112055526,NW_019863545.1,-,MXE_exon1,0.000143223,-0.222,76318,76547,NW_019863545.1_76318_76547
LOC112055526,NW_019863545.1,-,MXE_exon1,6.02E-05,-0.25,76322,76547,NW_019863545.1_76322_76547
LOC112047449,NW_019862893.1,-,MXE_exon1,0.00056491,-0.27,406289,406522,NW_019862893.1_406289_406522
LOC112047449,NW_019862893.1,-,MXE_exon1,0.000618504,-0.465,408472,408801,NW_019862893.1_408472_408801
LOC112047449,NW_019862893.1,-,MXE_exon1,0.000339807,-0.474,410707,410994,NW_019862893.1_410707_410994
LOC112047449,NW_019862893.1,-,MXE_exon1,0.043126315,0.101,420671,421046,NW_019862893.1_420671_421046
LOC112044248,NW_019862750.1,-,MXE_exon1,0.019888112,0.013,1325836,1326253,NW_019862750.1_1325836_1326253
LOC112049842,NW_019862994.1,+,MXE_exon1,0.023964167,-0.115,99037,99289,NW_019862994.1_99037_99289
LOC112049052,NW_019862956.1,-,MXE_exon1,0.000185056,0.349,483761,484155,NW_019862956.1_483761_484155
LOC112049052,NW_019862956.1,-,MXE_exon1,0.00158402,0.138,483761,484199,NW_019862956.1_483761_484199
LOC112049052,NW_019862956.1,-,MXE_exon1,5.96E-05,0.252,483761,484199,NW_019862956.1_483761_484199
LOC112047113,NW_019862882.1,-,MXE_exon1,1.96E-09,-0.283,101763,102103,NW_019862882.1_101763_102103
LOC112047113,NW_019862882.1,-,MXE_exon1,0.002126951,-0.258,101763,102103,NW_019862882.1_101763_102103
LOC112047113,NW_019862882.1,-,MXE_exon1,1.62E-06,-0.271,101763,102103,NW_019862882.1_101763_102103
LOC112047113,NW_019862882.1,-,MXE_exon1,9.16E-09,-0.29,101763,102103,NW_019862882.1_101763_102103
LOC112047113,NW_019862882.1,-,MXE_exon1,2.48E-09,-0.293,101763,102296,NW_019862882.1_101763_102296
LOC112047113,NW_019862882.1,-,MXE_exon1,2.28E-09,-0.286,101763,102296,NW_019862882.1_101763_102296
LOC112047113,NW_019862882.1,-,MXE_exon1,1.08E-08,-0.294,101763,102296,NW_019862882.1_101763_102296
LOC112043045,NW_019862784.1,+,MXE_exon1,0.000859499,0.583,1523581,1523936,NW_019862784.1_1523581_1523936
LOC112053274,NW_019863223.1,+,MXE_exon1,0,0.608,161366,161792,NW_019863223.1_161366_161792
LOC112045475,NW_019862752.1,-,MXE_exon1,3.06E-11,0.341,528686,528915,NW_019862752.1_528686_528915
LOC112045475,NW_019862752.1,-,MXE_exon1,0,0.234,528686,528915,NW_019862752.1_528686_528915
LOC112045475,NW_019862752.1,-,MXE_exon1,2.38E-11,0.339,528686,528915,NW_019862752.1_528686_528915
LOC112045475,NW_019862752.1,-,MXE_exon1,8.89E-11,0.339,528686,528915,NW_019862752.1_528686_528915
LOC112045475,NW_019862752.1,-,MXE_exon1,1.15E-11,0.321,528686,528915,NW_019862752.1_528686_528915
LOC112045475,NW_019862752.1,-,MXE_exon1,6.30E-10,0.391,528686,528924,NW_019862752.1_528686_528924
LOC112045475,NW_019862752.1,-,MXE_exon1,5.77E-10,0.392,528686,528924,NW_019862752.1_528686_528924
LOC112045475,NW_019862752.1,-,MXE_exon1,2.02E-09,0.387,528686,528924,NW_019862752.1_528686_528924
LOC112045475,NW_019862752.1,-,MXE_exon1,9.42E-10,0.397,528686,528924,NW_019862752.1_528686_528924
LOC112045475,NW_019862752.1,-,MXE_exon1,1.60E-08,0.279,528689,528924,NW_019862752.1_528689_528924
LOC112045475,NW_019862752.1,-,MXE_exon1,2.63E-12,0.184,528689,528924,NW_019862752.1_528689_528924
LOC112045475,NW_019862752.1,-,MXE_exon1,1.94E-08,0.277,528689,528924,NW_019862752.1_528689_528924
LOC112045475,NW_019862752.1,-,MXE_exon1,3.57E-08,0.277,528689,528924,NW_019862752.1_528689_528924
LOC112045475,NW_019862752.1,-,MXE_exon1,6.09E-09,0.261,528689,528924,NW_019862752.1_528689_528924
LOC112046894,NW_019862874.1,+,MXE_exon1,6.79E-07,0.115,262017,262403,NW_019862874.1_262017_262403
LOC112046894,NW_019862874.1,+,MXE_exon1,0.001925305,0.15,262017,262406,NW_019862874.1_262017_262406
LOC112046894,NW_019862874.1,+,MXE_exon1,0.001350268,0.056,271770,272133,NW_019862874.1_271770_272133
LOC112046894,NW_019862874.1,+,MXE_exon1,0,0.193,272302,272919,NW_019862874.1_272302_272919
LOC112046894,NW_019862874.1,+,MXE_exon1,0,0.189,272302,272919,NW_019862874.1_272302_272919
LOC112046894,NW_019862874.1,+,MXE_exon1,0.039404556,0.012,277963,278285,NW_019862874.1_277963_278285
LOC112046894,NW_019862874.1,+,MXE_exon1,0.028673981,0.013,277963,278285,NW_019862874.1_277963_278285
LOC112046894,NW_019862874.1,+,MXE_exon1,0.011060025,0.013,277963,278285,NW_019862874.1_277963_278285
LOC112054600,NW_019863381.1,-,MXE_exon1,0.036740692,0.383,60234,60671,NW_019863381.1_60234_60671
LOC112052375,NW_019863143.1,+,MXE_exon1,0.000280474,-0.13,147913,148150,NW_019863143.1_147913_148150
LOC112052375,NW_019863143.1,+,MXE_exon1,0.000330722,-0.156,147913,148150,NW_019863143.1_147913_148150
LOC112051181,NW_019863067.1,-,MXE_exon1,2.91E-06,-0.593,304741,305122,NW_019863067.1_304741_305122
LOC112051181,NW_019863067.1,-,MXE_exon1,0.001785753,-0.387,304741,305122,NW_019863067.1_304741_305122
LOC112051181,NW_019863067.1,-,MXE_exon1,0.012313191,-0.39,304741,305122,NW_019863067.1_304741_305122
LOC112051181,NW_019863067.1,-,MXE_exon1,0.00982798,-0.417,304741,305122,NW_019863067.1_304741_305122
LOC112051181,NW_019863067.1,-,MXE_exon1,0.033121271,-0.354,304741,305122,NW_019863067.1_304741_305122
LOC112051181,NW_019863067.1,-,MXE_exon1,0.03312908,-0.358,304741,305122,NW_019863067.1_304741_305122
LOC112051181,NW_019863067.1,-,MXE_exon1,0.04455979,-0.341,304741,305122,NW_019863067.1_304741_305122
LOC112051181,NW_019863067.1,-,MXE_exon1,0.041745166,-0.341,304741,305122,NW_019863067.1_304741_305122
LOC112051181,NW_019863067.1,-,MXE_exon1,0.039298438,-0.35,304741,305122,NW_019863067.1_304741_305122
LOC112051181,NW_019863067.1,-,MXE_exon1,4.46E-06,-0.582,304741,305304,NW_019863067.1_304741_305304
LOC112051181,NW_019863067.1,-,MXE_exon1,0.002523957,-0.38,304741,305304,NW_019863067.1_304741_305304
LOC112051181,NW_019863067.1,-,MXE_exon1,0.015353697,-0.379,304741,305304,NW_019863067.1_304741_305304
LOC112051181,NW_019863067.1,-,MXE_exon1,0.012776426,-0.406,304741,305304,NW_019863067.1_304741_305304
LOC112051181,NW_019863067.1,-,MXE_exon1,0.042698256,-0.343,304741,305304,NW_019863067.1_304741_305304
LOC112051181,NW_019863067.1,-,MXE_exon1,0.041564478,-0.347,304741,305304,NW_019863067.1_304741_305304
LOC112051181,NW_019863067.1,-,MXE_exon1,0.049428486,-0.339,304741,305304,NW_019863067.1_304741_305304
LOC112051181,NW_019863067.1,-,MXE_exon1,3.28E-05,-0.267,304741,305304,NW_019863067.1_304741_305304
LOC112051181,NW_019863067.1,-,MXE_exon1,2.02E-06,-0.604,304741,305436,NW_019863067.1_304741_305436
LOC112051181,NW_019863067.1,-,MXE_exon1,0.001214447,-0.394,304741,305436,NW_019863067.1_304741_305436
LOC112051181,NW_019863067.1,-,MXE_exon1,0.009275179,-0.401,304741,305436,NW_019863067.1_304741_305436
LOC112051181,NW_019863067.1,-,MXE_exon1,0.007501861,-0.427,304741,305436,NW_019863067.1_304741_305436
LOC112051181,NW_019863067.1,-,MXE_exon1,0.024516418,-0.366,304741,305436,NW_019863067.1_304741_305436
LOC112051181,NW_019863067.1,-,MXE_exon1,0.024647206,-0.369,304741,305436,NW_019863067.1_304741_305436
LOC112051181,NW_019863067.1,-,MXE_exon1,0.033931825,-0.352,304741,305436,NW_019863067.1_304741_305436
LOC112051181,NW_019863067.1,-,MXE_exon1,0.031721581,-0.352,304741,305436,NW_019863067.1_304741_305436
LOC112051181,NW_019863067.1,-,MXE_exon1,0.029722954,-0.361,304741,305436,NW_019863067.1_304741_305436
LOC112051181,NW_019863067.1,-,MXE_exon1,0.020303676,0.072,305635,306143,NW_019863067.1_305635_306143
LOC112051181,NW_019863067.1,-,MXE_exon1,0.037729181,0.172,305635,306143,NW_019863067.1_305635_306143
LOC112051181,NW_019863067.1,-,MXE_exon1,0.020895,0.195,305635,306143,NW_019863067.1_305635_306143
LOC112051181,NW_019863067.1,-,MXE_exon1,0.031279941,0.185,305635,306143,NW_019863067.1_305635_306143
LOC112051181,NW_019863067.1,-,MXE_exon1,0.031500316,0.181,305635,306143,NW_019863067.1_305635_306143
LOC112051181,NW_019863067.1,-,MXE_exon1,0.02888869,0.197,305635,306143,NW_019863067.1_305635_306143
LOC112051181,NW_019863067.1,-,MXE_exon1,0.029933244,0.196,305635,306143,NW_019863067.1_305635_306143
LOC112051181,NW_019863067.1,-,MXE_exon1,0.029672738,0.189,305635,306143,NW_019863067.1_305635_306143
LOC112049557,NW_019862978.1,+,MXE_exon1,0,-0.384,92874,93256,NW_019862978.1_92874_93256
LOC112049557,NW_019862978.1,+,MXE_exon1,0,-0.261,92874,93256,NW_019862978.1_92874_93256
LOC112049557,NW_019862978.1,+,MXE_exon1,0,-0.439,92930,93256,NW_019862978.1_92930_93256
LOC112049557,NW_019862978.1,+,MXE_exon1,0,-0.435,92930,93256,NW_019862978.1_92930_93256
LOC112049557,NW_019862978.1,+,MXE_exon1,0,-0.459,92930,93270,NW_019862978.1_92930_93270
LOC112049557,NW_019862978.1,+,MXE_exon1,0,-0.347,92930,93270,NW_019862978.1_92930_93270
LOC112049557,NW_019862978.1,+,MXE_exon1,0,-0.455,92930,93322,NW_019862978.1_92930_93322
LOC112049557,NW_019862978.1,+,MXE_exon1,0,-0.341,92930,93322,NW_019862978.1_92930_93322
LOC112049557,NW_019862978.1,+,MXE_exon1,0,-0.463,95692,96024,NW_019862978.1_95692_96024
LOC112049557,NW_019862978.1,+,MXE_exon1,0,-0.454,95692,96033,NW_019862978.1_95692_96033
LOC112049557,NW_019862978.1,+,MXE_exon1,0,-0.312,95692,96033,NW_019862978.1_95692_96033
LOC112049557,NW_019862978.1,+,MXE_exon1,0,-0.441,95692,96046,NW_019862978.1_95692_96046
LOC112049557,NW_019862978.1,+,MXE_exon1,0,-0.306,95692,96046,NW_019862978.1_95692_96046
LOC112049557,NW_019862978.1,+,MXE_exon1,0,-0.425,95699,96024,NW_019862978.1_95699_96024
LOC112049557,NW_019862978.1,+,MXE_exon1,0,-0.288,95699,96024,NW_019862978.1_95699_96024
LOC112049557,NW_019862978.1,+,MXE_exon1,2.74E-13,0.197,97692,98024,NW_019862978.1_97692_98024
LOC112049557,NW_019862978.1,+,MXE_exon1,2.74E-13,0.197,97692,98024,NW_019862978.1_97692_98024
LOC112049557,NW_019862978.1,+,MXE_exon1,1.12E-11,0.21,97692,98024,NW_019862978.1_97692_98024
LOC112046332,NW_019862855.1,-,MXE_exon1,2.40E-06,0.518,634760,635120,NW_019862855.1_634760_635120
LOC112046332,NW_019862855.1,-,MXE_exon1,0.015857724,-0.056,636793,637209,NW_019862855.1_636793_637209
LOC112049929,NW_019862998.1,+,MXE_exon1,0.013687132,0.084,188154,188849,NW_019862998.1_188154_188849
LOC112058207,NW_019862772.1,+,MXE_exon1,0.000142749,0.719,1700084,1700311,NW_019862772.1_1700084_1700311
LOC112058207,NW_019862772.1,+,MXE_exon1,0.000163131,0.562,1700084,1700323,NW_019862772.1_1700084_1700323
LOC112058207,NW_019862772.1,+,MXE_exon1,3.74E-05,0.365,1700084,1700451,NW_019862772.1_1700084_1700451
LOC112058207,NW_019862772.1,+,MXE_exon1,0.000746479,0.506,1700084,1700782,NW_019862772.1_1700084_1700782
LOC112052141,NW_019863130.1,-,MXE_exon1,0.034202834,-0.113,89885,90171,NW_019863130.1_89885_90171
LOC112053016,NW_019862759.1,-,MXE_exon1,0.003164378,0.076,1321293,1321837,NW_019862759.1_1321293_1321837
LOC112053016,NW_019862759.1,-,MXE_exon1,0.017632681,0.054,1321293,1321837,NW_019862759.1_1321293_1321837
LOC112053016,NW_019862759.1,-,MXE_exon1,0.008727628,-0.238,1321293,1321837,NW_019862759.1_1321293_1321837
LOC112053016,NW_019862759.1,-,MXE_exon1,0.00982798,0.142,1321293,1321837,NW_019862759.1_1321293_1321837
LOC112053016,NW_019862759.1,-,MXE_exon1,0.035455046,-0.148,1321294,1321593,NW_019862759.1_1321294_1321593
LOC112053016,NW_019862759.1,-,MXE_exon1,3.40E-07,-0.197,1321294,1321593,NW_019862759.1_1321294_1321593
LOC112053016,NW_019862759.1,-,MXE_exon1,1.16E-06,-0.156,1321294,1321837,NW_019862759.1_1321294_1321837
LOC112053016,NW_019862759.1,-,MXE_exon1,3.82E-05,-0.254,1321770,1322032,NW_019862759.1_1321770_1322032
LOC112053016,NW_019862759.1,-,MXE_exon1,0.000307242,-0.237,1321770,1322032,NW_019862759.1_1321770_1322032
LOC112057684,NW_019862765.1,+,MXE_exon1,7.60E-06,-0.149,1034852,1035175,NW_019862765.1_1034852_1035175
LOC112057684,NW_019862765.1,+,MXE_exon1,4.06E-05,-0.06,1034852,1035175,NW_019862765.1_1034852_1035175
LOC112053739,NW_019863277.1,-,MXE_exon1,0.009315145,-0.122,104455,104888,NW_019863277.1_104455_104888
LOC112048398,NW_019862929.1,+,MXE_exon1,0,0.065,270741,271141,NW_019862929.1_270741_271141
LOC112049794,NW_019862756.1,-,MXE_exon1,4.27E-11,-0.11,385647,385929,NW_019862756.1_385647_385929
LOC112045804,NW_019862841.1,+,MXE_exon1,4.37E-06,-0.417,587757,588233,NW_019862841.1_587757_588233
LOC112045804,NW_019862841.1,+,MXE_exon1,5.91E-05,-0.338,587757,588233,NW_019862841.1_587757_588233
LOC112050198,NW_019863012.1,-,MXE_exon1,0.016203548,0.1,245652,245895,NW_019863012.1_245652_245895
LOC112049503,NW_019862976.1,-,MXE_exon1,0,0.256,435755,436361,NW_019862976.1_435755_436361
LOC112049503,NW_019862976.1,-,MXE_exon1,0,0.256,435755,436361,NW_019862976.1_435755_436361
LOC112049503,NW_019862976.1,-,MXE_exon1,0,0.078,435755,436361,NW_019862976.1_435755_436361
LOC112049503,NW_019862976.1,-,MXE_exon1,0,0.225,435755,436361,NW_019862976.1_435755_436361
LOC112049503,NW_019862976.1,-,MXE_exon1,0,0.211,435755,436361,NW_019862976.1_435755_436361
LOC112049503,NW_019862976.1,-,MXE_exon1,0,0.306,436097,436361,NW_019862976.1_436097_436361
LOC112049503,NW_019862976.1,-,MXE_exon1,0,0.306,436097,436361,NW_019862976.1_436097_436361
LOC112049503,NW_019862976.1,-,MXE_exon1,0,0.103,436097,436361,NW_019862976.1_436097_436361
LOC112049503,NW_019862976.1,-,MXE_exon1,0,0.271,436097,436361,NW_019862976.1_436097_436361
LOC112049503,NW_019862976.1,-,MXE_exon1,0,0.259,436097,436361,NW_019862976.1_436097_436361
LOC112049503,NW_019862976.1,-,MXE_exon1,0,0.287,436098,436328,NW_019862976.1_436098_436328
LOC112049503,NW_019862976.1,-,MXE_exon1,0,0.287,436098,436328,NW_019862976.1_436098_436328
LOC112049503,NW_019862976.1,-,MXE_exon1,0,0.089,436098,436328,NW_019862976.1_436098_436328
LOC112049503,NW_019862976.1,-,MXE_exon1,0,0.255,436098,436328,NW_019862976.1_436098_436328
LOC112049503,NW_019862976.1,-,MXE_exon1,0,0.237,436098,436328,NW_019862976.1_436098_436328
LOC112049503,NW_019862976.1,-,MXE_exon1,0,0.449,436098,436361,NW_019862976.1_436098_436361
LOC112049503,NW_019862976.1,-,MXE_exon1,0,0.449,436098,436361,NW_019862976.1_436098_436361
LOC112049503,NW_019862976.1,-,MXE_exon1,0,0.421,436098,436361,NW_019862976.1_436098_436361
LOC112049503,NW_019862976.1,-,MXE_exon1,0,0.434,436098,436361,NW_019862976.1_436098_436361
LOC112049503,NW_019862976.1,-,MXE_exon1,0,0.321,436098,436419,NW_019862976.1_436098_436419
LOC112049503,NW_019862976.1,-,MXE_exon1,0,0.321,436098,436419,NW_019862976.1_436098_436419
LOC112049503,NW_019862976.1,-,MXE_exon1,0,0.108,436098,436419,NW_019862976.1_436098_436419
LOC112049503,NW_019862976.1,-,MXE_exon1,0,0.287,436098,436419,NW_019862976.1_436098_436419
LOC112049503,NW_019862976.1,-,MXE_exon1,0,0.271,436098,436419,NW_019862976.1_436098_436419
LOC112049503,NW_019862976.1,-,MXE_exon1,0,0.292,436102,436361,NW_019862976.1_436102_436361
LOC112049503,NW_019862976.1,-,MXE_exon1,0,0.292,436102,436361,NW_019862976.1_436102_436361
LOC112049503,NW_019862976.1,-,MXE_exon1,0,0.095,436102,436361,NW_019862976.1_436102_436361
LOC112049503,NW_019862976.1,-,MXE_exon1,0,0.259,436102,436361,NW_019862976.1_436102_436361
LOC112049503,NW_019862976.1,-,MXE_exon1,0,0.246,436102,436361,NW_019862976.1_436102_436361
LOC112049503,NW_019862976.1,-,MXE_exon1,0.000163604,-0.164,439962,440397,NW_019862976.1_439962_440397
LOC112049503,NW_019862976.1,-,MXE_exon1,0.000140825,-0.174,439962,440397,NW_019862976.1_439962_440397
LOC112049503,NW_019862976.1,-,MXE_exon1,5.41E-07,-0.131,439962,440397,NW_019862976.1_439962_440397
LOC112049503,NW_019862976.1,-,MXE_exon1,0.000411014,-0.161,439962,440397,NW_019862976.1_439962_440397
LOC112049503,NW_019862976.1,-,MXE_exon1,0.000163604,-0.164,439966,440397,NW_019862976.1_439966_440397
LOC112049503,NW_019862976.1,-,MXE_exon1,0.000140825,-0.174,439966,440397,NW_019862976.1_439966_440397
LOC112049503,NW_019862976.1,-,MXE_exon1,5.41E-07,-0.131,439966,440397,NW_019862976.1_439966_440397
LOC112049503,NW_019862976.1,-,MXE_exon1,0.000411014,-0.161,439966,440397,NW_019862976.1_439966_440397
LOC112049503,NW_019862976.1,-,MXE_exon1,0.000163604,-0.164,440008,440397,NW_019862976.1_440008_440397
LOC112049503,NW_019862976.1,-,MXE_exon1,0.000140825,-0.174,440008,440397,NW_019862976.1_440008_440397
LOC112049503,NW_019862976.1,-,MXE_exon1,5.41E-07,-0.131,440008,440397,NW_019862976.1_440008_440397
LOC112049503,NW_019862976.1,-,MXE_exon1,0.000411014,-0.161,440008,440397,NW_019862976.1_440008_440397
LOC112049503,NW_019862976.1,-,MXE_exon1,0.000163604,-0.164,440013,440397,NW_019862976.1_440013_440397
LOC112049503,NW_019862976.1,-,MXE_exon1,0.000140825,-0.174,440013,440397,NW_019862976.1_440013_440397
LOC112049503,NW_019862976.1,-,MXE_exon1,5.41E-07,-0.131,440013,440397,NW_019862976.1_440013_440397
LOC112049503,NW_019862976.1,-,MXE_exon1,0.000411014,-0.161,440013,440397,NW_019862976.1_440013_440397
LOC112049503,NW_019862976.1,-,MXE_exon1,0.000163143,-0.164,440052,440397,NW_019862976.1_440052_440397
LOC112049503,NW_019862976.1,-,MXE_exon1,0.000142959,-0.174,440052,440397,NW_019862976.1_440052_440397
LOC112049503,NW_019862976.1,-,MXE_exon1,6.43E-07,-0.132,440052,440397,NW_019862976.1_440052_440397
LOC112049503,NW_019862976.1,-,MXE_exon1,0.00041218,-0.16,440052,440397,NW_019862976.1_440052_440397
LOC112049503,NW_019862976.1,-,MXE_exon1,0.000160134,-0.163,440055,440397,NW_019862976.1_440055_440397
LOC112049503,NW_019862976.1,-,MXE_exon1,0.000142749,-0.174,440055,440397,NW_019862976.1_440055_440397
LOC112049503,NW_019862976.1,-,MXE_exon1,7.06E-07,-0.133,440055,440397,NW_019862976.1_440055_440397
LOC112049503,NW_019862976.1,-,MXE_exon1,0.000409447,-0.16,440055,440397,NW_019862976.1_440055_440397
LOC112049503,NW_019862976.1,-,MXE_exon1,0.002333923,-0.109,440126,440385,NW_019862976.1_440126_440385
LOC112049503,NW_019862976.1,-,MXE_exon1,0.004349004,-0.123,440126,440385,NW_019862976.1_440126_440385
LOC112049503,NW_019862976.1,-,MXE_exon1,0.004808407,-0.119,440126,440385,NW_019862976.1_440126_440385
LOC112049503,NW_019862976.1,-,MXE_exon1,0.006208342,-0.109,440126,440385,NW_019862976.1_440126_440385
LOC112049503,NW_019862976.1,-,MXE_exon1,3.27E-08,-0.064,440126,440397,NW_019862976.1_440126_440397
LOC112049503,NW_019862976.1,-,MXE_exon1,5.25E-07,-0.079,440126,440397,NW_019862976.1_440126_440397
LOC112049503,NW_019862976.1,-,MXE_exon1,8.84E-07,-0.067,440126,440397,NW_019862976.1_440126_440397
LOC112049503,NW_019862976.1,-,MXE_exon1,0.036239492,0.101,440794,441224,NW_019862976.1_440794_441224
LOC112057680,NW_019862765.1,+,MXE_exon1,1.30E-08,0.585,957192,957463,NW_019862765.1_957192_957463
LOC112057680,NW_019862765.1,+,MXE_exon1,0.004399962,0.377,957192,957692,NW_019862765.1_957192_957692
LOC112055942,NW_019863661.1,+,MXE_exon1,0.001813026,0.057,15758,16109,NW_019863661.1_15758_16109
LOC112055942,NW_019863661.1,+,MXE_exon1,0.001805826,0.057,15758,16109,NW_019863661.1_15758_16109
LOC112055942,NW_019863661.1,+,MXE_exon1,0.004171679,0.033,15758,16109,NW_019863661.1_15758_16109
LOC112055942,NW_019863661.1,+,MXE_exon1,0.001813026,0.057,15758,16138,NW_019863661.1_15758_16138
LOC112055942,NW_019863661.1,+,MXE_exon1,0.001805826,0.057,15758,16138,NW_019863661.1_15758_16138
LOC112055942,NW_019863661.1,+,MXE_exon1,0.004171679,0.033,15758,16138,NW_019863661.1_15758_16138
LOC112055942,NW_019863661.1,+,MXE_exon1,0.00182749,0.058,15758,16157,NW_019863661.1_15758_16157
LOC112055942,NW_019863661.1,+,MXE_exon1,0.001813026,0.058,15758,16157,NW_019863661.1_15758_16157
LOC112055942,NW_019863661.1,+,MXE_exon1,0.003876666,0.033,15758,16157,NW_019863661.1_15758_16157
LOC112046452,NW_019862857.1,-,MXE_exon1,0.006035142,0.066,171573,172082,NW_019862857.1_171573_172082
LOC112045272,NW_019862827.1,+,MXE_exon1,0,0.512,229927,230308,NW_019862827.1_229927_230308
LOC112045272,NW_019862827.1,+,MXE_exon1,0,0.665,229927,230308,NW_019862827.1_229927_230308
LOC112058168,NW_019862772.1,+,MXE_exon1,6.82E-06,-0.053,1624313,1624584,NW_019862772.1_1624313_1624584
LOC112055327,NW_019863501.1,+,MXE_exon1,6.50E-14,-0.154,64023,64412,NW_019863501.1_64023_64412
LOC112055327,NW_019863501.1,+,MXE_exon1,9.85E-08,0.107,64023,64412,NW_019863501.1_64023_64412
LOC112055327,NW_019863501.1,+,MXE_exon1,3.34E-06,0.016,64883,65276,NW_019863501.1_64883_65276
LOC112055327,NW_019863501.1,+,MXE_exon1,3.11E-05,0.022,64884,65294,NW_019863501.1_64884_65294
LOC112055327,NW_019863501.1,+,MXE_exon1,2.77E-05,0.021,64886,65294,NW_019863501.1_64886_65294
LOC112055327,NW_019863501.1,+,MXE_exon1,3.11E-05,0.022,64889,65294,NW_019863501.1_64889_65294
LOC112055327,NW_019863501.1,+,MXE_exon1,2.67E-05,0.026,64994,65294,NW_019863501.1_64994_65294
LOC112042935,NW_019862782.1,-,MXE_exon1,0.025448143,-0.06,1175793,1176092,NW_019862782.1_1175793_1176092
LOC112042935,NW_019862782.1,-,MXE_exon1,0.000378072,-0.062,1175793,1176092,NW_019862782.1_1175793_1176092
LOC112042935,NW_019862782.1,-,MXE_exon1,0.043825713,-0.018,1175793,1176092,NW_019862782.1_1175793_1176092
LOC112042935,NW_019862782.1,-,MXE_exon1,0.003879149,-0.02,1175793,1176092,NW_019862782.1_1175793_1176092
LOC112042935,NW_019862782.1,-,MXE_exon1,0.011406445,0.024,1176464,1176739,NW_019862782.1_1176464_1176739
LOC112042935,NW_019862782.1,-,MXE_exon1,0.000953356,-0.052,1176464,1176739,NW_019862782.1_1176464_1176739
LOC112056128,NW_019863715.1,+,MXE_exon1,0.007538184,0.098,57277,57519,NW_019863715.1_57277_57519
LOC112047844,NW_019862905.1,-,MXE_exon1,0.000998315,-0.008,640578,640995,NW_019862905.1_640578_640995
LOC112057988,NW_019862770.1,+,MXE_exon1,0.036253094,-0.024,1259525,1259831,NW_019862770.1_1259525_1259831
LOC112057021,NW_019862764.1,+,MXE_exon1,0.005701448,-0.029,1486634,1487002,NW_019862764.1_1486634_1487002
LOC112057021,NW_019862764.1,+,MXE_exon1,0.007555512,-0.015,1486634,1487002,NW_019862764.1_1486634_1487002
LOC112048050,NW_019862754.1,-,MXE_exon1,7.99E-08,-0.324,1606504,1606805,NW_019862754.1_1606504_1606805
LOC112048050,NW_019862754.1,-,MXE_exon1,4.39E-09,-0.068,1606504,1606805,NW_019862754.1_1606504_1606805
LOC112048050,NW_019862754.1,-,MXE_exon1,0.033247211,-0.068,1609421,1609745,NW_019862754.1_1609421_1609745
LOC112044972,NW_019862820.1,+,MXE_exon1,5.79E-10,-0.119,164758,165034,NW_019862820.1_164758_165034
LOC112046122,NW_019862752.1,-,MXE_exon1,0.004196603,0.222,1920176,1920480,NW_019862752.1_1920176_1920480
LOC112046122,NW_019862752.1,-,MXE_exon1,0.01658945,0.241,1920176,1920480,NW_019862752.1_1920176_1920480
LOC112046122,NW_019862752.1,-,MXE_exon1,0.009446383,0.09,1920180,1920480,NW_019862752.1_1920180_1920480
LOC112055365,NW_019863507.1,+,MXE_exon1,0.003183671,-0.267,48390,48804,NW_019863507.1_48390_48804
LOC112046090,NW_019862847.1,-,MXE_exon1,0.016886695,0.08,428694,429074,NW_019862847.1_428694_429074
LOC112047593,NW_019862897.1,-,MXE_exon1,0.000478449,-0.371,431018,431434,NW_019862897.1_431018_431434
LOC112047593,NW_019862897.1,-,MXE_exon1,0.01129407,-0.368,431018,431434,NW_019862897.1_431018_431434
LOC112057145,NW_019864371.1,-,MXE_exon1,0.00185281,0.177,9314,9576,NW_019864371.1_9314_9576
LOC112051403,NW_019863081.1,-,MXE_exon1,0.022097388,-0.044,198215,198474,NW_019863081.1_198215_198474
LOC112051403,NW_019863081.1,-,MXE_exon1,0.025933987,-0.042,198215,198474,NW_019863081.1_198215_198474
LOC112058561,NW_019862778.1,+,MXE_exon1,0.019077277,0.091,1238572,1238923,NW_019862778.1_1238572_1238923
LOC112049067,NW_019862957.1,-,MXE_exon1,0.008298709,-0.104,494411,494886,NW_019862957.1_494411_494886
LOC112049067,NW_019862957.1,-,MXE_exon1,0.008304141,-0.1,494411,494886,NW_019862957.1_494411_494886
LOC112049067,NW_019862957.1,-,MXE_exon1,0.00306696,-0.104,494411,494886,NW_019862957.1_494411_494886
LOC112049067,NW_019862957.1,-,MXE_exon1,0.020202972,-0.129,494411,494896,NW_019862957.1_494411_494896
LOC112049067,NW_019862957.1,-,MXE_exon1,0.019931659,-0.124,494411,494896,NW_019862957.1_494411_494896
LOC112049067,NW_019862957.1,-,MXE_exon1,0.009388645,-0.131,494411,494896,NW_019862957.1_494411_494896
LOC112049067,NW_019862957.1,-,MXE_exon1,0.027500025,-0.136,494411,494940,NW_019862957.1_494411_494940
LOC112049067,NW_019862957.1,-,MXE_exon1,0.027332859,-0.132,494411,494940,NW_019862957.1_494411_494940
LOC112049067,NW_019862957.1,-,MXE_exon1,0.01275856,-0.138,494411,494940,NW_019862957.1_494411_494940
LOC112049067,NW_019862957.1,-,MXE_exon1,0.019324259,-0.145,494411,494975,NW_019862957.1_494411_494975
LOC112049067,NW_019862957.1,-,MXE_exon1,0.01910356,-0.14,494411,494975,NW_019862957.1_494411_494975
LOC112049067,NW_019862957.1,-,MXE_exon1,0.008803998,-0.147,494411,494975,NW_019862957.1_494411_494975
LOC112049067,NW_019862957.1,-,MXE_exon1,0.035428727,-0.122,494411,495019,NW_019862957.1_494411_495019
LOC112049067,NW_019862957.1,-,MXE_exon1,0.035329381,-0.118,494411,495019,NW_019862957.1_494411_495019
LOC112049067,NW_019862957.1,-,MXE_exon1,0.016320292,-0.124,494411,495019,NW_019862957.1_494411_495019
LOC112046693,NW_019862867.1,+,MXE_exon1,0,0.18,672444,672719,NW_019862867.1_672444_672719
LOC112046693,NW_019862867.1,+,MXE_exon1,0,0.327,672444,672719,NW_019862867.1_672444_672719
LOC112046693,NW_019862867.1,+,MXE_exon1,0,0.216,672444,672719,NW_019862867.1_672444_672719
LOC112046693,NW_019862867.1,+,MXE_exon1,0,0.216,672444,672719,NW_019862867.1_672444_672719
LOC112046693,NW_019862867.1,+,MXE_exon1,0,0.184,672456,672719,NW_019862867.1_672456_672719
LOC112046693,NW_019862867.1,+,MXE_exon1,2.52E-13,0.071,672456,672719,NW_019862867.1_672456_672719
LOC112046693,NW_019862867.1,+,MXE_exon1,0,0.089,672456,672719,NW_019862867.1_672456_672719
LOC112046693,NW_019862867.1,+,MXE_exon1,0,0.089,672456,672719,NW_019862867.1_672456_672719
LOC112046693,NW_019862867.1,+,MXE_exon1,0,0.41,672456,672719,NW_019862867.1_672456_672719
LOC112046693,NW_019862867.1,+,MXE_exon1,0,0.526,672456,672719,NW_019862867.1_672456_672719
LOC112046693,NW_019862867.1,+,MXE_exon1,0,0.193,672456,672750,NW_019862867.1_672456_672750
LOC112046693,NW_019862867.1,+,MXE_exon1,0,0.346,672456,672750,NW_019862867.1_672456_672750
LOC112046693,NW_019862867.1,+,MXE_exon1,0,0.228,672456,672750,NW_019862867.1_672456_672750
LOC112046693,NW_019862867.1,+,MXE_exon1,0,0.228,672456,672750,NW_019862867.1_672456_672750
LOC112046693,NW_019862867.1,+,MXE_exon1,5.47E-11,0.271,675287,675529,NW_019862867.1_675287_675529
LOC112046693,NW_019862867.1,+,MXE_exon1,0,-0.258,675287,675631,NW_019862867.1_675287_675631
LOC112046693,NW_019862867.1,+,MXE_exon1,0,0.254,675287,675631,NW_019862867.1_675287_675631
LOC112056457,NW_019863828.1,-,MXE_exon1,0.002320371,0.075,28928,29184,NW_019863828.1_28928_29184
LOC112045791,NW_019862841.1,+,MXE_exon1,0.01578521,0.24,236642,236935,NW_019862841.1_236642_236935
LOC112048035,NW_019862913.1,-,MXE_exon1,1.72E-06,-0.293,291440,291873,NW_019862913.1_291440_291873
LOC112048035,NW_019862913.1,-,MXE_exon1,1.29E-11,-0.138,291440,291873,NW_019862913.1_291440_291873
LOC112048035,NW_019862913.1,-,MXE_exon1,1.29E-11,-0.138,291440,291873,NW_019862913.1_291440_291873
LOC112048035,NW_019862913.1,-,MXE_exon1,3.23E-06,-0.362,291440,291882,NW_019862913.1_291440_291882
LOC112048035,NW_019862913.1,-,MXE_exon1,1.24E-11,-0.572,291440,291882,NW_019862913.1_291440_291882
LOC112048035,NW_019862913.1,-,MXE_exon1,1.24E-11,-0.572,291440,291882,NW_019862913.1_291440_291882
LOC112054188,NW_019863327.1,-,MXE_exon1,0,-0.171,96429,96752,NW_019863327.1_96429_96752
LOC112054188,NW_019863327.1,-,MXE_exon1,0.000668607,-0.028,96429,96752,NW_019863327.1_96429_96752
LOC112055663,NW_019863579.1,-,MXE_exon1,1.35E-06,0.142,140240,140916,NW_019863579.1_140240_140916
LOC112052849,NW_019863181.1,-,MXE_exon1,2.48E-14,0.055,156277,156668,NW_019863181.1_156277_156668
LOC112052849,NW_019863181.1,-,MXE_exon1,0.017534093,-0.082,160490,160795,NW_019863181.1_160490_160795
LOC112051410,NW_019863081.1,+,MXE_exon1,0.005728548,0.263,371245,371591,NW_019863081.1_371245_371591
LOC112051410,NW_019863081.1,+,MXE_exon1,0.000199448,0.518,371245,371591,NW_019863081.1_371245_371591
LOC112051410,NW_019863081.1,+,MXE_exon1,0.008417197,0.19,371257,371591,NW_019863081.1_371257_371591
LOC112051410,NW_019863081.1,+,MXE_exon1,3.29E-05,0.47,371257,371591,NW_019863081.1_371257_371591
LOC112051410,NW_019863081.1,+,MXE_exon1,0.005485978,0.265,371261,371591,NW_019863081.1_371261_371591
LOC112051410,NW_019863081.1,+,MXE_exon1,0.000154874,0.531,371261,371591,NW_019863081.1_371261_371591
LOC112044157,NW_019862804.1,+,MXE_exon1,0.009981501,-0.04,660406,660779,NW_019862804.1_660406_660779
LOC112046979,NW_019862879.1,+,MXE_exon1,0.001172647,0.321,108038,108370,NW_019862879.1_108038_108370
LOC112046979,NW_019862879.1,+,MXE_exon1,0.001645075,0.352,108038,108370,NW_019862879.1_108038_108370
LOC112046979,NW_019862879.1,+,MXE_exon1,0.000813997,0.381,108041,108370,NW_019862879.1_108041_108370
LOC112046931,NW_019862753.1,+,MXE_exon1,0.014113657,0.074,1210989,1211258,NW_019862753.1_1210989_1211258
LOC112046931,NW_019862753.1,+,MXE_exon1,0.01361328,0.074,1210989,1211258,NW_019862753.1_1210989_1211258
LOC112050604,NW_019863032.1,-,MXE_exon1,0.035153736,-0.016,64369,64703,NW_019863032.1_64369_64703
LOC112050604,NW_019863032.1,-,MXE_exon1,0.007775197,-0.027,64369,64703,NW_019863032.1_64369_64703
LOC112050604,NW_019863032.1,-,MXE_exon1,0.026757438,-0.018,64403,64703,NW_019863032.1_64403_64703
LOC112050604,NW_019863032.1,-,MXE_exon1,0.006714003,-0.029,64403,64703,NW_019863032.1_64403_64703
LOC112050604,NW_019863032.1,-,MXE_exon1,2.79E-05,-0.048,64458,64703,NW_019863032.1_64458_64703
LOC112050604,NW_019863032.1,-,MXE_exon1,1.90E-05,-0.076,64458,64703,NW_019863032.1_64458_64703
LOC112053291,NW_019863225.1,-,MXE_exon1,0.03366524,-0.069,121513,121901,NW_019863225.1_121513_121901
LOC112053291,NW_019863225.1,-,MXE_exon1,2.98E-08,0.093,122273,122601,NW_019863225.1_122273_122601
LOC112053291,NW_019863225.1,-,MXE_exon1,0.000463645,0.142,122273,122604,NW_019863225.1_122273_122604
LOC112053291,NW_019863225.1,-,MXE_exon1,0.000678343,0.128,122273,122604,NW_019863225.1_122273_122604
LOC112053291,NW_019863225.1,-,MXE_exon1,7.25E-06,0.147,122276,122601,NW_019863225.1_122276_122601
LOC112053291,NW_019863225.1,-,MXE_exon1,9.87E-06,0.131,122276,122601,NW_019863225.1_122276_122601
LOC112051025,NW_019863057.1,-,MXE_exon1,0.004442169,-0.079,258749,259404,NW_019863057.1_258749_259404
LOC112050264,NW_019863014.1,+,MXE_exon1,0.000247737,-0.102,113120,113483,NW_019863014.1_113120_113483
LOC112050264,NW_019863014.1,+,MXE_exon1,0.000247737,-0.102,113120,113483,NW_019863014.1_113120_113483
LOC112050264,NW_019863014.1,+,MXE_exon1,0.019953843,0.206,114105,114453,NW_019863014.1_114105_114453
LOC112058472,NW_019862777.1,-,MXE_exon1,0.015486221,0.055,216905,217233,NW_019862777.1_216905_217233
LOC112058472,NW_019862777.1,-,MXE_exon1,0.00774007,0.074,216909,217233,NW_019862777.1_216909_217233
LOC112058472,NW_019862777.1,-,MXE_exon1,0.001813026,0.09,216909,217233,NW_019862777.1_216909_217233
LOC112046108,NW_019862848.1,+,MXE_exon1,0.015925495,0.043,332546,333012,NW_019862848.1_332546_333012
LOC112046108,NW_019862848.1,+,MXE_exon1,0.036367828,0.019,332573,333012,NW_019862848.1_332573_333012
LOC112046108,NW_019862848.1,+,MXE_exon1,0.015509246,0.043,332578,333012,NW_019862848.1_332578_333012
LOC112057756,NW_019862766.1,-,MXE_exon1,0.000310142,-0.019,160503,160960,NW_019862766.1_160503_160960
LOC112057756,NW_019862766.1,-,MXE_exon1,7.40E-05,-0.021,160505,160960,NW_019862766.1_160505_160960
LOC112057756,NW_019862766.1,-,MXE_exon1,0.000478449,-0.019,160508,160960,NW_019862766.1_160508_160960
LOC112053170,NW_019863214.1,-,MXE_exon1,0.049097804,0.293,180920,181216,NW_019863214.1_180920_181216
LOC112053170,NW_019863214.1,-,MXE_exon1,0.00573533,0.211,180920,181216,NW_019863214.1_180920_181216
LOC112053170,NW_019863214.1,-,MXE_exon1,1.16E-05,0.127,180920,181216,NW_019863214.1_180920_181216
LOC112053170,NW_019863214.1,-,MXE_exon1,0.048578897,0.275,180920,181235,NW_019863214.1_180920_181235
LOC112053170,NW_019863214.1,-,MXE_exon1,0.005072579,0.188,180920,181235,NW_019863214.1_180920_181235
LOC112053170,NW_019863214.1,-,MXE_exon1,2.22E-05,0.11,180920,181235,NW_019863214.1_180920_181235
LOC112053170,NW_019863214.1,-,MXE_exon1,0.011791191,0.332,180920,181285,NW_019863214.1_180920_181285
LOC112053170,NW_019863214.1,-,MXE_exon1,0.000537892,0.346,180920,181285,NW_019863214.1_180920_181285
LOC112053170,NW_019863214.1,-,MXE_exon1,4.09E-14,0.668,180920,181285,NW_019863214.1_180920_181285
LOC112053170,NW_019863214.1,-,MXE_exon1,0.039261077,0.258,180920,181285,NW_019863214.1_180920_181285
LOC112053170,NW_019863214.1,-,MXE_exon1,0.000563738,0.197,180920,181285,NW_019863214.1_180920_181285
LOC112053170,NW_019863214.1,-,MXE_exon1,1.27E-06,0.112,180920,181285,NW_019863214.1_180920_181285
LOC112053170,NW_019863214.1,-,MXE_exon1,4.95E-05,-0.089,183211,183514,NW_019863214.1_183211_183514
LOC112053170,NW_019863214.1,-,MXE_exon1,1.62E-06,-0.169,183211,183514,NW_019863214.1_183211_183514
LOC112053170,NW_019863214.1,-,MXE_exon1,0.000128567,-0.077,183211,183514,NW_019863214.1_183211_183514
LOC112053170,NW_019863214.1,-,MXE_exon1,0.003602521,-0.036,183211,183514,NW_019863214.1_183211_183514
LOC112044504,NW_019862810.1,-,MXE_exon1,3.24E-06,0.041,1164606,1165003,NW_019862810.1_1164606_1165003
LOC112044504,NW_019862810.1,-,MXE_exon1,3.44E-06,0.041,1164606,1165003,NW_019862810.1_1164606_1165003
LOC112044504,NW_019862810.1,-,MXE_exon1,7.99E-08,0.018,1164606,1165003,NW_019862810.1_1164606_1165003
LOC112044504,NW_019862810.1,-,MXE_exon1,5.68E-07,0.044,1164606,1165003,NW_019862810.1_1164606_1165003
LOC112044504,NW_019862810.1,-,MXE_exon1,0.000511686,0.019,1164606,1165003,NW_019862810.1_1164606_1165003
LOC112044504,NW_019862810.1,-,MXE_exon1,0.00044074,0.117,1164606,1165003,NW_019862810.1_1164606_1165003
LOC112044504,NW_019862810.1,-,MXE_exon1,7.86E-06,0.031,1164606,1165107,NW_019862810.1_1164606_1165107
LOC112044504,NW_019862810.1,-,MXE_exon1,2.12E-06,0.014,1164606,1165107,NW_019862810.1_1164606_1165107
LOC112044504,NW_019862810.1,-,MXE_exon1,2.33E-05,0.013,1164606,1165211,NW_019862810.1_1164606_1165211
LOC112044504,NW_019862810.1,-,MXE_exon1,2.09E-07,0.024,1164713,1165315,NW_019862810.1_1164713_1165315
LOC112044504,NW_019862810.1,-,MXE_exon1,1.38E-08,0.144,1164713,1165315,NW_019862810.1_1164713_1165315
LOC112044504,NW_019862810.1,-,MXE_exon1,1.15E-07,0.024,1164817,1165315,NW_019862810.1_1164817_1165315
LOC112044504,NW_019862810.1,-,MXE_exon1,7.76E-09,0.147,1164817,1165315,NW_019862810.1_1164817_1165315
LOC112044504,NW_019862810.1,-,MXE_exon1,2.34E-08,0.026,1164921,1165315,NW_019862810.1_1164921_1165315
LOC112044504,NW_019862810.1,-,MXE_exon1,2.47E-09,0.155,1164921,1165315,NW_019862810.1_1164921_1165315
LOC112044504,NW_019862810.1,-,MXE_exon1,0.00017304,-0.035,1165025,1165315,NW_019862810.1_1165025_1165315
LOC112044504,NW_019862810.1,-,MXE_exon1,9.78E-10,-0.029,1165815,1166244,NW_019862810.1_1165815_1166244
LOC112044504,NW_019862810.1,-,MXE_exon1,1.70E-10,-0.03,1165815,1166244,NW_019862810.1_1165815_1166244
LOC112044504,NW_019862810.1,-,MXE_exon1,7.40E-10,-0.03,1165815,1166263,NW_019862810.1_1165815_1166263
LOC112044504,NW_019862810.1,-,MXE_exon1,1.26E-10,-0.031,1165815,1166263,NW_019862810.1_1165815_1166263
LOC112044504,NW_019862810.1,-,MXE_exon1,0.013086834,-0.071,1165815,1166263,NW_019862810.1_1165815_1166263
LOC112044504,NW_019862810.1,-,MXE_exon1,0.000247944,0.197,1165816,1166244,NW_019862810.1_1165816_1166244
LOC112044504,NW_019862810.1,-,MXE_exon1,0.00029844,0.194,1165816,1166244,NW_019862810.1_1165816_1166244
LOC112054727,NW_019863402.1,-,MXE_exon1,0.000299607,0.202,67964,68246,NW_019863402.1_67964_68246
LOC112050490,NW_019863025.1,+,MXE_exon1,0.00055257,0.129,185904,186218,NW_019863025.1_185904_186218
LOC112050490,NW_019863025.1,+,MXE_exon1,0.000653945,0.133,185904,186218,NW_019863025.1_185904_186218
LOC112053917,NW_019863295.1,-,MXE_exon1,0.011493388,0.146,43739,44131,NW_019863295.1_43739_44131
nbis-pseudo177,NW_019862773.1,-,MXE_exon1,0.001276781,0.073,708809,709164,NW_019862773.1_708809_709164
LOC112058286,NW_019862773.1,-,MXE_exon1,0.026908215,-0.135,878380,878913,NW_019862773.1_878380_878913
LOC112050431,NW_019863023.1,+,MXE_exon1,0.034608769,0.257,125931,126248,NW_019863023.1_125931_126248
LOC112056355,NW_019863786.1,+,MXE_exon1,1.50E-08,-0.195,33309,33643,NW_019863786.1_33309_33643
LOC112056355,NW_019863786.1,+,MXE_exon1,3.56E-08,-0.275,33309,33740,NW_019863786.1_33309_33740
LOC112056355,NW_019863786.1,+,MXE_exon1,3.56E-08,-0.275,33309,33865,NW_019863786.1_33309_33865
LOC112053733,NW_019863277.1,+,MXE_exon1,0.002954781,-0.263,206064,206292,NW_019863277.1_206064_206292
LOC112044245,NW_019862805.1,-,MXE_exon1,4.81E-08,0.065,1014174,1014714,NW_019862805.1_1014174_1014714
LOC112044245,NW_019862805.1,-,MXE_exon1,8.79E-09,0.175,1014174,1014714,NW_019862805.1_1014174_1014714
LOC112044245,NW_019862805.1,-,MXE_exon1,4.81E-08,0.065,1014207,1014714,NW_019862805.1_1014207_1014714
LOC112044245,NW_019862805.1,-,MXE_exon1,8.79E-09,0.175,1014207,1014714,NW_019862805.1_1014207_1014714
LOC112044245,NW_019862805.1,-,MXE_exon1,7.94E-06,0.287,1014434,1014714,NW_019862805.1_1014434_1014714
LOC112051355,NW_019863077.1,-,MXE_exon1,0.002538439,-0.123,29361,29633,NW_019863077.1_29361_29633
LOC112051355,NW_019863077.1,-,MXE_exon1,0.001998123,-0.085,29361,29633,NW_019863077.1_29361_29633
LOC112051355,NW_019863077.1,-,MXE_exon1,0.018567836,-0.184,29361,29633,NW_019863077.1_29361_29633
LOC112047485,NW_019862894.1,-,MXE_exon1,1.26E-11,-0.134,901513,901762,NW_019862894.1_901513_901762
LOC112047485,NW_019862894.1,-,MXE_exon1,0.038540214,-0.018,901513,901762,NW_019862894.1_901513_901762
LOC112047485,NW_019862894.1,-,MXE_exon1,7.12E-11,-0.27,901513,901875,NW_019862894.1_901513_901875
LOC112047485,NW_019862894.1,-,MXE_exon1,0.038003038,-0.065,901513,901875,NW_019862894.1_901513_901875
LOC112047485,NW_019862894.1,-,MXE_exon1,0.001135092,-0.457,901553,901762,NW_019862894.1_901553_901762
LOC112047476,NW_019862894.1,-,MXE_exon1,8.40E-15,-0.194,1091803,1092224,NW_019862894.1_1091803_1092224
LOC112053737,NW_019863277.1,+,MXE_exon1,5.02E-05,0.29,17166,17396,NW_019863277.1_17166_17396
LOC112053737,NW_019863277.1,+,MXE_exon1,4.76E-05,0.313,17166,17396,NW_019863277.1_17166_17396
LOC112048590,NW_019862936.1,+,MXE_exon1,0.001426079,0.201,51458,52084,NW_019862936.1_51458_52084
LOC112054625,NW_019863386.1,-,MXE_exon1,5.13E-06,-0.105,44217,44619,NW_019863386.1_44217_44619
LOC112058407,NW_019862776.1,+,MXE_exon1,0.005225112,0.018,482098,482531,NW_019862776.1_482098_482531
LOC112054767,NW_019863408.1,+,MXE_exon1,6.73E-08,-0.337,136129,136521,NW_019863408.1_136129_136521
LOC112054767,NW_019863408.1,+,MXE_exon1,0,-0.345,136129,136521,NW_019863408.1_136129_136521
LOC112050737,NW_019863039.1,-,MXE_exon1,0.048265423,0.137,234637,235237,NW_019863039.1_234637_235237
LOC112050706,NW_019863039.1,+,MXE_exon1,6.02E-05,-0.291,272464,272825,NW_019863039.1_272464_272825
LOC112050706,NW_019863039.1,+,MXE_exon1,6.02E-05,-0.291,272464,272955,NW_019863039.1_272464_272955
LOC112050706,NW_019863039.1,+,MXE_exon1,0.004447494,-0.456,272464,272955,NW_019863039.1_272464_272955
LOC112043377,NW_019862789.1,+,MXE_exon1,1.10E-05,0.526,843911,844177,NW_019862789.1_843911_844177
LOC112048047,NW_019862914.1,-,MXE_exon1,0.03948087,-0.11,450721,451011,NW_019862914.1_450721_451011
LOC112056791,NW_019862764.1,-,MXE_exon1,0.027921695,0.022,137234,137519,NW_019862764.1_137234_137519
LOC112056791,NW_019862764.1,-,MXE_exon1,7.01E-05,-0.104,142388,142628,NW_019862764.1_142388_142628
LOC112049997,NW_019863001.1,+,MXE_exon1,0.039033694,0.02,250755,251115,NW_019863001.1_250755_251115
LOC112049997,NW_019863001.1,+,MXE_exon1,0.01182837,0.036,250755,251313,NW_019863001.1_250755_251313
LOC112057268,NW_019862764.1,+,MXE_exon1,0.025819628,0.07,2240968,2241182,NW_019862764.1_2240968_2241182
LOC112051004,NW_019863056.1,+,MXE_exon1,0.001727069,-0.292,366453,366726,NW_019863056.1_366453_366726
LOC112053476,NW_019863244.1,+,MXE_exon1,0.024516418,-0.081,130577,130886,NW_019863244.1_130577_130886
LOC112052748,NW_019863172.1,+,MXE_exon1,0.030602433,-0.123,261589,261854,NW_019863172.1_261589_261854
LOC112049660,NW_019862756.1,+,MXE_exon1,0.003914909,-0.094,183818,184184,NW_019862756.1_183818_184184
LOC112049660,NW_019862756.1,+,MXE_exon1,0.006073517,-0.084,183860,184184,NW_019862756.1_183860_184184
LOC112057294,NW_019862764.1,-,MXE_exon1,0,-0.188,2261433,2261714,NW_019862764.1_2261433_2261714
LOC112057294,NW_019862764.1,-,MXE_exon1,0,-0.086,2261433,2261714,NW_019862764.1_2261433_2261714
LOC112057294,NW_019862764.1,-,MXE_exon1,0,-0.166,2261433,2261714,NW_019862764.1_2261433_2261714
LOC112057294,NW_019862764.1,-,MXE_exon1,0,-0.173,2261433,2261714,NW_019862764.1_2261433_2261714
LOC112057294,NW_019862764.1,-,MXE_exon1,0,-0.172,2261433,2261714,NW_019862764.1_2261433_2261714
LOC112057294,NW_019862764.1,-,MXE_exon1,0,-0.182,2261433,2261714,NW_019862764.1_2261433_2261714
LOC112057294,NW_019862764.1,-,MXE_exon1,0,-0.311,2261433,2261749,NW_019862764.1_2261433_2261749
LOC112057294,NW_019862764.1,-,MXE_exon1,0,-0.281,2261433,2261749,NW_019862764.1_2261433_2261749
LOC112057294,NW_019862764.1,-,MXE_exon1,0,-0.291,2261433,2261749,NW_019862764.1_2261433_2261749
LOC112057294,NW_019862764.1,-,MXE_exon1,0,-0.291,2261433,2261749,NW_019862764.1_2261433_2261749
LOC112057294,NW_019862764.1,-,MXE_exon1,0,-0.305,2261433,2261749,NW_019862764.1_2261433_2261749
LOC112057294,NW_019862764.1,-,MXE_exon1,0.000143662,-0.503,2261433,2261749,NW_019862764.1_2261433_2261749
LOC112057294,NW_019862764.1,-,MXE_exon1,0.002476731,-0.294,2265073,2265477,NW_019862764.1_2265073_2265477
LOC112055413,NW_019863520.1,-,MXE_exon1,0.023167983,0.048,127892,128201,NW_019863520.1_127892_128201
LOC112044442,NW_019862809.1,+,MXE_exon1,8.40E-15,0.232,819790,820059,NW_019862809.1_819790_820059
LOC112055427,NW_019863522.1,-,MXE_exon1,1.70E-08,-0.142,79399,79679,NW_019863522.1_79399_79679
LOC112055427,NW_019863522.1,-,MXE_exon1,5.35E-08,-0.143,79399,79679,NW_019863522.1_79399_79679
LOC112056217,NW_019863736.1,-,MXE_exon1,3.13E-05,-0.189,64620,64921,NW_019863736.1_64620_64921
LOC112043313,NW_019862788.1,-,MXE_exon1,0.001998123,-0.075,828231,828672,NW_019862788.1_828231_828672
LOC112051953,NW_019863115.1,+,MXE_exon1,4.49E-06,-0.312,174231,174549,NW_019863115.1_174231_174549
LOC112051953,NW_019863115.1,+,MXE_exon1,0.001172719,-0.253,174231,174636,NW_019863115.1_174231_174636
LOC112053895,NW_019863292.1,-,MXE_exon1,0.00084863,0.071,32116,32581,NW_019863292.1_32116_32581
LOC112053895,NW_019863292.1,-,MXE_exon1,0.000737512,0.068,32259,32581,NW_019863292.1_32259_32581
LOC112053895,NW_019863292.1,-,MXE_exon1,0.001813026,-0.028,32259,32724,NW_019863292.1_32259_32724
LOC112053886,NW_019863292.1,+,MXE_exon1,0,0.131,114925,115569,NW_019863292.1_114925_115569
LOC112053886,NW_019863292.1,+,MXE_exon1,0.011588089,0.087,129520,129857,NW_019863292.1_129520_129857
LOC112053886,NW_019863292.1,+,MXE_exon1,0,-0.308,155863,156202,NW_019863292.1_155863_156202
LOC112053886,NW_019863292.1,+,MXE_exon1,0,-0.508,155863,156202,NW_019863292.1_155863_156202
LOC112053886,NW_019863292.1,+,MXE_exon1,0,-0.509,155863,156202,NW_019863292.1_155863_156202
LOC112053886,NW_019863292.1,+,MXE_exon1,0,-0.312,155863,156202,NW_019863292.1_155863_156202
LOC112058419,NW_019862776.1,-,MXE_exon1,0.03622932,0.013,774818,775431,NW_019862776.1_774818_775431
LOC112058419,NW_019862776.1,-,MXE_exon1,0.000751019,0.02,775824,776150,NW_019862776.1_775824_776150
LOC112057691,NW_019862765.1,-,MXE_exon1,0.000159556,-0.13,1261905,1262217,NW_019862765.1_1261905_1262217
LOC112054150,NW_019863325.1,+,MXE_exon1,0.000137627,0.358,251445,251810,NW_019863325.1_251445_251810
LOC112052373,NW_019862759.1,+,MXE_exon1,0.010366968,0.043,2027595,2028199,NW_019862759.1_2027595_2028199
LOC112057884,NW_019862768.1,+,MXE_exon1,7.20E-11,0.461,1054629,1054980,NW_019862768.1_1054629_1054980
LOC112057907,NW_019862768.1,-,MXE_exon1,0.00278045,-0.097,1861849,1862337,NW_019862768.1_1861849_1862337
LOC112057907,NW_019862768.1,-,MXE_exon1,0.001211908,-0.097,1861849,1862337,NW_019862768.1_1861849_1862337
LOC112057907,NW_019862768.1,-,MXE_exon1,0.000554092,-0.101,1861849,1862337,NW_019862768.1_1861849_1862337
LOC112057907,NW_019862768.1,-,MXE_exon1,0.002667626,-0.097,1861966,1862337,NW_019862768.1_1861966_1862337
LOC112057907,NW_019862768.1,-,MXE_exon1,0.001164482,-0.097,1861966,1862337,NW_019862768.1_1861966_1862337
LOC112057907,NW_019862768.1,-,MXE_exon1,0.000527927,-0.101,1861966,1862337,NW_019862768.1_1861966_1862337
LOC112057907,NW_019862768.1,-,MXE_exon1,0.002859474,-0.097,1861983,1862337,NW_019862768.1_1861983_1862337
LOC112057907,NW_019862768.1,-,MXE_exon1,0.00126303,-0.097,1861983,1862337,NW_019862768.1_1861983_1862337
LOC112057907,NW_019862768.1,-,MXE_exon1,0.000575935,-0.101,1861983,1862337,NW_019862768.1_1861983_1862337
LOC112057907,NW_019862768.1,-,MXE_exon1,0.000431889,-0.071,1862026,1862337,NW_019862768.1_1862026_1862337
LOC112057907,NW_019862768.1,-,MXE_exon1,0.000454545,-0.072,1862026,1862337,NW_019862768.1_1862026_1862337
LOC112057907,NW_019862768.1,-,MXE_exon1,0.0001948,-0.074,1862026,1862337,NW_019862768.1_1862026_1862337
LOC112054900,NW_019863429.1,+,MXE_exon1,1.52E-13,-0.75,83503,83766,NW_019863429.1_83503_83766
LOC112054900,NW_019863429.1,+,MXE_exon1,4.22E-05,-0.683,83503,83766,NW_019863429.1_83503_83766
LOC112053720,NW_019863276.1,-,MXE_exon1,0,0.525,170553,170795,NW_019863276.1_170553_170795
LOC112053720,NW_019863276.1,-,MXE_exon1,0,0.537,170553,170795,NW_019863276.1_170553_170795
LOC112048342,NW_019862926.1,+,MXE_exon1,0.001538831,-0.097,212366,212961,NW_019862926.1_212366_212961
LOC112058296,NW_019862773.1,+,MXE_exon1,0,0.445,1390098,1390416,NW_019862773.1_1390098_1390416
LOC112054484,NW_019863363.1,-,MXE_exon1,0,0.663,23595,24166,NW_019863363.1_23595_24166
LOC112054484,NW_019863363.1,-,MXE_exon1,0,0.678,23595,24166,NW_019863363.1_23595_24166
LOC112054484,NW_019863363.1,-,MXE_exon1,0,0.694,23595,24166,NW_019863363.1_23595_24166
LOC112054484,NW_019863363.1,-,MXE_exon1,0,0.792,23777,24166,NW_019863363.1_23777_24166
LOC112054484,NW_019863363.1,-,MXE_exon1,0,0.815,23777,24166,NW_019863363.1_23777_24166
LOC112054484,NW_019863363.1,-,MXE_exon1,0,0.815,23777,24166,NW_019863363.1_23777_24166
LOC112046714,NW_019862869.1,-,MXE_exon1,1.56E-06,-0.288,203820,204218,NW_019862869.1_203820_204218
LOC112046714,NW_019862869.1,-,MXE_exon1,0.042655979,-0.239,203820,204221,NW_019862869.1_203820_204221
LOC112046714,NW_019862869.1,-,MXE_exon1,0,-0.381,203820,204290,NW_019862869.1_203820_204290
LOC112046714,NW_019862869.1,-,MXE_exon1,0,-0.311,203852,204218,NW_019862869.1_203852_204218
LOC112046714,NW_019862869.1,-,MXE_exon1,0,-0.313,203852,204221,NW_019862869.1_203852_204221
LOC112046714,NW_019862869.1,-,MXE_exon1,0,-0.313,203852,204286,NW_019862869.1_203852_204286
LOC112046714,NW_019862869.1,-,MXE_exon1,1.56E-06,-0.288,203853,204218,NW_019862869.1_203853_204218
LOC112046714,NW_019862869.1,-,MXE_exon1,0.042655979,-0.239,203853,204221,NW_019862869.1_203853_204221
LOC112046714,NW_019862869.1,-,MXE_exon1,0,-0.381,203853,204290,NW_019862869.1_203853_204290
LOC112046714,NW_019862869.1,-,MXE_exon1,0,-0.381,203936,204290,NW_019862869.1_203936_204290
LOC112046755,NW_019862869.1,-,MXE_exon1,0.006782603,0.148,740594,740960,NW_019862869.1_740594_740960
LOC112058072,NW_019862771.1,+,MXE_exon1,0.000554165,0.022,499915,500643,NW_019862771.1_499915_500643
LOC112056174,NW_019863727.1,-,MXE_exon1,0,-0.069,21676,21958,NW_019863727.1_21676_21958
LOC112056174,NW_019863727.1,-,MXE_exon1,0,-0.16,21676,21958,NW_019863727.1_21676_21958
LOC112056170,NW_019863725.1,+,MXE_exon1,0.010103364,0.111,16241,16622,NW_019863725.1_16241_16622
LOC112056170,NW_019863725.1,+,MXE_exon1,0.021290019,0.145,16241,16622,NW_019863725.1_16241_16622
LOC112056170,NW_019863725.1,+,MXE_exon1,0.021855248,0.145,16241,16622,NW_019863725.1_16241_16622
LOC112050031,NW_019863002.1,+,MXE_exon1,0.006899606,-0.46,280432,280692,NW_019863002.1_280432_280692
LOC112050031,NW_019863002.1,+,MXE_exon1,0.001912153,-0.14,280432,280692,NW_019863002.1_280432_280692
LOC112050031,NW_019863002.1,+,MXE_exon1,0.00696304,-0.455,280432,280692,NW_019863002.1_280432_280692
LOC112055897,NW_019863653.1,+,MXE_exon1,0,-0.856,78352,78705,NW_019863653.1_78352_78705
LOC112055897,NW_019863653.1,+,MXE_exon1,0,-0.844,79006,79450,NW_019863653.1_79006_79450
LOC112047813,NW_019862904.1,+,MXE_exon1,1.61E-09,0.121,968343,968613,NW_019862904.1_968343_968613
LOC112055815,NW_019863623.1,-,MXE_exon1,2.16E-06,0.143,12376,12749,NW_019863623.1_12376_12749
LOC112055815,NW_019863623.1,-,MXE_exon1,5.62E-10,0.275,12376,12749,NW_019863623.1_12376_12749
LOC112055815,NW_019863623.1,-,MXE_exon1,1.69E-06,0.175,12376,12749,NW_019863623.1_12376_12749
LOC112055815,NW_019863623.1,-,MXE_exon1,1.48E-06,0.173,12376,12749,NW_019863623.1_12376_12749
LOC112055815,NW_019863623.1,-,MXE_exon1,5.52E-05,0.192,12376,12749,NW_019863623.1_12376_12749
LOC112055815,NW_019863623.1,-,MXE_exon1,2.48E-14,0.418,12376,12749,NW_019863623.1_12376_12749
LOC112055815,NW_019863623.1,-,MXE_exon1,5.00E-06,0.214,12376,12749,NW_019863623.1_12376_12749
LOC112055815,NW_019863623.1,-,MXE_exon1,2.20E-06,0.193,12376,12749,NW_019863623.1_12376_12749
LOC112055815,NW_019863623.1,-,MXE_exon1,0.000142749,0.297,12376,12749,NW_019863623.1_12376_12749
LOC112055815,NW_019863623.1,-,MXE_exon1,2.28E-09,0.25,12376,12749,NW_019863623.1_12376_12749
LOC112055815,NW_019863623.1,-,MXE_exon1,7.24E-08,0.269,12376,12749,NW_019863623.1_12376_12749
LOC112055815,NW_019863623.1,-,MXE_exon1,3.72E-10,0.273,12376,12749,NW_019863623.1_12376_12749
LOC112055815,NW_019863623.1,-,MXE_exon1,1.33E-08,0.402,12376,12749,NW_019863623.1_12376_12749
LOC112055815,NW_019863623.1,-,MXE_exon1,1.52E-06,0.244,12376,12749,NW_019863623.1_12376_12749
LOC112055815,NW_019863623.1,-,MXE_exon1,5.00E-06,0.144,12376,12749,NW_019863623.1_12376_12749
LOC112055815,NW_019863623.1,-,MXE_exon1,1.44E-05,0.094,12376,12870,NW_019863623.1_12376_12870
LOC112055815,NW_019863623.1,-,MXE_exon1,1.18E-09,0.184,12376,12870,NW_019863623.1_12376_12870
LOC112055815,NW_019863623.1,-,MXE_exon1,5.52E-06,0.11,12376,12870,NW_019863623.1_12376_12870
LOC112055815,NW_019863623.1,-,MXE_exon1,7.69E-06,0.109,12376,12870,NW_019863623.1_12376_12870
LOC112055815,NW_019863623.1,-,MXE_exon1,4.21E-05,0.132,12376,12870,NW_019863623.1_12376_12870
LOC112055815,NW_019863623.1,-,MXE_exon1,2.49E-05,0.219,12376,12870,NW_019863623.1_12376_12870
LOC112055815,NW_019863623.1,-,MXE_exon1,3.04E-08,0.182,12376,12870,NW_019863623.1_12376_12870
LOC112055815,NW_019863623.1,-,MXE_exon1,1.21E-09,0.183,12376,12870,NW_019863623.1_12376_12870
LOC112055815,NW_019863623.1,-,MXE_exon1,4.89E-07,0.165,12376,12870,NW_019863623.1_12376_12870
LOC112055815,NW_019863623.1,-,MXE_exon1,2.16E-06,0.143,12376,12886,NW_019863623.1_12376_12886
LOC112055815,NW_019863623.1,-,MXE_exon1,5.62E-10,0.275,12376,12886,NW_019863623.1_12376_12886
LOC112055815,NW_019863623.1,-,MXE_exon1,1.69E-06,0.175,12376,12886,NW_019863623.1_12376_12886
LOC112055815,NW_019863623.1,-,MXE_exon1,1.48E-06,0.173,12376,12886,NW_019863623.1_12376_12886
LOC112055815,NW_019863623.1,-,MXE_exon1,5.52E-05,0.192,12376,12886,NW_019863623.1_12376_12886
LOC112055815,NW_019863623.1,-,MXE_exon1,2.48E-14,0.418,12376,12886,NW_019863623.1_12376_12886
LOC112055815,NW_019863623.1,-,MXE_exon1,5.00E-06,0.214,12376,12886,NW_019863623.1_12376_12886
LOC112055815,NW_019863623.1,-,MXE_exon1,2.20E-06,0.193,12376,12886,NW_019863623.1_12376_12886
LOC112055815,NW_019863623.1,-,MXE_exon1,0.000142749,0.297,12376,12886,NW_019863623.1_12376_12886
LOC112055815,NW_019863623.1,-,MXE_exon1,2.28E-09,0.25,12376,12886,NW_019863623.1_12376_12886
LOC112055815,NW_019863623.1,-,MXE_exon1,7.24E-08,0.269,12376,12886,NW_019863623.1_12376_12886
LOC112055815,NW_019863623.1,-,MXE_exon1,3.72E-10,0.273,12376,12886,NW_019863623.1_12376_12886
LOC112055815,NW_019863623.1,-,MXE_exon1,1.33E-08,0.402,12376,12886,NW_019863623.1_12376_12886
LOC112055815,NW_019863623.1,-,MXE_exon1,1.52E-06,0.244,12376,12886,NW_019863623.1_12376_12886
LOC112055815,NW_019863623.1,-,MXE_exon1,5.00E-06,0.144,12376,12886,NW_019863623.1_12376_12886
LOC112055815,NW_019863623.1,-,MXE_exon1,9.63E-07,0.207,12383,12870,NW_019863623.1_12383_12870
LOC112055815,NW_019863623.1,-,MXE_exon1,2.57E-09,0.337,12383,12870,NW_019863623.1_12383_12870
LOC112055815,NW_019863623.1,-,MXE_exon1,1.28E-06,0.213,12383,12870,NW_019863623.1_12383_12870
LOC112055815,NW_019863623.1,-,MXE_exon1,3.51E-07,0.222,12383,12870,NW_019863623.1_12383_12870
LOC112055815,NW_019863623.1,-,MXE_exon1,0.000173272,0.244,12383,12870,NW_019863623.1_12383_12870
LOC112055815,NW_019863623.1,-,MXE_exon1,8.85E-14,0.492,12383,12870,NW_019863623.1_12383_12870
LOC112055815,NW_019863623.1,-,MXE_exon1,5.38E-06,0.27,12383,12870,NW_019863623.1_12383_12870
LOC112055815,NW_019863623.1,-,MXE_exon1,6.57E-07,0.233,12383,12870,NW_019863623.1_12383_12870
LOC112055815,NW_019863623.1,-,MXE_exon1,0.00554306,0.319,12383,12870,NW_019863623.1_12383_12870
LOC112055815,NW_019863623.1,-,MXE_exon1,1.76E-09,0.323,12383,12870,NW_019863623.1_12383_12870
LOC112055815,NW_019863623.1,-,MXE_exon1,6.95E-09,0.321,12383,12870,NW_019863623.1_12383_12870
LOC112055815,NW_019863623.1,-,MXE_exon1,7.40E-10,0.351,12383,12870,NW_019863623.1_12383_12870
LOC112055815,NW_019863623.1,-,MXE_exon1,2.19E-06,0.419,12383,12870,NW_019863623.1_12383_12870
LOC112055815,NW_019863623.1,-,MXE_exon1,5.16E-05,0.271,12383,12870,NW_019863623.1_12383_12870
LOC112055815,NW_019863623.1,-,MXE_exon1,3.69E-06,0.19,12383,12870,NW_019863623.1_12383_12870
LOC112055815,NW_019863623.1,-,MXE_exon1,0.000107971,-0.144,12750,13263,NW_019863623.1_12750_13263
LOC112055815,NW_019863623.1,-,MXE_exon1,0.000129219,-0.197,12775,13263,NW_019863623.1_12775_13263
LOC112055815,NW_019863623.1,-,MXE_exon1,0.000856629,-0.093,12775,13273,NW_019863623.1_12775_13273
LOC112055815,NW_019863623.1,-,MXE_exon1,7.98E-05,-0.152,13531,14019,NW_019863623.1_13531_14019
LOC112055815,NW_019863623.1,-,MXE_exon1,8.68E-05,0.439,13867,14352,NW_019863623.1_13867_14352
LOC112055815,NW_019863623.1,-,MXE_exon1,0.001033231,0.118,13867,14352,NW_019863623.1_13867_14352
LOC112055815,NW_019863623.1,-,MXE_exon1,0.000147299,-0.255,14226,14711,NW_019863623.1_14226_14711
LOC112055815,NW_019863623.1,-,MXE_exon1,0.005924548,-0.044,17493,17981,NW_019863623.1_17493_17981
LOC112055815,NW_019863623.1,-,MXE_exon1,9.46E-06,-0.252,18399,18887,NW_019863623.1_18399_18887
LOC112055815,NW_019863623.1,-,MXE_exon1,6.91E-06,-0.255,18772,19266,NW_019863623.1_18772_19266
LOC112055815,NW_019863623.1,-,MXE_exon1,0.004318274,-0.01,25565,25880,NW_019863623.1_25565_25880
LOC112055815,NW_019863623.1,-,MXE_exon1,0.02883282,0.06,25565,25880,NW_019863623.1_25565_25880
LOC112055815,NW_019863623.1,-,MXE_exon1,0.003028954,0.013,25565,26100,NW_019863623.1_25565_26100
LOC112055815,NW_019863623.1,-,MXE_exon1,0.024008559,0.082,25565,26100,NW_019863623.1_25565_26100
LOC112055815,NW_019863623.1,-,MXE_exon1,5.57E-06,-0.483,26357,26920,NW_019863623.1_26357_26920
LOC112055815,NW_019863623.1,-,MXE_exon1,3.27E-05,-0.466,26357,26920,NW_019863623.1_26357_26920
LOC112055815,NW_019863623.1,-,MXE_exon1,0.029091146,0.255,26596,26920,NW_019863623.1_26596_26920
LOC112055815,NW_019863623.1,-,MXE_exon1,0.049821858,0.374,26596,26920,NW_019863623.1_26596_26920
LOC112055815,NW_019863623.1,-,MXE_exon1,0.002868597,0.277,26596,26920,NW_019863623.1_26596_26920
LOC112055815,NW_019863623.1,-,MXE_exon1,1.71E-08,0.495,26596,26920,NW_019863623.1_26596_26920
LOC112055815,NW_019863623.1,-,MXE_exon1,0.016985875,0.366,26596,26920,NW_019863623.1_26596_26920
LOC112055815,NW_019863623.1,-,MXE_exon1,0.000777681,0.415,26596,26920,NW_019863623.1_26596_26920
LOC112055815,NW_019863623.1,-,MXE_exon1,3.43E-05,0.392,26596,26920,NW_019863623.1_26596_26920
LOC112055815,NW_019863623.1,-,MXE_exon1,0.000104375,0.31,26596,26920,NW_019863623.1_26596_26920
LOC112055815,NW_019863623.1,-,MXE_exon1,3.44E-05,0.384,26596,26920,NW_019863623.1_26596_26920
LOC112055815,NW_019863623.1,-,MXE_exon1,0.001172647,0.371,26596,27094,NW_019863623.1_26596_27094
LOC112055815,NW_019863623.1,-,MXE_exon1,5.23E-10,0.617,26596,27094,NW_019863623.1_26596_27094
LOC112055815,NW_019863623.1,-,MXE_exon1,0.009098632,0.494,26596,27094,NW_019863623.1_26596_27094
LOC112055815,NW_019863623.1,-,MXE_exon1,0.048275536,0.428,26596,27094,NW_019863623.1_26596_27094
LOC112055815,NW_019863623.1,-,MXE_exon1,0.000420515,0.523,26596,27094,NW_019863623.1_26596_27094
LOC112055815,NW_019863623.1,-,MXE_exon1,1.44E-05,0.516,26596,27094,NW_019863623.1_26596_27094
LOC112055815,NW_019863623.1,-,MXE_exon1,3.72E-05,0.422,26596,27094,NW_019863623.1_26596_27094
LOC112055815,NW_019863623.1,-,MXE_exon1,1.28E-05,0.517,26596,27094,NW_019863623.1_26596_27094
LOC112055815,NW_019863623.1,-,MXE_exon1,0.049367043,0.127,26596,27096,NW_019863623.1_26596_27096
LOC112055815,NW_019863623.1,-,MXE_exon1,0.001363388,0.283,26596,27096,NW_019863623.1_26596_27096
LOC112055815,NW_019863623.1,-,MXE_exon1,3.91E-09,0.516,26596,27096,NW_019863623.1_26596_27096
LOC112055815,NW_019863623.1,-,MXE_exon1,0.011838206,0.464,26596,27096,NW_019863623.1_26596_27096
LOC112055815,NW_019863623.1,-,MXE_exon1,0.046467485,0.332,26596,27096,NW_019863623.1_26596_27096
LOC112055815,NW_019863623.1,-,MXE_exon1,0.000216395,0.434,26596,27096,NW_019863623.1_26596_27096
LOC112055815,NW_019863623.1,-,MXE_exon1,3.91E-06,0.49,26596,27096,NW_019863623.1_26596_27096
LOC112055815,NW_019863623.1,-,MXE_exon1,4.20E-05,0.334,26596,27096,NW_019863623.1_26596_27096
LOC112055815,NW_019863623.1,-,MXE_exon1,7.99E-06,0.406,26596,27096,NW_019863623.1_26596_27096
LOC112055815,NW_019863623.1,-,MXE_exon1,0.028977286,0.254,26596,27283,NW_019863623.1_26596_27283
LOC112055815,NW_019863623.1,-,MXE_exon1,0.000449329,0.421,26596,27283,NW_019863623.1_26596_27283
LOC112055815,NW_019863623.1,-,MXE_exon1,6.77E-10,0.597,26596,27283,NW_019863623.1_26596_27283
LOC112055815,NW_019863623.1,-,MXE_exon1,0.004553986,0.475,26596,27283,NW_019863623.1_26596_27283
LOC112055815,NW_019863623.1,-,MXE_exon1,0.000180891,0.502,26596,27283,NW_019863623.1_26596_27283
LOC112055815,NW_019863623.1,-,MXE_exon1,6.59E-06,0.497,26596,27283,NW_019863623.1_26596_27283
LOC112055815,NW_019863623.1,-,MXE_exon1,2.95E-05,0.401,26596,27283,NW_019863623.1_26596_27283
LOC112055815,NW_019863623.1,-,MXE_exon1,3.02E-06,0.56,26596,27283,NW_019863623.1_26596_27283
LOC112055815,NW_019863623.1,-,MXE_exon1,0.047334791,-0.371,27256,27580,NW_019863623.1_27256_27580
LOC112055815,NW_019863623.1,-,MXE_exon1,0.016746617,-0.423,27256,27580,NW_019863623.1_27256_27580
LOC112055815,NW_019863623.1,-,MXE_exon1,0.041867559,-0.331,27256,27580,NW_019863623.1_27256_27580
LOC112055815,NW_019863623.1,-,MXE_exon1,0.0344134,-0.363,27256,27741,NW_019863623.1_27256_27741
LOC112055815,NW_019863623.1,-,MXE_exon1,0.029985283,-0.373,27256,27908,NW_019863623.1_27256_27908
LOC112055815,NW_019863623.1,-,MXE_exon1,0.008072207,0.434,27584,28258,NW_019863623.1_27584_28258
LOC112055815,NW_019863623.1,-,MXE_exon1,8.97E-05,0.392,27584,28258,NW_019863623.1_27584_28258
LOC112055815,NW_019863623.1,-,MXE_exon1,0.001870538,0.479,27756,28258,NW_019863623.1_27756_28258
LOC112055815,NW_019863623.1,-,MXE_exon1,0.039398497,0.366,27756,28258,NW_019863623.1_27756_28258
LOC112055815,NW_019863623.1,-,MXE_exon1,2.70E-05,0.439,27756,28258,NW_019863623.1_27756_28258
LOC112055815,NW_019863623.1,-,MXE_exon1,0.000209807,0.41,27934,28258,NW_019863623.1_27934_28258
LOC112055815,NW_019863623.1,-,MXE_exon1,0.0031827,0.405,27934,28258,NW_019863623.1_27934_28258
LOC112055815,NW_019863623.1,-,MXE_exon1,0.030667376,0.382,27934,28258,NW_019863623.1_27934_28258
LOC112055815,NW_019863623.1,-,MXE_exon1,2.25E-06,0.494,27934,28258,NW_019863623.1_27934_28258
LOC112055815,NW_019863623.1,-,MXE_exon1,0.001244847,0.433,28382,29054,NW_019863623.1_28382_29054
LOC112055815,NW_019863623.1,-,MXE_exon1,5.15E-10,0.653,28382,29054,NW_019863623.1_28382_29054
LOC112055815,NW_019863623.1,-,MXE_exon1,0.016320292,0.471,28382,29054,NW_019863623.1_28382_29054
LOC112055815,NW_019863623.1,-,MXE_exon1,0.000920071,0.526,28382,29054,NW_019863623.1_28382_29054
LOC112055815,NW_019863623.1,-,MXE_exon1,2.78E-05,0.496,28382,29054,NW_019863623.1_28382_29054
LOC112055815,NW_019863623.1,-,MXE_exon1,4.62E-05,0.456,28382,29054,NW_019863623.1_28382_29054
LOC112055815,NW_019863623.1,-,MXE_exon1,2.67E-05,0.515,28382,29054,NW_019863623.1_28382_29054
LOC112055815,NW_019863623.1,-,MXE_exon1,0.015415916,0.313,32462,32842,NW_019863623.1_32462_32842
LOC112055815,NW_019863623.1,-,MXE_exon1,2.22E-07,0.485,32462,32842,NW_019863623.1_32462_32842
LOC112055815,NW_019863623.1,-,MXE_exon1,0.001207634,0.355,32462,32842,NW_019863623.1_32462_32842
LOC112055815,NW_019863623.1,-,MXE_exon1,4.88E-06,0.349,32462,32842,NW_019863623.1_32462_32842
LOC112055815,NW_019863623.1,-,MXE_exon1,0.041563534,0.109,32462,32842,NW_019863623.1_32462_32842
LOC112055815,NW_019863623.1,-,MXE_exon1,0.028977286,0.305,32462,32842,NW_019863623.1_32462_32842
LOC112055815,NW_019863623.1,-,MXE_exon1,5.33E-05,0.346,32462,32842,NW_019863623.1_32462_32842
LOC112055815,NW_019863623.1,-,MXE_exon1,6.84E-05,0.25,32462,32842,NW_019863623.1_32462_32842
LOC112055815,NW_019863623.1,-,MXE_exon1,7.75E-07,0.435,32462,32842,NW_019863623.1_32462_32842
LOC112055815,NW_019863623.1,-,MXE_exon1,8.58E-07,0.433,32462,32842,NW_019863623.1_32462_32842
LOC112055815,NW_019863623.1,-,MXE_exon1,5.38E-05,0.259,32462,32842,NW_019863623.1_32462_32842
LOC112055815,NW_019863623.1,-,MXE_exon1,0.000583982,0.398,32814,33191,NW_019863623.1_32814_33191
LOC112055815,NW_019863623.1,-,MXE_exon1,0.001674139,0.304,32814,33191,NW_019863623.1_32814_33191
LOC112055815,NW_019863623.1,-,MXE_exon1,0.004680757,0.261,32814,33191,NW_019863623.1_32814_33191
LOC112055815,NW_019863623.1,-,MXE_exon1,0.001058402,0.145,32814,33191,NW_019863623.1_32814_33191
LOC112055815,NW_019863623.1,-,MXE_exon1,0.001271255,0.315,32814,33191,NW_019863623.1_32814_33191
LOC112055815,NW_019863623.1,-,MXE_exon1,0.00118458,0.315,32814,33191,NW_019863623.1_32814_33191
LOC112055815,NW_019863623.1,-,MXE_exon1,0.000677707,0.149,32814,33191,NW_019863623.1_32814_33191
LOC112055815,NW_019863623.1,-,MXE_exon1,5.32E-05,0.312,32814,33191,NW_019863623.1_32814_33191
LOC112055815,NW_019863623.1,-,MXE_exon1,0.044540866,0.083,32814,33499,NW_019863623.1_32814_33499
LOC112055815,NW_019863623.1,-,MXE_exon1,0.017307539,-0.068,32814,33499,NW_019863623.1_32814_33499
LOC112055815,NW_019863623.1,-,MXE_exon1,0.004853493,0.08,32814,33499,NW_019863623.1_32814_33499
LOC112055815,NW_019863623.1,-,MXE_exon1,0.000843531,-0.466,33119,33499,NW_019863623.1_33119_33499
LOC112055815,NW_019863623.1,-,MXE_exon1,0.002342265,-0.437,33119,33499,NW_019863623.1_33119_33499
LOC112055815,NW_019863623.1,-,MXE_exon1,0.011193179,0.309,33391,33771,NW_019863623.1_33391_33771
LOC112055815,NW_019863623.1,-,MXE_exon1,0.020620443,0.295,33391,33771,NW_019863623.1_33391_33771
LOC112055815,NW_019863623.1,-,MXE_exon1,0.005005507,0.123,33391,33771,NW_019863623.1_33391_33771
LOC112055815,NW_019863623.1,-,MXE_exon1,0.002413894,0.26,33391,33771,NW_019863623.1_33391_33771
LOC112055815,NW_019863623.1,-,MXE_exon1,0.024109449,0.187,33391,34033,NW_019863623.1_33391_34033
LOC112055815,NW_019863623.1,-,MXE_exon1,0.027445181,0.182,33391,34033,NW_019863623.1_33391_34033
LOC112055815,NW_019863623.1,-,MXE_exon1,0.008659046,0.011,33391,34033,NW_019863623.1_33391_34033
LOC112055815,NW_019863623.1,-,MXE_exon1,0.003788644,0.137,33391,34033,NW_019863623.1_33391_34033
LOC112055815,NW_019863623.1,-,MXE_exon1,0.046467485,0.115,33656,34033,NW_019863623.1_33656_34033
LOC112055815,NW_019863623.1,-,MXE_exon1,0.042698256,0.105,33656,34033,NW_019863623.1_33656_34033
LOC112055815,NW_019863623.1,-,MXE_exon1,0.014268549,-0.057,33656,34033,NW_019863623.1_33656_34033
LOC112055815,NW_019863623.1,-,MXE_exon1,0.015962593,-0.287,33656,34303,NW_019863623.1_33656_34303
LOC112055815,NW_019863623.1,-,MXE_exon1,0.003028954,0.358,33923,34568,NW_019863623.1_33923_34568
LOC112055815,NW_019863623.1,-,MXE_exon1,0.001101236,0.177,33923,34568,NW_019863623.1_33923_34568
LOC112055815,NW_019863623.1,-,MXE_exon1,0.002482156,0.38,33923,34568,NW_019863623.1_33923_34568
LOC112055815,NW_019863623.1,-,MXE_exon1,0.001998919,0.418,33923,34568,NW_019863623.1_33923_34568
LOC112055815,NW_019863623.1,-,MXE_exon1,0.00077788,0.247,33923,34568,NW_019863623.1_33923_34568
LOC112055815,NW_019863623.1,-,MXE_exon1,0.000128567,0.374,33923,34568,NW_019863623.1_33923_34568
LOC112055815,NW_019863623.1,-,MXE_exon1,0.006712336,0.355,34206,34568,NW_019863623.1_34206_34568
LOC112055815,NW_019863623.1,-,MXE_exon1,0.002676396,0.11,34206,34568,NW_019863623.1_34206_34568
LOC112055815,NW_019863623.1,-,MXE_exon1,0.01129407,0.309,34206,34568,NW_019863623.1_34206_34568
LOC112055815,NW_019863623.1,-,MXE_exon1,0.007692399,0.368,34206,34568,NW_019863623.1_34206_34568
LOC112055815,NW_019863623.1,-,MXE_exon1,0.001750436,0.213,34206,34568,NW_019863623.1_34206_34568
LOC112055815,NW_019863623.1,-,MXE_exon1,0.000307774,0.366,34206,34568,NW_019863623.1_34206_34568
LOC112055815,NW_019863623.1,-,MXE_exon1,0.005663407,-0.04,34973,35335,NW_019863623.1_34973_35335
LOC112055815,NW_019863623.1,-,MXE_exon1,0.016174634,0.062,34973,35335,NW_019863623.1_34973_35335
LOC112055815,NW_019863623.1,-,MXE_exon1,0.018859952,-0.29,34973,35591,NW_019863623.1_34973_35591
LOC112055815,NW_019863623.1,-,MXE_exon1,0.03036629,-0.154,34973,35591,NW_019863623.1_34973_35591
LOC112055815,NW_019863623.1,-,MXE_exon1,0.013710258,-0.32,35220,35591,NW_019863623.1_35220_35591
LOC112055815,NW_019863623.1,-,MXE_exon1,0.038738473,-0.131,35220,35591,NW_019863623.1_35220_35591
LOC112055815,NW_019863623.1,-,MXE_exon1,0.004352703,-0.11,35220,35866,NW_019863623.1_35220_35866
LOC112055815,NW_019863623.1,-,MXE_exon1,0.016575142,0.047,35220,35866,NW_019863623.1_35220_35866
LOC112052571,NW_019863159.1,-,MXE_exon1,0.007522896,0.396,18821,19213,NW_019863159.1_18821_19213
LOC112052571,NW_019863159.1,-,MXE_exon1,0.001898368,0.068,41304,41558,NW_019863159.1_41304_41558
LOC112058060,NW_019862749.1,-,MXE_exon1,0,-0.062,2232896,2233280,NW_019862749.1_2232896_2233280
LOC112058060,NW_019862749.1,-,MXE_exon1,0,0.302,2232896,2233280,NW_019862749.1_2232896_2233280
LOC112047055,NW_019862753.1,-,MXE_exon1,0.000293872,-0.277,1464440,1465135,NW_019862753.1_1464440_1465135
LOC112047055,NW_019862753.1,-,MXE_exon1,7.06E-07,0.206,1465762,1466052,NW_019862753.1_1465762_1466052
LOC112047055,NW_019862753.1,-,MXE_exon1,6.62E-08,0.175,1465762,1466052,NW_019862753.1_1465762_1466052
LOC112048221,NW_019862921.1,+,MXE_exon1,0.022448989,0.007,362551,362870,NW_019862921.1_362551_362870
LOC112048221,NW_019862921.1,+,MXE_exon1,0.048739406,0.047,362552,362870,NW_019862921.1_362552_362870
LOC112049540,NW_019862977.1,+,MXE_exon1,0.035856304,-0.175,520261,520668,NW_019862977.1_520261_520668
LOC112044745,NW_019862817.1,+,MXE_exon1,0.001436817,0.581,1014820,1015079,NW_019862817.1_1014820_1015079
LOC112055175,NW_019863471.1,-,MXE_exon1,0,0.042,134269,134558,NW_019863471.1_134269_134558
LOC112054785,NW_019863411.1,+,MXE_exon1,0.0010018,-0.087,42983,43286,NW_019863411.1_42983_43286
LOC112054785,NW_019863411.1,+,MXE_exon1,0.000868678,-0.084,42983,43286,NW_019863411.1_42983_43286
LOC112054785,NW_019863411.1,+,MXE_exon1,0.006716997,-0.15,42983,43385,NW_019863411.1_42983_43385
LOC112054785,NW_019863411.1,+,MXE_exon1,0.005978468,-0.145,42983,43385,NW_019863411.1_42983_43385
LOC112054785,NW_019863411.1,+,MXE_exon1,0.049428486,-0.231,42998,43286,NW_019863411.1_42998_43286
LOC112054785,NW_019863411.1,+,MXE_exon1,0.047831,-0.227,42998,43286,NW_019863411.1_42998_43286
LOC112054785,NW_019863411.1,+,MXE_exon1,0.049117446,-0.23,43001,43286,NW_019863411.1_43001_43286
LOC112054785,NW_019863411.1,+,MXE_exon1,0.047460561,-0.226,43001,43286,NW_019863411.1_43001_43286
LOC112053290,NW_019862759.1,+,MXE_exon1,0.013703691,-0.175,70712,71109,NW_019862759.1_70712_71109
LOC112053290,NW_019862759.1,+,MXE_exon1,0.03948087,-0.227,70724,71109,NW_019862759.1_70724_71109
LOC112052608,NW_019862759.1,-,MXE_exon1,0,0.516,369194,369448,NW_019862759.1_369194_369448
LOC112052608,NW_019862759.1,-,MXE_exon1,0,0.421,369194,369581,NW_019862759.1_369194_369581
LOC112052608,NW_019862759.1,-,MXE_exon1,0.007760811,0.029,369637,369882,NW_019862759.1_369637_369882
LOC112052608,NW_019862759.1,-,MXE_exon1,8.40E-15,0.452,369637,369882,NW_019862759.1_369637_369882
LOC112052608,NW_019862759.1,-,MXE_exon1,0.004457955,0.083,378086,378361,NW_019862759.1_378086_378361
LOC112052608,NW_019862759.1,-,MXE_exon1,0,0.414,378644,378982,NW_019862759.1_378644_378982
LOC112052608,NW_019862759.1,-,MXE_exon1,0,0.674,378645,378988,NW_019862759.1_378645_378988
LOC112052647,NW_019862759.1,-,MXE_exon1,0.0135488,0.43,521280,521584,NW_019862759.1_521280_521584
LOC112052647,NW_019862759.1,-,MXE_exon1,0.000958702,0.376,521280,521584,NW_019862759.1_521280_521584
LOC112049701,NW_019862756.1,-,MXE_exon1,0.041494858,-0.008,199034,199371,NW_019862756.1_199034_199371
LOC112055725,NW_019863596.1,-,MXE_exon1,0,-0.416,59570,59850,NW_019863596.1_59570_59850
LOC112055725,NW_019863596.1,-,MXE_exon1,0,-0.643,59570,59850,NW_019863596.1_59570_59850
LOC112054017,NW_019863306.1,-,MXE_exon1,0.036557651,0.185,81132,81674,NW_019863306.1_81132_81674
LOC112044000,NW_019862801.1,+,MXE_exon1,2.79E-05,-0.089,747135,747645,NW_019862801.1_747135_747645
LOC112044000,NW_019862801.1,+,MXE_exon1,2.79E-05,-0.089,747153,747645,NW_019862801.1_747153_747645
LOC112055679,NW_019863585.1,-,MXE_exon1,0.000250089,-0.211,35400,35720,NW_019863585.1_35400_35720
LOC112043773,NW_019862797.1,+,MXE_exon1,6.23E-06,-0.426,702682,703052,NW_019862797.1_702682_703052
LOC112043773,NW_019862797.1,+,MXE_exon1,7.06E-07,-0.529,702792,703052,NW_019862797.1_702792_703052
LOC112043847,NW_019862799.1,-,MXE_exon1,0.004402749,0.067,701494,701820,NW_019862799.1_701494_701820
LOC112043847,NW_019862799.1,-,MXE_exon1,0.00573533,0.049,701494,701820,NW_019862799.1_701494_701820
LOC112043847,NW_019862799.1,-,MXE_exon1,0.005842606,0.05,701494,701820,NW_019862799.1_701494_701820
LOC112043847,NW_019862799.1,-,MXE_exon1,0.004625975,0.054,701494,701820,NW_019862799.1_701494_701820
LOC112043847,NW_019862799.1,-,MXE_exon1,0.004371743,0.067,701494,701820,NW_019862799.1_701494_701820
LOC112043847,NW_019862799.1,-,MXE_exon1,0.004141349,0.069,701494,701820,NW_019862799.1_701494_701820
LOC112043847,NW_019862799.1,-,MXE_exon1,0.002571803,0.082,701494,701820,NW_019862799.1_701494_701820
LOC112043847,NW_019862799.1,-,MXE_exon1,0.001164595,0.145,703543,703886,NW_019862799.1_703543_703886
LOC112043847,NW_019862799.1,-,MXE_exon1,0.002571803,-0.248,703912,704343,NW_019862799.1_703912_704343
LOC112043851,NW_019862799.1,+,MXE_exon1,0,-0.631,888203,888617,NW_019862799.1_888203_888617
LOC112043851,NW_019862799.1,+,MXE_exon1,0,-0.611,888203,888617,NW_019862799.1_888203_888617
LOC112043851,NW_019862799.1,+,MXE_exon1,1.04E-13,-0.376,888203,888617,NW_019862799.1_888203_888617
LOC112043851,NW_019862799.1,+,MXE_exon1,0.001078095,0.181,890094,890502,NW_019862799.1_890094_890502
LOC112043870,NW_019862799.1,-,MXE_exon1,0.000370134,0.202,1157324,1157649,NW_019862799.1_1157324_1157649
LOC112058143,NW_019862772.1,+,MXE_exon1,0.012419308,-0.023,268870,269090,NW_019862772.1_268870_269090
LOC112047825,NW_019862905.1,-,MXE_exon1,0,-0.145,284792,285103,NW_019862905.1_284792_285103
LOC112048291,NW_019862924.1,-,MXE_exon1,9.79E-08,-0.567,344551,344811,NW_019862924.1_344551_344811
LOC112048291,NW_019862924.1,-,MXE_exon1,1.23E-09,-0.65,344551,344811,NW_019862924.1_344551_344811
LOC112048290,NW_019862924.1,+,MXE_exon1,0,-0.459,383564,383830,NW_019862924.1_383564_383830
LOC112052026,NW_019863119.1,+,MXE_exon1,0.047506987,0.045,261241,261527,NW_019863119.1_261241_261527
LOC112050069,NW_019863004.1,-,MXE_exon1,0,-0.203,134610,134935,NW_019863004.1_134610_134935
LOC112050069,NW_019863004.1,-,MXE_exon1,0,-0.069,134610,134935,NW_019863004.1_134610_134935
LOC112050069,NW_019863004.1,-,MXE_exon1,0,-0.154,134610,134935,NW_019863004.1_134610_134935
LOC112054350,NW_019863349.1,+,MXE_exon1,0.000340302,0.081,187555,187894,NW_019863349.1_187555_187894
LOC112054350,NW_019863349.1,+,MXE_exon1,0.011406445,0.019,188055,188423,NW_019863349.1_188055_188423
LOC112043925,NW_019862800.1,+,MXE_exon1,7.84E-05,0.269,525124,525529,NW_019862800.1_525124_525529
LOC112043925,NW_019862800.1,+,MXE_exon1,0.000110497,0.255,525124,525658,NW_019862800.1_525124_525658
LOC112043925,NW_019862800.1,+,MXE_exon1,4.15E-05,0.268,537958,538399,NW_019862800.1_537958_538399
LOC112043925,NW_019862800.1,+,MXE_exon1,5.20E-05,0.266,537981,538399,NW_019862800.1_537981_538399
LOC112043927,NW_019862800.1,-,MXE_exon1,0.011134057,0.069,561548,561826,NW_019862800.1_561548_561826
LOC112043927,NW_019862800.1,-,MXE_exon1,3.41E-08,-0.14,563616,564155,NW_019862800.1_563616_564155
LOC112043927,NW_019862800.1,-,MXE_exon1,3.08E-07,-0.136,563616,564179,NW_019862800.1_563616_564179
LOC112043927,NW_019862800.1,-,MXE_exon1,8.93E-10,-0.174,563616,564179,NW_019862800.1_563616_564179
LOC112055983,NW_019863673.1,+,MXE_exon1,0.007590151,-0.191,39851,40213,NW_019863673.1_39851_40213
LOC112053498,NW_019863247.1,-,MXE_exon1,0,-0.51,22995,23357,NW_019863247.1_22995_23357
LOC112043568,NW_019862792.1,+,MXE_exon1,3.49E-07,-0.034,837606,838177,NW_019862792.1_837606_838177
LOC112043568,NW_019862792.1,+,MXE_exon1,6.33E-07,-0.033,837621,838177,NW_019862792.1_837621_838177
LOC112043568,NW_019862792.1,+,MXE_exon1,3.49E-07,-0.034,837632,838177,NW_019862792.1_837632_838177
LOC112043568,NW_019862792.1,+,MXE_exon1,0.000401279,-0.017,849981,850363,NW_019862792.1_849981_850363
LOC112043568,NW_019862792.1,+,MXE_exon1,0.000693407,-0.016,850023,850363,NW_019862792.1_850023_850363
LOC112044902,NW_019862819.1,+,MXE_exon1,0,0.295,627411,627874,NW_019862819.1_627411_627874
LOC112044902,NW_019862819.1,+,MXE_exon1,0,0.447,627411,627874,NW_019862819.1_627411_627874
LOC112044902,NW_019862819.1,+,MXE_exon1,0,0.66,627497,627874,NW_019862819.1_627497_627874
LOC112053358,NW_019863233.1,-,MXE_exon1,3.43E-11,0.095,9790,10425,NW_019863233.1_9790_10425
LOC112048138,NW_019862918.1,+,MXE_exon1,2.29E-05,0.361,441886,442203,NW_019862918.1_441886_442203
LOC112051684,NW_019863097.1,-,MXE_exon1,0.002457752,-0.036,216096,216510,NW_019863097.1_216096_216510
LOC112046776,NW_019862870.1,+,MXE_exon1,0,0.81,771990,772247,NW_019862870.1_771990_772247
LOC112050898,NW_019863049.1,-,MXE_exon1,7.14E-07,0.108,173962,174188,NW_019863049.1_173962_174188
LOC112055014,NW_019863447.1,-,MXE_exon1,0.015511102,-0.094,48060,48421,NW_019863447.1_48060_48421
LOC112044285,NW_019862806.1,-,MXE_exon1,0.000661804,0.085,533588,533933,NW_019862806.1_533588_533933
LOC112056309,NW_019863765.1,+,MXE_exon1,0.000409447,-0.061,37750,38040,NW_019863765.1_37750_38040
LOC112056309,NW_019863765.1,+,MXE_exon1,2.66E-05,-0.079,37750,38040,NW_019863765.1_37750_38040
LOC112056309,NW_019863765.1,+,MXE_exon1,4.69E-05,-0.07,37750,38040,NW_019863765.1_37750_38040
LOC112056309,NW_019863765.1,+,MXE_exon1,5.33E-05,-0.069,37750,38040,NW_019863765.1_37750_38040
LOC112056309,NW_019863765.1,+,MXE_exon1,5.83E-05,-0.067,37750,38040,NW_019863765.1_37750_38040
LOC112053008,NW_019863196.1,+,MXE_exon1,0.000194034,-0.198,183186,183484,NW_019863196.1_183186_183484
LOC112045035,NW_019862822.1,+,MXE_exon1,0.000368918,0.316,270122,270551,NW_019862822.1_270122_270551
LOC112046562,NW_019862861.1,-,MXE_exon1,6.38E-11,-0.243,118143,118367,NW_019862861.1_118143_118367
LOC112050218,NW_019863013.1,+,MXE_exon1,0.005224865,-0.131,83598,83843,NW_019863013.1_83598_83843
LOC112050218,NW_019863013.1,+,MXE_exon1,0.003496775,-0.272,83923,84340,NW_019863013.1_83923_84340
LOC112050218,NW_019863013.1,+,MXE_exon1,0.004209084,-0.268,83923,84395,NW_019863013.1_83923_84395
LOC112046734,NW_019862869.1,-,MXE_exon1,0.046229801,-0.044,400226,400584,NW_019862869.1_400226_400584
LOC112046638,NW_019862864.1,+,MXE_exon1,0,0.557,324486,324728,NW_019862864.1_324486_324728
LOC112046638,NW_019862864.1,+,MXE_exon1,0,0.207,324486,324728,NW_019862864.1_324486_324728
LOC112046638,NW_019862864.1,+,MXE_exon1,4.38E-10,0.155,324486,324728,NW_019862864.1_324486_324728
LOC112043252,NW_019862787.1,+,MXE_exon1,1.01E-06,0.23,1475912,1476211,NW_019862787.1_1475912_1476211
LOC112043252,NW_019862787.1,+,MXE_exon1,0.000214691,0.399,1475914,1476211,NW_019862787.1_1475914_1476211
LOC112043252,NW_019862787.1,+,MXE_exon1,7.75E-06,0.485,1475914,1476211,NW_019862787.1_1475914_1476211
LOC112054590,NW_019863380.1,-,MXE_exon1,2.43E-06,0.527,103859,104354,NW_019863380.1_103859_104354
LOC112054590,NW_019863380.1,-,MXE_exon1,1.23E-06,0.508,104009,104354,NW_019863380.1_104009_104354
LOC112057136,NW_019864366.1,-,MXE_exon1,0.00289296,-0.158,7969,8318,NW_019864366.1_7969_8318
LOC112047618,NW_019862898.1,-,MXE_exon1,0.000134485,-0.191,573375,573824,NW_019862898.1_573375_573824
LOC112047618,NW_019862898.1,-,MXE_exon1,0.000134485,-0.191,573375,573824,NW_019862898.1_573375_573824
LOC112047618,NW_019862898.1,-,MXE_exon1,0.001506548,-0.103,573375,573824,NW_019862898.1_573375_573824
LOC112047618,NW_019862898.1,-,MXE_exon1,4.75E-07,-0.518,573812,574077,NW_019862898.1_573812_574077
LOC112047618,NW_019862898.1,-,MXE_exon1,4.75E-07,-0.518,573812,574077,NW_019862898.1_573812_574077
LOC112047618,NW_019862898.1,-,MXE_exon1,9.39E-06,-0.339,573812,574077,NW_019862898.1_573812_574077
LOC112047618,NW_019862898.1,-,MXE_exon1,0.007760811,-0.296,573812,576496,NW_019862898.1_573812_576496
LOC112047618,NW_019862898.1,-,MXE_exon1,0.001325099,0.065,576011,576496,NW_019862898.1_576011_576496
LOC112047618,NW_019862898.1,-,MXE_exon1,0.001645075,0.071,576011,576496,NW_019862898.1_576011_576496
LOC112047618,NW_019862898.1,-,MXE_exon1,0.001325099,0.065,576013,576496,NW_019862898.1_576013_576496
LOC112047618,NW_019862898.1,-,MXE_exon1,0.026908215,0.039,576545,577213,NW_019862898.1_576545_577213
LOC112047618,NW_019862898.1,-,MXE_exon1,0.026908215,0.039,576767,577213,NW_019862898.1_576767_577213
LOC112047618,NW_019862898.1,-,MXE_exon1,0.030654377,0.033,576767,577213,NW_019862898.1_576767_577213
LOC112047618,NW_019862898.1,-,MXE_exon1,0.000285341,0.116,576767,577213,NW_019862898.1_576767_577213
LOC112047618,NW_019862898.1,-,MXE_exon1,0.026374656,0.039,576857,577213,NW_019862898.1_576857_577213
LOC112047618,NW_019862898.1,-,MXE_exon1,0.001710465,0.061,576857,577213,NW_019862898.1_576857_577213
LOC112047618,NW_019862898.1,-,MXE_exon1,0.001461564,0.054,576857,577213,NW_019862898.1_576857_577213
LOC112047618,NW_019862898.1,-,MXE_exon1,6.97E-05,0.172,576857,577213,NW_019862898.1_576857_577213
LOC112044298,NW_019862806.1,+,MXE_exon1,0.038313838,-0.057,650037,650408,NW_019862806.1_650037_650408
LOC112054240,NW_019863331.1,+,MXE_exon1,0.000687689,0.366,152418,152791,NW_019863331.1_152418_152791
LOC112045646,NW_019862837.1,+,MXE_exon1,0.006035815,-0.106,320117,320329,NW_019862837.1_320117_320329
LOC112045665,NW_019862837.1,-,MXE_exon1,0.007002934,0.228,880147,880574,NW_019862837.1_880147_880574
LOC112049111,NW_019862959.1,+,MXE_exon1,0.017552481,-0.316,338069,338383,NW_019862959.1_338069_338383
LOC112049111,NW_019862959.1,+,MXE_exon1,0.009336576,-0.307,338069,338408,NW_019862959.1_338069_338408
LOC112043011,NW_019862784.1,+,MXE_exon1,6.79E-07,0.484,696023,696405,NW_019862784.1_696023_696405
LOC112051571,NW_019863089.1,-,MXE_exon1,0.00052151,0.021,356712,357082,NW_019863089.1_356712_357082
LOC112051640,NW_019863093.1,-,MXE_exon1,0.000263724,0.2,335281,335553,NW_019863093.1_335281_335553
LOC112050976,NW_019863054.1,-,MXE_exon2,0.01691525,0.133,56017,56238,NW_019863054.1_56017_56238
LOC112050976,NW_019863054.1,-,MXE_exon2,0.004279274,0.106,56017,56238,NW_019863054.1_56017_56238
LOC112050976,NW_019863054.1,-,MXE_exon2,1.10E-09,0.112,56017,56238,NW_019863054.1_56017_56238
LOC112050976,NW_019863054.1,-,MXE_exon2,0.00644045,0.25,58002,58235,NW_019863054.1_58002_58235
LOC112055398,NW_019863514.1,+,MXE_exon2,0.002764491,0.196,78338,78664,NW_019863514.1_78338_78664
LOC112049170,NW_019862962.1,+,MXE_exon2,0.029917359,-0.068,83165,84061,NW_019862962.1_83165_84061
LOC112049170,NW_019862962.1,+,MXE_exon2,9.07E-05,-0.177,87180,87483,NW_019862962.1_87180_87483
LOC112045468,NW_019862833.1,-,MXE_exon2,0.015396616,-0.212,105488,105804,NW_019862833.1_105488_105804
LOC112043495,NW_019862791.1,-,MXE_exon2,0.006884544,0.109,1459232,1459588,NW_019862791.1_1459232_1459588
LOC112054984,NW_019863443.1,+,MXE_exon2,0,-0.329,111542,111847,NW_019863443.1_111542_111847
LOC112056691,NW_019863945.1,-,MXE_exon2,0.028494504,-0.099,25618,25952,NW_019863945.1_25618_25952
LOC112056691,NW_019863945.1,-,MXE_exon2,0.032410514,-0.097,25618,25952,NW_019863945.1_25618_25952
LOC112051285,NW_019863072.1,+,MXE_exon2,0,-0.447,84863,85208,NW_019863072.1_84863_85208
LOC112048780,NW_019862945.1,-,MXE_exon2,0.000222824,0.09,224009,224299,NW_019862945.1_224009_224299
LOC112055290,NW_019863493.1,-,MXE_exon2,0.013051601,-0.188,132697,132981,NW_019863493.1_132697_132981
LOC112055144,NW_019863466.1,-,MXE_exon2,0.000357129,0.192,73998,74307,NW_019863466.1_73998_74307
LOC112049271,NW_019862966.1,+,MXE_exon2,0.014978696,0.087,329302,329632,NW_019862966.1_329302_329632
LOC112049271,NW_019862966.1,+,MXE_exon2,0.003748611,0.158,329302,329632,NW_019862966.1_329302_329632
LOC112051879,NW_019863109.1,-,MXE_exon2,0.002742414,-0.029,251682,252002,NW_019863109.1_251682_252002
LOC112051879,NW_019863109.1,-,MXE_exon2,9.22E-10,-0.204,297548,297844,NW_019863109.1_297548_297844
LOC112051879,NW_019863109.1,-,MXE_exon2,0,0.282,297548,297844,NW_019863109.1_297548_297844
LOC112043586,NW_019862792.1,-,MXE_exon2,0.002854315,0.08,1226958,1227248,NW_019862792.1_1226958_1227248
LOC112048194,NW_019862920.1,+,MXE_exon2,0,0.588,587385,589589,NW_019862920.1_587385_589589
LOC112048194,NW_019862920.1,+,MXE_exon2,0,0.2,590072,590368,NW_019862920.1_590072_590368
LOC112048194,NW_019862920.1,+,MXE_exon2,8.43E-05,0.051,590072,590368,NW_019862920.1_590072_590368
LOC112048194,NW_019862920.1,+,MXE_exon2,0.000678343,-0.139,591817,592310,NW_019862920.1_591817_592310
LOC112048194,NW_019862920.1,+,MXE_exon2,1.81E-06,-0.147,592548,592893,NW_019862920.1_592548_592893
LOC112051765,NW_019863101.1,+,MXE_exon2,0.000960298,0.113,223655,223922,NW_019863101.1_223655_223922
LOC112044621,NW_019862813.1,+,MXE_exon2,0.000120465,0.234,757649,757935,NW_019862813.1_757649_757935
LOC112044621,NW_019862813.1,+,MXE_exon2,1.21E-09,-0.335,757649,757935,NW_019862813.1_757649_757935
LOC112053646,NW_019863265.1,+,MXE_exon2,0.022328432,-0.068,211511,212012,NW_019863265.1_211511_212012
LOC112053499,NW_019862760.1,+,MXE_exon2,5.63E-10,0.197,152853,153149,NW_019862760.1_152853_153149
LOC112053499,NW_019862760.1,+,MXE_exon2,0.048383457,-0.124,158141,158434,NW_019862760.1_158141_158434
LOC112042909,NW_019862749.1,+,MXE_exon2,0.005298701,0.065,2331425,2331755,NW_019862749.1_2331425_2331755
LOC112046480,NW_019862858.1,-,MXE_exon2,0.037363011,-0.154,553292,553620,NW_019862858.1_553292_553620
LOC112051433,NW_019863082.1,+,MXE_exon2,0.01954297,-0.031,349195,349490,NW_019863082.1_349195_349490
LOC112043234,NW_019862787.1,-,MXE_exon2,0.01821105,0.113,1222001,1222450,NW_019862787.1_1222001_1222450
LOC112053597,NW_019863259.1,-,MXE_exon2,5.84E-07,0.306,320070,320471,NW_019863259.1_320070_320471
LOC112056190,NW_019863730.1,-,MXE_exon2,0.019330365,0.07,26488,26887,NW_019863730.1_26488_26887
LOC112058428,NW_019862776.1,-,MXE_exon2,3.98E-05,-0.068,1076732,1077049,NW_019862776.1_1076732_1077049
LOC112058428,NW_019862776.1,-,MXE_exon2,4.69E-05,-0.081,1076741,1077049,NW_019862776.1_1076741_1077049
LOC112056528,NW_019863862.1,+,MXE_exon2,0.005337328,-0.128,76291,76696,NW_019863862.1_76291_76696
LOC112046053,NW_019862748.1,-,MXE_exon2,0.034202834,0.016,1645458,1645772,NW_019862748.1_1645458_1645772
LOC112052623,NW_019863164.1,-,MXE_exon2,0.002703737,0.221,47330,47787,NW_019863164.1_47330_47787
LOC112057702,NW_019862748.1,+,MXE_exon2,0.003408367,-0.289,494833,495175,NW_019862748.1_494833_495175
LOC112055179,NW_019862762.1,+,MXE_exon2,1.14E-06,0.397,86772,87166,NW_019862762.1_86772_87166
LOC112054456,NW_019863360.1,-,MXE_exon2,0.027593997,0.063,72467,72795,NW_019863360.1_72467_72795
LOC112047044,NW_019862881.1,+,MXE_exon2,0.03948087,0.134,310625,311150,NW_019862881.1_310625_311150
LOC112049521,NW_019862977.1,+,MXE_exon2,5.96E-08,0.26,366935,367247,NW_019862977.1_366935_367247
LOC112046832,NW_019862872.1,+,MXE_exon2,0.025017463,-0.044,397180,397467,NW_019862872.1_397180_397467
LOC112047419,NW_019862892.1,+,MXE_exon2,0.009028919,0.135,34175,34498,NW_019862892.1_34175_34498
LOC112051118,NW_019862757.1,-,MXE_exon2,0,-0.25,1541784,1542041,NW_019862757.1_1541784_1542041
LOC112054147,NW_019863324.1,-,MXE_exon2,0.022523154,0.173,170396,170668,NW_019863324.1_170396_170668
LOC112048265,NW_019862923.1,+,MXE_exon2,1.59E-13,0.059,252968,253279,NW_019862923.1_252968_253279
LOC112048265,NW_019862923.1,+,MXE_exon2,8.91E-13,0.219,252968,253279,NW_019862923.1_252968_253279
LOC112045388,NW_019862831.1,-,MXE_exon2,0.032176276,-0.21,66267,66583,NW_019862831.1_66267_66583
LOC112044897,NW_019862819.1,+,MXE_exon2,0.043802479,-0.366,533273,533587,NW_019862819.1_533273_533587
LOC112044897,NW_019862819.1,+,MXE_exon2,0.003633504,-0.364,534689,535009,NW_019862819.1_534689_535009
LOC112048437,NW_019862930.1,-,MXE_exon2,2.07E-07,-0.084,402949,403187,NW_019862930.1_402949_403187
LOC112048866,NW_019862948.1,-,MXE_exon2,0.019655321,0.144,82372,82735,NW_019862948.1_82372_82735
LOC112055185,NW_019863472.1,+,MXE_exon2,0.031589805,-0.075,140884,141267,NW_019863472.1_140884_141267
LOC112051535,NW_019863088.1,+,MXE_exon2,0.037436978,-0.153,334925,335261,NW_019863088.1_334925_335261
LOC112052180,NW_019863132.1,-,MXE_exon2,0.041795174,0.07,285615,285983,NW_019863132.1_285615_285983
LOC112045305,NW_019862828.1,+,MXE_exon2,0.000629965,0.18,692945,693231,NW_019862828.1_692945_693231
LOC112045305,NW_019862828.1,+,MXE_exon2,0,0.231,798024,798299,NW_019862828.1_798024_798299
LOC112045305,NW_019862828.1,+,MXE_exon2,5.19E-10,-0.155,809483,809895,NW_019862828.1_809483_809895
LOC112045305,NW_019862828.1,+,MXE_exon2,4.92E-10,0.053,813181,813465,NW_019862828.1_813181_813465
LOC112049830,NW_019862993.1,-,MXE_exon2,0,0.522,101678,101982,NW_019862993.1_101678_101982
LOC112057974,NW_019862770.1,+,MXE_exon2,2.45E-13,0.152,602293,602653,NW_019862770.1_602293_602653
LOC112057974,NW_019862770.1,+,MXE_exon2,0,-0.155,602293,602653,NW_019862770.1_602293_602653
LOC112057974,NW_019862770.1,+,MXE_exon2,0,0.382,619296,619655,NW_019862770.1_619296_619655
LOC112057974,NW_019862770.1,+,MXE_exon2,0,0.343,622594,622940,NW_019862770.1_622594_622940
LOC112057974,NW_019862770.1,+,MXE_exon2,0,0.317,623354,623695,NW_019862770.1_623354_623695
LOC112052530,NW_019863155.1,+,MXE_exon2,0.015708339,-0.314,22807,23151,NW_019863155.1_22807_23151
LOC112047070,NW_019862881.1,+,MXE_exon2,0.039398497,0.057,420443,420808,NW_019862881.1_420443_420808
LOC112046338,NW_019862855.1,+,MXE_exon2,0.003489861,0.081,370162,370500,NW_019862855.1_370162_370500
LOC112045222,NW_019862826.1,-,MXE_exon2,0.047510708,-0.214,646173,646490,NW_019862826.1_646173_646490
LOC112045222,NW_019862826.1,-,MXE_exon2,0.035607247,-0.044,647322,647633,NW_019862826.1_647322_647633
LOC112045222,NW_019862826.1,-,MXE_exon2,0.001537771,-0.259,647322,647636,NW_019862826.1_647322_647636
LOC112052601,NW_019863161.1,-,MXE_exon2,0.004974229,-0.077,220393,220773,NW_019863161.1_220393_220773
LOC112052601,NW_019863161.1,-,MXE_exon2,0.002814395,0.082,235109,235383,NW_019863161.1_235109_235383
LOC112052043,NW_019863120.1,-,MXE_exon2,7.68E-08,-0.134,93648,94057,NW_019863120.1_93648_94057
LOC112050343,NW_019863018.1,+,MXE_exon2,1.80E-10,-0.13,292857,293189,NW_019863018.1_292857_293189
LOC112050343,NW_019863018.1,+,MXE_exon2,3.16E-11,-0.169,293866,294216,NW_019863018.1_293866_294216
LOC112055597,NW_019862762.1,-,MXE_exon2,0.001072005,0.076,1117918,1118265,NW_019862762.1_1117918_1118265
LOC112055597,NW_019862762.1,-,MXE_exon2,0.001810551,0.049,1117918,1118265,NW_019862762.1_1117918_1118265
LOC112055597,NW_019862762.1,-,MXE_exon2,2.92E-07,-0.105,1138089,1138391,NW_019862762.1_1138089_1138391
LOC112045793,NW_019862752.1,+,MXE_exon2,0.003049588,-0.181,1291897,1292169,NW_019862752.1_1291897_1292169
LOC112047732,NW_019862903.1,-,MXE_exon2,0.018291244,0.068,292877,293169,NW_019862903.1_292877_293169
LOC112044399,NW_019862808.1,-,MXE_exon2,0.000635669,-0.17,1229100,1230031,NW_019862808.1_1229100_1230031
LOC112044399,NW_019862808.1,-,MXE_exon2,2.15E-10,-0.209,1229100,1230031,NW_019862808.1_1229100_1230031
LOC112044453,NW_019862809.1,+,MXE_exon2,2.48E-14,0.493,1023065,1023527,NW_019862809.1_1023065_1023527
LOC112051496,NW_019862758.1,-,MXE_exon2,0.028071472,-0.18,201442,201831,NW_019862758.1_201442_201831
LOC112047548,NW_019862896.1,-,MXE_exon2,0,-0.351,532549,532860,NW_019862896.1_532549_532860
LOC112056208,NW_019863733.1,-,MXE_exon2,0.0135488,-0.165,51690,51967,NW_019863733.1_51690_51967
LOC112046488,NW_019862859.1,+,MXE_exon2,0,0.295,437302,437664,NW_019862859.1_437302_437664
LOC112049684,NW_019862984.1,-,MXE_exon2,0,0.071,386831,387159,NW_019862984.1_386831_387159
LOC112044489,NW_019862810.1,-,MXE_exon2,0,0.062,694843,695176,NW_019862810.1_694843_695176
LOC112052083,NW_019863123.1,-,MXE_exon2,0.00066329,0.364,14240,14539,NW_019863123.1_14240_14539
LOC112056900,NW_019864076.1,+,MXE_exon2,0.002844981,-0.275,5118,5435,NW_019864076.1_5118_5435
LOC112052616,NW_019863163.1,-,MXE_exon2,0.000114611,-0.037,25393,25700,NW_019863163.1_25393_25700
LOC112048916,NW_019862951.1,-,MXE_exon2,0.025992673,0.13,200480,200797,NW_019862951.1_200480_200797
LOC112042829,NW_019862749.1,-,MXE_exon2,0.013532449,0.079,2053748,2054040,NW_019862749.1_2053748_2054040
LOC112043483,NW_019862791.1,+,MXE_exon2,0,0.083,1001403,1001771,NW_019862791.1_1001403_1001771
LOC112043483,NW_019862791.1,+,MXE_exon2,0.022692588,-0.092,1012799,1013084,NW_019862791.1_1012799_1013084
LOC112045687,NW_019862838.1,-,MXE_exon2,0.0026005,-0.078,370806,371078,NW_019862838.1_370806_371078
LOC112044809,NW_019862818.1,+,MXE_exon2,0.025859244,0.101,927758,928099,NW_019862818.1_927758_928099
LOC112043510,NW_019862792.1,+,MXE_exon2,0.002028693,-0.217,201053,201402,NW_019862792.1_201053_201402
LOC112053443,NW_019862760.1,+,MXE_exon2,0.00504706,0.013,80224,80475,NW_019862760.1_80224_80475
LOC112053443,NW_019862760.1,+,MXE_exon2,7.29E-05,-0.043,80224,80475,NW_019862760.1_80224_80475
LOC112053443,NW_019862760.1,+,MXE_exon2,0.00484388,-0.03,80224,80475,NW_019862760.1_80224_80475
LOC112053042,NW_019863199.1,+,MXE_exon2,2.72E-10,0.666,33859,34168,NW_019863199.1_33859_34168
LOC112053042,NW_019863199.1,+,MXE_exon2,1.67E-10,0.445,35298,35590,NW_019863199.1_35298_35590
LOC112050692,NW_019863038.1,+,MXE_exon2,0.002149583,0.077,202363,202759,NW_019863038.1_202363_202759
LOC112055393,NW_019862762.1,+,MXE_exon2,0,0.324,279762,280095,NW_019862762.1_279762_280095
LOC112055393,NW_019862762.1,+,MXE_exon2,0,0.588,282844,283147,NW_019862762.1_282844_283147
LOC112055393,NW_019862762.1,+,MXE_exon2,0,0.404,282844,283147,NW_019862762.1_282844_283147
LOC112055070,NW_019863455.1,+,MXE_exon2,2.14E-05,-0.381,127432,127781,NW_019863455.1_127432_127781
LOC112048373,NW_019862927.1,+,MXE_exon2,0.040784131,-0.199,51954,52355,NW_019862927.1_51954_52355
LOC112048373,NW_019862927.1,+,MXE_exon2,0.037346038,-0.2,51954,52355,NW_019862927.1_51954_52355
LOC112058448,NW_019862776.1,-,MXE_exon2,0.019655321,0.065,1584050,1584275,NW_019862776.1_1584050_1584275
LOC112058448,NW_019862776.1,-,MXE_exon2,0.036097595,0.108,1584050,1584275,NW_019862776.1_1584050_1584275
LOC112058448,NW_019862776.1,-,MXE_exon2,0.001850042,0.103,1584050,1584275,NW_019862776.1_1584050_1584275
LOC112057686,NW_019862765.1,-,MXE_exon2,7.77E-13,-0.1,1122712,1122984,NW_019862765.1_1122712_1122984
LOC112057686,NW_019862765.1,-,MXE_exon2,0,-0.113,1122712,1122984,NW_019862765.1_1122712_1122984
LOC112056116,NW_019863706.1,+,MXE_exon2,5.14E-06,0.29,44663,45021,NW_019863706.1_44663_45021
LOC112058090,NW_019862771.1,-,MXE_exon2,0.023833388,0.132,1507124,1507398,NW_019862771.1_1507124_1507398
LOC112047518,NW_019862895.1,-,MXE_exon2,0,0.228,761674,762117,NW_019862895.1_761674_762117
LOC112056560,NW_019863879.1,-,MXE_exon2,0.000850532,-0.112,7001,7320,NW_019863879.1_7001_7320
LOC112056560,NW_019863879.1,-,MXE_exon2,0.005821223,-0.099,7001,7320,NW_019863879.1_7001_7320
LOC112056560,NW_019863879.1,-,MXE_exon2,0.002972909,0.16,9418,9740,NW_019863879.1_9418_9740
LOC112056560,NW_019863879.1,-,MXE_exon2,0.001161444,0.153,10939,11334,NW_019863879.1_10939_11334
LOC112052453,NW_019863149.1,-,MXE_exon2,0.000373402,0.076,308666,309037,NW_019863149.1_308666_309037
LOC112045951,NW_019862844.1,-,MXE_exon2,0.004895185,-0.092,954807,955113,NW_019862844.1_954807_955113
LOC112058518,NW_019862778.1,-,MXE_exon2,0.006899606,-0.214,45491,45786,NW_019862778.1_45491_45786
LOC112051313,NW_019863074.1,+,MXE_exon2,1.10E-05,-0.545,112429,112667,NW_019863074.1_112429_112667
LOC112051313,NW_019863074.1,+,MXE_exon2,0,-0.108,155197,155614,NW_019863074.1_155197_155614
LOC112046887,NW_019862874.1,-,MXE_exon2,8.22E-06,0.075,20845,21197,NW_019862874.1_20845_21197
LOC112045524,NW_019862834.1,-,MXE_exon2,0.003009648,-0.04,968775,969154,NW_019862834.1_968775_969154
LOC112045524,NW_019862834.1,-,MXE_exon2,0.038039937,0.088,979194,979569,NW_019862834.1_979194_979569
LOC112045524,NW_019862834.1,-,MXE_exon2,0.03432058,0.088,979194,979569,NW_019862834.1_979194_979569
LOC112050877,NW_019863048.1,-,MXE_exon2,0.002854315,0.157,159842,160192,NW_019863048.1_159842_160192
LOC112043311,NW_019862788.1,-,MXE_exon2,0.025193946,0.099,706157,706472,NW_019862788.1_706157_706472
LOC112048410,NW_019862929.1,+,MXE_exon2,0.022396456,-0.164,198922,199287,NW_019862929.1_198922_199287
LOC112043538,NW_019862792.1,-,MXE_exon2,7.10E-05,0.253,115945,116299,NW_019862792.1_115945_116299
LOC112055008,NW_019863446.1,+,MXE_exon2,0.008495077,0.394,80472,80826,NW_019863446.1_80472_80826
LOC112058009,NW_019862770.1,-,MXE_exon2,0.000601702,0.09,1698713,1699031,NW_019862770.1_1698713_1699031
LOC112058550,NW_019862778.1,-,MXE_exon2,0,0.459,1103134,1103465,NW_019862778.1_1103134_1103465
LOC112055839,NW_019863632.1,-,MXE_exon2,0.006254578,0.254,67326,68102,NW_019863632.1_67326_68102
LOC112046846,NW_019862873.1,+,MXE_exon2,0.000250025,0.286,340159,340458,NW_019862873.1_340159_340458
LOC112046846,NW_019862873.1,+,MXE_exon2,0.003168127,0.118,503245,503601,NW_019862873.1_503245_503601
LOC112052001,NW_019863118.1,-,MXE_exon2,0.019936107,0.106,162601,163161,NW_019863118.1_162601_163161
LOC112055609,NW_019863561.1,+,MXE_exon2,0,-0.394,84130,84442,NW_019863561.1_84130_84442
LOC112052867,NW_019863182.1,-,MXE_exon2,0.01254087,-0.119,232671,233037,NW_019863182.1_232671_233037
LOC112058044,NW_019862770.1,+,MXE_exon2,0.029769723,-0.096,801910,802332,NW_019862770.1_801910_802332
LOC112052801,NW_019863177.1,+,MXE_exon2,0.001336592,0.061,209136,209416,NW_019863177.1_209136_209416
LOC112051523,NW_019863087.1,+,MXE_exon2,0,0.399,179358,179694,NW_019863087.1_179358_179694
LOC112051523,NW_019863087.1,+,MXE_exon2,0,0.257,190330,190675,NW_019863087.1_190330_190675
LOC112051523,NW_019863087.1,+,MXE_exon2,5.20E-05,0.063,187387,187730,NW_019863087.1_187387_187730
LOC112052075,NW_019863123.1,+,MXE_exon2,0.015254937,-0.031,92950,93262,NW_019863123.1_92950_93262
LOC112052337,NW_019863141.1,-,MXE_exon2,0.000146051,-0.074,174319,174685,NW_019863141.1_174319_174685
LOC112044491,NW_019862810.1,+,MXE_exon2,2.39E-11,0.26,733672,733986,NW_019862810.1_733672_733986
LOC112047558,NW_019862896.1,+,MXE_exon2,3.34E-09,0.06,465359,465770,NW_019862896.1_465359_465770
LOC112053171,NW_019863214.1,+,MXE_exon2,0.024157061,0.099,50047,50366,NW_019863214.1_50047_50366
LOC112053171,NW_019863214.1,+,MXE_exon2,0.009620946,0.061,50047,50366,NW_019863214.1_50047_50366
LOC112051371,NW_019863078.1,-,MXE_exon2,0.000301652,0.11,45597,45993,NW_019863078.1_45597_45993
LOC112048857,NW_019862948.1,+,MXE_exon2,7.26E-14,0.018,355277,355683,NW_019862948.1_355277_355683
LOC112052404,NW_019863145.1,+,MXE_exon2,6.65E-06,0.055,103901,104203,NW_019863145.1_103901_104203
LOC112046330,NW_019862855.1,-,MXE_exon2,0.002101944,0.093,270859,271185,NW_019862855.1_270859_271185
LOC112054441,NW_019863357.1,+,MXE_exon2,0.000481751,-0.117,101894,102228,NW_019863357.1_101894_102228
LOC112043769,NW_019862797.1,+,MXE_exon2,0.032176276,0.083,174594,174951,NW_019862797.1_174594_174951
LOC112053596,NW_019863259.1,+,MXE_exon2,0.013859705,0.08,305454,305741,NW_019863259.1_305454_305741
LOC112053596,NW_019863259.1,+,MXE_exon2,7.36E-05,-0.04,314271,314579,NW_019863259.1_314271_314579
LOC112053556,NW_019863252.1,+,MXE_exon2,0.002597985,0.271,238408,238735,NW_019863252.1_238408_238735
LOC112044077,NW_019862803.1,+,MXE_exon2,1.71E-08,0.213,138126,138458,NW_019862803.1_138126_138458
LOC112057832,NW_019862767.1,-,MXE_exon2,0.014067927,-0.073,785223,785607,NW_019862767.1_785223_785607
LOC112057832,NW_019862767.1,-,MXE_exon2,2.70E-05,-0.409,786358,786701,NW_019862767.1_786358_786701
LOC112057832,NW_019862767.1,-,MXE_exon2,0.004266629,0.365,813225,813549,NW_019862767.1_813225_813549
LOC112045396,NW_019862831.1,+,MXE_exon2,8.59E-10,-0.258,500300,500642,NW_019862831.1_500300_500642
LOC112042919,NW_019862749.1,+,MXE_exon2,0.030266311,-0.126,2353199,2353508,NW_019862749.1_2353199_2353508
LOC112056683,NW_019863941.1,-,MXE_exon2,0.00041138,-0.301,58592,58867,NW_019863941.1_58592_58867
LOC112052069,NW_019863122.1,+,MXE_exon2,1.68E-05,-0.456,151471,151793,NW_019863122.1_151471_151793
LOC112044879,NW_019862819.1,+,MXE_exon2,0.023543069,0.112,1054651,1054958,NW_019862819.1_1054651_1054958
LOC112052331,NW_019862759.1,-,MXE_exon2,2.65E-06,-0.191,893796,894058,NW_019862759.1_893796_894058
LOC112055526,NW_019863545.1,-,MXE_exon2,0.005785411,-0.064,77266,77547,NW_019863545.1_77266_77547
LOC112047113,NW_019862882.1,-,MXE_exon2,2.81E-08,-0.294,103241,103592,NW_019862882.1_103241_103592
LOC112047113,NW_019862882.1,-,MXE_exon2,8.15E-05,-0.269,103241,103632,NW_019862882.1_103241_103632
LOC112047113,NW_019862882.1,-,MXE_exon2,0.002399774,-0.26,103241,103592,NW_019862882.1_103241_103592
LOC112047113,NW_019862882.1,-,MXE_exon2,1.97E-06,-0.273,103241,103632,NW_019862882.1_103241_103632
LOC112047113,NW_019862882.1,-,MXE_exon2,0.000143223,-0.252,103241,103592,NW_019862882.1_103241_103592
LOC112054334,NW_019863346.1,-,MXE_exon2,5.57E-07,-0.128,52413,52793,NW_019863346.1_52413_52793
LOC112049747,NW_019862987.1,-,MXE_exon2,0,-0.266,479736,480300,NW_019862987.1_479736_480300
LOC112050886,NW_019863048.1,+,MXE_exon2,0,0.312,281235,281571,NW_019863048.1_281235_281571
LOC112050886,NW_019863048.1,+,MXE_exon2,3.12E-05,0.113,286609,286953,NW_019863048.1_286609_286953
LOC112050886,NW_019863048.1,+,MXE_exon2,0.008613748,-0.083,287959,288259,NW_019863048.1_287959_288259
LOC112049539,NW_019862977.1,-,MXE_exon2,0.015962593,0.037,255964,256570,NW_019862977.1_255964_256570
LOC112056790,NW_019863984.1,-,MXE_exon2,0.021855248,0.277,23159,23452,NW_019863984.1_23159_23452
LOC112053274,NW_019863223.1,+,MXE_exon2,0,0.515,163412,163743,NW_019863223.1_163412_163743
LOC112053274,NW_019863223.1,+,MXE_exon2,0.04920439,0.195,164775,165141,NW_019863223.1_164775_165141
LOC112045475,NW_019862752.1,-,MXE_exon2,4.84E-13,0.412,530791,531097,NW_019862752.1_530791_531097
LOC112045475,NW_019862752.1,-,MXE_exon2,5.00E-11,0.08,531435,531759,NW_019862752.1_531435_531759
LOC112045475,NW_019862752.1,-,MXE_exon2,0,0.127,539282,539715,NW_019862752.1_539282_539715
LOC112048939,NW_019862952.1,-,MXE_exon2,0.048857702,0.158,272041,272361,NW_019862952.1_272041_272361
LOC112046894,NW_019862874.1,+,MXE_exon2,0,0.265,277933,278285,NW_019862874.1_277933_278285
LOC112046894,NW_019862874.1,+,MXE_exon2,0,0.202,286841,287204,NW_019862874.1_286841_287204
LOC112046894,NW_019862874.1,+,MXE_exon2,6.74E-07,0.115,271770,272133,NW_019862874.1_271770_272133
LOC112046894,NW_019862874.1,+,MXE_exon2,1.40E-12,0.159,272302,272919,NW_019862874.1_272302_272919
LOC112046894,NW_019862874.1,+,MXE_exon2,0,0.132,286841,287204,NW_019862874.1_286841_287204
LOC112046894,NW_019862874.1,+,MXE_exon2,0,0.17,277933,278285,NW_019862874.1_277933_278285
LOC112046894,NW_019862874.1,+,MXE_exon2,0.000563738,0.101,277933,278285,NW_019862874.1_277933_278285
LOC112046894,NW_019862874.1,+,MXE_exon2,3.91E-12,0.021,305429,305741,NW_019862874.1_305429_305741
LOC112047691,NW_019862901.1,+,MXE_exon2,0.00054976,-0.113,327605,327932,NW_019862901.1_327605_327932
LOC112047691,NW_019862901.1,+,MXE_exon2,0.023543069,-0.119,329664,330101,NW_019862901.1_329664_330101
LOC112047691,NW_019862901.1,+,MXE_exon2,3.58E-06,-0.187,330495,330842,NW_019862901.1_330495_330842
LOC112045201,NW_019862826.1,-,MXE_exon2,0.022272622,-0.162,157665,157918,NW_019862826.1_157665_157918
LOC112052375,NW_019863143.1,+,MXE_exon2,0.000250025,-0.238,149058,149431,NW_019863143.1_149058_149431
LOC112046474,NW_019862858.1,-,MXE_exon2,0.00055257,0.161,856308,856673,NW_019862858.1_856308_856673
LOC112048537,NW_019862934.1,-,MXE_exon2,9.88E-07,0.343,249844,250156,NW_019862934.1_249844_250156
LOC112045205,NW_019862826.1,-,MXE_exon2,0.001110741,0.141,1103284,1103594,NW_019862826.1_1103284_1103594
LOC112051312,NW_019863073.1,+,MXE_exon2,1.09E-05,0.059,213763,214062,NW_019863073.1_213763_214062
LOC112049557,NW_019862978.1,+,MXE_exon2,0,-0.424,97692,98024,NW_019862978.1_97692_98024
LOC112049557,NW_019862978.1,+,MXE_exon2,1.74E-13,0.198,99591,99950,NW_019862978.1_99591_99950
LOC112048501,NW_019862933.1,+,MXE_exon2,0.01361328,0.065,12084,12454,NW_019862933.1_12084_12454
LOC112058326,NW_019862774.1,-,MXE_exon2,0.001930753,-0.174,1343742,1344108,NW_019862774.1_1343742_1344108
LOC112046332,NW_019862855.1,-,MXE_exon2,0.00023669,0.325,636783,637209,NW_019862855.1_636783_637209
LOC112046332,NW_019862855.1,-,MXE_exon2,2.65E-06,0.514,636783,637209,NW_019862855.1_636783_637209
LOC112049929,NW_019862998.1,+,MXE_exon2,1.53E-09,0.143,201243,201699,NW_019862998.1_201243_201699
LOC112044967,NW_019862751.1,+,MXE_exon2,0.029753145,0.062,1780046,1780374,NW_019862751.1_1780046_1780374
LOC112044967,NW_019862751.1,+,MXE_exon2,0.019563378,0.065,1781661,1782004,NW_019862751.1_1781661_1782004
LOC112058207,NW_019862772.1,+,MXE_exon2,2.66E-05,0.372,1706191,1706558,NW_019862772.1_1706191_1706558
LOC112053016,NW_019862759.1,-,MXE_exon2,1.72E-07,-0.193,1322415,1322800,NW_019862759.1_1322415_1322800
LOC112057694,NW_019862765.1,+,MXE_exon2,9.92E-11,0.326,1288449,1288759,NW_019862765.1_1288449_1288759
LOC112048648,NW_019862938.1,+,MXE_exon2,1.70E-05,0.102,471286,471657,NW_019862938.1_471286_471657
LOC112048398,NW_019862929.1,+,MXE_exon2,0.004876995,-0.074,271080,271419,NW_019862929.1_271080_271419
LOC112049794,NW_019862756.1,-,MXE_exon2,0.01794165,-0.077,399749,400076,NW_019862756.1_399749_400076
LOC112043877,NW_019862799.1,+,MXE_exon2,3.12E-07,0.153,791727,792111,NW_019862799.1_791727_792111
LOC112056178,NW_019863729.1,+,MXE_exon2,0.000678343,-0.115,61904,62295,NW_019863729.1_61904_62295
LOC112049503,NW_019862976.1,-,MXE_exon2,0.003012607,0.076,436973,437236,NW_019862976.1_436973_437236
LOC112049503,NW_019862976.1,-,MXE_exon2,0.028295587,0.059,440126,440397,NW_019862976.1_440126_440397
LOC112049503,NW_019862976.1,-,MXE_exon2,0,0.259,436973,437236,NW_019862976.1_436973_437236
LOC112049503,NW_019862976.1,-,MXE_exon2,9.07E-05,-0.165,441669,441940,NW_019862976.1_441669_441940
LOC112049503,NW_019862976.1,-,MXE_exon2,0.000719895,-0.125,441669,441940,NW_019862976.1_441669_441940
LOC112057680,NW_019862765.1,+,MXE_exon2,0.001275774,0.387,960261,960553,NW_019862765.1_960261_960553
LOC112055519,NW_019863544.1,-,MXE_exon2,0.001309411,0.277,108993,109269,NW_019863544.1_108993_109269
LOC112045952,NW_019862844.1,+,MXE_exon2,0.014113657,0.131,271464,271829,NW_019862844.1_271464_271829
LOC112046259,NW_019862852.1,-,MXE_exon2,3.82E-09,0.414,880761,881193,NW_019862852.1_880761_881193
LOC112043224,NW_019862787.1,-,MXE_exon2,0.002340005,-0.199,835118,835559,NW_019862787.1_835118_835559
LOC112052522,NW_019863155.1,+,MXE_exon2,0.044410101,0.197,184521,184848,NW_019863155.1_184521_184848
LOC112046842,NW_019862873.1,+,MXE_exon2,0.009164485,-0.08,568479,568764,NW_019862873.1_568479_568764
LOC112046842,NW_019862873.1,+,MXE_exon2,0.005591874,-0.084,568494,568764,NW_019862873.1_568494_568764
LOC112046452,NW_019862857.1,-,MXE_exon2,0.044613978,0.071,177931,178328,NW_019862857.1_177931_178328
LOC112053074,NW_019863202.1,+,MXE_exon2,0.000669099,-0.132,212787,213085,NW_019863202.1_212787_213085
LOC112055262,NW_019862762.1,-,MXE_exon2,0.04282703,-0.069,192272,192573,NW_019862762.1_192272_192573
LOC112055566,NW_019863550.1,-,MXE_exon2,3.15E-11,0.234,106151,106493,NW_019863550.1_106151_106493
LOC112055327,NW_019863501.1,+,MXE_exon2,7.26E-14,-0.154,64883,65294,NW_019863501.1_64883_65294
LOC112055327,NW_019863501.1,+,MXE_exon2,9.22E-08,0.108,64883,65294,NW_019863501.1_64883_65294
LOC112042929,NW_019862782.1,+,MXE_exon2,5.34E-06,0.498,928811,929188,NW_019862782.1_928811_929188
LOC112054606,NW_019863381.1,-,MXE_exon2,8.90E-05,-0.222,121851,122221,NW_019863381.1_121851_122221
LOC112042935,NW_019862782.1,-,MXE_exon2,0.025448143,-0.063,1170439,1170750,NW_019862782.1_1170439_1170750
LOC112055449,NW_019863525.1,+,MXE_exon2,0.000983377,0.091,123471,123824,NW_019863525.1_123471_123824
LOC112049762,NW_019862988.1,+,MXE_exon2,0.046279512,-0.091,144666,144891,NW_019862988.1_144666_144891
LOC112046298,NW_019862752.1,-,MXE_exon2,5.65E-06,0.102,2666514,2666891,NW_019862752.1_2666514_2666891
LOC112057688,NW_019862765.1,-,MXE_exon2,0,0.481,1144188,1144478,NW_019862765.1_1144188_1144478
LOC112047844,NW_019862905.1,-,MXE_exon2,8.35E-05,-0.092,641720,641984,NW_019862905.1_641720_641984
LOC112054124,NW_019863321.1,-,MXE_exon2,0.000183531,0.339,97669,97959,NW_019863321.1_97669_97959
LOC112044957,NW_019862751.1,-,MXE_exon2,0.005073403,-0.086,1758978,1759480,NW_019862751.1_1758978_1759480
LOC112051468,NW_019863084.1,+,MXE_exon2,0.004454773,-0.209,90872,91196,NW_019863084.1_90872_91196
LOC112048050,NW_019862754.1,-,MXE_exon2,0,-0.277,1609421,1609725,NW_019862754.1_1609421_1609725
LOC112048050,NW_019862754.1,-,MXE_exon2,0,-0.186,1610691,1610992,NW_019862754.1_1610691_1610992
LOC112048050,NW_019862754.1,-,MXE_exon2,0.007590151,-0.03,1610691,1610992,NW_019862754.1_1610691_1610992
LOC112052048,NW_019863120.1,-,MXE_exon2,0.001381074,0.094,69021,69406,NW_019863120.1_69021_69406
LOC112045098,NW_019862823.1,-,MXE_exon2,0.000224292,-0.086,67097,67401,NW_019862823.1_67097_67401
LOC112046122,NW_019862752.1,-,MXE_exon2,0.000285198,0.148,1921119,1921419,NW_019862752.1_1921119_1921419
LOC112046090,NW_019862847.1,-,MXE_exon2,0.042028436,-0.134,453059,453430,NW_019862847.1_453059_453430
LOC112050791,NW_019863043.1,-,MXE_exon2,3.08E-06,0.112,162639,162938,NW_019863043.1_162639_162938
LOC112057145,NW_019864371.1,-,MXE_exon2,0.006056826,0.172,10266,10534,NW_019864371.1_10266_10534
LOC112054666,NW_019862761.1,+,MXE_exon2,0.033103254,-0.128,1964156,1964473,NW_019862761.1_1964156_1964473
LOC112052615,NW_019863163.1,-,MXE_exon2,2.78E-07,0.266,54078,54441,NW_019863163.1_54078_54441
LOC112043390,NW_019862789.1,+,MXE_exon2,0.029980689,-0.397,1299821,1300340,NW_019862789.1_1299821_1300340
LOC112058532,NW_019862778.1,+,MXE_exon2,0,0.977,685996,686328,NW_019862778.1_685996_686328
LOC112048898,NW_019862755.1,-,MXE_exon2,0.039454457,0.105,1301248,1301710,NW_019862755.1_1301248_1301710
LOC112048898,NW_019862755.1,-,MXE_exon2,0.01506531,0.122,1307106,1307609,NW_019862755.1_1307106_1307609
LOC112047056,NW_019862881.1,-,MXE_exon2,0.00151555,0.222,168136,168488,NW_019862881.1_168136_168488
LOC112044396,NW_019862748.1,+,MXE_exon2,0.000769169,-0.111,1405095,1405472,NW_019862748.1_1405095_1405472
LOC112046693,NW_019862867.1,+,MXE_exon2,0,0.15,673743,674132,NW_019862867.1_673743_674132
LOC112046693,NW_019862867.1,+,MXE_exon2,0,0.185,673743,674132,NW_019862867.1_673743_674132
LOC112046693,NW_019862867.1,+,MXE_exon2,2.48E-14,0.251,675284,675631,NW_019862867.1_675284_675631
LOC112046693,NW_019862867.1,+,MXE_exon2,0,0.297,675287,675631,NW_019862867.1_675287_675631
LOC112046693,NW_019862867.1,+,MXE_exon2,1.04E-13,-0.065,675284,675631,NW_019862867.1_675284_675631
LOC112046693,NW_019862867.1,+,MXE_exon2,1.59E-09,-0.044,675287,675631,NW_019862867.1_675287_675631
LOC112046693,NW_019862867.1,+,MXE_exon2,0,-0.185,677476,677770,NW_019862867.1_677476_677770
LOC112046693,NW_019862867.1,+,MXE_exon2,0,0.256,677476,677770,NW_019862867.1_677476_677770
LOC112046693,NW_019862867.1,+,MXE_exon2,0,-0.069,677476,677770,NW_019862867.1_677476_677770
LOC112056457,NW_019863828.1,-,MXE_exon2,8.89E-05,0.084,31635,31949,NW_019863828.1_31635_31949
LOC112047834,NW_019862905.1,-,MXE_exon2,0.021756985,-0.085,536440,537024,NW_019862905.1_536440_537024
LOC112043372,NW_019862789.1,-,MXE_exon2,1.11E-11,0.237,498773,499136,NW_019862789.1_498773_499136
LOC112043372,NW_019862789.1,-,MXE_exon2,0.000121787,0.101,552450,552683,NW_019862789.1_552450_552683
LOC112046718,NW_019862869.1,+,MXE_exon2,0.001992747,0.112,426104,426435,NW_019862869.1_426104_426435
LOC112044824,NW_019862818.1,+,MXE_exon2,0.000154912,0.077,968060,968447,NW_019862818.1_968060_968447
LOC112048334,NW_019862754.1,+,MXE_exon2,3.00E-08,-0.146,2460391,2461235,NW_019862754.1_2460391_2461235
LOC112048334,NW_019862754.1,+,MXE_exon2,1.35E-12,0.165,2462300,2462601,NW_019862754.1_2462300_2462601
LOC112048334,NW_019862754.1,+,MXE_exon2,2.00E-08,0.134,2465662,2465975,NW_019862754.1_2465662_2465975
LOC112048334,NW_019862754.1,+,MXE_exon2,0.000868678,-0.099,2462300,2462601,NW_019862754.1_2462300_2462601
LOC112049026,NW_019862955.1,+,MXE_exon2,2.14E-07,-0.256,150084,150529,NW_019862955.1_150084_150529
LOC112048186,NW_019862920.1,-,MXE_exon2,4.94E-09,-0.357,290178,290595,NW_019862920.1_290178_290595
LOC112048186,NW_019862920.1,-,MXE_exon2,0.000252508,-0.108,344881,345123,NW_019862920.1_344881_345123
LOC112048186,NW_019862920.1,-,MXE_exon2,0.000903138,-0.384,373375,373631,NW_019862920.1_373375_373631
LOC112048035,NW_019862913.1,-,MXE_exon2,1.64E-08,0.557,291440,291873,NW_019862913.1_291440_291873
LOC112048035,NW_019862913.1,-,MXE_exon2,0,0.69,291440,291882,NW_019862913.1_291440_291882
LOC112048035,NW_019862913.1,-,MXE_exon2,0,-0.408,291440,291873,NW_019862913.1_291440_291873
LOC112048035,NW_019862913.1,-,MXE_exon2,8.74E-08,0.062,291440,291873,NW_019862913.1_291440_291873
LOC112048035,NW_019862913.1,-,MXE_exon2,1.29E-09,0.06,291440,291882,NW_019862913.1_291440_291882
LOC112048035,NW_019862913.1,-,MXE_exon2,0,0.122,312890,313514,NW_019862913.1_312890_313514
LOC112048035,NW_019862913.1,-,MXE_exon2,0,0.349,291440,291873,NW_019862913.1_291440_291873
LOC112048035,NW_019862913.1,-,MXE_exon2,0,0.069,291440,291882,NW_019862913.1_291440_291882
LOC112048035,NW_019862913.1,-,MXE_exon2,0,0.157,312890,313514,NW_019862913.1_312890_313514
LOC112052885,NW_019862759.1,+,MXE_exon2,0.000841488,0.048,1125173,1125518,NW_019862759.1_1125173_1125518
LOC112052885,NW_019862759.1,+,MXE_exon2,0,0.211,1129679,1130115,NW_019862759.1_1129679_1130115
LOC112049882,NW_019862996.1,+,MXE_exon2,0,0.546,239402,239732,NW_019862996.1_239402_239732
LOC112046928,NW_019862877.1,-,MXE_exon2,0.041843631,-0.104,366975,367322,NW_019862877.1_366975_367322
LOC112054929,NW_019863433.1,+,MXE_exon2,0.004172451,0.213,125802,126083,NW_019863433.1_125802_126083
LOC112050201,NW_019863012.1,+,MXE_exon2,8.49E-05,0.167,409000,409392,NW_019863012.1_409000_409392
LOC112054188,NW_019863327.1,-,MXE_exon2,0,-0.189,104389,104656,NW_019863327.1_104389_104656
LOC112052849,NW_019863181.1,-,MXE_exon2,8.40E-15,0.058,168104,168405,NW_019863181.1_168104_168405
LOC112052849,NW_019863181.1,-,MXE_exon2,6.46E-12,0.146,176658,176967,NW_019863181.1_176658_176967
LOC112051023,NW_019863057.1,+,MXE_exon2,0.022395087,-0.155,125098,125541,NW_019863057.1_125098_125541
LOC112044124,NW_019862804.1,-,MXE_exon2,9.03E-05,-0.56,517146,517546,NW_019862804.1_517146_517546
LOC112043342,NW_019862788.1,-,MXE_exon2,0.003330708,0.095,1329325,1329660,NW_019862788.1_1329325_1329660
LOC112046979,NW_019862879.1,+,MXE_exon2,0.006536332,0.142,98919,99287,NW_019862879.1_98919_99287
LOC112046979,NW_019862879.1,+,MXE_exon2,0.012167956,-0.225,108932,109365,NW_019862879.1_108932_109365
LOC112054313,NW_019863342.1,+,MXE_exon2,2.29E-12,0.137,151477,151762,NW_019863342.1_151477_151762
LOC112051372,NW_019863078.1,+,MXE_exon2,0.000500394,-0.569,70393,70749,NW_019863078.1_70393_70749
LOC112057718,NW_019862765.1,+,MXE_exon2,8.83E-05,-0.164,1847990,1848304,NW_019862765.1_1847990_1848304
LOC112047162,NW_019862883.1,-,MXE_exon2,0.002854315,0.201,382684,383001,NW_019862883.1_382684_383001
LOC112057188,NW_019862764.1,-,MXE_exon2,0.041494858,0.153,1868472,1868879,NW_019862764.1_1868472_1868879
LOC112057188,NW_019862764.1,-,MXE_exon2,8.58E-07,0.091,1868472,1868879,NW_019862764.1_1868472_1868879
LOC112057188,NW_019862764.1,-,MXE_exon2,0.00200192,0.15,1876132,1876512,NW_019862764.1_1876132_1876512
LOC112057188,NW_019862764.1,-,MXE_exon2,9.35E-06,-0.086,1876132,1876512,NW_019862764.1_1876132_1876512
LOC112057188,NW_019862764.1,-,MXE_exon2,2.97E-06,0.228,1876132,1876512,NW_019862764.1_1876132_1876512
LOC112053291,NW_019863225.1,-,MXE_exon2,0.033191333,-0.069,122273,122601,NW_019863225.1_122273_122601
LOC112053291,NW_019863225.1,-,MXE_exon2,1.33E-06,0.13,122636,122964,NW_019863225.1_122636_122964
LOC112048006,NW_019862754.1,+,MXE_exon2,0.031446885,-0.255,1385818,1386174,NW_019862754.1_1385818_1386174
LOC112058557,NW_019862749.1,+,MXE_exon2,0.020433842,0.062,1827263,1827619,NW_019862749.1_1827263_1827619
LOC112058557,NW_019862749.1,+,MXE_exon2,0.00163236,0.063,1827783,1828149,NW_019862749.1_1827783_1828149
LOC112048174,NW_019862919.1,+,MXE_exon2,0.038697633,0.286,573458,573855,NW_019862919.1_573458_573855
LOC112047133,NW_019862753.1,-,MXE_exon2,0.030810067,-0.108,1662328,1662666,NW_019862753.1_1662328_1662666
LOC112044504,NW_019862810.1,-,MXE_exon2,0.015509246,-0.069,1166520,1166844,NW_019862810.1_1166520_1166844
LOC112058325,NW_019862774.1,+,MXE_exon2,0.020202972,0.086,1314137,1314522,NW_019862774.1_1314137_1314522
LOC112049756,NW_019862988.1,-,MXE_exon2,6.06E-11,0.282,330231,334276,NW_019862988.1_330231_334276
LOC112045504,NW_019862834.1,+,MXE_exon2,0,0.365,208660,209068,NW_019862834.1_208660_209068
LOC112045504,NW_019862834.1,+,MXE_exon2,4.21E-05,-0.362,208660,209068,NW_019862834.1_208660_209068
LOC112045504,NW_019862834.1,+,MXE_exon2,0.012185556,-0.365,209425,209729,NW_019862834.1_209425_209729
LOC112045504,NW_019862834.1,+,MXE_exon2,0.006099106,-0.393,209425,209738,NW_019862834.1_209425_209738
LOC112047675,NW_019862754.1,+,MXE_exon2,0.02086007,0.39,66176,66512,NW_019862754.1_66176_66512
LOC112052466,NW_019862759.1,+,MXE_exon2,0.032652284,-0.091,162793,163149,NW_019862759.1_162793_163149
LOC112054727,NW_019863402.1,-,MXE_exon2,0.017632681,0.45,71190,71471,NW_019863402.1_71190_71471
LOC112054727,NW_019863402.1,-,MXE_exon2,6.72E-08,0.127,71190,71471,NW_019863402.1_71190_71471
LOC112050490,NW_019863025.1,+,MXE_exon2,0.001189391,0.125,187862,188197,NW_019863025.1_187862_188197
LOC112050490,NW_019863025.1,+,MXE_exon2,0.000367578,0.125,187877,188197,NW_019863025.1_187877_188197
nbis-pseudo177,NW_019862773.1,-,MXE_exon2,0.00127956,0.137,709108,709517,NW_019862773.1_709108_709517
LOC112051327,NW_019863075.1,+,MXE_exon2,0.031395903,-0.119,197122,197390,NW_019863075.1_197122_197390
LOC112050431,NW_019863023.1,+,MXE_exon2,0.040446285,0.116,126520,126863,NW_019863023.1_126520_126863
LOC112043675,NW_019862794.1,-,MXE_exon2,1.08E-09,0.127,1271305,1271713,NW_019862794.1_1271305_1271713
LOC112044245,NW_019862805.1,-,MXE_exon2,1.21E-09,0.15,1015065,1015345,NW_019862805.1_1015065_1015345
LOC112055884,NW_019863649.1,-,MXE_exon2,0,0.159,77037,77389,NW_019863649.1_77037_77389
LOC112052778,NW_019863175.1,-,MXE_exon2,1.16E-09,0.224,77221,77683,NW_019863175.1_77221_77683
LOC112048533,NW_019862934.1,-,MXE_exon2,0.008224721,-0.243,176635,176934,NW_019862934.1_176635_176934
LOC112048533,NW_019862934.1,-,MXE_exon2,6.59E-06,-0.424,176978,177265,NW_019862934.1_176978_177265
LOC112048533,NW_019862934.1,-,MXE_exon2,0.001028527,-0.383,176978,177265,NW_019862934.1_176978_177265
LOC112048533,NW_019862934.1,-,MXE_exon2,0.000131323,-0.427,181250,181549,NW_019862934.1_181250_181549
LOC112048590,NW_019862936.1,+,MXE_exon2,0.00078527,0.147,51458,52297,NW_019862936.1_51458_52297
LOC112048590,NW_019862936.1,+,MXE_exon2,0.001353934,0.2,52223,52535,NW_019862936.1_52223_52535
LOC112051380,NW_019863079.1,+,MXE_exon2,2.20E-05,-0.206,34740,35173,NW_019863079.1_34740_35173
LOC112046168,NW_019862849.1,-,MXE_exon2,0.001820299,0.214,60980,62028,NW_019862849.1_60980_62028
LOC112058407,NW_019862776.1,+,MXE_exon2,0.009162948,-0.026,482115,482531,NW_019862776.1_482115_482531
LOC112058407,NW_019862776.1,+,MXE_exon2,0.012614385,0.017,484154,484450,NW_019862776.1_484154_484450
LOC112046576,NW_019862862.1,-,MXE_exon2,0.000293813,-0.45,501288,501724,NW_019862862.1_501288_501724
LOC112051739,NW_019863100.1,-,MXE_exon2,1.05E-07,-0.216,184366,184833,NW_019863100.1_184366_184833
LOC112051739,NW_019863100.1,-,MXE_exon2,0.005214005,0.218,184366,184833,NW_019863100.1_184366_184833
LOC112053537,NW_019863251.1,-,MXE_exon2,0.000563738,-0.17,173930,174236,NW_019863251.1_173930_174236
LOC112048434,NW_019862930.1,+,MXE_exon2,0.000227438,0.209,443193,443514,NW_019862930.1_443193_443514
LOC112047914,NW_019862908.1,-,MXE_exon2,1.65E-05,0.349,158539,158811,NW_019862908.1_158539_158811
LOC112053490,NW_019863245.1,+,MXE_exon2,0.016530795,-0.141,4317,4694,NW_019863245.1_4317_4694
LOC112056304,NW_019863763.1,-,MXE_exon2,0.01691525,0.288,44785,45142,NW_019863763.1_44785_45142
LOC112050737,NW_019863039.1,-,MXE_exon2,0.023577966,-0.118,233929,234275,NW_019863039.1_233929_234275
LOC112050706,NW_019863039.1,+,MXE_exon2,0.004447494,-0.456,272810,273366,NW_019863039.1_272810_273366
LOC112051648,NW_019863094.1,-,MXE_exon2,5.80E-06,0.11,14838,15188,NW_019863094.1_14838_15188
LOC112051648,NW_019863094.1,-,MXE_exon2,0,0.042,21378,21710,NW_019863094.1_21378_21710
LOC112051648,NW_019863094.1,-,MXE_exon2,8.02E-12,0.06,21378,21710,NW_019863094.1_21378_21710
LOC112057795,NW_019862766.1,-,MXE_exon2,0.048782396,-0.173,362687,362949,NW_019862766.1_362687_362949
LOC112053788,NW_019863281.1,+,MXE_exon2,0.035051058,-0.184,16321,16624,NW_019863281.1_16321_16624
LOC112051977,NW_019863117.1,-,MXE_exon2,0.029917359,-0.243,157703,158093,NW_019863117.1_157703_158093
LOC112056740,NW_019862764.1,+,MXE_exon2,0.000553513,0.365,43457,43768,NW_019862764.1_43457_43768
LOC112047068,NW_019862881.1,+,MXE_exon2,9.07E-05,-0.179,108107,108408,NW_019862881.1_108107_108408
LOC112053476,NW_019863244.1,+,MXE_exon2,9.73E-07,0.158,131650,131995,NW_019863244.1_131650_131995
LOC112052748,NW_019863172.1,+,MXE_exon2,0.029442263,-0.121,262275,262588,NW_019863172.1_262275_262588
LOC112042963,NW_019862783.1,+,MXE_exon2,0.004105529,-0.179,1176470,1176769,NW_019862783.1_1176470_1176769
LOC112058156,NW_019862772.1,-,MXE_exon2,0.006484411,0.251,1145428,1145742,NW_019862772.1_1145428_1145742
LOC112058156,NW_019862772.1,-,MXE_exon2,0.000739142,0.135,1145928,1146233,NW_019862772.1_1145928_1146233
LOC112058156,NW_019862772.1,-,MXE_exon2,0.004079621,0.219,1145428,1145742,NW_019862772.1_1145428_1145742
LOC112058156,NW_019862772.1,-,MXE_exon2,0.001009385,0.101,1145928,1146233,NW_019862772.1_1145928_1146233
LOC112058156,NW_019862772.1,-,MXE_exon2,0.000242598,-0.376,1146611,1146910,NW_019862772.1_1146611_1146910
LOC112058156,NW_019862772.1,-,MXE_exon2,0.002477227,0.262,1147105,1147413,NW_019862772.1_1147105_1147413
LOC112054870,NW_019863427.1,+,MXE_exon2,0.047572662,0.09,65729,66022,NW_019863427.1_65729_66022
LOC112052031,NW_019863119.1,+,MXE_exon2,0.000860342,-0.175,211192,211522,NW_019863119.1_211192_211522
LOC112057294,NW_019862764.1,-,MXE_exon2,0,-0.161,2263032,2263348,NW_019862764.1_2263032_2263348
LOC112057294,NW_019862764.1,-,MXE_exon2,0,-0.189,2263032,2263348,NW_019862764.1_2263032_2263348
LOC112057294,NW_019862764.1,-,MXE_exon2,0,-0.201,2265073,2265477,NW_019862764.1_2265073_2265477
LOC112057294,NW_019862764.1,-,MXE_exon2,0,-0.101,2266783,2267214,NW_019862764.1_2266783_2267214
LOC112047140,NW_019862883.1,+,MXE_exon2,2.10E-08,0.199,594569,594846,NW_019862883.1_594569_594846
LOC112044442,NW_019862809.1,+,MXE_exon2,0,-0.258,822267,822611,NW_019862809.1_822267_822611
LOC112056217,NW_019863736.1,-,MXE_exon2,0.023985882,-0.104,69956,70220,NW_019863736.1_69956_70220
LOC112058313,NW_019862774.1,+,MXE_exon2,0.022114942,0.061,152297,152620,NW_019862774.1_152297_152620
LOC112053886,NW_019863292.1,+,MXE_exon2,0.002492471,0.09,150242,150518,NW_019863292.1_150242_150518
LOC112053886,NW_019863292.1,+,MXE_exon2,0.034152632,-0.078,150397,150666,NW_019863292.1_150397_150666
LOC112043257,NW_019862787.1,+,MXE_exon2,0.002868651,-0.251,1518663,1518980,NW_019862787.1_1518663_1518980
LOC112048594,NW_019862936.1,-,MXE_exon2,0.023138719,0.099,299504,299772,NW_019862936.1_299504_299772
LOC112049011,NW_019862755.1,+,MXE_exon2,9.13E-11,-0.355,2065268,2065605,NW_019862755.1_2065268_2065605
LOC112049011,NW_019862755.1,+,MXE_exon2,2.66E-10,-0.348,2065313,2065605,NW_019862755.1_2065313_2065605
LOC112057691,NW_019862765.1,-,MXE_exon2,2.83E-05,-0.21,1262791,1263080,NW_019862765.1_1262791_1263080
LOC112054150,NW_019863325.1,+,MXE_exon2,0.005802341,-0.383,296534,296907,NW_019863325.1_296534_296907
LOC112054150,NW_019863325.1,+,MXE_exon2,0.047022581,-0.288,297653,297945,NW_019863325.1_297653_297945
LOC112052373,NW_019862759.1,+,MXE_exon2,0.006394701,-0.112,2018833,2019093,NW_019862759.1_2018833_2019093
LOC112052373,NW_019862759.1,+,MXE_exon2,0.032410514,-0.07,2027595,2027886,NW_019862759.1_2027595_2027886
LOC112057884,NW_019862768.1,+,MXE_exon2,0.036740692,-0.152,1054629,1054980,NW_019862768.1_1054629_1054980
LOC112057884,NW_019862768.1,+,MXE_exon2,5.94E-05,-0.328,1055336,1055798,NW_019862768.1_1055336_1055798
LOC112047007,NW_019862880.1,+,MXE_exon2,0.01338773,0.082,159526,160259,NW_019862880.1_159526_160259
LOC112047007,NW_019862880.1,+,MXE_exon2,2.31E-06,0.079,160998,161291,NW_019862880.1_160998_161291
LOC112047007,NW_019862880.1,+,MXE_exon2,0.000143223,-0.104,161337,161699,NW_019862880.1_161337_161699
LOC112047007,NW_019862880.1,+,MXE_exon2,1.93E-12,-0.111,162575,162870,NW_019862880.1_162575_162870
LOC112047001,NW_019862880.1,+,MXE_exon2,1.03E-05,0.121,345257,345570,NW_019862880.1_345257_345570
LOC112047010,NW_019862880.1,-,MXE_exon2,0,0.554,662592,663119,NW_019862880.1_662592_663119
LOC112047010,NW_019862880.1,-,MXE_exon2,0,-0.507,662592,663119,NW_019862880.1_662592_663119
LOC112053720,NW_019863276.1,-,MXE_exon2,0,0.388,158823,159091,NW_019863276.1_158823_159091
LOC112053720,NW_019863276.1,-,MXE_exon2,0,0.207,158823,159091,NW_019863276.1_158823_159091
LOC112053720,NW_019863276.1,-,MXE_exon2,0,0.195,171267,171539,NW_019863276.1_171267_171539
LOC112048345,NW_019862926.1,+,MXE_exon2,0.032516234,-0.094,7626,7961,NW_019862926.1_7626_7961
LOC112058296,NW_019862773.1,+,MXE_exon2,1.52E-05,0.209,1394744,1395093,NW_019862773.1_1394744_1395093
LOC112050354,NW_019863018.1,+,MXE_exon2,0.002643747,0.398,202105,202477,NW_019863018.1_202105_202477
LOC112049103,NW_019862958.1,-,MXE_exon2,0.001149553,0.038,219500,219763,NW_019862958.1_219500_219763
LOC112046714,NW_019862869.1,-,MXE_exon2,0,-0.212,204516,204951,NW_019862869.1_204516_204951
LOC112054323,NW_019863343.1,-,MXE_exon2,0.000853028,-0.128,178660,178963,NW_019863343.1_178660_178963
LOC112049543,NW_019862977.1,-,MXE_exon2,0.024671239,-0.151,396166,396442,NW_019862977.1_396166_396442
LOC112051193,NW_019862757.1,-,MXE_exon2,0.040977536,-0.092,1821898,1822268,NW_019862757.1_1821898_1822268
LOC112046182,NW_019862850.1,+,MXE_exon2,0.001506548,-0.081,383515,383910,NW_019862850.1_383515_383910
LOC112047813,NW_019862904.1,+,MXE_exon2,1.20E-08,0.045,970087,970360,NW_019862904.1_970087_970360
LOC112047813,NW_019862904.1,+,MXE_exon2,0.000150372,0.048,970087,970360,NW_019862904.1_970087_970360
LOC112053155,NW_019863213.1,+,MXE_exon2,1.69E-06,-0.133,126561,127146,NW_019863213.1_126561_127146
LOC112049569,NW_019862979.1,-,MXE_exon2,0.007426487,-0.018,468023,468288,NW_019862979.1_468023_468288
LOC112049569,NW_019862979.1,-,MXE_exon2,0,-0.166,468023,468288,NW_019862979.1_468023_468288
LOC112049569,NW_019862979.1,-,MXE_exon2,8.93E-07,-0.031,471177,471582,NW_019862979.1_471177_471582
LOC112055815,NW_019863623.1,-,MXE_exon2,0,0.301,14226,14711,NW_019863623.1_14226_14711
LOC112055815,NW_019863623.1,-,MXE_exon2,3.86E-06,0.122,17135,17623,NW_019863623.1_17135_17623
LOC112055815,NW_019863623.1,-,MXE_exon2,8.45E-09,0.165,17982,18470,NW_019863623.1_17982_18470
LOC112055815,NW_019863623.1,-,MXE_exon2,2.29E-10,0.311,19121,19615,NW_019863623.1_19121_19615
LOC112055815,NW_019863623.1,-,MXE_exon2,2.20E-05,0.091,19519,20013,NW_019863623.1_19519_20013
LOC112055815,NW_019863623.1,-,MXE_exon2,1.88E-05,-0.357,19121,19615,NW_019863623.1_19121_19615
LOC112055815,NW_019863623.1,-,MXE_exon2,0.001102889,-0.059,19121,19615,NW_019863623.1_19121_19615
LOC112055815,NW_019863623.1,-,MXE_exon2,1.18E-05,-0.231,19121,19615,NW_019863623.1_19121_19615
LOC112055815,NW_019863623.1,-,MXE_exon2,0.001133746,0.097,19519,20013,NW_019863623.1_19519_20013
LOC112055815,NW_019863623.1,-,MXE_exon2,0.003860839,0.357,28730,29054,NW_019863623.1_28730_29054
LOC112055815,NW_019863623.1,-,MXE_exon2,1.40E-09,0.581,29800,30124,NW_019863623.1_29800_30124
LOC112055815,NW_019863623.1,-,MXE_exon2,1.88E-05,0.543,30546,30870,NW_019863623.1_30546_30870
LOC112055815,NW_019863623.1,-,MXE_exon2,6.43E-06,0.435,30721,31045,NW_019863623.1_30721_31045
LOC112055815,NW_019863623.1,-,MXE_exon2,1.06E-05,0.491,30899,31223,NW_019863623.1_30899_31223
LOC112055815,NW_019863623.1,-,MXE_exon2,0.009679089,0.307,33656,34033,NW_019863623.1_33656_34033
LOC112055815,NW_019863623.1,-,MXE_exon2,3.16E-08,0.426,35802,36164,NW_019863623.1_35802_36164
LOC112055815,NW_019863623.1,-,MXE_exon2,0.004680757,0.104,35802,36164,NW_019863623.1_35802_36164
LOC112056026,NW_019863687.1,+,MXE_exon2,2.57E-05,0.009,55565,55846,NW_019863687.1_55565_55846
LOC112058060,NW_019862749.1,-,MXE_exon2,0,0.164,2236798,2237509,NW_019862749.1_2236798_2237509
LOC112046735,NW_019862753.1,-,MXE_exon2,0.000983564,-0.241,530989,531343,NW_019862753.1_530989_531343
LOC112046735,NW_019862753.1,-,MXE_exon2,2.00E-08,0.33,530989,531343,NW_019862753.1_530989_531343
LOC112046086,NW_019862847.1,+,MXE_exon2,0.000936179,-0.253,694933,695289,NW_019862847.1_694933_695289
LOC112049107,NW_019862958.1,+,MXE_exon2,0,0.244,277959,278410,NW_019862958.1_277959_278410
LOC112049107,NW_019862958.1,+,MXE_exon2,0,0.319,277959,278410,NW_019862958.1_277959_278410
LOC112055175,NW_019863471.1,-,MXE_exon2,0.012910046,0.009,135122,135521,NW_019863471.1_135122_135521
LOC112054785,NW_019863411.1,+,MXE_exon2,3.66E-06,0.474,37204,37530,NW_019863411.1_37204_37530
LOC112052608,NW_019862759.1,-,MXE_exon2,0.003268834,-0.304,362642,363157,NW_019862759.1_362642_363157
LOC112052608,NW_019862759.1,-,MXE_exon2,0.001336909,0.145,369194,369577,NW_019862759.1_369194_369577
LOC112052608,NW_019862759.1,-,MXE_exon2,0,0.414,369637,370053,NW_019862759.1_369637_370053
LOC112052608,NW_019862759.1,-,MXE_exon2,0,0.303,370086,375668,NW_019862759.1_370086_375668
LOC112052608,NW_019862759.1,-,MXE_exon2,4.89E-14,0.355,378644,378988,NW_019862759.1_378644_378988
LOC112052608,NW_019862759.1,-,MXE_exon2,0,0.408,379483,380457,NW_019862759.1_379483_380457
LOC112052831,NW_019862759.1,+,MXE_exon2,0.001272457,0.072,906004,906381,NW_019862759.1_906004_906381
LOC112048189,NW_019862920.1,-,MXE_exon2,0.001060063,0.1,613792,614293,NW_019862920.1_613792_614293
LOC112048189,NW_019862920.1,-,MXE_exon2,0.000216936,-0.059,616317,616655,NW_019862920.1_616317_616655
LOC112046593,NW_019862863.1,+,MXE_exon2,0.039398497,-0.343,345287,345571,NW_019862863.1_345287_345571
LOC112049701,NW_019862756.1,-,MXE_exon2,0.025448143,0.006,202804,203197,NW_019862756.1_202804_203197
LOC112049701,NW_019862756.1,-,MXE_exon2,0.000382507,0.078,202804,203197,NW_019862756.1_202804_203197
LOC112054017,NW_019863306.1,-,MXE_exon2,0.000430586,-0.111,89560,89929,NW_019863306.1_89560_89929
LOC112054017,NW_019863306.1,-,MXE_exon2,9.88E-07,0.106,89560,89929,NW_019863306.1_89560_89929
LOC112052636,NW_019863165.1,+,MXE_exon2,0,0.222,223472,223761,NW_019863165.1_223472_223761
LOC112049876,NW_019862995.1,+,MXE_exon2,0.018479935,-0.178,24406,24709,NW_019862995.1_24406_24709
LOC112049876,NW_019862995.1,+,MXE_exon2,0.044831234,0.134,44087,44419,NW_019862995.1_44087_44419
LOC112044537,NW_019862811.1,-,MXE_exon2,0.001310057,-0.046,583638,584041,NW_019862811.1_583638_584041
LOC112043821,NW_019862799.1,+,MXE_exon2,0.000547492,-0.108,33678,34202,NW_019862799.1_33678_34202
LOC112043847,NW_019862799.1,-,MXE_exon2,0.00327463,0.163,703543,703937,NW_019862799.1_703543_703937
LOC112043847,NW_019862799.1,-,MXE_exon2,4.26E-06,-0.102,705327,705632,NW_019862799.1_705327_705632
LOC112043851,NW_019862799.1,+,MXE_exon2,0,-0.683,890094,890502,NW_019862799.1_890094_890502
LOC112043851,NW_019862799.1,+,MXE_exon2,0,-0.588,890094,890502,NW_019862799.1_890094_890502
LOC112043851,NW_019862799.1,+,MXE_exon2,3.28E-14,-0.363,891793,892085,NW_019862799.1_891793_892085
LOC112043851,NW_019862799.1,+,MXE_exon2,0.002005212,0.145,891793,892085,NW_019862799.1_891793_892085
LOC112043851,NW_019862799.1,+,MXE_exon2,0,-0.331,892104,892432,NW_019862799.1_892104_892432
LOC112043851,NW_019862799.1,+,MXE_exon2,2.68E-07,0.184,892104,892432,NW_019862799.1_892104_892432
LOC112046280,NW_019862853.1,+,MXE_exon2,0.04282703,-0.09,16376,16761,NW_019862853.1_16376_16761
LOC112047825,NW_019862905.1,-,MXE_exon2,0,0.748,310851,311102,NW_019862905.1_310851_311102
LOC112047825,NW_019862905.1,-,MXE_exon2,0,0.417,310851,311102,NW_019862905.1_310851_311102
LOC112048290,NW_019862924.1,+,MXE_exon2,0.018479935,0.082,374372,374726,NW_019862924.1_374372_374726
LOC112048290,NW_019862924.1,+,MXE_exon2,0.035153736,-0.105,387986,388316,NW_019862924.1_387986_388316
LOC112048290,NW_019862924.1,+,MXE_exon2,8.45E-06,-0.161,388000,388316,NW_019862924.1_388000_388316
LOC112052021,NW_019863119.1,+,MXE_exon2,0.015751227,-0.147,91581,91921,NW_019863119.1_91581_91921
LOC112048962,NW_019862953.1,-,MXE_exon2,0.0288025,0.058,426785,427071,NW_019862953.1_426785_427071
LOC112048770,NW_019862944.1,-,MXE_exon2,0.003910188,0.096,543860,544187,NW_019862944.1_543860_544187
LOC112043925,NW_019862800.1,+,MXE_exon2,0.00051604,0.241,526920,527267,NW_019862800.1_526920_527267
LOC112043925,NW_019862800.1,+,MXE_exon2,2.12E-06,0.174,539640,540061,NW_019862800.1_539640_540061
LOC112043927,NW_019862800.1,-,MXE_exon2,0.01106099,0.069,562674,564179,NW_019862800.1_562674_564179
LOC112043927,NW_019862800.1,-,MXE_exon2,0.010969131,0.076,590586,590909,NW_019862800.1_590586_590909
LOC112043927,NW_019862800.1,-,MXE_exon2,0,0.189,590586,590909,NW_019862800.1_590586_590909
LOC112043927,NW_019862800.1,-,MXE_exon2,3.28E-14,0.164,592221,592616,NW_019862800.1_592221_592616
LOC112043932,NW_019862800.1,+,MXE_exon2,0.032065995,0.131,635347,635625,NW_019862800.1_635347_635625
LOC112046029,NW_019862752.1,-,MXE_exon2,3.45E-07,-0.31,1855763,1856037,NW_019862752.1_1855763_1856037
LOC112055983,NW_019863673.1,+,MXE_exon2,0.000285198,-0.238,69607,69939,NW_019863673.1_69607_69939
LOC112050083,NW_019863005.1,+,MXE_exon2,0.001810551,0.096,129677,129939,NW_019863005.1_129677_129939
LOC112053386,NW_019863237.1,-,MXE_exon2,0.000241865,0.36,221040,221319,NW_019863237.1_221040_221319
LOC112049744,NW_019862987.1,-,MXE_exon2,0.000845407,0.083,288032,289051,NW_019862987.1_288032_289051
LOC112053498,NW_019863247.1,-,MXE_exon2,0,-0.221,24091,24485,NW_019863247.1_24091_24485
LOC112053498,NW_019863247.1,-,MXE_exon2,0,-0.512,24091,24500,NW_019863247.1_24091_24500
LOC112053498,NW_019863247.1,-,MXE_exon2,0,0.399,147584,148120,NW_019863247.1_147584_148120
LOC112043568,NW_019862792.1,+,MXE_exon2,1.66E-06,0.028,837605,838177,NW_019862792.1_837605_838177
LOC112043089,NW_019862785.1,-,MXE_exon2,0.037405981,-0.067,624785,625212,NW_019862785.1_624785_625212
LOC112049641,NW_019862982.1,-,MXE_exon2,0.008236937,0.169,14525,15580,NW_019862982.1_14525_15580
LOC112054180,NW_019863326.1,+,MXE_exon2,0.029722954,0.098,109274,109646,NW_019863326.1_109274_109646
LOC112044902,NW_019862819.1,+,MXE_exon2,0,0.519,627895,628272,NW_019862819.1_627895_628272
LOC112051461,NW_019863083.1,+,MXE_exon2,0.010748522,0.161,242278,242720,NW_019863083.1_242278_242720
LOC112044343,NW_019862807.1,+,MXE_exon2,7.39E-05,0.26,33090,33434,NW_019862807.1_33090_33434
LOC112048138,NW_019862918.1,+,MXE_exon2,2.25E-05,0.358,446219,446595,NW_019862918.1_446219_446595
LOC112047533,NW_019862896.1,+,MXE_exon2,0,-0.346,335256,335597,NW_019862896.1_335256_335597
LOC112047533,NW_019862896.1,+,MXE_exon2,3.28E-14,0.321,335256,335597,NW_019862896.1_335256_335597
LOC112048176,NW_019862919.1,-,MXE_exon2,7.43E-08,0.18,143705,144052,NW_019862919.1_143705_144052
LOC112048176,NW_019862919.1,-,MXE_exon2,5.38E-07,0.119,275334,275593,NW_019862919.1_275334_275593
LOC112053604,NW_019863260.1,+,MXE_exon2,0.001302132,-0.204,149037,149308,NW_019863260.1_149037_149308
LOC112052591,NW_019863161.1,-,MXE_exon2,3.72E-05,0.241,186440,186694,NW_019863161.1_186440_186694
LOC112049719,NW_019862756.1,+,MXE_exon2,0,0.163,220574,221020,NW_019862756.1_220574_221020
LOC112053233,NW_019863219.1,-,MXE_exon2,0.039755751,-0.319,63965,64412,NW_019863219.1_63965_64412
LOC112046653,NW_019862865.1,+,MXE_exon2,0.001973729,0.266,423076,423332,NW_019862865.1_423076_423332
LOC112046653,NW_019862865.1,+,MXE_exon2,2.34E-05,0.221,459351,459637,NW_019862865.1_459351_459637
LOC112046653,NW_019862865.1,+,MXE_exon2,2.34E-08,-0.222,459351,459637,NW_019862865.1_459351_459637
LOC112051684,NW_019863097.1,-,MXE_exon2,0.003266337,-0.131,198955,199842,NW_019863097.1_198955_199842
LOC112051684,NW_019863097.1,-,MXE_exon2,9.19E-13,-0.226,198955,199842,NW_019863097.1_198955_199842
LOC112056436,NW_019863819.1,+,MXE_exon2,0.017449051,-0.126,52234,52551,NW_019863819.1_52234_52551
LOC112056436,NW_019863819.1,+,MXE_exon2,0.00902231,0.119,53999,54352,NW_019863819.1_53999_54352
LOC112054743,NW_019863404.1,-,MXE_exon2,0.000809229,-0.12,145405,145792,NW_019863404.1_145405_145792
LOC112050249,NW_019863014.1,+,MXE_exon2,0.049591256,0.166,81443,81789,NW_019863014.1_81443_81789
LOC112050249,NW_019863014.1,+,MXE_exon2,0.039564442,0.108,82218,82572,NW_019863014.1_82218_82572
LOC112056309,NW_019863765.1,+,MXE_exon2,0,-0.45,41659,41961,NW_019863765.1_41659_41961
LOC112056765,NW_019863972.1,-,MXE_exon2,0.028310487,-0.144,37967,38305,NW_019863972.1_37967_38305
LOC112049390,NW_019862970.1,+,MXE_exon2,4.20E-06,0.275,464188,464607,NW_019862970.1_464188_464607
LOC112052291,NW_019863138.1,-,MXE_exon2,0.006747312,-0.109,24319,24686,NW_019863138.1_24319_24686
LOC112048460,NW_019862931.1,-,MXE_exon2,0.012380982,0.04,241207,241494,NW_019862931.1_241207_241494
LOC112050218,NW_019863013.1,+,MXE_exon2,0.008275637,-0.144,84297,84515,NW_019863013.1_84297_84515
LOC112046638,NW_019862864.1,+,MXE_exon2,0,0.188,326856,327245,NW_019862864.1_326856_327245
LOC112046638,NW_019862864.1,+,MXE_exon2,1.31E-08,-0.079,332160,332435,NW_019862864.1_332160_332435
LOC112046477,NW_019862858.1,+,MXE_exon2,1.25E-10,0.283,646714,647024,NW_019862858.1_646714_647024
LOC112046009,NW_019862845.1,-,MXE_exon2,0.008236937,-0.125,23792,24165,NW_019862845.1_23792_24165
LOC112043252,NW_019862787.1,+,MXE_exon2,2.97E-06,0.316,1490524,1490823,NW_019862787.1_1490524_1490823
LOC112048448,NW_019862930.1,-,MXE_exon2,0.019573074,-0.075,464667,465078,NW_019862930.1_464667_465078
LOC112057136,NW_019864366.1,-,MXE_exon2,0.000336843,-0.217,9705,10071,NW_019864366.1_9705_10071
LOC112056837,NW_019864017.1,+,MXE_exon2,0.049175538,-0.105,27820,28288,NW_019864017.1_27820_28288
LOC112054588,NW_019863380.1,+,MXE_exon2,1.03E-08,-0.221,86120,86433,NW_019863380.1_86120_86433
LOC112049548,NW_019862978.1,-,MXE_exon2,3.37E-11,-0.216,394898,395234,NW_019862978.1_394898_395234
LOC112058620,NW_019862779.1,+,MXE_exon2,8.21E-10,-0.17,527832,528124,NW_019862779.1_527832_528124
LOC112058620,NW_019862779.1,+,MXE_exon2,0,-0.257,527832,528124,NW_019862779.1_527832_528124
LOC112047618,NW_019862898.1,-,MXE_exon2,0.002777721,0.141,569043,569522,NW_019862898.1_569043_569522
LOC112047618,NW_019862898.1,-,MXE_exon2,0.00223406,-0.154,579876,581132,NW_019862898.1_579876_581132
LOC112054582,NW_019862761.1,+,MXE_exon2,0.008206165,0.112,1290093,1290478,NW_019862761.1_1290093_1290478
LOC112053557,NW_019863252.1,+,MXE_exon2,0.005748656,-0.237,59794,60286,NW_019863252.1_59794_60286
LOC112055496,NW_019863535.1,-,MXE_exon2,0.014833708,-0.457,46366,46785,NW_019863535.1_46366_46785
LOC112058380,NW_019862775.1,-,MXE_exon2,0.01638719,-0.153,1825164,1825470,NW_019862775.1_1825164_1825470
LOC112048689,NW_019862940.1,+,MXE_exon2,0.001287513,0.447,598749,599061,NW_019862940.1_598749_599061
LOC112045661,NW_019862837.1,-,MXE_exon2,0,0.338,18236,18611,NW_019862837.1_18236_18611
LOC112045661,NW_019862837.1,-,MXE_exon2,0.010118837,0.239,18721,19080,NW_019862837.1_18721_19080
LOC112045634,NW_019862837.1,+,MXE_exon2,0.00392111,0.23,619699,620107,NW_019862837.1_619699_620107
LOC112055471,NW_019863529.1,+,MXE_exon2,0.000279014,0.405,76688,77107,NW_019863529.1_76688_77107
LOC112055471,NW_019863529.1,+,MXE_exon2,0.009706775,0.389,77517,77801,NW_019863529.1_77517_77801
LOC112049214,NW_019862755.1,+,MXE_exon2,0.001895251,-0.24,2564447,2564731,NW_019862755.1_2564447_2564731
LOC112049214,NW_019862755.1,+,MXE_exon2,0.027108391,-0.077,2565744,2566115,NW_019862755.1_2565744_2566115
LOC112049214,NW_019862755.1,+,MXE_exon2,0.002828934,-0.114,2566063,2566434,NW_019862755.1_2566063_2566434
LOC112042995,NW_019862784.1,+,MXE_exon2,3.37E-05,-0.209,673110,673676,NW_019862784.1_673110_673676
LOC112051554,NW_019863089.1,+,MXE_exon2,0.007910769,-0.248,86011,86325,NW_019863089.1_86011_86325
LOC112051571,NW_019863089.1,-,MXE_exon2,0.044204356,0.063,357744,358162,NW_019863089.1_357744_358162
LOC112044598,NW_019862813.1,-,MXE_exon2,0.001544617,-0.238,494724,495297,NW_019862813.1_494724_495297
LOC112051640,NW_019863093.1,-,MXE_exon2,0.007773005,0.136,336040,337192,NW_019863093.1_336040_337192
LOC112055964,NW_019863667.1,-,MXE_exon2,0.01734878,-0.067,34562,34934,NW_019863667.1_34562_34934
LOC112044457,NW_019862809.1,-,MXE_exon2,0.00125948,0.069,1235572,1235893,NW_019862809.1_1235572_1235893
LOC112044451,NW_019862809.1,+,MXE_exon2,0.00021156,-0.09,973120,973690,NW_019862809.1_973120_973690
LOC112044451,NW_019862809.1,+,MXE_exon2,0.000297343,-0.084,973120,973743,NW_019862809.1_973120_973743
LOC112049178,NW_019862962.1,-,MXE_exon2,0.01658945,0.023,197270,197614,NW_019862962.1_197270_197614
LOC112049178,NW_019862962.1,-,MXE_exon2,0.017806354,0.023,197270,197614,NW_019862962.1_197270_197614
LOC112054984,NW_019863443.1,+,MXE_exon2,0,-0.13,111182,111847,NW_019863443.1_111182_111847
LOC112054984,NW_019863443.1,+,MXE_exon2,0,-0.13,111452,111847,NW_019863443.1_111452_111847
LOC112054984,NW_019863443.1,+,MXE_exon2,0,-0.335,111182,111847,NW_019863443.1_111182_111847
LOC112054984,NW_019863443.1,+,MXE_exon2,0,-0.335,111452,111847,NW_019863443.1_111452_111847
LOC112054984,NW_019863443.1,+,MXE_exon2,0,-0.556,111542,111847,NW_019863443.1_111542_111847
LOC112055637,NW_019863570.1,-,MXE_exon2,0.00480742,-0.367,38295,38588,NW_019863570.1_38295_38588
LOC112055637,NW_019863570.1,-,MXE_exon2,0.008035506,-0.397,38295,38602,NW_019863570.1_38295_38602
LOC112051132,NW_019863064.1,+,MXE_exon2,4.87E-05,0.638,66752,67153,NW_019863064.1_66752_67153
LOC112048778,NW_019862945.1,-,MXE_exon2,9.92E-11,0.452,353192,353612,NW_019862945.1_353192_353612
LOC112048778,NW_019862945.1,-,MXE_exon2,2.24E-09,0.397,353192,353612,NW_019862945.1_353192_353612
LOC112048778,NW_019862945.1,-,MXE_exon2,4.43E-11,0.498,353192,353612,NW_019862945.1_353192_353612
LOC112048778,NW_019862945.1,-,MXE_exon2,5.14E-13,0.61,353192,353612,NW_019862945.1_353192_353612
LOC112048480,NW_019862932.1,-,MXE_exon2,3.33E-07,-0.175,510060,510602,NW_019862932.1_510060_510602
LOC112048480,NW_019862932.1,-,MXE_exon2,9.67E-07,-0.357,510060,510602,NW_019862932.1_510060_510602
LOC112049233,NW_019862964.1,-,MXE_exon2,0.001998919,-0.043,495720,496099,NW_019862964.1_495720_496099
LOC112049233,NW_019862964.1,-,MXE_exon2,0.001911389,-0.043,495720,496178,NW_019862964.1_495720_496178
LOC112049233,NW_019862964.1,-,MXE_exon2,0.001133746,-0.046,495720,496179,NW_019862964.1_495720_496179
LOC112048194,NW_019862920.1,+,MXE_exon2,0,0.404,587385,589589,NW_019862920.1_587385_589589
LOC112048194,NW_019862920.1,+,MXE_exon2,0,0.211,590061,590368,NW_019862920.1_590061_590368
LOC112048194,NW_019862920.1,+,MXE_exon2,0,0.535,587385,589589,NW_019862920.1_587385_589589
LOC112048194,NW_019862920.1,+,MXE_exon2,0,0.535,587385,589589,NW_019862920.1_587385_589589
LOC112048194,NW_019862920.1,+,MXE_exon2,6.49E-09,0.107,590081,590368,NW_019862920.1_590081_590368
LOC112048194,NW_019862920.1,+,MXE_exon2,0,0.515,591280,591701,NW_019862920.1_591280_591701
LOC112048194,NW_019862920.1,+,MXE_exon2,0,0.341,591280,591706,NW_019862920.1_591280_591706
LOC112048194,NW_019862920.1,+,MXE_exon2,0,0.477,591337,591706,NW_019862920.1_591337_591706
LOC112048194,NW_019862920.1,+,MXE_exon2,0,0.361,591280,591701,NW_019862920.1_591280_591701
LOC112048194,NW_019862920.1,+,MXE_exon2,0,0.215,591280,591706,NW_019862920.1_591280_591706
LOC112048194,NW_019862920.1,+,MXE_exon2,0,0.32,591337,591706,NW_019862920.1_591337_591706
LOC112048194,NW_019862920.1,+,MXE_exon2,0,0.617,591280,591701,NW_019862920.1_591280_591701
LOC112048194,NW_019862920.1,+,MXE_exon2,0,0.472,591280,591706,NW_019862920.1_591280_591706
LOC112048194,NW_019862920.1,+,MXE_exon2,0,0.595,591337,591706,NW_019862920.1_591337_591706
LOC112050193,NW_019862748.1,+,MXE_exon2,1.18E-06,-0.152,328974,329389,NW_019862748.1_328974_329389
LOC112050193,NW_019862748.1,+,MXE_exon2,1.43E-08,-0.111,329003,329389,NW_019862748.1_329003_329389
LOC112051765,NW_019863101.1,+,MXE_exon2,0,-0.052,226339,226688,NW_019863101.1_226339_226688
LOC112051765,NW_019863101.1,+,MXE_exon2,0,-0.051,226347,226688,NW_019863101.1_226347_226688
LOC112051765,NW_019863101.1,+,MXE_exon2,0,-0.048,226339,226688,NW_019863101.1_226339_226688
LOC112051765,NW_019863101.1,+,MXE_exon2,0,-0.047,226347,226688,NW_019863101.1_226347_226688
LOC112051765,NW_019863101.1,+,MXE_exon2,0.011553734,-0.011,232134,232504,NW_019863101.1_232134_232504
LOC112051765,NW_019863101.1,+,MXE_exon2,0.038361317,-0.02,232134,232504,NW_019863101.1_232134_232504
LOC112053646,NW_019863265.1,+,MXE_exon2,0.00047098,0.049,206950,207240,NW_019863265.1_206950_207240
LOC112043412,NW_019862790.1,+,MXE_exon2,2.18E-09,0.113,180877,181305,NW_019862790.1_180877_181305
LOC112042909,NW_019862749.1,+,MXE_exon2,0.01932774,0.063,2330682,2330940,NW_019862749.1_2330682_2330940
LOC112046339,NW_019862855.1,-,MXE_exon2,5.66E-08,0.326,671197,671602,NW_019862855.1_671197_671602
LOC112046339,NW_019862855.1,-,MXE_exon2,1.46E-10,0.262,671197,671602,NW_019862855.1_671197_671602
LOC112046339,NW_019862855.1,-,MXE_exon2,8.32E-08,0.354,671197,671602,NW_019862855.1_671197_671602
LOC112046339,NW_019862855.1,-,MXE_exon2,8.01E-06,0.364,671197,671602,NW_019862855.1_671197_671602
LOC112051433,NW_019863082.1,+,MXE_exon2,0.013406177,-0.089,349195,349490,NW_019863082.1_349195_349490
LOC112051691,NW_019863098.1,+,MXE_exon2,0.047460561,-0.109,166023,166361,NW_019863098.1_166023_166361
LOC112058428,NW_019862776.1,-,MXE_exon2,0.003075154,-0.146,1076732,1077055,NW_019862776.1_1076732_1077055
LOC112046173,NW_019862849.1,-,MXE_exon2,0.029177236,-0.02,121540,121847,NW_019862849.1_121540_121847
LOC112050367,NW_019862748.1,+,MXE_exon2,0.010105863,0.027,3442758,3443092,NW_019862748.1_3442758_3443092
LOC112056528,NW_019863862.1,+,MXE_exon2,0.00573533,-0.127,76295,76696,NW_019863862.1_76295_76696
LOC112046053,NW_019862748.1,-,MXE_exon2,0.027480688,0.019,1643072,1643379,NW_019862748.1_1643072_1643379
LOC112046053,NW_019862748.1,-,MXE_exon2,0.021784113,-0.017,1644525,1644865,NW_019862748.1_1644525_1644865
LOC112046171,NW_019862849.1,-,MXE_exon2,0.027593997,0.043,268219,268621,NW_019862849.1_268219_268621
LOC112049521,NW_019862977.1,+,MXE_exon2,3.93E-08,0.479,362785,363054,NW_019862977.1_362785_363054
LOC112051951,NW_019862758.1,-,MXE_exon2,0.0031827,0.041,2123181,2123444,NW_019862758.1_2123181_2123444
LOC112051118,NW_019862757.1,-,MXE_exon2,0,-0.778,1541784,1542041,NW_019862757.1_1541784_1542041
LOC112051118,NW_019862757.1,-,MXE_exon2,1.46E-10,-0.28,1541784,1542041,NW_019862757.1_1541784_1542041
LOC112045704,NW_019862838.1,+,MXE_exon2,0.000941555,0.126,612889,613280,NW_019862838.1_612889_613280
LOC112058170,NW_019862749.1,-,MXE_exon2,5.87E-05,0.074,383762,383976,NW_019862749.1_383762_383976
LOC112052627,NW_019863164.1,+,MXE_exon2,1.84E-06,0.071,82174,82451,NW_019863164.1_82174_82451
LOC112052627,NW_019863164.1,+,MXE_exon2,1.13E-05,0.133,82174,82450,NW_019863164.1_82174_82450
LOC112052627,NW_019863164.1,+,MXE_exon2,1.53E-08,0.063,87424,87823,NW_019863164.1_87424_87823
LOC112048265,NW_019862923.1,+,MXE_exon2,2.49E-11,0.048,242477,242734,NW_019862923.1_242477_242734
LOC112048265,NW_019862923.1,+,MXE_exon2,8.40E-15,0.108,252968,253279,NW_019862923.1_252968_253279
LOC112048265,NW_019862923.1,+,MXE_exon2,0.00024313,0.219,268733,269155,NW_019862923.1_268733_269155
LOC112051728,NW_019863099.1,-,MXE_exon2,0.008803998,-0.038,326396,326762,NW_019863099.1_326396_326762
LOC112051728,NW_019863099.1,-,MXE_exon2,0.008803998,-0.038,326396,326762,NW_019863099.1_326396_326762
LOC112051728,NW_019863099.1,-,MXE_exon2,0.030313293,-0.035,326396,326762,NW_019863099.1_326396_326762
LOC112050044,NW_019863003.1,-,MXE_exon2,7.50E-08,0.106,183626,183948,NW_019863003.1_183626_183948
LOC112050044,NW_019863003.1,-,MXE_exon2,7.49E-08,0.106,183626,183948,NW_019863003.1_183626_183948
LOC112051535,NW_019863088.1,+,MXE_exon2,7.75E-06,-0.192,353889,354157,NW_019863088.1_353889_354157
LOC112051535,NW_019863088.1,+,MXE_exon2,0.000106602,-0.085,353901,354157,NW_019863088.1_353901_354157
LOC112051535,NW_019863088.1,+,MXE_exon2,5.51E-09,-0.488,353889,354157,NW_019863088.1_353889_354157
LOC112051535,NW_019863088.1,+,MXE_exon2,9.26E-09,-0.3,353901,354157,NW_019863088.1_353901_354157
LOC112050840,NW_019863045.1,+,MXE_exon2,0.032410514,-0.19,402402,402785,NW_019863045.1_402402_402785
LOC112045305,NW_019862828.1,+,MXE_exon2,0.008985565,0.032,798024,798299,NW_019862828.1_798024_798299
LOC112045305,NW_019862828.1,+,MXE_exon2,1.43E-11,-0.202,809483,809895,NW_019862828.1_809483_809895
LOC112045305,NW_019862828.1,+,MXE_exon2,3.57E-06,-0.167,809483,809911,NW_019862828.1_809483_809911
LOC112045305,NW_019862828.1,+,MXE_exon2,2.70E-11,-0.227,809529,809895,NW_019862828.1_809529_809895
LOC112045305,NW_019862828.1,+,MXE_exon2,2.35E-05,-0.089,809483,809911,NW_019862828.1_809483_809911
LOC112045305,NW_019862828.1,+,MXE_exon2,1.13E-11,-0.138,809529,809895,NW_019862828.1_809529_809895
LOC112045305,NW_019862828.1,+,MXE_exon2,0.000162905,-0.126,809483,809895,NW_019862828.1_809483_809895
LOC112045305,NW_019862828.1,+,MXE_exon2,0.040113283,-0.095,809483,809911,NW_019862828.1_809483_809911
LOC112045305,NW_019862828.1,+,MXE_exon2,4.42E-05,-0.157,809529,809895,NW_019862828.1_809529_809895
LOC112049828,NW_019862993.1,-,MXE_exon2,2.80E-09,-0.417,321192,321503,NW_019862993.1_321192_321503
LOC112057974,NW_019862770.1,+,MXE_exon2,6.55E-08,-0.122,577144,577393,NW_019862770.1_577144_577393
LOC112057974,NW_019862770.1,+,MXE_exon2,0,0.72,622594,622938,NW_019862770.1_622594_622938
LOC112050503,NW_019863026.1,+,MXE_exon2,0.048357463,-0.026,415467,415991,NW_019863026.1_415467_415991
LOC112050343,NW_019863018.1,+,MXE_exon2,0.002829718,-0.12,292843,293189,NW_019863018.1_292843_293189
LOC112055740,NW_019862762.1,-,MXE_exon2,1.18E-06,0.189,1937200,1937427,NW_019862762.1_1937200_1937427
LOC112055597,NW_019862762.1,-,MXE_exon2,3.44E-10,-0.311,1069548,1070018,NW_019862762.1_1069548_1070018
LOC112055597,NW_019862762.1,-,MXE_exon2,0.000394604,0.08,1117918,1118265,NW_019862762.1_1117918_1118265
LOC112055597,NW_019862762.1,-,MXE_exon2,0.004720773,0.044,1117918,1118265,NW_019862762.1_1117918_1118265
LOC112055597,NW_019862762.1,-,MXE_exon2,0.000476216,-0.087,1381972,1382315,NW_019862762.1_1381972_1382315
LOC112055597,NW_019862762.1,-,MXE_exon2,0,0.586,1392096,1392401,NW_019862762.1_1392096_1392401
LOC112055035,NW_019863450.1,-,MXE_exon2,0.017157724,-0.361,44382,44718,NW_019863450.1_44382_44718
LOC112044399,NW_019862808.1,-,MXE_exon2,0.00039969,-0.174,1229100,1230031,NW_019862808.1_1229100_1230031
LOC112045055,NW_019862823.1,-,MXE_exon2,0.005463499,-0.029,395140,395636,NW_019862823.1_395140_395636
LOC112044453,NW_019862809.1,+,MXE_exon2,5.38E-09,0.384,1023065,1023527,NW_019862809.1_1023065_1023527
LOC112044453,NW_019862809.1,+,MXE_exon2,0,0.429,1023065,1023527,NW_019862809.1_1023065_1023527
LOC112051619,NW_019862758.1,+,MXE_exon2,0.013496495,-0.072,697842,698468,NW_019862758.1_697842_698468
LOC112047548,NW_019862896.1,-,MXE_exon2,2.25E-10,0.21,532549,532860,NW_019862896.1_532549_532860
LOC112052395,NW_019863145.1,+,MXE_exon2,0.002933779,-0.025,312908,313302,NW_019863145.1_312908_313302
LOC112048916,NW_019862951.1,-,MXE_exon2,0.026305728,0.132,200475,200797,NW_019862951.1_200475_200797
LOC112047017,NW_019862753.1,+,MXE_exon2,0.021867658,0.048,1415627,1415938,NW_019862753.1_1415627_1415938
LOC112048077,NW_019862915.1,-,MXE_exon2,0.0181742,0.081,615632,615959,NW_019862915.1_615632_615959
LOC112048077,NW_019862915.1,-,MXE_exon2,0.004399962,0.038,615632,616130,NW_019862915.1_615632_616130
LOC112048077,NW_019862915.1,-,MXE_exon2,0.040394127,0.067,615659,616130,NW_019862915.1_615659_616130
LOC112049404,NW_019862971.1,-,MXE_exon2,3.66E-10,0.324,707393,707823,NW_019862971.1_707393_707823
LOC112049404,NW_019862971.1,-,MXE_exon2,5.61E-12,0.331,707530,707823,NW_019862971.1_707530_707823
LOC112045940,NW_019862844.1,+,MXE_exon2,0.000698689,0.275,849019,849302,NW_019862844.1_849019_849302
LOC112053443,NW_019862760.1,+,MXE_exon2,0.015975528,0.046,55202,55478,NW_019862760.1_55202_55478
LOC112053443,NW_019862760.1,+,MXE_exon2,9.21E-05,0.206,80224,80472,NW_019862760.1_80224_80472
LOC112053443,NW_019862760.1,+,MXE_exon2,0.037919455,0.209,80224,80472,NW_019862760.1_80224_80472
LOC112053443,NW_019862760.1,+,MXE_exon2,3.93E-05,0.017,80224,80475,NW_019862760.1_80224_80475
LOC112053443,NW_019862760.1,+,MXE_exon2,0.017487998,0.042,80224,80472,NW_019862760.1_80224_80472
LOC112053042,NW_019863199.1,+,MXE_exon2,1.40E-11,0.711,35298,35590,NW_019863199.1_35298_35590
LOC112055393,NW_019862762.1,+,MXE_exon2,0,0.392,282844,283142,NW_019862762.1_282844_283142
LOC112055393,NW_019862762.1,+,MXE_exon2,0,0.24,282844,283142,NW_019862762.1_282844_283142
LOC112043861,NW_019862799.1,+,MXE_exon2,8.14E-07,0.464,1083277,1083714,NW_019862799.1_1083277_1083714
LOC112048373,NW_019862927.1,+,MXE_exon2,0.006978914,-0.068,63353,63580,NW_019862927.1_63353_63580
LOC112058448,NW_019862776.1,-,MXE_exon2,0.020215565,-0.021,1584050,1584275,NW_019862776.1_1584050_1584275
LOC112058448,NW_019862776.1,-,MXE_exon2,0.000657491,-0.049,1584050,1584275,NW_019862776.1_1584050_1584275
LOC112056116,NW_019863706.1,+,MXE_exon2,0.031218658,0.51,44663,45021,NW_019863706.1_44663_45021
LOC112044661,NW_019862815.1,+,MXE_exon2,0,0.21,249678,250016,NW_019862815.1_249678_250016
LOC112052382,NW_019863144.1,-,MXE_exon2,0.000183297,-0.084,249876,250257,NW_019863144.1_249876_250257
LOC112056560,NW_019863879.1,-,MXE_exon2,0.001726406,-0.142,7001,7320,NW_019863879.1_7001_7320
LOC112056560,NW_019863879.1,-,MXE_exon2,0.001427772,-0.146,7001,7320,NW_019863879.1_7001_7320
LOC112058367,NW_019862775.1,+,MXE_exon2,0.00047098,-0.114,1336726,1337107,NW_019862775.1_1336726_1337107
LOC112048729,NW_019862941.1,+,MXE_exon2,1.13E-06,-0.06,291034,291426,NW_019862941.1_291034_291426
LOC112046887,NW_019862874.1,-,MXE_exon2,6.22E-06,-0.513,22813,23037,NW_019862874.1_22813_23037
LOC112046887,NW_019862874.1,-,MXE_exon2,2.92E-05,-0.429,22813,23037,NW_019862874.1_22813_23037
LOC112046887,NW_019862874.1,-,MXE_exon2,0.017534093,-0.061,22813,23037,NW_019862874.1_22813_23037
LOC112043029,NW_019862784.1,+,MXE_exon2,0.005416202,0.044,1185675,1186186,NW_019862784.1_1185675_1186186
LOC112043424,NW_019862790.1,+,MXE_exon2,2.80E-08,0.032,628186,628470,NW_019862790.1_628186_628470
LOC112043424,NW_019862790.1,+,MXE_exon2,3.36E-10,0.055,628187,628470,NW_019862790.1_628187_628470
LOC112043424,NW_019862790.1,+,MXE_exon2,8.03E-10,0.056,628197,628470,NW_019862790.1_628197_628470
LOC112052559,NW_019863157.1,+,MXE_exon2,0.007629918,-0.03,156227,156693,NW_019863157.1_156227_156693
LOC112057044,NW_019864244.1,-,MXE_exon2,0.001422948,0.206,3469,3903,NW_019864244.1_3469_3903
LOC112056365,NW_019863789.1,-,MXE_exon2,0.03948087,0.287,52820,53152,NW_019863789.1_52820_53152
LOC112058550,NW_019862778.1,-,MXE_exon2,0,0.461,1103134,1103464,NW_019862778.1_1103134_1103464
LOC112058550,NW_019862778.1,-,MXE_exon2,0,0.334,1103134,1103465,NW_019862778.1_1103134_1103465
LOC112058550,NW_019862778.1,-,MXE_exon2,0,0.463,1103134,1103476,NW_019862778.1_1103134_1103476
LOC112058550,NW_019862778.1,-,MXE_exon2,0,0.442,1103138,1103465,NW_019862778.1_1103138_1103465
LOC112058550,NW_019862778.1,-,MXE_exon2,0,0.473,1103134,1103464,NW_019862778.1_1103134_1103464
LOC112058550,NW_019862778.1,-,MXE_exon2,0,0.354,1103134,1103465,NW_019862778.1_1103134_1103465
LOC112058550,NW_019862778.1,-,MXE_exon2,0,0.475,1103134,1103476,NW_019862778.1_1103134_1103476
LOC112058550,NW_019862778.1,-,MXE_exon2,0,0.456,1103138,1103465,NW_019862778.1_1103138_1103465
LOC112058550,NW_019862778.1,-,MXE_exon2,0,0.454,1103134,1103464,NW_019862778.1_1103134_1103464
LOC112058550,NW_019862778.1,-,MXE_exon2,0,0.328,1103134,1103465,NW_019862778.1_1103134_1103465
LOC112058550,NW_019862778.1,-,MXE_exon2,0,0.457,1103134,1103476,NW_019862778.1_1103134_1103476
LOC112058550,NW_019862778.1,-,MXE_exon2,0,0.436,1103138,1103465,NW_019862778.1_1103138_1103465
LOC112058550,NW_019862778.1,-,MXE_exon2,0,0.482,1103134,1103464,NW_019862778.1_1103134_1103464
LOC112058550,NW_019862778.1,-,MXE_exon2,0,0.48,1103134,1103476,NW_019862778.1_1103134_1103476
LOC112058550,NW_019862778.1,-,MXE_exon2,0,0.485,1103138,1103465,NW_019862778.1_1103138_1103465
LOC112058550,NW_019862778.1,-,MXE_exon2,0,0.451,1103134,1103464,NW_019862778.1_1103134_1103464
LOC112058550,NW_019862778.1,-,MXE_exon2,0,0.324,1103134,1103465,NW_019862778.1_1103134_1103465
LOC112058550,NW_019862778.1,-,MXE_exon2,0,0.453,1103134,1103476,NW_019862778.1_1103134_1103476
LOC112058550,NW_019862778.1,-,MXE_exon2,0,0.432,1103138,1103465,NW_019862778.1_1103138_1103465
LOC112058550,NW_019862778.1,-,MXE_exon2,0,0.442,1103134,1103464,NW_019862778.1_1103134_1103464
LOC112058550,NW_019862778.1,-,MXE_exon2,0,0.312,1103134,1103465,NW_019862778.1_1103134_1103465
LOC112058550,NW_019862778.1,-,MXE_exon2,0,0.445,1103134,1103476,NW_019862778.1_1103134_1103476
LOC112058550,NW_019862778.1,-,MXE_exon2,0,0.422,1103138,1103465,NW_019862778.1_1103138_1103465
LOC112058550,NW_019862778.1,-,MXE_exon2,0,0.308,1103134,1103464,NW_019862778.1_1103134_1103464
LOC112058550,NW_019862778.1,-,MXE_exon2,0,0.172,1103134,1103465,NW_019862778.1_1103134_1103465
LOC112058550,NW_019862778.1,-,MXE_exon2,0,0.313,1103134,1103476,NW_019862778.1_1103134_1103476
LOC112058550,NW_019862778.1,-,MXE_exon2,0,0.281,1103138,1103465,NW_019862778.1_1103138_1103465
LOC112058550,NW_019862778.1,-,MXE_exon2,0,0.066,1103134,1103464,NW_019862778.1_1103134_1103464
LOC112058550,NW_019862778.1,-,MXE_exon2,0,0.029,1103134,1103465,NW_019862778.1_1103134_1103465
LOC112058550,NW_019862778.1,-,MXE_exon2,0,0.068,1103134,1103476,NW_019862778.1_1103134_1103476
LOC112058550,NW_019862778.1,-,MXE_exon2,0,0.056,1103138,1103465,NW_019862778.1_1103138_1103465
LOC112047303,NW_019862887.1,+,MXE_exon2,0.017764426,0.063,464447,464788,NW_019862887.1_464447_464788
LOC112052001,NW_019863118.1,-,MXE_exon2,0.001889508,-0.047,162344,162589,NW_019863118.1_162344_162589
LOC112052001,NW_019863118.1,-,MXE_exon2,0.001889508,-0.047,162344,162589,NW_019863118.1_162344_162589
LOC112052374,NW_019863143.1,+,MXE_exon2,0.001196766,0.055,133649,133988,NW_019863143.1_133649_133988
LOC112052374,NW_019863143.1,+,MXE_exon2,0.001325099,0.056,133654,133988,NW_019863143.1_133654_133988
LOC112044204,NW_019862805.1,+,MXE_exon2,0,0.905,131956,132198,NW_019862805.1_131956_132198
LOC112052867,NW_019863182.1,-,MXE_exon2,0.005116973,-0.105,232635,233037,NW_019863182.1_232635_233037
LOC112052867,NW_019863182.1,-,MXE_exon2,0.000174411,-0.124,232671,232976,NW_019863182.1_232671_232976
LOC112052867,NW_019863182.1,-,MXE_exon2,0.000142959,-0.066,232671,233037,NW_019863182.1_232671_233037
LOC112052867,NW_019863182.1,-,MXE_exon2,0.001724235,-0.08,232635,233037,NW_019863182.1_232635_233037
LOC112052867,NW_019863182.1,-,MXE_exon2,3.74E-05,-0.097,232671,232976,NW_019863182.1_232671_232976
LOC112052867,NW_019863182.1,-,MXE_exon2,0.004377024,-0.114,232635,233037,NW_019863182.1_232635_233037
LOC112052867,NW_019863182.1,-,MXE_exon2,0.000151835,-0.137,232671,232976,NW_019863182.1_232671_232976
LOC112052867,NW_019863182.1,-,MXE_exon2,0.007538184,-0.143,232671,233037,NW_019863182.1_232671_233037
LOC112055746,NW_019863601.1,-,MXE_exon2,5.56E-05,-0.388,67806,68249,NW_019863601.1_67806_68249
LOC112055746,NW_019863601.1,-,MXE_exon2,1.94E-05,-0.394,67806,68253,NW_019863601.1_67806_68253
LOC112055746,NW_019863601.1,-,MXE_exon2,1.25E-06,-0.457,67806,68249,NW_019863601.1_67806_68249
LOC112055746,NW_019863601.1,-,MXE_exon2,2.81E-06,-0.468,67806,68253,NW_019863601.1_67806_68253
LOC112047231,NW_019862885.1,-,MXE_exon2,0.000739301,-0.172,593345,593741,NW_019862885.1_593345_593741
LOC112047231,NW_019862885.1,-,MXE_exon2,0.000549687,-0.178,593345,593774,NW_019862885.1_593345_593774
LOC112047231,NW_019862885.1,-,MXE_exon2,0.000739301,-0.172,593345,593847,NW_019862885.1_593345_593847
LOC112051523,NW_019863087.1,+,MXE_exon2,0,0.371,179157,179694,NW_019863087.1_179157_179694
LOC112051523,NW_019863087.1,+,MXE_exon2,0,0.423,179358,179686,NW_019863087.1_179358_179686
LOC112051523,NW_019863087.1,+,MXE_exon2,0,0.42,179358,179690,NW_019863087.1_179358_179690
LOC112051523,NW_019863087.1,+,MXE_exon2,0,0.418,179358,179693,NW_019863087.1_179358_179693
LOC112051523,NW_019863087.1,+,MXE_exon2,0,0.268,179358,179694,NW_019863087.1_179358_179694
LOC112051523,NW_019863087.1,+,MXE_exon2,0,0.423,179358,179913,NW_019863087.1_179358_179913
LOC112051523,NW_019863087.1,+,MXE_exon2,1.14E-10,0.078,179382,179686,NW_019863087.1_179382_179686
LOC112051523,NW_019863087.1,+,MXE_exon2,1.60E-10,0.077,179382,179690,NW_019863087.1_179382_179690
LOC112051523,NW_019863087.1,+,MXE_exon2,1.77E-10,0.077,179382,179693,NW_019863087.1_179382_179693
LOC112051523,NW_019863087.1,+,MXE_exon2,0,0.37,179382,179694,NW_019863087.1_179382_179694
LOC112051523,NW_019863087.1,+,MXE_exon2,1.78E-09,0.067,179382,179913,NW_019863087.1_179382_179913
LOC112051523,NW_019863087.1,+,MXE_exon2,0,0.391,179391,179694,NW_019863087.1_179391_179694
LOC112051523,NW_019863087.1,+,MXE_exon2,0,0.383,179157,179694,NW_019863087.1_179157_179694
LOC112051523,NW_019863087.1,+,MXE_exon2,0,0.418,179358,179686,NW_019863087.1_179358_179686
LOC112051523,NW_019863087.1,+,MXE_exon2,0,0.416,179358,179690,NW_019863087.1_179358_179690
LOC112051523,NW_019863087.1,+,MXE_exon2,0,0.415,179358,179693,NW_019863087.1_179358_179693
LOC112051523,NW_019863087.1,+,MXE_exon2,0,0.283,179358,179694,NW_019863087.1_179358_179694
LOC112051523,NW_019863087.1,+,MXE_exon2,0,0.418,179358,179913,NW_019863087.1_179358_179913
LOC112051523,NW_019863087.1,+,MXE_exon2,1.10E-08,0.063,179382,179686,NW_019863087.1_179382_179686
LOC112051523,NW_019863087.1,+,MXE_exon2,1.41E-08,0.062,179382,179690,NW_019863087.1_179382_179690
LOC112051523,NW_019863087.1,+,MXE_exon2,1.69E-08,0.062,179382,179693,NW_019863087.1_179382_179693
LOC112051523,NW_019863087.1,+,MXE_exon2,0,0.383,179382,179694,NW_019863087.1_179382_179694
LOC112051523,NW_019863087.1,+,MXE_exon2,1.52E-07,0.054,179382,179913,NW_019863087.1_179382_179913
LOC112051523,NW_019863087.1,+,MXE_exon2,0,0.403,179391,179694,NW_019863087.1_179391_179694
LOC112051523,NW_019863087.1,+,MXE_exon2,0,0.484,179157,179694,NW_019863087.1_179157_179694
LOC112051523,NW_019863087.1,+,MXE_exon2,0,0.465,179358,179686,NW_019863087.1_179358_179686
LOC112051523,NW_019863087.1,+,MXE_exon2,0,0.466,179358,179690,NW_019863087.1_179358_179690
LOC112051523,NW_019863087.1,+,MXE_exon2,0,0.465,179358,179693,NW_019863087.1_179358_179693
LOC112051523,NW_019863087.1,+,MXE_exon2,0,0.464,179358,179913,NW_019863087.1_179358_179913
LOC112051523,NW_019863087.1,+,MXE_exon2,7.84E-05,0.036,179382,179686,NW_019863087.1_179382_179686
LOC112051523,NW_019863087.1,+,MXE_exon2,9.66E-05,0.035,179382,179690,NW_019863087.1_179382_179690
LOC112051523,NW_019863087.1,+,MXE_exon2,0.000114611,0.035,179382,179693,NW_019863087.1_179382_179693
LOC112051523,NW_019863087.1,+,MXE_exon2,0,0.484,179382,179694,NW_019863087.1_179382_179694
LOC112051523,NW_019863087.1,+,MXE_exon2,0.000677669,0.031,179382,179913,NW_019863087.1_179382_179913
LOC112051523,NW_019863087.1,+,MXE_exon2,0,0.498,179391,179694,NW_019863087.1_179391_179694
LOC112051523,NW_019863087.1,+,MXE_exon2,3.43E-05,0.163,182970,183186,NW_019863087.1_182970_183186
LOC112051523,NW_019863087.1,+,MXE_exon2,5.15E-06,0.157,187387,187730,NW_019863087.1_187387_187730
LOC112051523,NW_019863087.1,+,MXE_exon2,2.97E-06,0.175,187387,187730,NW_019863087.1_187387_187730
LOC112051523,NW_019863087.1,+,MXE_exon2,0.035607247,0.105,182970,183186,NW_019863087.1_182970_183186
LOC112051523,NW_019863087.1,+,MXE_exon2,0.003308662,0.104,187387,187730,NW_019863087.1_187387_187730
LOC112051523,NW_019863087.1,+,MXE_exon2,0.000801427,0.065,187387,187730,NW_019863087.1_187387_187730
LOC112052337,NW_019863141.1,-,MXE_exon2,0.042703557,-0.233,179558,179773,NW_019863141.1_179558_179773
LOC112044491,NW_019862810.1,+,MXE_exon2,0,-0.565,733670,733986,NW_019862810.1_733670_733986
LOC112044491,NW_019862810.1,+,MXE_exon2,0,0.398,734430,734744,NW_019862810.1_734430_734744
LOC112044491,NW_019862810.1,+,MXE_exon2,0,0.41,734430,734744,NW_019862810.1_734430_734744
LOC112044491,NW_019862810.1,+,MXE_exon2,0,0.423,734430,734744,NW_019862810.1_734430_734744
LOC112044491,NW_019862810.1,+,MXE_exon2,0,0.411,734430,734744,NW_019862810.1_734430_734744
LOC112046986,NW_019862879.1,-,MXE_exon2,3.30E-08,-0.09,320360,320599,NW_019862879.1_320360_320599
LOC112051371,NW_019863078.1,-,MXE_exon2,3.27E-05,0.073,45597,45973,NW_019863078.1_45597_45973
LOC112051371,NW_019863078.1,-,MXE_exon2,3.27E-05,0.073,45597,45976,NW_019863078.1_45597_45976
LOC112051371,NW_019863078.1,-,MXE_exon2,0.015509246,0.092,45597,45973,NW_019863078.1_45597_45973
LOC112051371,NW_019863078.1,-,MXE_exon2,0.015509246,0.092,45597,45976,NW_019863078.1_45597_45976
LOC112056544,NW_019863876.1,+,MXE_exon2,0.048275536,-0.021,19521,19895,NW_019863876.1_19521_19895
LOC112043769,NW_019862797.1,+,MXE_exon2,0.036865466,0.083,174605,174951,NW_019862797.1_174605_174951
LOC112045399,NW_019862831.1,+,MXE_exon2,0.041052639,0.065,435096,435491,NW_019862831.1_435096_435491
LOC112045399,NW_019862831.1,+,MXE_exon2,0.048136087,0.054,435096,435491,NW_019862831.1_435096_435491
LOC112053596,NW_019863259.1,+,MXE_exon2,0.000142959,-0.081,314273,314579,NW_019863259.1_314273_314579
LOC112053596,NW_019863259.1,+,MXE_exon2,0.000131135,-0.082,314274,314579,NW_019863259.1_314274_314579
LOC112044077,NW_019862803.1,+,MXE_exon2,2.31E-08,-0.366,141389,141718,NW_019862803.1_141389_141718
LOC112044077,NW_019862803.1,+,MXE_exon2,3.07E-08,-0.363,141389,141720,NW_019862803.1_141389_141720
LOC112044077,NW_019862803.1,+,MXE_exon2,5.30E-11,-0.368,141389,141723,NW_019862803.1_141389_141723
LOC112044077,NW_019862803.1,+,MXE_exon2,1.24E-07,-0.353,141389,141754,NW_019862803.1_141389_141754
LOC112046784,NW_019862871.1,-,MXE_exon2,0.001721882,0.279,19182,19484,NW_019862871.1_19182_19484
LOC112049759,NW_019862988.1,+,MXE_exon2,3.72E-06,-0.259,237539,237899,NW_019862988.1_237539_237899
LOC112049759,NW_019862988.1,+,MXE_exon2,1.11E-06,-0.233,237539,237899,NW_019862988.1_237539_237899
LOC112049759,NW_019862988.1,+,MXE_exon2,0.000737084,0.227,237622,237899,NW_019862988.1_237622_237899
LOC112055526,NW_019863545.1,-,MXE_exon2,0.00046336,-0.14,77266,77547,NW_019863545.1_77266_77547
LOC112055526,NW_019863545.1,-,MXE_exon2,0.000388321,-0.155,77266,77547,NW_019863545.1_77266_77547
LOC112055526,NW_019863545.1,-,MXE_exon2,0.000353212,-0.155,77266,77547,NW_019863545.1_77266_77547
LOC112055526,NW_019863545.1,-,MXE_exon2,0.000143223,-0.222,77266,77547,NW_019863545.1_77266_77547
LOC112055526,NW_019863545.1,-,MXE_exon2,6.02E-05,-0.25,77266,77547,NW_019863545.1_77266_77547
LOC112047449,NW_019862893.1,-,MXE_exon2,0.00056491,-0.27,411981,412277,NW_019862893.1_411981_412277
LOC112047449,NW_019862893.1,-,MXE_exon2,0.000618504,-0.465,411981,412277,NW_019862893.1_411981_412277
LOC112047449,NW_019862893.1,-,MXE_exon2,0.000339807,-0.474,411981,412277,NW_019862893.1_411981_412277
LOC112047449,NW_019862893.1,-,MXE_exon2,0.043126315,0.101,420869,421244,NW_019862893.1_420869_421244
LOC112044248,NW_019862750.1,-,MXE_exon2,0.019888112,0.013,1332836,1333528,NW_019862750.1_1332836_1333528
LOC112049842,NW_019862994.1,+,MXE_exon2,0.023964167,-0.115,99151,99493,NW_019862994.1_99151_99493
LOC112049052,NW_019862956.1,-,MXE_exon2,0.000185056,0.349,495602,496040,NW_019862956.1_495602_496040
LOC112049052,NW_019862956.1,-,MXE_exon2,0.00158402,0.138,495602,495996,NW_019862956.1_495602_495996
LOC112049052,NW_019862956.1,-,MXE_exon2,5.96E-05,0.252,495602,496040,NW_019862956.1_495602_496040
LOC112047113,NW_019862882.1,-,MXE_exon2,1.96E-09,-0.283,103241,103584,NW_019862882.1_103241_103584
LOC112047113,NW_019862882.1,-,MXE_exon2,0.002126951,-0.258,103241,103592,NW_019862882.1_103241_103592
LOC112047113,NW_019862882.1,-,MXE_exon2,1.62E-06,-0.271,103241,103632,NW_019862882.1_103241_103632
LOC112047113,NW_019862882.1,-,MXE_exon2,9.16E-09,-0.29,103241,103679,NW_019862882.1_103241_103679
LOC112047113,NW_019862882.1,-,MXE_exon2,2.48E-09,-0.293,103241,103679,NW_019862882.1_103241_103679
LOC112047113,NW_019862882.1,-,MXE_exon2,2.28E-09,-0.286,103241,103584,NW_019862882.1_103241_103584
LOC112047113,NW_019862882.1,-,MXE_exon2,1.08E-08,-0.294,103241,103679,NW_019862882.1_103241_103679
LOC112043045,NW_019862784.1,+,MXE_exon2,0.000859499,0.583,1526941,1527296,NW_019862784.1_1526941_1527296
LOC112053274,NW_019863223.1,+,MXE_exon2,0,0.608,163412,163743,NW_019863223.1_163412_163743
LOC112045475,NW_019862752.1,-,MXE_exon2,3.06E-11,0.341,530787,531097,NW_019862752.1_530787_531097
LOC112045475,NW_019862752.1,-,MXE_exon2,0,0.234,530791,531097,NW_019862752.1_530791_531097
LOC112045475,NW_019862752.1,-,MXE_exon2,2.38E-11,0.339,530792,531097,NW_019862752.1_530792_531097
LOC112045475,NW_019862752.1,-,MXE_exon2,8.89E-11,0.339,530795,531097,NW_019862752.1_530795_531097
LOC112045475,NW_019862752.1,-,MXE_exon2,1.15E-11,0.321,530802,531097,NW_019862752.1_530802_531097
LOC112045475,NW_019862752.1,-,MXE_exon2,6.30E-10,0.391,530787,531097,NW_019862752.1_530787_531097
LOC112045475,NW_019862752.1,-,MXE_exon2,5.77E-10,0.392,530792,531097,NW_019862752.1_530792_531097
LOC112045475,NW_019862752.1,-,MXE_exon2,2.02E-09,0.387,530795,531097,NW_019862752.1_530795_531097
LOC112045475,NW_019862752.1,-,MXE_exon2,9.42E-10,0.397,530802,531097,NW_019862752.1_530802_531097
LOC112045475,NW_019862752.1,-,MXE_exon2,1.60E-08,0.279,530787,531097,NW_019862752.1_530787_531097
LOC112045475,NW_019862752.1,-,MXE_exon2,2.63E-12,0.184,530791,531097,NW_019862752.1_530791_531097
LOC112045475,NW_019862752.1,-,MXE_exon2,1.94E-08,0.277,530792,531097,NW_019862752.1_530792_531097
LOC112045475,NW_019862752.1,-,MXE_exon2,3.57E-08,0.277,530795,531097,NW_019862752.1_530795_531097
LOC112045475,NW_019862752.1,-,MXE_exon2,6.09E-09,0.261,530802,531097,NW_019862752.1_530802_531097
LOC112046894,NW_019862874.1,+,MXE_exon2,6.79E-07,0.115,271770,272133,NW_019862874.1_271770_272133
LOC112046894,NW_019862874.1,+,MXE_exon2,0.001925305,0.15,271770,272397,NW_019862874.1_271770_272397
LOC112046894,NW_019862874.1,+,MXE_exon2,0.001350268,0.056,272120,272397,NW_019862874.1_272120_272397
LOC112046894,NW_019862874.1,+,MXE_exon2,0,0.193,277960,278285,NW_019862874.1_277960_278285
LOC112046894,NW_019862874.1,+,MXE_exon2,0,0.189,277963,278285,NW_019862874.1_277963_278285
LOC112046894,NW_019862874.1,+,MXE_exon2,0.039404556,0.012,286841,287204,NW_019862874.1_286841_287204
LOC112046894,NW_019862874.1,+,MXE_exon2,0.028673981,0.013,286863,287204,NW_019862874.1_286863_287204
LOC112046894,NW_019862874.1,+,MXE_exon2,0.011060025,0.013,305429,305741,NW_019862874.1_305429_305741
LOC112054600,NW_019863381.1,-,MXE_exon2,0.036740692,0.383,61519,61959,NW_019863381.1_61519_61959
LOC112052375,NW_019863143.1,+,MXE_exon2,0.000280474,-0.13,148044,148450,NW_019863143.1_148044_148450
LOC112052375,NW_019863143.1,+,MXE_exon2,0.000330722,-0.156,148164,148450,NW_019863143.1_148164_148450
LOC112051181,NW_019863067.1,-,MXE_exon2,2.91E-06,-0.593,305635,306143,NW_019863067.1_305635_306143
LOC112051181,NW_019863067.1,-,MXE_exon2,0.001785753,-0.387,307980,308227,NW_019863067.1_307980_308227
LOC112051181,NW_019863067.1,-,MXE_exon2,0.012313191,-0.39,311474,311738,NW_019863067.1_311474_311738
LOC112051181,NW_019863067.1,-,MXE_exon2,0.00982798,-0.417,311474,311774,NW_019863067.1_311474_311774
LOC112051181,NW_019863067.1,-,MXE_exon2,0.033121271,-0.354,311474,311827,NW_019863067.1_311474_311827
LOC112051181,NW_019863067.1,-,MXE_exon2,0.03312908,-0.358,311474,311841,NW_019863067.1_311474_311841
LOC112051181,NW_019863067.1,-,MXE_exon2,0.04455979,-0.341,311474,311902,NW_019863067.1_311474_311902
LOC112051181,NW_019863067.1,-,MXE_exon2,0.041745166,-0.341,311474,311935,NW_019863067.1_311474_311935
LOC112051181,NW_019863067.1,-,MXE_exon2,0.039298438,-0.35,311474,312029,NW_019863067.1_311474_312029
LOC112051181,NW_019863067.1,-,MXE_exon2,4.46E-06,-0.582,305635,306143,NW_019863067.1_305635_306143
LOC112051181,NW_019863067.1,-,MXE_exon2,0.002523957,-0.38,307980,308227,NW_019863067.1_307980_308227
LOC112051181,NW_019863067.1,-,MXE_exon2,0.015353697,-0.379,311474,311738,NW_019863067.1_311474_311738
LOC112051181,NW_019863067.1,-,MXE_exon2,0.012776426,-0.406,311474,311774,NW_019863067.1_311474_311774
LOC112051181,NW_019863067.1,-,MXE_exon2,0.042698256,-0.343,311474,311827,NW_019863067.1_311474_311827
LOC112051181,NW_019863067.1,-,MXE_exon2,0.041564478,-0.347,311474,311841,NW_019863067.1_311474_311841
LOC112051181,NW_019863067.1,-,MXE_exon2,0.049428486,-0.339,311474,312029,NW_019863067.1_311474_312029
LOC112051181,NW_019863067.1,-,MXE_exon2,3.28E-05,-0.267,317630,318053,NW_019863067.1_317630_318053
LOC112051181,NW_019863067.1,-,MXE_exon2,2.02E-06,-0.604,305635,306143,NW_019863067.1_305635_306143
LOC112051181,NW_019863067.1,-,MXE_exon2,0.001214447,-0.394,307980,308227,NW_019863067.1_307980_308227
LOC112051181,NW_019863067.1,-,MXE_exon2,0.009275179,-0.401,311474,311738,NW_019863067.1_311474_311738
LOC112051181,NW_019863067.1,-,MXE_exon2,0.007501861,-0.427,311474,311774,NW_019863067.1_311474_311774
LOC112051181,NW_019863067.1,-,MXE_exon2,0.024516418,-0.366,311474,311827,NW_019863067.1_311474_311827
LOC112051181,NW_019863067.1,-,MXE_exon2,0.024647206,-0.369,311474,311841,NW_019863067.1_311474_311841
LOC112051181,NW_019863067.1,-,MXE_exon2,0.033931825,-0.352,311474,311902,NW_019863067.1_311474_311902
LOC112051181,NW_019863067.1,-,MXE_exon2,0.031721581,-0.352,311474,311935,NW_019863067.1_311474_311935
LOC112051181,NW_019863067.1,-,MXE_exon2,0.029722954,-0.361,311474,312029,NW_019863067.1_311474_312029
LOC112051181,NW_019863067.1,-,MXE_exon2,0.020303676,0.072,307980,308227,NW_019863067.1_307980_308227
LOC112051181,NW_019863067.1,-,MXE_exon2,0.037729181,0.172,311474,311774,NW_019863067.1_311474_311774
LOC112051181,NW_019863067.1,-,MXE_exon2,0.020895,0.195,311474,311811,NW_019863067.1_311474_311811
LOC112051181,NW_019863067.1,-,MXE_exon2,0.031279941,0.185,311474,311827,NW_019863067.1_311474_311827
LOC112051181,NW_019863067.1,-,MXE_exon2,0.031500316,0.181,311474,311841,NW_019863067.1_311474_311841
LOC112051181,NW_019863067.1,-,MXE_exon2,0.02888869,0.197,311474,311902,NW_019863067.1_311474_311902
LOC112051181,NW_019863067.1,-,MXE_exon2,0.029933244,0.196,311474,311935,NW_019863067.1_311474_311935
LOC112051181,NW_019863067.1,-,MXE_exon2,0.029672738,0.189,311474,312029,NW_019863067.1_311474_312029
LOC112049557,NW_019862978.1,+,MXE_exon2,0,-0.384,97692,97952,NW_019862978.1_97692_97952
LOC112049557,NW_019862978.1,+,MXE_exon2,0,-0.261,97692,98024,NW_019862978.1_97692_98024
LOC112049557,NW_019862978.1,+,MXE_exon2,0,-0.439,97692,97952,NW_019862978.1_97692_97952
LOC112049557,NW_019862978.1,+,MXE_exon2,0,-0.435,97692,98024,NW_019862978.1_97692_98024
LOC112049557,NW_019862978.1,+,MXE_exon2,0,-0.459,97692,97952,NW_019862978.1_97692_97952
LOC112049557,NW_019862978.1,+,MXE_exon2,0,-0.347,97692,98024,NW_019862978.1_97692_98024
LOC112049557,NW_019862978.1,+,MXE_exon2,0,-0.455,97692,97952,NW_019862978.1_97692_97952
LOC112049557,NW_019862978.1,+,MXE_exon2,0,-0.341,97692,98024,NW_019862978.1_97692_98024
LOC112049557,NW_019862978.1,+,MXE_exon2,0,-0.463,97692,97952,NW_019862978.1_97692_97952
LOC112049557,NW_019862978.1,+,MXE_exon2,0,-0.454,97692,97952,NW_019862978.1_97692_97952
LOC112049557,NW_019862978.1,+,MXE_exon2,0,-0.312,97692,98024,NW_019862978.1_97692_98024
LOC112049557,NW_019862978.1,+,MXE_exon2,0,-0.441,97692,97952,NW_019862978.1_97692_97952
LOC112049557,NW_019862978.1,+,MXE_exon2,0,-0.306,97692,98024,NW_019862978.1_97692_98024
LOC112049557,NW_019862978.1,+,MXE_exon2,0,-0.425,97692,97952,NW_019862978.1_97692_97952
LOC112049557,NW_019862978.1,+,MXE_exon2,0,-0.288,97692,98024,NW_019862978.1_97692_98024
LOC112049557,NW_019862978.1,+,MXE_exon2,2.74E-13,0.197,99509,99950,NW_019862978.1_99509_99950
LOC112049557,NW_019862978.1,+,MXE_exon2,2.74E-13,0.197,99599,99950,NW_019862978.1_99599_99950
LOC112049557,NW_019862978.1,+,MXE_exon2,1.12E-11,0.21,99660,99950,NW_019862978.1_99660_99950
LOC112046332,NW_019862855.1,-,MXE_exon2,2.40E-06,0.518,636793,637209,NW_019862855.1_636793_637209
LOC112046332,NW_019862855.1,-,MXE_exon2,0.015857724,-0.056,639342,639713,NW_019862855.1_639342_639713
LOC112049929,NW_019862998.1,+,MXE_exon2,0.013687132,0.084,195782,196220,NW_019862998.1_195782_196220
LOC112058207,NW_019862772.1,+,MXE_exon2,0.000142749,0.719,1705440,1705922,NW_019862772.1_1705440_1705922
LOC112058207,NW_019862772.1,+,MXE_exon2,0.000163131,0.562,1705440,1705922,NW_019862772.1_1705440_1705922
LOC112058207,NW_019862772.1,+,MXE_exon2,3.74E-05,0.365,1706220,1706558,NW_019862772.1_1706220_1706558
LOC112058207,NW_019862772.1,+,MXE_exon2,0.000746479,0.506,1705440,1705922,NW_019862772.1_1705440_1705922
LOC112052141,NW_019863130.1,-,MXE_exon2,0.034202834,-0.113,90385,90663,NW_019863130.1_90385_90663
LOC112053016,NW_019862759.1,-,MXE_exon2,0.003164378,0.076,1321769,1322032,NW_019862759.1_1321769_1322032
LOC112053016,NW_019862759.1,-,MXE_exon2,0.017632681,0.054,1321770,1322032,NW_019862759.1_1321770_1322032
LOC112053016,NW_019862759.1,-,MXE_exon2,0.008727628,-0.238,1321770,1322132,NW_019862759.1_1321770_1322132
LOC112053016,NW_019862759.1,-,MXE_exon2,0.00982798,0.142,1321811,1322032,NW_019862759.1_1321811_1322032
LOC112053016,NW_019862759.1,-,MXE_exon2,0.035455046,-0.148,1321770,1322032,NW_019862759.1_1321770_1322032
LOC112053016,NW_019862759.1,-,MXE_exon2,3.40E-07,-0.197,1321770,1322132,NW_019862759.1_1321770_1322132
LOC112053016,NW_019862759.1,-,MXE_exon2,1.16E-06,-0.156,1321770,1322132,NW_019862759.1_1321770_1322132
LOC112053016,NW_019862759.1,-,MXE_exon2,3.82E-05,-0.254,1322415,1322750,NW_019862759.1_1322415_1322750
LOC112053016,NW_019862759.1,-,MXE_exon2,0.000307242,-0.237,1322415,1322798,NW_019862759.1_1322415_1322798
LOC112057684,NW_019862765.1,+,MXE_exon2,7.60E-06,-0.149,1035015,1035367,NW_019862765.1_1035015_1035367
LOC112057684,NW_019862765.1,+,MXE_exon2,4.06E-05,-0.06,1035031,1035367,NW_019862765.1_1035031_1035367
LOC112053739,NW_019863277.1,-,MXE_exon2,0.009315145,-0.122,105866,106152,NW_019863277.1_105866_106152
LOC112048398,NW_019862929.1,+,MXE_exon2,0,0.065,271085,271419,NW_019862929.1_271085_271419
LOC112049794,NW_019862756.1,-,MXE_exon2,4.27E-11,-0.11,399749,400378,NW_019862756.1_399749_400378
LOC112045804,NW_019862841.1,+,MXE_exon2,4.37E-06,-0.417,591112,591538,NW_019862841.1_591112_591538
LOC112045804,NW_019862841.1,+,MXE_exon2,5.91E-05,-0.338,591113,591538,NW_019862841.1_591113_591538
LOC112050198,NW_019863012.1,-,MXE_exon2,0.016203548,0.1,245995,246510,NW_019863012.1_245995_246510
LOC112049503,NW_019862976.1,-,MXE_exon2,0,0.256,436710,437236,NW_019862976.1_436710_437236
LOC112049503,NW_019862976.1,-,MXE_exon2,0,0.256,436827,437236,NW_019862976.1_436827_437236
LOC112049503,NW_019862976.1,-,MXE_exon2,0,0.078,436973,437236,NW_019862976.1_436973_437236
LOC112049503,NW_019862976.1,-,MXE_exon2,0,0.225,436973,437377,NW_019862976.1_436973_437377
LOC112049503,NW_019862976.1,-,MXE_exon2,0,0.211,436975,437236,NW_019862976.1_436975_437236
LOC112049503,NW_019862976.1,-,MXE_exon2,0,0.306,436710,437236,NW_019862976.1_436710_437236
LOC112049503,NW_019862976.1,-,MXE_exon2,0,0.306,436827,437236,NW_019862976.1_436827_437236
LOC112049503,NW_019862976.1,-,MXE_exon2,0,0.103,436973,437236,NW_019862976.1_436973_437236
LOC112049503,NW_019862976.1,-,MXE_exon2,0,0.271,436973,437377,NW_019862976.1_436973_437377
LOC112049503,NW_019862976.1,-,MXE_exon2,0,0.259,436975,437236,NW_019862976.1_436975_437236
LOC112049503,NW_019862976.1,-,MXE_exon2,0,0.287,436710,437236,NW_019862976.1_436710_437236
LOC112049503,NW_019862976.1,-,MXE_exon2,0,0.287,436827,437236,NW_019862976.1_436827_437236
LOC112049503,NW_019862976.1,-,MXE_exon2,0,0.089,436973,437236,NW_019862976.1_436973_437236
LOC112049503,NW_019862976.1,-,MXE_exon2,0,0.255,436973,437377,NW_019862976.1_436973_437377
LOC112049503,NW_019862976.1,-,MXE_exon2,0,0.237,436975,437236,NW_019862976.1_436975_437236
LOC112049503,NW_019862976.1,-,MXE_exon2,0,0.449,436710,437236,NW_019862976.1_436710_437236
LOC112049503,NW_019862976.1,-,MXE_exon2,0,0.449,436827,437236,NW_019862976.1_436827_437236
LOC112049503,NW_019862976.1,-,MXE_exon2,0,0.421,436973,437377,NW_019862976.1_436973_437377
LOC112049503,NW_019862976.1,-,MXE_exon2,0,0.434,436975,437236,NW_019862976.1_436975_437236
LOC112049503,NW_019862976.1,-,MXE_exon2,0,0.321,436710,437236,NW_019862976.1_436710_437236
LOC112049503,NW_019862976.1,-,MXE_exon2,0,0.321,436827,437236,NW_019862976.1_436827_437236
LOC112049503,NW_019862976.1,-,MXE_exon2,0,0.108,436973,437236,NW_019862976.1_436973_437236
LOC112049503,NW_019862976.1,-,MXE_exon2,0,0.287,436973,437377,NW_019862976.1_436973_437377
LOC112049503,NW_019862976.1,-,MXE_exon2,0,0.271,436975,437236,NW_019862976.1_436975_437236
LOC112049503,NW_019862976.1,-,MXE_exon2,0,0.292,436710,437236,NW_019862976.1_436710_437236
LOC112049503,NW_019862976.1,-,MXE_exon2,0,0.292,436827,437236,NW_019862976.1_436827_437236
LOC112049503,NW_019862976.1,-,MXE_exon2,0,0.095,436973,437236,NW_019862976.1_436973_437236
LOC112049503,NW_019862976.1,-,MXE_exon2,0,0.259,436973,437377,NW_019862976.1_436973_437377
LOC112049503,NW_019862976.1,-,MXE_exon2,0,0.246,436975,437236,NW_019862976.1_436975_437236
LOC112049503,NW_019862976.1,-,MXE_exon2,0.000163604,-0.164,441520,441940,NW_019862976.1_441520_441940
LOC112049503,NW_019862976.1,-,MXE_exon2,0.000140825,-0.174,441665,441940,NW_019862976.1_441665_441940
LOC112049503,NW_019862976.1,-,MXE_exon2,5.41E-07,-0.131,441669,441940,NW_019862976.1_441669_441940
LOC112049503,NW_019862976.1,-,MXE_exon2,0.000411014,-0.161,441676,441940,NW_019862976.1_441676_441940
LOC112049503,NW_019862976.1,-,MXE_exon2,0.000163604,-0.164,441520,441940,NW_019862976.1_441520_441940
LOC112049503,NW_019862976.1,-,MXE_exon2,0.000140825,-0.174,441665,441940,NW_019862976.1_441665_441940
LOC112049503,NW_019862976.1,-,MXE_exon2,5.41E-07,-0.131,441669,441940,NW_019862976.1_441669_441940
LOC112049503,NW_019862976.1,-,MXE_exon2,0.000411014,-0.161,441676,441940,NW_019862976.1_441676_441940
LOC112049503,NW_019862976.1,-,MXE_exon2,0.000163604,-0.164,441520,441940,NW_019862976.1_441520_441940
LOC112049503,NW_019862976.1,-,MXE_exon2,0.000140825,-0.174,441665,441940,NW_019862976.1_441665_441940
LOC112049503,NW_019862976.1,-,MXE_exon2,5.41E-07,-0.131,441669,441940,NW_019862976.1_441669_441940
LOC112049503,NW_019862976.1,-,MXE_exon2,0.000411014,-0.161,441676,441940,NW_019862976.1_441676_441940
LOC112049503,NW_019862976.1,-,MXE_exon2,0.000163604,-0.164,441520,441940,NW_019862976.1_441520_441940
LOC112049503,NW_019862976.1,-,MXE_exon2,0.000140825,-0.174,441665,441940,NW_019862976.1_441665_441940
LOC112049503,NW_019862976.1,-,MXE_exon2,5.41E-07,-0.131,441669,441940,NW_019862976.1_441669_441940
LOC112049503,NW_019862976.1,-,MXE_exon2,0.000411014,-0.161,441676,441940,NW_019862976.1_441676_441940
LOC112049503,NW_019862976.1,-,MXE_exon2,0.000163143,-0.164,441520,441940,NW_019862976.1_441520_441940
LOC112049503,NW_019862976.1,-,MXE_exon2,0.000142959,-0.174,441665,441940,NW_019862976.1_441665_441940
LOC112049503,NW_019862976.1,-,MXE_exon2,6.43E-07,-0.132,441669,441940,NW_019862976.1_441669_441940
LOC112049503,NW_019862976.1,-,MXE_exon2,0.00041218,-0.16,441676,441940,NW_019862976.1_441676_441940
LOC112049503,NW_019862976.1,-,MXE_exon2,0.000160134,-0.163,441520,441940,NW_019862976.1_441520_441940
LOC112049503,NW_019862976.1,-,MXE_exon2,0.000142749,-0.174,441665,441940,NW_019862976.1_441665_441940
LOC112049503,NW_019862976.1,-,MXE_exon2,7.06E-07,-0.133,441669,441940,NW_019862976.1_441669_441940
LOC112049503,NW_019862976.1,-,MXE_exon2,0.000409447,-0.16,441676,441940,NW_019862976.1_441676_441940
LOC112049503,NW_019862976.1,-,MXE_exon2,0.002333923,-0.109,441520,441940,NW_019862976.1_441520_441940
LOC112049503,NW_019862976.1,-,MXE_exon2,0.004349004,-0.123,441665,441940,NW_019862976.1_441665_441940
LOC112049503,NW_019862976.1,-,MXE_exon2,0.004808407,-0.119,441669,441940,NW_019862976.1_441669_441940
LOC112049503,NW_019862976.1,-,MXE_exon2,0.006208342,-0.109,441676,441940,NW_019862976.1_441676_441940
LOC112049503,NW_019862976.1,-,MXE_exon2,3.27E-08,-0.064,441520,441940,NW_019862976.1_441520_441940
LOC112049503,NW_019862976.1,-,MXE_exon2,5.25E-07,-0.079,441665,441940,NW_019862976.1_441665_441940
LOC112049503,NW_019862976.1,-,MXE_exon2,8.84E-07,-0.067,441676,441940,NW_019862976.1_441676_441940
LOC112049503,NW_019862976.1,-,MXE_exon2,0.036239492,0.101,441676,441940,NW_019862976.1_441676_441940
LOC112057680,NW_019862765.1,+,MXE_exon2,1.30E-08,0.585,960261,960553,NW_019862765.1_960261_960553
LOC112057680,NW_019862765.1,+,MXE_exon2,0.004399962,0.377,960282,960782,NW_019862765.1_960282_960782
LOC112055942,NW_019863661.1,+,MXE_exon2,0.001813026,0.057,16225,16576,NW_019863661.1_16225_16576
LOC112055942,NW_019863661.1,+,MXE_exon2,0.001805826,0.057,16225,16623,NW_019863661.1_16225_16623
LOC112055942,NW_019863661.1,+,MXE_exon2,0.004171679,0.033,16225,16624,NW_019863661.1_16225_16624
LOC112055942,NW_019863661.1,+,MXE_exon2,0.001813026,0.057,16225,16576,NW_019863661.1_16225_16576
LOC112055942,NW_019863661.1,+,MXE_exon2,0.001805826,0.057,16225,16623,NW_019863661.1_16225_16623
LOC112055942,NW_019863661.1,+,MXE_exon2,0.004171679,0.033,16225,16624,NW_019863661.1_16225_16624
LOC112055942,NW_019863661.1,+,MXE_exon2,0.00182749,0.058,16225,16576,NW_019863661.1_16225_16576
LOC112055942,NW_019863661.1,+,MXE_exon2,0.001813026,0.058,16225,16623,NW_019863661.1_16225_16623
LOC112055942,NW_019863661.1,+,MXE_exon2,0.003876666,0.033,16225,16624,NW_019863661.1_16225_16624
LOC112046452,NW_019862857.1,-,MXE_exon2,0.006035142,0.066,172720,173038,NW_019862857.1_172720_173038
LOC112045272,NW_019862827.1,+,MXE_exon2,0,0.512,234117,234452,NW_019862827.1_234117_234452
LOC112045272,NW_019862827.1,+,MXE_exon2,0,0.665,234117,234498,NW_019862827.1_234117_234498
LOC112058168,NW_019862772.1,+,MXE_exon2,6.82E-06,-0.053,1629237,1629768,NW_019862772.1_1629237_1629768
LOC112055327,NW_019863501.1,+,MXE_exon2,6.50E-14,-0.154,64886,65294,NW_019863501.1_64886_65294
LOC112055327,NW_019863501.1,+,MXE_exon2,9.85E-08,0.107,64886,65294,NW_019863501.1_64886_65294
LOC112055327,NW_019863501.1,+,MXE_exon2,3.34E-06,0.016,66059,67207,NW_019863501.1_66059_67207
LOC112055327,NW_019863501.1,+,MXE_exon2,3.11E-05,0.022,66059,67207,NW_019863501.1_66059_67207
LOC112055327,NW_019863501.1,+,MXE_exon2,2.77E-05,0.021,66059,67207,NW_019863501.1_66059_67207
LOC112055327,NW_019863501.1,+,MXE_exon2,3.11E-05,0.022,66059,67207,NW_019863501.1_66059_67207
LOC112055327,NW_019863501.1,+,MXE_exon2,2.67E-05,0.026,66059,67207,NW_019863501.1_66059_67207
LOC112042935,NW_019862782.1,-,MXE_exon2,0.025448143,-0.06,1176464,1176739,NW_019862782.1_1176464_1176739
LOC112042935,NW_019862782.1,-,MXE_exon2,0.000378072,-0.062,1176464,1176977,NW_019862782.1_1176464_1176977
LOC112042935,NW_019862782.1,-,MXE_exon2,0.043825713,-0.018,1176464,1176739,NW_019862782.1_1176464_1176739
LOC112042935,NW_019862782.1,-,MXE_exon2,0.003879149,-0.02,1176464,1176977,NW_019862782.1_1176464_1176977
LOC112042935,NW_019862782.1,-,MXE_exon2,0.011406445,0.024,1176743,1176978,NW_019862782.1_1176743_1176978
LOC112042935,NW_019862782.1,-,MXE_exon2,0.000953356,-0.052,1176743,1176977,NW_019862782.1_1176743_1176977
LOC112056128,NW_019863715.1,+,MXE_exon2,0.007538184,0.098,57371,57794,NW_019863715.1_57371_57794
LOC112047844,NW_019862905.1,-,MXE_exon2,0.000998315,-0.008,641720,641984,NW_019862905.1_641720_641984
LOC112057988,NW_019862770.1,+,MXE_exon2,0.036253094,-0.024,1261035,1261410,NW_019862770.1_1261035_1261410
LOC112057021,NW_019862764.1,+,MXE_exon2,0.005701448,-0.029,1517095,1517431,NW_019862764.1_1517095_1517431
LOC112057021,NW_019862764.1,+,MXE_exon2,0.007555512,-0.015,1517095,1517431,NW_019862764.1_1517095_1517431
LOC112048050,NW_019862754.1,-,MXE_exon2,7.99E-08,-0.324,1609421,1609745,NW_019862754.1_1609421_1609745
LOC112048050,NW_019862754.1,-,MXE_exon2,4.39E-09,-0.068,1610691,1610991,NW_019862754.1_1610691_1610991
LOC112048050,NW_019862754.1,-,MXE_exon2,0.033247211,-0.068,1610691,1610992,NW_019862754.1_1610691_1610992
LOC112044972,NW_019862820.1,+,MXE_exon2,5.79E-10,-0.119,245516,245943,NW_019862820.1_245516_245943
LOC112046122,NW_019862752.1,-,MXE_exon2,0.004196603,0.222,1921119,1921403,NW_019862752.1_1921119_1921403
LOC112046122,NW_019862752.1,-,MXE_exon2,0.01658945,0.241,1921119,1921419,NW_019862752.1_1921119_1921419
LOC112046122,NW_019862752.1,-,MXE_exon2,0.009446383,0.09,1921119,1921403,NW_019862752.1_1921119_1921403
LOC112055365,NW_019863507.1,+,MXE_exon2,0.003183671,-0.267,53297,53711,NW_019863507.1_53297_53711
LOC112046090,NW_019862847.1,-,MXE_exon2,0.016886695,0.08,434499,435019,NW_019862847.1_434499_435019
LOC112047593,NW_019862897.1,-,MXE_exon2,0.000478449,-0.371,440022,440438,NW_019862897.1_440022_440438
LOC112047593,NW_019862897.1,-,MXE_exon2,0.01129407,-0.368,440022,440448,NW_019862897.1_440022_440448
LOC112057145,NW_019864371.1,-,MXE_exon2,0.00185281,0.177,9902,10534,NW_019864371.1_9902_10534
LOC112051403,NW_019863081.1,-,MXE_exon2,0.022097388,-0.044,219715,219998,NW_019863081.1_219715_219998
LOC112051403,NW_019863081.1,-,MXE_exon2,0.025933987,-0.042,219715,220012,NW_019863081.1_219715_220012
LOC112058561,NW_019862778.1,+,MXE_exon2,0.019077277,0.091,1240048,1240609,NW_019862778.1_1240048_1240609
LOC112049067,NW_019862957.1,-,MXE_exon2,0.008298709,-0.104,494855,495191,NW_019862957.1_494855_495191
LOC112049067,NW_019862957.1,-,MXE_exon2,0.008304141,-0.1,494855,495312,NW_019862957.1_494855_495312
LOC112049067,NW_019862957.1,-,MXE_exon2,0.00306696,-0.104,494855,495315,NW_019862957.1_494855_495315
LOC112049067,NW_019862957.1,-,MXE_exon2,0.020202972,-0.129,494855,495191,NW_019862957.1_494855_495191
LOC112049067,NW_019862957.1,-,MXE_exon2,0.019931659,-0.124,494855,495312,NW_019862957.1_494855_495312
LOC112049067,NW_019862957.1,-,MXE_exon2,0.009388645,-0.131,494855,495315,NW_019862957.1_494855_495315
LOC112049067,NW_019862957.1,-,MXE_exon2,0.027500025,-0.136,494855,495191,NW_019862957.1_494855_495191
LOC112049067,NW_019862957.1,-,MXE_exon2,0.027332859,-0.132,494855,495312,NW_019862957.1_494855_495312
LOC112049067,NW_019862957.1,-,MXE_exon2,0.01275856,-0.138,494855,495315,NW_019862957.1_494855_495315
LOC112049067,NW_019862957.1,-,MXE_exon2,0.019324259,-0.145,494855,495191,NW_019862957.1_494855_495191
LOC112049067,NW_019862957.1,-,MXE_exon2,0.01910356,-0.14,494855,495312,NW_019862957.1_494855_495312
LOC112049067,NW_019862957.1,-,MXE_exon2,0.008803998,-0.147,494855,495315,NW_019862957.1_494855_495315
LOC112049067,NW_019862957.1,-,MXE_exon2,0.035428727,-0.122,494855,495191,NW_019862957.1_494855_495191
LOC112049067,NW_019862957.1,-,MXE_exon2,0.035329381,-0.118,494855,495312,NW_019862957.1_494855_495312
LOC112049067,NW_019862957.1,-,MXE_exon2,0.016320292,-0.124,494855,495315,NW_019862957.1_494855_495315
LOC112046693,NW_019862867.1,+,MXE_exon2,0,0.18,673743,674011,NW_019862867.1_673743_674011
LOC112046693,NW_019862867.1,+,MXE_exon2,0,0.327,673743,674132,NW_019862867.1_673743_674132
LOC112046693,NW_019862867.1,+,MXE_exon2,0,0.216,673745,674132,NW_019862867.1_673745_674132
LOC112046693,NW_019862867.1,+,MXE_exon2,0,0.216,673771,674132,NW_019862867.1_673771_674132
LOC112046693,NW_019862867.1,+,MXE_exon2,0,0.184,673743,674127,NW_019862867.1_673743_674127
LOC112046693,NW_019862867.1,+,MXE_exon2,2.52E-13,0.071,673743,674011,NW_019862867.1_673743_674011
LOC112046693,NW_019862867.1,+,MXE_exon2,0,0.089,673745,674132,NW_019862867.1_673745_674132
LOC112046693,NW_019862867.1,+,MXE_exon2,0,0.089,673771,674132,NW_019862867.1_673771_674132
LOC112046693,NW_019862867.1,+,MXE_exon2,0,0.41,675287,675529,NW_019862867.1_675287_675529
LOC112046693,NW_019862867.1,+,MXE_exon2,0,0.526,675287,675619,NW_019862867.1_675287_675619
LOC112046693,NW_019862867.1,+,MXE_exon2,0,0.193,673743,674011,NW_019862867.1_673743_674011
LOC112046693,NW_019862867.1,+,MXE_exon2,0,0.346,673743,674132,NW_019862867.1_673743_674132
LOC112046693,NW_019862867.1,+,MXE_exon2,0,0.228,673745,674132,NW_019862867.1_673745_674132
LOC112046693,NW_019862867.1,+,MXE_exon2,0,0.228,673771,674132,NW_019862867.1_673771_674132
LOC112046693,NW_019862867.1,+,MXE_exon2,5.47E-11,0.271,675354,675631,NW_019862867.1_675354_675631
LOC112046693,NW_019862867.1,+,MXE_exon2,0,-0.258,677477,677770,NW_019862867.1_677477_677770
LOC112046693,NW_019862867.1,+,MXE_exon2,0,0.254,677478,677770,NW_019862867.1_677478_677770
LOC112056457,NW_019863828.1,-,MXE_exon2,0.002320371,0.075,31635,31949,NW_019863828.1_31635_31949
LOC112045791,NW_019862841.1,+,MXE_exon2,0.01578521,0.24,237050,237385,NW_019862841.1_237050_237385
LOC112048035,NW_019862913.1,-,MXE_exon2,1.72E-06,-0.293,297572,298109,NW_019862913.1_297572_298109
LOC112048035,NW_019862913.1,-,MXE_exon2,1.29E-11,-0.138,297572,298103,NW_019862913.1_297572_298103
LOC112048035,NW_019862913.1,-,MXE_exon2,1.29E-11,-0.138,297572,298109,NW_019862913.1_297572_298109
LOC112048035,NW_019862913.1,-,MXE_exon2,3.23E-06,-0.362,297572,298109,NW_019862913.1_297572_298109
LOC112048035,NW_019862913.1,-,MXE_exon2,1.24E-11,-0.572,297572,298103,NW_019862913.1_297572_298103
LOC112048035,NW_019862913.1,-,MXE_exon2,1.24E-11,-0.572,297572,298109,NW_019862913.1_297572_298109
LOC112054188,NW_019863327.1,-,MXE_exon2,0,-0.171,104400,104656,NW_019863327.1_104400_104656
LOC112054188,NW_019863327.1,-,MXE_exon2,0.000668607,-0.028,109358,109661,NW_019863327.1_109358_109661
LOC112055663,NW_019863579.1,-,MXE_exon2,1.35E-06,0.142,140767,141685,NW_019863579.1_140767_141685
LOC112052849,NW_019863181.1,-,MXE_exon2,2.48E-14,0.055,160490,160795,NW_019863181.1_160490_160795
LOC112052849,NW_019863181.1,-,MXE_exon2,0.017534093,-0.082,162190,162513,NW_019863181.1_162190_162513
LOC112051410,NW_019863081.1,+,MXE_exon2,0.005728548,0.263,372813,373159,NW_019863081.1_372813_373159
LOC112051410,NW_019863081.1,+,MXE_exon2,0.000199448,0.518,372825,373159,NW_019863081.1_372825_373159
LOC112051410,NW_019863081.1,+,MXE_exon2,0.008417197,0.19,372813,373159,NW_019863081.1_372813_373159
LOC112051410,NW_019863081.1,+,MXE_exon2,3.29E-05,0.47,372825,373159,NW_019863081.1_372825_373159
LOC112051410,NW_019863081.1,+,MXE_exon2,0.005485978,0.265,372813,373159,NW_019863081.1_372813_373159
LOC112051410,NW_019863081.1,+,MXE_exon2,0.000154874,0.531,372825,373159,NW_019863081.1_372825_373159
LOC112044157,NW_019862804.1,+,MXE_exon2,0.009981501,-0.04,686043,686333,NW_019862804.1_686043_686333
LOC112046979,NW_019862879.1,+,MXE_exon2,0.001172647,0.321,108199,108531,NW_019862879.1_108199_108531
LOC112046979,NW_019862879.1,+,MXE_exon2,0.001645075,0.352,108199,108531,NW_019862879.1_108199_108531
LOC112046979,NW_019862879.1,+,MXE_exon2,0.000813997,0.381,108199,108531,NW_019862879.1_108199_108531
LOC112046931,NW_019862753.1,+,MXE_exon2,0.014113657,0.074,1211058,1211446,NW_019862753.1_1211058_1211446
LOC112046931,NW_019862753.1,+,MXE_exon2,0.01361328,0.074,1211062,1211446,NW_019862753.1_1211062_1211446
LOC112050604,NW_019863032.1,-,MXE_exon2,0.035153736,-0.016,121508,121791,NW_019863032.1_121508_121791
LOC112050604,NW_019863032.1,-,MXE_exon2,0.007775197,-0.027,121509,121791,NW_019863032.1_121509_121791
LOC112050604,NW_019863032.1,-,MXE_exon2,0.026757438,-0.018,121508,121791,NW_019863032.1_121508_121791
LOC112050604,NW_019863032.1,-,MXE_exon2,0.006714003,-0.029,121509,121791,NW_019863032.1_121509_121791
LOC112050604,NW_019863032.1,-,MXE_exon2,2.79E-05,-0.048,121508,121791,NW_019863032.1_121508_121791
LOC112050604,NW_019863032.1,-,MXE_exon2,1.90E-05,-0.076,121509,121791,NW_019863032.1_121509_121791
LOC112053291,NW_019863225.1,-,MXE_exon2,0.03366524,-0.069,122273,122601,NW_019863225.1_122273_122601
LOC112053291,NW_019863225.1,-,MXE_exon2,2.98E-08,0.093,122639,122964,NW_019863225.1_122639_122964
LOC112053291,NW_019863225.1,-,MXE_exon2,0.000463645,0.142,122636,122964,NW_019863225.1_122636_122964
LOC112053291,NW_019863225.1,-,MXE_exon2,0.000678343,0.128,122639,122964,NW_019863225.1_122639_122964
LOC112053291,NW_019863225.1,-,MXE_exon2,7.25E-06,0.147,122636,122964,NW_019863225.1_122636_122964
LOC112053291,NW_019863225.1,-,MXE_exon2,9.87E-06,0.131,122639,122964,NW_019863225.1_122639_122964
LOC112051025,NW_019863057.1,-,MXE_exon2,0.004442169,-0.079,259228,259448,NW_019863057.1_259228_259448
LOC112050264,NW_019863014.1,+,MXE_exon2,0.000247737,-0.102,118048,118435,NW_019863014.1_118048_118435
LOC112050264,NW_019863014.1,+,MXE_exon2,0.000247737,-0.102,118072,118435,NW_019863014.1_118072_118435
LOC112050264,NW_019863014.1,+,MXE_exon2,0.019953843,0.206,118998,119345,NW_019863014.1_118998_119345
LOC112058472,NW_019862777.1,-,MXE_exon2,0.015486221,0.055,220238,220479,NW_019862777.1_220238_220479
LOC112058472,NW_019862777.1,-,MXE_exon2,0.00774007,0.074,218393,218686,NW_019862777.1_218393_218686
LOC112058472,NW_019862777.1,-,MXE_exon2,0.001813026,0.09,220238,220479,NW_019862777.1_220238_220479
LOC112046108,NW_019862848.1,+,MXE_exon2,0.015925495,0.043,333419,333864,NW_019862848.1_333419_333864
LOC112046108,NW_019862848.1,+,MXE_exon2,0.036367828,0.019,333419,333864,NW_019862848.1_333419_333864
LOC112046108,NW_019862848.1,+,MXE_exon2,0.015509246,0.043,333419,333864,NW_019862848.1_333419_333864
LOC112057756,NW_019862766.1,-,MXE_exon2,0.000310142,-0.019,160811,161032,NW_019862766.1_160811_161032
LOC112057756,NW_019862766.1,-,MXE_exon2,7.40E-05,-0.021,160811,161032,NW_019862766.1_160811_161032
LOC112057756,NW_019862766.1,-,MXE_exon2,0.000478449,-0.019,160811,161032,NW_019862766.1_160811_161032
LOC112053170,NW_019863214.1,-,MXE_exon2,0.049097804,0.293,183209,183514,NW_019863214.1_183209_183514
LOC112053170,NW_019863214.1,-,MXE_exon2,0.00573533,0.211,184817,185110,NW_019863214.1_184817_185110
LOC112053170,NW_019863214.1,-,MXE_exon2,1.16E-05,0.127,184817,185119,NW_019863214.1_184817_185119
LOC112053170,NW_019863214.1,-,MXE_exon2,0.048578897,0.275,183209,183514,NW_019863214.1_183209_183514
LOC112053170,NW_019863214.1,-,MXE_exon2,0.005072579,0.188,184817,185110,NW_019863214.1_184817_185110
LOC112053170,NW_019863214.1,-,MXE_exon2,2.22E-05,0.11,184817,185119,NW_019863214.1_184817_185119
LOC112053170,NW_019863214.1,-,MXE_exon2,0.011791191,0.332,183209,183505,NW_019863214.1_183209_183505
LOC112053170,NW_019863214.1,-,MXE_exon2,0.000537892,0.346,183209,183514,NW_019863214.1_183209_183514
LOC112053170,NW_019863214.1,-,MXE_exon2,4.09E-14,0.668,183211,183514,NW_019863214.1_183211_183514
LOC112053170,NW_019863214.1,-,MXE_exon2,0.039261077,0.258,184195,184485,NW_019863214.1_184195_184485
LOC112053170,NW_019863214.1,-,MXE_exon2,0.000563738,0.197,184817,185110,NW_019863214.1_184817_185110
LOC112053170,NW_019863214.1,-,MXE_exon2,1.27E-06,0.112,184817,185119,NW_019863214.1_184817_185119
LOC112053170,NW_019863214.1,-,MXE_exon2,4.95E-05,-0.089,184195,184485,NW_019863214.1_184195_184485
LOC112053170,NW_019863214.1,-,MXE_exon2,1.62E-06,-0.169,184195,184494,NW_019863214.1_184195_184494
LOC112053170,NW_019863214.1,-,MXE_exon2,0.000128567,-0.077,184817,185110,NW_019863214.1_184817_185110
LOC112053170,NW_019863214.1,-,MXE_exon2,0.003602521,-0.036,184817,185119,NW_019863214.1_184817_185119
LOC112044504,NW_019862810.1,-,MXE_exon2,3.24E-06,0.041,1164817,1165315,NW_019862810.1_1164817_1165315
LOC112044504,NW_019862810.1,-,MXE_exon2,3.44E-06,0.041,1164921,1165315,NW_019862810.1_1164921_1165315
LOC112044504,NW_019862810.1,-,MXE_exon2,7.99E-08,0.018,1165025,1165315,NW_019862810.1_1165025_1165315
LOC112044504,NW_019862810.1,-,MXE_exon2,5.68E-07,0.044,1165025,1165315,NW_019862810.1_1165025_1165315
LOC112044504,NW_019862810.1,-,MXE_exon2,0.000511686,0.019,1165910,1166244,NW_019862810.1_1165910_1166244
LOC112044504,NW_019862810.1,-,MXE_exon2,0.00044074,0.117,1166031,1166244,NW_019862810.1_1166031_1166244
LOC112044504,NW_019862810.1,-,MXE_exon2,7.86E-06,0.031,1164921,1165315,NW_019862810.1_1164921_1165315
LOC112044504,NW_019862810.1,-,MXE_exon2,2.12E-06,0.014,1165025,1165315,NW_019862810.1_1165025_1165315
LOC112044504,NW_019862810.1,-,MXE_exon2,2.33E-05,0.013,1165025,1165315,NW_019862810.1_1165025_1165315
LOC112044504,NW_019862810.1,-,MXE_exon2,2.09E-07,0.024,1165910,1166244,NW_019862810.1_1165910_1166244
LOC112044504,NW_019862810.1,-,MXE_exon2,1.38E-08,0.144,1166031,1166244,NW_019862810.1_1166031_1166244
LOC112044504,NW_019862810.1,-,MXE_exon2,1.15E-07,0.024,1165910,1166244,NW_019862810.1_1165910_1166244
LOC112044504,NW_019862810.1,-,MXE_exon2,7.76E-09,0.147,1166031,1166244,NW_019862810.1_1166031_1166244
LOC112044504,NW_019862810.1,-,MXE_exon2,2.34E-08,0.026,1165910,1166244,NW_019862810.1_1165910_1166244
LOC112044504,NW_019862810.1,-,MXE_exon2,2.47E-09,0.155,1166031,1166244,NW_019862810.1_1166031_1166244
LOC112044504,NW_019862810.1,-,MXE_exon2,0.00017304,-0.035,1165910,1166244,NW_019862810.1_1165910_1166244
LOC112044504,NW_019862810.1,-,MXE_exon2,9.78E-10,-0.029,1166520,1166838,NW_019862810.1_1166520_1166838
LOC112044504,NW_019862810.1,-,MXE_exon2,1.70E-10,-0.03,1166520,1166843,NW_019862810.1_1166520_1166843
LOC112044504,NW_019862810.1,-,MXE_exon2,7.40E-10,-0.03,1166520,1166838,NW_019862810.1_1166520_1166838
LOC112044504,NW_019862810.1,-,MXE_exon2,1.26E-10,-0.031,1166520,1166843,NW_019862810.1_1166520_1166843
LOC112044504,NW_019862810.1,-,MXE_exon2,0.013086834,-0.071,1166520,1166844,NW_019862810.1_1166520_1166844
LOC112044504,NW_019862810.1,-,MXE_exon2,0.000247944,0.197,1166520,1166838,NW_019862810.1_1166520_1166838
LOC112044504,NW_019862810.1,-,MXE_exon2,0.00029844,0.194,1166520,1166843,NW_019862810.1_1166520_1166843
LOC112054727,NW_019863402.1,-,MXE_exon2,0.000299607,0.202,71190,71471,NW_019863402.1_71190_71471
LOC112050490,NW_019863025.1,+,MXE_exon2,0.00055257,0.129,187880,188197,NW_019863025.1_187880_188197
LOC112050490,NW_019863025.1,+,MXE_exon2,0.000653945,0.133,187884,188197,NW_019863025.1_187884_188197
LOC112053917,NW_019863295.1,-,MXE_exon2,0.011493388,0.146,46062,46454,NW_019863295.1_46062_46454
nbis-pseudo177,NW_019862773.1,-,MXE_exon2,0.001276781,0.073,709108,709502,NW_019862773.1_709108_709502
LOC112058286,NW_019862773.1,-,MXE_exon2,0.026908215,-0.135,881930,882303,NW_019862773.1_881930_882303
LOC112050431,NW_019863023.1,+,MXE_exon2,0.034608769,0.257,126520,126863,NW_019863023.1_126520_126863
LOC112056355,NW_019863786.1,+,MXE_exon2,1.50E-08,-0.195,40417,40751,NW_019863786.1_40417_40751
LOC112056355,NW_019863786.1,+,MXE_exon2,3.56E-08,-0.275,40417,40751,NW_019863786.1_40417_40751
LOC112056355,NW_019863786.1,+,MXE_exon2,3.56E-08,-0.275,40417,40751,NW_019863786.1_40417_40751
LOC112053733,NW_019863277.1,+,MXE_exon2,0.002954781,-0.263,206119,206472,NW_019863277.1_206119_206472
LOC112044245,NW_019862805.1,-,MXE_exon2,4.81E-08,0.065,1015065,1015345,NW_019862805.1_1015065_1015345
LOC112044245,NW_019862805.1,-,MXE_exon2,8.79E-09,0.175,1015065,1015395,NW_019862805.1_1015065_1015395
LOC112044245,NW_019862805.1,-,MXE_exon2,4.81E-08,0.065,1015065,1015345,NW_019862805.1_1015065_1015345
LOC112044245,NW_019862805.1,-,MXE_exon2,8.79E-09,0.175,1015065,1015395,NW_019862805.1_1015065_1015395
LOC112044245,NW_019862805.1,-,MXE_exon2,7.94E-06,0.287,1015065,1015395,NW_019862805.1_1015065_1015395
LOC112051355,NW_019863077.1,-,MXE_exon2,0.002538439,-0.123,31590,31997,NW_019863077.1_31590_31997
LOC112051355,NW_019863077.1,-,MXE_exon2,0.001998123,-0.085,31725,31996,NW_019863077.1_31725_31996
LOC112051355,NW_019863077.1,-,MXE_exon2,0.018567836,-0.184,31725,31997,NW_019863077.1_31725_31997
LOC112047485,NW_019862894.1,-,MXE_exon2,1.26E-11,-0.134,902310,902805,NW_019862894.1_902310_902805
LOC112047485,NW_019862894.1,-,MXE_exon2,0.038540214,-0.018,903227,903629,NW_019862894.1_903227_903629
LOC112047485,NW_019862894.1,-,MXE_exon2,7.12E-11,-0.27,902310,902805,NW_019862894.1_902310_902805
LOC112047485,NW_019862894.1,-,MXE_exon2,0.038003038,-0.065,903227,903629,NW_019862894.1_903227_903629
LOC112047485,NW_019862894.1,-,MXE_exon2,0.001135092,-0.457,902310,902805,NW_019862894.1_902310_902805
LOC112047476,NW_019862894.1,-,MXE_exon2,8.40E-15,-0.194,1092654,1093106,NW_019862894.1_1092654_1093106
LOC112053737,NW_019863277.1,+,MXE_exon2,5.02E-05,0.29,17917,18180,NW_019863277.1_17917_18180
LOC112053737,NW_019863277.1,+,MXE_exon2,4.76E-05,0.313,17917,18229,NW_019863277.1_17917_18229
LOC112048590,NW_019862936.1,+,MXE_exon2,0.001426079,0.201,52223,52535,NW_019862936.1_52223_52535
LOC112054625,NW_019863386.1,-,MXE_exon2,5.13E-06,-0.105,44932,45307,NW_019863386.1_44932_45307
LOC112058407,NW_019862776.1,+,MXE_exon2,0.005225112,0.018,484154,484450,NW_019862776.1_484154_484450
LOC112054767,NW_019863408.1,+,MXE_exon2,6.73E-08,-0.337,136747,137136,NW_019863408.1_136747_137136
LOC112054767,NW_019863408.1,+,MXE_exon2,0,-0.345,136750,137136,NW_019863408.1_136750_137136
LOC112050737,NW_019863039.1,-,MXE_exon2,0.048265423,0.137,238642,238941,NW_019863039.1_238642_238941
LOC112050706,NW_019863039.1,+,MXE_exon2,6.02E-05,-0.291,272810,273361,NW_019863039.1_272810_273361
LOC112050706,NW_019863039.1,+,MXE_exon2,6.02E-05,-0.291,272810,273361,NW_019863039.1_272810_273361
LOC112050706,NW_019863039.1,+,MXE_exon2,0.004447494,-0.456,272810,273366,NW_019863039.1_272810_273366
LOC112043377,NW_019862789.1,+,MXE_exon2,1.10E-05,0.526,845070,845471,NW_019862789.1_845070_845471
LOC112048047,NW_019862914.1,-,MXE_exon2,0.03948087,-0.11,451407,451778,NW_019862914.1_451407_451778
LOC112056791,NW_019862764.1,-,MXE_exon2,0.027921695,0.022,142167,142628,NW_019862764.1_142167_142628
LOC112056791,NW_019862764.1,-,MXE_exon2,7.01E-05,-0.104,142601,142891,NW_019862764.1_142601_142891
LOC112049997,NW_019863001.1,+,MXE_exon2,0.039033694,0.02,251457,251738,NW_019863001.1_251457_251738
LOC112049997,NW_019863001.1,+,MXE_exon2,0.01182837,0.036,251457,251738,NW_019863001.1_251457_251738
LOC112057268,NW_019862764.1,+,MXE_exon2,0.025819628,0.07,2241061,2241654,NW_019862764.1_2241061_2241654
LOC112051004,NW_019863056.1,+,MXE_exon2,0.001727069,-0.292,366558,366812,NW_019863056.1_366558_366812
LOC112053476,NW_019863244.1,+,MXE_exon2,0.024516418,-0.081,131650,131968,NW_019863244.1_131650_131968
LOC112052748,NW_019863172.1,+,MXE_exon2,0.030602433,-0.123,262270,262588,NW_019863172.1_262270_262588
LOC112049660,NW_019862756.1,+,MXE_exon2,0.003914909,-0.094,185145,185471,NW_019862756.1_185145_185471
LOC112049660,NW_019862756.1,+,MXE_exon2,0.006073517,-0.084,185145,185471,NW_019862756.1_185145_185471
LOC112057294,NW_019862764.1,-,MXE_exon2,0,-0.188,2263032,2263318,NW_019862764.1_2263032_2263318
LOC112057294,NW_019862764.1,-,MXE_exon2,0,-0.086,2263032,2263348,NW_019862764.1_2263032_2263348
LOC112057294,NW_019862764.1,-,MXE_exon2,0,-0.166,2263032,2263359,NW_019862764.1_2263032_2263359
LOC112057294,NW_019862764.1,-,MXE_exon2,0,-0.173,2263032,2263374,NW_019862764.1_2263032_2263374
LOC112057294,NW_019862764.1,-,MXE_exon2,0,-0.172,2263033,2263348,NW_019862764.1_2263033_2263348
LOC112057294,NW_019862764.1,-,MXE_exon2,0,-0.182,2263062,2263348,NW_019862764.1_2263062_2263348
LOC112057294,NW_019862764.1,-,MXE_exon2,0,-0.311,2263032,2263318,NW_019862764.1_2263032_2263318
LOC112057294,NW_019862764.1,-,MXE_exon2,0,-0.281,2263032,2263359,NW_019862764.1_2263032_2263359
LOC112057294,NW_019862764.1,-,MXE_exon2,0,-0.291,2263032,2263374,NW_019862764.1_2263032_2263374
LOC112057294,NW_019862764.1,-,MXE_exon2,0,-0.291,2263033,2263348,NW_019862764.1_2263033_2263348
LOC112057294,NW_019862764.1,-,MXE_exon2,0,-0.305,2263062,2263348,NW_019862764.1_2263062_2263348
LOC112057294,NW_019862764.1,-,MXE_exon2,0.000143662,-0.503,2265073,2265457,NW_019862764.1_2265073_2265457
LOC112057294,NW_019862764.1,-,MXE_exon2,0.002476731,-0.294,2266783,2267209,NW_019862764.1_2266783_2267209
LOC112055413,NW_019863520.1,-,MXE_exon2,0.023167983,0.048,128679,129081,NW_019863520.1_128679_129081
LOC112044442,NW_019862809.1,+,MXE_exon2,8.40E-15,0.232,819859,820115,NW_019862809.1_819859_820115
LOC112055427,NW_019863522.1,-,MXE_exon2,1.70E-08,-0.142,80902,81296,NW_019863522.1_80902_81296
LOC112055427,NW_019863522.1,-,MXE_exon2,5.35E-08,-0.143,80961,81296,NW_019863522.1_80961_81296
LOC112056217,NW_019863736.1,-,MXE_exon2,3.13E-05,-0.189,66326,66627,NW_019863736.1_66326_66627
LOC112043313,NW_019862788.1,-,MXE_exon2,0.001998123,-0.075,828480,828732,NW_019862788.1_828480_828732
LOC112051953,NW_019863115.1,+,MXE_exon2,4.49E-06,-0.312,175088,175487,NW_019863115.1_175088_175487
LOC112051953,NW_019863115.1,+,MXE_exon2,0.001172719,-0.253,175088,175487,NW_019863115.1_175088_175487
LOC112053895,NW_019863292.1,-,MXE_exon2,0.00084863,0.071,32402,32724,NW_019863292.1_32402_32724
LOC112053895,NW_019863292.1,-,MXE_exon2,0.000737512,0.068,32402,32724,NW_019863292.1_32402_32724
LOC112053895,NW_019863292.1,-,MXE_exon2,0.001813026,-0.028,34073,34395,NW_019863292.1_34073_34395
LOC112053886,NW_019863292.1,+,MXE_exon2,0,0.131,125503,126139,NW_019863292.1_125503_126139
LOC112053886,NW_019863292.1,+,MXE_exon2,0.011588089,0.087,148366,148622,NW_019863292.1_148366_148622
LOC112053886,NW_019863292.1,+,MXE_exon2,0,-0.308,159460,159819,NW_019863292.1_159460_159819
LOC112053886,NW_019863292.1,+,MXE_exon2,0,-0.508,159467,159823,NW_019863292.1_159467_159823
LOC112053886,NW_019863292.1,+,MXE_exon2,0,-0.509,159467,160113,NW_019863292.1_159467_160113
LOC112053886,NW_019863292.1,+,MXE_exon2,0,-0.312,159476,159819,NW_019863292.1_159476_159819
LOC112058419,NW_019862776.1,-,MXE_exon2,0.03622932,0.013,779953,780204,NW_019862776.1_779953_780204
LOC112058419,NW_019862776.1,-,MXE_exon2,0.000751019,0.02,779953,780204,NW_019862776.1_779953_780204
LOC112057691,NW_019862765.1,-,MXE_exon2,0.000159556,-0.13,1262791,1263080,NW_019862765.1_1262791_1263080
LOC112054150,NW_019863325.1,+,MXE_exon2,0.000137627,0.358,281830,282195,NW_019863325.1_281830_282195
LOC112052373,NW_019862759.1,+,MXE_exon2,0.010366968,0.043,2028619,2028972,NW_019862759.1_2028619_2028972
LOC112057884,NW_019862768.1,+,MXE_exon2,7.20E-11,0.461,1055336,1055810,NW_019862768.1_1055336_1055810
LOC112057907,NW_019862768.1,-,MXE_exon2,0.00278045,-0.097,1862174,1862486,NW_019862768.1_1862174_1862486
LOC112057907,NW_019862768.1,-,MXE_exon2,0.001211908,-0.097,1862174,1862490,NW_019862768.1_1862174_1862490
LOC112057907,NW_019862768.1,-,MXE_exon2,0.000554092,-0.101,1862174,1862508,NW_019862768.1_1862174_1862508
LOC112057907,NW_019862768.1,-,MXE_exon2,0.002667626,-0.097,1862174,1862486,NW_019862768.1_1862174_1862486
LOC112057907,NW_019862768.1,-,MXE_exon2,0.001164482,-0.097,1862174,1862490,NW_019862768.1_1862174_1862490
LOC112057907,NW_019862768.1,-,MXE_exon2,0.000527927,-0.101,1862174,1862508,NW_019862768.1_1862174_1862508
LOC112057907,NW_019862768.1,-,MXE_exon2,0.002859474,-0.097,1862174,1862486,NW_019862768.1_1862174_1862486
LOC112057907,NW_019862768.1,-,MXE_exon2,0.00126303,-0.097,1862174,1862490,NW_019862768.1_1862174_1862490
LOC112057907,NW_019862768.1,-,MXE_exon2,0.000575935,-0.101,1862174,1862508,NW_019862768.1_1862174_1862508
LOC112057907,NW_019862768.1,-,MXE_exon2,0.000431889,-0.071,1862174,1862486,NW_019862768.1_1862174_1862486
LOC112057907,NW_019862768.1,-,MXE_exon2,0.000454545,-0.072,1862174,1862490,NW_019862768.1_1862174_1862490
LOC112057907,NW_019862768.1,-,MXE_exon2,0.0001948,-0.074,1862174,1862508,NW_019862768.1_1862174_1862508
LOC112054900,NW_019863429.1,+,MXE_exon2,1.52E-13,-0.75,84922,85184,NW_019863429.1_84922_85184
LOC112054900,NW_019863429.1,+,MXE_exon2,4.22E-05,-0.683,84922,85185,NW_019863429.1_84922_85185
LOC112053720,NW_019863276.1,-,MXE_exon2,0,0.525,171267,171518,NW_019863276.1_171267_171518
LOC112053720,NW_019863276.1,-,MXE_exon2,0,0.537,171267,171536,NW_019863276.1_171267_171536
LOC112048342,NW_019862926.1,+,MXE_exon2,0.001538831,-0.097,214599,215064,NW_019862926.1_214599_215064
LOC112058296,NW_019862773.1,+,MXE_exon2,0,0.445,1394744,1395090,NW_019862773.1_1394744_1395090
LOC112054484,NW_019863363.1,-,MXE_exon2,0,0.663,24502,24789,NW_019863363.1_24502_24789
LOC112054484,NW_019863363.1,-,MXE_exon2,0,0.678,24502,24801,NW_019863363.1_24502_24801
LOC112054484,NW_019863363.1,-,MXE_exon2,0,0.694,24502,24826,NW_019863363.1_24502_24826
LOC112054484,NW_019863363.1,-,MXE_exon2,0,0.792,24502,24789,NW_019863363.1_24502_24789
LOC112054484,NW_019863363.1,-,MXE_exon2,0,0.815,24502,24801,NW_019863363.1_24502_24801
LOC112054484,NW_019863363.1,-,MXE_exon2,0,0.815,24502,24826,NW_019863363.1_24502_24826
LOC112046714,NW_019862869.1,-,MXE_exon2,1.56E-06,-0.288,204516,204951,NW_019862869.1_204516_204951
LOC112046714,NW_019862869.1,-,MXE_exon2,0.042655979,-0.239,204516,204951,NW_019862869.1_204516_204951
LOC112046714,NW_019862869.1,-,MXE_exon2,0,-0.381,204516,204951,NW_019862869.1_204516_204951
LOC112046714,NW_019862869.1,-,MXE_exon2,0,-0.311,204516,204951,NW_019862869.1_204516_204951
LOC112046714,NW_019862869.1,-,MXE_exon2,0,-0.313,204516,204951,NW_019862869.1_204516_204951
LOC112046714,NW_019862869.1,-,MXE_exon2,0,-0.313,204516,204951,NW_019862869.1_204516_204951
LOC112046714,NW_019862869.1,-,MXE_exon2,1.56E-06,-0.288,204516,204951,NW_019862869.1_204516_204951
LOC112046714,NW_019862869.1,-,MXE_exon2,0.042655979,-0.239,204516,204951,NW_019862869.1_204516_204951
LOC112046714,NW_019862869.1,-,MXE_exon2,0,-0.381,204516,204951,NW_019862869.1_204516_204951
LOC112046714,NW_019862869.1,-,MXE_exon2,0,-0.381,204516,204951,NW_019862869.1_204516_204951
LOC112046755,NW_019862869.1,-,MXE_exon2,0.006782603,0.148,742309,742711,NW_019862869.1_742309_742711
LOC112058072,NW_019862771.1,+,MXE_exon2,0.000554165,0.022,501501,502081,NW_019862771.1_501501_502081
LOC112056174,NW_019863727.1,-,MXE_exon2,0,-0.069,23701,23971,NW_019863727.1_23701_23971
LOC112056174,NW_019863727.1,-,MXE_exon2,0,-0.16,23701,23977,NW_019863727.1_23701_23977
LOC112056170,NW_019863725.1,+,MXE_exon2,0.010103364,0.111,18979,19402,NW_019863725.1_18979_19402
LOC112056170,NW_019863725.1,+,MXE_exon2,0.021290019,0.145,18985,19402,NW_019863725.1_18985_19402
LOC112056170,NW_019863725.1,+,MXE_exon2,0.021855248,0.145,19021,19402,NW_019863725.1_19021_19402
LOC112050031,NW_019863002.1,+,MXE_exon2,0.006899606,-0.46,283128,283487,NW_019863002.1_283128_283487
LOC112050031,NW_019863002.1,+,MXE_exon2,0.001912153,-0.14,283128,283488,NW_019863002.1_283128_283488
LOC112050031,NW_019863002.1,+,MXE_exon2,0.00696304,-0.455,283128,283488,NW_019863002.1_283128_283488
LOC112055897,NW_019863653.1,+,MXE_exon2,0,-0.856,84604,84957,NW_019863653.1_84604_84957
LOC112055897,NW_019863653.1,+,MXE_exon2,0,-0.844,85208,85652,NW_019863653.1_85208_85652
LOC112047813,NW_019862904.1,+,MXE_exon2,1.61E-09,0.121,970087,970364,NW_019862904.1_970087_970364
LOC112055815,NW_019863623.1,-,MXE_exon2,2.16E-06,0.143,12750,13263,NW_019863623.1_12750_13263
LOC112055815,NW_019863623.1,-,MXE_exon2,5.62E-10,0.275,12775,13263,NW_019863623.1_12775_13263
LOC112055815,NW_019863623.1,-,MXE_exon2,1.69E-06,0.175,12775,13273,NW_019863623.1_12775_13273
LOC112055815,NW_019863623.1,-,MXE_exon2,1.48E-06,0.173,13531,14019,NW_019863623.1_13531_14019
LOC112055815,NW_019863623.1,-,MXE_exon2,5.52E-05,0.192,13867,14352,NW_019863623.1_13867_14352
LOC112055815,NW_019863623.1,-,MXE_exon2,2.48E-14,0.418,14226,14711,NW_019863623.1_14226_14711
LOC112055815,NW_019863623.1,-,MXE_exon2,5.00E-06,0.214,15893,16378,NW_019863623.1_15893_16378
LOC112055815,NW_019863623.1,-,MXE_exon2,2.20E-06,0.193,17135,17623,NW_019863623.1_17135_17623
LOC112055815,NW_019863623.1,-,MXE_exon2,0.000142749,0.297,17493,17981,NW_019863623.1_17493_17981
LOC112055815,NW_019863623.1,-,MXE_exon2,2.28E-09,0.25,17982,18470,NW_019863623.1_17982_18470
LOC112055815,NW_019863623.1,-,MXE_exon2,7.24E-08,0.269,18399,18887,NW_019863623.1_18399_18887
LOC112055815,NW_019863623.1,-,MXE_exon2,3.72E-10,0.273,18772,19266,NW_019863623.1_18772_19266
LOC112055815,NW_019863623.1,-,MXE_exon2,1.33E-08,0.402,19121,19615,NW_019863623.1_19121_19615
LOC112055815,NW_019863623.1,-,MXE_exon2,1.52E-06,0.244,19262,19615,NW_019863623.1_19262_19615
LOC112055815,NW_019863623.1,-,MXE_exon2,5.00E-06,0.144,19519,20013,NW_019863623.1_19519_20013
LOC112055815,NW_019863623.1,-,MXE_exon2,1.44E-05,0.094,12750,13263,NW_019863623.1_12750_13263
LOC112055815,NW_019863623.1,-,MXE_exon2,1.18E-09,0.184,12775,13263,NW_019863623.1_12775_13263
LOC112055815,NW_019863623.1,-,MXE_exon2,5.52E-06,0.11,12775,13273,NW_019863623.1_12775_13273
LOC112055815,NW_019863623.1,-,MXE_exon2,7.69E-06,0.109,13531,14019,NW_019863623.1_13531_14019
LOC112055815,NW_019863623.1,-,MXE_exon2,4.21E-05,0.132,13867,14352,NW_019863623.1_13867_14352
LOC112055815,NW_019863623.1,-,MXE_exon2,2.49E-05,0.219,17493,17981,NW_019863623.1_17493_17981
LOC112055815,NW_019863623.1,-,MXE_exon2,3.04E-08,0.182,18399,18887,NW_019863623.1_18399_18887
LOC112055815,NW_019863623.1,-,MXE_exon2,1.21E-09,0.183,18772,19266,NW_019863623.1_18772_19266
LOC112055815,NW_019863623.1,-,MXE_exon2,4.89E-07,0.165,19262,19615,NW_019863623.1_19262_19615
LOC112055815,NW_019863623.1,-,MXE_exon2,2.16E-06,0.143,12750,13263,NW_019863623.1_12750_13263
LOC112055815,NW_019863623.1,-,MXE_exon2,5.62E-10,0.275,12775,13263,NW_019863623.1_12775_13263
LOC112055815,NW_019863623.1,-,MXE_exon2,1.69E-06,0.175,12775,13273,NW_019863623.1_12775_13273
LOC112055815,NW_019863623.1,-,MXE_exon2,1.48E-06,0.173,13531,14019,NW_019863623.1_13531_14019
LOC112055815,NW_019863623.1,-,MXE_exon2,5.52E-05,0.192,13867,14352,NW_019863623.1_13867_14352
LOC112055815,NW_019863623.1,-,MXE_exon2,2.48E-14,0.418,14226,14711,NW_019863623.1_14226_14711
LOC112055815,NW_019863623.1,-,MXE_exon2,5.00E-06,0.214,15893,16378,NW_019863623.1_15893_16378
LOC112055815,NW_019863623.1,-,MXE_exon2,2.20E-06,0.193,17135,17623,NW_019863623.1_17135_17623
LOC112055815,NW_019863623.1,-,MXE_exon2,0.000142749,0.297,17493,17981,NW_019863623.1_17493_17981
LOC112055815,NW_019863623.1,-,MXE_exon2,2.28E-09,0.25,17982,18470,NW_019863623.1_17982_18470
LOC112055815,NW_019863623.1,-,MXE_exon2,7.24E-08,0.269,18399,18887,NW_019863623.1_18399_18887
LOC112055815,NW_019863623.1,-,MXE_exon2,3.72E-10,0.273,18772,19266,NW_019863623.1_18772_19266
LOC112055815,NW_019863623.1,-,MXE_exon2,1.33E-08,0.402,19121,19615,NW_019863623.1_19121_19615
LOC112055815,NW_019863623.1,-,MXE_exon2,1.52E-06,0.244,19262,19615,NW_019863623.1_19262_19615
LOC112055815,NW_019863623.1,-,MXE_exon2,5.00E-06,0.144,19519,20013,NW_019863623.1_19519_20013
LOC112055815,NW_019863623.1,-,MXE_exon2,9.63E-07,0.207,12750,13263,NW_019863623.1_12750_13263
LOC112055815,NW_019863623.1,-,MXE_exon2,2.57E-09,0.337,12775,13263,NW_019863623.1_12775_13263
LOC112055815,NW_019863623.1,-,MXE_exon2,1.28E-06,0.213,12775,13273,NW_019863623.1_12775_13273
LOC112055815,NW_019863623.1,-,MXE_exon2,3.51E-07,0.222,13531,14019,NW_019863623.1_13531_14019
LOC112055815,NW_019863623.1,-,MXE_exon2,0.000173272,0.244,13867,14352,NW_019863623.1_13867_14352
LOC112055815,NW_019863623.1,-,MXE_exon2,8.85E-14,0.492,14226,14711,NW_019863623.1_14226_14711
LOC112055815,NW_019863623.1,-,MXE_exon2,5.38E-06,0.27,15893,16378,NW_019863623.1_15893_16378
LOC112055815,NW_019863623.1,-,MXE_exon2,6.57E-07,0.233,17135,17623,NW_019863623.1_17135_17623
LOC112055815,NW_019863623.1,-,MXE_exon2,0.00554306,0.319,17493,17981,NW_019863623.1_17493_17981
LOC112055815,NW_019863623.1,-,MXE_exon2,1.76E-09,0.323,17982,18470,NW_019863623.1_17982_18470
LOC112055815,NW_019863623.1,-,MXE_exon2,6.95E-09,0.321,18399,18887,NW_019863623.1_18399_18887
LOC112055815,NW_019863623.1,-,MXE_exon2,7.40E-10,0.351,18772,19266,NW_019863623.1_18772_19266
LOC112055815,NW_019863623.1,-,MXE_exon2,2.19E-06,0.419,19121,19615,NW_019863623.1_19121_19615
LOC112055815,NW_019863623.1,-,MXE_exon2,5.16E-05,0.271,19262,19615,NW_019863623.1_19262_19615
LOC112055815,NW_019863623.1,-,MXE_exon2,3.69E-06,0.19,19519,20013,NW_019863623.1_19519_20013
LOC112055815,NW_019863623.1,-,MXE_exon2,0.000107971,-0.144,19121,19615,NW_019863623.1_19121_19615
LOC112055815,NW_019863623.1,-,MXE_exon2,0.000129219,-0.197,19121,19615,NW_019863623.1_19121_19615
LOC112055815,NW_019863623.1,-,MXE_exon2,0.000856629,-0.093,19121,19615,NW_019863623.1_19121_19615
LOC112055815,NW_019863623.1,-,MXE_exon2,7.98E-05,-0.152,19121,19615,NW_019863623.1_19121_19615
LOC112055815,NW_019863623.1,-,MXE_exon2,8.68E-05,0.439,14226,14711,NW_019863623.1_14226_14711
LOC112055815,NW_019863623.1,-,MXE_exon2,0.001033231,0.118,19519,20013,NW_019863623.1_19519_20013
LOC112055815,NW_019863623.1,-,MXE_exon2,0.000147299,-0.255,17493,17981,NW_019863623.1_17493_17981
LOC112055815,NW_019863623.1,-,MXE_exon2,0.005924548,-0.044,19519,20013,NW_019863623.1_19519_20013
LOC112055815,NW_019863623.1,-,MXE_exon2,9.46E-06,-0.252,19121,19615,NW_019863623.1_19121_19615
LOC112055815,NW_019863623.1,-,MXE_exon2,6.91E-06,-0.255,19121,19615,NW_019863623.1_19121_19615
LOC112055815,NW_019863623.1,-,MXE_exon2,0.004318274,-0.01,26357,26920,NW_019863623.1_26357_26920
LOC112055815,NW_019863623.1,-,MXE_exon2,0.02883282,0.06,30546,30870,NW_019863623.1_30546_30870
LOC112055815,NW_019863623.1,-,MXE_exon2,0.003028954,0.013,26357,26920,NW_019863623.1_26357_26920
LOC112055815,NW_019863623.1,-,MXE_exon2,0.024008559,0.082,30546,30870,NW_019863623.1_30546_30870
LOC112055815,NW_019863623.1,-,MXE_exon2,5.57E-06,-0.483,27934,28258,NW_019863623.1_27934_28258
LOC112055815,NW_019863623.1,-,MXE_exon2,3.27E-05,-0.466,28382,29054,NW_019863623.1_28382_29054
LOC112055815,NW_019863623.1,-,MXE_exon2,0.029091146,0.255,29974,30459,NW_019863623.1_29974_30459
LOC112055815,NW_019863623.1,-,MXE_exon2,0.049821858,0.374,30135,30674,NW_019863623.1_30135_30674
LOC112055815,NW_019863623.1,-,MXE_exon2,0.002868597,0.277,29447,29951,NW_019863623.1_29447_29951
LOC112055815,NW_019863623.1,-,MXE_exon2,1.71E-08,0.495,29800,30124,NW_019863623.1_29800_30124
LOC112055815,NW_019863623.1,-,MXE_exon2,0.016985875,0.366,29800,30459,NW_019863623.1_29800_30459
LOC112055815,NW_019863623.1,-,MXE_exon2,0.000777681,0.415,30546,30870,NW_019863623.1_30546_30870
LOC112055815,NW_019863623.1,-,MXE_exon2,3.43E-05,0.392,30721,31045,NW_019863623.1_30721_31045
LOC112055815,NW_019863623.1,-,MXE_exon2,0.000104375,0.31,30899,31223,NW_019863623.1_30899_31223
LOC112055815,NW_019863623.1,-,MXE_exon2,3.44E-05,0.384,31067,31391,NW_019863623.1_31067_31391
LOC112055815,NW_019863623.1,-,MXE_exon2,0.001172647,0.371,29447,29951,NW_019863623.1_29447_29951
LOC112055815,NW_019863623.1,-,MXE_exon2,5.23E-10,0.617,29800,30124,NW_019863623.1_29800_30124
LOC112055815,NW_019863623.1,-,MXE_exon2,0.009098632,0.494,29800,30459,NW_019863623.1_29800_30459
LOC112055815,NW_019863623.1,-,MXE_exon2,0.048275536,0.428,30135,30674,NW_019863623.1_30135_30674
LOC112055815,NW_019863623.1,-,MXE_exon2,0.000420515,0.523,30546,30870,NW_019863623.1_30546_30870
LOC112055815,NW_019863623.1,-,MXE_exon2,1.44E-05,0.516,30721,31045,NW_019863623.1_30721_31045
LOC112055815,NW_019863623.1,-,MXE_exon2,3.72E-05,0.422,30899,31223,NW_019863623.1_30899_31223
LOC112055815,NW_019863623.1,-,MXE_exon2,1.28E-05,0.517,31067,31391,NW_019863623.1_31067_31391
LOC112055815,NW_019863623.1,-,MXE_exon2,0.049367043,0.127,28730,29054,NW_019863623.1_28730_29054
LOC112055815,NW_019863623.1,-,MXE_exon2,0.001363388,0.283,29447,29951,NW_019863623.1_29447_29951
LOC112055815,NW_019863623.1,-,MXE_exon2,3.91E-09,0.516,29800,30124,NW_019863623.1_29800_30124
LOC112055815,NW_019863623.1,-,MXE_exon2,0.011838206,0.464,29800,30459,NW_019863623.1_29800_30459
LOC112055815,NW_019863623.1,-,MXE_exon2,0.046467485,0.332,30135,30674,NW_019863623.1_30135_30674
LOC112055815,NW_019863623.1,-,MXE_exon2,0.000216395,0.434,30546,30870,NW_019863623.1_30546_30870
LOC112055815,NW_019863623.1,-,MXE_exon2,3.91E-06,0.49,30721,31045,NW_019863623.1_30721_31045
LOC112055815,NW_019863623.1,-,MXE_exon2,4.20E-05,0.334,30899,31223,NW_019863623.1_30899_31223
LOC112055815,NW_019863623.1,-,MXE_exon2,7.99E-06,0.406,31067,31391,NW_019863623.1_31067_31391
LOC112055815,NW_019863623.1,-,MXE_exon2,0.028977286,0.254,28730,29054,NW_019863623.1_28730_29054
LOC112055815,NW_019863623.1,-,MXE_exon2,0.000449329,0.421,29447,29951,NW_019863623.1_29447_29951
LOC112055815,NW_019863623.1,-,MXE_exon2,6.77E-10,0.597,29800,30124,NW_019863623.1_29800_30124
LOC112055815,NW_019863623.1,-,MXE_exon2,0.004553986,0.475,29800,30459,NW_019863623.1_29800_30459
LOC112055815,NW_019863623.1,-,MXE_exon2,0.000180891,0.502,30546,30870,NW_019863623.1_30546_30870
LOC112055815,NW_019863623.1,-,MXE_exon2,6.59E-06,0.497,30721,31045,NW_019863623.1_30721_31045
LOC112055815,NW_019863623.1,-,MXE_exon2,2.95E-05,0.401,30899,31223,NW_019863623.1_30899_31223
LOC112055815,NW_019863623.1,-,MXE_exon2,3.02E-06,0.56,31067,31391,NW_019863623.1_31067_31391
LOC112055815,NW_019863623.1,-,MXE_exon2,0.047334791,-0.371,27584,28258,NW_019863623.1_27584_28258
LOC112055815,NW_019863623.1,-,MXE_exon2,0.016746617,-0.423,27756,28258,NW_019863623.1_27756_28258
LOC112055815,NW_019863623.1,-,MXE_exon2,0.041867559,-0.331,27934,28258,NW_019863623.1_27934_28258
LOC112055815,NW_019863623.1,-,MXE_exon2,0.0344134,-0.363,27756,28258,NW_019863623.1_27756_28258
LOC112055815,NW_019863623.1,-,MXE_exon2,0.029985283,-0.373,27756,28258,NW_019863623.1_27756_28258
LOC112055815,NW_019863623.1,-,MXE_exon2,0.008072207,0.434,29800,30459,NW_019863623.1_29800_30459
LOC112055815,NW_019863623.1,-,MXE_exon2,8.97E-05,0.392,30721,31045,NW_019863623.1_30721_31045
LOC112055815,NW_019863623.1,-,MXE_exon2,0.001870538,0.479,29800,30459,NW_019863623.1_29800_30459
LOC112055815,NW_019863623.1,-,MXE_exon2,0.039398497,0.366,29974,30298,NW_019863623.1_29974_30298
LOC112055815,NW_019863623.1,-,MXE_exon2,2.70E-05,0.439,30721,31045,NW_019863623.1_30721_31045
LOC112055815,NW_019863623.1,-,MXE_exon2,0.000209807,0.41,29447,29951,NW_019863623.1_29447_29951
LOC112055815,NW_019863623.1,-,MXE_exon2,0.0031827,0.405,29800,30459,NW_019863623.1_29800_30459
LOC112055815,NW_019863623.1,-,MXE_exon2,0.030667376,0.382,30135,30674,NW_019863623.1_30135_30674
LOC112055815,NW_019863623.1,-,MXE_exon2,2.25E-06,0.494,31067,31391,NW_019863623.1_31067_31391
LOC112055815,NW_019863623.1,-,MXE_exon2,0.001244847,0.433,29447,29951,NW_019863623.1_29447_29951
LOC112055815,NW_019863623.1,-,MXE_exon2,5.15E-10,0.653,29800,30124,NW_019863623.1_29800_30124
LOC112055815,NW_019863623.1,-,MXE_exon2,0.016320292,0.471,29800,30459,NW_019863623.1_29800_30459
LOC112055815,NW_019863623.1,-,MXE_exon2,0.000920071,0.526,30546,30870,NW_019863623.1_30546_30870
LOC112055815,NW_019863623.1,-,MXE_exon2,2.78E-05,0.496,30721,31045,NW_019863623.1_30721_31045
LOC112055815,NW_019863623.1,-,MXE_exon2,4.62E-05,0.456,30899,31223,NW_019863623.1_30899_31223
LOC112055815,NW_019863623.1,-,MXE_exon2,2.67E-05,0.515,31067,31391,NW_019863623.1_31067_31391
LOC112055815,NW_019863623.1,-,MXE_exon2,0.015415916,0.313,32814,33499,NW_019863623.1_32814_33499
LOC112055815,NW_019863623.1,-,MXE_exon2,2.22E-07,0.485,33119,33499,NW_019863623.1_33119_33499
LOC112055815,NW_019863623.1,-,MXE_exon2,0.001207634,0.355,33119,33771,NW_019863623.1_33119_33771
LOC112055815,NW_019863623.1,-,MXE_exon2,4.88E-06,0.349,33656,34303,NW_019863623.1_33656_34303
LOC112055815,NW_019863623.1,-,MXE_exon2,0.041563534,0.109,33923,34303,NW_019863623.1_33923_34303
LOC112055815,NW_019863623.1,-,MXE_exon2,0.028977286,0.305,34461,35108,NW_019863623.1_34461_35108
LOC112055815,NW_019863623.1,-,MXE_exon2,5.33E-05,0.346,34737,35108,NW_019863623.1_34737_35108
LOC112055815,NW_019863623.1,-,MXE_exon2,6.84E-05,0.25,34973,35335,NW_019863623.1_34973_35335
LOC112055815,NW_019863623.1,-,MXE_exon2,7.75E-07,0.435,34973,35591,NW_019863623.1_34973_35591
LOC112055815,NW_019863623.1,-,MXE_exon2,8.58E-07,0.433,35220,35591,NW_019863623.1_35220_35591
LOC112055815,NW_019863623.1,-,MXE_exon2,5.38E-05,0.259,35220,35866,NW_019863623.1_35220_35866
LOC112055815,NW_019863623.1,-,MXE_exon2,0.000583982,0.398,33119,33499,NW_019863623.1_33119_33499
LOC112055815,NW_019863623.1,-,MXE_exon2,0.001674139,0.304,33656,34303,NW_019863623.1_33656_34303
LOC112055815,NW_019863623.1,-,MXE_exon2,0.004680757,0.261,34737,35108,NW_019863623.1_34737_35108
LOC112055815,NW_019863623.1,-,MXE_exon2,0.001058402,0.145,34973,35335,NW_019863623.1_34973_35335
LOC112055815,NW_019863623.1,-,MXE_exon2,0.001271255,0.315,34973,35591,NW_019863623.1_34973_35591
LOC112055815,NW_019863623.1,-,MXE_exon2,0.00118458,0.315,35220,35591,NW_019863623.1_35220_35591
LOC112055815,NW_019863623.1,-,MXE_exon2,0.000677707,0.149,35220,35866,NW_019863623.1_35220_35866
LOC112055815,NW_019863623.1,-,MXE_exon2,5.32E-05,0.312,35802,36164,NW_019863623.1_35802_36164
LOC112055815,NW_019863623.1,-,MXE_exon2,0.044540866,0.083,35220,35591,NW_019863623.1_35220_35591
LOC112055815,NW_019863623.1,-,MXE_exon2,0.017307539,-0.068,35220,35866,NW_019863623.1_35220_35866
LOC112055815,NW_019863623.1,-,MXE_exon2,0.004853493,0.08,35802,36164,NW_019863623.1_35802_36164
LOC112055815,NW_019863623.1,-,MXE_exon2,0.000843531,-0.466,33923,34568,NW_019863623.1_33923_34568
LOC112055815,NW_019863623.1,-,MXE_exon2,0.002342265,-0.437,34206,34568,NW_019863623.1_34206_34568
LOC112055815,NW_019863623.1,-,MXE_exon2,0.011193179,0.309,34737,35108,NW_019863623.1_34737_35108
LOC112055815,NW_019863623.1,-,MXE_exon2,0.020620443,0.295,35220,35591,NW_019863623.1_35220_35591
LOC112055815,NW_019863623.1,-,MXE_exon2,0.005005507,0.123,35220,35866,NW_019863623.1_35220_35866
LOC112055815,NW_019863623.1,-,MXE_exon2,0.002413894,0.26,35802,36164,NW_019863623.1_35802_36164
LOC112055815,NW_019863623.1,-,MXE_exon2,0.024109449,0.187,34737,35108,NW_019863623.1_34737_35108
LOC112055815,NW_019863623.1,-,MXE_exon2,0.027445181,0.182,35220,35591,NW_019863623.1_35220_35591
LOC112055815,NW_019863623.1,-,MXE_exon2,0.008659046,0.011,35220,35866,NW_019863623.1_35220_35866
LOC112055815,NW_019863623.1,-,MXE_exon2,0.003788644,0.137,35802,36164,NW_019863623.1_35802_36164
LOC112055815,NW_019863623.1,-,MXE_exon2,0.046467485,0.115,34737,35108,NW_019863623.1_34737_35108
LOC112055815,NW_019863623.1,-,MXE_exon2,0.042698256,0.105,35220,35591,NW_019863623.1_35220_35591
LOC112055815,NW_019863623.1,-,MXE_exon2,0.014268549,-0.057,35220,35866,NW_019863623.1_35220_35866
LOC112055815,NW_019863623.1,-,MXE_exon2,0.015962593,-0.287,34206,34568,NW_019863623.1_34206_34568
LOC112055815,NW_019863623.1,-,MXE_exon2,0.003028954,0.358,34737,35108,NW_019863623.1_34737_35108
LOC112055815,NW_019863623.1,-,MXE_exon2,0.001101236,0.177,34973,35335,NW_019863623.1_34973_35335
LOC112055815,NW_019863623.1,-,MXE_exon2,0.002482156,0.38,34973,35591,NW_019863623.1_34973_35591
LOC112055815,NW_019863623.1,-,MXE_exon2,0.001998919,0.418,35220,35591,NW_019863623.1_35220_35591
LOC112055815,NW_019863623.1,-,MXE_exon2,0.00077788,0.247,35220,35866,NW_019863623.1_35220_35866
LOC112055815,NW_019863623.1,-,MXE_exon2,0.000128567,0.374,35802,36164,NW_019863623.1_35802_36164
LOC112055815,NW_019863623.1,-,MXE_exon2,0.006712336,0.355,34737,35108,NW_019863623.1_34737_35108
LOC112055815,NW_019863623.1,-,MXE_exon2,0.002676396,0.11,34973,35335,NW_019863623.1_34973_35335
LOC112055815,NW_019863623.1,-,MXE_exon2,0.01129407,0.309,34973,35591,NW_019863623.1_34973_35591
LOC112055815,NW_019863623.1,-,MXE_exon2,0.007692399,0.368,35220,35591,NW_019863623.1_35220_35591
LOC112055815,NW_019863623.1,-,MXE_exon2,0.001750436,0.213,35220,35866,NW_019863623.1_35220_35866
LOC112055815,NW_019863623.1,-,MXE_exon2,0.000307774,0.366,35802,36164,NW_019863623.1_35802_36164
LOC112055815,NW_019863623.1,-,MXE_exon2,0.005663407,-0.04,36316,36667,NW_019863623.1_36316_36667
LOC112055815,NW_019863623.1,-,MXE_exon2,0.016174634,0.062,36316,36678,NW_019863623.1_36316_36678
LOC112055815,NW_019863623.1,-,MXE_exon2,0.018859952,-0.29,36316,36667,NW_019863623.1_36316_36667
LOC112055815,NW_019863623.1,-,MXE_exon2,0.03036629,-0.154,36316,36678,NW_019863623.1_36316_36678
LOC112055815,NW_019863623.1,-,MXE_exon2,0.013710258,-0.32,36316,36667,NW_019863623.1_36316_36667
LOC112055815,NW_019863623.1,-,MXE_exon2,0.038738473,-0.131,36316,36678,NW_019863623.1_36316_36678
LOC112055815,NW_019863623.1,-,MXE_exon2,0.004352703,-0.11,36316,36667,NW_019863623.1_36316_36667
LOC112055815,NW_019863623.1,-,MXE_exon2,0.016575142,0.047,36316,36678,NW_019863623.1_36316_36678
LOC112052571,NW_019863159.1,-,MXE_exon2,0.007522896,0.396,21226,21480,NW_019863159.1_21226_21480
LOC112052571,NW_019863159.1,-,MXE_exon2,0.001898368,0.068,41532,41801,NW_019863159.1_41532_41801
LOC112058060,NW_019862749.1,-,MXE_exon2,0,-0.062,2236798,2237434,NW_019862749.1_2236798_2237434
LOC112058060,NW_019862749.1,-,MXE_exon2,0,0.302,2236798,2237509,NW_019862749.1_2236798_2237509
LOC112047055,NW_019862753.1,-,MXE_exon2,0.000293872,-0.277,1465762,1466052,NW_019862753.1_1465762_1466052
LOC112047055,NW_019862753.1,-,MXE_exon2,7.06E-07,0.206,1467003,1467290,NW_019862753.1_1467003_1467290
LOC112047055,NW_019862753.1,-,MXE_exon2,6.62E-08,0.175,1467003,1467384,NW_019862753.1_1467003_1467384
LOC112048221,NW_019862921.1,+,MXE_exon2,0.022448989,0.007,362803,363150,NW_019862921.1_362803_363150
LOC112048221,NW_019862921.1,+,MXE_exon2,0.048739406,0.047,362803,363150,NW_019862921.1_362803_363150
LOC112049540,NW_019862977.1,+,MXE_exon2,0.035856304,-0.175,523159,523565,NW_019862977.1_523159_523565
LOC112044745,NW_019862817.1,+,MXE_exon2,0.001436817,0.581,1016226,1016519,NW_019862817.1_1016226_1016519
LOC112055175,NW_019863471.1,-,MXE_exon2,0,0.042,135122,135485,NW_019863471.1_135122_135485
LOC112054785,NW_019863411.1,+,MXE_exon2,0.0010018,-0.087,50254,50587,NW_019863411.1_50254_50587
LOC112054785,NW_019863411.1,+,MXE_exon2,0.000868678,-0.084,50254,50650,NW_019863411.1_50254_50650
LOC112054785,NW_019863411.1,+,MXE_exon2,0.006716997,-0.15,50254,50587,NW_019863411.1_50254_50587
LOC112054785,NW_019863411.1,+,MXE_exon2,0.005978468,-0.145,50254,50650,NW_019863411.1_50254_50650
LOC112054785,NW_019863411.1,+,MXE_exon2,0.049428486,-0.231,50254,50587,NW_019863411.1_50254_50587
LOC112054785,NW_019863411.1,+,MXE_exon2,0.047831,-0.227,50254,50650,NW_019863411.1_50254_50650
LOC112054785,NW_019863411.1,+,MXE_exon2,0.049117446,-0.23,50254,50587,NW_019863411.1_50254_50587
LOC112054785,NW_019863411.1,+,MXE_exon2,0.047460561,-0.226,50254,50650,NW_019863411.1_50254_50650
LOC112053290,NW_019862759.1,+,MXE_exon2,0.013703691,-0.175,72829,73226,NW_019862759.1_72829_73226
LOC112053290,NW_019862759.1,+,MXE_exon2,0.03948087,-0.227,72829,73226,NW_019862759.1_72829_73226
LOC112052608,NW_019862759.1,-,MXE_exon2,0,0.516,369637,370053,NW_019862759.1_369637_370053
LOC112052608,NW_019862759.1,-,MXE_exon2,0,0.421,369637,370053,NW_019862759.1_369637_370053
LOC112052608,NW_019862759.1,-,MXE_exon2,0.007760811,0.029,370086,370382,NW_019862759.1_370086_370382
LOC112052608,NW_019862759.1,-,MXE_exon2,8.40E-15,0.452,370086,375668,NW_019862759.1_370086_375668
LOC112052608,NW_019862759.1,-,MXE_exon2,0.004457955,0.083,378644,378982,NW_019862759.1_378644_378982
LOC112052608,NW_019862759.1,-,MXE_exon2,0,0.414,379483,380457,NW_019862759.1_379483_380457
LOC112052608,NW_019862759.1,-,MXE_exon2,0,0.674,379483,380457,NW_019862759.1_379483_380457
LOC112052647,NW_019862759.1,-,MXE_exon2,0.0135488,0.43,528651,529289,NW_019862759.1_528651_529289
LOC112052647,NW_019862759.1,-,MXE_exon2,0.000958702,0.376,528985,529289,NW_019862759.1_528985_529289
LOC112049701,NW_019862756.1,-,MXE_exon2,0.041494858,-0.008,202804,203306,NW_019862756.1_202804_203306
LOC112055725,NW_019863596.1,-,MXE_exon2,0,-0.416,61036,61313,NW_019863596.1_61036_61313
LOC112055725,NW_019863596.1,-,MXE_exon2,0,-0.643,61036,61362,NW_019863596.1_61036_61362
LOC112054017,NW_019863306.1,-,MXE_exon2,0.036557651,0.185,89560,89929,NW_019863306.1_89560_89929
LOC112044000,NW_019862801.1,+,MXE_exon2,2.79E-05,-0.089,748139,748503,NW_019862801.1_748139_748503
LOC112044000,NW_019862801.1,+,MXE_exon2,2.79E-05,-0.089,748139,748503,NW_019862801.1_748139_748503
LOC112055679,NW_019863585.1,-,MXE_exon2,0.000250089,-0.211,37195,37452,NW_019863585.1_37195_37452
LOC112043773,NW_019862797.1,+,MXE_exon2,6.23E-06,-0.426,703105,703355,NW_019862797.1_703105_703355
LOC112043773,NW_019862797.1,+,MXE_exon2,7.06E-07,-0.529,703105,703355,NW_019862797.1_703105_703355
LOC112043847,NW_019862799.1,-,MXE_exon2,0.004402749,0.067,702168,702436,NW_019862799.1_702168_702436
LOC112043847,NW_019862799.1,-,MXE_exon2,0.00573533,0.049,702169,702434,NW_019862799.1_702169_702434
LOC112043847,NW_019862799.1,-,MXE_exon2,0.005842606,0.05,702169,702439,NW_019862799.1_702169_702439
LOC112043847,NW_019862799.1,-,MXE_exon2,0.004625975,0.054,702169,702457,NW_019862799.1_702169_702457
LOC112043847,NW_019862799.1,-,MXE_exon2,0.004371743,0.067,702170,702436,NW_019862799.1_702170_702436
LOC112043847,NW_019862799.1,-,MXE_exon2,0.004141349,0.069,702171,702436,NW_019862799.1_702171_702436
LOC112043847,NW_019862799.1,-,MXE_exon2,0.002571803,0.082,702175,702436,NW_019862799.1_702175_702436
LOC112043847,NW_019862799.1,-,MXE_exon2,0.001164595,0.145,703912,704343,NW_019862799.1_703912_704343
LOC112043847,NW_019862799.1,-,MXE_exon2,0.002571803,-0.248,705327,705629,NW_019862799.1_705327_705629
LOC112043851,NW_019862799.1,+,MXE_exon2,0,-0.631,890040,890502,NW_019862799.1_890040_890502
LOC112043851,NW_019862799.1,+,MXE_exon2,0,-0.611,890094,890419,NW_019862799.1_890094_890419
LOC112043851,NW_019862799.1,+,MXE_exon2,1.04E-13,-0.376,891720,892085,NW_019862799.1_891720_892085
LOC112043851,NW_019862799.1,+,MXE_exon2,0.001078095,0.181,891720,892085,NW_019862799.1_891720_892085
LOC112043870,NW_019862799.1,-,MXE_exon2,0.000370134,0.202,1158222,1158547,NW_019862799.1_1158222_1158547
LOC112058143,NW_019862772.1,+,MXE_exon2,0.012419308,-0.023,268915,269267,NW_019862772.1_268915_269267
LOC112047825,NW_019862905.1,-,MXE_exon2,0,-0.145,293660,294015,NW_019862905.1_293660_294015
LOC112048291,NW_019862924.1,-,MXE_exon2,9.79E-08,-0.567,345125,345489,NW_019862924.1_345125_345489
LOC112048291,NW_019862924.1,-,MXE_exon2,1.23E-09,-0.65,345163,345489,NW_019862924.1_345163_345489
LOC112048290,NW_019862924.1,+,MXE_exon2,0,-0.459,388000,388307,NW_019862924.1_388000_388307
LOC112052026,NW_019863119.1,+,MXE_exon2,0.047506987,0.045,261768,262051,NW_019863119.1_261768_262051
LOC112050069,NW_019863004.1,-,MXE_exon2,0,-0.203,134771,135014,NW_019863004.1_134771_135014
LOC112050069,NW_019863004.1,-,MXE_exon2,0,-0.069,134771,135096,NW_019863004.1_134771_135096
LOC112050069,NW_019863004.1,-,MXE_exon2,0,-0.154,134771,135123,NW_019863004.1_134771_135123
LOC112054350,NW_019863349.1,+,MXE_exon2,0.000340302,0.081,188055,188423,NW_019863349.1_188055_188423
LOC112054350,NW_019863349.1,+,MXE_exon2,0.011406445,0.019,189033,189378,NW_019863349.1_189033_189378
LOC112043925,NW_019862800.1,+,MXE_exon2,7.84E-05,0.269,526920,527267,NW_019862800.1_526920_527267
LOC112043925,NW_019862800.1,+,MXE_exon2,0.000110497,0.255,526920,527267,NW_019862800.1_526920_527267
LOC112043925,NW_019862800.1,+,MXE_exon2,4.15E-05,0.268,539640,540061,NW_019862800.1_539640_540061
LOC112043925,NW_019862800.1,+,MXE_exon2,5.20E-05,0.266,539640,540061,NW_019862800.1_539640_540061
LOC112043927,NW_019862800.1,-,MXE_exon2,0.011134057,0.069,563616,564179,NW_019862800.1_563616_564179
LOC112043927,NW_019862800.1,-,MXE_exon2,3.41E-08,-0.14,590586,590909,NW_019862800.1_590586_590909
LOC112043927,NW_019862800.1,-,MXE_exon2,3.08E-07,-0.136,590586,590909,NW_019862800.1_590586_590909
LOC112043927,NW_019862800.1,-,MXE_exon2,8.93E-10,-0.174,592221,592616,NW_019862800.1_592221_592616
LOC112055983,NW_019863673.1,+,MXE_exon2,0.007590151,-0.191,42949,43311,NW_019863673.1_42949_43311
LOC112053498,NW_019863247.1,-,MXE_exon2,0,-0.51,24091,24479,NW_019863247.1_24091_24479
LOC112043568,NW_019862792.1,+,MXE_exon2,3.49E-07,-0.034,841705,842055,NW_019862792.1_841705_842055
LOC112043568,NW_019862792.1,+,MXE_exon2,6.33E-07,-0.033,841705,842055,NW_019862792.1_841705_842055
LOC112043568,NW_019862792.1,+,MXE_exon2,3.49E-07,-0.034,841705,842055,NW_019862792.1_841705_842055
LOC112043568,NW_019862792.1,+,MXE_exon2,0.000401279,-0.017,851298,851808,NW_019862792.1_851298_851808
LOC112043568,NW_019862792.1,+,MXE_exon2,0.000693407,-0.016,851298,851808,NW_019862792.1_851298_851808
LOC112044902,NW_019862819.1,+,MXE_exon2,0,0.295,627895,628272,NW_019862819.1_627895_628272
LOC112044902,NW_019862819.1,+,MXE_exon2,0,0.447,627895,628297,NW_019862819.1_627895_628297
LOC112044902,NW_019862819.1,+,MXE_exon2,0,0.66,627895,628297,NW_019862819.1_627895_628297
LOC112053358,NW_019863233.1,-,MXE_exon2,3.43E-11,0.095,11066,11449,NW_019863233.1_11066_11449
LOC112048138,NW_019862918.1,+,MXE_exon2,2.29E-05,0.361,446219,446595,NW_019862918.1_446219_446595
LOC112051684,NW_019863097.1,-,MXE_exon2,0.002457752,-0.036,217082,217460,NW_019863097.1_217082_217460
LOC112046776,NW_019862870.1,+,MXE_exon2,0,0.81,773158,773442,NW_019862870.1_773158_773442
LOC112050898,NW_019863049.1,-,MXE_exon2,7.14E-07,0.108,174053,174303,NW_019863049.1_174053_174303
LOC112055014,NW_019863447.1,-,MXE_exon2,0.015511102,-0.094,50831,51308,NW_019863447.1_50831_51308
LOC112044285,NW_019862806.1,-,MXE_exon2,0.000661804,0.085,534556,534877,NW_019862806.1_534556_534877
LOC112056309,NW_019863765.1,+,MXE_exon2,0.000409447,-0.061,41659,41940,NW_019863765.1_41659_41940
LOC112056309,NW_019863765.1,+,MXE_exon2,2.66E-05,-0.079,41659,41960,NW_019863765.1_41659_41960
LOC112056309,NW_019863765.1,+,MXE_exon2,4.69E-05,-0.07,41659,41994,NW_019863765.1_41659_41994
LOC112056309,NW_019863765.1,+,MXE_exon2,5.33E-05,-0.069,41659,42002,NW_019863765.1_41659_42002
LOC112056309,NW_019863765.1,+,MXE_exon2,5.83E-05,-0.067,41659,42016,NW_019863765.1_41659_42016
LOC112053008,NW_019863196.1,+,MXE_exon2,0.000194034,-0.198,187511,187801,NW_019863196.1_187511_187801
LOC112045035,NW_019862822.1,+,MXE_exon2,0.000368918,0.316,271624,272053,NW_019862822.1_271624_272053
LOC112046562,NW_019862861.1,-,MXE_exon2,6.38E-11,-0.243,121651,121923,NW_019862861.1_121651_121923
LOC112050218,NW_019863013.1,+,MXE_exon2,0.005224865,-0.131,84297,84515,NW_019863013.1_84297_84515
LOC112050218,NW_019863013.1,+,MXE_exon2,0.003496775,-0.272,84294,84515,NW_019863013.1_84294_84515
LOC112050218,NW_019863013.1,+,MXE_exon2,0.004209084,-0.268,84294,84515,NW_019863013.1_84294_84515
LOC112046734,NW_019862869.1,-,MXE_exon2,0.046229801,-0.044,400389,400642,NW_019862869.1_400389_400642
LOC112046638,NW_019862864.1,+,MXE_exon2,0,0.557,326856,327235,NW_019862864.1_326856_327235
LOC112046638,NW_019862864.1,+,MXE_exon2,0,0.207,326859,327235,NW_019862864.1_326859_327235
LOC112046638,NW_019862864.1,+,MXE_exon2,4.38E-10,0.155,326859,327245,NW_019862864.1_326859_327245
LOC112043252,NW_019862787.1,+,MXE_exon2,1.01E-06,0.23,1490524,1490822,NW_019862787.1_1490524_1490822
LOC112043252,NW_019862787.1,+,MXE_exon2,0.000214691,0.399,1490524,1490822,NW_019862787.1_1490524_1490822
LOC112043252,NW_019862787.1,+,MXE_exon2,7.75E-06,0.485,1490524,1490823,NW_019862787.1_1490524_1490823
LOC112054590,NW_019863380.1,-,MXE_exon2,2.43E-06,0.527,109924,110269,NW_019863380.1_109924_110269
LOC112054590,NW_019863380.1,-,MXE_exon2,1.23E-06,0.508,109924,110269,NW_019863380.1_109924_110269
LOC112057136,NW_019864366.1,-,MXE_exon2,0.00289296,-0.158,9759,10071,NW_019864366.1_9759_10071
LOC112047618,NW_019862898.1,-,MXE_exon2,0.000134485,-0.191,576011,576496,NW_019862898.1_576011_576496
LOC112047618,NW_019862898.1,-,MXE_exon2,0.000134485,-0.191,576013,576496,NW_019862898.1_576013_576496
LOC112047618,NW_019862898.1,-,MXE_exon2,0.001506548,-0.103,576857,577213,NW_019862898.1_576857_577213
LOC112047618,NW_019862898.1,-,MXE_exon2,4.75E-07,-0.518,576011,576496,NW_019862898.1_576011_576496
LOC112047618,NW_019862898.1,-,MXE_exon2,4.75E-07,-0.518,576013,576496,NW_019862898.1_576013_576496
LOC112047618,NW_019862898.1,-,MXE_exon2,9.39E-06,-0.339,576857,577213,NW_019862898.1_576857_577213
LOC112047618,NW_019862898.1,-,MXE_exon2,0.007760811,-0.296,576857,577213,NW_019862898.1_576857_577213
LOC112047618,NW_019862898.1,-,MXE_exon2,0.001325099,0.065,577350,577661,NW_019862898.1_577350_577661
LOC112047618,NW_019862898.1,-,MXE_exon2,0.001645075,0.071,577350,577661,NW_019862898.1_577350_577661
LOC112047618,NW_019862898.1,-,MXE_exon2,0.001325099,0.065,577350,577661,NW_019862898.1_577350_577661
LOC112047618,NW_019862898.1,-,MXE_exon2,0.026908215,0.039,577350,577661,NW_019862898.1_577350_577661
LOC112047618,NW_019862898.1,-,MXE_exon2,0.026908215,0.039,577350,577661,NW_019862898.1_577350_577661
LOC112047618,NW_019862898.1,-,MXE_exon2,0.030654377,0.033,577350,577661,NW_019862898.1_577350_577661
LOC112047618,NW_019862898.1,-,MXE_exon2,0.000285341,0.116,577350,577668,NW_019862898.1_577350_577668
LOC112047618,NW_019862898.1,-,MXE_exon2,0.026374656,0.039,577350,577661,NW_019862898.1_577350_577661
LOC112047618,NW_019862898.1,-,MXE_exon2,0.001710465,0.061,577350,577661,NW_019862898.1_577350_577661
LOC112047618,NW_019862898.1,-,MXE_exon2,0.001461564,0.054,577350,577661,NW_019862898.1_577350_577661
LOC112047618,NW_019862898.1,-,MXE_exon2,6.97E-05,0.172,577350,577668,NW_019862898.1_577350_577668
LOC112044298,NW_019862806.1,+,MXE_exon2,0.038313838,-0.057,650773,651147,NW_019862806.1_650773_651147
LOC112054240,NW_019863331.1,+,MXE_exon2,0.000687689,0.366,152653,153026,NW_019863331.1_152653_153026
LOC112045646,NW_019862837.1,+,MXE_exon2,0.006035815,-0.106,320129,320430,NW_019862837.1_320129_320430
LOC112045665,NW_019862837.1,-,MXE_exon2,0.007002934,0.228,883111,883538,NW_019862837.1_883111_883538
LOC112049111,NW_019862959.1,+,MXE_exon2,0.017552481,-0.316,376255,376536,NW_019862959.1_376255_376536
LOC112049111,NW_019862959.1,+,MXE_exon2,0.009336576,-0.307,376255,376536,NW_019862959.1_376255_376536
LOC112043011,NW_019862784.1,+,MXE_exon2,6.79E-07,0.484,699806,700188,NW_019862784.1_699806_700188
LOC112051571,NW_019863089.1,-,MXE_exon2,0.00052151,0.021,357744,358162,NW_019863089.1_357744_358162
LOC112051640,NW_019863093.1,-,MXE_exon2,0.000263724,0.2,336040,337192,NW_019863093.1_336040_337192
LOC112050976,NW_019863054.1,-,A3SS_long,1.54E-05,0.162,50512,50883,NW_019863054.1_50512_50883
LOC112051544,NW_019863088.1,+,A3SS_long,0.045215908,-0.475,82310,83067,NW_019863088.1_82310_83067
LOC112046088,NW_019862847.1,-,A3SS_long,0.00022829,0.42,727435,727848,NW_019862847.1_727435_727848
LOC112050179,NW_019863009.1,+,A3SS_long,0,0.24,261947,262246,NW_019863009.1_261947_262246
LOC112049074,NW_019862958.1,-,A3SS_long,0.044029511,0.054,65490,65828,NW_019862958.1_65490_65828
LOC112047743,NW_019862903.1,-,A3SS_long,2.78E-07,-0.235,403440,403770,NW_019862903.1_403440_403770
LOC112053036,NW_019863198.1,+,A3SS_long,0.010649467,-0.239,237711,238372,NW_019863198.1_237711_238372
LOC112053443,NW_019862760.1,+,A3SS_long,0.003469016,0.225,55165,55691,NW_019862760.1_55165_55691
LOC112053443,NW_019862760.1,+,A3SS_long,0.012151502,0.083,55165,55691,NW_019862760.1_55165_55691
LOC112053443,NW_019862760.1,+,A3SS_long,0.000315402,0.179,55165,55691,NW_019862760.1_55165_55691
LOC112044395,NW_019862808.1,-,A3SS_long,0.008819337,0.212,873020,873374,NW_019862808.1_873020_873374
LOC112056126,NW_019863714.1,+,A3SS_long,0.000277116,-0.131,65665,66029,NW_019863714.1_65665_66029
LOC112043853,NW_019862799.1,-,A3SS_long,6.22E-05,0.079,848944,849219,NW_019862799.1_848944_849219
LOC112042985,NW_019862783.1,+,A3SS_long,0,-0.681,631714,636476,NW_019862783.1_631714_636476
LOC112052801,NW_019863177.1,+,A3SS_long,5.93E-08,-0.098,207479,207759,NW_019863177.1_207479_207759
LOC112051523,NW_019863087.1,+,A3SS_long,0.010513496,0.046,182891,183186,NW_019863087.1_182891_183186
LOC112052337,NW_019863141.1,-,A3SS_long,0.012511263,-0.045,179558,179809,NW_019863141.1_179558_179809
LOC112058361,NW_019862775.1,-,A3SS_long,0.007688028,0.165,659540,659824,NW_019862775.1_659540_659824
LOC112045105,NW_019862824.1,-,A3SS_long,0.036236551,0.067,820582,820880,NW_019862824.1_820582_820880
LOC112053308,NW_019863227.1,-,A3SS_long,7.54E-09,-0.621,94017,94770,NW_019863227.1_94017_94770
LOC112053352,NW_019863233.1,+,A3SS_long,0.002631762,0.239,111989,112464,NW_019863233.1_111989_112464
LOC112049925,NW_019862998.1,-,A3SS_long,4.87E-05,0.033,296471,297840,NW_019862998.1_296471_297840
LOC112046166,NW_019862849.1,+,A3SS_long,0.00729659,0.092,606781,607032,NW_019862849.1_606781_607032
LOC112042799,NW_019862779.1,+,A3SS_long,0.046654887,-0.079,1181763,1182178,NW_019862779.1_1181763_1182178
LOC112043669,NW_019862794.1,-,A3SS_long,0.000106863,0.141,1090789,1091257,NW_019862794.1_1090789_1091257
LOC112058024,NW_019862770.1,-,A3SS_long,0.046212238,-0.175,1666033,1666427,NW_019862770.1_1666033_1666427
LOC112050155,NW_019863008.1,+,A3SS_long,0.030420748,-0.129,398431,398920,NW_019863008.1_398431_398920
LOC112044629,NW_019862748.1,+,A3SS_long,3.61E-10,-0.665,1471024,1471455,NW_019862748.1_1471024_1471455
LOC112058321,NW_019862774.1,+,A3SS_long,0.003971472,-0.073,1101839,1102168,NW_019862774.1_1101839_1102168
LOC112055770,NW_019863610.1,+,A3SS_long,0.01564627,-0.05,81040,81435,NW_019863610.1_81040_81435
LOC112050902,NW_019863049.1,-,A3SS_long,0.000232804,-0.16,39104,39418,NW_019863049.1_39104_39418
LOC112050902,NW_019863049.1,-,A3SS_long,0.000795487,-0.387,39104,39421,NW_019863049.1_39104_39421
LOC112048512,NW_019862933.1,-,A3SS_long,0.000142577,-0.071,711860,712295,NW_019862933.1_711860_712295
LOC112049882,NW_019862996.1,+,A3SS_long,0.000406791,-0.183,248780,249170,NW_019862996.1_248780_249170
LOC112044157,NW_019862804.1,+,A3SS_long,7.91E-05,-0.424,660318,660779,NW_019862804.1_660318_660779
LOC112044157,NW_019862804.1,+,A3SS_long,0.000499081,0.289,660318,660779,NW_019862804.1_660318_660779
LOC112044157,NW_019862804.1,+,A3SS_long,0.000437357,0.29,660341,660779,NW_019862804.1_660341_660779
LOC112056106,NW_019863702.1,-,A3SS_long,0.028015258,0.043,20185,22609,NW_019863702.1_20185_22609
LOC112051964,NW_019863116.1,+,A3SS_long,0.045748809,0.171,65876,66161,NW_019863116.1_65876_66161
LOC112056072,NW_019863696.1,-,A3SS_long,0.000437357,-0.048,30771,31150,NW_019863696.1_30771_31150
LOC112055024,NW_019863449.1,+,A3SS_long,0.046005043,-0.069,88261,88555,NW_019863449.1_88261_88555
LOC112053737,NW_019863277.1,+,A3SS_long,2.92E-06,-0.116,27459,27998,NW_019863277.1_27459_27998
LOC112045728,NW_019862839.1,-,A3SS_long,0.013433104,-0.034,860811,861321,NW_019862839.1_860811_861321
LOC112051648,NW_019863094.1,-,A3SS_long,4.92E-10,-0.07,21378,21713,NW_019863094.1_21378_21713
LOC112055624,NW_019863566.1,+,A3SS_long,1.58E-07,-0.404,48168,48564,NW_019863566.1_48168_48564
LOC112055624,NW_019863566.1,+,A3SS_long,4.71E-08,-0.364,48177,48564,NW_019863566.1_48177_48564
LOC112046692,NW_019862867.1,+,A3SS_long,0.000121484,-0.117,285692,286000,NW_019862867.1_285692_286000
LOC112055427,NW_019863522.1,-,A3SS_long,0,0.219,77250,77576,NW_019863522.1_77250_77576
LOC112049011,NW_019862755.1,+,A3SS_long,0.04027115,0.243,2065268,2065605,NW_019862755.1_2065268_2065605
LOC112056170,NW_019863725.1,+,A3SS_long,0.026755305,-0.04,16199,16622,NW_019863725.1_16199_16622
LOC112046596,NW_019862863.1,+,A3SS_long,0.045954326,-0.044,775528,775941,NW_019862863.1_775528_775941
LOC112044923,NW_019862820.1,-,A3SS_long,0.000819368,-0.145,917602,918028,NW_019862820.1_917602_918028
LOC112049107,NW_019862958.1,+,A3SS_long,2.50E-07,-0.377,251702,252467,NW_019862958.1_251702_252467
LOC112049107,NW_019862958.1,+,A3SS_long,0.011750712,0.007,292707,293057,NW_019862958.1_292707_293057
LOC112048180,NW_019862920.1,+,A3SS_long,0.022580144,-0.045,32703,32990,NW_019862920.1_32703_32990
LOC112048189,NW_019862920.1,-,A3SS_long,0.026921831,0.03,608159,608541,NW_019862920.1_608159_608541
LOC112048189,NW_019862920.1,-,A3SS_long,6.71E-05,0.112,613792,614293,NW_019862920.1_613792_614293
LOC112051967,NW_019863116.1,+,A3SS_long,0.00224828,-0.115,171005,171376,NW_019863116.1_171005_171376
LOC112046593,NW_019862863.1,+,A3SS_long,0.000458069,-0.105,281484,281829,NW_019862863.1_281484_281829
LOC112054339,NW_019863347.1,-,A3SS_long,0,0.397,121459,122428,NW_019863347.1_121459_122428
LOC112045921,NW_019862843.1,+,A3SS_long,0,-0.449,873879,874310,NW_019862843.1_873879_874310
LOC112047975,NW_019862910.1,-,A3SS_long,0.004566751,0.226,493248,493688,NW_019862910.1_493248_493688
LOC112043773,NW_019862797.1,+,A3SS_long,2.51E-08,0.526,704800,706397,NW_019862797.1_704800_706397
LOC112048290,NW_019862924.1,+,A3SS_long,0.041399972,-0.267,387986,388316,NW_019862924.1_387986_388316
LOC112046196,NW_019862850.1,-,A3SS_long,0.000139607,-0.082,537813,538483,NW_019862850.1_537813_538483
LOC112048176,NW_019862919.1,-,A3SS_long,0,0.099,102685,103248,NW_019862919.1_102685_103248
LOC112054299,NW_019863339.1,+,A3SS_long,1.06E-08,-0.136,81398,81701,NW_019863339.1_81398_81701
LOC112044298,NW_019862806.1,+,A3SS_long,0.03602089,-0.039,646072,646497,NW_019862806.1_646072_646497
LOC112043028,NW_019862784.1,+,A3SS_long,0.014539259,-0.175,1224028,1224434,NW_019862784.1_1224028_1224434
LOC112043028,NW_019862784.1,+,A3SS_long,0.006103987,-0.136,1224031,1224434,NW_019862784.1_1224031_1224434
LOC112044438,NW_019862809.1,-,A3SS_long,0.000387074,0.123,319640,320014,NW_019862809.1_319640_320014
LOC112049178,NW_019862962.1,-,A3SS_long,8.35E-06,-0.491,175010,175303,NW_019862962.1_175010_175303
LOC112049178,NW_019862962.1,-,A3SS_long,0.031701013,0.02,197270,197614,NW_019862962.1_197270_197614
LOC112049170,NW_019862962.1,+,A3SS_long,0.013433104,0.054,87151,87483,NW_019862962.1_87151_87483
LOC112043468,NW_019862791.1,-,A3SS_long,0.000340196,-0.02,309316,309650,NW_019862791.1_309316_309650
LOC112043605,NW_019862793.1,+,A3SS_long,0.002194219,0.024,63096,63544,NW_019862793.1_63096_63544
LOC112053753,NW_019863278.1,+,A3SS_long,4.71E-08,-0.103,114739,115328,NW_019863278.1_114739_115328
LOC112053753,NW_019863278.1,+,A3SS_long,2.90E-05,-0.456,114742,115309,NW_019863278.1_114742_115309
LOC112053753,NW_019863278.1,+,A3SS_long,0.000259892,-0.431,114749,115309,NW_019863278.1_114749_115309
LOC112043577,NW_019862792.1,+,A3SS_long,0.003579726,-0.032,1093873,1094468,NW_019862792.1_1093873_1094468
LOC112053613,NW_019863261.1,+,A3SS_long,0.010513496,-0.049,205163,205533,NW_019863261.1_205163_205533
LOC112046886,NW_019862874.1,+,A3SS_long,1.14E-07,-0.117,133177,133466,NW_019862874.1_133177_133466
LOC112050193,NW_019862748.1,+,A3SS_long,0.000364481,-0.122,352647,353027,NW_019862748.1_352647_353027
LOC112044621,NW_019862813.1,+,A3SS_long,0.01758076,0.373,525857,526417,NW_019862813.1_525857_526417
LOC112043412,NW_019862790.1,+,A3SS_long,3.42E-05,-0.492,179003,179615,NW_019862790.1_179003_179615
LOC112043412,NW_019862790.1,+,A3SS_long,3.69E-05,-0.482,179185,179615,NW_019862790.1_179185_179615
LOC112043412,NW_019862790.1,+,A3SS_long,9.49E-09,-0.072,179284,179615,NW_019862790.1_179284_179615
LOC112042909,NW_019862749.1,+,A3SS_long,0.000128951,-0.036,2329588,2329910,NW_019862749.1_2329588_2329910
LOC112042909,NW_019862749.1,+,A3SS_long,0.000153028,-0.034,2329601,2329910,NW_019862749.1_2329601_2329910
LOC112042909,NW_019862749.1,+,A3SS_long,4.25E-05,-0.042,2329611,2329910,NW_019862749.1_2329611_2329910
LOC112042909,NW_019862749.1,+,A3SS_long,3.04E-05,-0.047,2329612,2329910,NW_019862749.1_2329612_2329910
LOC112047076,NW_019862881.1,-,A3SS_long,0.00247947,0.037,679438,679898,NW_019862881.1_679438_679898
LOC112046041,NW_019862846.1,-,A3SS_long,0.000254288,0.004,194713,195126,NW_019862846.1_194713_195126
LOC112055665,NW_019863579.1,+,A3SS_long,0.000519751,-0.034,167451,167872,NW_019863579.1_167451_167872
LOC112052627,NW_019863164.1,+,A3SS_long,1.90E-05,-0.194,78113,78698,NW_019863164.1_78113_78698
LOC112050179,NW_019863009.1,+,A3SS_long,0,0.554,261950,262246,NW_019863009.1_261950_262246
LOC112047918,NW_019862908.1,-,A3SS_long,7.11E-05,-0.069,389504,389953,NW_019862908.1_389504_389953
LOC112051535,NW_019863088.1,+,A3SS_long,0.000976137,0.249,327218,327568,NW_019863088.1_327218_327568
LOC112058008,NW_019862770.1,+,A3SS_long,0.009407857,-0.019,1631658,1632041,NW_019862770.1_1631658_1632041
LOC112058008,NW_019862770.1,+,A3SS_long,0.009337931,-0.021,1631684,1632041,NW_019862770.1_1631684_1632041
LOC112058008,NW_019862770.1,+,A3SS_long,0.005352343,-0.022,1631687,1632041,NW_019862770.1_1631687_1632041
LOC112044496,NW_019862810.1,-,A3SS_long,0.036097765,-0.097,847336,847807,NW_019862810.1_847336_847807
LOC112043124,NW_019862748.1,+,A3SS_long,0.017412414,-0.585,697350,697689,NW_019862748.1_697350_697689
LOC112049626,NW_019862981.1,+,A3SS_long,7.37E-05,-0.019,66848,67372,NW_019862981.1_66848_67372
LOC112050343,NW_019863018.1,+,A3SS_long,0.024336648,-0.037,302068,302409,NW_019863018.1_302068_302409
LOC112055825,NW_019862762.1,-,A3SS_long,0.024336648,0.088,2130238,2130643,NW_019862762.1_2130238_2130643
LOC112055028,NW_019862762.1,+,A3SS_long,0.010513496,-0.027,60452,60825,NW_019862762.1_60452_60825
LOC112050261,NW_019863014.1,-,A3SS_long,0.003970323,-0.137,276915,277253,NW_019863014.1_276915_277253
LOC112045567,NW_019862752.1,-,A3SS_long,0.003944145,0.164,786918,787282,NW_019862752.1_786918_787282
LOC112053036,NW_019863198.1,+,A3SS_long,0.003655631,-0.07,237815,238372,NW_019863198.1_237815_238372
LOC112053871,NW_019863290.1,-,A3SS_long,0.019778106,0.174,187225,187645,NW_019863290.1_187225_187645
LOC112055865,NW_019863641.1,-,A3SS_long,0.020239644,0.115,55415,55760,NW_019863641.1_55415_55760
LOC112055826,NW_019863625.1,-,A3SS_long,0.000715267,-0.031,35355,35643,NW_019863625.1_35355_35643
LOC112051144,NW_019863065.1,-,A3SS_long,0.000598246,0.121,237323,237992,NW_019863065.1_237323_237992
LOC112049404,NW_019862971.1,-,A3SS_long,7.89E-10,0.346,707245,707823,NW_019862971.1_707245_707823
LOC112055739,NW_019863599.1,-,A3SS_long,0.000151699,-0.128,33434,33769,NW_019863599.1_33434_33769
LOC112047899,NW_019862908.1,-,A3SS_long,0.040229566,0.389,462996,463610,NW_019862908.1_462996_463610
LOC112047899,NW_019862908.1,-,A3SS_long,0.041360898,0.403,462996,463623,NW_019862908.1_462996_463623
LOC112058369,NW_019862775.1,-,A3SS_long,0.00729659,-0.162,1374728,1375165,NW_019862775.1_1374728_1375165
LOC112053443,NW_019862760.1,+,A3SS_long,0.046444216,0.228,55165,55691,NW_019862760.1_55165_55691
LOC112053443,NW_019862760.1,+,A3SS_long,0.004061091,0.104,55169,55690,NW_019862760.1_55169_55690
LOC112053443,NW_019862760.1,+,A3SS_long,0.003711817,0.105,55202,55690,NW_019862760.1_55202_55690
LOC112053443,NW_019862760.1,+,A3SS_long,0.005028622,0.114,55256,55690,NW_019862760.1_55256_55690
LOC112053443,NW_019862760.1,+,A3SS_long,0.011757275,0.116,55279,55690,NW_019862760.1_55279_55690
LOC112053443,NW_019862760.1,+,A3SS_long,0.007635086,0.121,55283,55690,NW_019862760.1_55283_55690
LOC112053443,NW_019862760.1,+,A3SS_long,0.006299782,0.131,55298,55690,NW_019862760.1_55298_55690
LOC112053443,NW_019862760.1,+,A3SS_long,0.021584565,0.139,55342,55690,NW_019862760.1_55342_55690
LOC112053443,NW_019862760.1,+,A3SS_long,0.019233174,0.13,55351,55690,NW_019862760.1_55351_55690
LOC112053443,NW_019862760.1,+,A3SS_long,0.000605355,0.247,55165,55690,NW_019862760.1_55165_55690
LOC112053443,NW_019862760.1,+,A3SS_long,0.046727451,0.437,55267,55690,NW_019862760.1_55267_55690
LOC112053443,NW_019862760.1,+,A3SS_long,0.044293272,0.441,55271,55690,NW_019862760.1_55271_55690
LOC112053443,NW_019862760.1,+,A3SS_long,0.016497083,0.38,55279,55690,NW_019862760.1_55279_55690
LOC112053443,NW_019862760.1,+,A3SS_long,0.044574259,0.42,55283,55690,NW_019862760.1_55283_55690
LOC112053443,NW_019862760.1,+,A3SS_long,0.01789226,0.387,55298,55690,NW_019862760.1_55298_55690
LOC112053443,NW_019862760.1,+,A3SS_long,5.30E-05,0.201,55342,55690,NW_019862760.1_55342_55690
LOC112053443,NW_019862760.1,+,A3SS_long,0.022314546,0.048,55360,55691,NW_019862760.1_55360_55691
LOC112054267,NW_019863335.1,+,A3SS_long,2.21E-09,0.233,30952,31345,NW_019863335.1_30952_31345
LOC112044497,NW_019862810.1,+,A3SS_long,9.16E-05,0.104,1069345,1069711,NW_019862810.1_1069345_1069711
LOC112058448,NW_019862776.1,-,A3SS_long,0.037549092,-0.024,1583706,1584291,NW_019862776.1_1583706_1584291
LOC112058448,NW_019862776.1,-,A3SS_long,8.91E-06,-0.035,1583706,1584292,NW_019862776.1_1583706_1584292
LOC112058448,NW_019862776.1,-,A3SS_long,7.32E-10,-0.052,1583706,1584310,NW_019862776.1_1583706_1584310
LOC112043298,NW_019862788.1,+,A3SS_long,0.016643868,-0.333,397909,398251,NW_019862788.1_397909_398251
LOC112053078,NW_019863203.1,-,A3SS_long,4.65E-05,-0.295,264726,265121,NW_019863203.1_264726_265121
LOC112048588,NW_019862935.1,-,A3SS_long,0.000188726,0.309,3101,3467,NW_019862935.1_3101_3467
LOC112052382,NW_019863144.1,-,A3SS_long,0.003403593,-0.025,249648,250257,NW_019863144.1_249648_250257
LOC112046887,NW_019862874.1,-,A3SS_long,0.003711817,0.11,20875,21419,NW_019862874.1_20875_21419
LOC112043311,NW_019862788.1,-,A3SS_long,0.008075798,-0.032,697978,698591,NW_019862788.1_697978_698591
LOC112056453,NW_019863828.1,+,A3SS_long,2.84E-11,0.239,19300,19633,NW_019863828.1_19300_19633
LOC112044080,NW_019862803.1,-,A3SS_long,0.000629365,-0.207,210790,211175,NW_019862803.1_210790_211175
LOC112053680,NW_019863271.1,-,A3SS_long,0.01954714,0.062,112813,113372,NW_019863271.1_112813_113372
LOC112058550,NW_019862778.1,-,A3SS_long,0,0.052,1102864,1103464,NW_019862778.1_1102864_1103464
LOC112058550,NW_019862778.1,-,A3SS_long,0,0.473,1102864,1103465,NW_019862778.1_1102864_1103465
LOC112058550,NW_019862778.1,-,A3SS_long,0,0.052,1102864,1103476,NW_019862778.1_1102864_1103476
LOC112052801,NW_019863177.1,+,A3SS_long,3.40E-05,-0.289,207450,207759,NW_019863177.1_207450_207759
LOC112052801,NW_019863177.1,+,A3SS_long,4.87E-05,-0.29,207459,207759,NW_019863177.1_207459_207759
LOC112052801,NW_019863177.1,+,A3SS_long,0.000574367,-0.289,207483,207759,NW_019863177.1_207483_207759
LOC112051523,NW_019863087.1,+,A3SS_long,0.019156257,-0.013,159548,159949,NW_019863087.1_159548_159949
LOC112051523,NW_019863087.1,+,A3SS_long,0.006804073,-0.027,178768,179345,NW_019863087.1_178768_179345
LOC112051523,NW_019863087.1,+,A3SS_long,3.17E-10,0.148,179021,179686,NW_019863087.1_179021_179686
LOC112051523,NW_019863087.1,+,A3SS_long,2.85E-07,0.05,179021,179686,NW_019863087.1_179021_179686
LOC112051523,NW_019863087.1,+,A3SS_long,2.65E-05,-0.193,179288,179686,NW_019863087.1_179288_179686
LOC112051523,NW_019863087.1,+,A3SS_long,0.030872172,-0.051,179895,180242,NW_019863087.1_179895_180242
LOC112051523,NW_019863087.1,+,A3SS_long,0.001391608,0.01,179895,180242,NW_019863087.1_179895_180242
LOC112052337,NW_019863141.1,-,A3SS_long,0.004908391,-0.05,179558,179827,NW_019863141.1_179558_179827
LOC112052337,NW_019863141.1,-,A3SS_long,0.000187162,-0.071,179558,179837,NW_019863141.1_179558_179837
LOC112052337,NW_019863141.1,-,A3SS_long,0.000179653,-0.07,179558,179847,NW_019863141.1_179558_179847
LOC112052337,NW_019863141.1,-,A3SS_long,0.000824514,-0.062,179558,179865,NW_019863141.1_179558_179865
LOC112052337,NW_019863141.1,-,A3SS_long,0.000851275,-0.062,179558,179868,NW_019863141.1_179558_179868
LOC112044491,NW_019862810.1,+,A3SS_long,0.000544307,0.044,733307,733984,NW_019862810.1_733307_733984
LOC112044491,NW_019862810.1,+,A3SS_long,0.002740903,0.027,733653,733984,NW_019862810.1_733653_733984
LOC112044491,NW_019862810.1,+,A3SS_long,0.000800379,0.033,733674,733984,NW_019862810.1_733674_733984
LOC112049407,NW_019862971.1,+,A3SS_long,0.006154502,-0.101,147790,148155,NW_019862971.1_147790_148155
LOC112047767,NW_019862904.1,-,A3SS_long,0.001127098,-0.029,1048876,1049414,NW_019862904.1_1048876_1049414
LOC112052369,NW_019863143.1,-,A3SS_long,1.91E-07,0.606,15933,16290,NW_019863143.1_15933_16290
LOC112048857,NW_019862948.1,+,A3SS_long,0.002185794,-0.081,353760,354290,NW_019862948.1_353760_354290
LOC112048857,NW_019862948.1,+,A3SS_long,0.002129466,-0.077,353828,354290,NW_019862948.1_353828_354290
LOC112043308,NW_019862788.1,+,A3SS_long,0.000189567,-0.059,670459,670806,NW_019862788.1_670459_670806
LOC112058474,NW_019862777.1,-,A3SS_long,0.000281519,-0.132,812335,812638,NW_019862777.1_812335_812638
LOC112053596,NW_019863259.1,+,A3SS_long,0.001759915,-0.147,301144,301435,NW_019863259.1_301144_301435
LOC112055969,NW_019863669.1,+,A3SS_long,0.00037671,-0.39,5856,6190,NW_019863669.1_5856_6190
LOC112057804,NW_019862767.1,-,A3SS_long,0.029676804,-0.033,270633,271198,NW_019862767.1_270633_271198
LOC112047329,NW_019862888.1,+,A3SS_long,0.000635813,0.067,285715,286186,NW_019862888.1_285715_286186
LOC112052331,NW_019862759.1,-,A3SS_long,1.10E-06,0.124,893796,894351,NW_019862759.1_893796_894351
LOC112047449,NW_019862893.1,-,A3SS_long,0.001259122,-0.408,411981,412277,NW_019862893.1_411981_412277
LOC112049842,NW_019862994.1,+,A3SS_long,0.003928047,-0.095,99037,99493,NW_019862994.1_99037_99493
LOC112047113,NW_019862882.1,-,A3SS_long,0.014480634,0.385,99717,100275,NW_019862882.1_99717_100275
LOC112057288,NW_019862748.1,-,A3SS_long,0.008819337,0.121,4393253,4393668,NW_019862748.1_4393253_4393668
LOC112052645,NW_019863165.1,-,A3SS_long,0.047242366,-0.054,198736,199382,NW_019863165.1_198736_199382
LOC112052645,NW_019863165.1,-,A3SS_long,0.046495863,-0.056,198736,199384,NW_019863165.1_198736_199384
LOC112052645,NW_019863165.1,-,A3SS_long,0.046727451,-0.056,198736,199387,NW_019863165.1_198736_199387
LOC112052645,NW_019863165.1,-,A3SS_long,0.047365056,-0.057,198736,199391,NW_019863165.1_198736_199391
LOC112043045,NW_019862784.1,+,A3SS_long,0.013971747,-0.056,1522774,1523118,NW_019862784.1_1522774_1523118
LOC112046894,NW_019862874.1,+,A3SS_long,1.33E-05,-0.035,277933,278285,NW_019862874.1_277933_278285
LOC112046894,NW_019862874.1,+,A3SS_long,0.000316084,-0.103,277932,278285,NW_019862874.1_277932_278285
LOC112046894,NW_019862874.1,+,A3SS_long,0.000316084,-0.103,277934,278285,NW_019862874.1_277934_278285
LOC112051181,NW_019863067.1,-,A3SS_long,0.004610603,-0.432,317601,318053,NW_019863067.1_317601_318053
LOC112052882,NW_019863184.1,+,A3SS_long,0.005462583,0.017,178202,178625,NW_019863184.1_178202_178625
LOC112053016,NW_019862759.1,-,A3SS_long,1.61E-05,0.172,1321293,1321837,NW_019862759.1_1321293_1321837
LOC112057684,NW_019862765.1,+,A3SS_long,1.57E-05,-0.059,1034852,1035367,NW_019862765.1_1034852_1035367
LOC112056552,NW_019863878.1,-,A3SS_long,3.86E-05,-0.043,22156,22644,NW_019863878.1_22156_22644
LOC112049503,NW_019862976.1,-,A3SS_long,0,0.085,435331,435988,NW_019862976.1_435331_435988
LOC112045949,NW_019862844.1,+,A3SS_long,0.027285007,-0.054,544811,545137,NW_019862844.1_544811_545137
LOC112049893,NW_019862996.1,-,A3SS_long,3.76E-08,-0.449,414401,414779,NW_019862996.1_414401_414779
LOC112057896,NW_019862768.1,+,A3SS_long,0,0.476,1527153,1527879,NW_019862768.1_1527153_1527879
LOC112058604,NW_019862778.1,+,A3SS_long,0.00718933,-0.08,1081199,1081587,NW_019862778.1_1081199_1081587
LOC112052655,NW_019863167.1,+,A3SS_long,0,-0.464,208609,209190,NW_019863167.1_208609_209190
LOC112052655,NW_019863167.1,+,A3SS_long,0,-0.25,208715,209190,NW_019863167.1_208715_209190
LOC112052655,NW_019863167.1,+,A3SS_long,0,-0.26,208762,209190,NW_019863167.1_208762_209190
LOC112052655,NW_019863167.1,+,A3SS_long,0,-0.263,208767,209190,NW_019863167.1_208767_209190
LOC112052655,NW_019863167.1,+,A3SS_long,0,-0.299,208845,209190,NW_019863167.1_208845_209190
LOC112052655,NW_019863167.1,+,A3SS_long,0,-0.176,208875,209190,NW_019863167.1_208875_209190
LOC112056457,NW_019863828.1,-,A3SS_long,0.00012006,-0.037,31282,31743,NW_019863828.1_31282_31743
LOC112056457,NW_019863828.1,-,A3SS_long,0.000317511,-0.028,31282,31745,NW_019863828.1_31282_31745
LOC112056457,NW_019863828.1,-,A3SS_long,0.000512824,-0.026,31282,31746,NW_019863828.1_31282_31746
LOC112056457,NW_019863828.1,-,A3SS_long,5.06E-05,-0.041,31282,31754,NW_019863828.1_31282_31754
LOC112056457,NW_019863828.1,-,A3SS_long,7.25E-05,-0.039,31282,31773,NW_019863828.1_31282_31773
LOC112048035,NW_019862913.1,-,A3SS_long,3.69E-05,-0.172,291440,291906,NW_019862913.1_291440_291906
LOC112052885,NW_019862759.1,+,A3SS_long,0,-0.083,1125160,1125518,NW_019862759.1_1125160_1125518
LOC112043580,NW_019862792.1,+,A3SS_long,0.034639248,0.253,1151232,1151565,NW_019862792.1_1151232_1151565
LOC112054929,NW_019863433.1,+,A3SS_long,7.40E-09,0.321,120772,121262,NW_019863433.1_120772_121262
LOC112046249,NW_019862852.1,-,A3SS_long,3.29E-06,0.353,849381,849682,NW_019862852.1_849381_849682
LOC112044157,NW_019862804.1,+,A3SS_long,0.000293126,-0.283,660232,660779,NW_019862804.1_660232_660779
LOC112044157,NW_019862804.1,+,A3SS_long,0.000282711,-0.287,660237,660779,NW_019862804.1_660237_660779
LOC112044157,NW_019862804.1,+,A3SS_long,0.000187162,-0.344,660296,660779,NW_019862804.1_660296_660779
LOC112044157,NW_019862804.1,+,A3SS_long,0.003912336,0.213,660341,660779,NW_019862804.1_660341_660779
LOC112044157,NW_019862804.1,+,A3SS_long,0.003207212,0.155,660318,660779,NW_019862804.1_660318_660779
LOC112046979,NW_019862879.1,+,A3SS_long,0.046005043,0.126,100902,101363,NW_019862879.1_100902_101363
LOC112046979,NW_019862879.1,+,A3SS_long,0.005446035,0.364,108038,108531,NW_019862879.1_108038_108531
LOC112054313,NW_019863342.1,+,A3SS_long,0.007133609,-0.043,125615,125986,NW_019863342.1_125615_125986
LOC112058277,NW_019862773.1,-,A3SS_long,0.00052288,0.413,800031,800521,NW_019862773.1_800031_800521
LOC112053291,NW_019863225.1,-,A3SS_long,4.74E-07,0.093,122276,122964,NW_019863225.1_122276_122964
LOC112045926,NW_019862843.1,+,A3SS_long,0.00836303,0.117,855139,855553,NW_019862843.1_855139_855553
LOC112049394,NW_019862971.1,-,A3SS_long,8.97E-05,0.332,667502,668023,NW_019862971.1_667502_668023
LOC112058472,NW_019862777.1,-,A3SS_long,0.021094064,0.058,223324,223768,NW_019862777.1_223324_223768
LOC112049623,NW_019862981.1,+,A3SS_long,0.000189567,-0.063,173758,174210,NW_019862981.1_173758_174210
LOC112057756,NW_019862766.1,-,A3SS_long,0.015713122,-0.013,160503,161032,NW_019862766.1_160503_161032
LOC112057842,NW_019862767.1,-,A3SS_long,0.000559373,-0.111,1090614,1091003,NW_019862767.1_1090614_1091003
LOC112054561,NW_019863375.1,+,A3SS_long,0.014215252,-0.032,170286,170973,NW_019863375.1_170286_170973
LOC112054178,NW_019863326.1,+,A3SS_long,0.001209829,-0.066,94113,94810,NW_019863326.1_94113_94810
LOC112056069,NW_019863696.1,-,A3SS_long,0.016280417,-0.054,72507,72892,NW_019863696.1_72507_72892
LOC112048438,NW_019862930.1,+,A3SS_long,0.014536839,0.218,368395,368659,NW_019862930.1_368395_368659
LOC112043416,NW_019862790.1,+,A3SS_long,4.92E-10,-0.081,565286,565948,NW_019862790.1_565286_565948
LOC112043416,NW_019862790.1,+,A3SS_long,1.32E-09,-0.079,565341,565948,NW_019862790.1_565341_565948
LOC112045728,NW_019862839.1,-,A3SS_long,0.004991783,-0.347,860811,861363,NW_019862839.1_860811_861363
LOC112045728,NW_019862839.1,-,A3SS_long,0.008647391,-0.378,860811,861425,NW_019862839.1_860811_861425
LOC112050705,NW_019863039.1,+,A3SS_long,0.000188713,-0.084,248549,249017,NW_019863039.1_248549_249017
LOC112050705,NW_019863039.1,+,A3SS_long,0.000437357,-0.101,248671,249017,NW_019863039.1_248671_249017
LOC112046213,NW_019862850.1,+,A3SS_long,0,-0.231,510791,511449,NW_019862850.1_510791_511449
LOC112051648,NW_019863094.1,-,A3SS_long,3.01E-05,-0.035,21378,21721,NW_019863094.1_21378_21721
LOC112057757,NW_019862766.1,+,A3SS_long,0.002740903,-0.172,165684,166063,NW_019862766.1_165684_166063
LOC112057757,NW_019862766.1,+,A3SS_long,0.008276383,-0.161,165723,166063,NW_019862766.1_165723_166063
LOC112050114,NW_019863005.1,+,A3SS_long,0.030420748,-0.017,159141,159414,NW_019863005.1_159141_159414
LOC112056791,NW_019862764.1,-,A3SS_long,0.001489868,-0.118,142245,142891,NW_019862764.1_142245_142891
LOC112052747,NW_019862759.1,-,A3SS_long,0.013091447,-0.022,617650,618141,NW_019862759.1_617650_618141
LOC112052747,NW_019862759.1,-,A3SS_long,0.020239644,-0.112,621796,622425,NW_019862759.1_621796_622425
LOC112051953,NW_019863115.1,+,A3SS_long,0.000427999,-0.404,174231,174549,NW_019863115.1_174231_174549
LOC112053897,NW_019863292.1,+,A3SS_long,0.000128951,-0.061,48186,48673,NW_019863292.1_48186_48673
LOC112052373,NW_019862759.1,+,A3SS_long,1.17E-06,-0.056,2029538,2029973,NW_019862759.1_2029538_2029973
LOC112055962,NW_019863667.1,-,A3SS_long,0.044868109,0.015,63044,63329,NW_019863667.1_63044_63329
LOC112051501,NW_019863086.1,-,A3SS_long,0,-0.13,251954,252604,NW_019863086.1_251954_252604
LOC112045707,NW_019862838.1,+,A3SS_long,1.54E-13,0.041,165040,165322,NW_019862838.1_165040_165322
LOC112054484,NW_019863363.1,-,A3SS_long,0.00030324,-0.039,22961,23343,NW_019863363.1_22961_23343
LOC112046714,NW_019862869.1,-,A3SS_long,0.022858169,-0.019,203820,204290,NW_019862869.1_203820_204290
LOC112054772,NW_019863409.1,-,A3SS_long,0.000980796,-0.111,101615,101952,NW_019863409.1_101615_101952
LOC112042907,NW_019862781.1,+,A3SS_long,0,-0.151,1657792,1658330,NW_019862781.1_1657792_1658330
LOC112052396,NW_019863145.1,-,A3SS_long,0.000121785,-0.044,117120,117752,NW_019863145.1_117120_117752
LOC112052396,NW_019863145.1,-,A3SS_long,0.000128951,-0.045,117120,117782,NW_019863145.1_117120_117782
LOC112052396,NW_019863145.1,-,A3SS_long,9.24E-05,-0.045,117193,117848,NW_019863145.1_117193_117848
LOC112052571,NW_019863159.1,-,A3SS_long,0.005920627,0.062,41304,41801,NW_019863159.1_41304_41801
LOC112044923,NW_019862820.1,-,A3SS_long,0.010598568,-0.065,917602,918031,NW_019862820.1_917602_918031
LOC112044923,NW_019862820.1,-,A3SS_long,0.022580144,-0.043,917602,918120,NW_019862820.1_917602_918120
LOC112047417,NW_019862753.1,-,A3SS_long,4.94E-10,0.215,304881,305192,NW_019862753.1_304881_305192
LOC112047417,NW_019862753.1,-,A3SS_long,3.09E-07,0.072,304881,305262,NW_019862753.1_304881_305262
LOC112047055,NW_019862753.1,-,A3SS_long,0.005259196,0.037,1461301,1461617,NW_019862753.1_1461301_1461617
LOC112047055,NW_019862753.1,-,A3SS_long,0.008819337,0.035,1461301,1461630,NW_019862753.1_1461301_1461630
LOC112044274,NW_019862806.1,+,A3SS_long,0.000976137,-0.168,617661,618001,NW_019862806.1_617661_618001
LOC112047480,NW_019862753.1,-,A3SS_long,0.003403593,0.049,2134880,2135248,NW_019862753.1_2134880_2135248
LOC112047480,NW_019862753.1,-,A3SS_long,0.001759915,0.058,2134880,2135248,NW_019862753.1_2134880_2135248
LOC112053281,NW_019863224.1,-,A3SS_long,0.027035681,0.241,142183,142554,NW_019863224.1_142183_142554
LOC112045656,NW_019862837.1,+,A3SS_long,0.001179954,0.041,330680,331227,NW_019862837.1_330680_331227
LOC112050527,NW_019863028.1,+,A3SS_long,0.026755305,0.107,306663,307179,NW_019863028.1_306663_307179
LOC112050527,NW_019863028.1,+,A3SS_long,0.027258259,0.135,306684,307179,NW_019863028.1_306684_307179
LOC112055175,NW_019863471.1,-,A3SS_long,0.00043044,-0.04,138467,138855,NW_019863471.1_138467_138855
LOC112055175,NW_019863471.1,-,A3SS_long,7.60E-05,-0.057,138467,138940,NW_019863471.1_138467_138940
LOC112051503,NW_019863086.1,-,A3SS_long,0.000185223,-0.143,306460,306831,NW_019863086.1_306460_306831
LOC112052674,NW_019862759.1,-,A3SS_long,0.006356849,0.165,562427,562911,NW_019862759.1_562427_562911
LOC112053199,NW_019862759.1,+,A3SS_long,0.006720932,-0.134,2258886,2259185,NW_019862759.1_2258886_2259185
LOC112051967,NW_019863116.1,+,A3SS_long,0.000563301,-0.308,170987,171376,NW_019863116.1_170987_171376
LOC112051967,NW_019863116.1,+,A3SS_long,0.002295714,-0.338,171013,171376,NW_019863116.1_171013_171376
LOC112051828,NW_019863106.1,+,A3SS_long,0.016087421,0.231,254693,255126,NW_019863106.1_254693_255126
LOC112051828,NW_019863106.1,+,A3SS_long,0.00792931,0.188,254693,255126,NW_019863106.1_254693_255126
LOC112051828,NW_019863106.1,+,A3SS_long,0.016364693,0.232,254697,255126,NW_019863106.1_254697_255126
LOC112051828,NW_019863106.1,+,A3SS_long,0.007985868,0.189,254697,255126,NW_019863106.1_254697_255126
LOC112051828,NW_019863106.1,+,A3SS_long,0.026755305,0.161,254729,255126,NW_019863106.1_254729_255126
LOC112051828,NW_019863106.1,+,A3SS_long,0.001464661,0.032,255273,255743,NW_019863106.1_255273_255743
LOC112048147,NW_019862918.1,+,A3SS_long,0.000348099,-0.024,152234,152557,NW_019862918.1_152234_152557
LOC112046593,NW_019862863.1,+,A3SS_long,0.000499081,-0.367,281476,281829,NW_019862863.1_281476_281829
LOC112055355,NW_019863506.1,+,A3SS_long,0.002194219,-0.087,23571,23808,NW_019863506.1_23571_23808
LOC112049701,NW_019862756.1,-,A3SS_long,0.000437357,-0.012,202804,203306,NW_019862756.1_202804_203306
LOC112049701,NW_019862756.1,-,A3SS_long,0.000715267,-0.234,202804,203306,NW_019862756.1_202804_203306
LOC112058108,NW_019862749.1,+,A3SS_long,0.009059974,0.02,271359,271718,NW_019862749.1_271359_271718
LOC112052917,NW_019863187.1,-,A3SS_long,0.005789516,-0.052,105344,105698,NW_019863187.1_105344_105698
LOC112052917,NW_019863187.1,-,A3SS_long,0.000546214,-0.19,105344,105698,NW_019863187.1_105344_105698
LOC112056098,NW_019863701.1,+,A3SS_long,0,-0.12,81947,82559,NW_019863701.1_81947_82559
LOC112056098,NW_019863701.1,+,A3SS_long,7.94E-14,-0.164,82202,82559,NW_019863701.1_82202_82559
LOC112056098,NW_019863701.1,+,A3SS_long,5.06E-10,-0.08,82501,83125,NW_019863701.1_82501_83125
LOC112056098,NW_019863701.1,+,A3SS_long,0.000427999,-0.077,83375,83718,NW_019863701.1_83375_83718
LOC112049876,NW_019862995.1,+,A3SS_long,0,0.375,27353,30209,NW_019862995.1_27353_30209
LOC112054339,NW_019863347.1,-,A3SS_long,1.95E-07,-0.094,114894,115509,NW_019863347.1_114894_115509
LOC112043773,NW_019862797.1,+,A3SS_long,0.011774623,-0.405,702792,703355,NW_019862797.1_702792_703355
LOC112043851,NW_019862799.1,+,A3SS_long,4.95E-05,0.552,891720,892085,NW_019862799.1_891720_892085
LOC112046881,NW_019862874.1,-,A3SS_long,1.18E-05,-0.436,10790,11395,NW_019862874.1_10790_11395
LOC112058335,NW_019862774.1,-,A3SS_long,0.019156257,-0.126,680023,680550,NW_019862774.1_680023_680550
LOC112048291,NW_019862924.1,-,A3SS_long,0,-0.84,328015,328630,NW_019862924.1_328015_328630
LOC112048291,NW_019862924.1,-,A3SS_long,0,-0.748,328015,328648,NW_019862924.1_328015_328648
LOC112048291,NW_019862924.1,-,A3SS_long,0,-0.832,328015,328650,NW_019862924.1_328015_328650
LOC112048290,NW_019862924.1,+,A3SS_long,0.016643868,0.308,387959,388307,NW_019862924.1_387959_388307
LOC112048290,NW_019862924.1,+,A3SS_long,0.037664933,0.057,387959,388307,NW_019862924.1_387959_388307
LOC112046225,NW_019862850.1,-,A3SS_long,0.001740616,0.248,548982,549411,NW_019862850.1_548982_549411
LOC112052026,NW_019863119.1,+,A3SS_long,0.00679213,0.007,265340,265701,NW_019863119.1_265340_265701
LOC112050069,NW_019863004.1,-,A3SS_long,0,-0.125,134610,135096,NW_019863004.1_134610_135096
LOC112048956,NW_019862953.1,+,A3SS_long,0.001324535,-0.061,429567,430040,NW_019862953.1_429567_430040
LOC112048770,NW_019862944.1,-,A3SS_long,0.012325393,0.025,538544,539115,NW_019862944.1_538544_539115
LOC112055983,NW_019863673.1,+,A3SS_long,0.009358808,-0.111,69578,69939,NW_019863673.1_69578_69939
LOC112055983,NW_019863673.1,+,A3SS_long,0.010486622,-0.118,69592,69939,NW_019863673.1_69592_69939
LOC112049641,NW_019862982.1,-,A3SS_long,0.004339234,0.038,13906,14270,NW_019862982.1_13906_14270
LOC112049641,NW_019862982.1,-,A3SS_long,0.003481511,0.039,13906,14277,NW_019862982.1_13906_14277
LOC112051443,NW_019863083.1,+,A3SS_long,0.00581392,-0.032,283481,283872,NW_019863083.1_283481_283872
LOC112051453,NW_019863083.1,-,A3SS_long,2.29E-08,-0.027,355438,356077,NW_019863083.1_355438_356077
LOC112051453,NW_019863083.1,-,A3SS_long,1.54E-05,-0.022,355565,356160,NW_019863083.1_355565_356160
LOC112051453,NW_019863083.1,-,A3SS_long,0.000598565,-0.109,355566,356160,NW_019863083.1_355566_356160
LOC112048138,NW_019862918.1,+,A3SS_long,0.015134585,0.23,441886,442199,NW_019862918.1_441886_442199
LOC112053604,NW_019863260.1,+,A3SS_long,0.006811242,0.038,143041,143366,NW_019863260.1_143041_143366
LOC112052591,NW_019863161.1,-,A3SS_long,0.000612054,-0.237,184410,184787,NW_019863161.1_184410_184787
LOC112049633,NW_019862756.1,+,A3SS_long,0.023742386,-0.013,148207,148494,NW_019862756.1_148207_148494
LOC112058164,NW_019862772.1,+,A3SS_long,0.005669349,0.055,1494810,1495148,NW_019862772.1_1494810_1495148
LOC112058164,NW_019862772.1,+,A3SS_long,0.000196531,0.244,1494838,1495148,NW_019862772.1_1494838_1495148
LOC112055071,NW_019863455.1,-,A3SS_long,0.017204862,-0.496,137807,138167,NW_019863455.1_137807_138167
LOC112047386,NW_019862891.1,-,A3SS_long,3.69E-05,0.192,370125,370576,NW_019862891.1_370125_370576
LOC112048612,NW_019862937.1,-,A3SS_long,5.44E-05,-0.056,402486,402817,NW_019862937.1_402486_402817
LOC112052325,NW_019863140.1,+,A3SS_long,0.01564627,0.079,290549,290932,NW_019863140.1_290549_290932
LOC112047997,NW_019862911.1,-,A3SS_long,0.001260403,-0.076,447830,448172,NW_019862911.1_447830_448172
LOC112052881,NW_019863183.1,+,A3SS_long,0.039348688,0.067,141260,141624,NW_019863183.1_141260_141624
LOC112046282,NW_019862853.1,+,A3SS_long,3.29E-10,0.315,25110,25865,NW_019862853.1_25110_25865
LOC112046638,NW_019862864.1,+,A3SS_long,0.003128377,0.141,326856,327235,NW_019862864.1_326856_327235
LOC112046724,NW_019862869.1,-,A3SS_long,8.16E-06,-0.076,653723,654085,NW_019862869.1_653723_654085
LOC112054515,NW_019862761.1,+,A3SS_long,1.13E-05,-0.025,1226609,1227028,NW_019862761.1_1226609_1227028
LOC112046556,NW_019862861.1,-,A3SS_long,0.001208385,-0.051,204506,204766,NW_019862861.1_204506_204766
LOC112057034,NW_019864237.1,-,A3SS_long,0.016293481,-0.032,4258,4572,NW_019864237.1_4258_4572
LOC112056467,NW_019863831.1,+,A3SS_long,2.91E-05,0.234,39214,39823,NW_019863831.1_39214_39823
LOC112053557,NW_019863252.1,+,A3SS_long,3.42E-05,-0.139,59794,60286,NW_019863252.1_59794_60286
LOC112047321,NW_019862887.1,-,A3SS_long,3.23E-11,-0.067,445566,446106,NW_019862887.1_445566_446106
LOC112043934,NW_019862800.1,+,A3SS_long,1.34E-07,0.061,679455,679726,NW_019862800.1_679455_679726
LOC112051236,NW_019863069.1,+,A3SS_long,0.001011355,0.037,317806,318260,NW_019863069.1_317806_318260
LOC112050976,NW_019863054.1,-,A3SS_short,1.54E-05,0.162,50512,50850,NW_019863054.1_50512_50850
LOC112051544,NW_019863088.1,+,A3SS_short,0.045215908,-0.475,82321,83067,NW_019863088.1_82321_83067
LOC112046088,NW_019862847.1,-,A3SS_short,0.00022829,0.42,727435,727836,NW_019862847.1_727435_727836
LOC112050179,NW_019863009.1,+,A3SS_short,0,0.24,261971,262246,NW_019863009.1_261971_262246
LOC112049074,NW_019862958.1,-,A3SS_short,0.044029511,0.054,65490,65816,NW_019862958.1_65490_65816
LOC112047743,NW_019862903.1,-,A3SS_short,2.78E-07,-0.235,403440,403767,NW_019862903.1_403440_403767
LOC112053036,NW_019863198.1,+,A3SS_short,0.010649467,-0.239,237815,238372,NW_019863198.1_237815_238372
LOC112053443,NW_019862760.1,+,A3SS_short,0.003469016,0.225,55370,55691,NW_019862760.1_55370_55691
LOC112053443,NW_019862760.1,+,A3SS_short,0.012151502,0.083,55360,55691,NW_019862760.1_55360_55691
LOC112053443,NW_019862760.1,+,A3SS_short,0.000315402,0.179,55370,55691,NW_019862760.1_55370_55691
LOC112044395,NW_019862808.1,-,A3SS_short,0.008819337,0.212,873020,873365,NW_019862808.1_873020_873365
LOC112056126,NW_019863714.1,+,A3SS_short,0.000277116,-0.131,65683,66029,NW_019863714.1_65683_66029
LOC112043853,NW_019862799.1,-,A3SS_short,6.22E-05,0.079,848944,849210,NW_019862799.1_848944_849210
LOC112042985,NW_019862783.1,+,A3SS_short,0,-0.681,634950,636476,NW_019862783.1_634950_636476
LOC112052801,NW_019863177.1,+,A3SS_short,5.93E-08,-0.098,207494,207759,NW_019863177.1_207494_207759
LOC112051523,NW_019863087.1,+,A3SS_short,0.010513496,0.046,182906,183186,NW_019863087.1_182906_183186
LOC112052337,NW_019863141.1,-,A3SS_short,0.012511263,-0.045,179558,179773,NW_019863141.1_179558_179773
LOC112058361,NW_019862775.1,-,A3SS_short,0.007688028,0.165,659540,659812,NW_019862775.1_659540_659812
LOC112045105,NW_019862824.1,-,A3SS_short,0.036236551,0.067,820582,820862,NW_019862824.1_820582_820862
LOC112053308,NW_019863227.1,-,A3SS_short,7.54E-09,-0.621,94017,94765,NW_019863227.1_94017_94765
LOC112053352,NW_019863233.1,+,A3SS_short,0.002631762,0.239,112040,112464,NW_019863233.1_112040_112464
LOC112049925,NW_019862998.1,-,A3SS_short,4.87E-05,0.033,296471,297593,NW_019862998.1_296471_297593
LOC112046166,NW_019862849.1,+,A3SS_short,0.00729659,0.092,606784,607032,NW_019862849.1_606784_607032
LOC112042799,NW_019862779.1,+,A3SS_short,0.046654887,-0.079,1181787,1182178,NW_019862779.1_1181787_1182178
LOC112043669,NW_019862794.1,-,A3SS_short,0.000106863,0.141,1090789,1091240,NW_019862794.1_1090789_1091240
LOC112058024,NW_019862770.1,-,A3SS_short,0.046212238,-0.175,1666033,1666411,NW_019862770.1_1666033_1666411
LOC112050155,NW_019863008.1,+,A3SS_short,0.030420748,-0.129,398485,398920,NW_019863008.1_398485_398920
LOC112044629,NW_019862748.1,+,A3SS_short,3.61E-10,-0.665,1471042,1471455,NW_019862748.1_1471042_1471455
LOC112058321,NW_019862774.1,+,A3SS_short,0.003971472,-0.073,1101842,1102168,NW_019862774.1_1101842_1102168
LOC112055770,NW_019863610.1,+,A3SS_short,0.01564627,-0.05,81043,81435,NW_019863610.1_81043_81435
LOC112050902,NW_019863049.1,-,A3SS_short,0.000232804,-0.16,39104,39415,NW_019863049.1_39104_39415
LOC112050902,NW_019863049.1,-,A3SS_short,0.000795487,-0.387,39104,39415,NW_019863049.1_39104_39415
LOC112048512,NW_019862933.1,-,A3SS_short,0.000142577,-0.071,711860,712265,NW_019862933.1_711860_712265
LOC112049882,NW_019862996.1,+,A3SS_short,0.000406791,-0.183,248813,249170,NW_019862996.1_248813_249170
LOC112044157,NW_019862804.1,+,A3SS_short,7.91E-05,-0.424,660341,660779,NW_019862804.1_660341_660779
LOC112044157,NW_019862804.1,+,A3SS_short,0.000499081,0.289,660384,660779,NW_019862804.1_660384_660779
LOC112044157,NW_019862804.1,+,A3SS_short,0.000437357,0.29,660384,660779,NW_019862804.1_660384_660779
LOC112056106,NW_019863702.1,-,A3SS_short,0.028015258,0.043,20185,22606,NW_019863702.1_20185_22606
LOC112051964,NW_019863116.1,+,A3SS_short,0.045748809,0.171,65887,66161,NW_019863116.1_65887_66161
LOC112056072,NW_019863696.1,-,A3SS_short,0.000437357,-0.048,30771,31132,NW_019863696.1_30771_31132
LOC112055024,NW_019863449.1,+,A3SS_short,0.046005043,-0.069,88264,88555,NW_019863449.1_88264_88555
LOC112053737,NW_019863277.1,+,A3SS_short,2.92E-06,-0.116,27611,27998,NW_019863277.1_27611_27998
LOC112045728,NW_019862839.1,-,A3SS_short,0.013433104,-0.034,860811,861283,NW_019862839.1_860811_861283
LOC112051648,NW_019863094.1,-,A3SS_short,4.92E-10,-0.07,21378,21710,NW_019863094.1_21378_21710
LOC112055624,NW_019863566.1,+,A3SS_short,1.58E-07,-0.404,48188,48564,NW_019863566.1_48188_48564
LOC112055624,NW_019863566.1,+,A3SS_short,4.71E-08,-0.364,48188,48564,NW_019863566.1_48188_48564
LOC112046692,NW_019862867.1,+,A3SS_short,0.000121484,-0.117,285752,286000,NW_019862867.1_285752_286000
LOC112055427,NW_019863522.1,-,A3SS_short,0,0.219,77250,77564,NW_019863522.1_77250_77564
LOC112049011,NW_019862755.1,+,A3SS_short,0.04027115,0.243,2065313,2065605,NW_019862755.1_2065313_2065605
LOC112056170,NW_019863725.1,+,A3SS_short,0.026755305,-0.04,16205,16622,NW_019863725.1_16205_16622
LOC112046596,NW_019862863.1,+,A3SS_short,0.045954326,-0.044,775530,775941,NW_019862863.1_775530_775941
LOC112044923,NW_019862820.1,-,A3SS_short,0.000819368,-0.145,917602,918010,NW_019862820.1_917602_918010
LOC112049107,NW_019862958.1,+,A3SS_short,2.50E-07,-0.377,251789,252467,NW_019862958.1_251789_252467
LOC112049107,NW_019862958.1,+,A3SS_short,0.011750712,0.007,292743,293057,NW_019862958.1_292743_293057
LOC112048180,NW_019862920.1,+,A3SS_short,0.022580144,-0.045,32706,32990,NW_019862920.1_32706_32990
LOC112048189,NW_019862920.1,-,A3SS_short,0.026921831,0.03,608159,608529,NW_019862920.1_608159_608529
LOC112048189,NW_019862920.1,-,A3SS_short,6.71E-05,0.112,613792,614281,NW_019862920.1_613792_614281
LOC112051967,NW_019863116.1,+,A3SS_short,0.00224828,-0.115,171045,171376,NW_019863116.1_171045_171376
LOC112046593,NW_019862863.1,+,A3SS_short,0.000458069,-0.105,281526,281829,NW_019862863.1_281526_281829
LOC112054339,NW_019863347.1,-,A3SS_short,0,0.397,121459,122146,NW_019863347.1_121459_122146
LOC112045921,NW_019862843.1,+,A3SS_short,0,-0.449,873948,874310,NW_019862843.1_873948_874310
LOC112047975,NW_019862910.1,-,A3SS_short,0.004566751,0.226,493248,493652,NW_019862910.1_493248_493652
LOC112043773,NW_019862797.1,+,A3SS_short,2.51E-08,0.526,704842,706397,NW_019862797.1_704842_706397
LOC112048290,NW_019862924.1,+,A3SS_short,0.041399972,-0.267,388000,388316,NW_019862924.1_388000_388316
LOC112046196,NW_019862850.1,-,A3SS_short,0.000139607,-0.082,537813,538468,NW_019862850.1_537813_538468
LOC112048176,NW_019862919.1,-,A3SS_short,0,0.099,102685,103074,NW_019862919.1_102685_103074
LOC112054299,NW_019863339.1,+,A3SS_short,1.06E-08,-0.136,81409,81701,NW_019863339.1_81409_81701
LOC112044298,NW_019862806.1,+,A3SS_short,0.03602089,-0.039,646089,646497,NW_019862806.1_646089_646497
LOC112043028,NW_019862784.1,+,A3SS_short,0.014539259,-0.175,1224040,1224434,NW_019862784.1_1224040_1224434
LOC112043028,NW_019862784.1,+,A3SS_short,0.006103987,-0.136,1224040,1224434,NW_019862784.1_1224040_1224434
LOC112044438,NW_019862809.1,-,A3SS_short,0.000387074,0.123,319640,319976,NW_019862809.1_319640_319976
LOC112049178,NW_019862962.1,-,A3SS_short,8.35E-06,-0.491,175010,175300,NW_019862962.1_175010_175300
LOC112049178,NW_019862962.1,-,A3SS_short,0.031701013,0.02,197270,197602,NW_019862962.1_197270_197602
LOC112049170,NW_019862962.1,+,A3SS_short,0.013433104,0.054,87180,87483,NW_019862962.1_87180_87483
LOC112043468,NW_019862791.1,-,A3SS_short,0.000340196,-0.02,309316,309634,NW_019862791.1_309316_309634
LOC112043605,NW_019862793.1,+,A3SS_short,0.002194219,0.024,63102,63544,NW_019862793.1_63102_63544
LOC112053753,NW_019863278.1,+,A3SS_short,4.71E-08,-0.103,114996,115328,NW_019863278.1_114996_115328
LOC112053753,NW_019863278.1,+,A3SS_short,2.90E-05,-0.456,114996,115309,NW_019863278.1_114996_115309
LOC112053753,NW_019863278.1,+,A3SS_short,0.000259892,-0.431,114996,115309,NW_019863278.1_114996_115309
LOC112043577,NW_019862792.1,+,A3SS_short,0.003579726,-0.032,1093892,1094468,NW_019862792.1_1093892_1094468
LOC112053613,NW_019863261.1,+,A3SS_short,0.010513496,-0.049,205166,205533,NW_019863261.1_205166_205533
LOC112046886,NW_019862874.1,+,A3SS_short,1.14E-07,-0.117,133189,133466,NW_019862874.1_133189_133466
LOC112050193,NW_019862748.1,+,A3SS_short,0.000364481,-0.122,352665,353027,NW_019862748.1_352665_353027
LOC112044621,NW_019862813.1,+,A3SS_short,0.01758076,0.373,525980,526417,NW_019862813.1_525980_526417
LOC112043412,NW_019862790.1,+,A3SS_short,3.42E-05,-0.492,179293,179615,NW_019862790.1_179293_179615
LOC112043412,NW_019862790.1,+,A3SS_short,3.69E-05,-0.482,179293,179615,NW_019862790.1_179293_179615
LOC112043412,NW_019862790.1,+,A3SS_short,9.49E-09,-0.072,179293,179615,NW_019862790.1_179293_179615
LOC112042909,NW_019862749.1,+,A3SS_short,0.000128951,-0.036,2329622,2329910,NW_019862749.1_2329622_2329910
LOC112042909,NW_019862749.1,+,A3SS_short,0.000153028,-0.034,2329622,2329910,NW_019862749.1_2329622_2329910
LOC112042909,NW_019862749.1,+,A3SS_short,4.25E-05,-0.042,2329622,2329910,NW_019862749.1_2329622_2329910
LOC112042909,NW_019862749.1,+,A3SS_short,3.04E-05,-0.047,2329622,2329910,NW_019862749.1_2329622_2329910
LOC112047076,NW_019862881.1,-,A3SS_short,0.00247947,0.037,679438,679894,NW_019862881.1_679438_679894
LOC112046041,NW_019862846.1,-,A3SS_short,0.000254288,0.004,194713,195122,NW_019862846.1_194713_195122
LOC112055665,NW_019863579.1,+,A3SS_short,0.000519751,-0.034,167454,167872,NW_019863579.1_167454_167872
LOC112052627,NW_019863164.1,+,A3SS_short,1.90E-05,-0.194,78192,78698,NW_019863164.1_78192_78698
LOC112050179,NW_019863009.1,+,A3SS_short,0,0.554,261971,262246,NW_019863009.1_261971_262246
LOC112047918,NW_019862908.1,-,A3SS_short,7.11E-05,-0.069,389504,389821,NW_019862908.1_389504_389821
LOC112051535,NW_019863088.1,+,A3SS_short,0.000976137,0.249,327236,327568,NW_019863088.1_327236_327568
LOC112058008,NW_019862770.1,+,A3SS_short,0.009407857,-0.019,1631797,1632041,NW_019862770.1_1631797_1632041
LOC112058008,NW_019862770.1,+,A3SS_short,0.009337931,-0.021,1631797,1632041,NW_019862770.1_1631797_1632041
LOC112058008,NW_019862770.1,+,A3SS_short,0.005352343,-0.022,1631797,1632041,NW_019862770.1_1631797_1632041
LOC112044496,NW_019862810.1,-,A3SS_short,0.036097765,-0.097,847336,847654,NW_019862810.1_847336_847654
LOC112043124,NW_019862748.1,+,A3SS_short,0.017412414,-0.585,697408,697689,NW_019862748.1_697408_697689
LOC112049626,NW_019862981.1,+,A3SS_short,7.37E-05,-0.019,66850,67372,NW_019862981.1_66850_67372
LOC112050343,NW_019863018.1,+,A3SS_short,0.024336648,-0.037,302071,302409,NW_019863018.1_302071_302409
LOC112055825,NW_019862762.1,-,A3SS_short,0.024336648,0.088,2130238,2130630,NW_019862762.1_2130238_2130630
LOC112055028,NW_019862762.1,+,A3SS_short,0.010513496,-0.027,60533,60825,NW_019862762.1_60533_60825
LOC112050261,NW_019863014.1,-,A3SS_short,0.003970323,-0.137,276915,277181,NW_019863014.1_276915_277181
LOC112045567,NW_019862752.1,-,A3SS_short,0.003944145,0.164,786918,787262,NW_019862752.1_786918_787262
LOC112053036,NW_019863198.1,+,A3SS_short,0.003655631,-0.07,237893,238372,NW_019863198.1_237893_238372
LOC112053871,NW_019863290.1,-,A3SS_short,0.019778106,0.174,187225,187616,NW_019863290.1_187225_187616
LOC112055865,NW_019863641.1,-,A3SS_short,0.020239644,0.115,55415,55737,NW_019863641.1_55415_55737
LOC112055826,NW_019863625.1,-,A3SS_short,0.000715267,-0.031,35355,35639,NW_019863625.1_35355_35639
LOC112051144,NW_019863065.1,-,A3SS_short,0.000598246,0.121,237323,237695,NW_019863065.1_237323_237695
LOC112049404,NW_019862971.1,-,A3SS_short,7.89E-10,0.346,707245,707522,NW_019862971.1_707245_707522
LOC112055739,NW_019863599.1,-,A3SS_short,0.000151699,-0.128,33434,33766,NW_019863599.1_33434_33766
LOC112047899,NW_019862908.1,-,A3SS_short,0.040229566,0.389,462996,463491,NW_019862908.1_462996_463491
LOC112047899,NW_019862908.1,-,A3SS_short,0.041360898,0.403,462996,463491,NW_019862908.1_462996_463491
LOC112058369,NW_019862775.1,-,A3SS_short,0.00729659,-0.162,1374728,1375021,NW_019862775.1_1374728_1375021
LOC112053443,NW_019862760.1,+,A3SS_short,0.046444216,0.228,55370,55691,NW_019862760.1_55370_55691
LOC112053443,NW_019862760.1,+,A3SS_short,0.004061091,0.104,55370,55690,NW_019862760.1_55370_55690
LOC112053443,NW_019862760.1,+,A3SS_short,0.003711817,0.105,55370,55690,NW_019862760.1_55370_55690
LOC112053443,NW_019862760.1,+,A3SS_short,0.005028622,0.114,55370,55690,NW_019862760.1_55370_55690
LOC112053443,NW_019862760.1,+,A3SS_short,0.011757275,0.116,55370,55690,NW_019862760.1_55370_55690
LOC112053443,NW_019862760.1,+,A3SS_short,0.007635086,0.121,55370,55690,NW_019862760.1_55370_55690
LOC112053443,NW_019862760.1,+,A3SS_short,0.006299782,0.131,55370,55690,NW_019862760.1_55370_55690
LOC112053443,NW_019862760.1,+,A3SS_short,0.021584565,0.139,55370,55690,NW_019862760.1_55370_55690
LOC112053443,NW_019862760.1,+,A3SS_short,0.019233174,0.13,55370,55690,NW_019862760.1_55370_55690
LOC112053443,NW_019862760.1,+,A3SS_short,0.000605355,0.247,55351,55690,NW_019862760.1_55351_55690
LOC112053443,NW_019862760.1,+,A3SS_short,0.046727451,0.437,55351,55690,NW_019862760.1_55351_55690
LOC112053443,NW_019862760.1,+,A3SS_short,0.044293272,0.441,55351,55690,NW_019862760.1_55351_55690
LOC112053443,NW_019862760.1,+,A3SS_short,0.016497083,0.38,55351,55690,NW_019862760.1_55351_55690
LOC112053443,NW_019862760.1,+,A3SS_short,0.044574259,0.42,55351,55690,NW_019862760.1_55351_55690
LOC112053443,NW_019862760.1,+,A3SS_short,0.01789226,0.387,55351,55690,NW_019862760.1_55351_55690
LOC112053443,NW_019862760.1,+,A3SS_short,5.30E-05,0.201,55351,55690,NW_019862760.1_55351_55690
LOC112053443,NW_019862760.1,+,A3SS_short,0.022314546,0.048,55370,55691,NW_019862760.1_55370_55691
LOC112054267,NW_019863335.1,+,A3SS_short,2.21E-09,0.233,31079,31345,NW_019863335.1_31079_31345
LOC112044497,NW_019862810.1,+,A3SS_short,9.16E-05,0.104,1069415,1069711,NW_019862810.1_1069415_1069711
LOC112058448,NW_019862776.1,-,A3SS_short,0.037549092,-0.024,1583706,1584275,NW_019862776.1_1583706_1584275
LOC112058448,NW_019862776.1,-,A3SS_short,8.91E-06,-0.035,1583706,1584275,NW_019862776.1_1583706_1584275
LOC112058448,NW_019862776.1,-,A3SS_short,7.32E-10,-0.052,1583706,1584275,NW_019862776.1_1583706_1584275
LOC112043298,NW_019862788.1,+,A3SS_short,0.016643868,-0.333,397937,398251,NW_019862788.1_397937_398251
LOC112053078,NW_019863203.1,-,A3SS_short,4.65E-05,-0.295,264726,265088,NW_019863203.1_264726_265088
LOC112048588,NW_019862935.1,-,A3SS_short,0.000188726,0.309,3101,3464,NW_019862935.1_3101_3464
LOC112052382,NW_019863144.1,-,A3SS_short,0.003403593,-0.025,249648,250145,NW_019863144.1_249648_250145
LOC112046887,NW_019862874.1,-,A3SS_short,0.003711817,0.11,20875,21197,NW_019862874.1_20875_21197
LOC112043311,NW_019862788.1,-,A3SS_short,0.008075798,-0.032,697978,698387,NW_019862788.1_697978_698387
LOC112056453,NW_019863828.1,+,A3SS_short,2.84E-11,0.239,19306,19633,NW_019863828.1_19306_19633
LOC112044080,NW_019862803.1,-,A3SS_short,0.000629365,-0.207,210790,211158,NW_019862803.1_210790_211158
LOC112053680,NW_019863271.1,-,A3SS_short,0.01954714,0.062,112813,113146,NW_019863271.1_112813_113146
LOC112058550,NW_019862778.1,-,A3SS_short,0,0.052,1102864,1103181,NW_019862778.1_1102864_1103181
LOC112058550,NW_019862778.1,-,A3SS_short,0,0.473,1102864,1103181,NW_019862778.1_1102864_1103181
LOC112058550,NW_019862778.1,-,A3SS_short,0,0.052,1102864,1103181,NW_019862778.1_1102864_1103181
LOC112052801,NW_019863177.1,+,A3SS_short,3.40E-05,-0.289,207494,207759,NW_019863177.1_207494_207759
LOC112052801,NW_019863177.1,+,A3SS_short,4.87E-05,-0.29,207494,207759,NW_019863177.1_207494_207759
LOC112052801,NW_019863177.1,+,A3SS_short,0.000574367,-0.289,207494,207759,NW_019863177.1_207494_207759
LOC112051523,NW_019863087.1,+,A3SS_short,0.019156257,-0.013,159575,159949,NW_019863087.1_159575_159949
LOC112051523,NW_019863087.1,+,A3SS_short,0.006804073,-0.027,179021,179345,NW_019863087.1_179021_179345
LOC112051523,NW_019863087.1,+,A3SS_short,3.17E-10,0.148,179358,179686,NW_019863087.1_179358_179686
LOC112051523,NW_019863087.1,+,A3SS_short,2.85E-07,0.05,179382,179686,NW_019863087.1_179382_179686
LOC112051523,NW_019863087.1,+,A3SS_short,2.65E-05,-0.193,179358,179686,NW_019863087.1_179358_179686
LOC112051523,NW_019863087.1,+,A3SS_short,0.030872172,-0.051,179909,180242,NW_019863087.1_179909_180242
LOC112051523,NW_019863087.1,+,A3SS_short,0.001391608,0.01,179909,180242,NW_019863087.1_179909_180242
LOC112052337,NW_019863141.1,-,A3SS_short,0.004908391,-0.05,179558,179773,NW_019863141.1_179558_179773
LOC112052337,NW_019863141.1,-,A3SS_short,0.000187162,-0.071,179558,179773,NW_019863141.1_179558_179773
LOC112052337,NW_019863141.1,-,A3SS_short,0.000179653,-0.07,179558,179773,NW_019863141.1_179558_179773
LOC112052337,NW_019863141.1,-,A3SS_short,0.000824514,-0.062,179558,179773,NW_019863141.1_179558_179773
LOC112052337,NW_019863141.1,-,A3SS_short,0.000851275,-0.062,179558,179773,NW_019863141.1_179558_179773
LOC112044491,NW_019862810.1,+,A3SS_short,0.000544307,0.044,733678,733984,NW_019862810.1_733678_733984
LOC112044491,NW_019862810.1,+,A3SS_short,0.002740903,0.027,733678,733984,NW_019862810.1_733678_733984
LOC112044491,NW_019862810.1,+,A3SS_short,0.000800379,0.033,733678,733984,NW_019862810.1_733678_733984
LOC112049407,NW_019862971.1,+,A3SS_short,0.006154502,-0.101,147796,148155,NW_019862971.1_147796_148155
LOC112047767,NW_019862904.1,-,A3SS_short,0.001127098,-0.029,1048876,1049402,NW_019862904.1_1048876_1049402
LOC112052369,NW_019863143.1,-,A3SS_short,1.91E-07,0.606,15933,16227,NW_019863143.1_15933_16227
LOC112048857,NW_019862948.1,+,A3SS_short,0.002185794,-0.081,354007,354290,NW_019862948.1_354007_354290
LOC112048857,NW_019862948.1,+,A3SS_short,0.002129466,-0.077,354007,354290,NW_019862948.1_354007_354290
LOC112043308,NW_019862788.1,+,A3SS_short,0.000189567,-0.059,670461,670806,NW_019862788.1_670461_670806
LOC112058474,NW_019862777.1,-,A3SS_short,0.000281519,-0.132,812335,812623,NW_019862777.1_812335_812623
LOC112053596,NW_019863259.1,+,A3SS_short,0.001759915,-0.147,301147,301435,NW_019863259.1_301147_301435
LOC112055969,NW_019863669.1,+,A3SS_short,0.00037671,-0.39,5871,6190,NW_019863669.1_5871_6190
LOC112057804,NW_019862767.1,-,A3SS_short,0.029676804,-0.033,270633,271160,NW_019862767.1_270633_271160
LOC112047329,NW_019862888.1,+,A3SS_short,0.000635813,0.067,285863,286186,NW_019862888.1_285863_286186
LOC112052331,NW_019862759.1,-,A3SS_short,1.10E-06,0.124,893796,894058,NW_019862759.1_893796_894058
LOC112047449,NW_019862893.1,-,A3SS_short,0.001259122,-0.408,411981,412274,NW_019862893.1_411981_412274
LOC112049842,NW_019862994.1,+,A3SS_short,0.003928047,-0.095,99151,99493,NW_019862994.1_99151_99493
LOC112047113,NW_019862882.1,-,A3SS_short,0.014480634,0.385,99717,100089,NW_019862882.1_99717_100089
LOC112057288,NW_019862748.1,-,A3SS_short,0.008819337,0.121,4393253,4393653,NW_019862748.1_4393253_4393653
LOC112052645,NW_019863165.1,-,A3SS_short,0.047242366,-0.054,198736,199375,NW_019863165.1_198736_199375
LOC112052645,NW_019863165.1,-,A3SS_short,0.046495863,-0.056,198736,199375,NW_019863165.1_198736_199375
LOC112052645,NW_019863165.1,-,A3SS_short,0.046727451,-0.056,198736,199375,NW_019863165.1_198736_199375
LOC112052645,NW_019863165.1,-,A3SS_short,0.047365056,-0.057,198736,199375,NW_019863165.1_198736_199375
LOC112043045,NW_019862784.1,+,A3SS_short,0.013971747,-0.056,1522777,1523118,NW_019862784.1_1522777_1523118
LOC112046894,NW_019862874.1,+,A3SS_short,1.33E-05,-0.035,277963,278285,NW_019862874.1_277963_278285
LOC112046894,NW_019862874.1,+,A3SS_short,0.000316084,-0.103,277963,278285,NW_019862874.1_277963_278285
LOC112046894,NW_019862874.1,+,A3SS_short,0.000316084,-0.103,277963,278285,NW_019862874.1_277963_278285
LOC112051181,NW_019863067.1,-,A3SS_short,0.004610603,-0.432,317601,317830,NW_019863067.1_317601_317830
LOC112052882,NW_019863184.1,+,A3SS_short,0.005462583,0.017,178207,178625,NW_019863184.1_178207_178625
LOC112053016,NW_019862759.1,-,A3SS_short,1.61E-05,0.172,1321293,1321593,NW_019862759.1_1321293_1321593
LOC112057684,NW_019862765.1,+,A3SS_short,1.57E-05,-0.059,1035031,1035367,NW_019862765.1_1035031_1035367
LOC112056552,NW_019863878.1,-,A3SS_short,3.86E-05,-0.043,22156,22620,NW_019863878.1_22156_22620
LOC112049503,NW_019862976.1,-,A3SS_short,0,0.085,435331,435602,NW_019862976.1_435331_435602
LOC112045949,NW_019862844.1,+,A3SS_short,0.027285007,-0.054,544815,545137,NW_019862844.1_544815_545137
LOC112049893,NW_019862996.1,-,A3SS_short,3.76E-08,-0.449,414401,414628,NW_019862996.1_414401_414628
LOC112057896,NW_019862768.1,+,A3SS_short,0,0.476,1527492,1527879,NW_019862768.1_1527492_1527879
LOC112058604,NW_019862778.1,+,A3SS_short,0.00718933,-0.08,1081228,1081587,NW_019862778.1_1081228_1081587
LOC112052655,NW_019863167.1,+,A3SS_short,0,-0.464,208893,209190,NW_019863167.1_208893_209190
LOC112052655,NW_019863167.1,+,A3SS_short,0,-0.25,208893,209190,NW_019863167.1_208893_209190
LOC112052655,NW_019863167.1,+,A3SS_short,0,-0.26,208893,209190,NW_019863167.1_208893_209190
LOC112052655,NW_019863167.1,+,A3SS_short,0,-0.263,208893,209190,NW_019863167.1_208893_209190
LOC112052655,NW_019863167.1,+,A3SS_short,0,-0.299,208893,209190,NW_019863167.1_208893_209190
LOC112052655,NW_019863167.1,+,A3SS_short,0,-0.176,208893,209190,NW_019863167.1_208893_209190
LOC112056457,NW_019863828.1,-,A3SS_short,0.00012006,-0.037,31282,31728,NW_019863828.1_31282_31728
LOC112056457,NW_019863828.1,-,A3SS_short,0.000317511,-0.028,31282,31728,NW_019863828.1_31282_31728
LOC112056457,NW_019863828.1,-,A3SS_short,0.000512824,-0.026,31282,31728,NW_019863828.1_31282_31728
LOC112056457,NW_019863828.1,-,A3SS_short,5.06E-05,-0.041,31282,31749,NW_019863828.1_31282_31749
LOC112056457,NW_019863828.1,-,A3SS_short,7.25E-05,-0.039,31282,31749,NW_019863828.1_31282_31749
LOC112048035,NW_019862913.1,-,A3SS_short,3.69E-05,-0.172,291440,291873,NW_019862913.1_291440_291873
LOC112052885,NW_019862759.1,+,A3SS_short,0,-0.083,1125173,1125518,NW_019862759.1_1125173_1125518
LOC112043580,NW_019862792.1,+,A3SS_short,0.034639248,0.253,1151258,1151565,NW_019862792.1_1151258_1151565
LOC112054929,NW_019863433.1,+,A3SS_short,7.40E-09,0.321,121027,121262,NW_019863433.1_121027_121262
LOC112046249,NW_019862852.1,-,A3SS_short,3.29E-06,0.353,849381,849661,NW_019862852.1_849381_849661
LOC112044157,NW_019862804.1,+,A3SS_short,0.000293126,-0.283,660341,660779,NW_019862804.1_660341_660779
LOC112044157,NW_019862804.1,+,A3SS_short,0.000282711,-0.287,660341,660779,NW_019862804.1_660341_660779
LOC112044157,NW_019862804.1,+,A3SS_short,0.000187162,-0.344,660341,660779,NW_019862804.1_660341_660779
LOC112044157,NW_019862804.1,+,A3SS_short,0.003912336,0.213,660424,660779,NW_019862804.1_660424_660779
LOC112044157,NW_019862804.1,+,A3SS_short,0.003207212,0.155,660384,660779,NW_019862804.1_660384_660779
LOC112046979,NW_019862879.1,+,A3SS_short,0.046005043,0.126,100994,101363,NW_019862879.1_100994_101363
LOC112046979,NW_019862879.1,+,A3SS_short,0.005446035,0.364,108199,108531,NW_019862879.1_108199_108531
LOC112054313,NW_019863342.1,+,A3SS_short,0.007133609,-0.043,125618,125986,NW_019863342.1_125618_125986
LOC112058277,NW_019862773.1,-,A3SS_short,0.00052288,0.413,800031,800405,NW_019862773.1_800031_800405
LOC112053291,NW_019863225.1,-,A3SS_short,4.74E-07,0.093,122276,122601,NW_019863225.1_122276_122601
LOC112045926,NW_019862843.1,+,A3SS_short,0.00836303,0.117,855144,855553,NW_019862843.1_855144_855553
LOC112049394,NW_019862971.1,-,A3SS_short,8.97E-05,0.332,667502,668009,NW_019862971.1_667502_668009
LOC112058472,NW_019862777.1,-,A3SS_short,0.021094064,0.058,223324,223764,NW_019862777.1_223324_223764
LOC112049623,NW_019862981.1,+,A3SS_short,0.000189567,-0.063,173765,174210,NW_019862981.1_173765_174210
LOC112057756,NW_019862766.1,-,A3SS_short,0.015713122,-0.013,160503,160960,NW_019862766.1_160503_160960
LOC112057842,NW_019862767.1,-,A3SS_short,0.000559373,-0.111,1090614,1091000,NW_019862767.1_1090614_1091000
LOC112054561,NW_019863375.1,+,A3SS_short,0.014215252,-0.032,170289,170973,NW_019863375.1_170289_170973
LOC112054178,NW_019863326.1,+,A3SS_short,0.001209829,-0.066,94250,94810,NW_019863326.1_94250_94810
LOC112056069,NW_019863696.1,-,A3SS_short,0.016280417,-0.054,72507,72866,NW_019863696.1_72507_72866
LOC112048438,NW_019862930.1,+,A3SS_short,0.014536839,0.218,368402,368659,NW_019862930.1_368402_368659
LOC112043416,NW_019862790.1,+,A3SS_short,4.92E-10,-0.081,565541,565948,NW_019862790.1_565541_565948
LOC112043416,NW_019862790.1,+,A3SS_short,1.32E-09,-0.079,565541,565948,NW_019862790.1_565541_565948
LOC112045728,NW_019862839.1,-,A3SS_short,0.004991783,-0.347,860811,861283,NW_019862839.1_860811_861283
LOC112045728,NW_019862839.1,-,A3SS_short,0.008647391,-0.378,860811,861283,NW_019862839.1_860811_861283
LOC112050705,NW_019863039.1,+,A3SS_short,0.000188713,-0.084,248745,249017,NW_019863039.1_248745_249017
LOC112050705,NW_019863039.1,+,A3SS_short,0.000437357,-0.101,248745,249017,NW_019863039.1_248745_249017
LOC112046213,NW_019862850.1,+,A3SS_short,0,-0.231,510957,511449,NW_019862850.1_510957_511449
LOC112051648,NW_019863094.1,-,A3SS_short,3.01E-05,-0.035,21378,21710,NW_019863094.1_21378_21710
LOC112057757,NW_019862766.1,+,A3SS_short,0.002740903,-0.172,165785,166063,NW_019862766.1_165785_166063
LOC112057757,NW_019862766.1,+,A3SS_short,0.008276383,-0.161,165785,166063,NW_019862766.1_165785_166063
LOC112050114,NW_019863005.1,+,A3SS_short,0.030420748,-0.017,159150,159414,NW_019863005.1_159150_159414
LOC112056791,NW_019862764.1,-,A3SS_short,0.001489868,-0.118,142245,142628,NW_019862764.1_142245_142628
LOC112052747,NW_019862759.1,-,A3SS_short,0.013091447,-0.022,617650,618135,NW_019862759.1_617650_618135
LOC112052747,NW_019862759.1,-,A3SS_short,0.020239644,-0.112,621796,622191,NW_019862759.1_621796_622191
LOC112051953,NW_019863115.1,+,A3SS_short,0.000427999,-0.404,174237,174549,NW_019863115.1_174237_174549
LOC112053897,NW_019863292.1,+,A3SS_short,0.000128951,-0.061,48212,48673,NW_019863292.1_48212_48673
LOC112052373,NW_019862759.1,+,A3SS_short,1.17E-06,-0.056,2029707,2029973,NW_019862759.1_2029707_2029973
LOC112055962,NW_019863667.1,-,A3SS_short,0.044868109,0.015,63044,63320,NW_019863667.1_63044_63320
LOC112051501,NW_019863086.1,-,A3SS_short,0,-0.13,251954,252277,NW_019863086.1_251954_252277
LOC112045707,NW_019862838.1,+,A3SS_short,1.54E-13,0.041,165042,165322,NW_019862838.1_165042_165322
LOC112054484,NW_019863363.1,-,A3SS_short,0.00030324,-0.039,22961,23338,NW_019863363.1_22961_23338
LOC112046714,NW_019862869.1,-,A3SS_short,0.022858169,-0.019,203820,204221,NW_019862869.1_203820_204221
LOC112054772,NW_019863409.1,-,A3SS_short,0.000980796,-0.111,101615,101948,NW_019863409.1_101615_101948
LOC112042907,NW_019862781.1,+,A3SS_short,0,-0.151,1658049,1658330,NW_019862781.1_1658049_1658330
LOC112052396,NW_019863145.1,-,A3SS_short,0.000121785,-0.044,117120,117503,NW_019863145.1_117120_117503
LOC112052396,NW_019863145.1,-,A3SS_short,0.000128951,-0.045,117120,117503,NW_019863145.1_117120_117503
LOC112052396,NW_019863145.1,-,A3SS_short,9.24E-05,-0.045,117193,117503,NW_019863145.1_117193_117503
LOC112052571,NW_019863159.1,-,A3SS_short,0.005920627,0.062,41304,41558,NW_019863159.1_41304_41558
LOC112044923,NW_019862820.1,-,A3SS_short,0.010598568,-0.065,917602,918010,NW_019862820.1_917602_918010
LOC112044923,NW_019862820.1,-,A3SS_short,0.022580144,-0.043,917602,918010,NW_019862820.1_917602_918010
LOC112047417,NW_019862753.1,-,A3SS_short,4.94E-10,0.215,304881,305162,NW_019862753.1_304881_305162
LOC112047417,NW_019862753.1,-,A3SS_short,3.09E-07,0.072,304881,305162,NW_019862753.1_304881_305162
LOC112047055,NW_019862753.1,-,A3SS_short,0.005259196,0.037,1461301,1461555,NW_019862753.1_1461301_1461555
LOC112047055,NW_019862753.1,-,A3SS_short,0.008819337,0.035,1461301,1461555,NW_019862753.1_1461301_1461555
LOC112044274,NW_019862806.1,+,A3SS_short,0.000976137,-0.168,617749,618001,NW_019862806.1_617749_618001
LOC112047480,NW_019862753.1,-,A3SS_short,0.003403593,0.049,2134880,2135228,NW_019862753.1_2134880_2135228
LOC112047480,NW_019862753.1,-,A3SS_short,0.001759915,0.058,2134880,2135240,NW_019862753.1_2134880_2135240
LOC112053281,NW_019863224.1,-,A3SS_short,0.027035681,0.241,142183,142528,NW_019863224.1_142183_142528
LOC112045656,NW_019862837.1,+,A3SS_short,0.001179954,0.041,330850,331227,NW_019862837.1_330850_331227
LOC112050527,NW_019863028.1,+,A3SS_short,0.026755305,0.107,306826,307179,NW_019863028.1_306826_307179
LOC112050527,NW_019863028.1,+,A3SS_short,0.027258259,0.135,306826,307179,NW_019863028.1_306826_307179
LOC112055175,NW_019863471.1,-,A3SS_short,0.00043044,-0.04,138467,138827,NW_019863471.1_138467_138827
LOC112055175,NW_019863471.1,-,A3SS_short,7.60E-05,-0.057,138467,138827,NW_019863471.1_138467_138827
LOC112051503,NW_019863086.1,-,A3SS_short,0.000185223,-0.143,306460,306793,NW_019863086.1_306460_306793
LOC112052674,NW_019862759.1,-,A3SS_short,0.006356849,0.165,562427,562825,NW_019862759.1_562427_562825
LOC112053199,NW_019862759.1,+,A3SS_short,0.006720932,-0.134,2258901,2259185,NW_019862759.1_2258901_2259185
LOC112051967,NW_019863116.1,+,A3SS_short,0.000563301,-0.308,171045,171376,NW_019863116.1_171045_171376
LOC112051967,NW_019863116.1,+,A3SS_short,0.002295714,-0.338,171045,171376,NW_019863116.1_171045_171376
LOC112051828,NW_019863106.1,+,A3SS_short,0.016087421,0.231,254822,255126,NW_019863106.1_254822_255126
LOC112051828,NW_019863106.1,+,A3SS_short,0.00792931,0.188,254830,255126,NW_019863106.1_254830_255126
LOC112051828,NW_019863106.1,+,A3SS_short,0.016364693,0.232,254822,255126,NW_019863106.1_254822_255126
LOC112051828,NW_019863106.1,+,A3SS_short,0.007985868,0.189,254830,255126,NW_019863106.1_254830_255126
LOC112051828,NW_019863106.1,+,A3SS_short,0.026755305,0.161,254830,255126,NW_019863106.1_254830_255126
LOC112051828,NW_019863106.1,+,A3SS_short,0.001464661,0.032,255342,255743,NW_019863106.1_255342_255743
LOC112048147,NW_019862918.1,+,A3SS_short,0.000348099,-0.024,152238,152557,NW_019862918.1_152238_152557
LOC112046593,NW_019862863.1,+,A3SS_short,0.000499081,-0.367,281526,281829,NW_019862863.1_281526_281829
LOC112055355,NW_019863506.1,+,A3SS_short,0.002194219,-0.087,23577,23808,NW_019863506.1_23577_23808
LOC112049701,NW_019862756.1,-,A3SS_short,0.000437357,-0.012,202804,203197,NW_019862756.1_202804_203197
LOC112049701,NW_019862756.1,-,A3SS_short,0.000715267,-0.234,202804,203243,NW_019862756.1_202804_203243
LOC112058108,NW_019862749.1,+,A3SS_short,0.009059974,0.02,271363,271718,NW_019862749.1_271363_271718
LOC112052917,NW_019863187.1,-,A3SS_short,0.005789516,-0.052,105344,105663,NW_019863187.1_105344_105663
LOC112052917,NW_019863187.1,-,A3SS_short,0.000546214,-0.19,105344,105666,NW_019863187.1_105344_105666
LOC112056098,NW_019863701.1,+,A3SS_short,0,-0.12,82251,82559,NW_019863701.1_82251_82559
LOC112056098,NW_019863701.1,+,A3SS_short,7.94E-14,-0.164,82251,82559,NW_019863701.1_82251_82559
LOC112056098,NW_019863701.1,+,A3SS_short,5.06E-10,-0.08,82838,83125,NW_019863701.1_82838_83125
LOC112056098,NW_019863701.1,+,A3SS_short,0.000427999,-0.077,83395,83718,NW_019863701.1_83395_83718
LOC112049876,NW_019862995.1,+,A3SS_short,0,0.375,29879,30209,NW_019862995.1_29879_30209
LOC112054339,NW_019863347.1,-,A3SS_short,1.95E-07,-0.094,114894,115197,NW_019863347.1_114894_115197
LOC112043773,NW_019862797.1,+,A3SS_short,0.011774623,-0.405,703105,703355,NW_019862797.1_703105_703355
LOC112043851,NW_019862799.1,+,A3SS_short,4.95E-05,0.552,891793,892085,NW_019862799.1_891793_892085
LOC112046881,NW_019862874.1,-,A3SS_short,1.18E-05,-0.436,10790,11178,NW_019862874.1_10790_11178
LOC112058335,NW_019862774.1,-,A3SS_short,0.019156257,-0.126,680023,680521,NW_019862774.1_680023_680521
LOC112048291,NW_019862924.1,-,A3SS_short,0,-0.84,328015,328270,NW_019862924.1_328015_328270
LOC112048291,NW_019862924.1,-,A3SS_short,0,-0.748,328015,328270,NW_019862924.1_328015_328270
LOC112048291,NW_019862924.1,-,A3SS_short,0,-0.832,328015,328270,NW_019862924.1_328015_328270
LOC112048290,NW_019862924.1,+,A3SS_short,0.016643868,0.308,387986,388307,NW_019862924.1_387986_388307
LOC112048290,NW_019862924.1,+,A3SS_short,0.037664933,0.057,388000,388307,NW_019862924.1_388000_388307
LOC112046225,NW_019862850.1,-,A3SS_short,0.001740616,0.248,548982,549396,NW_019862850.1_548982_549396
LOC112052026,NW_019863119.1,+,A3SS_short,0.00679213,0.007,265354,265701,NW_019863119.1_265354_265701
LOC112050069,NW_019863004.1,-,A3SS_short,0,-0.125,134610,134935,NW_019863004.1_134610_134935
LOC112048956,NW_019862953.1,+,A3SS_short,0.001324535,-0.061,429637,430040,NW_019862953.1_429637_430040
LOC112048770,NW_019862944.1,-,A3SS_short,0.012325393,0.025,538544,539099,NW_019862944.1_538544_539099
LOC112055983,NW_019863673.1,+,A3SS_short,0.009358808,-0.111,69607,69939,NW_019863673.1_69607_69939
LOC112055983,NW_019863673.1,+,A3SS_short,0.010486622,-0.118,69607,69939,NW_019863673.1_69607_69939
LOC112049641,NW_019862982.1,-,A3SS_short,0.004339234,0.038,13906,14213,NW_019862982.1_13906_14213
LOC112049641,NW_019862982.1,-,A3SS_short,0.003481511,0.039,13906,14213,NW_019862982.1_13906_14213
LOC112051443,NW_019863083.1,+,A3SS_short,0.00581392,-0.032,283501,283872,NW_019863083.1_283501_283872
LOC112051453,NW_019863083.1,-,A3SS_short,2.29E-08,-0.027,355438,356072,NW_019863083.1_355438_356072
LOC112051453,NW_019863083.1,-,A3SS_short,1.54E-05,-0.022,355565,356072,NW_019863083.1_355565_356072
LOC112051453,NW_019863083.1,-,A3SS_short,0.000598565,-0.109,355566,356077,NW_019863083.1_355566_356077
LOC112048138,NW_019862918.1,+,A3SS_short,0.015134585,0.23,441887,442199,NW_019862918.1_441887_442199
LOC112053604,NW_019863260.1,+,A3SS_short,0.006811242,0.038,143100,143366,NW_019863260.1_143100_143366
LOC112052591,NW_019863161.1,-,A3SS_short,0.000612054,-0.237,184410,184778,NW_019863161.1_184410_184778
LOC112049633,NW_019862756.1,+,A3SS_short,0.023742386,-0.013,148224,148494,NW_019862756.1_148224_148494
LOC112058164,NW_019862772.1,+,A3SS_short,0.005669349,0.055,1494839,1495148,NW_019862772.1_1494839_1495148
LOC112058164,NW_019862772.1,+,A3SS_short,0.000196531,0.244,1494839,1495148,NW_019862772.1_1494839_1495148
LOC112055071,NW_019863455.1,-,A3SS_short,0.017204862,-0.496,137807,138142,NW_019863455.1_137807_138142
LOC112047386,NW_019862891.1,-,A3SS_short,3.69E-05,0.192,370125,370567,NW_019862891.1_370125_370567
LOC112048612,NW_019862937.1,-,A3SS_short,5.44E-05,-0.056,402486,402803,NW_019862937.1_402486_402803
LOC112052325,NW_019863140.1,+,A3SS_short,0.01564627,0.079,290561,290932,NW_019863140.1_290561_290932
LOC112047997,NW_019862911.1,-,A3SS_short,0.001260403,-0.076,447830,448169,NW_019862911.1_447830_448169
LOC112052881,NW_019863183.1,+,A3SS_short,0.039348688,0.067,141298,141624,NW_019863183.1_141298_141624
LOC112046282,NW_019862853.1,+,A3SS_short,3.29E-10,0.315,25381,25865,NW_019862853.1_25381_25865
LOC112046638,NW_019862864.1,+,A3SS_short,0.003128377,0.141,326859,327235,NW_019862864.1_326859_327235
LOC112046724,NW_019862869.1,-,A3SS_short,8.16E-06,-0.076,653723,654023,NW_019862869.1_653723_654023
LOC112054515,NW_019862761.1,+,A3SS_short,1.13E-05,-0.025,1226632,1227028,NW_019862761.1_1226632_1227028
LOC112046556,NW_019862861.1,-,A3SS_short,0.001208385,-0.051,204506,204762,NW_019862861.1_204506_204762
LOC112057034,NW_019864237.1,-,A3SS_short,0.016293481,-0.032,4258,4569,NW_019864237.1_4258_4569
LOC112056467,NW_019863831.1,+,A3SS_short,2.91E-05,0.234,39471,39823,NW_019863831.1_39471_39823
LOC112053557,NW_019863252.1,+,A3SS_short,3.42E-05,-0.139,59900,60286,NW_019863252.1_59900_60286
LOC112047321,NW_019862887.1,-,A3SS_short,3.23E-11,-0.067,445566,445992,NW_019862887.1_445566_445992
LOC112043934,NW_019862800.1,+,A3SS_short,1.34E-07,0.061,679484,679726,NW_019862800.1_679484_679726
LOC112051236,NW_019863069.1,+,A3SS_short,0.001011355,0.037,317900,318260,NW_019863069.1_317900_318260
LOC112052209,NW_019863133.1,+,A5SS_long,9.34E-11,0.494,267087,267548,NW_019863133.1_267087_267548
LOC112051862,NW_019862748.1,-,A5SS_long,0.000679951,0.043,379068,379425,NW_019862748.1_379068_379425
LOC112043976,NW_019862750.1,-,A5SS_long,0.047226288,-0.126,2036804,2037130,NW_019862750.1_2036804_2037130
LOC112044870,NW_019862819.1,-,A5SS_long,0.00013652,0.071,806762,807341,NW_019862819.1_806762_807341
LOC112043322,NW_019862788.1,+,A5SS_long,0.01135099,-0.19,1045060,1045423,NW_019862788.1_1045060_1045423
LOC112058000,NW_019862770.1,-,A5SS_long,0,0.481,1446834,1447272,NW_019862770.1_1446834_1447272
LOC112055642,NW_019863572.1,-,A5SS_long,2.63E-06,-0.262,68053,68386,NW_019863572.1_68053_68386
LOC112052043,NW_019863120.1,-,A5SS_long,0.035671837,0.097,90377,90787,NW_019863120.1_90377_90787
LOC112043800,NW_019862798.1,+,A5SS_long,0.000196175,-0.105,489067,489424,NW_019862798.1_489067_489424
LOC112051407,NW_019863081.1,+,A5SS_long,0.004507332,-0.205,11752,12401,NW_019863081.1_11752_12401
LOC112045428,NW_019862831.1,-,A5SS_long,6.75E-12,-0.179,414263,414706,NW_019862831.1_414263_414706
LOC112052580,NW_019863160.1,-,A5SS_long,0.000225581,-0.242,115597,116052,NW_019863160.1_115597_116052
LOC112057845,NW_019862767.1,-,A5SS_long,0.003571122,-0.108,1652755,1653134,NW_019862767.1_1652755_1653134
LOC112053443,NW_019862760.1,+,A5SS_long,0.000228738,0.186,35967,36351,NW_019862760.1_35967_36351
LOC112058484,NW_019862777.1,+,A5SS_long,0.017024426,-0.138,940287,940729,NW_019862777.1_940287_940729
LOC112044994,NW_019862820.1,+,A5SS_long,0.023739533,0.156,671613,671926,NW_019862820.1_671613_671926
LOC112048826,NW_019862946.1,+,A5SS_long,0.015769547,0.186,511163,511909,NW_019862946.1_511163_511909
LOC112043019,NW_019862784.1,-,A5SS_long,4.02E-07,0.078,1111303,1111737,NW_019862784.1_1111303_1111737
LOC112052075,NW_019863123.1,+,A5SS_long,0.004858059,-0.037,92950,93287,NW_019863123.1_92950_93287
LOC112052375,NW_019863143.1,+,A5SS_long,0.001515507,0.234,162748,163010,NW_019863143.1_162748_163010
LOC112043669,NW_019862794.1,-,A5SS_long,0.000502147,-0.198,1095197,1096016,NW_019862794.1_1095197_1096016
LOC112054721,NW_019863402.1,-,A5SS_long,0,0.389,129990,130290,NW_019863402.1_129990_130290
LOC112046842,NW_019862873.1,+,A5SS_long,0,-0.143,568479,569137,NW_019862873.1_568479_569137
LOC112054593,NW_019863380.1,+,A5SS_long,0.039315779,-0.322,160137,160824,NW_019863380.1_160137_160824
LOC112042935,NW_019862782.1,-,A5SS_long,2.59E-10,0.503,1155888,1157414,NW_019862782.1_1155888_1157414
LOC112051468,NW_019863084.1,+,A5SS_long,2.33E-06,0.251,86808,87188,NW_019863084.1_86808_87188
LOC112055365,NW_019863507.1,+,A5SS_long,0.000875187,-0.16,31608,32171,NW_019863507.1_31608_32171
LOC112055365,NW_019863507.1,+,A5SS_long,0.001649787,-0.11,31608,32175,NW_019863507.1_31608_32175
LOC112057669,NW_019862765.1,+,A5SS_long,0.003890896,-0.275,837860,838188,NW_019862765.1_837860_838188
LOC112057717,NW_019862765.1,-,A5SS_long,0.000313686,0.143,1754174,1754500,NW_019862765.1_1754174_1754500
LOC112053562,NW_019863253.1,+,A5SS_long,6.80E-07,0.118,175457,175826,NW_019863253.1_175457_175826
LOC112048035,NW_019862913.1,-,A5SS_long,0,-0.425,280327,280698,NW_019862913.1_280327_280698
LOC112051915,NW_019863111.1,-,A5SS_long,6.92E-05,-0.485,226663,227987,NW_019863111.1_226663_227987
LOC112051915,NW_019863111.1,-,A5SS_long,5.18E-05,-0.484,226710,227987,NW_019863111.1_226710_227987
LOC112043296,NW_019862788.1,+,A5SS_long,0.041680565,-0.111,326667,327091,NW_019862788.1_326667_327091
LOC112047512,NW_019862895.1,+,A5SS_long,4.93E-12,0.122,180003,180295,NW_019862895.1_180003_180295
LOC112044157,NW_019862804.1,+,A5SS_long,0.000170033,0.59,658281,658594,NW_019862804.1_658281_658594
LOC112046777,NW_019862870.1,-,A5SS_long,0,0.481,658013,658515,NW_019862870.1_658013_658515
LOC112046777,NW_019862870.1,-,A5SS_long,0.000115164,0.397,658013,658515,NW_019862870.1_658013_658515
LOC112050431,NW_019863023.1,+,A5SS_long,7.02E-05,-0.308,118274,118708,NW_019863023.1_118274_118708
LOC112050431,NW_019863023.1,+,A5SS_long,1.11E-05,-0.444,118274,118719,NW_019863023.1_118274_118719
LOC112054260,NW_019862761.1,-,A5SS_long,0.00157752,-0.124,342269,342604,NW_019862761.1_342269_342604
LOC112055061,NW_019863453.1,-,A5SS_long,1.06E-05,-0.101,102791,103402,NW_019863453.1_102791_103402
LOC112049982,NW_019863001.1,-,A5SS_long,0.000185112,-0.114,349590,350093,NW_019863001.1_349590_350093
LOC112047494,NW_019862894.1,-,A5SS_long,9.05E-09,-0.478,462665,463085,NW_019862894.1_462665_463085
LOC112055968,NW_019863669.1,-,A5SS_long,9.65E-11,0.134,17012,17358,NW_019863669.1_17012_17358
LOC112055201,NW_019863475.1,-,A5SS_long,1.01E-05,-0.082,91487,91800,NW_019863475.1_91487_91800
LOC112048434,NW_019862930.1,+,A5SS_long,1.27E-06,-0.355,451550,451893,NW_019862930.1_451550_451893
LOC112044854,NW_019862818.1,-,A5SS_long,0.006102289,-0.132,183385,183749,NW_019862818.1_183385_183749
LOC112057757,NW_019862766.1,+,A5SS_long,0.019477181,-0.04,165443,165907,NW_019862766.1_165443_165907
LOC112044311,NW_019862806.1,+,A5SS_long,0.000146364,-0.082,803851,804615,NW_019862806.1_803851_804615
LOC112044442,NW_019862809.1,+,A5SS_long,0,-0.23,819790,820115,NW_019862809.1_819790_820115
LOC112047020,NW_019862880.1,+,A5SS_long,0.004735925,0.066,229263,230710,NW_019862880.1_229263_230710
LOC112056633,NW_019863916.1,-,A5SS_long,3.77E-05,-0.399,25687,25953,NW_019863916.1_25687_25953
LOC112046714,NW_019862869.1,-,A5SS_long,0.034628083,0.047,199852,200217,NW_019862869.1_199852_200217
LOC112054344,NW_019863348.1,-,A5SS_long,0.000926969,0.197,19269,19742,NW_019863348.1_19269_19742
LOC112054318,NW_019863343.1,+,A5SS_long,0.00103931,0.222,42915,43330,NW_019863343.1_42915_43330
LOC112051193,NW_019862757.1,-,A5SS_long,0.000228738,0.147,1821208,1821576,NW_019862757.1_1821208_1821576
LOC112048511,NW_019862933.1,+,A5SS_long,0.017646619,0.371,700104,700528,NW_019862933.1_700104_700528
LOC112050527,NW_019863028.1,+,A5SS_long,3.74E-07,0.181,294503,294873,NW_019863028.1_294503_294873
LOC112051967,NW_019863116.1,+,A5SS_long,0.021494497,-0.184,170291,170709,NW_019863116.1_170291_170709
LOC112043721,NW_019862795.1,+,A5SS_long,1.63E-09,-0.718,1103212,1103667,NW_019862795.1_1103212_1103667
LOC112043935,NW_019862800.1,-,A5SS_long,0.000124654,0.178,712608,712951,NW_019862800.1_712608_712951
LOC112050895,NW_019863049.1,+,A5SS_long,0.00956016,0.116,159102,159467,NW_019863049.1_159102_159467
LOC112048422,NW_019862929.1,+,A5SS_long,0.01767816,0.09,62969,63441,NW_019862929.1_62969_63441
LOC112048621,NW_019862937.1,-,A5SS_long,0.049481169,-0.051,224693,225102,NW_019862937.1_224693_225102
LOC112046080,NW_019862847.1,+,A5SS_long,0.000804159,0.083,455700,456122,NW_019862847.1_455700_456122
LOC112047618,NW_019862898.1,-,A5SS_long,1.21E-10,0.538,573812,576496,NW_019862898.1_573812_576496
LOC112047618,NW_019862898.1,-,A5SS_long,3.65E-09,0.578,574142,576496,NW_019862898.1_574142_576496
LOC112047618,NW_019862898.1,-,A5SS_long,1.74E-09,0.484,573812,576496,NW_019862898.1_573812_576496
LOC112047618,NW_019862898.1,-,A5SS_long,6.10E-09,0.483,574142,576496,NW_019862898.1_574142_576496
LOC112056122,NW_019863712.1,+,A5SS_long,5.44E-07,-0.554,64729,65241,NW_019863712.1_64729_65241
LOC112049212,NW_019862963.1,+,A5SS_long,4.93E-14,-0.258,375408,379100,NW_019862963.1_375408_379100
LOC112052204,NW_019863133.1,+,A5SS_long,0.006880664,-0.047,130952,131336,NW_019863133.1_130952_131336
LOC112052204,NW_019863133.1,+,A5SS_long,0.017177729,0.035,132465,132808,NW_019863133.1_132465_132808
LOC112043476,NW_019862791.1,-,A5SS_long,0.034083885,0.014,424497,424983,NW_019862791.1_424497_424983
LOC112050844,NW_019863046.1,-,A5SS_long,1.42E-12,0.628,84148,84458,NW_019863046.1_84148_84458
LOC112050844,NW_019863046.1,-,A5SS_long,0.017177729,0.036,84148,84458,NW_019863046.1_84148_84458
LOC112051137,NW_019863064.1,+,A5SS_long,1.38E-05,-0.13,238534,239033,NW_019863064.1_238534_239033
LOC112053694,NW_019863272.1,+,A5SS_long,0.000253855,0.322,51359,52035,NW_019863272.1_51359_52035
LOC112048787,NW_019862945.1,+,A5SS_long,0.028542016,0.392,435164,435674,NW_019862945.1_435164_435674
LOC112048787,NW_019862945.1,+,A5SS_long,0.049168458,0.365,435164,435679,NW_019862945.1_435164_435679
LOC112048787,NW_019862945.1,+,A5SS_long,0.049168458,0.365,435164,435835,NW_019862945.1_435164_435835
LOC112048787,NW_019862945.1,+,A5SS_long,0.028027661,0.377,435164,435669,NW_019862945.1_435164_435669
LOC112048787,NW_019862945.1,+,A5SS_long,0.006246318,0.426,435164,435674,NW_019862945.1_435164_435674
LOC112048787,NW_019862945.1,+,A5SS_long,0.006452078,0.377,435164,435679,NW_019862945.1_435164_435679
LOC112048787,NW_019862945.1,+,A5SS_long,0.006452078,0.377,435164,435835,NW_019862945.1_435164_435835
LOC112048780,NW_019862945.1,-,A5SS_long,0.004212904,0.056,217875,218544,NW_019862945.1_217875_218544
LOC112048480,NW_019862932.1,-,A5SS_long,0.000638968,-0.372,269797,270300,NW_019862932.1_269797_270300
LOC112053753,NW_019863278.1,+,A5SS_long,1.85E-07,-0.097,114326,115020,NW_019863278.1_114326_115020
LOC112058248,NW_019862773.1,-,A5SS_long,0.010337016,0.236,281686,282389,NW_019862773.1_281686_282389
LOC112053860,NW_019863289.1,+,A5SS_long,0.007175914,-0.069,168333,168955,NW_019863289.1_168333_168955
LOC112050405,NW_019863021.1,-,A5SS_long,0,-0.262,129661,130144,NW_019863021.1_129661_130144
LOC112043517,NW_019862792.1,+,A5SS_long,0.000232422,0.144,1417715,1418279,NW_019862792.1_1417715_1418279
LOC112043539,NW_019862792.1,+,A5SS_long,0.023944663,-0.032,132593,133011,NW_019862792.1_132593_133011
LOC112048194,NW_019862920.1,+,A5SS_long,1.36E-08,0.321,590646,591081,NW_019862920.1_590646_591081
LOC112054834,NW_019863423.1,+,A5SS_long,6.54E-06,0.235,33577,33881,NW_019863423.1_33577_33881
LOC112054834,NW_019863423.1,+,A5SS_long,0,0.421,33577,33967,NW_019863423.1_33577_33967
LOC112049386,NW_019862970.1,+,A5SS_long,0.035804353,-0.138,437661,438140,NW_019862970.1_437661_438140
LOC112046902,NW_019862874.1,-,A5SS_long,0.000495902,0.118,526977,527382,NW_019862874.1_526977_527382
LOC112053499,NW_019862760.1,+,A5SS_long,2.88E-13,0.232,149873,150618,NW_019862760.1_149873_150618
LOC112045057,NW_019862823.1,+,A5SS_long,0.000883538,-0.225,184261,184836,NW_019862823.1_184261_184836
LOC112051509,NW_019863086.1,+,A5SS_long,6.23E-07,0.461,260696,261264,NW_019863086.1_260696_261264
LOC112051702,NW_019863098.1,+,A5SS_long,3.01E-08,-0.501,302284,302861,NW_019863098.1_302284_302861
LOC112046173,NW_019862849.1,-,A5SS_long,0.03056261,-0.022,137712,138406,NW_019862849.1_137712_138406
LOC112051042,NW_019862748.1,-,A5SS_long,0.033847179,-0.143,367185,368529,NW_019862748.1_367185_368529
LOC112053764,NW_019863280.1,+,A5SS_long,0.036697483,-0.025,208647,208917,NW_019863280.1_208647_208917
LOC112053764,NW_019863280.1,+,A5SS_long,7.66E-05,-0.264,208647,208925,NW_019863280.1_208647_208925
LOC112051951,NW_019862758.1,-,A5SS_long,1.39E-05,-0.056,2123052,2123444,NW_019862758.1_2123052_2123444
LOC112051951,NW_019862758.1,-,A5SS_long,0.007405127,-0.029,2123052,2123552,NW_019862758.1_2123052_2123552
LOC112051951,NW_019862758.1,-,A5SS_long,0,-0.188,2123052,2123740,NW_019862758.1_2123052_2123740
LOC112051951,NW_019862758.1,-,A5SS_long,3.69E-05,-0.131,2123053,2123444,NW_019862758.1_2123053_2123444
LOC112051951,NW_019862758.1,-,A5SS_long,0.001109532,-0.082,2123053,2123552,NW_019862758.1_2123053_2123552
LOC112051951,NW_019862758.1,-,A5SS_long,3.69E-05,-0.131,2123054,2123444,NW_019862758.1_2123054_2123444
LOC112051951,NW_019862758.1,-,A5SS_long,0.001109532,-0.082,2123054,2123552,NW_019862758.1_2123054_2123552
LOC112051951,NW_019862758.1,-,A5SS_long,3.19E-05,-0.118,2123088,2123444,NW_019862758.1_2123088_2123444
LOC112051951,NW_019862758.1,-,A5SS_long,0.001109532,-0.082,2123088,2123552,NW_019862758.1_2123088_2123552
LOC112051951,NW_019862758.1,-,A5SS_long,5.46E-05,-0.096,2123092,2123444,NW_019862758.1_2123092_2123444
LOC112048994,NW_019862954.1,-,A5SS_long,0.020596311,0.19,263227,263884,NW_019862954.1_263227_263884
LOC112048994,NW_019862954.1,-,A5SS_long,0.019355338,0.191,263252,263884,NW_019862954.1_263252_263884
LOC112048994,NW_019862954.1,-,A5SS_long,0.019355338,0.191,263299,263884,NW_019862954.1_263299_263884
LOC112054444,NW_019863357.1,-,A5SS_long,0.033847179,0.259,7240,7792,NW_019863357.1_7240_7792
LOC112054660,NW_019863391.1,-,A5SS_long,0.038400242,-0.042,152628,153095,NW_019863391.1_152628_153095
LOC112049721,NW_019862987.1,+,A5SS_long,0.000536132,-0.501,396106,396652,NW_019862987.1_396106_396652
LOC112047419,NW_019862892.1,+,A5SS_long,0.002198366,0.199,36184,36680,NW_019862892.1_36184_36680
LOC112049978,NW_019863000.1,+,A5SS_long,0.038285563,-0.065,267959,268553,NW_019863000.1_267959_268553
LOC112045456,NW_019862832.1,-,A5SS_long,0.033632627,-0.157,253043,253396,NW_019862832.1_253043_253396
LOC112048265,NW_019862923.1,+,A5SS_long,0.024509578,-0.05,268611,269155,NW_019862923.1_268611_269155
LOC112048265,NW_019862923.1,+,A5SS_long,0.003384642,0.028,268955,269503,NW_019862923.1_268955_269503
LOC112044870,NW_019862819.1,-,A5SS_long,2.33E-05,0.153,806744,807341,NW_019862819.1_806744_807341
LOC112058271,NW_019862749.1,-,A5SS_long,0.000170033,0.239,506336,506867,NW_019862749.1_506336_506867
LOC112050044,NW_019863003.1,-,A5SS_long,0.0022727,-0.029,178597,178992,NW_019863003.1_178597_178992
LOC112048866,NW_019862948.1,-,A5SS_long,0.00152848,0.05,132606,133192,NW_019862948.1_132606_133192
LOC112051535,NW_019863088.1,+,A5SS_long,1.94E-08,0.434,353491,354157,NW_019863088.1_353491_354157
LOC112058385,NW_019862775.1,+,A5SS_long,0.015184762,-0.226,169166,169833,NW_019862775.1_169166_169833
LOC112051778,NW_019863102.1,-,A5SS_long,0.007256684,0.219,257748,258417,NW_019863102.1_257748_258417
LOC112054536,NW_019863371.1,-,A5SS_long,1.82E-06,-0.035,107060,107644,NW_019863371.1_107060_107644
LOC112045305,NW_019862828.1,+,A5SS_long,3.74E-06,0.284,735146,746348,NW_019862828.1_735146_746348
LOC112045819,NW_019862841.1,-,A5SS_long,0.000441704,0.263,292983,293672,NW_019862841.1_292983_293672
LOC112058000,NW_019862770.1,-,A5SS_long,2.71E-05,0.021,1446846,1447272,NW_019862770.1_1446846_1447272
LOC112058000,NW_019862770.1,-,A5SS_long,4.51E-06,0.023,1446856,1447272,NW_019862770.1_1446856_1447272
LOC112050771,NW_019863042.1,+,A5SS_long,0.003698965,0.165,323354,323799,NW_019863042.1_323354_323799
LOC112054789,NW_019862761.1,+,A5SS_long,0.006655424,-0.202,2233069,2233481,NW_019862761.1_2233069_2233481
LOC112054208,NW_019863329.1,+,A5SS_long,1.48E-09,-0.107,178189,178472,NW_019863329.1_178189_178472
LOC112057966,NW_019862770.1,+,A5SS_long,0.005970193,0.054,89669,90228,NW_019862770.1_89669_90228
LOC112044342,NW_019862807.1,-,A5SS_long,2.41E-07,-0.167,80957,81508,NW_019862807.1_80957_81508
LOC112050343,NW_019863018.1,+,A5SS_long,0.038171058,-0.028,235411,236004,NW_019863018.1_235411_236004
LOC112055740,NW_019862762.1,-,A5SS_long,0.000859257,-0.253,1941076,1941596,NW_019862762.1_1941076_1941596
LOC112055597,NW_019862762.1,-,A5SS_long,7.63E-05,-0.052,1070629,1071043,NW_019862762.1_1070629_1071043
LOC112055028,NW_019862762.1,+,A5SS_long,0.021494497,-0.259,73564,73961,NW_019862762.1_73564_73961
LOC112047743,NW_019862903.1,-,A5SS_long,0.033798416,0.063,404255,404923,NW_019862903.1_404255_404923
LOC112047749,NW_019862903.1,-,A5SS_long,0.001412089,-0.257,366380,366718,NW_019862903.1_366380_366718
LOC112046309,NW_019862752.1,+,A5SS_long,0.015769547,0.074,2671099,2671473,NW_019862752.1_2671099_2671473
LOC112045055,NW_019862823.1,-,A5SS_long,5.93E-08,0.034,405251,405790,NW_019862823.1_405251_405790
LOC112045055,NW_019862823.1,-,A5SS_long,5.93E-08,0.037,405264,405790,NW_019862823.1_405264_405790
LOC112045945,NW_019862844.1,-,A5SS_long,0.007497702,0.237,65359,65942,NW_019862844.1_65359_65942
LOC112047548,NW_019862896.1,-,A5SS_long,0,0.478,530046,530429,NW_019862896.1_530046_530429
LOC112047548,NW_019862896.1,-,A5SS_long,0,0.64,530106,530429,NW_019862896.1_530106_530429
LOC112047548,NW_019862896.1,-,A5SS_long,0,0.523,530107,530429,NW_019862896.1_530107_530429
LOC112055832,NW_019862762.1,+,A5SS_long,0.000878738,-0.027,2133034,2133493,NW_019862762.1_2133034_2133493
LOC112044489,NW_019862810.1,-,A5SS_long,4.32E-06,-0.014,693954,694328,NW_019862810.1_693954_694328
LOC112045785,NW_019862752.1,-,A5SS_long,0.006924588,0.059,1261860,1262509,NW_019862752.1_1261860_1262509
LOC112043588,NW_019862792.1,-,A5SS_long,2.89E-05,0.148,1392746,1393163,NW_019862792.1_1392746_1393163
LOC112052787,NW_019863176.1,-,A5SS_long,0.027578438,0.032,155276,155916,NW_019863176.1_155276_155916
LOC112044703,NW_019862751.1,+,A5SS_long,0,-0.095,1009448,1010136,NW_019862751.1_1009448_1010136
LOC112044703,NW_019862751.1,+,A5SS_long,0,-0.095,1009448,1010147,NW_019862751.1_1009448_1010147
LOC112056840,NW_019864020.1,+,A5SS_long,0,-0.058,20770,21109,NW_019864020.1_20770_21109
LOC112056840,NW_019864020.1,+,A5SS_long,4.77E-10,-0.414,20770,21109,NW_019864020.1_20770_21109
LOC112049404,NW_019862971.1,-,A5SS_long,3.80E-09,-0.263,707245,707823,NW_019862971.1_707245_707823
LOC112055739,NW_019863599.1,-,A5SS_long,2.98E-07,0.415,38863,39728,NW_019863599.1_38863_39728
LOC112052580,NW_019863160.1,-,A5SS_long,0.01390491,0.239,115583,116051,NW_019863160.1_115583_116051
LOC112045119,NW_019862751.1,+,A5SS_long,0.025723856,-0.049,2727090,2727595,NW_019862751.1_2727090_2727595
LOC112043510,NW_019862792.1,+,A5SS_long,1.19E-05,-0.211,210844,211320,NW_019862792.1_210844_211320
LOC112053443,NW_019862760.1,+,A5SS_long,0.010300952,0.143,35967,36347,NW_019862760.1_35967_36347
LOC112053443,NW_019862760.1,+,A5SS_long,0.00331207,0.116,35967,36351,NW_019862760.1_35967_36351
LOC112053443,NW_019862760.1,+,A5SS_long,0.00304006,-0.166,52278,52574,NW_019862760.1_52278_52574
LOC112050692,NW_019863038.1,+,A5SS_long,0,0.095,208782,209242,NW_019863038.1_208782_209242
LOC112044502,NW_019862810.1,-,A5SS_long,0.00013652,0.199,1136729,1136985,NW_019862810.1_1136729_1136985
LOC112051145,NW_019863065.1,-,A5SS_long,0.010436093,-0.076,298996,299334,NW_019863065.1_298996_299334
LOC112050746,NW_019863040.1,-,A5SS_long,0.000611901,-0.022,34923,35378,NW_019863040.1_34923_35378
LOC112048968,NW_019862953.1,-,A5SS_long,0.002000425,-0.079,361026,361395,NW_019862953.1_361026_361395
LOC112051763,NW_019863101.1,-,A5SS_long,0.000938739,0.56,219284,219848,NW_019863101.1_219284_219848
LOC112051763,NW_019863101.1,-,A5SS_long,1.76E-07,0.105,219622,220111,NW_019863101.1_219622_220111
LOC112051763,NW_019863101.1,-,A5SS_long,1.73E-06,0.081,219659,220111,NW_019863101.1_219659_220111
LOC112046370,NW_019862856.1,-,A5SS_long,0.017758669,0.067,737665,738082,NW_019862856.1_737665_738082
LOC112045951,NW_019862844.1,-,A5SS_long,0.000520178,-0.043,947581,948217,NW_019862844.1_947581_948217
LOC112051313,NW_019863074.1,+,A5SS_long,3.82E-05,-0.589,90903,91545,NW_019863074.1_90903_91545
LOC112046887,NW_019862874.1,-,A5SS_long,0.000880352,0.134,22674,22985,NW_019862874.1_22674_22985
LOC112046887,NW_019862874.1,-,A5SS_long,3.57E-08,0.186,22674,22985,NW_019862874.1_22674_22985
LOC112044316,NW_019862806.1,+,A5SS_long,0.01131435,0.06,1118842,1119220,NW_019862806.1_1118842_1119220
LOC112044316,NW_019862806.1,+,A5SS_long,0.026686225,0.047,1118842,1119490,NW_019862806.1_1118842_1119490
LOC112044091,NW_019862803.1,+,A5SS_long,0.00512138,0.031,509592,509945,NW_019862803.1_509592_509945
LOC112044076,NW_019862803.1,-,A5SS_long,2.21E-05,0.251,44758,45367,NW_019862803.1_44758_45367
LOC112044076,NW_019862803.1,-,A5SS_long,2.78E-05,0.252,44763,45367,NW_019862803.1_44763_45367
LOC112044076,NW_019862803.1,-,A5SS_long,1.53E-05,0.251,44768,45367,NW_019862803.1_44768_45367
LOC112056407,NW_019863803.1,+,A5SS_long,2.09E-11,-0.049,30234,30690,NW_019863803.1_30234_30690
LOC112053549,NW_019863252.1,+,A5SS_long,0,-0.941,106100,106560,NW_019863252.1_106100_106560
LOC112058550,NW_019862778.1,-,A5SS_long,0,-0.039,1102864,1103464,NW_019862778.1_1102864_1103464
LOC112058550,NW_019862778.1,-,A5SS_long,0,-0.364,1102868,1103464,NW_019862778.1_1102868_1103464
LOC112058550,NW_019862778.1,-,A5SS_long,0,-0.039,1102898,1103464,NW_019862778.1_1102898_1103464
LOC112058550,NW_019862778.1,-,A5SS_long,0,-0.038,1102955,1103464,NW_019862778.1_1102955_1103464
LOC112058550,NW_019862778.1,-,A5SS_long,0,-0.038,1102972,1103464,NW_019862778.1_1102972_1103464
LOC112058550,NW_019862778.1,-,A5SS_long,0.003923265,0.278,1103158,1103464,NW_019862778.1_1103158_1103464
LOC112050505,NW_019863026.1,-,A5SS_long,0.001856767,0.203,331997,332328,NW_019863026.1_331997_332328
LOC112049639,NW_019862982.1,+,A5SS_long,0.003249019,-0.062,331131,331481,NW_019862982.1_331131_331481
LOC112056064,NW_019863696.1,-,A5SS_long,0.015393428,-0.081,47768,48097,NW_019863696.1_47768_48097
LOC112056064,NW_019863696.1,-,A5SS_long,0.00039022,-0.206,48304,48626,NW_019863696.1_48304_48626
LOC112051523,NW_019863087.1,+,A5SS_long,0,-0.544,179021,179686,NW_019863087.1_179021_179686
LOC112051523,NW_019863087.1,+,A5SS_long,0,-0.544,179021,179690,NW_019863087.1_179021_179690
LOC112051523,NW_019863087.1,+,A5SS_long,0,-0.544,179021,179693,NW_019863087.1_179021_179693
LOC112057820,NW_019862767.1,+,A5SS_long,0.000483163,0.451,237356,237986,NW_019862767.1_237356_237986
LOC112043419,NW_019862790.1,+,A5SS_long,0.023569888,0.058,603648,604208,NW_019862790.1_603648_604208
LOC112043419,NW_019862790.1,+,A5SS_long,0.031396115,0.056,603676,604353,NW_019862790.1_603676_604353
LOC112049919,NW_019862998.1,+,A5SS_long,8.61E-09,0.113,314086,314498,NW_019862998.1_314086_314498
LOC112051195,NW_019863068.1,+,A5SS_long,0.010917102,0.062,238895,239238,NW_019863068.1_238895_239238
LOC112051663,NW_019863094.1,+,A5SS_long,0.001808476,0.054,282150,282632,NW_019863094.1_282150_282632
LOC112044805,NW_019862817.1,-,A5SS_long,0.028806157,-0.093,157255,157626,NW_019862817.1_157255_157626
LOC112045947,NW_019862844.1,+,A5SS_long,0.011256201,-0.139,917008,917306,NW_019862844.1_917008_917306
LOC112044077,NW_019862803.1,+,A5SS_long,0.008629642,-0.26,138963,139644,NW_019862803.1_138963_139644
LOC112047329,NW_019862888.1,+,A5SS_long,0.000412281,0.067,285474,285965,NW_019862888.1_285474_285965
LOC112053782,NW_019863281.1,-,A5SS_long,2.69E-12,0.232,177201,177562,NW_019863281.1_177201_177562
LOC112046874,NW_019862874.1,+,A5SS_long,0.025076156,-0.054,41247,41584,NW_019862874.1_41247_41584
LOC112046874,NW_019862874.1,+,A5SS_long,0.013917769,-0.044,41247,41692,NW_019862874.1_41247_41692
LOC112044138,NW_019862804.1,+,A5SS_long,0.003415641,0.091,39455,40012,NW_019862804.1_39455_40012
LOC112046894,NW_019862874.1,+,A5SS_long,0.000678061,-0.096,271770,272397,NW_019862874.1_271770_272397
LOC112054600,NW_019863381.1,-,A5SS_long,0.012644409,-0.043,92500,93108,NW_019863381.1_92500_93108
LOC112058371,NW_019862775.1,-,A5SS_long,1.82E-11,-0.099,1415816,1416286,NW_019862775.1_1415816_1416286
LOC112044649,NW_019862814.1,+,A5SS_long,0.048935562,-0.052,907792,908330,NW_019862814.1_907792_908330
LOC112046483,NW_019862858.1,-,A5SS_long,0.028789066,0.03,133224,133769,NW_019862858.1_133224_133769
LOC112043669,NW_019862794.1,-,A5SS_long,7.47E-05,-0.071,1095197,1095675,NW_019862794.1_1095197_1095675
LOC112057881,NW_019862768.1,-,A5SS_long,0.012326355,0.388,955683,956203,NW_019862768.1_955683_956203
LOC112057881,NW_019862768.1,-,A5SS_long,0.000232422,0.013,955683,956203,NW_019862768.1_955683_956203
LOC112057881,NW_019862768.1,-,A5SS_long,3.19E-05,-0.174,955788,956203,NW_019862768.1_955788_956203
LOC112055277,NW_019863491.1,+,A5SS_long,0.000336625,0.118,31906,32335,NW_019863491.1_31906_32335
LOC112050026,NW_019863002.1,-,A5SS_long,0.01001846,-0.453,440866,441186,NW_019863002.1_440866_441186
LOC112053016,NW_019862759.1,-,A5SS_long,0,0.434,1315932,1316306,NW_019862759.1_1315932_1316306
LOC112053739,NW_019863277.1,-,A5SS_long,0.014352175,-0.106,105699,106152,NW_019863277.1_105699_106152
LOC112048398,NW_019862929.1,+,A5SS_long,0.011513635,-0.016,269770,270197,NW_019862929.1_269770_270197
LOC112049503,NW_019862976.1,-,A5SS_long,0,0.09,437518,438152,NW_019862976.1_437518_438152
LOC112049503,NW_019862976.1,-,A5SS_long,0.002913764,-0.008,437518,438152,NW_019862976.1_437518_438152
LOC112049503,NW_019862976.1,-,A5SS_long,0.048665268,0.486,441341,441940,NW_019862976.1_441341_441940
LOC112049503,NW_019862976.1,-,A5SS_long,0.048665268,0.486,441344,441940,NW_019862976.1_441344_441940
LOC112049503,NW_019862976.1,-,A5SS_long,0.048665268,0.486,441520,441940,NW_019862976.1_441520_441940
LOC112045952,NW_019862844.1,+,A5SS_long,0.014926095,0.172,279343,279984,NW_019862844.1_279343_279984
LOC112046481,NW_019862858.1,+,A5SS_long,0.010471384,-0.372,148107,148757,NW_019862858.1_148107_148757
LOC112046481,NW_019862858.1,+,A5SS_long,1.39E-08,-0.164,148107,148757,NW_019862858.1_148107_148757
LOC112046842,NW_019862873.1,+,A5SS_long,0.000654156,0.029,564171,564487,NW_019862873.1_564171_564487
LOC112046842,NW_019862873.1,+,A5SS_long,0.001228707,0.026,564171,564530,NW_019862873.1_564171_564530
LOC112046842,NW_019862873.1,+,A5SS_long,0.000602397,0.029,564171,564836,NW_019862873.1_564171_564836
LOC112046842,NW_019862873.1,+,A5SS_long,4.91E-09,-0.424,567091,567505,NW_019862873.1_567091_567505
LOC112046842,NW_019862873.1,+,A5SS_long,4.72E-06,-0.018,567091,567505,NW_019862873.1_567091_567505
LOC112046842,NW_019862873.1,+,A5SS_long,0.007312714,-0.016,567091,567509,NW_019862873.1_567091_567509
LOC112046452,NW_019862857.1,-,A5SS_long,0.003454357,-0.041,171573,172082,NW_019862857.1_171573_172082
LOC112058168,NW_019862772.1,+,A5SS_long,0.03461443,0.14,1629237,1629768,NW_019862772.1_1629237_1629768
LOC112042935,NW_019862782.1,-,A5SS_long,0,0.081,1176464,1176977,NW_019862782.1_1176464_1176977
LOC112042935,NW_019862782.1,-,A5SS_long,0,0.115,1176485,1176977,NW_019862782.1_1176485_1176977
LOC112042935,NW_019862782.1,-,A5SS_long,0,0.115,1176512,1176977,NW_019862782.1_1176512_1176977
LOC112049762,NW_019862988.1,+,A5SS_long,7.26E-05,0.054,190547,191073,NW_019862988.1_190547_191073
LOC112050028,NW_019863002.1,-,A5SS_long,0.002057731,-0.245,313495,313852,NW_019863002.1_313495_313852
LOC112049508,NW_019862976.1,-,A5SS_long,0.00027867,-0.078,483725,484011,NW_019862976.1_483725_484011
LOC112051468,NW_019863084.1,+,A5SS_long,0.047226288,-0.217,94573,95232,NW_019863084.1_94573_95232
LOC112045194,NW_019862826.1,+,A5SS_long,0.00026763,0.055,395156,395652,NW_019862826.1_395156_395652
LOC112045098,NW_019862823.1,-,A5SS_long,0.013603696,-0.106,63629,64138,NW_019862823.1_63629_64138
LOC112047593,NW_019862897.1,-,A5SS_long,0.000351789,0.021,446217,446621,NW_019862897.1_446217_446621
LOC112057669,NW_019862765.1,+,A5SS_long,0.047065685,-0.465,837860,838188,NW_019862765.1_837860_838188
LOC112056110,NW_019863704.1,-,A5SS_long,1.40E-08,-0.435,56601,56995,NW_019863704.1_56601_56995
LOC112052399,NW_019863145.1,+,A5SS_long,0.018612002,0.027,110531,111060,NW_019863145.1_110531_111060
LOC112058604,NW_019862778.1,+,A5SS_long,0.00162095,-0.067,1084590,1084997,NW_019862778.1_1084590_1084997
LOC112058605,NW_019862778.1,+,A5SS_long,0.021681808,-0.039,1591411,1592019,NW_019862778.1_1591411_1592019
LOC112058605,NW_019862778.1,+,A5SS_long,0.027365474,-0.273,1591411,1592023,NW_019862778.1_1591411_1592023
LOC112047182,NW_019862883.1,+,A5SS_long,1.79E-06,0.586,59081,59430,NW_019862883.1_59081_59430
LOC112047182,NW_019862883.1,+,A5SS_long,1.82E-06,0.261,59081,59434,NW_019862883.1_59081_59434
LOC112052328,NW_019863141.1,+,A5SS_long,2.52E-08,0.313,50776,52464,NW_019863141.1_50776_52464
LOC112053642,NW_019863264.1,+,A5SS_long,3.72E-08,-0.152,203351,204021,NW_019863264.1_203351_204021
LOC112053642,NW_019863264.1,+,A5SS_long,1.24E-06,-0.15,203366,204331,NW_019863264.1_203366_204331
LOC112049190,NW_019862962.1,+,A5SS_long,5.46E-05,-0.053,206023,206679,NW_019862962.1_206023_206679
LOC112045895,NW_019862843.1,+,A5SS_long,0.045453857,-0.086,407818,408232,NW_019862843.1_407818_408232
LOC112049845,NW_019862994.1,-,A5SS_long,0.039868224,-0.111,49221,49873,NW_019862994.1_49221_49873
LOC112048504,NW_019862933.1,-,A5SS_long,3.20E-05,0.073,145448,145733,NW_019862933.1_145448_145733
LOC112054929,NW_019863433.1,+,A5SS_long,0.000288166,-0.11,119589,119923,NW_019863433.1_119589_119923
LOC112044052,NW_019862802.1,+,A5SS_long,0.043036033,-0.177,974023,974672,NW_019862802.1_974023_974672
LOC112043296,NW_019862788.1,+,A5SS_long,0.039623676,-0.032,356803,357083,NW_019862788.1_356803_357083
LOC112055556,NW_019863549.1,+,A5SS_long,0.001092344,-0.393,90871,91410,NW_019863549.1_90871_91410
LOC112046249,NW_019862852.1,-,A5SS_long,0.015477629,0.346,851171,851517,NW_019862852.1_851171_851517
LOC112047512,NW_019862895.1,+,A5SS_long,1.61E-09,0.046,179994,180280,NW_019862895.1_179994_180280
LOC112047512,NW_019862895.1,+,A5SS_long,1.82E-09,0.048,179994,180281,NW_019862895.1_179994_180281
LOC112047512,NW_019862895.1,+,A5SS_long,6.44E-11,0.053,179994,180291,NW_019862895.1_179994_180291
LOC112047512,NW_019862895.1,+,A5SS_long,4.38E-12,0.061,179994,180317,NW_019862895.1_179994_180317
LOC112043342,NW_019862788.1,-,A5SS_long,4.21E-05,0.064,1323851,1324427,NW_019862788.1_1323851_1324427
LOC112044157,NW_019862804.1,+,A5SS_long,0.009600586,-0.11,658281,658711,NW_019862804.1_658281_658711
LOC112048202,NW_019862921.1,-,A5SS_long,9.23E-05,-0.054,309017,309282,NW_019862921.1_309017_309282
LOC112055433,NW_019862748.1,-,A5SS_long,0.000483293,-0.307,529534,530188,NW_019862748.1_529534_530188
LOC112058555,NW_019862778.1,+,A5SS_long,0.000337518,-0.047,1182929,1183324,NW_019862778.1_1182929_1183324
LOC112053291,NW_019863225.1,-,A5SS_long,4.72E-06,-0.038,122276,122964,NW_019863225.1_122276_122964
LOC112053291,NW_019863225.1,-,A5SS_long,0.034159778,-0.018,123349,123912,NW_019863225.1_123349_123912
LOC112053070,NW_019863202.1,+,A5SS_long,0,-0.631,159148,159589,NW_019863202.1_159148_159589
LOC112053070,NW_019863202.1,+,A5SS_long,3.17E-11,-0.129,159148,159626,NW_019863202.1_159148_159626
LOC112045215,NW_019862826.1,+,A5SS_long,0.001571161,-0.066,1070565,1071305,NW_019862826.1_1070565_1071305
LOC112058280,NW_019862773.1,+,A5SS_long,1.23E-09,-0.234,905607,907305,NW_019862773.1_905607_907305
LOC112053958,NW_019863299.1,+,A5SS_long,8.58E-05,0.228,136704,137092,NW_019863299.1_136704_137092
LOC112053958,NW_019863299.1,+,A5SS_long,0.000234631,0.111,136704,137123,NW_019863299.1_136704_137123
LOC112052778,NW_019863175.1,-,A5SS_long,0.011256201,0.082,91120,91587,NW_019863175.1_91120_91587
LOC112052778,NW_019863175.1,-,A5SS_long,0.00210078,0.08,91120,91587,NW_019863175.1_91120_91587
LOC112052778,NW_019863175.1,-,A5SS_long,0.037721837,0.044,91136,91386,NW_019863175.1_91136_91386
LOC112052778,NW_019863175.1,-,A5SS_long,0.000359371,0.119,91136,91386,NW_019863175.1_91136_91386
LOC112052778,NW_019863175.1,-,A5SS_long,0.000138012,0.303,91136,91386,NW_019863175.1_91136_91386
LOC112052778,NW_019863175.1,-,A5SS_long,0.014352175,0.075,91142,91587,NW_019863175.1_91142_91587
LOC112052778,NW_019863175.1,-,A5SS_long,0.001989577,0.085,91142,91587,NW_019863175.1_91142_91587
LOC112052778,NW_019863175.1,-,A5SS_long,0.018603798,0.06,91173,91587,NW_019863175.1_91173_91587
LOC112052778,NW_019863175.1,-,A5SS_long,0.002986708,0.075,91173,91587,NW_019863175.1_91173_91587
LOC112052778,NW_019863175.1,-,A5SS_long,0.009461851,0.084,91202,91595,NW_019863175.1_91202_91595
LOC112052778,NW_019863175.1,-,A5SS_long,0.034083885,0.043,91207,91595,NW_019863175.1_91207_91595
LOC112043939,NW_019862800.1,-,A5SS_long,0.031545265,0.091,827339,827758,NW_019862800.1_827339_827758
LOC112056251,NW_019863747.1,+,A5SS_long,0.012081004,0.081,21522,22123,NW_019863747.1_21522_22123
LOC112048027,NW_019862913.1,-,A5SS_long,0.041865542,0.131,609164,609682,NW_019862913.1_609164_609682
LOC112051386,NW_019863079.1,+,A5SS_long,0.025076156,0.012,69567,69944,NW_019863079.1_69567_69944
LOC112057417,NW_019865369.1,-,A5SS_long,3.15E-05,-0.137,1400,1771,NW_019865369.1_1400_1771
LOC112049248,NW_019862965.1,-,A5SS_long,0.000345497,-0.234,83554,83943,NW_019862965.1_83554_83943
LOC112055492,NW_019863535.1,-,A5SS_long,0,-0.124,75952,76334,NW_019863535.1_75952_76334
LOC112048519,NW_019862933.1,-,A5SS_long,0.001122396,-0.298,758162,758529,NW_019862933.1_758162_758529
LOC112058574,NW_019862778.1,-,A5SS_long,0.036172706,-0.174,1350604,1350979,NW_019862778.1_1350604_1350979
LOC112043682,NW_019862794.1,+,A5SS_long,0,-0.144,1405006,1405555,NW_019862794.1_1405006_1405555
LOC112050706,NW_019863039.1,+,A5SS_long,2.84E-05,0.104,269443,269939,NW_019863039.1_269443_269939
LOC112050166,NW_019863009.1,-,A5SS_long,0,-0.32,165760,166351,NW_019863009.1_165760_166351
LOC112053525,NW_019863249.1,+,A5SS_long,0,0.733,80358,80777,NW_019863249.1_80358_80777
LOC112048042,NW_019862914.1,+,A5SS_long,0.001498137,0.117,180683,181044,NW_019862914.1_180683_181044
LOC112057752,NW_019862766.1,-,A5SS_long,4.37E-05,-0.344,96326,96804,NW_019862766.1_96326_96804
LOC112051973,NW_019863117.1,-,A5SS_long,0.000345497,-0.094,338594,338880,NW_019863117.1_338594_338880
LOC112049997,NW_019863001.1,+,A5SS_long,0.029756719,-0.064,252282,252598,NW_019863001.1_252282_252598
LOC112047068,NW_019862881.1,+,A5SS_long,0.010034759,-0.482,109927,110539,NW_019862881.1_109927_110539
LOC112057117,NW_019862764.1,-,A5SS_long,0.010284074,0.038,1709967,1710457,NW_019862764.1_1709967_1710457
LOC112053476,NW_019863244.1,+,A5SS_long,1.17E-12,-0.276,131650,131995,NW_019863244.1_131650_131995
LOC112047072,NW_019862881.1,+,A5SS_long,0.00037387,0.057,434668,434943,NW_019862881.1_434668_434943
LOC112048699,NW_019862941.1,-,A5SS_long,0.035407399,-0.063,203338,203818,NW_019862941.1_203338_203818
LOC112044442,NW_019862809.1,+,A5SS_long,8.66E-10,-0.057,819790,820113,NW_019862809.1_819790_820113
LOC112044442,NW_019862809.1,+,A5SS_long,2.61E-11,-0.065,819790,820128,NW_019862809.1_819790_820128
LOC112044442,NW_019862809.1,+,A5SS_long,1.49E-11,-0.064,819790,820132,NW_019862809.1_819790_820132
LOC112044442,NW_019862809.1,+,A5SS_long,3.44E-11,-0.049,819790,820197,NW_019862809.1_819790_820197
LOC112044442,NW_019862809.1,+,A5SS_long,0.003578567,-0.591,819790,820115,NW_019862809.1_819790_820115
LOC112053895,NW_019863292.1,-,A5SS_long,6.45E-06,0.093,32259,32844,NW_019863292.1_32259_32844
LOC112043638,NW_019862793.1,-,A5SS_long,1.64E-11,-0.124,1212479,1212901,NW_019862793.1_1212479_1212901
LOC112057884,NW_019862768.1,+,A5SS_long,0,-0.807,1055336,1055810,NW_019862768.1_1055336_1055810
LOC112046139,NW_019862849.1,+,A5SS_long,0.008849216,0.414,752268,752755,NW_019862849.1_752268_752755
LOC112047010,NW_019862880.1,-,A5SS_long,0.021517454,-0.066,717838,718325,NW_019862880.1_717838_718325
LOC112047160,NW_019862883.1,-,A5SS_long,0.048803436,-0.27,452854,453186,NW_019862883.1_452854_453186
LOC112047188,NW_019862883.1,+,A5SS_long,0.00577627,0.051,915910,916505,NW_019862883.1_915910_916505
LOC112054323,NW_019863343.1,-,A5SS_long,0.034083885,-0.031,179868,180430,NW_019863343.1_179868_180430
LOC112055966,NW_019863669.1,-,A5SS_long,0.004336799,-0.122,43647,43993,NW_019863669.1_43647_43993
LOC112047795,NW_019862904.1,+,A5SS_long,3.36E-05,-0.344,311308,311782,NW_019862904.1_311308_311782
LOC112055815,NW_019863623.1,-,A5SS_long,0.02682025,-0.016,36061,36667,NW_019863623.1_36061_36667
LOC112052571,NW_019863159.1,-,A5SS_long,0.00516195,-0.062,45747,46374,NW_019863159.1_45747_46374
LOC112044923,NW_019862820.1,-,A5SS_long,0.002733509,0.247,924885,925551,NW_019862820.1_924885_925551
LOC112044923,NW_019862820.1,-,A5SS_long,0.002733509,0.247,924961,925551,NW_019862820.1_924961_925551
LOC112047065,NW_019862753.1,+,A5SS_long,0.000102085,0.039,1435792,1436147,NW_019862753.1_1435792_1436147
LOC112047055,NW_019862753.1,-,A5SS_long,5.70E-07,-0.069,1463872,1464243,NW_019862753.1_1463872_1464243
LOC112052674,NW_019862759.1,-,A5SS_long,0.000393841,0.081,565730,566296,NW_019862759.1_565730_566296
LOC112052365,NW_019862759.1,+,A5SS_long,0.021615998,0.046,1937433,1938087,NW_019862759.1_1937433_1938087
LOC112046876,NW_019862874.1,+,A5SS_long,0.003469856,0.179,447326,447968,NW_019862874.1_447326_447968
LOC112043773,NW_019862797.1,+,A5SS_long,5.51E-05,0.521,702682,703355,NW_019862797.1_702682_703355
LOC112055992,NW_019863677.1,+,A5SS_long,0.000168301,0.086,2787,3325,NW_019863677.1_2787_3325
LOC112043870,NW_019862799.1,-,A5SS_long,0.013286679,0.06,1166661,1167323,NW_019862799.1_1166661_1167323
LOC112056439,NW_019863821.1,-,A5SS_long,0.034256457,-0.049,20438,20811,NW_019863821.1_20438_20811
LOC112048290,NW_019862924.1,+,A5SS_long,1.28E-11,-0.281,371159,371738,NW_019862924.1_371159_371738
LOC112047663,NW_019862900.1,+,A5SS_long,0.000109503,0.141,597389,597676,NW_019862900.1_597389_597676
LOC112054485,NW_019863363.1,+,A5SS_long,0.001109532,0.551,70420,70859,NW_019863363.1_70420_70859
LOC112052026,NW_019863119.1,+,A5SS_long,4.57E-05,-0.048,253161,253465,NW_019863119.1_253161_253465
LOC112052026,NW_019863119.1,+,A5SS_long,3.11E-05,-0.063,253161,253523,NW_019863119.1_253161_253523
LOC112050069,NW_019863004.1,-,A5SS_long,0,0.033,134610,135014,NW_019863004.1_134610_135014
LOC112052421,NW_019863146.1,+,A5SS_long,0.002577839,-0.026,167671,167993,NW_019863146.1_167671_167993
LOC112057930,NW_019862769.1,-,A5SS_long,1.90E-05,0.025,401956,402573,NW_019862769.1_401956_402573
LOC112057930,NW_019862769.1,-,A5SS_long,1.33E-07,0.03,402132,402573,NW_019862769.1_402132_402573
LOC112057930,NW_019862769.1,-,A5SS_long,0.007381672,0.019,402226,402573,NW_019862769.1_402226_402573
LOC112043927,NW_019862800.1,-,A5SS_long,0,-0.379,562674,564179,NW_019862800.1_562674_564179
LOC112045549,NW_019862752.1,+,A5SS_long,0.000240314,0.047,706008,706702,NW_019862752.1_706008_706702
LOC112053358,NW_019863233.1,-,A5SS_long,1.70E-05,-0.074,9790,10425,NW_019863233.1_9790_10425
LOC112051454,NW_019863083.1,+,A5SS_long,6.27E-07,0.168,295971,296409,NW_019863083.1_295971_296409
LOC112051454,NW_019863083.1,+,A5SS_long,2.18E-06,0.156,295971,296461,NW_019863083.1_295971_296461
LOC112051454,NW_019863083.1,+,A5SS_long,2.18E-06,0.156,295971,296481,NW_019863083.1_295971_296481
LOC112051454,NW_019863083.1,+,A5SS_long,0.000460863,0.346,296024,296409,NW_019863083.1_296024_296409
LOC112051454,NW_019863083.1,+,A5SS_long,0.001092754,0.32,296024,296461,NW_019863083.1_296024_296461
LOC112051454,NW_019863083.1,+,A5SS_long,0.001113595,0.319,296024,296481,NW_019863083.1_296024_296481
LOC112048138,NW_019862918.1,+,A5SS_long,0.049168458,-0.087,441885,442203,NW_019862918.1_441885_442203
LOC112048179,NW_019862919.1,+,A5SS_long,0.003257025,-0.155,493651,493922,NW_019862919.1_493651_493922
LOC112049633,NW_019862756.1,+,A5SS_long,0.000145649,0.009,147664,148276,NW_019862756.1_147664_148276
LOC112044620,NW_019862813.1,+,A5SS_long,1.13E-08,-0.596,465041,465636,NW_019862813.1_465041_465636
LOC112046653,NW_019862865.1,+,A5SS_long,0.006624237,0.031,472047,472362,NW_019862865.1_472047_472362
LOC112044360,NW_019862807.1,+,A5SS_long,0.032057437,-0.048,293440,293941,NW_019862807.1_293440_293941
LOC112051684,NW_019863097.1,-,A5SS_long,0.001418748,0.032,216096,216495,NW_019863097.1_216096_216495
LOC112049151,NW_019862961.1,-,A5SS_long,0,-0.185,132216,132498,NW_019862961.1_132216_132498
LOC112052979,NW_019863193.1,+,A5SS_long,0.003723095,-0.05,56914,57628,NW_019863193.1_56914_57628
LOC112049145,NW_019862961.1,-,A5SS_long,0.001319029,-0.172,296457,296770,NW_019862961.1_296457_296770
LOC112049145,NW_019862961.1,-,A5SS_long,0.001109532,-0.172,296460,296770,NW_019862961.1_296460_296770
LOC112052136,NW_019863130.1,-,A5SS_long,2.98E-07,-0.202,154174,154761,NW_019863130.1_154174_154761
LOC112048612,NW_019862937.1,-,A5SS_long,3.64E-06,0.373,402971,403531,NW_019862937.1_402971_403531
LOC112044270,NW_019862806.1,-,A5SS_long,0.016501551,0.036,850860,851179,NW_019862806.1_850860_851179
LOC112046614,NW_019862863.1,+,A5SS_long,5.46E-09,0.104,823662,824301,NW_019862863.1_823662_824301
LOC112046614,NW_019862863.1,+,A5SS_long,3.28E-07,0.117,823663,824274,NW_019862863.1_823663_824274
LOC112046050,NW_019862846.1,-,A5SS_long,7.94E-06,-0.353,573535,574089,NW_019862846.1_573535_574089
LOC112050218,NW_019863013.1,+,A5SS_long,5.39E-11,-0.329,84294,84855,NW_019863013.1_84294_84855
LOC112044613,NW_019862813.1,-,A5SS_long,0.007221268,-0.062,44464,45039,NW_019862813.1_44464_45039
LOC112046477,NW_019862858.1,+,A5SS_long,1.28E-11,-0.209,644442,645093,NW_019862858.1_644442_645093
LOC112052708,NW_019863169.1,-,A5SS_long,4.76E-05,-0.221,196225,196683,NW_019863169.1_196225_196683
LOC112049995,NW_019863001.1,-,A5SS_long,0.015447273,-0.044,15159,15663,NW_019863001.1_15159_15663
LOC112046080,NW_019862847.1,+,A5SS_long,0.010119039,0.124,455700,456126,NW_019862847.1_455700_456126
LOC112047360,NW_019862890.1,-,A5SS_long,0.003060065,0.04,172935,173291,NW_019862890.1_172935_173291
LOC112047383,NW_019862890.1,+,A5SS_long,5.05E-08,0.222,226572,226893,NW_019862890.1_226572_226893
LOC112050024,NW_019863002.1,-,A5SS_long,0.006102289,0.042,355925,356171,NW_019863002.1_355925_356171
LOC112045682,NW_019862838.1,+,A5SS_long,0.040178157,0.437,205558,206029,NW_019862838.1_205558_206029
LOC112055835,NW_019863631.1,-,A5SS_long,8.45E-09,0.091,70402,71693,NW_019863631.1_70402_71693
LOC112054240,NW_019863331.1,+,A5SS_long,0.009557099,-0.408,152418,153026,NW_019863331.1_152418_153026
LOC112045646,NW_019862837.1,+,A5SS_long,0.001961115,0.191,278968,279444,NW_019862837.1_278968_279444
LOC112045634,NW_019862837.1,+,A5SS_long,0.003534369,0.56,619699,620289,NW_019862837.1_619699_620289
LOC112045665,NW_019862837.1,-,A5SS_long,7.17E-10,0.529,887511,888474,NW_019862837.1_887511_888474
LOC112055964,NW_019863667.1,-,A5SS_long,0.00013652,0.018,41453,41987,NW_019863667.1_41453_41987
LOC112055964,NW_019863667.1,-,A5SS_long,0.00013652,0.018,41456,41987,NW_019863667.1_41456_41987
LOC112052209,NW_019863133.1,+,A5SS_short,9.34E-11,0.494,267087,267521,NW_019863133.1_267087_267521
LOC112051862,NW_019862748.1,-,A5SS_short,0.000679951,0.043,379098,379425,NW_019862748.1_379098_379425
LOC112043976,NW_019862750.1,-,A5SS_short,0.047226288,-0.126,2036831,2037130,NW_019862750.1_2036831_2037130
LOC112044870,NW_019862819.1,-,A5SS_short,0.00013652,0.071,806862,807341,NW_019862819.1_806862_807341
LOC112043322,NW_019862788.1,+,A5SS_short,0.01135099,-0.19,1045060,1045345,NW_019862788.1_1045060_1045345
LOC112058000,NW_019862770.1,-,A5SS_short,0,0.481,1446864,1447272,NW_019862770.1_1446864_1447272
LOC112055642,NW_019863572.1,-,A5SS_short,2.63E-06,-0.262,68068,68386,NW_019863572.1_68068_68386
LOC112052043,NW_019863120.1,-,A5SS_short,0.035671837,0.097,90440,90787,NW_019863120.1_90440_90787
LOC112043800,NW_019862798.1,+,A5SS_short,0.000196175,-0.105,489067,489373,NW_019862798.1_489067_489373
LOC112051407,NW_019863081.1,+,A5SS_short,0.004507332,-0.205,11752,12310,NW_019863081.1_11752_12310
LOC112045428,NW_019862831.1,-,A5SS_short,6.75E-12,-0.179,414269,414706,NW_019862831.1_414269_414706
LOC112052580,NW_019863160.1,-,A5SS_short,0.000225581,-0.242,115652,116052,NW_019863160.1_115652_116052
LOC112057845,NW_019862767.1,-,A5SS_short,0.003571122,-0.108,1652812,1653134,NW_019862767.1_1652812_1653134
LOC112053443,NW_019862760.1,+,A5SS_short,0.000228738,0.186,35967,36347,NW_019862760.1_35967_36347
LOC112058484,NW_019862777.1,+,A5SS_short,0.017024426,-0.138,940287,940622,NW_019862777.1_940287_940622
LOC112044994,NW_019862820.1,+,A5SS_short,0.023739533,0.156,671613,671908,NW_019862820.1_671613_671908
LOC112048826,NW_019862946.1,+,A5SS_short,0.015769547,0.186,511163,511683,NW_019862946.1_511163_511683
LOC112043019,NW_019862784.1,-,A5SS_short,4.02E-07,0.078,1111507,1111737,NW_019862784.1_1111507_1111737
LOC112052075,NW_019863123.1,+,A5SS_short,0.004858059,-0.037,92950,93262,NW_019863123.1_92950_93262
LOC112052375,NW_019863143.1,+,A5SS_short,0.001515507,0.234,162748,163006,NW_019863143.1_162748_163006
LOC112043669,NW_019862794.1,-,A5SS_short,0.000502147,-0.198,1095340,1096016,NW_019862794.1_1095340_1096016
LOC112054721,NW_019863402.1,-,A5SS_short,0,0.389,130002,130290,NW_019863402.1_130002_130290
LOC112046842,NW_019862873.1,+,A5SS_short,0,-0.143,568479,568764,NW_019862873.1_568479_568764
LOC112054593,NW_019863380.1,+,A5SS_short,0.039315779,-0.322,160137,160704,NW_019863380.1_160137_160704
LOC112042935,NW_019862782.1,-,A5SS_short,2.59E-10,0.503,1157028,1157414,NW_019862782.1_1157028_1157414
LOC112051468,NW_019863084.1,+,A5SS_short,2.33E-06,0.251,86808,87170,NW_019863084.1_86808_87170
LOC112055365,NW_019863507.1,+,A5SS_short,0.000875187,-0.16,31608,32072,NW_019863507.1_31608_32072
LOC112055365,NW_019863507.1,+,A5SS_short,0.001649787,-0.11,31608,32072,NW_019863507.1_31608_32072
LOC112057669,NW_019862765.1,+,A5SS_short,0.003890896,-0.275,837860,838155,NW_019862765.1_837860_838155
LOC112057717,NW_019862765.1,-,A5SS_short,0.000313686,0.143,1754180,1754500,NW_019862765.1_1754180_1754500
LOC112053562,NW_019863253.1,+,A5SS_short,6.80E-07,0.118,175457,175782,NW_019863253.1_175457_175782
LOC112048035,NW_019862913.1,-,A5SS_short,0,-0.425,280342,280698,NW_019862913.1_280342_280698
LOC112051915,NW_019863111.1,-,A5SS_short,6.92E-05,-0.485,227003,227987,NW_019863111.1_227003_227987
LOC112051915,NW_019863111.1,-,A5SS_short,5.18E-05,-0.484,227003,227987,NW_019863111.1_227003_227987
LOC112043296,NW_019862788.1,+,A5SS_short,0.041680565,-0.111,326667,327073,NW_019862788.1_326667_327073
LOC112047512,NW_019862895.1,+,A5SS_short,4.93E-12,0.122,180003,180262,NW_019862895.1_180003_180262
LOC112044157,NW_019862804.1,+,A5SS_short,0.000170033,0.59,658281,658588,NW_019862804.1_658281_658588
LOC112046777,NW_019862870.1,-,A5SS_short,0,0.481,658223,658515,NW_019862870.1_658223_658515
LOC112046777,NW_019862870.1,-,A5SS_short,0.000115164,0.397,658223,658515,NW_019862870.1_658223_658515
LOC112050431,NW_019863023.1,+,A5SS_short,7.02E-05,-0.308,118274,118597,NW_019863023.1_118274_118597
LOC112050431,NW_019863023.1,+,A5SS_short,1.11E-05,-0.444,118274,118597,NW_019863023.1_118274_118597
LOC112054260,NW_019862761.1,-,A5SS_short,0.00157752,-0.124,342273,342604,NW_019862761.1_342273_342604
LOC112055061,NW_019863453.1,-,A5SS_short,1.06E-05,-0.101,102899,103402,NW_019863453.1_102899_103402
LOC112049982,NW_019863001.1,-,A5SS_short,0.000185112,-0.114,349774,350093,NW_019863001.1_349774_350093
LOC112047494,NW_019862894.1,-,A5SS_short,9.05E-09,-0.478,462680,463085,NW_019862894.1_462680_463085
LOC112055968,NW_019863669.1,-,A5SS_short,9.65E-11,0.134,17018,17358,NW_019863669.1_17018_17358
LOC112055201,NW_019863475.1,-,A5SS_short,1.01E-05,-0.082,91490,91800,NW_019863475.1_91490_91800
LOC112048434,NW_019862930.1,+,A5SS_short,1.27E-06,-0.355,451550,451875,NW_019862930.1_451550_451875
LOC112044854,NW_019862818.1,-,A5SS_short,0.006102289,-0.132,183427,183749,NW_019862818.1_183427_183749
LOC112057757,NW_019862766.1,+,A5SS_short,0.019477181,-0.04,165443,165780,NW_019862766.1_165443_165780
LOC112044311,NW_019862806.1,+,A5SS_short,0.000146364,-0.082,803851,804528,NW_019862806.1_803851_804528
LOC112044442,NW_019862809.1,+,A5SS_short,0,-0.23,819790,820082,NW_019862809.1_819790_820082
LOC112047020,NW_019862880.1,+,A5SS_short,0.004735925,0.066,229263,230073,NW_019862880.1_229263_230073
LOC112056633,NW_019863916.1,-,A5SS_short,3.77E-05,-0.399,25705,25953,NW_019863916.1_25705_25953
LOC112046714,NW_019862869.1,-,A5SS_short,0.034628083,0.047,199861,200217,NW_019862869.1_199861_200217
LOC112054344,NW_019863348.1,-,A5SS_short,0.000926969,0.197,19374,19742,NW_019863348.1_19374_19742
LOC112054318,NW_019863343.1,+,A5SS_short,0.00103931,0.222,42915,43253,NW_019863343.1_42915_43253
LOC112051193,NW_019862757.1,-,A5SS_short,0.000228738,0.147,1821214,1821576,NW_019862757.1_1821214_1821576
LOC112048511,NW_019862933.1,+,A5SS_short,0.017646619,0.371,700104,700516,NW_019862933.1_700104_700516
LOC112050527,NW_019863028.1,+,A5SS_short,3.74E-07,0.181,294503,294864,NW_019863028.1_294503_294864
LOC112051967,NW_019863116.1,+,A5SS_short,0.021494497,-0.184,170291,170656,NW_019863116.1_170291_170656
LOC112043721,NW_019862795.1,+,A5SS_short,1.63E-09,-0.718,1103212,1103637,NW_019862795.1_1103212_1103637
LOC112043935,NW_019862800.1,-,A5SS_short,0.000124654,0.178,712620,712951,NW_019862800.1_712620_712951
LOC112050895,NW_019863049.1,+,A5SS_short,0.00956016,0.116,159102,159437,NW_019863049.1_159102_159437
LOC112048422,NW_019862929.1,+,A5SS_short,0.01767816,0.09,62969,63426,NW_019862929.1_62969_63426
LOC112048621,NW_019862937.1,-,A5SS_short,0.049481169,-0.051,224762,225102,NW_019862937.1_224762_225102
LOC112046080,NW_019862847.1,+,A5SS_short,0.000804159,0.083,455700,455943,NW_019862847.1_455700_455943
LOC112047618,NW_019862898.1,-,A5SS_short,1.21E-10,0.538,575660,576496,NW_019862898.1_575660_576496
LOC112047618,NW_019862898.1,-,A5SS_short,3.65E-09,0.578,575660,576496,NW_019862898.1_575660_576496
LOC112047618,NW_019862898.1,-,A5SS_short,1.74E-09,0.484,575660,576496,NW_019862898.1_575660_576496
LOC112047618,NW_019862898.1,-,A5SS_short,6.10E-09,0.483,575660,576496,NW_019862898.1_575660_576496
LOC112056122,NW_019863712.1,+,A5SS_short,5.44E-07,-0.554,64729,65113,NW_019863712.1_64729_65113
LOC112049212,NW_019862963.1,+,A5SS_short,4.93E-14,-0.258,375408,378959,NW_019862963.1_375408_378959
LOC112052204,NW_019863133.1,+,A5SS_short,0.006880664,-0.047,130952,131328,NW_019863133.1_130952_131328
LOC112052204,NW_019863133.1,+,A5SS_short,0.017177729,0.035,132465,132795,NW_019863133.1_132465_132795
LOC112043476,NW_019862791.1,-,A5SS_short,0.034083885,0.014,424692,424983,NW_019862791.1_424692_424983
LOC112050844,NW_019863046.1,-,A5SS_short,1.42E-12,0.628,84195,84458,NW_019863046.1_84195_84458
LOC112050844,NW_019863046.1,-,A5SS_short,0.017177729,0.036,84195,84458,NW_019863046.1_84195_84458
LOC112051137,NW_019863064.1,+,A5SS_short,1.38E-05,-0.13,238534,238918,NW_019863064.1_238534_238918
LOC112053694,NW_019863272.1,+,A5SS_short,0.000253855,0.322,51359,51775,NW_019863272.1_51359_51775
LOC112048787,NW_019862945.1,+,A5SS_short,0.028542016,0.392,435164,435511,NW_019862945.1_435164_435511
LOC112048787,NW_019862945.1,+,A5SS_short,0.049168458,0.365,435164,435511,NW_019862945.1_435164_435511
LOC112048787,NW_019862945.1,+,A5SS_short,0.049168458,0.365,435164,435511,NW_019862945.1_435164_435511
LOC112048787,NW_019862945.1,+,A5SS_short,0.028027661,0.377,435164,435516,NW_019862945.1_435164_435516
LOC112048787,NW_019862945.1,+,A5SS_short,0.006246318,0.426,435164,435516,NW_019862945.1_435164_435516
LOC112048787,NW_019862945.1,+,A5SS_short,0.006452078,0.377,435164,435516,NW_019862945.1_435164_435516
LOC112048787,NW_019862945.1,+,A5SS_short,0.006452078,0.377,435164,435516,NW_019862945.1_435164_435516
LOC112048780,NW_019862945.1,-,A5SS_short,0.004212904,0.056,218270,218544,NW_019862945.1_218270_218544
LOC112048480,NW_019862932.1,-,A5SS_short,0.000638968,-0.372,269948,270300,NW_019862932.1_269948_270300
LOC112053753,NW_019863278.1,+,A5SS_short,1.85E-07,-0.097,114326,114733,NW_019863278.1_114326_114733
LOC112058248,NW_019862773.1,-,A5SS_short,0.010337016,0.236,282057,282389,NW_019862773.1_282057_282389
LOC112053860,NW_019863289.1,+,A5SS_short,0.007175914,-0.069,168333,168764,NW_019863289.1_168333_168764
LOC112050405,NW_019863021.1,-,A5SS_short,0,-0.262,129791,130144,NW_019863021.1_129791_130144
LOC112043517,NW_019862792.1,+,A5SS_short,0.000232422,0.144,1417715,1418127,NW_019862792.1_1417715_1418127
LOC112043539,NW_019862792.1,+,A5SS_short,0.023944663,-0.032,132593,132891,NW_019862792.1_132593_132891
LOC112048194,NW_019862920.1,+,A5SS_short,1.36E-08,0.321,590646,590911,NW_019862920.1_590646_590911
LOC112054834,NW_019863423.1,+,A5SS_short,6.54E-06,0.235,33577,33875,NW_019863423.1_33577_33875
LOC112054834,NW_019863423.1,+,A5SS_short,0,0.421,33577,33875,NW_019863423.1_33577_33875
LOC112049386,NW_019862970.1,+,A5SS_short,0.035804353,-0.138,437661,437999,NW_019862970.1_437661_437999
LOC112046902,NW_019862874.1,-,A5SS_short,0.000495902,0.118,527135,527382,NW_019862874.1_527135_527382
LOC112053499,NW_019862760.1,+,A5SS_short,2.88E-13,0.232,149873,150240,NW_019862760.1_149873_150240
LOC112045057,NW_019862823.1,+,A5SS_short,0.000883538,-0.225,184261,184627,NW_019862823.1_184261_184627
LOC112051509,NW_019863086.1,+,A5SS_short,6.23E-07,0.461,260696,261080,NW_019863086.1_260696_261080
LOC112051702,NW_019863098.1,+,A5SS_short,3.01E-08,-0.501,302284,302576,NW_019863098.1_302284_302576
LOC112046173,NW_019862849.1,-,A5SS_short,0.03056261,-0.022,138016,138406,NW_019862849.1_138016_138406
LOC112051042,NW_019862748.1,-,A5SS_short,0.033847179,-0.143,367982,368529,NW_019862748.1_367982_368529
LOC112053764,NW_019863280.1,+,A5SS_short,0.036697483,-0.025,208647,208908,NW_019863280.1_208647_208908
LOC112053764,NW_019863280.1,+,A5SS_short,7.66E-05,-0.264,208647,208908,NW_019863280.1_208647_208908
LOC112051951,NW_019862758.1,-,A5SS_short,1.39E-05,-0.056,2123181,2123444,NW_019862758.1_2123181_2123444
LOC112051951,NW_019862758.1,-,A5SS_short,0.007405127,-0.029,2123257,2123552,NW_019862758.1_2123257_2123552
LOC112051951,NW_019862758.1,-,A5SS_short,0,-0.188,2123390,2123740,NW_019862758.1_2123390_2123740
LOC112051951,NW_019862758.1,-,A5SS_short,3.69E-05,-0.131,2123181,2123444,NW_019862758.1_2123181_2123444
LOC112051951,NW_019862758.1,-,A5SS_short,0.001109532,-0.082,2123257,2123552,NW_019862758.1_2123257_2123552
LOC112051951,NW_019862758.1,-,A5SS_short,3.69E-05,-0.131,2123181,2123444,NW_019862758.1_2123181_2123444
LOC112051951,NW_019862758.1,-,A5SS_short,0.001109532,-0.082,2123257,2123552,NW_019862758.1_2123257_2123552
LOC112051951,NW_019862758.1,-,A5SS_short,3.19E-05,-0.118,2123181,2123444,NW_019862758.1_2123181_2123444
LOC112051951,NW_019862758.1,-,A5SS_short,0.001109532,-0.082,2123257,2123552,NW_019862758.1_2123257_2123552
LOC112051951,NW_019862758.1,-,A5SS_short,5.46E-05,-0.096,2123181,2123444,NW_019862758.1_2123181_2123444
LOC112048994,NW_019862954.1,-,A5SS_short,0.020596311,0.19,263612,263884,NW_019862954.1_263612_263884
LOC112048994,NW_019862954.1,-,A5SS_short,0.019355338,0.191,263612,263884,NW_019862954.1_263612_263884
LOC112048994,NW_019862954.1,-,A5SS_short,0.019355338,0.191,263612,263884,NW_019862954.1_263612_263884
LOC112054444,NW_019863357.1,-,A5SS_short,0.033847179,0.259,7321,7792,NW_019863357.1_7321_7792
LOC112054660,NW_019863391.1,-,A5SS_short,0.038400242,-0.042,152640,153095,NW_019863391.1_152640_153095
LOC112049721,NW_019862987.1,+,A5SS_short,0.000536132,-0.501,396106,396500,NW_019862987.1_396106_396500
LOC112047419,NW_019862892.1,+,A5SS_short,0.002198366,0.199,36184,36537,NW_019862892.1_36184_36537
LOC112049978,NW_019863000.1,+,A5SS_short,0.038285563,-0.065,267959,268317,NW_019863000.1_267959_268317
LOC112045456,NW_019862832.1,-,A5SS_short,0.033632627,-0.157,253105,253396,NW_019862832.1_253105_253396
LOC112048265,NW_019862923.1,+,A5SS_short,0.024509578,-0.05,268611,268876,NW_019862923.1_268611_268876
LOC112048265,NW_019862923.1,+,A5SS_short,0.003384642,0.028,268955,269499,NW_019862923.1_268955_269499
LOC112044870,NW_019862819.1,-,A5SS_short,2.33E-05,0.153,806862,807341,NW_019862819.1_806862_807341
LOC112058271,NW_019862749.1,-,A5SS_short,0.000170033,0.239,506437,506867,NW_019862749.1_506437_506867
LOC112050044,NW_019863003.1,-,A5SS_short,0.0022727,-0.029,178649,178992,NW_019863003.1_178649_178992
LOC112048866,NW_019862948.1,-,A5SS_short,0.00152848,0.05,132858,133192,NW_019862948.1_132858_133192
LOC112051535,NW_019863088.1,+,A5SS_short,1.94E-08,0.434,353491,353744,NW_019863088.1_353491_353744
LOC112058385,NW_019862775.1,+,A5SS_short,0.015184762,-0.226,169166,169548,NW_019862775.1_169166_169548
LOC112051778,NW_019863102.1,-,A5SS_short,0.007256684,0.219,258133,258417,NW_019863102.1_258133_258417
LOC112054536,NW_019863371.1,-,A5SS_short,1.82E-06,-0.035,107204,107644,NW_019863371.1_107204_107644
LOC112045305,NW_019862828.1,+,A5SS_short,3.74E-06,0.284,735146,735824,NW_019862828.1_735146_735824
LOC112045819,NW_019862841.1,-,A5SS_short,0.000441704,0.263,293011,293672,NW_019862841.1_293011_293672
LOC112058000,NW_019862770.1,-,A5SS_short,2.71E-05,0.021,1446864,1447272,NW_019862770.1_1446864_1447272
LOC112058000,NW_019862770.1,-,A5SS_short,4.51E-06,0.023,1446864,1447272,NW_019862770.1_1446864_1447272
LOC112050771,NW_019863042.1,+,A5SS_short,0.003698965,0.165,323354,323686,NW_019863042.1_323354_323686
LOC112054789,NW_019862761.1,+,A5SS_short,0.006655424,-0.202,2233069,2233401,NW_019862761.1_2233069_2233401
LOC112054208,NW_019863329.1,+,A5SS_short,1.48E-09,-0.107,178189,178468,NW_019863329.1_178189_178468
LOC112057966,NW_019862770.1,+,A5SS_short,0.005970193,0.054,89669,90063,NW_019862770.1_89669_90063
LOC112044342,NW_019862807.1,-,A5SS_short,2.41E-07,-0.167,81217,81508,NW_019862807.1_81217_81508
LOC112050343,NW_019863018.1,+,A5SS_short,0.038171058,-0.028,235411,235857,NW_019863018.1_235411_235857
LOC112055740,NW_019862762.1,-,A5SS_short,0.000859257,-0.253,1941226,1941596,NW_019862762.1_1941226_1941596
LOC112055597,NW_019862762.1,-,A5SS_short,7.63E-05,-0.052,1070683,1071043,NW_019862762.1_1070683_1071043
LOC112055028,NW_019862762.1,+,A5SS_short,0.021494497,-0.259,73564,73904,NW_019862762.1_73564_73904
LOC112047743,NW_019862903.1,-,A5SS_short,0.033798416,0.063,404687,404923,NW_019862903.1_404687_404923
LOC112047749,NW_019862903.1,-,A5SS_short,0.001412089,-0.257,366455,366718,NW_019862903.1_366455_366718
LOC112046309,NW_019862752.1,+,A5SS_short,0.015769547,0.074,2671099,2671462,NW_019862752.1_2671099_2671462
LOC112045055,NW_019862823.1,-,A5SS_short,5.93E-08,0.034,405265,405790,NW_019862823.1_405265_405790
LOC112045055,NW_019862823.1,-,A5SS_short,5.93E-08,0.037,405265,405790,NW_019862823.1_405265_405790
LOC112045945,NW_019862844.1,-,A5SS_short,0.007497702,0.237,65560,65942,NW_019862844.1_65560_65942
LOC112047548,NW_019862896.1,-,A5SS_short,0,0.478,530154,530429,NW_019862896.1_530154_530429
LOC112047548,NW_019862896.1,-,A5SS_short,0,0.64,530154,530429,NW_019862896.1_530154_530429
LOC112047548,NW_019862896.1,-,A5SS_short,0,0.523,530154,530429,NW_019862896.1_530154_530429
LOC112055832,NW_019862762.1,+,A5SS_short,0.000878738,-0.027,2133034,2133294,NW_019862762.1_2133034_2133294
LOC112044489,NW_019862810.1,-,A5SS_short,4.32E-06,-0.014,693984,694328,NW_019862810.1_693984_694328
LOC112045785,NW_019862752.1,-,A5SS_short,0.006924588,0.059,1262101,1262509,NW_019862752.1_1262101_1262509
LOC112043588,NW_019862792.1,-,A5SS_short,2.89E-05,0.148,1392787,1393163,NW_019862792.1_1392787_1393163
LOC112052787,NW_019863176.1,-,A5SS_short,0.027578438,0.032,155486,155916,NW_019863176.1_155486_155916
LOC112044703,NW_019862751.1,+,A5SS_short,0,-0.095,1009448,1009842,NW_019862751.1_1009448_1009842
LOC112044703,NW_019862751.1,+,A5SS_short,0,-0.095,1009448,1009842,NW_019862751.1_1009448_1009842
LOC112056840,NW_019864020.1,+,A5SS_short,0,-0.058,20770,21040,NW_019864020.1_20770_21040
LOC112056840,NW_019864020.1,+,A5SS_short,4.77E-10,-0.414,20770,21073,NW_019864020.1_20770_21073
LOC112049404,NW_019862971.1,-,A5SS_short,3.80E-09,-0.263,707530,707823,NW_019862971.1_707530_707823
LOC112055739,NW_019863599.1,-,A5SS_short,2.98E-07,0.415,39436,39728,NW_019863599.1_39436_39728
LOC112052580,NW_019863160.1,-,A5SS_short,0.01390491,0.239,115733,116051,NW_019863160.1_115733_116051
LOC112045119,NW_019862751.1,+,A5SS_short,0.025723856,-0.049,2727090,2727448,NW_019862751.1_2727090_2727448
LOC112043510,NW_019862792.1,+,A5SS_short,1.19E-05,-0.211,210844,211190,NW_019862792.1_210844_211190
LOC112053443,NW_019862760.1,+,A5SS_short,0.010300952,0.143,35967,36245,NW_019862760.1_35967_36245
LOC112053443,NW_019862760.1,+,A5SS_short,0.00331207,0.116,35967,36245,NW_019862760.1_35967_36245
LOC112053443,NW_019862760.1,+,A5SS_short,0.00304006,-0.166,52278,52525,NW_019862760.1_52278_52525
LOC112050692,NW_019863038.1,+,A5SS_short,0,0.095,208782,209101,NW_019863038.1_208782_209101
LOC112044502,NW_019862810.1,-,A5SS_short,0.00013652,0.199,1136768,1136985,NW_019862810.1_1136768_1136985
LOC112051145,NW_019863065.1,-,A5SS_short,0.010436093,-0.076,299000,299334,NW_019863065.1_299000_299334
LOC112050746,NW_019863040.1,-,A5SS_short,0.000611901,-0.022,34927,35378,NW_019863040.1_34927_35378
LOC112048968,NW_019862953.1,-,A5SS_short,0.002000425,-0.079,361039,361395,NW_019862953.1_361039_361395
LOC112051763,NW_019863101.1,-,A5SS_short,0.000938739,0.56,219612,219848,NW_019863101.1_219612_219848
LOC112051763,NW_019863101.1,-,A5SS_short,1.76E-07,0.105,219871,220111,NW_019863101.1_219871_220111
LOC112051763,NW_019863101.1,-,A5SS_short,1.73E-06,0.081,219871,220111,NW_019863101.1_219871_220111
LOC112046370,NW_019862856.1,-,A5SS_short,0.017758669,0.067,737831,738082,NW_019862856.1_737831_738082
LOC112045951,NW_019862844.1,-,A5SS_short,0.000520178,-0.043,947901,948217,NW_019862844.1_947901_948217
LOC112051313,NW_019863074.1,+,A5SS_short,3.82E-05,-0.589,90903,91541,NW_019863074.1_90903_91541
LOC112046887,NW_019862874.1,-,A5SS_short,0.000880352,0.134,22778,22985,NW_019862874.1_22778_22985
LOC112046887,NW_019862874.1,-,A5SS_short,3.57E-08,0.186,22778,22985,NW_019862874.1_22778_22985
LOC112044316,NW_019862806.1,+,A5SS_short,0.01131435,0.06,1118842,1119114,NW_019862806.1_1118842_1119114
LOC112044316,NW_019862806.1,+,A5SS_short,0.026686225,0.047,1118842,1119114,NW_019862806.1_1118842_1119114
LOC112044091,NW_019862803.1,+,A5SS_short,0.00512138,0.031,509592,509894,NW_019862803.1_509592_509894
LOC112044076,NW_019862803.1,-,A5SS_short,2.21E-05,0.251,44969,45367,NW_019862803.1_44969_45367
LOC112044076,NW_019862803.1,-,A5SS_short,2.78E-05,0.252,44969,45367,NW_019862803.1_44969_45367
LOC112044076,NW_019862803.1,-,A5SS_short,1.53E-05,0.251,44969,45367,NW_019862803.1_44969_45367
LOC112056407,NW_019863803.1,+,A5SS_short,2.09E-11,-0.049,30234,30463,NW_019863803.1_30234_30463
LOC112053549,NW_019863252.1,+,A5SS_short,0,-0.941,106100,106477,NW_019863252.1_106100_106477
LOC112058550,NW_019862778.1,-,A5SS_short,0,-0.039,1103134,1103464,NW_019862778.1_1103134_1103464
LOC112058550,NW_019862778.1,-,A5SS_short,0,-0.364,1103134,1103464,NW_019862778.1_1103134_1103464
LOC112058550,NW_019862778.1,-,A5SS_short,0,-0.039,1103134,1103464,NW_019862778.1_1103134_1103464
LOC112058550,NW_019862778.1,-,A5SS_short,0,-0.038,1103134,1103464,NW_019862778.1_1103134_1103464
LOC112058550,NW_019862778.1,-,A5SS_short,0,-0.038,1103134,1103464,NW_019862778.1_1103134_1103464
LOC112058550,NW_019862778.1,-,A5SS_short,0.003923265,0.278,1103159,1103464,NW_019862778.1_1103159_1103464
LOC112050505,NW_019863026.1,-,A5SS_short,0.001856767,0.203,332045,332328,NW_019863026.1_332045_332328
LOC112049639,NW_019862982.1,+,A5SS_short,0.003249019,-0.062,331131,331477,NW_019862982.1_331131_331477
LOC112056064,NW_019863696.1,-,A5SS_short,0.015393428,-0.081,47772,48097,NW_019863696.1_47772_48097
LOC112056064,NW_019863696.1,-,A5SS_short,0.00039022,-0.206,48308,48626,NW_019863696.1_48308_48626
LOC112051523,NW_019863087.1,+,A5SS_short,0,-0.544,179021,179357,NW_019863087.1_179021_179357
LOC112051523,NW_019863087.1,+,A5SS_short,0,-0.544,179021,179357,NW_019863087.1_179021_179357
LOC112051523,NW_019863087.1,+,A5SS_short,0,-0.544,179021,179357,NW_019863087.1_179021_179357
LOC112057820,NW_019862767.1,+,A5SS_short,0.000483163,0.451,237356,237738,NW_019862767.1_237356_237738
LOC112043419,NW_019862790.1,+,A5SS_short,0.023569888,0.058,603648,604063,NW_019862790.1_603648_604063
LOC112043419,NW_019862790.1,+,A5SS_short,0.031396115,0.056,603676,604063,NW_019862790.1_603676_604063
LOC112049919,NW_019862998.1,+,A5SS_short,8.61E-09,0.113,314086,314429,NW_019862998.1_314086_314429
LOC112051195,NW_019863068.1,+,A5SS_short,0.010917102,0.062,238895,239182,NW_019863068.1_238895_239182
LOC112051663,NW_019863094.1,+,A5SS_short,0.001808476,0.054,282150,282493,NW_019863094.1_282150_282493
LOC112044805,NW_019862817.1,-,A5SS_short,0.028806157,-0.093,157310,157626,NW_019862817.1_157310_157626
LOC112045947,NW_019862844.1,+,A5SS_short,0.011256201,-0.139,917008,917302,NW_019862844.1_917008_917302
LOC112044077,NW_019862803.1,+,A5SS_short,0.008629642,-0.26,138963,139386,NW_019862803.1_138963_139386
LOC112047329,NW_019862888.1,+,A5SS_short,0.000412281,0.067,285474,285760,NW_019862888.1_285474_285760
LOC112053782,NW_019863281.1,-,A5SS_short,2.69E-12,0.232,177204,177562,NW_019863281.1_177204_177562
LOC112046874,NW_019862874.1,+,A5SS_short,0.025076156,-0.054,41247,41519,NW_019862874.1_41247_41519
LOC112046874,NW_019862874.1,+,A5SS_short,0.013917769,-0.044,41247,41519,NW_019862874.1_41247_41519
LOC112044138,NW_019862804.1,+,A5SS_short,0.003415641,0.091,39455,39776,NW_019862804.1_39455_39776
LOC112046894,NW_019862874.1,+,A5SS_short,0.000678061,-0.096,271770,272133,NW_019862874.1_271770_272133
LOC112054600,NW_019863381.1,-,A5SS_short,0.012644409,-0.043,92717,93108,NW_019863381.1_92717_93108
LOC112058371,NW_019862775.1,-,A5SS_short,1.82E-11,-0.099,1415909,1416286,NW_019862775.1_1415909_1416286
LOC112044649,NW_019862814.1,+,A5SS_short,0.048935562,-0.052,907792,908098,NW_019862814.1_907792_908098
LOC112046483,NW_019862858.1,-,A5SS_short,0.028789066,0.03,133228,133769,NW_019862858.1_133228_133769
LOC112043669,NW_019862794.1,-,A5SS_short,7.47E-05,-0.071,1095334,1095675,NW_019862794.1_1095334_1095675
LOC112057881,NW_019862768.1,-,A5SS_short,0.012326355,0.388,955788,956203,NW_019862768.1_955788_956203
LOC112057881,NW_019862768.1,-,A5SS_short,0.000232422,0.013,955897,956203,NW_019862768.1_955897_956203
LOC112057881,NW_019862768.1,-,A5SS_short,3.19E-05,-0.174,955899,956203,NW_019862768.1_955899_956203
LOC112055277,NW_019863491.1,+,A5SS_short,0.000336625,0.118,31906,32298,NW_019863491.1_31906_32298
LOC112050026,NW_019863002.1,-,A5SS_short,0.01001846,-0.453,440870,441186,NW_019863002.1_440870_441186
LOC112053016,NW_019862759.1,-,A5SS_short,0,0.434,1315938,1316306,NW_019862759.1_1315938_1316306
LOC112053739,NW_019863277.1,-,A5SS_short,0.014352175,-0.106,105866,106152,NW_019863277.1_105866_106152
LOC112048398,NW_019862929.1,+,A5SS_short,0.011513635,-0.016,269770,270098,NW_019862929.1_269770_270098
LOC112049503,NW_019862976.1,-,A5SS_short,0,0.09,437867,438152,NW_019862976.1_437867_438152
LOC112049503,NW_019862976.1,-,A5SS_short,0.002913764,-0.008,437867,438152,NW_019862976.1_437867_438152
LOC112049503,NW_019862976.1,-,A5SS_short,0.048665268,0.486,441669,441940,NW_019862976.1_441669_441940
LOC112049503,NW_019862976.1,-,A5SS_short,0.048665268,0.486,441669,441940,NW_019862976.1_441669_441940
LOC112049503,NW_019862976.1,-,A5SS_short,0.048665268,0.486,441669,441940,NW_019862976.1_441669_441940
LOC112045952,NW_019862844.1,+,A5SS_short,0.014926095,0.172,279343,279712,NW_019862844.1_279343_279712
LOC112046481,NW_019862858.1,+,A5SS_short,0.010471384,-0.372,148107,148501,NW_019862858.1_148107_148501
LOC112046481,NW_019862858.1,+,A5SS_short,1.39E-08,-0.164,148107,148629,NW_019862858.1_148107_148629
LOC112046842,NW_019862873.1,+,A5SS_short,0.000654156,0.029,564171,564408,NW_019862873.1_564171_564408
LOC112046842,NW_019862873.1,+,A5SS_short,0.001228707,0.026,564171,564408,NW_019862873.1_564171_564408
LOC112046842,NW_019862873.1,+,A5SS_short,0.000602397,0.029,564171,564408,NW_019862873.1_564171_564408
LOC112046842,NW_019862873.1,+,A5SS_short,4.91E-09,-0.424,567091,567387,NW_019862873.1_567091_567387
LOC112046842,NW_019862873.1,+,A5SS_short,4.72E-06,-0.018,567091,567387,NW_019862873.1_567091_567387
LOC112046842,NW_019862873.1,+,A5SS_short,0.007312714,-0.016,567091,567387,NW_019862873.1_567091_567387
LOC112046452,NW_019862857.1,-,A5SS_short,0.003454357,-0.041,171679,172082,NW_019862857.1_171679_172082
LOC112058168,NW_019862772.1,+,A5SS_short,0.03461443,0.14,1629237,1629619,NW_019862772.1_1629237_1629619
LOC112042935,NW_019862782.1,-,A5SS_short,0,0.081,1176743,1176977,NW_019862782.1_1176743_1176977
LOC112042935,NW_019862782.1,-,A5SS_short,0,0.115,1176743,1176977,NW_019862782.1_1176743_1176977
LOC112042935,NW_019862782.1,-,A5SS_short,0,0.115,1176743,1176977,NW_019862782.1_1176743_1176977
LOC112049762,NW_019862988.1,+,A5SS_short,7.26E-05,0.054,190547,191064,NW_019862988.1_190547_191064
LOC112050028,NW_019863002.1,-,A5SS_short,0.002057731,-0.245,313505,313852,NW_019863002.1_313505_313852
LOC112049508,NW_019862976.1,-,A5SS_short,0.00027867,-0.078,483726,484011,NW_019862976.1_483726_484011
LOC112051468,NW_019863084.1,+,A5SS_short,0.047226288,-0.217,94573,95079,NW_019863084.1_94573_95079
LOC112045194,NW_019862826.1,+,A5SS_short,0.00026763,0.055,395156,395550,NW_019862826.1_395156_395550
LOC112045098,NW_019862823.1,-,A5SS_short,0.013603696,-0.106,63774,64138,NW_019862823.1_63774_64138
LOC112047593,NW_019862897.1,-,A5SS_short,0.000351789,0.021,446316,446621,NW_019862897.1_446316_446621
LOC112057669,NW_019862765.1,+,A5SS_short,0.047065685,-0.465,837860,838155,NW_019862765.1_837860_838155
LOC112056110,NW_019863704.1,-,A5SS_short,1.40E-08,-0.435,56625,56995,NW_019863704.1_56625_56995
LOC112052399,NW_019863145.1,+,A5SS_short,0.018612002,0.027,110531,110870,NW_019863145.1_110531_110870
LOC112058604,NW_019862778.1,+,A5SS_short,0.00162095,-0.067,1084590,1084948,NW_019862778.1_1084590_1084948
LOC112058605,NW_019862778.1,+,A5SS_short,0.021681808,-0.039,1591411,1591648,NW_019862778.1_1591411_1591648
LOC112058605,NW_019862778.1,+,A5SS_short,0.027365474,-0.273,1591411,1591648,NW_019862778.1_1591411_1591648
LOC112047182,NW_019862883.1,+,A5SS_short,1.79E-06,0.586,59081,59405,NW_019862883.1_59081_59405
LOC112047182,NW_019862883.1,+,A5SS_short,1.82E-06,0.261,59081,59405,NW_019862883.1_59081_59405
LOC112052328,NW_019863141.1,+,A5SS_short,2.52E-08,0.313,50776,51386,NW_019863141.1_50776_51386
LOC112053642,NW_019863264.1,+,A5SS_short,3.72E-08,-0.152,203351,203607,NW_019863264.1_203351_203607
LOC112053642,NW_019863264.1,+,A5SS_short,1.24E-06,-0.15,203366,203607,NW_019863264.1_203366_203607
LOC112049190,NW_019862962.1,+,A5SS_short,5.46E-05,-0.053,206023,206460,NW_019862962.1_206023_206460
LOC112045895,NW_019862843.1,+,A5SS_short,0.045453857,-0.086,407818,408133,NW_019862843.1_407818_408133
LOC112049845,NW_019862994.1,-,A5SS_short,0.039868224,-0.111,49473,49873,NW_019862994.1_49473_49873
LOC112048504,NW_019862933.1,-,A5SS_short,3.20E-05,0.073,145462,145733,NW_019862933.1_145462_145733
LOC112054929,NW_019863433.1,+,A5SS_short,0.000288166,-0.11,119589,119817,NW_019863433.1_119589_119817
LOC112044052,NW_019862802.1,+,A5SS_short,0.043036033,-0.177,974023,974417,NW_019862802.1_974023_974417
LOC112043296,NW_019862788.1,+,A5SS_short,0.039623676,-0.032,356803,357074,NW_019862788.1_356803_357074
LOC112055556,NW_019863549.1,+,A5SS_short,0.001092344,-0.393,90871,91262,NW_019863549.1_90871_91262
LOC112046249,NW_019862852.1,-,A5SS_short,0.015477629,0.346,851177,851517,NW_019862852.1_851177_851517
LOC112047512,NW_019862895.1,+,A5SS_short,1.61E-09,0.046,179994,180262,NW_019862895.1_179994_180262
LOC112047512,NW_019862895.1,+,A5SS_short,1.82E-09,0.048,179994,180262,NW_019862895.1_179994_180262
LOC112047512,NW_019862895.1,+,A5SS_short,6.44E-11,0.053,179994,180262,NW_019862895.1_179994_180262
LOC112047512,NW_019862895.1,+,A5SS_short,4.38E-12,0.061,179994,180262,NW_019862895.1_179994_180262
LOC112043342,NW_019862788.1,-,A5SS_short,4.21E-05,0.064,1324043,1324427,NW_019862788.1_1324043_1324427
LOC112044157,NW_019862804.1,+,A5SS_short,0.009600586,-0.11,658281,658594,NW_019862804.1_658281_658594
LOC112048202,NW_019862921.1,-,A5SS_short,9.23E-05,-0.054,309018,309282,NW_019862921.1_309018_309282
LOC112055433,NW_019862748.1,-,A5SS_short,0.000483293,-0.307,529820,530188,NW_019862748.1_529820_530188
LOC112058555,NW_019862778.1,+,A5SS_short,0.000337518,-0.047,1182929,1183319,NW_019862778.1_1182929_1183319
LOC112053291,NW_019863225.1,-,A5SS_short,4.72E-06,-0.038,122636,122964,NW_019863225.1_122636_122964
LOC112053291,NW_019863225.1,-,A5SS_short,0.034159778,-0.018,123619,123912,NW_019863225.1_123619_123912
LOC112053070,NW_019863202.1,+,A5SS_short,0,-0.631,159148,159407,NW_019863202.1_159148_159407
LOC112053070,NW_019863202.1,+,A5SS_short,3.17E-11,-0.129,159148,159407,NW_019863202.1_159148_159407
LOC112045215,NW_019862826.1,+,A5SS_short,0.001571161,-0.066,1070565,1070977,NW_019862826.1_1070565_1070977
LOC112058280,NW_019862773.1,+,A5SS_short,1.23E-09,-0.234,905607,906035,NW_019862773.1_905607_906035
LOC112053958,NW_019863299.1,+,A5SS_short,8.58E-05,0.228,136704,136939,NW_019863299.1_136704_136939
LOC112053958,NW_019863299.1,+,A5SS_short,0.000234631,0.111,136704,136939,NW_019863299.1_136704_136939
LOC112052778,NW_019863175.1,-,A5SS_short,0.011256201,0.082,91243,91587,NW_019863175.1_91243_91587
LOC112052778,NW_019863175.1,-,A5SS_short,0.00210078,0.08,91278,91587,NW_019863175.1_91278_91587
LOC112052778,NW_019863175.1,-,A5SS_short,0.037721837,0.044,91142,91386,NW_019863175.1_91142_91386
LOC112052778,NW_019863175.1,-,A5SS_short,0.000359371,0.119,91173,91386,NW_019863175.1_91173_91386
LOC112052778,NW_019863175.1,-,A5SS_short,0.000138012,0.303,91180,91386,NW_019863175.1_91180_91386
LOC112052778,NW_019863175.1,-,A5SS_short,0.014352175,0.075,91243,91587,NW_019863175.1_91243_91587
LOC112052778,NW_019863175.1,-,A5SS_short,0.001989577,0.085,91278,91587,NW_019863175.1_91278_91587
LOC112052778,NW_019863175.1,-,A5SS_short,0.018603798,0.06,91243,91587,NW_019863175.1_91243_91587
LOC112052778,NW_019863175.1,-,A5SS_short,0.002986708,0.075,91278,91587,NW_019863175.1_91278_91587
LOC112052778,NW_019863175.1,-,A5SS_short,0.009461851,0.084,91243,91595,NW_019863175.1_91243_91595
LOC112052778,NW_019863175.1,-,A5SS_short,0.034083885,0.043,91243,91595,NW_019863175.1_91243_91595
LOC112043939,NW_019862800.1,-,A5SS_short,0.031545265,0.091,827416,827758,NW_019862800.1_827416_827758
LOC112056251,NW_019863747.1,+,A5SS_short,0.012081004,0.081,21522,21978,NW_019863747.1_21522_21978
LOC112048027,NW_019862913.1,-,A5SS_short,0.041865542,0.131,609456,609682,NW_019862913.1_609456_609682
LOC112051386,NW_019863079.1,+,A5SS_short,0.025076156,0.012,69567,69812,NW_019863079.1_69567_69812
LOC112057417,NW_019865369.1,-,A5SS_short,3.15E-05,-0.137,1489,1771,NW_019865369.1_1489_1771
LOC112049248,NW_019862965.1,-,A5SS_short,0.000345497,-0.234,83570,83943,NW_019862965.1_83570_83943
LOC112055492,NW_019863535.1,-,A5SS_short,0,-0.124,76090,76334,NW_019863535.1_76090_76334
LOC112048519,NW_019862933.1,-,A5SS_short,0.001122396,-0.298,758170,758529,NW_019862933.1_758170_758529
LOC112058574,NW_019862778.1,-,A5SS_short,0.036172706,-0.174,1350636,1350979,NW_019862778.1_1350636_1350979
LOC112043682,NW_019862794.1,+,A5SS_short,0,-0.144,1405006,1405218,NW_019862794.1_1405006_1405218
LOC112050706,NW_019863039.1,+,A5SS_short,2.84E-05,0.104,269443,269809,NW_019863039.1_269443_269809
LOC112050166,NW_019863009.1,-,A5SS_short,0,-0.32,166011,166351,NW_019863009.1_166011_166351
LOC112053525,NW_019863249.1,+,A5SS_short,0,0.733,80358,80724,NW_019863249.1_80358_80724
LOC112048042,NW_019862914.1,+,A5SS_short,0.001498137,0.117,180683,180995,NW_019862914.1_180683_180995
LOC112057752,NW_019862766.1,-,A5SS_short,4.37E-05,-0.344,96338,96804,NW_019862766.1_96338_96804
LOC112051973,NW_019863117.1,-,A5SS_short,0.000345497,-0.094,338606,338880,NW_019863117.1_338606_338880
LOC112049997,NW_019863001.1,+,A5SS_short,0.029756719,-0.064,252282,252594,NW_019863001.1_252282_252594
LOC112047068,NW_019862881.1,+,A5SS_short,0.010034759,-0.482,109927,110231,NW_019862881.1_109927_110231
LOC112057117,NW_019862764.1,-,A5SS_short,0.010284074,0.038,1709994,1710457,NW_019862764.1_1709994_1710457
LOC112053476,NW_019863244.1,+,A5SS_short,1.17E-12,-0.276,131650,131968,NW_019863244.1_131650_131968
LOC112047072,NW_019862881.1,+,A5SS_short,0.00037387,0.057,434668,434941,NW_019862881.1_434668_434941
LOC112048699,NW_019862941.1,-,A5SS_short,0.035407399,-0.063,203452,203818,NW_019862941.1_203452_203818
LOC112044442,NW_019862809.1,+,A5SS_short,8.66E-10,-0.057,819790,820082,NW_019862809.1_819790_820082
LOC112044442,NW_019862809.1,+,A5SS_short,2.61E-11,-0.065,819790,820082,NW_019862809.1_819790_820082
LOC112044442,NW_019862809.1,+,A5SS_short,1.49E-11,-0.064,819790,820082,NW_019862809.1_819790_820082
LOC112044442,NW_019862809.1,+,A5SS_short,3.44E-11,-0.049,819790,820082,NW_019862809.1_819790_820082
LOC112044442,NW_019862809.1,+,A5SS_short,0.003578567,-0.591,819790,820082,NW_019862809.1_819790_820082
LOC112053895,NW_019863292.1,-,A5SS_short,6.45E-06,0.093,32545,32844,NW_019863292.1_32545_32844
LOC112043638,NW_019862793.1,-,A5SS_short,1.64E-11,-0.124,1212644,1212901,NW_019862793.1_1212644_1212901
LOC112057884,NW_019862768.1,+,A5SS_short,0,-0.807,1055336,1055798,NW_019862768.1_1055336_1055798
LOC112046139,NW_019862849.1,+,A5SS_short,0.008849216,0.414,752268,752613,NW_019862849.1_752268_752613
LOC112047010,NW_019862880.1,-,A5SS_short,0.021517454,-0.066,718004,718325,NW_019862880.1_718004_718325
LOC112047160,NW_019862883.1,-,A5SS_short,0.048803436,-0.27,452868,453186,NW_019862883.1_452868_453186
LOC112047188,NW_019862883.1,+,A5SS_short,0.00577627,0.051,915910,916328,NW_019862883.1_915910_916328
LOC112054323,NW_019863343.1,-,A5SS_short,0.034083885,-0.031,180082,180430,NW_019863343.1_180082_180430
LOC112055966,NW_019863669.1,-,A5SS_short,0.004336799,-0.122,43652,43993,NW_019863669.1_43652_43993
LOC112047795,NW_019862904.1,+,A5SS_short,3.36E-05,-0.344,311308,311630,NW_019862904.1_311308_311630
LOC112055815,NW_019863623.1,-,A5SS_short,0.02682025,-0.016,36316,36667,NW_019863623.1_36316_36667
LOC112052571,NW_019863159.1,-,A5SS_short,0.00516195,-0.062,46104,46374,NW_019863159.1_46104_46374
LOC112044923,NW_019862820.1,-,A5SS_short,0.002733509,0.247,925224,925551,NW_019862820.1_925224_925551
LOC112044923,NW_019862820.1,-,A5SS_short,0.002733509,0.247,925224,925551,NW_019862820.1_925224_925551
LOC112047065,NW_019862753.1,+,A5SS_short,0.000102085,0.039,1435792,1436082,NW_019862753.1_1435792_1436082
LOC112047055,NW_019862753.1,-,A5SS_short,5.70E-07,-0.069,1463905,1464243,NW_019862753.1_1463905_1464243
LOC112052674,NW_019862759.1,-,A5SS_short,0.000393841,0.081,565903,566296,NW_019862759.1_565903_566296
LOC112052365,NW_019862759.1,+,A5SS_short,0.021615998,0.046,1937433,1937831,NW_019862759.1_1937433_1937831
LOC112046876,NW_019862874.1,+,A5SS_short,0.003469856,0.179,447326,447742,NW_019862874.1_447326_447742
LOC112043773,NW_019862797.1,+,A5SS_short,5.51E-05,0.521,702682,703052,NW_019862797.1_702682_703052
LOC112055992,NW_019863677.1,+,A5SS_short,0.000168301,0.086,2787,3072,NW_019863677.1_2787_3072
LOC112043870,NW_019862799.1,-,A5SS_short,0.013286679,0.06,1167015,1167323,NW_019862799.1_1167015_1167323
LOC112056439,NW_019863821.1,-,A5SS_short,0.034256457,-0.049,20455,20811,NW_019863821.1_20455_20811
LOC112048290,NW_019862924.1,+,A5SS_short,1.28E-11,-0.281,371159,371582,NW_019862924.1_371159_371582
LOC112047663,NW_019862900.1,+,A5SS_short,0.000109503,0.141,597389,597666,NW_019862900.1_597389_597666
LOC112054485,NW_019863363.1,+,A5SS_short,0.001109532,0.551,70420,70653,NW_019863363.1_70420_70653
LOC112052026,NW_019863119.1,+,A5SS_short,4.57E-05,-0.048,253161,253457,NW_019863119.1_253161_253457
LOC112052026,NW_019863119.1,+,A5SS_short,3.11E-05,-0.063,253161,253457,NW_019863119.1_253161_253457
LOC112050069,NW_019863004.1,-,A5SS_short,0,0.033,134771,135014,NW_019863004.1_134771_135014
LOC112052421,NW_019863146.1,+,A5SS_short,0.002577839,-0.026,167671,167989,NW_019863146.1_167671_167989
LOC112057930,NW_019862769.1,-,A5SS_short,1.90E-05,0.025,402230,402573,NW_019862769.1_402230_402573
LOC112057930,NW_019862769.1,-,A5SS_short,1.33E-07,0.03,402230,402573,NW_019862769.1_402230_402573
LOC112057930,NW_019862769.1,-,A5SS_short,0.007381672,0.019,402230,402573,NW_019862769.1_402230_402573
LOC112043927,NW_019862800.1,-,A5SS_short,0,-0.379,563616,564179,NW_019862800.1_563616_564179
LOC112045549,NW_019862752.1,+,A5SS_short,0.000240314,0.047,706008,706337,NW_019862752.1_706008_706337
LOC112053358,NW_019863233.1,-,A5SS_short,1.70E-05,-0.074,10108,10425,NW_019863233.1_10108_10425
LOC112051454,NW_019863083.1,+,A5SS_short,6.27E-07,0.168,295971,296260,NW_019863083.1_295971_296260
LOC112051454,NW_019863083.1,+,A5SS_short,2.18E-06,0.156,295971,296260,NW_019863083.1_295971_296260
LOC112051454,NW_019863083.1,+,A5SS_short,2.18E-06,0.156,295971,296260,NW_019863083.1_295971_296260
LOC112051454,NW_019863083.1,+,A5SS_short,0.000460863,0.346,296024,296315,NW_019863083.1_296024_296315
LOC112051454,NW_019863083.1,+,A5SS_short,0.001092754,0.32,296024,296315,NW_019863083.1_296024_296315
LOC112051454,NW_019863083.1,+,A5SS_short,0.001113595,0.319,296024,296315,NW_019863083.1_296024_296315
LOC112048138,NW_019862918.1,+,A5SS_short,0.049168458,-0.087,441885,442199,NW_019862918.1_441885_442199
LOC112048179,NW_019862919.1,+,A5SS_short,0.003257025,-0.155,493651,493918,NW_019862919.1_493651_493918
LOC112049633,NW_019862756.1,+,A5SS_short,0.000145649,0.009,147664,147968,NW_019862756.1_147664_147968
LOC112044620,NW_019862813.1,+,A5SS_short,1.13E-08,-0.596,465041,465329,NW_019862813.1_465041_465329
LOC112046653,NW_019862865.1,+,A5SS_short,0.006624237,0.031,472047,472323,NW_019862865.1_472047_472323
LOC112044360,NW_019862807.1,+,A5SS_short,0.032057437,-0.048,293440,293696,NW_019862807.1_293440_293696
LOC112051684,NW_019863097.1,-,A5SS_short,0.001418748,0.032,216218,216495,NW_019863097.1_216218_216495
LOC112049151,NW_019862961.1,-,A5SS_short,0,-0.185,132228,132498,NW_019862961.1_132228_132498
LOC112052979,NW_019863193.1,+,A5SS_short,0.003723095,-0.05,56914,57603,NW_019863193.1_56914_57603
LOC112049145,NW_019862961.1,-,A5SS_short,0.001319029,-0.172,296462,296770,NW_019862961.1_296462_296770
LOC112049145,NW_019862961.1,-,A5SS_short,0.001109532,-0.172,296462,296770,NW_019862961.1_296462_296770
LOC112052136,NW_019863130.1,-,A5SS_short,2.98E-07,-0.202,154175,154761,NW_019863130.1_154175_154761
LOC112048612,NW_019862937.1,-,A5SS_short,3.64E-06,0.373,403314,403531,NW_019862937.1_403314_403531
LOC112044270,NW_019862806.1,-,A5SS_short,0.016501551,0.036,850861,851179,NW_019862806.1_850861_851179
LOC112046614,NW_019862863.1,+,A5SS_short,5.46E-09,0.104,823662,824055,NW_019862863.1_823662_824055
LOC112046614,NW_019862863.1,+,A5SS_short,3.28E-07,0.117,823663,824055,NW_019862863.1_823663_824055
LOC112046050,NW_019862846.1,-,A5SS_short,7.94E-06,-0.353,573785,574089,NW_019862846.1_573785_574089
LOC112050218,NW_019863013.1,+,A5SS_short,5.39E-11,-0.329,84294,84515,NW_019863013.1_84294_84515
LOC112044613,NW_019862813.1,-,A5SS_short,0.007221268,-0.062,44476,45039,NW_019862813.1_44476_45039
LOC112046477,NW_019862858.1,+,A5SS_short,1.28E-11,-0.209,644442,644996,NW_019862858.1_644442_644996
LOC112052708,NW_019863169.1,-,A5SS_short,4.76E-05,-0.221,196387,196683,NW_019863169.1_196387_196683
LOC112049995,NW_019863001.1,-,A5SS_short,0.015447273,-0.044,15278,15663,NW_019863001.1_15278_15663
LOC112046080,NW_019862847.1,+,A5SS_short,0.010119039,0.124,455700,455943,NW_019862847.1_455700_455943
LOC112047360,NW_019862890.1,-,A5SS_short,0.003060065,0.04,172939,173291,NW_019862890.1_172939_173291
LOC112047383,NW_019862890.1,+,A5SS_short,5.05E-08,0.222,226572,226884,NW_019862890.1_226572_226884
LOC112050024,NW_019863002.1,-,A5SS_short,0.006102289,0.042,355962,356171,NW_019863002.1_355962_356171
LOC112045682,NW_019862838.1,+,A5SS_short,0.040178157,0.437,205558,205878,NW_019862838.1_205558_205878
LOC112055835,NW_019863631.1,-,A5SS_short,8.45E-09,0.091,71428,71693,NW_019863631.1_71428_71693
LOC112054240,NW_019863331.1,+,A5SS_short,0.009557099,-0.408,152418,152791,NW_019863331.1_152418_152791
LOC112045646,NW_019862837.1,+,A5SS_short,0.001961115,0.191,278968,279307,NW_019862837.1_278968_279307
LOC112045634,NW_019862837.1,+,A5SS_short,0.003534369,0.56,619699,620107,NW_019862837.1_619699_620107
LOC112045665,NW_019862837.1,-,A5SS_short,7.17E-10,0.529,888073,888474,NW_019862837.1_888073_888474
LOC112055964,NW_019863667.1,-,A5SS_short,0.00013652,0.018,41607,41987,NW_019863667.1_41607_41987
LOC112055964,NW_019863667.1,-,A5SS_short,0.00013652,0.018,41607,41987,NW_019863667.1_41607_41987
LOC112049790,NW_019862991.1,-,RI,0.046386697,0.333,33866,34321,NW_019862991.1_33866_34321
LOC112051245,NW_019863070.1,-,RI,0.001300237,0.251,11179,12438,NW_019863070.1_11179_12438
LOC112053265,NW_019862759.1,-,RI,2.71E-05,0.281,2442179,2446933,NW_019862759.1_2442179_2446933
LOC112055624,NW_019863566.1,+,RI,4.86E-08,-0.275,47998,48564,NW_019863566.1_47998_48564
LOC112057890,NW_019862768.1,+,RI,0.001999429,-0.114,1239622,1240636,NW_019862768.1_1239622_1240636
LOC112046869,NW_019862874.1,+,RI,1.31E-06,-0.16,97728,98128,NW_019862874.1_97728_98128
LOC112043773,NW_019862797.1,+,RI,0.043640173,-0.106,704800,706397,NW_019862797.1_704800_706397
LOC112051364,NW_019863078.1,+,RI,3.06E-08,0.343,141233,148282,NW_019863078.1_141233_148282
LOC112044438,NW_019862809.1,-,RI,0.000453728,0.127,319640,320242,NW_019862809.1_319640_320242
LOC112052205,NW_019863133.1,-,RI,0.014310508,0.008,130252,130928,NW_019863133.1_130252_130928
LOC112043469,NW_019862791.1,+,RI,0.002432742,0.037,306381,307067,NW_019862791.1_306381_307067
LOC112050905,NW_019863050.1,+,RI,0.000354293,0.061,331097,331665,NW_019863050.1_331097_331665
LOC112051865,NW_019863108.1,-,RI,0.005121908,0.028,225196,225748,NW_019863108.1_225196_225748
LOC112043609,NW_019862793.1,+,RI,0.014482317,0.093,198728,199323,NW_019862793.1_198728_199323
LOC112048778,NW_019862945.1,-,RI,3.48E-05,0.059,337049,337551,NW_019862945.1_337049_337551
LOC112048468,NW_019862932.1,+,RI,0.00546419,0.02,159390,159839,NW_019862932.1_159390_159839
LOC112046932,NW_019862877.1,+,RI,0.006069697,-0.359,408480,409018,NW_019862877.1_408480_409018
LOC112043576,NW_019862792.1,-,RI,0.003574788,0.037,1071807,1072462,NW_019862792.1_1071807_1072462
LOC112048194,NW_019862920.1,+,RI,0,-0.587,586522,587073,NW_019862920.1_586522_587073
LOC112048194,NW_019862920.1,+,RI,1.95E-06,-0.055,590060,590747,NW_019862920.1_590060_590747
LOC112048194,NW_019862920.1,+,RI,0,-0.446,590353,590911,NW_019862920.1_590353_590911
LOC112054834,NW_019863423.1,+,RI,9.36E-12,-0.427,30399,31016,NW_019863423.1_30399_31016
LOC112054834,NW_019863423.1,+,RI,6.28E-10,-0.131,30390,31016,NW_019863423.1_30390_31016
LOC112049294,NW_019862967.1,+,RI,0.045456531,0.041,373087,373622,NW_019862967.1_373087_373622
LOC112057670,NW_019862765.1,-,RI,0.001121849,-0.043,879171,879801,NW_019862765.1_879171_879801
LOC112043653,NW_019862794.1,+,RI,0.002648322,0.056,1136784,1137364,NW_019862794.1_1136784_1137364
LOC112051118,NW_019862757.1,-,RI,1.17E-05,0.235,1541673,1542279,NW_019862757.1_1541673_1542279
LOC112051200,NW_019863068.1,-,RI,0.001350682,-0.116,165979,166599,NW_019863068.1_165979_166599
LOC112043066,NW_019862749.1,-,RI,0.028444915,0.015,2745183,2745862,NW_019862749.1_2745183_2745862
LOC112056241,NW_019863744.1,-,RI,0,-0.223,9297,9877,NW_019863744.1_9297_9877
LOC112056241,NW_019863744.1,-,RI,2.18E-14,-0.301,10789,11485,NW_019863744.1_10789_11485
LOC112056241,NW_019863744.1,-,RI,0,-0.251,17850,18381,NW_019863744.1_17850_18381
LOC112056241,NW_019863744.1,-,RI,0,-0.251,18054,18628,NW_019863744.1_18054_18628
LOC112058008,NW_019862770.1,+,RI,0.000218609,-0.031,1631816,1632474,NW_019862770.1_1631816_1632474
LOC112055212,NW_019863479.1,-,RI,0.015791692,-0.073,144014,144563,NW_019863479.1_144014_144563
LOC112044496,NW_019862810.1,-,RI,0.045456531,0.12,847336,847807,NW_019862810.1_847336_847807
LOC112055597,NW_019862762.1,-,RI,0.002753603,-0.053,1065878,1066337,NW_019862762.1_1065878_1066337
LOC112047743,NW_019862903.1,-,RI,0.00146924,-0.329,404255,404923,NW_019862903.1_404255_404923
LOC112050417,NW_019862756.1,+,RI,4.14E-06,0.185,1853458,1854104,NW_019862756.1_1853458_1854104
LOC112054363,NW_019863351.1,-,RI,0.017943499,-0.212,136029,136727,NW_019863351.1_136029_136727
LOC112053366,NW_019863233.1,-,RI,0.024567081,0.041,164256,164720,NW_019863233.1_164256_164720
LOC112044703,NW_019862751.1,+,RI,0,0.251,1009448,1010136,NW_019862751.1_1009448_1010136
LOC112051166,NW_019863067.1,+,RI,8.78E-05,-0.398,240647,241112,NW_019863067.1_240647_241112
LOC112048171,NW_019862754.1,+,RI,0.002928287,-0.285,2058415,2058927,NW_019862754.1_2058415_2058927
LOC112043857,NW_019862799.1,-,RI,0.00218233,0.025,938615,939161,NW_019862799.1_938615_939161
LOC112044497,NW_019862810.1,+,RI,0.003574788,0.053,1055785,1056361,NW_019862810.1_1055785_1056361
LOC112046473,NW_019862858.1,-,RI,0.045636989,-0.095,826102,826617,NW_019862858.1_826102_826617
LOC112046473,NW_019862858.1,-,RI,0.002285668,-0.102,826314,827011,NW_019862858.1_826314_827011
LOC112046473,NW_019862858.1,-,RI,0.000235241,-0.08,827349,828041,NW_019862858.1_827349_828041
LOC112050746,NW_019863040.1,-,RI,3.24E-08,0.017,31748,32385,NW_019863040.1_31748_32385
LOC112050746,NW_019863040.1,-,RI,8.85E-12,0.686,31748,32385,NW_019863040.1_31748_32385
LOC112055058,NW_019863453.1,+,RI,0,-0.119,55927,56604,NW_019863453.1_55927_56604
LOC112051763,NW_019863101.1,-,RI,0.000149436,0.188,219622,220111,NW_019863101.1_219622_220111
LOC112050499,NW_019863026.1,+,RI,4.56E-06,0.157,300177,300749,NW_019863026.1_300177_300749
LOC112051208,NW_019863068.1,+,RI,0.003713169,-0.011,217083,217537,NW_019863068.1_217083_217537
LOC112046887,NW_019862874.1,-,RI,0.000244025,-0.224,20845,21366,NW_019862874.1_20845_21366
LOC112047356,NW_019862890.1,+,RI,0.006600432,0.067,324429,325032,NW_019862890.1_324429_325032
LOC112043853,NW_019862799.1,-,RI,0.000844817,0.126,845182,845666,NW_019862799.1_845182_845666
LOC112043428,NW_019862790.1,+,RI,8.78E-05,0.218,660978,661422,NW_019862790.1_660978_661422
LOC112047807,NW_019862904.1,-,RI,0.018987154,0.05,1294783,1295295,NW_019862904.1_1294783_1295295
LOC112044076,NW_019862803.1,-,RI,4.14E-06,-0.078,44758,45367,NW_019862803.1_44758_45367
LOC112058550,NW_019862778.1,-,RI,7.03E-06,0.067,1102868,1103464,NW_019862778.1_1102868_1103464
LOC112043309,NW_019862788.1,+,RI,0.004420528,-0.016,683069,683668,NW_019862788.1_683069_683668
LOC112047303,NW_019862887.1,+,RI,0.027125413,-0.011,461678,462164,NW_019862887.1_461678_462164
LOC112054138,NW_019863323.1,+,RI,0.000161839,0.529,161398,162007,NW_019863323.1_161398_162007
LOC112052404,NW_019863145.1,+,RI,0,-0.269,100585,100990,NW_019863145.1_100585_100990
LOC112043308,NW_019862788.1,+,RI,0.007717784,0.008,669762,670187,NW_019862788.1_669762_670187
LOC112046723,NW_019862869.1,+,RI,0.000491741,0.051,107298,107941,NW_019862869.1_107298_107941
LOC112046137,NW_019862848.1,-,RI,0.003957509,0.054,255721,256220,NW_019862848.1_255721_256220
LOC112049587,NW_019862980.1,-,RI,0.00218233,0.065,63431,64060,NW_019862980.1_63431_64060
LOC112049842,NW_019862994.1,+,RI,0.000532692,0.113,99037,99493,NW_019862994.1_99037_99493
LOC112047434,NW_019862893.1,-,RI,0,-0.311,384770,385306,NW_019862893.1_384770_385306
LOC112043549,NW_019862792.1,-,RI,0.000873606,0.162,342394,342981,NW_019862792.1_342394_342981
LOC112048012,NW_019862912.1,+,RI,0.015436438,-0.25,102062,102556,NW_019862912.1_102062_102556
LOC112049987,NW_019863001.1,+,RI,0.003162329,-0.055,85209,85587,NW_019863001.1_85209_85587
LOC112049987,NW_019863001.1,+,RI,0.024185419,0.021,96141,96649,NW_019863001.1_96141_96649
LOC112056730,NW_019863959.1,+,RI,0.006600432,0.022,37373,37909,NW_019863959.1_37373_37909
LOC112043167,NW_019862786.1,+,RI,0.016522669,0.205,1248464,1249073,NW_019862786.1_1248464_1249073
LOC112043167,NW_019862786.1,+,RI,0.00187276,-0.024,1248705,1249273,NW_019862786.1_1248705_1249273
LOC112044361,NW_019862807.1,-,RI,6.67E-06,0.016,301255,301953,NW_019862807.1_301255_301953
LOC112055491,NW_019862748.1,+,RI,0,-0.132,466909,467511,NW_019862748.1_466909_467511
LOC112053074,NW_019863202.1,+,RI,2.82E-05,-0.049,212710,213330,NW_019863202.1_212710_213330
LOC112046298,NW_019862752.1,-,RI,2.46E-06,-0.637,2666514,2667193,NW_019862752.1_2666514_2667193
LOC112043670,NW_019862794.1,+,RI,0.003618713,0.02,1189386,1189909,NW_019862794.1_1189386_1189909
LOC112048440,NW_019862930.1,-,RI,0.018603281,0.186,407094,407780,NW_019862930.1_407094_407780
LOC112048440,NW_019862930.1,-,RI,0.016927182,0.197,407094,407780,NW_019862930.1_407094_407780
LOC112045662,NW_019862837.1,-,RI,1.19E-09,0.188,35454,36033,NW_019862837.1_35454_36033
LOC112049893,NW_019862996.1,-,RI,1.81E-12,-0.068,423239,423765,NW_019862996.1_423239_423765
LOC112043285,NW_019862788.1,+,RI,0.000132026,0.063,169426,169995,NW_019862788.1_169426_169995
LOC112055523,NW_019863545.1,-,RI,0.004073776,-0.432,37333,37953,NW_019863545.1_37333_37953
LOC112053642,NW_019863264.1,+,RI,0.014112498,0.07,182813,183473,NW_019863264.1_182813_183473
LOC112047772,NW_019862904.1,-,RI,0.030310893,0.021,991937,992505,NW_019862904.1_991937_992505
LOC112056457,NW_019863828.1,-,RI,0.000702628,-0.021,31282,31949,NW_019863828.1_31282_31949
LOC112056457,NW_019863828.1,-,RI,5.93E-06,-0.055,31282,31949,NW_019863828.1_31282_31949
LOC112056457,NW_019863828.1,-,RI,1.19E-09,0.238,31282,31949,NW_019863828.1_31282_31949
LOC112048504,NW_019862933.1,-,RI,0.003769454,0.036,145076,145733,NW_019862933.1_145076_145733
LOC112054925,NW_019863433.1,-,RI,0.024567081,0.021,149409,150080,NW_019863433.1_149409_150080
LOC112046441,NW_019862857.1,+,RI,0.039166215,-0.014,288463,289071,NW_019862857.1_288463_289071
LOC112053024,NW_019863197.1,+,RI,0.00031016,0.438,124110,124802,NW_019863197.1_124110_124802
LOC112046249,NW_019862852.1,-,RI,0.000567437,-0.138,848617,849266,NW_019862852.1_848617_849266
LOC112046504,NW_019862859.1,-,RI,1.77E-09,0.011,674152,674847,NW_019862859.1_674152_674847
LOC112045809,NW_019862841.1,+,RI,0.008690622,0.151,809737,810345,NW_019862841.1_809737_810345
LOC112058277,NW_019862773.1,-,RI,7.19E-07,-0.423,800031,800521,NW_019862773.1_800031_800521
LOC112046885,NW_019862874.1,-,RI,1.95E-07,0.029,510102,510668,NW_019862874.1_510102_510668
LOC112057756,NW_019862766.1,-,RI,0.006600432,-0.337,160682,161238,NW_019862766.1_160682_161238
LOC112057756,NW_019862766.1,-,RI,0.018987154,-0.027,160507,161190,NW_019862766.1_160507_161190
LOC112053958,NW_019863299.1,+,RI,3.35E-05,0.224,136704,137385,NW_019863299.1_136704_137385
LOC112056355,NW_019863786.1,+,RI,0.003713169,0.256,31698,32289,NW_019863786.1_31698_32289
LOC112043675,NW_019862794.1,-,RI,0.000218609,0.023,1288947,1289517,NW_019862794.1_1288947_1289517
LOC112048533,NW_019862934.1,-,RI,0.000224742,-0.619,179735,180270,NW_019862934.1_179735_180270
LOC112048533,NW_019862934.1,-,RI,1.60E-09,-0.734,180004,180441,NW_019862934.1_180004_180441
LOC112047476,NW_019862894.1,-,RI,0.02006748,-0.084,1109002,1109677,NW_019862894.1_1109002_1109677
LOC112057766,NW_019862766.1,+,RI,0.000825841,0.086,317931,318551,NW_019862766.1_317931_318551
LOC112048027,NW_019862913.1,-,RI,6.96E-05,-0.481,608774,609387,NW_019862913.1_608774_609387
LOC112057417,NW_019865369.1,-,RI,0.004140238,0.161,1655,2250,NW_019865369.1_1655_2250
LOC112045976,NW_019862845.1,+,RI,0.0022387,-0.19,172925,173485,NW_019862845.1_172925_173485
LOC112055759,NW_019863602.1,-,RI,7.07E-05,-0.329,7715,8300,NW_019863602.1_7715_8300
LOC112050166,NW_019863009.1,-,RI,0.017695551,-0.155,166012,166516,NW_019863009.1_166012_166516
LOC112057757,NW_019862766.1,+,RI,0.001167945,-0.078,165443,166067,NW_019862766.1_165443_166067
LOC112052747,NW_019862759.1,-,RI,0.026018841,0.021,621796,622425,NW_019862759.1_621796_622425
LOC112043638,NW_019862793.1,-,RI,0,0.786,1212479,1212901,NW_019862793.1_1212479_1212901
LOC112047007,NW_019862880.1,+,RI,0.000113523,0.066,161005,161699,NW_019862880.1_161005_161699
LOC112054355,NW_019863349.1,+,RI,0.039166215,-0.046,146889,147335,NW_019863349.1_146889_147335
LOC112051501,NW_019863086.1,-,RI,2.43E-09,0.259,251954,252599,NW_019863086.1_251954_252599
LOC112051234,NW_019862757.1,-,RI,0.041239332,-0.204,2167893,2168530,NW_019862757.1_2167893_2168530
LOC112050426,NW_019863022.1,-,RI,0.030036984,0.028,241651,242314,NW_019863022.1_241651_242314
LOC112052396,NW_019863145.1,-,RI,0.039166215,-0.172,117120,117752,NW_019863145.1_117120_117752
LOC112047796,NW_019862904.1,-,RI,0.000681729,0.079,1302048,1302693,NW_019862904.1_1302048_1302693
LOC112047793,NW_019862904.1,-,RI,7.92E-09,-0.106,1353363,1353908,NW_019862904.1_1353363_1353908
LOC112047793,NW_019862904.1,-,RI,0.004830197,-0.449,1353363,1353908,NW_019862904.1_1353363_1353908
LOC112055436,NW_019863523.1,-,RI,0.000583741,-0.544,11952,12593,NW_019863523.1_11952_12593
LOC112047257,NW_019862886.1,-,RI,0.023568691,-0.017,151206,151727,NW_019862886.1_151206_151727
LOC112056026,NW_019863687.1,+,RI,1.62E-05,-0.299,54866,55445,NW_019863687.1_54866_55445
LOC112052571,NW_019863159.1,-,RI,0.002646887,0.063,45747,46374,NW_019863159.1_45747_46374
LOC112044923,NW_019862820.1,-,RI,2.33E-05,-0.055,924885,925551,NW_019862820.1_924885_925551
LOC112048221,NW_019862921.1,+,RI,0,-0.89,362551,363150,NW_019862921.1_362551_363150
LOC112046094,NW_019862752.1,-,RI,0.001263141,0.252,1893935,1894543,NW_019862752.1_1893935_1894543
LOC112050138,NW_019863008.1,-,RI,0,0.459,103727,104362,NW_019863008.1_103727_104362
LOC112054769,NW_019863408.1,+,RI,1.90E-05,-0.079,48968,49976,NW_019863408.1_48968_49976
LOC112058541,NW_019862778.1,+,RI,0.018948157,0.125,1039474,1040044,NW_019862778.1_1039474_1040044
LOC112058541,NW_019862778.1,+,RI,0.000181924,0.149,1039729,1040361,NW_019862778.1_1039729_1040361
LOC112052630,NW_019862759.1,+,RI,2.34E-09,0.214,462554,463122,NW_019862759.1_462554_463122
LOC112054936,NW_019863435.1,-,RI,0.003051183,0.045,91410,91908,NW_019863435.1_91410_91908
LOC112044495,NW_019862810.1,-,RI,0.001300237,0.105,829256,829931,NW_019862810.1_829256_829931
LOC112049701,NW_019862756.1,-,RI,1.10E-06,-0.24,202854,203545,NW_019862756.1_202854_203545
LOC112045537,NW_019862835.1,-,RI,0.00031016,0.077,96507,97175,NW_019862835.1_96507_97175
LOC112046228,NW_019862850.1,+,RI,0.000405569,-0.069,554619,555170,NW_019862850.1_554619_555170
LOC112054485,NW_019863363.1,+,RI,0.012743071,0.619,70420,71069,NW_019863363.1_70420_71069
LOC112049641,NW_019862982.1,-,RI,0.000371679,0.165,12604,12984,NW_019862982.1_12604_12984
LOC112053740,NW_019863277.1,+,RI,0.018058583,0.236,89288,89873,NW_019863277.1_89288_89873
LOC112053358,NW_019863233.1,-,RI,0.019275496,0.048,7426,7867,NW_019863233.1_7426_7867
LOC112053358,NW_019863233.1,-,RI,0.00016704,0.414,9790,10425,NW_019863233.1_9790_10425
LOC112051462,NW_019863083.1,-,RI,0.010252919,0.056,302801,303477,NW_019863083.1_302801_303477
LOC112051453,NW_019863083.1,-,RI,1.31E-06,-0.023,355845,356313,NW_019863083.1_355845_356313
LOC112045865,NW_019862842.1,+,RI,0.000724589,-0.046,216919,217581,NW_019862842.1_216919_217581
LOC112049719,NW_019862756.1,+,RI,0,0.272,220600,221283,NW_019862756.1_220600_221283
LOC112058281,NW_019862773.1,-,RI,1.19E-09,-0.492,929051,929728,NW_019862773.1_929051_929728
LOC112050423,NW_019863022.1,-,RI,0.000545711,-0.018,316373,316890,NW_019863022.1_316373_316890
LOC112047544,NW_019862753.1,-,RI,0.001077173,0.536,335276,335736,NW_019862753.1_335276_335736
LOC112047997,NW_019862911.1,-,RI,0.001088089,0.069,448083,448624,NW_019862911.1_448083_448624
LOC112043875,NW_019862799.1,+,RI,0.001929468,0.143,835111,835546,NW_019862799.1_835111_835546
LOC112043875,NW_019862799.1,+,RI,0.028847419,0.012,835106,835546,NW_019862799.1_835106_835546
LOC112050218,NW_019863013.1,+,RI,8.78E-05,0.188,83917,84515,NW_019863013.1_83917_84515
LOC112046734,NW_019862869.1,-,RI,0.012920184,0.006,400223,400898,NW_019862869.1_400223_400898
LOC112047689,NW_019862901.1,-,RI,0.000724589,0.062,380740,381408,NW_019862901.1_380740_381408
LOC112051564,NW_019863089.1,+,RI,5.97E-13,0.143,345873,346479,NW_019863089.1_345873_346479
LOC112048227,NW_019862921.1,-,RI,0.009763243,0.018,477017,477515,NW_019862921.1_477017_477515
LOC112049983,NW_019863001.1,+,RI,0,-0.062,350753,351250,NW_019863001.1_350753_351250
LOC112054527,NW_019862761.1,+,RI,0,-0.15,1232855,1233515,NW_019862761.1_1232855_1233515
LOC112054488,NW_019862761.1,-,RI,0.026018841,-0.058,1196173,1196809,NW_019862761.1_1196173_1196809
LOC112051697,NW_019863098.1,+,RI,0.026838141,0.035,197220,197707,NW_019863098.1_197220_197707
LOC112053324,NW_019863229.1,-,RI,0.033890922,0.015,64411,65056,NW_019863229.1_64411_65056
LOC112046879,NW_019862874.1,-,RI,0.012936073,0.039,173949,174643,NW_019862874.1_173949_174643
LOC112056660,NW_019863932.1,+,RI,4.06E-07,-0.072,11000,11530,NW_019863932.1_11000_11530
LOC112056660,NW_019863932.1,+,RI,0.008484814,-0.037,11000,11565,NW_019863932.1_11000_11565
LOC112051551,NW_019863089.1,+,RI,0.036524242,0.06,106647,107295,NW_019863089.1_106647_107295
LOC112051562,NW_019863089.1,+,RI,0.007336,0.341,185918,186480,NW_019863089.1_185918_186480
