GeneID,chr,strand,SplicingType,FDR,delta_PSI,start,end,SID
LOC112051326,NW_019863075.1,-,SE,0.048122295,-0.03,77003,77320,NW_019863075.1_77003_77320
LOC112050976,NW_019863054.1,-,SE,3.20E-08,0.062,55060,55308,NW_019863054.1_55060_55308
LOC112050976,NW_019863054.1,-,SE,0.006528792,0.242,56017,56238,NW_019863054.1_56017_56238
LOC112050976,NW_019863054.1,-,SE,0,-0.462,58002,58235,NW_019863054.1_58002_58235
LOC112050976,NW_019863054.1,-,SE,0,-0.211,58002,58235,NW_019863054.1_58002_58235
LOC112050976,NW_019863054.1,-,SE,6.16E-07,-0.126,58002,58265,NW_019863054.1_58002_58265
LOC112050976,NW_019863054.1,-,SE,1.23E-08,-0.038,58002,58265,NW_019863054.1_58002_58265
LOC112044451,NW_019862809.1,+,SE,7.20E-06,0.088,972800,973083,NW_019862809.1_972800_973083
LOC112056812,NW_019863996.1,+,SE,2.52E-06,0.385,6923,7159,NW_019863996.1_6923_7159
LOC112049178,NW_019862962.1,-,SE,0,-0.287,194916,195170,NW_019862962.1_194916_195170
LOC112043486,NW_019862791.1,-,SE,1.39E-05,-0.531,1196961,1197230,NW_019862791.1_1196961_1197230
LOC112043469,NW_019862791.1,+,SE,0.03864867,0.039,306384,306747,NW_019862791.1_306384_306747
LOC112050844,NW_019863046.1,-,SE,0,-0.148,102519,102797,NW_019863046.1_102519_102797
LOC112054984,NW_019863443.1,+,SE,0.016095127,0.029,104413,104658,NW_019863443.1_104413_104658
LOC112054984,NW_019863443.1,+,SE,1.39E-10,-0.159,110869,111177,NW_019863443.1_110869_111177
LOC112054984,NW_019863443.1,+,SE,0,0.178,111542,111847,NW_019863443.1_111542_111847
LOC112051285,NW_019863072.1,+,SE,0.002131539,-0.018,191663,191950,NW_019863072.1_191663_191950
LOC112051133,NW_019863064.1,-,SE,0.002222878,0.314,318541,318885,NW_019863064.1_318541_318885
LOC112051127,NW_019863064.1,-,SE,1.21E-06,0.158,312224,312604,NW_019863064.1_312224_312604
LOC112051127,NW_019863064.1,-,SE,1.23E-06,0.159,312224,312615,NW_019863064.1_312224_312615
LOC112051127,NW_019863064.1,-,SE,1.35E-06,0.156,312224,312622,NW_019863064.1_312224_312622
LOC112043624,NW_019862793.1,+,SE,0.006275899,0.107,1086064,1086362,NW_019862793.1_1086064_1086362
LOC112043606,NW_019862793.1,-,SE,1.33E-06,-0.291,89271,89642,NW_019862793.1_89271_89642
LOC112043605,NW_019862793.1,+,SE,4.49E-13,0.201,72653,72943,NW_019862793.1_72653_72943
LOC112048804,NW_019862945.1,+,SE,0.015751959,0.041,504198,504473,NW_019862945.1_504198_504473
LOC112051279,NW_019863071.1,-,SE,4.36E-06,0.056,177081,177376,NW_019863071.1_177081_177376
LOC112053753,NW_019863278.1,+,SE,3.32E-05,0.048,114739,115020,NW_019863278.1_114739_115020
LOC112052131,NW_019863129.1,-,SE,0.004623565,-0.05,205492,205719,NW_019863129.1_205492_205719
LOC112052131,NW_019863129.1,-,SE,0.003961703,-0.072,212470,212745,NW_019863129.1_212470_212745
LOC112045392,NW_019862831.1,+,SE,0.002767054,-0.1,664228,664610,NW_019862831.1_664228_664610
LOC112049271,NW_019862966.1,+,SE,0.024101588,-0.089,256816,257093,NW_019862966.1_256816_257093
LOC112051879,NW_019863109.1,-,SE,0,0.333,261884,262135,NW_019863109.1_261884_262135
LOC112051879,NW_019863109.1,-,SE,0.010559856,-0.034,273788,274135,NW_019863109.1_273788_274135
LOC112057302,NW_019864796.1,+,SE,0.002509587,0.248,953,1341,NW_019864796.1_953_1341
LOC112053613,NW_019863261.1,+,SE,0,-0.431,196852,197436,NW_019863261.1_196852_197436
LOC112051215,NW_019863068.1,-,SE,9.49E-09,-0.111,214952,215307,NW_019863068.1_214952_215307
LOC112048194,NW_019862920.1,+,SE,0.000296343,-0.172,586667,587074,NW_019862920.1_586667_587074
LOC112048194,NW_019862920.1,+,SE,2.39E-08,-0.325,586667,587074,NW_019862920.1_586667_587074
LOC112048194,NW_019862920.1,+,SE,1.32E-06,-0.508,587385,589589,NW_019862920.1_587385_589589
LOC112050193,NW_019862748.1,+,SE,0.001468853,0.069,329003,329389,NW_019862748.1_329003_329389
LOC112053903,NW_019862760.1,-,SE,0.000140337,0.308,1778855,1780225,NW_019862760.1_1778855_1780225
LOC112043601,NW_019862793.1,+,SE,9.54E-06,-0.179,1193710,1194106,NW_019862793.1_1193710_1194106
LOC112050059,NW_019863003.1,-,SE,1.61E-10,-0.231,102124,102525,NW_019863003.1_102124_102525
LOC112051862,NW_019862748.1,-,SE,0.000870508,0.033,385522,385890,NW_019862748.1_385522_385890
LOC112046339,NW_019862855.1,-,SE,0,-0.073,669691,670012,NW_019862855.1_669691_670012
LOC112046339,NW_019862855.1,-,SE,0,-0.103,669691,670015,NW_019862855.1_669691_670015
LOC112051433,NW_019863082.1,+,SE,0.000430549,-0.045,349195,349490,NW_019863082.1_349195_349490
LOC112055140,NW_019863466.1,+,SE,0.047557679,-0.038,124957,125214,NW_019863466.1_124957_125214
LOC112043976,NW_019862750.1,-,SE,0,-0.524,2036804,2037130,NW_019862750.1_2036804_2037130
LOC112043976,NW_019862750.1,-,SE,0,-0.531,2036819,2037130,NW_019862750.1_2036819_2037130
LOC112043976,NW_019862750.1,-,SE,0,-0.558,2036831,2037130,NW_019862750.1_2036831_2037130
LOC112058428,NW_019862776.1,-,SE,3.29E-11,-0.306,1072468,1072698,NW_019862776.1_1072468_1072698
LOC112058428,NW_019862776.1,-,SE,0.038312109,-0.05,1076732,1077049,NW_019862776.1_1076732_1077049
LOC112058428,NW_019862776.1,-,SE,2.38E-05,-0.053,1076732,1077049,NW_019862776.1_1076732_1077049
LOC112058428,NW_019862776.1,-,SE,0.007900445,-0.064,1076741,1077049,NW_019862776.1_1076741_1077049
LOC112058428,NW_019862776.1,-,SE,1.88E-05,-0.055,1076741,1077049,NW_019862776.1_1076741_1077049
LOC112046720,NW_019862748.1,+,SE,0.023364156,0.089,1902478,1902753,NW_019862748.1_1902478_1902753
LOC112047276,NW_019862886.1,+,SE,0.00032724,-0.311,559943,560172,NW_019862886.1_559943_560172
LOC112046466,NW_019862858.1,+,SE,1.27E-09,0.238,691635,691922,NW_019862858.1_691635_691922
LOC112053531,NW_019863250.1,+,SE,0.00081483,-0.371,168337,168741,NW_019863250.1_168337_168741
LOC112046832,NW_019862872.1,+,SE,0,0.75,395048,395422,NW_019862872.1_395048_395422
LOC112049108,NW_019862958.1,+,SE,2.11E-05,0.12,522927,523189,NW_019862958.1_522927_523189
LOC112054660,NW_019863391.1,-,SE,0.00060709,0.526,184703,184939,NW_019863391.1_184703_184939
LOC112051118,NW_019862757.1,-,SE,0,0.746,1541784,1542041,NW_019862757.1_1541784_1542041
LOC112051020,NW_019863057.1,-,SE,0.015034856,-0.308,141037,141289,NW_019863057.1_141037_141289
LOC112048693,NW_019862748.1,-,SE,0.000176483,0.084,2728521,2728820,NW_019862748.1_2728521_2728820
LOC112048437,NW_019862930.1,-,SE,2.11E-05,-0.096,404421,404659,NW_019862930.1_404421_404659
LOC112051535,NW_019863088.1,+,SE,2.09E-08,-0.138,360374,361283,NW_019863088.1_360374_361283
LOC112052394,NW_019863145.1,+,SE,0.00507218,-0.045,15070,15372,NW_019863145.1_15070_15372
LOC112058377,NW_019862775.1,-,SE,7.49E-11,-0.071,1671328,1671623,NW_019862775.1_1671328_1671623
LOC112058377,NW_019862775.1,-,SE,0.018589816,0.021,1673071,1673366,NW_019862775.1_1673071_1673366
LOC112058377,NW_019862775.1,-,SE,0.01880867,0.019,1682479,1682760,NW_019862775.1_1682479_1682760
LOC112042922,NW_019862782.1,+,SE,0.030342846,0.084,312611,312877,NW_019862782.1_312611_312877
LOC112058145,NW_019862749.1,+,SE,0.000710882,0.079,354642,354892,NW_019862749.1_354642_354892
LOC112044288,NW_019862806.1,+,SE,9.52E-07,0.06,536320,537334,NW_019862806.1_536320_537334
LOC112052388,NW_019863145.1,-,SE,0,-0.853,22725,23018,NW_019863145.1_22725_23018
LOC112045305,NW_019862828.1,+,SE,0.000137469,-0.071,718383,718667,NW_019862828.1_718383_718667
LOC112045305,NW_019862828.1,+,SE,0,-0.634,795846,796079,NW_019862828.1_795846_796079
LOC112045305,NW_019862828.1,+,SE,9.72E-12,0.063,798024,798299,NW_019862828.1_798024_798299
LOC112045305,NW_019862828.1,+,SE,2.90E-06,0.038,798024,798299,NW_019862828.1_798024_798299
LOC112045305,NW_019862828.1,+,SE,0,0.547,808765,809102,NW_019862828.1_808765_809102
LOC112045305,NW_019862828.1,+,SE,0,-0.316,809483,809895,NW_019862828.1_809483_809895
LOC112045305,NW_019862828.1,+,SE,0.000140064,-0.14,811571,811840,NW_019862828.1_811571_811840
LOC112045305,NW_019862828.1,+,SE,0,-0.842,811571,811840,NW_019862828.1_811571_811840
LOC112045305,NW_019862828.1,+,SE,1.35E-06,-0.59,812137,812691,NW_019862828.1_812137_812691
LOC112045305,NW_019862828.1,+,SE,0,0.126,813181,813465,NW_019862828.1_813181_813465
LOC112058008,NW_019862770.1,+,SE,0.005023272,0.015,1631797,1632041,NW_019862770.1_1631797_1632041
LOC112043184,NW_019862787.1,+,SE,0.010935929,0.107,250820,251059,NW_019862787.1_250820_251059
LOC112057974,NW_019862770.1,+,SE,9.46E-13,-0.048,618132,618527,NW_019862770.1_618132_618527
LOC112056076,NW_019862763.1,+,SE,0.016912298,-0.026,198046,198411,NW_019862763.1_198046_198411
LOC112044496,NW_019862810.1,-,SE,0.031934384,0.097,847541,847807,NW_019862810.1_847541_847807
LOC112054218,NW_019862748.1,-,SE,2.30E-09,0.168,4573436,4573750,NW_019862748.1_4573436_4573750
LOC112052043,NW_019863120.1,-,SE,0,0.112,91268,91948,NW_019863120.1_91268_91948
LOC112050343,NW_019863018.1,+,SE,0.000967237,-0.026,271972,272286,NW_019863018.1_271972_272286
LOC112050343,NW_019863018.1,+,SE,0.033218944,0.152,275888,276148,NW_019863018.1_275888_276148
LOC112050343,NW_019863018.1,+,SE,3.24E-12,0.209,290108,290473,NW_019863018.1_290108_290473
LOC112055740,NW_019862762.1,-,SE,4.94E-12,-0.191,1937200,1937427,NW_019862762.1_1937200_1937427
LOC112042853,NW_019862780.1,+,SE,3.86E-08,0.056,763902,764191,NW_019862780.1_763902_764191
LOC112055035,NW_019863450.1,-,SE,3.91E-11,-0.166,56734,57519,NW_019863450.1_56734_57519
LOC112055429,NW_019862762.1,-,SE,0.000101168,0.167,336280,336608,NW_019862762.1_336280_336608
LOC112048640,NW_019862938.1,-,SE,8.26E-05,-0.059,151637,151951,NW_019862938.1_151637_151951
LOC112048640,NW_019862938.1,-,SE,0.007319587,-0.023,153236,153550,NW_019862938.1_153236_153550
LOC112055306,NW_019862762.1,-,SE,0.000119603,0.187,214573,214815,NW_019862762.1_214573_214815
LOC112055306,NW_019862762.1,-,SE,0.002648609,-0.097,228199,228477,NW_019862762.1_228199_228477
LOC112047749,NW_019862903.1,-,SE,0.030083636,0.36,367147,367398,NW_019862903.1_367147_367398
LOC112044486,NW_019862810.1,+,SE,0.010559856,-0.263,617113,617385,NW_019862810.1_617113_617385
LOC112052089,NW_019863124.1,+,SE,1.37E-05,0.101,306237,306590,NW_019863124.1_306237_306590
LOC112052089,NW_019863124.1,+,SE,0.016640974,0.056,306501,308981,NW_019863124.1_306501_308981
LOC112046526,NW_019862860.1,+,SE,0.018337356,-0.164,268884,269295,NW_019862860.1_268884_269295
LOC112046526,NW_019862860.1,+,SE,0.022495155,-0.159,268940,269295,NW_019862860.1_268940_269295
LOC112044453,NW_019862809.1,+,SE,0.005092459,-0.257,1021477,1021936,NW_019862809.1_1021477_1021936
LOC112044453,NW_019862809.1,+,SE,0.000178269,0.345,1023065,1023527,NW_019862809.1_1023065_1023527
LOC112054793,NW_019863415.1,+,SE,0.004329419,0.13,68533,68907,NW_019863415.1_68533_68907
LOC112045373,NW_019862752.1,-,SE,0.001319572,-0.114,280974,281276,NW_019862752.1_280974_281276
LOC112051619,NW_019862758.1,+,SE,0,-0.204,728749,729012,NW_019862758.1_728749_729012
LOC112051516,NW_019862758.1,+,SE,5.63E-07,-0.056,299399,299666,NW_019862758.1_299399_299666
LOC112047541,NW_019862896.1,-,SE,8.47E-05,0.048,484823,485119,NW_019862896.1_484823_485119
LOC112055865,NW_019863641.1,-,SE,0.002679819,-0.14,65146,65505,NW_019863641.1_65146_65505
LOC112050417,NW_019862756.1,+,SE,0,-0.17,1857553,1857816,NW_019862756.1_1857553_1857816
LOC112050417,NW_019862756.1,+,SE,0,-0.072,1857553,1857816,NW_019862756.1_1857553_1857816
LOC112043619,NW_019862793.1,-,SE,0.000138348,0.439,554524,554778,NW_019862793.1_554524_554778
LOC112044894,NW_019862751.1,-,SE,3.28E-11,-0.265,1710750,1711175,NW_019862751.1_1710750_1711175
LOC112044894,NW_019862751.1,-,SE,1.08E-12,-0.232,1710750,1711181,NW_019862751.1_1710750_1711181
LOC112044894,NW_019862751.1,-,SE,0,-0.298,1713508,1713919,NW_019862751.1_1713508_1713919
LOC112044703,NW_019862751.1,+,SE,3.07E-06,0.018,1009823,1010265,NW_019862751.1_1009823_1010265
LOC112049404,NW_019862971.1,-,SE,0.003915699,0.053,703869,704172,NW_019862971.1_703869_704172
LOC112049404,NW_019862971.1,-,SE,0.045315709,-0.111,734178,734423,NW_019862971.1_734178_734423
LOC112045796,NW_019862841.1,-,SE,0.003408926,-0.239,313951,314244,NW_019862841.1_313951_314244
LOC112051724,NW_019863099.1,+,SE,0,-0.068,81762,82076,NW_019863099.1_81762_82076
LOC112048033,NW_019862754.1,-,SE,1.46E-05,0.261,1468015,1468275,NW_019862754.1_1468015_1468275
LOC112045687,NW_019862838.1,-,SE,0,0.305,370806,371078,NW_019862838.1_370806_371078
LOC112050349,NW_019863018.1,+,SE,6.79E-05,0.128,437541,437895,NW_019863018.1_437541_437895
LOC112053443,NW_019862760.1,+,SE,4.35E-06,-0.03,55165,55691,NW_019862760.1_55165_55691
LOC112053443,NW_019862760.1,+,SE,0.000654671,-0.042,55165,55691,NW_019862760.1_55165_55691
LOC112053443,NW_019862760.1,+,SE,3.94E-06,-0.03,55360,55691,NW_019862760.1_55360_55691
LOC112053443,NW_019862760.1,+,SE,0.000559917,-0.042,55360,55691,NW_019862760.1_55360_55691
LOC112053443,NW_019862760.1,+,SE,1.93E-05,-0.026,55370,55691,NW_019862760.1_55370_55691
LOC112053443,NW_019862760.1,+,SE,0.000654671,-0.035,55370,55691,NW_019862760.1_55370_55691
LOC112058272,NW_019862773.1,+,SE,0,-0.319,645445,646582,NW_019862773.1_645445_646582
LOC112050692,NW_019863038.1,+,SE,7.61E-09,0.066,198205,198525,NW_019863038.1_198205_198525
LOC112050692,NW_019863038.1,+,SE,0.0279773,-0.029,198205,198525,NW_019863038.1_198205_198525
LOC112044497,NW_019862810.1,+,SE,1.57E-09,-0.2,1067831,1068121,NW_019862810.1_1067831_1068121
LOC112046897,NW_019862874.1,+,SE,2.38E-09,0.501,783646,784037,NW_019862874.1_783646_784037
LOC112043861,NW_019862799.1,+,SE,6.53E-08,-0.378,1081053,1081289,NW_019862799.1_1081053_1081289
LOC112043861,NW_019862799.1,+,SE,8.54E-08,-0.04,1083277,1083682,NW_019862799.1_1083277_1083682
LOC112043861,NW_019862799.1,+,SE,0,-0.324,1084515,1085708,NW_019862799.1_1084515_1085708
LOC112048373,NW_019862927.1,+,SE,0.017500097,-0.03,63284,63580,NW_019862927.1_63284_63580
LOC112058448,NW_019862776.1,-,SE,0.000897718,0.036,1582405,1582737,NW_019862776.1_1582405_1582737
LOC112058448,NW_019862776.1,-,SE,4.54E-05,0.077,1584050,1584275,NW_019862776.1_1584050_1584275
LOC112054077,NW_019863315.1,+,SE,0.002656539,0.214,97608,97880,NW_019863315.1_97608_97880
LOC112048826,NW_019862946.1,+,SE,6.17E-06,-0.322,522375,522641,NW_019862946.1_522375_522641
LOC112048826,NW_019862946.1,+,SE,3.26E-09,-0.332,522375,522641,NW_019862946.1_522375_522641
LOC112048826,NW_019862946.1,+,SE,0.002660078,-0.287,522375,522641,NW_019862946.1_522375_522641
LOC112047740,NW_019862903.1,+,SE,3.74E-06,-0.201,723758,724003,NW_019862903.1_723758_724003
LOC112043284,NW_019862788.1,-,SE,0,0.539,154587,154919,NW_019862788.1_154587_154919
LOC112053999,NW_019862760.1,+,SE,0.000585106,0.518,2285619,2286193,NW_019862760.1_2285619_2286193
LOC112043019,NW_019862784.1,-,SE,5.13E-05,0.043,1111303,1111737,NW_019862784.1_1111303_1111737
LOC112043019,NW_019862784.1,-,SE,0.00169152,0.112,1111507,1111737,NW_019862784.1_1111507_1111737
LOC112044588,NW_019862812.1,+,SE,0.00192625,0.373,1231523,1231766,NW_019862812.1_1231523_1231766
LOC112048007,NW_019862911.1,-,SE,0.004758516,-0.093,326083,326412,NW_019862911.1_326083_326412
LOC112046887,NW_019862874.1,-,SE,0.049233224,-0.066,21101,21419,NW_019862874.1_21101_21419
LOC112046887,NW_019862874.1,-,SE,0.014027832,-0.049,22190,22611,NW_019862874.1_22190_22611
LOC112047356,NW_019862890.1,+,SE,6.65E-05,0.207,326214,326581,NW_019862890.1_326214_326581
LOC112043853,NW_019862799.1,-,SE,0.00484942,0.069,848944,849210,NW_019862799.1_848944_849210
LOC112043853,NW_019862799.1,-,SE,0.035491911,0.144,848944,849219,NW_019862799.1_848944_849219
LOC112052988,NW_019862759.1,-,SE,0.000109155,-0.06,1290091,1290323,NW_019862759.1_1290091_1290323
LOC112043822,NW_019862799.1,-,SE,0.002222878,-0.037,647441,647716,NW_019862799.1_647441_647716
LOC112057705,NW_019862765.1,+,SE,0,-0.434,1472696,1472923,NW_019862765.1_1472696_1472923
LOC112044076,NW_019862803.1,-,SE,0.015276747,-0.12,43313,43555,NW_019862803.1_43313_43555
LOC112054440,NW_019863357.1,+,SE,8.84E-05,0.071,134896,135195,NW_019863357.1_134896_135195
LOC112052559,NW_019863157.1,+,SE,0.002094025,0.102,71444,71680,NW_019863157.1_71444_71680
LOC112052559,NW_019863157.1,+,SE,0.008906626,0.026,138314,138569,NW_019863157.1_138314_138569
LOC112043538,NW_019862792.1,-,SE,9.52E-13,0.615,113557,113940,NW_019862792.1_113557_113940
LOC112053496,NW_019863246.1,-,SE,0.018589816,-0.024,129951,130277,NW_019863246.1_129951_130277
LOC112058009,NW_019862770.1,-,SE,0.017683234,-0.322,1698713,1699031,NW_019862770.1_1698713_1699031
LOC112058550,NW_019862778.1,-,SE,0,0.179,1102868,1103181,NW_019862778.1_1102868_1103181
LOC112058550,NW_019862778.1,-,SE,0,-0.344,1103134,1103465,NW_019862778.1_1103134_1103465
LOC112052001,NW_019863118.1,-,SE,0.000269497,0.048,150890,151116,NW_019863118.1_150890_151116
LOC112052867,NW_019863182.1,-,SE,0,-0.509,230886,231252,NW_019863182.1_230886_231252
LOC112052867,NW_019863182.1,-,SE,0,0.519,232671,233037,NW_019863182.1_232671_233037
LOC112047231,NW_019862885.1,-,SE,0.001468853,-0.172,592659,593054,NW_019862885.1_592659_593054
LOC112049207,NW_019862963.1,-,SE,4.52E-10,0.485,105075,105365,NW_019862963.1_105075_105365
LOC112051523,NW_019863087.1,+,SE,0.007428796,-0.014,159548,159951,NW_019863087.1_159548_159951
LOC112051523,NW_019863087.1,+,SE,0.010904676,-0.067,159548,159951,NW_019863087.1_159548_159951
LOC112051523,NW_019863087.1,+,SE,0,-0.169,179021,179357,NW_019863087.1_179021_179357
LOC112051523,NW_019863087.1,+,SE,0,0.243,179358,179694,NW_019863087.1_179358_179694
LOC112051523,NW_019863087.1,+,SE,3.71E-13,-0.064,187387,187730,NW_019863087.1_187387_187730
LOC112052337,NW_019863141.1,-,SE,0.002547445,-0.217,179558,179770,NW_019863141.1_179558_179770
LOC112052337,NW_019863141.1,-,SE,8.71E-05,-0.09,179558,179773,NW_019863141.1_179558_179773
LOC112044491,NW_019862810.1,+,SE,0,0.355,734430,734744,NW_019862810.1_734430_734744
LOC112047558,NW_019862896.1,+,SE,5.02E-06,0.033,455181,455514,NW_019862896.1_455181_455514
LOC112047558,NW_019862896.1,+,SE,8.70E-09,-0.16,455181,455514,NW_019862896.1_455181_455514
LOC112049703,NW_019862985.1,+,SE,3.89E-06,0.057,428313,428609,NW_019862985.1_428313_428609
LOC112054155,NW_019863325.1,-,SE,1.43E-09,-0.218,61025,61270,NW_019863325.1_61025_61270
LOC112051371,NW_019863078.1,-,SE,3.47E-07,-0.23,44512,44911,NW_019863078.1_44512_44911
LOC112051371,NW_019863078.1,-,SE,3.60E-07,0.203,45597,45993,NW_019863078.1_45597_45993
LOC112046330,NW_019862855.1,-,SE,3.44E-05,-0.017,270011,270323,NW_019862855.1_270011_270323
LOC112051008,NW_019863056.1,-,SE,0.030691752,-0.282,144722,145174,NW_019863056.1_144722_145174
LOC112049905,NW_019862997.1,+,SE,0.014274149,0.331,408860,409098,NW_019862997.1_408860_409098
LOC112048542,NW_019862934.1,+,SE,3.04E-07,-0.123,354474,354762,NW_019862934.1_354474_354762
LOC112049109,NW_019862959.1,-,SE,0,-0.214,283617,283985,NW_019862959.1_283617_283985
LOC112053626,NW_019863263.1,-,SE,1.01E-06,-0.112,164082,164294,NW_019863263.1_164082_164294
LOC112053596,NW_019863259.1,+,SE,0,0.193,312989,313225,NW_019863259.1_312989_313225
LOC112053596,NW_019863259.1,+,SE,0.001203297,0.107,312989,313225,NW_019863259.1_312989_313225
LOC112046039,NW_019862846.1,-,SE,0.02885266,-0.028,83405,83783,NW_019862846.1_83405_83783
nbis-pseudo47,NW_019862940.1,-,SE,0.004258602,0.177,37142,37420,NW_019862940.1_37142_37420
LOC112048127,NW_019862917.1,-,SE,1.89E-05,0.127,563300,563590,NW_019862917.1_563300_563590
LOC112056844,NW_019864022.1,+,SE,3.22E-09,0.046,16604,16975,NW_019864022.1_16604_16975
LOC112044077,NW_019862803.1,+,SE,4.19E-06,0.522,139309,139644,NW_019862803.1_139309_139644
LOC112044077,NW_019862803.1,+,SE,0,0.663,141389,141723,NW_019862803.1_141389_141723
LOC112055098,NW_019863458.1,-,SE,0.032629471,-0.259,54944,55220,NW_019863458.1_54944_55220
LOC112049759,NW_019862988.1,+,SE,5.10E-11,0.14,237528,237899,NW_019862988.1_237528_237899
LOC112049487,NW_019862976.1,-,SE,0.000873023,0.119,246779,247041,NW_019862976.1_246779_247041
LOC112046963,NW_019862879.1,+,SE,2.47E-06,-0.063,51711,52009,NW_019862879.1_51711_52009
LOC112044293,NW_019862750.1,+,SE,0.015856479,0.03,2047017,2047391,NW_019862750.1_2047017_2047391
LOC112047434,NW_019862893.1,-,SE,0,0.324,382005,382675,NW_019862893.1_382005_382675
LOC112049632,NW_019862982.1,-,SE,0,0.214,67185,67430,NW_019862982.1_67185_67430
LOC112046194,NW_019862752.1,+,SE,0.003551103,-0.028,2070017,2070621,NW_019862752.1_2070017_2070621
LOC112046025,NW_019862846.1,+,SE,0.001234648,0.06,693960,694315,NW_019862846.1_693960_694315
LOC112045475,NW_019862752.1,-,SE,0,0.53,528686,528924,NW_019862752.1_528686_528924
LOC112045475,NW_019862752.1,-,SE,0,0.504,528686,528924,NW_019862752.1_528686_528924
LOC112045475,NW_019862752.1,-,SE,9.40E-15,-0.428,530791,531097,NW_019862752.1_530791_531097
LOC112044733,NW_019862816.1,-,SE,0,0.833,285796,286017,NW_019862816.1_285796_286017
LOC112046894,NW_019862874.1,+,SE,0,-0.137,272302,272919,NW_019862874.1_272302_272919
LOC112046894,NW_019862874.1,+,SE,0,-0.376,317653,317918,NW_019862874.1_317653_317918
LOC112044750,NW_019862817.1,-,SE,1.72E-08,0.219,865994,866411,NW_019862817.1_865994_866411
LOC112046073,NW_019862847.1,+,SE,0,0.568,524993,525260,NW_019862847.1_524993_525260
LOC112051181,NW_019863067.1,-,SE,0.003392837,-0.382,307980,308227,NW_019863067.1_307980_308227
LOC112047929,NW_019862908.1,+,SE,0.006618166,0.065,667201,667518,NW_019862908.1_667201_667518
LOC112050847,NW_019863046.1,-,SE,0,0.176,229291,229569,NW_019863046.1_229291_229569
LOC112043032,NW_019862784.1,-,SE,0,0.101,1173581,1173841,NW_019862784.1_1173581_1173841
LOC112049557,NW_019862978.1,+,SE,0,0.212,95692,96024,NW_019862978.1_95692_96024
LOC112049557,NW_019862978.1,+,SE,0,-0.37,97692,98024,NW_019862978.1_97692_98024
LOC112051972,NW_019863117.1,+,SE,0.011413326,0.23,137650,137895,NW_019863117.1_137650_137895
LOC112043926,NW_019862750.1,-,SE,0.00266611,-0.118,1898959,1899302,NW_019862750.1_1898959_1899302
LOC112058326,NW_019862774.1,-,SE,2.78E-10,-0.305,1343102,1343456,NW_019862774.1_1343102_1343456
LOC112054036,NW_019863307.1,+,SE,0,0.455,139703,139995,NW_019863307.1_139703_139995
LOC112051066,NW_019863061.1,-,SE,0.001217015,0.272,258073,258351,NW_019863061.1_258073_258351
LOC112054766,NW_019863407.1,-,SE,3.56E-10,0.18,68012,68480,NW_019863407.1_68012_68480
LOC112054766,NW_019863407.1,-,SE,3.86E-07,-0.217,69524,69953,NW_019863407.1_69524_69953
LOC112046143,NW_019862849.1,+,SE,0.01972447,0.027,160343,160641,NW_019862849.1_160343_160641
LOC112046768,NW_019862870.1,-,SE,1.80E-05,0.35,184642,184949,NW_019862870.1_184642_184949
LOC112052141,NW_019863130.1,-,SE,0,0.385,77997,78307,NW_019863130.1_77997_78307
LOC112052141,NW_019863130.1,-,SE,0,0.329,77997,78310,NW_019863130.1_77997_78310
LOC112042895,NW_019862781.1,+,SE,1.00E-05,0.389,1220254,1220510,NW_019862781.1_1220254_1220510
LOC112057694,NW_019862765.1,+,SE,0,0.178,1286639,1286917,NW_019862765.1_1286639_1286917
LOC112049794,NW_019862756.1,-,SE,0,0.056,385647,385929,NW_019862756.1_385647_385929
LOC112045804,NW_019862841.1,+,SE,3.89E-06,-0.504,591113,591538,NW_019862841.1_591113_591538
LOC112045576,NW_019862752.1,+,SE,0.032255496,0.283,860512,860768,NW_019862752.1_860512_860768
LOC112044786,NW_019862817.1,+,SE,0.005116288,-0.111,120956,121355,NW_019862817.1_120956_121355
LOC112050198,NW_019863012.1,-,SE,2.95E-06,-0.045,247414,248727,NW_019863012.1_247414_248727
LOC112043199,NW_019862787.1,-,SE,0,-0.114,27259,27738,NW_019862787.1_27259_27738
LOC112049503,NW_019862976.1,-,SE,0,0.408,436098,436361,NW_019862976.1_436098_436361
LOC112049503,NW_019862976.1,-,SE,0,-0.656,436973,437236,NW_019862976.1_436973_437236
LOC112049503,NW_019862976.1,-,SE,7.87E-05,-0.105,440126,440397,NW_019862976.1_440126_440397
LOC112049503,NW_019862976.1,-,SE,0.047637554,-0.145,441669,441940,NW_019862976.1_441669_441940
LOC112049503,NW_019862976.1,-,SE,1.09E-05,0.053,441669,441940,NW_019862976.1_441669_441940
LOC112045039,NW_019862751.1,-,SE,0.000356731,0.18,2540155,2540430,NW_019862751.1_2540155_2540430
LOC112054209,NW_019863329.1,-,SE,5.88E-06,-0.26,148217,148527,NW_019863329.1_148217_148527
LOC112051905,NW_019863111.1,-,SE,0.009573232,-0.068,146720,147013,NW_019863111.1_146720_147013
LOC112046462,NW_019862858.1,+,SE,0.012982255,-0.065,451202,451450,NW_019862858.1_451202_451450
LOC112055491,NW_019862748.1,+,SE,0,-0.253,467944,468294,NW_019862748.1_467944_468294
LOC112055262,NW_019862762.1,-,SE,0.003580654,0.023,188754,189086,NW_019862762.1_188754_189086
LOC112048503,NW_019862933.1,+,SE,0,-0.164,113926,114322,NW_019862933.1_113926_114322
LOC112054606,NW_019863381.1,-,SE,9.23E-10,0.468,116719,117053,NW_019863381.1_116719_117053
LOC112054606,NW_019863381.1,-,SE,9.40E-15,-0.545,121851,122221,NW_019863381.1_121851_122221
LOC112054606,NW_019863381.1,-,SE,0,-0.329,121851,122221,NW_019863381.1_121851_122221
LOC112054606,NW_019863381.1,-,SE,0,-0.329,121871,122221,NW_019863381.1_121871_122221
LOC112042935,NW_019862782.1,-,SE,0,0.534,1150792,1151036,NW_019862782.1_1150792_1151036
LOC112042935,NW_019862782.1,-,SE,0,0.534,1150792,1151036,NW_019862782.1_1150792_1151036
LOC112042935,NW_019862782.1,-,SE,0,0.168,1150792,1151036,NW_019862782.1_1150792_1151036
LOC112042935,NW_019862782.1,-,SE,4.93E-12,-0.37,1151710,1152090,NW_019862782.1_1151710_1152090
LOC112042935,NW_019862782.1,-,SE,1.09E-10,-0.101,1151710,1152090,NW_019862782.1_1151710_1152090
LOC112042935,NW_019862782.1,-,SE,0,-0.72,1151710,1152090,NW_019862782.1_1151710_1152090
LOC112042935,NW_019862782.1,-,SE,8.83E-11,0.175,1153148,1153444,NW_019862782.1_1153148_1153444
LOC112042935,NW_019862782.1,-,SE,9.51E-05,-0.059,1153148,1153444,NW_019862782.1_1153148_1153444
LOC112042935,NW_019862782.1,-,SE,0,0.259,1155888,1157414,NW_019862782.1_1155888_1157414
LOC112042935,NW_019862782.1,-,SE,0,0.384,1157028,1157414,NW_019862782.1_1157028_1157414
LOC112042935,NW_019862782.1,-,SE,0,-0.079,1207755,1208111,NW_019862782.1_1207755_1208111
LOC112049762,NW_019862988.1,+,SE,0,0.083,183799,184071,NW_019862988.1_183799_184071
LOC112043789,NW_019862750.1,+,SE,2.92E-06,-0.084,1447718,1448044,NW_019862750.1_1447718_1448044
LOC112054124,NW_019863321.1,-,SE,0.000649687,-0.31,97669,97959,NW_019863321.1_97669_97959
LOC112044142,NW_019862748.1,-,SE,7.00E-06,0.109,1108668,1108973,NW_019862748.1_1108668_1108973
LOC112057021,NW_019862764.1,+,SE,5.26E-08,0.154,1486634,1487002,NW_019862764.1_1486634_1487002
LOC112048050,NW_019862754.1,-,SE,0.012940974,0.057,1606504,1606805,NW_019862754.1_1606504_1606805
LOC112052039,NW_019863120.1,+,SE,0.010298602,-0.371,127523,127840,NW_019863120.1_127523_127840
LOC112052039,NW_019863120.1,+,SE,0.000300748,0.382,134741,134992,NW_019863120.1_134741_134992
LOC112052039,NW_019863120.1,+,SE,1.83E-11,0.507,134741,135031,NW_019863120.1_134741_135031
LOC112046122,NW_019862752.1,-,SE,6.98E-05,-0.146,1921119,1921419,NW_019862752.1_1921119_1921419
LOC112044410,NW_019862808.1,-,SE,0.001234682,0.379,1052027,1052271,NW_019862808.1_1052027_1052271
LOC112056541,NW_019863874.1,+,SE,0.008354999,-0.051,47560,47858,NW_019863874.1_47560_47858
LOC112054666,NW_019862761.1,+,SE,0.000303894,-0.325,1963298,1963654,NW_019862761.1_1963298_1963654
LOC112045335,NW_019862748.1,-,SE,6.85E-06,0.051,1543426,1543836,NW_019862748.1_1543426_1543836
LOC112057669,NW_019862765.1,+,SE,7.47E-08,0.345,837860,838155,NW_019862765.1_837860_838155
LOC112057669,NW_019862765.1,+,SE,0.001213212,0.269,837860,838188,NW_019862765.1_837860_838188
LOC112057669,NW_019862765.1,+,SE,5.51E-11,-0.161,861736,861963,NW_019862765.1_861736_861963
LOC112052860,NW_019863182.1,+,SE,0,0.386,36504,36764,NW_019863182.1_36504_36764
LOC112048897,NW_019862950.1,-,SE,0,0.058,417414,417702,NW_019862950.1_417414_417702
LOC112057989,NW_019862770.1,+,SE,1.04E-05,-0.08,1296216,1296993,NW_019862770.1_1296216_1296993
LOC112046190,NW_019862850.1,-,SE,1.61E-06,-0.095,415372,415665,NW_019862850.1_415372_415665
LOC112052042,NW_019863120.1,+,SE,3.78E-05,0.29,85611,85933,NW_019863120.1_85611_85933
LOC112046693,NW_019862867.1,+,SE,0,-0.038,669234,670202,NW_019862867.1_669234_670202
LOC112046693,NW_019862867.1,+,SE,0,-0.733,672456,672719,NW_019862867.1_672456_672719
LOC112046693,NW_019862867.1,+,SE,0,-0.166,672456,672719,NW_019862867.1_672456_672719
LOC112046693,NW_019862867.1,+,SE,3.79E-13,-0.263,672456,672719,NW_019862867.1_672456_672719
LOC112046693,NW_019862867.1,+,SE,0,0.797,673743,674132,NW_019862867.1_673743_674132
LOC112046693,NW_019862867.1,+,SE,0,0.628,673743,674132,NW_019862867.1_673743_674132
LOC112046693,NW_019862867.1,+,SE,0,0.588,673743,674132,NW_019862867.1_673743_674132
LOC112046693,NW_019862867.1,+,SE,6.11E-10,0.762,673743,674132,NW_019862867.1_673743_674132
LOC112048334,NW_019862754.1,+,SE,0,0.265,2459763,2460146,NW_019862754.1_2459763_2460146
LOC112048035,NW_019862913.1,-,SE,0,0.542,312890,313514,NW_019862913.1_312890_313514
LOC112048035,NW_019862913.1,-,SE,0,0.561,312890,313514,NW_019862913.1_312890_313514
LOC112049328,NW_019862968.1,+,SE,0.037457119,0.012,159819,160097,NW_019862968.1_159819_160097
LOC112054929,NW_019863433.1,+,SE,1.50E-06,-0.094,120399,120723,NW_019863433.1_120399_120723
LOC112049613,NW_019862981.1,+,SE,6.08E-09,0.081,229513,229788,NW_019862981.1_229513_229788
LOC112049613,NW_019862981.1,+,SE,0.001067611,0.175,236496,236838,NW_019862981.1_236496_236838
LOC112049613,NW_019862981.1,+,SE,0.003441633,-0.045,237074,237352,NW_019862981.1_237074_237352
LOC112046441,NW_019862857.1,+,SE,0,0.067,288851,289072,NW_019862857.1_288851_289072
LOC112051419,NW_019863082.1,+,SE,0.041530087,-0.033,272268,272495,NW_019863082.1_272268_272495
LOC112051419,NW_019863082.1,+,SE,0.038628794,-0.087,272268,272495,NW_019863082.1_272268_272495
LOC112050201,NW_019863012.1,+,SE,0,-0.608,414185,414645,NW_019863012.1_414185_414645
LOC112055556,NW_019863549.1,+,SE,2.98E-10,0.351,87167,87507,NW_019863549.1_87167_87507
LOC112055556,NW_019863549.1,+,SE,1.13E-08,0.275,87222,87507,NW_019863549.1_87222_87507
LOC112043279,NW_019862788.1,-,SE,3.28E-11,0.198,35191,35487,NW_019862788.1_35191_35487
LOC112044124,NW_019862804.1,-,SE,0.01102663,0.151,514278,514584,NW_019862804.1_514278_514584
LOC112043756,NW_019862796.1,-,SE,0.000492072,-0.098,1274215,1274535,NW_019862796.1_1274215_1274535
LOC112043347,NW_019862788.1,+,SE,2.45E-05,0.089,1398063,1398828,NW_019862788.1_1398063_1398828
LOC112048202,NW_019862921.1,-,SE,2.74E-13,-0.422,323380,323669,NW_019862921.1_323380_323669
LOC112046305,NW_019862854.1,+,SE,5.89E-05,0.06,519581,519880,NW_019862854.1_519581_519880
LOC112050661,NW_019863036.1,+,SE,2.72E-09,-0.145,58996,59301,NW_019863036.1_58996_59301
LOC112050661,NW_019863036.1,+,SE,0.020614205,-0.136,58996,59301,NW_019863036.1_58996_59301
LOC112049969,NW_019862756.1,+,SE,0.009709889,-0.198,966021,966410,NW_019862756.1_966021_966410
LOC112049969,NW_019862756.1,+,SE,0.037398195,0.38,1143890,1144285,NW_019862756.1_1143890_1144285
LOC112053953,NW_019862748.1,+,SE,2.67E-05,-0.443,4546927,4547365,NW_019862748.1_4546927_4547365
LOC112057718,NW_019862765.1,+,SE,0.040604337,0.168,1773779,1774045,NW_019862765.1_1773779_1774045
LOC112057718,NW_019862765.1,+,SE,0.034090017,0.263,1773785,1774045,NW_019862765.1_1773785_1774045
LOC112051626,NW_019863091.1,-,SE,0.000128035,0.082,139982,140272,NW_019863091.1_139982_140272
LOC112053291,NW_019863225.1,-,SE,2.00E-10,0.204,122273,122601,NW_019863225.1_122273_122601
LOC112053291,NW_019863225.1,-,SE,3.18E-12,-0.114,122636,122964,NW_019863225.1_122636_122964
LOC112054891,NW_019862748.1,+,SE,0.004424736,-0.155,4855782,4856070,NW_019862748.1_4855782_4856070
LOC112049489,NW_019862976.1,+,SE,0.012339135,0.042,329658,329924,NW_019862976.1_329658_329924
LOC112043679,NW_019862750.1,-,SE,2.76E-06,0.033,1265534,1265816,NW_019862750.1_1265534_1265816
LOC112046296,NW_019862853.1,-,SE,0,0.398,322911,323279,NW_019862853.1_322911_323279
LOC112046296,NW_019862853.1,-,SE,2.06E-05,0.111,322911,323279,NW_019862853.1_322911_323279
LOC112046108,NW_019862848.1,+,SE,3.84E-07,0.089,333493,333864,NW_019862848.1_333493_333864
LOC112047884,NW_019862907.1,+,SE,0.000381694,0.179,417644,417958,NW_019862907.1_417644_417958
LOC112048155,NW_019862918.1,-,SE,1.97E-07,-0.189,619081,619467,NW_019862918.1_619081_619467
LOC112054303,NW_019863340.1,-,SE,0.000270658,0.456,166366,166642,NW_019863340.1_166366_166642
LOC112051191,NW_019863068.1,+,SE,1.61E-08,-0.173,143774,144178,NW_019863068.1_143774_144178
LOC112051191,NW_019863068.1,+,SE,0,-0.187,148133,148409,NW_019863068.1_148133_148409
LOC112054727,NW_019863402.1,-,SE,0.000389109,0.164,67964,68250,NW_019863402.1_67964_68250
LOC112054727,NW_019863402.1,-,SE,2.77E-08,0.229,71190,71471,NW_019863402.1_71190_71471
LOC112054727,NW_019863402.1,-,SE,2.78E-10,0.413,71190,71471,NW_019863402.1_71190_71471
LOC112054727,NW_019863402.1,-,SE,0.003584778,-0.208,79254,79469,NW_019863402.1_79254_79469
LOC112051327,NW_019863075.1,+,SE,3.03E-05,0.057,316110,316331,NW_019863075.1_316110_316331
LOC112048087,NW_019862916.1,-,SE,0.010408774,0.106,150201,150454,NW_019862916.1_150201_150454
LOC112050431,NW_019863023.1,+,SE,0.029243296,-0.053,126520,126863,NW_019863023.1_126520_126863
LOC112043675,NW_019862794.1,-,SE,0,-0.202,1289077,1289313,NW_019862794.1_1289077_1289313
LOC112043675,NW_019862794.1,-,SE,6.66E-05,0.15,1289077,1289313,NW_019862794.1_1289077_1289313
LOC112044245,NW_019862805.1,-,SE,4.48E-08,-0.041,1014434,1014714,NW_019862805.1_1014434_1014714
LOC112044245,NW_019862805.1,-,SE,5.82E-12,0.196,1015065,1015345,NW_019862805.1_1015065_1015345
LOC112055884,NW_019863649.1,-,SE,0,0.204,78569,78871,NW_019863649.1_78569_78871
LOC112049982,NW_019863001.1,-,SE,0.01252679,-0.215,334408,334776,NW_019863001.1_334408_334776
LOC112048533,NW_019862934.1,-,SE,0,-0.712,176221,176499,NW_019862934.1_176221_176499
LOC112048533,NW_019862934.1,-,SE,0.014138022,-0.012,176221,176499,NW_019862934.1_176221_176499
LOC112048533,NW_019862934.1,-,SE,0.004833905,0.385,179229,179528,NW_019862934.1_179229_179528
LOC112048533,NW_019862934.1,-,SE,3.83E-05,-0.619,179550,179849,NW_019862934.1_179550_179849
LOC112048533,NW_019862934.1,-,SE,0.033445838,0.388,180523,180822,NW_019862934.1_180523_180822
LOC112047485,NW_019862894.1,-,SE,0.015038838,-0.059,901513,901762,NW_019862894.1_901513_901762
LOC112051380,NW_019863079.1,+,SE,0.01399909,-0.125,39510,39806,NW_019863079.1_39510_39806
LOC112046168,NW_019862849.1,-,SE,0.00409775,0.256,63931,64476,NW_019862849.1_63931_64476
LOC112046168,NW_019862849.1,-,SE,0.004595906,0.251,63931,64479,NW_019862849.1_63931_64479
LOC112045075,NW_019862751.1,-,SE,0.001237722,0.146,2666896,2667208,NW_019862751.1_2666896_2667208
LOC112054767,NW_019863408.1,+,SE,2.43E-07,-0.102,137921,138192,NW_019863408.1_137921_138192
LOC112047914,NW_019862908.1,-,SE,0.00075858,0.262,158384,158655,NW_019862908.1_158384_158655
LOC112047914,NW_019862908.1,-,SE,0.000621945,0.26,158539,158811,NW_019862908.1_158539_158811
LOC112047876,NW_019862907.1,-,SE,0.001439568,0.247,7955,8414,NW_019862907.1_7955_8414
LOC112055752,NW_019863602.1,-,SE,2.38E-07,-0.376,69061,69396,NW_019863602.1_69061_69396
LOC112055752,NW_019863602.1,-,SE,2.21E-11,-0.509,69499,69867,NW_019863602.1_69499_69867
LOC112056304,NW_019863763.1,-,SE,7.38E-11,0.547,44299,44635,NW_019863763.1_44299_44635
LOC112056304,NW_019863763.1,-,SE,0,-0.589,45574,46122,NW_019863763.1_45574_46122
LOC112043377,NW_019862789.1,+,SE,0,-0.239,835911,836132,NW_019862789.1_835911_836132
LOC112043377,NW_019862789.1,+,SE,0.000510692,-0.051,846868,847209,NW_019862789.1_846868_847209
LOC112043377,NW_019862789.1,+,SE,2.87E-06,0.073,853257,853557,NW_019862789.1_853257_853557
LOC112043377,NW_019862789.1,+,SE,2.87E-06,0.086,855092,855388,NW_019862789.1_855092_855388
LOC112043377,NW_019862789.1,+,SE,4.13E-05,0.039,855092,855388,NW_019862789.1_855092_855388
LOC112043386,NW_019862789.1,-,SE,0.000386369,-0.062,1180054,1180293,NW_019862789.1_1180054_1180293
LOC112058471,NW_019862777.1,+,SE,0.000273344,-0.273,31288,31539,NW_019862777.1_31288_31539
LOC112048046,NW_019862914.1,+,SE,0.023288422,0.092,486002,486269,NW_019862914.1_486002_486269
LOC112053401,NW_019863238.1,-,SE,0.005890035,0.064,205597,205875,NW_019863238.1_205597_205875
LOC112051981,NW_019863117.1,+,SE,0.000207887,-0.058,258092,258418,NW_019863117.1_258092_258418
LOC112055018,NW_019863448.1,+,SE,0.000205906,0.034,18553,18921,NW_019863448.1_18553_18921
LOC112056777,NW_019862764.1,-,SE,9.06E-06,0.425,123793,124140,NW_019862764.1_123793_124140
LOC112057906,NW_019862768.1,-,SE,0.004505462,0.204,1849566,1849873,NW_019862768.1_1849566_1849873
LOC112056973,NW_019862764.1,-,SE,0.003907089,0.131,1354099,1354470,NW_019862764.1_1354099_1354470
LOC112046713,NW_019862869.1,-,SE,0.000880717,-0.057,68550,68795,NW_019862869.1_68550_68795
LOC112045217,NW_019862826.1,-,SE,7.33E-09,-0.114,205683,206207,NW_019862826.1_205683_206207
LOC112056078,NW_019863697.1,+,SE,1.47E-05,-0.024,11605,11996,NW_019863697.1_11605_11996
LOC112049660,NW_019862756.1,+,SE,7.03E-11,-0.203,185089,185471,NW_019862756.1_185089_185471
LOC112058156,NW_019862772.1,-,SE,0.000234315,0.095,1146158,1146466,NW_019862772.1_1146158_1146466
LOC112058156,NW_019862772.1,-,SE,0.000131197,0.084,1146158,1146469,NW_019862772.1_1146158_1146469
LOC112049215,NW_019862964.1,-,SE,1.51E-07,-0.085,229362,229658,NW_019862964.1_229362_229658
LOC112057294,NW_019862764.1,-,SE,0,-0.095,2261433,2261749,NW_019862764.1_2261433_2261749
LOC112057294,NW_019862764.1,-,SE,5.14E-09,0.191,2263032,2263348,NW_019862764.1_2263032_2263348
LOC112057725,NW_019862765.1,-,SE,0,0.391,1961438,1961722,NW_019862765.1_1961438_1961722
LOC112047140,NW_019862883.1,+,SE,2.18E-05,-0.136,589907,590220,NW_019862883.1_589907_590220
LOC112055427,NW_019863522.1,-,SE,0.0006734,-0.076,75356,75738,NW_019863522.1_75356_75738
LOC112056217,NW_019863736.1,-,SE,2.38E-09,-0.462,68675,68932,NW_019863736.1_68675_68932
LOC112053895,NW_019863292.1,-,SE,0.017575534,0.015,27661,28081,NW_019863292.1_27661_28081
LOC112053895,NW_019863292.1,-,SE,0.001463221,-0.063,32545,32847,NW_019863292.1_32545_32847
LOC112053895,NW_019863292.1,-,SE,1.11E-08,0.05,35429,35734,NW_019863292.1_35429_35734
LOC112053895,NW_019863292.1,-,SE,4.43E-05,0.163,35801,36070,NW_019863292.1_35801_36070
LOC112053895,NW_019863292.1,-,SE,7.24E-11,-0.224,35801,36070,NW_019863292.1_35801_36070
LOC112053895,NW_019863292.1,-,SE,0.000472136,-0.088,37207,37556,NW_019863292.1_37207_37556
LOC112053886,NW_019863292.1,+,SE,0,0.664,114694,115017,NW_019863292.1_114694_115017
LOC112053886,NW_019863292.1,+,SE,0,0.165,155863,156202,NW_019863292.1_155863_156202
LOC112058418,NW_019862776.1,-,SE,1.28E-05,-0.031,802238,802642,NW_019862776.1_802238_802642
LOC112058466,NW_019862776.1,-,SE,4.16E-08,0.047,824964,825227,NW_019862776.1_824964_825227
LOC112058466,NW_019862776.1,-,SE,1.37E-09,-0.074,834617,834941,NW_019862776.1_834617_834941
LOC112058466,NW_019862776.1,-,SE,0.000131677,-0.039,851963,852360,NW_019862776.1_851963_852360
LOC112058435,NW_019862776.1,-,SE,5.85E-06,0.272,1221207,1221449,NW_019862776.1_1221207_1221449
LOC112043638,NW_019862793.1,-,SE,0,0.314,1212479,1212734,NW_019862793.1_1212479_1212734
LOC112052373,NW_019862759.1,+,SE,5.17E-07,0.031,2029538,2029825,NW_019862759.1_2029538_2029825
LOC112057891,NW_019862768.1,-,SE,0.017427475,-0.14,1228667,1228981,NW_019862768.1_1228667_1228981
LOC112057904,NW_019862768.1,+,SE,0,0.293,1829724,1829957,NW_019862768.1_1829724_1829957
LOC112057887,NW_019862768.1,+,SE,2.95E-06,-0.07,1144270,1144589,NW_019862768.1_1144270_1144589
LOC112053720,NW_019863276.1,-,SE,0,0.814,170553,170795,NW_019863276.1_170553_170795
LOC112053720,NW_019863276.1,-,SE,0,0.713,170553,170807,NW_019863276.1_170553_170807
LOC112053720,NW_019863276.1,-,SE,0.001228816,0.047,175979,176203,NW_019863276.1_175979_176203
LOC112046732,NW_019862869.1,-,SE,0,0.103,35511,35753,NW_019862869.1_35511_35753
LOC112046714,NW_019862869.1,-,SE,0.002327236,0.02,203852,204290,NW_019862869.1_203852_204290
LOC112058072,NW_019862771.1,+,SE,0.001639604,-0.029,499915,500643,NW_019862771.1_499915_500643
LOC112054318,NW_019863343.1,+,SE,2.50E-06,0.425,89292,89555,NW_019863343.1_89292_89555
LOC112051672,NW_019863096.1,+,SE,0.006351013,-0.018,215221,215523,NW_019863096.1_215221_215523
LOC112056170,NW_019863725.1,+,SE,0.009720907,-0.052,29762,30045,NW_019863725.1_29762_30045
LOC112053862,NW_019863290.1,+,SE,0.006477692,0.038,191550,192003,NW_019863290.1_191550_192003
LOC112049644,NW_019862982.1,-,SE,0.00077899,-0.206,392301,392639,NW_019862982.1_392301_392639
LOC112049644,NW_019862982.1,-,SE,0,-0.171,392301,392639,NW_019862982.1_392301_392639
LOC112050883,NW_019862757.1,+,SE,0,0.611,1776522,1776818,NW_019862757.1_1776522_1776818
LOC112051314,NW_019862757.1,-,SE,0.000417595,-0.109,2506529,2506903,NW_019862757.1_2506529_2506903
LOC112042916,NW_019862781.1,-,SE,0.003585581,-0.061,998415,998852,NW_019862781.1_998415_998852
LOC112042907,NW_019862781.1,+,SE,0,-0.152,1632847,1633131,NW_019862781.1_1632847_1633131
LOC112050031,NW_019863002.1,+,SE,0.006187407,0.286,257417,258175,NW_019863002.1_257417_258175
LOC112055966,NW_019863669.1,-,SE,2.09E-09,-0.044,43652,43993,NW_019863669.1_43652_43993
LOC112052396,NW_019863145.1,-,SE,0.049440571,-0.017,117120,117503,NW_019863145.1_117120_117503
LOC112047813,NW_019862904.1,+,SE,7.87E-09,0.125,970087,970360,NW_019862904.1_970087_970360
LOC112053755,NW_019863279.1,+,SE,0,-0.109,84520,84849,NW_019863279.1_84520_84849
LOC112053755,NW_019863279.1,+,SE,0,-0.125,84523,84849,NW_019863279.1_84523_84849
LOC112053159,NW_019863213.1,+,SE,0,0.641,222991,223251,NW_019863213.1_222991_223251
LOC112047355,NW_019862890.1,-,SE,0.000302496,0.06,330527,330880,NW_019862890.1_330527_330880
LOC112049569,NW_019862979.1,-,SE,0,-0.709,471177,471582,NW_019862979.1_471177_471582
LOC112055815,NW_019863623.1,-,SE,0.001214437,-0.072,35802,36164,NW_019863623.1_35802_36164
LOC112050231,NW_019863013.1,-,SE,0.016344941,0.188,258016,258261,NW_019863013.1_258016_258261
LOC112046925,NW_019862753.1,+,SE,0.000555437,0.054,1202375,1202771,NW_019862753.1_1202375_1202771
LOC112047055,NW_019862753.1,-,SE,0,0.262,1465762,1466052,NW_019862753.1_1465762_1466052
LOC112043136,NW_019862786.1,+,SE,0.005090127,0.085,355078,355356,NW_019862786.1_355078_355356
LOC112043136,NW_019862786.1,+,SE,0.01000323,0.076,355093,355356,NW_019862786.1_355093_355356
LOC112058541,NW_019862778.1,+,SE,0.011645704,0.066,1039580,1039830,NW_019862778.1_1039580_1039830
LOC112058541,NW_019862778.1,+,SE,0.044771732,0.03,1039786,1040044,NW_019862778.1_1039786_1040044
LOC112053300,NW_019862759.1,-,SE,2.40E-06,0.233,154917,155199,NW_019862759.1_154917_155199
LOC112053300,NW_019862759.1,-,SE,1.51E-08,0.368,154917,155258,NW_019862759.1_154917_155258
LOC112052488,NW_019862759.1,+,SE,0,0.066,191296,191598,NW_019862759.1_191296_191598
LOC112052488,NW_019862759.1,+,SE,0,0.124,191296,191634,NW_019862759.1_191296_191634
LOC112052608,NW_019862759.1,-,SE,0,0.819,362642,363157,NW_019862759.1_362642_363157
LOC112052608,NW_019862759.1,-,SE,0.043705498,0.008,369637,370053,NW_019862759.1_369637_370053
LOC112052608,NW_019862759.1,-,SE,0,-0.609,369637,370053,NW_019862759.1_369637_370053
LOC112052608,NW_019862759.1,-,SE,0,-0.959,370086,375668,NW_019862759.1_370086_375668
LOC112052608,NW_019862759.1,-,SE,0,-0.526,370086,375668,NW_019862759.1_370086_375668
LOC112052663,NW_019862759.1,+,SE,0.024554701,0.153,536425,536768,NW_019862759.1_536425_536768
LOC112053123,NW_019862759.1,-,SE,0.023601259,0.287,1839883,1840179,NW_019862759.1_1839883_1840179
LOC112042794,NW_019862779.1,+,SE,6.70E-05,-0.025,1050610,1050978,NW_019862779.1_1050610_1050978
LOC112049977,NW_019863000.1,-,SE,6.16E-05,0.487,328739,329015,NW_019863000.1_328739_329015
LOC112049977,NW_019863000.1,-,SE,0,0.399,328739,329015,NW_019863000.1_328739_329015
LOC112054722,NW_019862761.1,-,SE,2.63E-06,0.33,2044162,2044452,NW_019862761.1_2044162_2044452
LOC112054020,NW_019863306.1,+,SE,0.000177666,0.12,162879,163270,NW_019863306.1_162879_163270
LOC112052636,NW_019863165.1,+,SE,6.82E-11,-0.252,222339,222625,NW_019863165.1_222339_222625
LOC112052636,NW_019863165.1,+,SE,7.09E-09,0.112,223472,223761,NW_019863165.1_223472_223761
LOC112054339,NW_019863347.1,-,SE,0.001710645,0.042,115144,115509,NW_019863347.1_115144_115509
LOC112054339,NW_019863347.1,-,SE,0.031586084,0.026,115455,115784,NW_019863347.1_115455_115784
LOC112047975,NW_019862910.1,-,SE,7.20E-13,0.558,495916,496161,NW_019862910.1_495916_496161
LOC112047975,NW_019862910.1,-,SE,1.54E-09,0.266,495916,496161,NW_019862910.1_495916_496161
LOC112044537,NW_019862811.1,-,SE,0.00138755,-0.062,582347,582765,NW_019862811.1_582347_582765
LOC112053847,NW_019863288.1,+,SE,0.000159505,0.168,80012,80230,NW_019863288.1_80012_80230
LOC112043821,NW_019862799.1,+,SE,0,-0.674,39314,39568,NW_019862799.1_39314_39568
LOC112043829,NW_019862799.1,-,SE,7.03E-06,0.274,218979,219227,NW_019862799.1_218979_219227
LOC112043847,NW_019862799.1,-,SE,0.029207157,-0.109,703912,704343,NW_019862799.1_703912_704343
LOC112043847,NW_019862799.1,-,SE,3.60E-05,-0.309,703912,704343,NW_019862799.1_703912_704343
LOC112043851,NW_019862799.1,+,SE,0.029450067,0.413,888203,888617,NW_019862799.1_888203_888617
LOC112043851,NW_019862799.1,+,SE,0.006016719,0.119,890094,890502,NW_019862799.1_890094_890502
LOC112049668,NW_019862983.1,-,SE,0.002815275,-0.122,405677,405914,NW_019862983.1_405677_405914
LOC112048291,NW_019862924.1,-,SE,0,0.737,328412,328648,NW_019862924.1_328412_328648
LOC112048290,NW_019862924.1,+,SE,0,0.436,376710,376982,NW_019862924.1_376710_376982
LOC112052130,NW_019863128.1,-,SE,0.002337263,-0.09,230839,231119,NW_019863128.1_230839_231119
LOC112042894,NW_019862781.1,+,SE,0,-0.581,921441,921749,NW_019862781.1_921441_921749
LOC112042894,NW_019862781.1,+,SE,4.46E-08,0.421,921804,922118,NW_019862781.1_921804_922118
LOC112042894,NW_019862781.1,+,SE,0,0.428,934090,934413,NW_019862781.1_934090_934413
LOC112042894,NW_019862781.1,+,SE,0,0.342,934093,934413,NW_019862781.1_934093_934413
LOC112042894,NW_019862781.1,+,SE,0,0.136,939130,939339,NW_019862781.1_939130_939339
LOC112042894,NW_019862781.1,+,SE,0,-0.603,965520,965993,NW_019862781.1_965520_965993
LOC112044702,NW_019862816.1,-,SE,8.74E-06,0.129,395651,395902,NW_019862816.1_395651_395902
LOC112044711,NW_019862816.1,-,SE,0.00418293,0.041,894499,894729,NW_019862816.1_894499_894729
LOC112054350,NW_019863349.1,+,SE,5.33E-05,0.077,188055,188423,NW_019863349.1_188055_188423
LOC112054738,NW_019863404.1,+,SE,0.002872377,-0.075,102726,102977,NW_019863404.1_102726_102977
LOC112052624,NW_019862759.1,-,SE,0.039463781,-0.021,468356,468776,NW_019862759.1_468356_468776
LOC112043935,NW_019862800.1,-,SE,6.46E-06,-0.117,701331,701615,NW_019862800.1_701331_701615
LOC112050757,NW_019863041.1,-,SE,0.012485005,-0.199,16042,16349,NW_019863041.1_16042_16349
LOC112053498,NW_019863247.1,-,SE,0,0.264,147584,148120,NW_019863247.1_147584_148120
LOC112043568,NW_019862792.1,+,SE,1.18E-09,-0.041,841705,842055,NW_019862792.1_841705_842055
LOC112044902,NW_019862819.1,+,SE,0,-0.292,627497,627874,NW_019862819.1_627497_627874
LOC112044902,NW_019862819.1,+,SE,0,0.363,627895,628272,NW_019862819.1_627895_628272
LOC112054942,NW_019863435.1,-,SE,0.000368708,-0.214,81462,81697,NW_019863435.1_81462_81697
LOC112052347,NW_019863142.1,-,SE,0.001028266,0.146,194684,195016,NW_019863142.1_194684_195016
LOC112049645,NW_019862756.1,-,SE,0,-0.471,170443,170715,NW_019862756.1_170443_170715
LOC112049719,NW_019862756.1,+,SE,0.000402246,0.022,220574,221020,NW_019862756.1_220574_221020
LOC112050384,NW_019862756.1,-,SE,9.27E-09,0.101,1796084,1796360,NW_019862756.1_1796084_1796360
LOC112050485,NW_019862756.1,-,SE,3.32E-07,0.391,2095106,2095480,NW_019862756.1_2095106_2095480
LOC112044346,NW_019862807.1,-,SE,4.71E-10,-0.246,137981,138250,NW_019862807.1_137981_138250
LOC112044349,NW_019862807.1,-,SE,1.57E-09,0.382,199540,199758,NW_019862807.1_199540_199758
LOC112044357,NW_019862807.1,-,SE,0.005866985,0.247,248298,248581,NW_019862807.1_248298_248581
LOC112044360,NW_019862807.1,+,SE,0.009818448,0.023,293567,293941,NW_019862807.1_293567_293941
LOC112051684,NW_019863097.1,-,SE,0.001380163,-0.269,180115,180360,NW_019863097.1_180115_180360
LOC112051684,NW_019863097.1,-,SE,3.71E-11,-0.337,195758,195976,NW_019863097.1_195758_195976
LOC112051684,NW_019863097.1,-,SE,0,0.489,198955,199842,NW_019863097.1_198955_199842
LOC112047364,NW_019862890.1,-,SE,0.027198341,0.035,155543,155914,NW_019862890.1_155543_155914
LOC112056436,NW_019863819.1,+,SE,0,-0.637,57875,58132,NW_019863819.1_57875_58132
LOC112045981,NW_019862845.1,+,SE,0,0.335,909611,909937,NW_019862845.1_909611_909937
LOC112045981,NW_019862845.1,+,SE,0,0.384,930072,930305,NW_019862845.1_930072_930305
LOC112045981,NW_019862845.1,+,SE,1.83E-13,0.263,930072,930305,NW_019862845.1_930072_930305
LOC112047386,NW_019862891.1,-,SE,0.000476461,0.525,380436,380705,NW_019862891.1_380436_380705
LOC112047386,NW_019862891.1,-,SE,0,0.788,380436,380705,NW_019862891.1_380436_380705
LOC112044285,NW_019862806.1,-,SE,3.50E-06,-0.099,532780,533085,NW_019862806.1_532780_533085
LOC112043790,NW_019862797.1,-,SE,0.001547101,-0.03,95900,96269,NW_019862797.1_95900_96269
LOC112043790,NW_019862797.1,-,SE,0.004586328,-0.03,97783,98078,NW_019862797.1_97783_98078
LOC112056309,NW_019863765.1,+,SE,1.64E-07,0.192,37750,38040,NW_019863765.1_37750_38040
LOC112056309,NW_019863765.1,+,SE,0,-0.493,41659,41961,NW_019863765.1_41659_41961
LOC112043734,NW_019862796.1,-,SE,6.04E-06,0.294,56086,56343,NW_019862796.1_56086_56343
LOC112043734,NW_019862796.1,-,SE,3.17E-05,-0.133,56086,56343,NW_019862796.1_56086_56343
LOC112042854,NW_019862780.1,+,SE,0.007719164,0.109,808177,808419,NW_019862780.1_808177_808419
LOC112043741,NW_019862796.1,+,SE,0.030606728,0.101,667254,667605,NW_019862796.1_667254_667605
LOC112048135,NW_019862918.1,-,SE,0,0.157,484133,484424,NW_019862918.1_484133_484424
LOC112048135,NW_019862918.1,-,SE,0,0.137,484147,484424,NW_019862918.1_484147_484424
LOC112042856,NW_019862780.1,+,SE,0.001769257,0.316,948069,948644,NW_019862780.1_948069_948644
LOC112057460,NW_019862764.1,+,SE,3.29E-08,0.081,1281089,1281361,NW_019862764.1_1281089_1281361
LOC112046638,NW_019862864.1,+,SE,2.78E-14,-0.254,332160,332435,NW_019862864.1_332160_332435
LOC112045043,NW_019862822.1,-,SE,0.048755957,-0.294,235598,235929,NW_019862822.1_235598_235929
LOC112056418,NW_019863807.1,-,SE,0.000219534,0.045,9595,9954,NW_019863807.1_9595_9954
LOC112054590,NW_019863380.1,-,SE,0.002194556,-0.112,120412,120816,NW_019863380.1_120412_120816
LOC112058620,NW_019862779.1,+,SE,8.70E-06,0.099,565213,565524,NW_019862779.1_565213_565524
LOC112058620,NW_019862779.1,+,SE,0.000199858,-0.213,570001,570315,NW_019862779.1_570001_570315
LOC112047618,NW_019862898.1,-,SE,0.000201134,-0.201,573375,573824,NW_019862898.1_573375_573824
LOC112047618,NW_019862898.1,-,SE,0.047196915,0.057,573375,573824,NW_019862898.1_573375_573824
LOC112047618,NW_019862898.1,-,SE,0.02868318,-0.047,573812,576496,NW_019862898.1_573812_576496
LOC112047618,NW_019862898.1,-,SE,0.023848926,-0.052,574142,576496,NW_019862898.1_574142_576496
LOC112047618,NW_019862898.1,-,SE,0.024320977,-0.052,575660,576496,NW_019862898.1_575660_576496
LOC112047618,NW_019862898.1,-,SE,0.038246725,-0.035,577350,577661,NW_019862898.1_577350_577661
LOC112051357,NW_019863077.1,-,SE,0.032480743,-0.067,297596,297847,NW_019863077.1_297596_297847
LOC112049318,NW_019862968.1,+,SE,0,-0.1,298473,298801,NW_019862968.1_298473_298801
LOC112049630,NW_019862981.1,-,SE,0.000132866,0.09,90119,90775,NW_019862981.1_90119_90775
LOC112045706,NW_019862838.1,-,SE,1.77E-05,0.104,746758,747067,NW_019862838.1_746758_747067
LOC112055835,NW_019863631.1,-,SE,0.000146734,-0.14,45669,46058,NW_019863631.1_45669_46058
LOC112055835,NW_019863631.1,-,SE,8.81E-07,-0.371,51597,51863,NW_019863631.1_51597_51863
LOC112054488,NW_019862761.1,-,SE,0.000355728,0.062,1189546,1189928,NW_019862761.1_1189546_1189928
LOC112044298,NW_019862806.1,+,SE,0.005754184,-0.058,664721,665026,NW_019862806.1_664721_665026
LOC112054240,NW_019863331.1,+,SE,0.000312834,-0.115,172814,173464,NW_019863331.1_172814_173464
LOC112045889,NW_019862843.1,+,SE,5.84E-06,0.097,13254,13466,NW_019862843.1_13254_13466
LOC112049111,NW_019862959.1,+,SE,0.024497569,-0.175,376255,376536,NW_019862959.1_376255_376536
LOC112048887,NW_019862755.1,+,SE,3.77E-07,-0.096,1282653,1282973,NW_019862755.1_1282653_1282973
LOC112049214,NW_019862755.1,+,SE,0.011074485,0.283,2564447,2564731,NW_019862755.1_2564447_2564731
LOC112049214,NW_019862755.1,+,SE,0.043441343,0.055,2565500,2565871,NW_019862755.1_2565500_2565871
LOC112043015,NW_019862784.1,-,SE,0.000997493,0.613,989139,989375,NW_019862784.1_989139_989375
LOC112044451,NW_019862809.1,+,SE,0.000129022,0.16,972818,973083,NW_019862809.1_972818_973083
LOC112048262,NW_019862923.1,-,SE,2.28E-07,0.578,335909,336266,NW_019862923.1_335909_336266
LOC112048262,NW_019862923.1,-,SE,2.26E-07,0.578,335909,336288,NW_019862923.1_335909_336288
LOC112048262,NW_019862923.1,-,SE,2.38E-07,0.575,335909,336292,NW_019862923.1_335909_336292
LOC112046669,NW_019862866.1,+,SE,0.009859219,0.459,744070,744435,NW_019862866.1_744070_744435
LOC112043493,NW_019862791.1,+,SE,0,-0.62,1449804,1450173,NW_019862791.1_1449804_1450173
LOC112043486,NW_019862791.1,-,SE,0.001639604,-0.503,1196929,1197230,NW_019862791.1_1196929_1197230
LOC112043486,NW_019862791.1,-,SE,0.000926484,-0.513,1196945,1197230,NW_019862791.1_1196945_1197230
LOC112050844,NW_019863046.1,-,SE,2.36E-12,-0.062,102515,102797,NW_019863046.1_102515_102797
LOC112051285,NW_019863072.1,+,SE,0.020600397,-0.034,128995,129324,NW_019863072.1_128995_129324
LOC112051127,NW_019863064.1,-,SE,1.07E-06,0.162,312224,312553,NW_019863064.1_312224_312553
LOC112051127,NW_019863064.1,-,SE,8.83E-07,0.162,312224,312559,NW_019863064.1_312224_312559
LOC112051127,NW_019863064.1,-,SE,1.23E-06,0.159,312224,312667,NW_019863064.1_312224_312667
LOC112043624,NW_019862793.1,+,SE,0.046917078,0.204,1085862,1086362,NW_019862793.1_1085862_1086362
LOC112043624,NW_019862793.1,+,SE,0.013681555,0.165,1086064,1086366,NW_019862793.1_1086064_1086366
LOC112051279,NW_019863071.1,-,SE,1.59E-07,0.13,177081,177374,NW_019863071.1_177081_177374
LOC112051279,NW_019863071.1,-,SE,0.013022139,0.134,177142,177376,NW_019863071.1_177142_177376
LOC112053753,NW_019863278.1,+,SE,0.000114774,0.111,114742,115020,NW_019863278.1_114742_115020
LOC112053753,NW_019863278.1,+,SE,0.000112345,0.119,114749,115020,NW_019863278.1_114749_115020
LOC112045392,NW_019862831.1,+,SE,0.003571721,-0.121,664244,664610,NW_019862831.1_664244_664610
LOC112045392,NW_019862831.1,+,SE,0.003210068,-0.139,664270,664610,NW_019862831.1_664270_664610
LOC112045392,NW_019862831.1,+,SE,0.002568494,-0.155,664288,664610,NW_019862831.1_664288_664610
LOC112051879,NW_019863109.1,-,SE,0.015031452,0.205,251682,251988,NW_019863109.1_251682_251988
LOC112051879,NW_019863109.1,-,SE,0,0.522,261878,262135,NW_019863109.1_261878_262135
LOC112051888,NW_019863109.1,+,SE,0.008525834,0.065,223641,223996,NW_019863109.1_223641_223996
LOC112057302,NW_019864796.1,+,SE,0.015034856,0.261,937,1341,NW_019864796.1_937_1341
LOC112057302,NW_019864796.1,+,SE,0.000730636,0.443,953,1248,NW_019864796.1_953_1248
LOC112051425,NW_019863082.1,+,SE,0.005769265,-0.073,320430,320719,NW_019863082.1_320430_320719
LOC112053613,NW_019863261.1,+,SE,0,-0.28,196852,197180,NW_019863261.1_196852_197180
LOC112053613,NW_019863261.1,+,SE,0,-0.324,197089,197436,NW_019863261.1_197089_197436
LOC112051215,NW_019863068.1,-,SE,6.19E-05,-0.043,214952,215332,NW_019863068.1_214952_215332
LOC112048194,NW_019862920.1,+,SE,0.000187621,-0.472,586667,587073,NW_019862920.1_586667_587073
LOC112048194,NW_019862920.1,+,SE,0.002583251,-0.374,586706,587074,NW_019862920.1_586706_587074
LOC112048194,NW_019862920.1,+,SE,1.35E-06,-0.385,586706,587074,NW_019862920.1_586706_587074
LOC112048194,NW_019862920.1,+,SE,0.002609056,-0.373,586709,587074,NW_019862920.1_586709_587074
LOC112048194,NW_019862920.1,+,SE,1.35E-06,-0.385,586709,587074,NW_019862920.1_586709_587074
LOC112057917,NW_019862768.1,+,SE,0.047557679,0.02,1385768,1386130,NW_019862768.1_1385768_1386130
LOC112045389,NW_019862831.1,+,SE,0.039324012,0.26,172190,172525,NW_019862831.1_172190_172525
LOC112045389,NW_019862831.1,+,SE,0.017488318,-0.086,173680,174015,NW_019862831.1_173680_174015
LOC112049386,NW_019862970.1,+,SE,0.002792332,0.073,438134,438438,NW_019862970.1_438134_438438
LOC112050193,NW_019862748.1,+,SE,1.53E-05,-0.066,328506,328754,NW_019862748.1_328506_328754
LOC112050193,NW_019862748.1,+,SE,0.001515568,0.127,328974,329389,NW_019862748.1_328974_329389
LOC112057184,NW_019864480.1,-,SE,0.013887359,-0.227,4506,5148,NW_019864480.1_4506_5148
LOC112053808,NW_019862760.1,+,SE,0.001028266,0.106,773457,773873,NW_019862760.1_773457_773873
LOC112043601,NW_019862793.1,+,SE,2.35E-05,-0.287,1193710,1194025,NW_019862793.1_1193710_1194025
LOC112043601,NW_019862793.1,+,SE,5.73E-05,-0.281,1193710,1194032,NW_019862793.1_1193710_1194032
LOC112043601,NW_019862793.1,+,SE,6.23E-06,-0.293,1193710,1194057,NW_019862793.1_1193710_1194057
LOC112054131,NW_019862760.1,-,SE,0.001023222,0.128,310583,310955,NW_019862760.1_310583_310955
LOC112054131,NW_019862760.1,-,SE,0.00139096,0.13,310583,310962,NW_019862760.1_310583_310962
LOC112054131,NW_019862760.1,-,SE,0.000267783,0.158,310583,310985,NW_019862760.1_310583_310985
LOC112043412,NW_019862790.1,+,SE,0.002148837,-0.03,178249,178693,NW_019862790.1_178249_178693
LOC112043412,NW_019862790.1,+,SE,0.007646175,-0.023,178395,178693,NW_019862790.1_178395_178693
LOC112051862,NW_019862748.1,-,SE,1.50E-06,0.068,385522,385913,NW_019862748.1_385522_385913
LOC112051862,NW_019862748.1,-,SE,2.35E-06,0.065,385522,385918,NW_019862748.1_385522_385918
LOC112051862,NW_019862748.1,-,SE,1.50E-06,0.068,385522,385940,NW_019862748.1_385522_385940
LOC112051862,NW_019862748.1,-,SE,1.44E-06,0.068,385522,385969,NW_019862748.1_385522_385969
LOC112051862,NW_019862748.1,-,SE,1.45E-06,0.068,385522,385974,NW_019862748.1_385522_385974
LOC112051862,NW_019862748.1,-,SE,1.60E-06,0.068,385522,385980,NW_019862748.1_385522_385980
LOC112051862,NW_019862748.1,-,SE,5.59E-06,0.061,385526,385890,NW_019862748.1_385526_385890
LOC112051862,NW_019862748.1,-,SE,0.001060748,0.4,385526,385918,NW_019862748.1_385526_385918
LOC112051862,NW_019862748.1,-,SE,0.009445304,0.024,414955,415546,NW_019862748.1_414955_415546
LOC112051862,NW_019862748.1,-,SE,0.026810979,-0.071,465232,465462,NW_019862748.1_465232_465462
LOC112046339,NW_019862855.1,-,SE,0,-0.057,669691,670079,NW_019862855.1_669691_670079
LOC112046339,NW_019862855.1,-,SE,9.68E-10,-0.048,669764,670015,NW_019862855.1_669764_670015
LOC112046339,NW_019862855.1,-,SE,8.60E-12,-0.052,671197,671602,NW_019862855.1_671197_671602
LOC112046279,NW_019862853.1,-,SE,0.045615671,0.031,819338,819581,NW_019862853.1_819338_819581
LOC112058428,NW_019862776.1,-,SE,9.05E-08,0.379,1076732,1077055,NW_019862776.1_1076732_1077055
LOC112046150,NW_019862849.1,+,SE,0.014077308,0.49,258426,258939,NW_019862849.1_258426_258939
LOC112046720,NW_019862748.1,+,SE,0.006253735,0.022,1894994,1895274,NW_019862748.1_1894994_1895274
LOC112046720,NW_019862748.1,+,SE,0.007772832,0.019,1894994,1895605,NW_019862748.1_1894994_1895605
LOC112046720,NW_019862748.1,+,SE,0.000788764,0.114,1902478,1902752,NW_019862748.1_1902478_1902752
LOC112052623,NW_019863164.1,-,SE,0.032109703,0.065,47685,47964,NW_019863164.1_47685_47964
LOC112052465,NW_019863150.1,+,SE,0.008306997,-0.396,123595,123877,NW_019863150.1_123595_123877
LOC112052465,NW_019863150.1,+,SE,0.020416981,-0.323,123595,124125,NW_019863150.1_123595_124125
LOC112056481,NW_019863837.1,+,SE,9.04E-13,-0.229,21531,21958,NW_019863837.1_21531_21958
LOC112048678,NW_019862940.1,+,SE,0.036047111,-0.024,550790,551142,NW_019862940.1_550790_551142
LOC112048678,NW_019862940.1,+,SE,0.010011855,-0.037,550790,551146,NW_019862940.1_550790_551146
LOC112046466,NW_019862858.1,+,SE,2.79E-08,0.333,691635,691969,NW_019862858.1_691635_691969
LOC112046466,NW_019862858.1,+,SE,6.51E-08,0.326,691635,692040,NW_019862858.1_691635_692040
LOC112046832,NW_019862872.1,+,SE,0,0.784,394855,395422,NW_019862872.1_394855_395422
LOC112046832,NW_019862872.1,+,SE,0,0.78,395032,395422,NW_019862872.1_395032_395422
LOC112051951,NW_019862758.1,-,SE,0.000247288,0.057,2123052,2123342,NW_019862758.1_2123052_2123342
LOC112051951,NW_019862758.1,-,SE,0.000266263,0.054,2123052,2123356,NW_019862758.1_2123052_2123356
LOC112051708,NW_019863098.1,+,SE,0.005866985,0.041,252257,252603,NW_019863098.1_252257_252603
LOC112049108,NW_019862958.1,+,SE,0.000871934,0.287,522913,523189,NW_019862958.1_522913_523189
LOC112051118,NW_019862757.1,-,SE,0,0.491,1541673,1542041,NW_019862757.1_1541673_1542041
LOC112052627,NW_019863164.1,+,SE,0.049028464,0.105,78113,78788,NW_019863164.1_78113_78788
LOC112052627,NW_019863164.1,+,SE,0.005265057,0.129,78480,78788,NW_019863164.1_78480_78788
LOC112056414,NW_019862763.1,-,SE,5.55E-13,0.278,1583170,1583803,NW_019862763.1_1583170_1583803
LOC112056414,NW_019862763.1,-,SE,0,0.023,1583171,1583803,NW_019862763.1_1583171_1583803
LOC112044883,NW_019862819.1,+,SE,4.72E-07,0.053,818250,818574,NW_019862819.1_818250_818574
LOC112054505,NW_019863366.1,+,SE,0.006310024,0.029,104854,105202,NW_019863366.1_104854_105202
LOC112058271,NW_019862749.1,-,SE,5.49E-08,0.281,475672,475960,NW_019862749.1_475672_475960
LOC112058271,NW_019862749.1,-,SE,9.85E-06,0.137,475672,476006,NW_019862749.1_475672_476006
LOC112051535,NW_019863088.1,+,SE,0,-0.806,353901,354157,NW_019863088.1_353901_354157
LOC112051535,NW_019863088.1,+,SE,1.10E-05,-0.115,360374,360915,NW_019863088.1_360374_360915
LOC112051535,NW_019863088.1,+,SE,1.09E-05,-0.115,360374,360940,NW_019863088.1_360374_360940
LOC112052394,NW_019863145.1,+,SE,0.021592877,-0.079,15049,15372,NW_019863145.1_15049_15372
LOC112058145,NW_019862749.1,+,SE,0.003292665,0.065,354645,354892,NW_019862749.1_354645_354892
LOC112049074,NW_019862958.1,-,SE,0.017334652,-0.03,36234,36682,NW_019862958.1_36234_36682
LOC112049074,NW_019862958.1,-,SE,0.017334652,-0.03,36260,36682,NW_019862958.1_36260_36682
LOC112049074,NW_019862958.1,-,SE,0.009118913,-0.032,36360,36682,NW_019862958.1_36360_36682
LOC112050840,NW_019863045.1,+,SE,1.59E-07,-0.079,416219,416620,NW_019863045.1_416219_416620
LOC112043473,NW_019862750.1,+,SE,0.035395239,0.258,371885,372295,NW_019862750.1_371885_372295
LOC112043473,NW_019862750.1,+,SE,0.030075125,0.262,371939,372295,NW_019862750.1_371939_372295
LOC112043473,NW_019862750.1,+,SE,0.037520281,0.256,371952,372295,NW_019862750.1_371952_372295
LOC112043473,NW_019862750.1,+,SE,0.046768302,0.252,372021,372295,NW_019862750.1_372021_372295
LOC112045305,NW_019862828.1,+,SE,0,-0.282,795837,796079,NW_019862828.1_795837_796079
LOC112045305,NW_019862828.1,+,SE,0,-0.309,809521,809895,NW_019862828.1_809521_809895
LOC112045305,NW_019862828.1,+,SE,0,-0.309,809529,809895,NW_019862828.1_809529_809895
LOC112058008,NW_019862770.1,+,SE,0,-0.085,1619214,1619698,NW_019862770.1_1619214_1619698
LOC112058008,NW_019862770.1,+,SE,0.00036989,0.086,1631658,1632041,NW_019862770.1_1631658_1632041
LOC112058008,NW_019862770.1,+,SE,0.00035147,0.086,1631684,1632041,NW_019862770.1_1631684_1632041
LOC112058008,NW_019862770.1,+,SE,0.00036989,0.086,1631687,1632041,NW_019862770.1_1631687_1632041
LOC112058008,NW_019862770.1,+,SE,0.000931857,0.078,1631816,1632041,NW_019862770.1_1631816_1632041
LOC112058008,NW_019862770.1,+,SE,0.00086301,0.09,1631822,1632041,NW_019862770.1_1631822_1632041
LOC112058007,NW_019862770.1,-,SE,0.015940866,0.026,1579805,1580369,NW_019862770.1_1579805_1580369
LOC112057974,NW_019862770.1,+,SE,0,0.446,544964,545505,NW_019862770.1_544964_545505
LOC112057974,NW_019862770.1,+,SE,2.02E-11,-0.048,618045,618527,NW_019862770.1_618045_618527
LOC112044022,NW_019862802.1,-,SE,0.009415017,0.192,29608,30002,NW_019862802.1_29608_30002
LOC112052043,NW_019863120.1,-,SE,7.63E-09,0.053,91268,91512,NW_019863120.1_91268_91512
LOC112052043,NW_019863120.1,-,SE,2.70E-12,0.074,91268,91763,NW_019863120.1_91268_91763
LOC112052043,NW_019863120.1,-,SE,3.95E-12,0.073,91268,91872,NW_019863120.1_91268_91872
LOC112050343,NW_019863018.1,+,SE,0.007177342,0.127,275873,276148,NW_019863018.1_275873_276148
LOC112050343,NW_019863018.1,+,SE,1.32E-10,0.151,290090,290473,NW_019863018.1_290090_290473
LOC112055790,NW_019862762.1,+,SE,0.038762652,-0.044,2005554,2005823,NW_019862762.1_2005554_2005823
LOC112055740,NW_019862762.1,-,SE,2.74E-07,-0.519,1937050,1937427,NW_019862762.1_1937050_1937427
LOC112055740,NW_019862762.1,-,SE,1.22E-09,-0.635,1937200,1937409,NW_019862762.1_1937200_1937409
LOC112055740,NW_019862762.1,-,SE,1.60E-10,-0.534,1937200,1937508,NW_019862762.1_1937200_1937508
LOC112055727,NW_019862762.1,+,SE,0.027014896,0.02,1911394,1911639,NW_019862762.1_1911394_1911639
LOC112055727,NW_019862762.1,+,SE,0.003036135,0.019,1911405,1911639,NW_019862762.1_1911405_1911639
LOC112042853,NW_019862780.1,+,SE,1.45E-08,0.112,763902,764181,NW_019862780.1_763902_764181
LOC112050015,NW_019863002.1,-,SE,0.008497134,-0.025,177955,178284,NW_019863002.1_177955_178284
LOC112055306,NW_019862762.1,-,SE,0.000248382,-0.215,228199,228491,NW_019862762.1_228199_228491
LOC112052052,NW_019863121.1,-,SE,8.53E-05,0.026,117178,117689,NW_019863121.1_117178_117689
LOC112052052,NW_019863121.1,-,SE,0.000231772,0.023,117274,117689,NW_019863121.1_117274_117689
LOC112052052,NW_019863121.1,-,SE,5.99E-05,0.032,117317,117689,NW_019863121.1_117317_117689
LOC112047743,NW_019862903.1,-,SE,1.10E-05,-0.117,406756,407123,NW_019862903.1_406756_407123
LOC112045313,NW_019862829.1,-,SE,0,0.385,330565,330999,NW_019862829.1_330565_330999
LOC112045313,NW_019862829.1,-,SE,0,0.384,330565,331005,NW_019862829.1_330565_331005
LOC112052089,NW_019863124.1,+,SE,8.25E-05,0.153,306246,306590,NW_019863124.1_306246_306590
LOC112046526,NW_019862860.1,+,SE,0.000879334,-0.159,268984,269295,NW_019862860.1_268984_269295
LOC112054793,NW_019863415.1,+,SE,0.005622786,0.178,68505,68907,NW_019863415.1_68505_68907
LOC112054793,NW_019863415.1,+,SE,0.003037167,0.178,68554,68907,NW_019863415.1_68554_68907
LOC112045373,NW_019862752.1,-,SE,0.0279773,-0.208,280974,281270,NW_019862752.1_280974_281270
LOC112047587,NW_019862897.1,+,SE,0.001339922,0.089,91532,91925,NW_019862897.1_91532_91925
LOC112053036,NW_019863198.1,+,SE,4.85E-11,0.271,237893,238372,NW_019863198.1_237893_238372
LOC112051619,NW_019862758.1,+,SE,3.27E-13,-0.456,728755,729012,NW_019862758.1_728755_729012
LOC112047541,NW_019862896.1,-,SE,0.000296343,0.118,484823,485104,NW_019862896.1_484823_485104
LOC112047541,NW_019862896.1,-,SE,0.000898697,0.13,484859,485119,NW_019862896.1_484859_485119
LOC112045785,NW_019862752.1,-,SE,0.000202689,-0.051,1261860,1262182,NW_019862752.1_1261860_1262182
LOC112050417,NW_019862756.1,+,SE,0.015034856,0.006,1853458,1853701,NW_019862756.1_1853458_1853701
LOC112050417,NW_019862756.1,+,SE,0.000613564,-0.014,1857454,1857816,NW_019862756.1_1857454_1857816
LOC112050417,NW_019862756.1,+,SE,0,-0.019,1857454,1857816,NW_019862756.1_1857454_1857816
LOC112050417,NW_019862756.1,+,SE,0,-0.142,1857553,1857864,NW_019862756.1_1857553_1857864
LOC112050417,NW_019862756.1,+,SE,0.000109561,-0.02,1857556,1857816,NW_019862756.1_1857556_1857816
LOC112050417,NW_019862756.1,+,SE,0,-0.026,1857556,1857816,NW_019862756.1_1857556_1857816
LOC112051407,NW_019863081.1,+,SE,0.001780623,0.325,12451,12779,NW_019863081.1_12451_12779
LOC112051407,NW_019863081.1,+,SE,0.00231042,0.308,12451,12779,NW_019863081.1_12451_12779
LOC112048077,NW_019862915.1,-,SE,1.91E-09,0.064,614521,615019,NW_019862915.1_614521_615019
LOC112048077,NW_019862915.1,-,SE,0.00335177,-0.104,615632,616130,NW_019862915.1_615632_616130
LOC112045022,NW_019862751.1,+,SE,0.036778469,-0.199,2488081,2488621,NW_019862751.1_2488081_2488621
LOC112044894,NW_019862751.1,-,SE,2.21E-08,-0.259,1710750,1711213,NW_019862751.1_1710750_1711213
LOC112044894,NW_019862751.1,-,SE,2.29E-08,-0.259,1710750,1711216,NW_019862751.1_1710750_1711216
LOC112044894,NW_019862751.1,-,SE,0,-0.337,1713508,1713833,NW_019862751.1_1713508_1713833
LOC112044894,NW_019862751.1,-,SE,0,-0.345,1713508,1713842,NW_019862751.1_1713508_1713842
LOC112044894,NW_019862751.1,-,SE,0,-0.339,1713508,1713929,NW_019862751.1_1713508_1713929
LOC112044894,NW_019862751.1,-,SE,0,-0.324,1713508,1713932,NW_019862751.1_1713508_1713932
LOC112044894,NW_019862751.1,-,SE,0,-0.34,1713508,1713936,NW_019862751.1_1713508_1713936
LOC112044894,NW_019862751.1,-,SE,0,-0.341,1713508,1713949,NW_019862751.1_1713508_1713949
LOC112044894,NW_019862751.1,-,SE,0,-0.343,1713508,1714022,NW_019862751.1_1713508_1714022
LOC112044894,NW_019862751.1,-,SE,0,-0.343,1713508,1714031,NW_019862751.1_1713508_1714031
LOC112044894,NW_019862751.1,-,SE,0,-0.343,1713508,1714060,NW_019862751.1_1713508_1714060
LOC112044894,NW_019862751.1,-,SE,0,-0.343,1713508,1714065,NW_019862751.1_1713508_1714065
LOC112044894,NW_019862751.1,-,SE,0,-0.343,1713508,1714094,NW_019862751.1_1713508_1714094
LOC112044894,NW_019862751.1,-,SE,0,-0.343,1713508,1714156,NW_019862751.1_1713508_1714156
LOC112044795,NW_019862751.1,+,SE,2.60E-07,0.328,1446903,1447237,NW_019862751.1_1446903_1447237
LOC112044795,NW_019862751.1,+,SE,2.29E-05,0.393,1446903,1447372,NW_019862751.1_1446903_1447372
LOC112044795,NW_019862751.1,+,SE,3.16E-07,0.339,1446931,1447237,NW_019862751.1_1446931_1447237
LOC112044795,NW_019862751.1,+,SE,2.29E-05,0.393,1446931,1447372,NW_019862751.1_1446931_1447372
LOC112055541,NW_019863548.1,+,SE,0.033097219,0.032,20730,20942,NW_019863548.1_20730_20942
LOC112044703,NW_019862751.1,+,SE,0.005265057,0.008,1009823,1010136,NW_019862751.1_1009823_1010136
LOC112044703,NW_019862751.1,+,SE,0.019047996,0.007,1009823,1010147,NW_019862751.1_1009823_1010147
LOC112044703,NW_019862751.1,+,SE,0.00952369,0.007,1009823,1010199,NW_019862751.1_1009823_1010199
LOC112044703,NW_019862751.1,+,SE,0.008502491,0.007,1009823,1010215,NW_019862751.1_1009823_1010215
LOC112044703,NW_019862751.1,+,SE,0.010588876,0.007,1009823,1010336,NW_019862751.1_1009823_1010336
LOC112044703,NW_019862751.1,+,SE,4.14E-06,0.011,1009879,1010265,NW_019862751.1_1009879_1010265
LOC112049404,NW_019862971.1,-,SE,0.007698013,0.131,703869,704355,NW_019862971.1_703869_704355
LOC112049404,NW_019862971.1,-,SE,0.005337775,0.116,703873,704172,NW_019862971.1_703873_704172
LOC112049404,NW_019862971.1,-,SE,0.000555437,-0.371,707245,707522,NW_019862971.1_707245_707522
LOC112049404,NW_019862971.1,-,SE,1.31E-05,0.283,707530,707823,NW_019862971.1_707530_707823
LOC112045796,NW_019862841.1,-,SE,0.011936861,-0.369,313916,314244,NW_019862841.1_313916_314244
LOC112045796,NW_019862841.1,-,SE,0.008312317,-0.319,313951,314202,NW_019862841.1_313951_314202
LOC112045796,NW_019862841.1,-,SE,0.011413326,-0.36,313952,314244,NW_019862841.1_313952_314244
LOC112051724,NW_019863099.1,+,SE,0.000345984,-0.025,81762,82023,NW_019863099.1_81762_82023
LOC112057845,NW_019862767.1,-,SE,0.016258868,-0.047,1470131,1470417,NW_019862767.1_1470131_1470417
LOC112046056,NW_019862846.1,-,SE,0,0.664,412469,412800,NW_019862846.1_412469_412800
LOC112045687,NW_019862838.1,-,SE,0,0.569,370795,371078,NW_019862838.1_370795_371078
LOC112045687,NW_019862838.1,-,SE,0,0.517,370806,371081,NW_019862838.1_370806_371081
LOC112045687,NW_019862838.1,-,SE,0,0.536,370806,371097,NW_019862838.1_370806_371097
LOC112045687,NW_019862838.1,-,SE,0,0.58,370832,371078,NW_019862838.1_370832_371078
LOC112050349,NW_019863018.1,+,SE,0.000219534,0.232,437541,437894,NW_019863018.1_437541_437894
LOC112050349,NW_019863018.1,+,SE,0.000522583,0.193,437579,437895,NW_019863018.1_437579_437895
LOC112053443,NW_019862760.1,+,SE,0.003050943,-0.348,52244,52525,NW_019862760.1_52244_52525
LOC112053443,NW_019862760.1,+,SE,0.002113596,-0.223,52244,52525,NW_019862760.1_52244_52525
LOC112053443,NW_019862760.1,+,SE,0.000209488,-0.541,52244,52525,NW_019862760.1_52244_52525
LOC112053443,NW_019862760.1,+,SE,9.72E-10,-0.466,52244,52574,NW_019862760.1_52244_52574
LOC112053443,NW_019862760.1,+,SE,0.047343255,-0.352,52244,52574,NW_019862760.1_52244_52574
LOC112053443,NW_019862760.1,+,SE,1.27E-10,-0.356,52244,52574,NW_019862760.1_52244_52574
LOC112053443,NW_019862760.1,+,SE,0.016687968,-0.162,52316,52525,NW_019862760.1_52316_52525
LOC112053443,NW_019862760.1,+,SE,0.005426734,-0.14,52316,52525,NW_019862760.1_52316_52525
LOC112053443,NW_019862760.1,+,SE,3.52E-05,-0.276,52316,52574,NW_019862760.1_52316_52574
LOC112053443,NW_019862760.1,+,SE,0.000297464,-0.527,52316,52574,NW_019862760.1_52316_52574
LOC112053443,NW_019862760.1,+,SE,5.09E-06,-0.26,52316,52574,NW_019862760.1_52316_52574
LOC112053443,NW_019862760.1,+,SE,6.47E-05,-0.276,52325,52574,NW_019862760.1_52325_52574
LOC112053443,NW_019862760.1,+,SE,0.017162749,-0.185,52352,52574,NW_019862760.1_52352_52574
LOC112053443,NW_019862760.1,+,SE,0.024303942,-0.211,55165,55690,NW_019862760.1_55165_55690
LOC112053443,NW_019862760.1,+,SE,2.52E-06,-0.031,55169,55691,NW_019862760.1_55169_55691
LOC112053443,NW_019862760.1,+,SE,0.000619381,-0.045,55169,55691,NW_019862760.1_55169_55691
LOC112053443,NW_019862760.1,+,SE,0.000621945,-0.045,55178,55691,NW_019862760.1_55178_55691
LOC112053443,NW_019862760.1,+,SE,2.51E-06,-0.031,55202,55691,NW_019862760.1_55202_55691
LOC112053443,NW_019862760.1,+,SE,0.000603875,-0.045,55202,55691,NW_019862760.1_55202_55691
LOC112053443,NW_019862760.1,+,SE,2.51E-06,-0.031,55256,55691,NW_019862760.1_55256_55691
LOC112053443,NW_019862760.1,+,SE,2.53E-06,-0.031,55279,55691,NW_019862760.1_55279_55691
LOC112053443,NW_019862760.1,+,SE,0.000613564,-0.045,55279,55691,NW_019862760.1_55279_55691
LOC112053443,NW_019862760.1,+,SE,2.52E-06,-0.031,55283,55691,NW_019862760.1_55283_55691
LOC112053443,NW_019862760.1,+,SE,0.000603875,-0.045,55283,55691,NW_019862760.1_55283_55691
LOC112053443,NW_019862760.1,+,SE,2.51E-06,-0.031,55298,55691,NW_019862760.1_55298_55691
LOC112053443,NW_019862760.1,+,SE,0.000606237,-0.045,55298,55691,NW_019862760.1_55298_55691
LOC112053443,NW_019862760.1,+,SE,2.68E-06,-0.031,55342,55691,NW_019862760.1_55342_55691
LOC112053443,NW_019862760.1,+,SE,0.000626864,-0.044,55342,55691,NW_019862760.1_55342_55691
LOC112053443,NW_019862760.1,+,SE,3.00E-06,-0.031,55351,55691,NW_019862760.1_55351_55691
LOC112053443,NW_019862760.1,+,SE,0.000495767,-0.044,55351,55691,NW_019862760.1_55351_55691
LOC112053443,NW_019862760.1,+,SE,0.000450666,-0.043,55359,55691,NW_019862760.1_55359_55691
LOC112053443,NW_019862760.1,+,SE,0.027659769,0.156,55360,55690,NW_019862760.1_55360_55690
LOC112053443,NW_019862760.1,+,SE,1.63E-06,-0.217,55370,55690,NW_019862760.1_55370_55690
LOC112053443,NW_019862760.1,+,SE,4.00E-06,-0.03,55378,55691,NW_019862760.1_55378_55691
LOC112053443,NW_019862760.1,+,SE,0.000342585,-0.043,55378,55691,NW_019862760.1_55378_55691
LOC112053443,NW_019862760.1,+,SE,3.46E-06,-0.03,55380,55691,NW_019862760.1_55380_55691
LOC112053443,NW_019862760.1,+,SE,0.000371529,-0.044,55380,55691,NW_019862760.1_55380_55691
LOC112053443,NW_019862760.1,+,SE,2.45E-06,-0.031,55394,55691,NW_019862760.1_55394_55691
LOC112053443,NW_019862760.1,+,SE,0.000300748,-0.045,55394,55691,NW_019862760.1_55394_55691
LOC112050692,NW_019863038.1,+,SE,5.37E-11,0.101,198212,198525,NW_019863038.1_198212_198525
LOC112044497,NW_019862810.1,+,SE,4.05E-05,-0.073,1067652,1068121,NW_019862810.1_1067652_1068121
LOC112044497,NW_019862810.1,+,SE,1.14E-11,-0.125,1067831,1068293,NW_019862810.1_1067831_1068293
LOC112054185,NW_019862760.1,+,SE,0,0.223,903215,903835,NW_019862760.1_903215_903835
LOC112054185,NW_019862760.1,+,SE,0,0.223,903290,903835,NW_019862760.1_903290_903835
LOC112046897,NW_019862874.1,+,SE,5.81E-09,0.548,783592,784037,NW_019862874.1_783592_784037
LOC112043861,NW_019862799.1,+,SE,0.005720657,-0.017,1083265,1083682,NW_019862799.1_1083265_1083682
LOC112043861,NW_019862799.1,+,SE,6.49E-06,-0.026,1083277,1083714,NW_019862799.1_1083277_1083714
LOC112058448,NW_019862776.1,-,SE,6.76E-05,0.519,1582401,1582737,NW_019862776.1_1582401_1582737
LOC112044547,NW_019862811.1,+,SE,0,0.189,709253,709521,NW_019862811.1_709253_709521
LOC112044547,NW_019862811.1,+,SE,2.02E-10,0.134,709282,709521,NW_019862811.1_709282_709521
LOC112048826,NW_019862946.1,+,SE,1.95E-10,-0.313,522375,522637,NW_019862946.1_522375_522637
LOC112048826,NW_019862946.1,+,SE,5.13E-08,-0.351,522377,522641,NW_019862946.1_522377_522641
LOC112046814,NW_019862872.1,+,SE,0.004624189,0.06,427700,427947,NW_019862872.1_427700_427947
LOC112047122,NW_019862882.1,-,SE,0.014818511,-0.099,638986,639224,NW_019862882.1_638986_639224
LOC112051763,NW_019863101.1,-,SE,4.98E-05,0.033,219284,219663,NW_019863101.1_219284_219663
LOC112051763,NW_019863101.1,-,SE,6.71E-05,0.028,219284,219677,NW_019863101.1_219284_219677
LOC112051763,NW_019863101.1,-,SE,0.004535859,0.02,219284,219981,NW_019863101.1_219284_219981
LOC112056668,NW_019863935.1,+,SE,0.008292494,0.05,26272,26661,NW_019863935.1_26272_26661
LOC112056668,NW_019863935.1,+,SE,0.023066584,0.042,26350,26661,NW_019863935.1_26350_26661
LOC112056668,NW_019863935.1,+,SE,0,-0.361,33631,33950,NW_019863935.1_33631_33950
LOC112058518,NW_019862778.1,-,SE,0.031698223,-0.187,49702,50026,NW_019862778.1_49702_50026
LOC112049870,NW_019862756.1,-,SE,0.004121737,-0.086,647006,647275,NW_019862756.1_647006_647275
LOC112050499,NW_019863026.1,+,SE,0.015764557,0.017,300440,300749,NW_019863026.1_300440_300749
LOC112043019,NW_019862784.1,-,SE,2.92E-05,0.097,1111303,1111736,NW_019862784.1_1111303_1111736
LOC112048007,NW_019862911.1,-,SE,0.000910631,-0.184,326083,326440,NW_019862911.1_326083_326440
LOC112048007,NW_019862911.1,-,SE,0.000909226,-0.184,326083,326464,NW_019862911.1_326083_326464
LOC112048007,NW_019862911.1,-,SE,0.000891878,-0.186,326083,326479,NW_019862911.1_326083_326479
LOC112050066,NW_019863004.1,+,SE,0.03305416,-0.078,429682,430289,NW_019863004.1_429682_430289
LOC112046887,NW_019862874.1,-,SE,0.010476357,-0.041,22190,22601,NW_019862874.1_22190_22601
LOC112046887,NW_019862874.1,-,SE,0.000969199,0.286,22248,22611,NW_019862874.1_22248_22611
LOC112043853,NW_019862799.1,-,SE,0.013470297,0.195,848544,849210,NW_019862799.1_848544_849210
LOC112043853,NW_019862799.1,-,SE,0.048755957,0.147,848944,849205,NW_019862799.1_848944_849205
LOC112052988,NW_019862759.1,-,SE,9.14E-05,-0.149,1289993,1290323,NW_019862759.1_1289993_1290323
LOC112052988,NW_019862759.1,-,SE,0.002143882,-0.124,1290091,1290305,NW_019862759.1_1290091_1290305
LOC112052988,NW_019862759.1,-,SE,0.000338421,-0.122,1290091,1290311,NW_019862759.1_1290091_1290311
LOC112052988,NW_019862759.1,-,SE,4.04E-06,-0.148,1290091,1290457,NW_019862759.1_1290091_1290457
LOC112052988,NW_019862759.1,-,SE,4.16E-06,-0.147,1290091,1290474,NW_019862759.1_1290091_1290474
LOC112052988,NW_019862759.1,-,SE,3.98E-06,-0.148,1290091,1290543,NW_019862759.1_1290091_1290543
LOC112043822,NW_019862799.1,-,SE,0.008293737,-0.08,647456,647716,NW_019862799.1_647456_647716
LOC112043424,NW_019862790.1,+,SE,0,-0.072,626128,626501,NW_019862790.1_626128_626501
LOC112052559,NW_019863157.1,+,SE,0.009194314,0.062,138313,138569,NW_019863157.1_138313_138569
LOC112052559,NW_019863157.1,+,SE,0.00952606,0.062,138315,138569,NW_019863157.1_138315_138569
LOC112052559,NW_019863157.1,+,SE,0.010216703,0.063,138316,138569,NW_019863157.1_138316_138569
LOC112058009,NW_019862770.1,-,SE,0.0154181,-0.227,1698713,1699411,NW_019862770.1_1698713_1699411
LOC112050776,NW_019863042.1,-,SE,1.71E-06,-0.125,275021,275360,NW_019863042.1_275021_275360
LOC112058550,NW_019862778.1,-,SE,0.018861435,-0.009,1102864,1103465,NW_019862778.1_1102864_1103465
LOC112058550,NW_019862778.1,-,SE,0,0.167,1102868,1103156,NW_019862778.1_1102868_1103156
LOC112058550,NW_019862778.1,-,SE,0.018888951,-0.009,1102898,1103465,NW_019862778.1_1102898_1103465
LOC112058550,NW_019862778.1,-,SE,0.01882718,-0.009,1102955,1103465,NW_019862778.1_1102955_1103465
LOC112058550,NW_019862778.1,-,SE,0.01882718,-0.009,1102972,1103465,NW_019862778.1_1102972_1103465
LOC112058550,NW_019862778.1,-,SE,0.00993942,-0.01,1103134,1103464,NW_019862778.1_1103134_1103464
LOC112058550,NW_019862778.1,-,SE,0.00699712,-0.01,1103134,1103476,NW_019862778.1_1103134_1103476
LOC112058550,NW_019862778.1,-,SE,0.046715162,-0.009,1103138,1103465,NW_019862778.1_1103138_1103465
LOC112058550,NW_019862778.1,-,SE,0,-0.348,1103158,1103465,NW_019862778.1_1103158_1103465
LOC112058550,NW_019862778.1,-,SE,0,-0.349,1103159,1103465,NW_019862778.1_1103159_1103465
LOC112058550,NW_019862778.1,-,SE,0,-0.356,1103176,1103465,NW_019862778.1_1103176_1103465
LOC112058550,NW_019862778.1,-,SE,0,-0.274,1103251,1103465,NW_019862778.1_1103251_1103465
LOC112043309,NW_019862788.1,+,SE,0.013415719,-0.029,688946,689343,NW_019862788.1_688946_689343
LOC112043309,NW_019862788.1,+,SE,0.013415719,-0.029,688987,689343,NW_019862788.1_688987_689343
LOC112044204,NW_019862805.1,+,SE,7.76E-06,-0.065,120986,121219,NW_019862805.1_120986_121219
LOC112051523,NW_019863087.1,+,SE,0.000634971,-0.072,159287,159951,NW_019863087.1_159287_159951
LOC112051523,NW_019863087.1,+,SE,0.000585106,-0.073,159309,159951,NW_019863087.1_159309_159951
LOC112051523,NW_019863087.1,+,SE,0.000630001,-0.073,159326,159951,NW_019863087.1_159326_159951
LOC112051523,NW_019863087.1,+,SE,0.000634195,-0.073,159392,159951,NW_019863087.1_159392_159951
LOC112051523,NW_019863087.1,+,SE,0.000639285,-0.073,159410,159951,NW_019863087.1_159410_159951
LOC112051523,NW_019863087.1,+,SE,0.000457147,-0.074,159575,159951,NW_019863087.1_159575_159951
LOC112051523,NW_019863087.1,+,SE,7.15E-05,-0.598,159575,159951,NW_019863087.1_159575_159951
LOC112051523,NW_019863087.1,+,SE,0.00139096,-0.063,159644,159951,NW_019863087.1_159644_159951
LOC112051523,NW_019863087.1,+,SE,0.002297243,-0.06,159662,159951,NW_019863087.1_159662_159951
LOC112051523,NW_019863087.1,+,SE,0.001699814,0.017,178768,179357,NW_019863087.1_178768_179357
LOC112051523,NW_019863087.1,+,SE,0.001213858,0.016,179021,179345,NW_019863087.1_179021_179345
LOC112051523,NW_019863087.1,+,SE,4.70E-07,-0.028,179021,179357,NW_019863087.1_179021_179357
LOC112051523,NW_019863087.1,+,SE,0.000924333,0.017,179021,179686,NW_019863087.1_179021_179686
LOC112051523,NW_019863087.1,+,SE,0.000934133,0.017,179021,179690,NW_019863087.1_179021_179690
LOC112051523,NW_019863087.1,+,SE,0.000924333,0.017,179021,179693,NW_019863087.1_179021_179693
LOC112051523,NW_019863087.1,+,SE,1.34E-06,0.019,179157,179694,NW_019863087.1_179157_179694
LOC112051523,NW_019863087.1,+,SE,0,0.246,179288,179694,NW_019863087.1_179288_179694
LOC112051523,NW_019863087.1,+,SE,7.55E-11,0.03,179358,179686,NW_019863087.1_179358_179686
LOC112051523,NW_019863087.1,+,SE,1.39E-10,0.03,179358,179690,NW_019863087.1_179358_179690
LOC112051523,NW_019863087.1,+,SE,1.68E-10,0.029,179358,179693,NW_019863087.1_179358_179693
LOC112051523,NW_019863087.1,+,SE,1.21E-10,0.03,179358,179913,NW_019863087.1_179358_179913
LOC112051523,NW_019863087.1,+,SE,1.47E-05,0.59,179382,179686,NW_019863087.1_179382_179686
LOC112051523,NW_019863087.1,+,SE,3.10E-05,0.579,179382,179690,NW_019863087.1_179382_179690
LOC112051523,NW_019863087.1,+,SE,1.97E-05,0.587,179382,179693,NW_019863087.1_179382_179693
LOC112051523,NW_019863087.1,+,SE,1.37E-06,0.019,179382,179694,NW_019863087.1_179382_179694
LOC112051523,NW_019863087.1,+,SE,0,0.243,179382,179694,NW_019863087.1_179382_179694
LOC112051523,NW_019863087.1,+,SE,1.24E-05,0.598,179382,179913,NW_019863087.1_179382_179913
LOC112051523,NW_019863087.1,+,SE,4.33E-08,0.022,179391,179694,NW_019863087.1_179391_179694
LOC112051523,NW_019863087.1,+,SE,1.47E-07,-0.028,187366,187730,NW_019863087.1_187366_187730
LOC112051523,NW_019863087.1,+,SE,2.53E-07,-0.018,187387,187609,NW_019863087.1_187387_187609
LOC112051523,NW_019863087.1,+,SE,2.24E-12,-0.035,187387,187651,NW_019863087.1_187387_187651
LOC112051523,NW_019863087.1,+,SE,0,-0.042,187387,187992,NW_019863087.1_187387_187992
LOC112052337,NW_019863141.1,-,SE,0.001294484,-0.223,179558,179777,NW_019863141.1_179558_179777
LOC112052337,NW_019863141.1,-,SE,0.00080514,-0.235,179558,179780,NW_019863141.1_179558_179780
LOC112052337,NW_019863141.1,-,SE,0.016011723,-0.192,179558,179792,NW_019863141.1_179558_179792
LOC112052337,NW_019863141.1,-,SE,0.014827896,-0.176,179558,179827,NW_019863141.1_179558_179827
LOC112052337,NW_019863141.1,-,SE,0.01489345,-0.174,179558,179837,NW_019863141.1_179558_179837
LOC112052337,NW_019863141.1,-,SE,0.022549743,-0.172,179558,179847,NW_019863141.1_179558_179847
LOC112052337,NW_019863141.1,-,SE,0.018376942,-0.173,179558,179865,NW_019863141.1_179558_179865
LOC112052337,NW_019863141.1,-,SE,0.015139997,-0.172,179558,179868,NW_019863141.1_179558_179868
LOC112052337,NW_019863141.1,-,SE,3.26E-09,0.058,180284,180551,NW_019863141.1_180284_180551
LOC112044491,NW_019862810.1,+,SE,0,0.457,734409,734744,NW_019862810.1_734409_734744
LOC112044491,NW_019862810.1,+,SE,0,0.452,734429,734744,NW_019862810.1_734429_734744
LOC112044491,NW_019862810.1,+,SE,0,0.465,734430,734740,NW_019862810.1_734430_734740
LOC112044491,NW_019862810.1,+,SE,0,0.466,734430,734743,NW_019862810.1_734430_734743
LOC112044491,NW_019862810.1,+,SE,0,0.473,734430,734774,NW_019862810.1_734430_734774
LOC112044491,NW_019862810.1,+,SE,0,0.451,734431,734744,NW_019862810.1_734431_734744
LOC112044491,NW_019862810.1,+,SE,0,0.451,734432,734744,NW_019862810.1_734432_734744
LOC112044491,NW_019862810.1,+,SE,0,0.452,734439,734744,NW_019862810.1_734439_734744
LOC112047846,NW_019862906.1,-,SE,1.38E-07,0.042,87234,87715,NW_019862906.1_87234_87715
LOC112047558,NW_019862896.1,+,SE,5.58E-07,-0.13,455184,455514,NW_019862896.1_455184_455514
LOC112049703,NW_019862985.1,+,SE,2.03E-05,0.145,428299,428609,NW_019862985.1_428299_428609
LOC112049703,NW_019862985.1,+,SE,2.30E-05,0.109,428313,428608,NW_019862985.1_428313_428608
LOC112049703,NW_019862985.1,+,SE,1.22E-05,0.144,428318,428609,NW_019862985.1_428318_428609
LOC112046986,NW_019862879.1,-,SE,1.86E-14,0.043,313983,314258,NW_019862879.1_313983_314258
LOC112046819,NW_019862872.1,-,SE,0.034134508,0.087,373035,373404,NW_019862872.1_373035_373404
LOC112048857,NW_019862948.1,+,SE,0.00192625,0.006,354021,354320,NW_019862948.1_354021_354320
LOC112058361,NW_019862775.1,-,SE,0.000636487,-0.049,665913,666371,NW_019862775.1_665913_666371
LOC112044006,NW_019862750.1,-,SE,0.019965441,0.054,2053845,2054096,NW_019862750.1_2053845_2054096
LOC112046330,NW_019862855.1,-,SE,1.41E-07,-0.047,270011,270322,NW_019862855.1_270011_270322
LOC112052566,NW_019863158.1,-,SE,0.002883829,0.024,256018,256422,NW_019863158.1_256018_256422
LOC112052566,NW_019863158.1,-,SE,2.78E-14,0.1,256033,256422,NW_019863158.1_256033_256422
LOC112052566,NW_019863158.1,-,SE,0,0.087,256033,256438,NW_019863158.1_256033_256438
LOC112052566,NW_019863158.1,-,SE,0,0.087,256033,256659,NW_019863158.1_256033_256659
LOC112049905,NW_019862997.1,+,SE,0.000403597,0.435,408711,409098,NW_019862997.1_408711_409098
LOC112049905,NW_019862997.1,+,SE,0.000817858,0.454,408854,409098,NW_019862997.1_408854_409098
LOC112049905,NW_019862997.1,+,SE,0.00085481,0.455,408859,409098,NW_019862997.1_408859_409098
LOC112049905,NW_019862997.1,+,SE,0.000834103,0.454,408861,409098,NW_019862997.1_408861_409098
LOC112056515,NW_019863856.1,-,SE,0.000312834,0.167,33590,33948,NW_019863856.1_33590_33948
LOC112056515,NW_019863856.1,-,SE,0.001930333,0.155,33590,34055,NW_019863856.1_33590_34055
LOC112048542,NW_019862934.1,+,SE,8.00E-05,-0.251,354489,354762,NW_019862934.1_354489_354762
LOC112049109,NW_019862959.1,-,SE,0,-0.356,283578,283985,NW_019862959.1_283578_283985
LOC112048889,NW_019862950.1,+,SE,0.012982255,0.024,286167,286460,NW_019862950.1_286167_286460
LOC112053596,NW_019863259.1,+,SE,2.83E-06,0.056,294739,295002,NW_019863259.1_294739_295002
LOC112053596,NW_019863259.1,+,SE,0,0.068,312989,313221,NW_019863259.1_312989_313221
LOC112046039,NW_019862846.1,-,SE,0.045088327,-0.048,83401,83783,NW_019862846.1_83401_83783
LOC112046039,NW_019862846.1,-,SE,0.027659769,-0.052,83405,83776,NW_019862846.1_83405_83776
LOC112051831,NW_019863107.1,+,SE,0.012734862,0.174,132940,133324,NW_019863107.1_132940_133324
LOC112058375,NW_019862775.1,+,SE,0,0.667,1584033,1584329,NW_019862775.1_1584033_1584329
LOC112056844,NW_019864022.1,+,SE,1.17E-08,0.121,16605,16975,NW_019864022.1_16605_16975
LOC112044077,NW_019862803.1,+,SE,3.96E-05,0.044,118486,118827,NW_019862803.1_118486_118827
LOC112044077,NW_019862803.1,+,SE,0.006699385,0.034,136915,137175,NW_019862803.1_136915_137175
LOC112044077,NW_019862803.1,+,SE,6.68E-09,0.604,139309,139754,NW_019862803.1_139309_139754
LOC112044077,NW_019862803.1,+,SE,0.000128035,0.5,141389,141601,NW_019862803.1_141389_141601
LOC112044077,NW_019862803.1,+,SE,0,0.742,141389,141718,NW_019862803.1_141389_141718
LOC112044077,NW_019862803.1,+,SE,0,0.809,141389,141718,NW_019862803.1_141389_141718
LOC112044077,NW_019862803.1,+,SE,0,0.746,141389,141720,NW_019862803.1_141389_141720
LOC112044077,NW_019862803.1,+,SE,0,0.813,141389,141720,NW_019862803.1_141389_141720
LOC112044077,NW_019862803.1,+,SE,0,0.744,141389,141754,NW_019862803.1_141389_141754
LOC112044077,NW_019862803.1,+,SE,0,0.808,141389,141754,NW_019862803.1_141389_141754
LOC112051026,NW_019863057.1,+,SE,8.52E-06,-0.049,98468,98769,NW_019863057.1_98468_98769
LOC112055620,NW_019863566.1,-,SE,7.84E-06,-0.095,34423,34677,NW_019863566.1_34423_34677
LOC112049759,NW_019862988.1,+,SE,2.10E-09,0.383,237528,237769,NW_019862988.1_237528_237769
LOC112049759,NW_019862988.1,+,SE,1.39E-10,0.237,237528,237902,NW_019862988.1_237528_237902
LOC112049759,NW_019862988.1,+,SE,1.65E-11,0.243,237539,237899,NW_019862988.1_237539_237899
LOC112049759,NW_019862988.1,+,SE,2.79E-11,0.239,237542,237899,NW_019862988.1_237542_237899
LOC112049759,NW_019862988.1,+,SE,1.51E-11,0.312,237622,237899,NW_019862988.1_237622_237899
LOC112052331,NW_019862759.1,-,SE,1.58E-12,0.377,894115,894351,NW_019862759.1_894115_894351
LOC112052331,NW_019862759.1,-,SE,3.94E-09,0.158,894115,894378,NW_019862759.1_894115_894378
LOC112047449,NW_019862893.1,-,SE,3.05E-06,-0.162,408472,408801,NW_019862893.1_408472_408801
LOC112047434,NW_019862893.1,-,SE,0,0.225,382005,382608,NW_019862893.1_382005_382608
LOC112047434,NW_019862893.1,-,SE,0,0.225,382005,382673,NW_019862893.1_382005_382673
LOC112047434,NW_019862893.1,-,SE,0,0.225,382005,382684,NW_019862893.1_382005_382684
LOC112047434,NW_019862893.1,-,SE,0,0.201,382006,382675,NW_019862893.1_382006_382675
LOC112047434,NW_019862893.1,-,SE,0,0.202,382029,382675,NW_019862893.1_382029_382675
LOC112047434,NW_019862893.1,-,SE,0,0.201,382051,382675,NW_019862893.1_382051_382675
LOC112047418,NW_019862892.1,-,SE,0.006022602,0.023,84048,84299,NW_019862892.1_84048_84299
LOC112046194,NW_019862752.1,+,SE,0.016782027,-0.061,2070017,2070620,NW_019862752.1_2070017_2070620
LOC112058374,NW_019862775.1,+,SE,0,-0.779,1558687,1559013,NW_019862775.1_1558687_1559013
LOC112058374,NW_019862775.1,+,SE,0,-0.771,1558733,1559013,NW_019862775.1_1558733_1559013
LOC112049747,NW_019862987.1,-,SE,0,-0.546,479008,479314,NW_019862987.1_479008_479314
LOC112046025,NW_019862846.1,+,SE,0.000105919,0.107,693964,694315,NW_019862846.1_693964_694315
LOC112046025,NW_019862846.1,+,SE,5.94E-05,0.126,694008,694315,NW_019862846.1_694008_694315
LOC112045475,NW_019862752.1,-,SE,0,0.289,528686,528915,NW_019862752.1_528686_528915
LOC112045475,NW_019862752.1,-,SE,2.13E-08,0.496,528686,528924,NW_019862752.1_528686_528924
LOC112045475,NW_019862752.1,-,SE,3.00E-13,0.119,528689,528924,NW_019862752.1_528689_528924
LOC112045475,NW_019862752.1,-,SE,0,0.238,528689,528924,NW_019862752.1_528689_528924
LOC112045475,NW_019862752.1,-,SE,0,-0.447,530787,531097,NW_019862752.1_530787_531097
LOC112045475,NW_019862752.1,-,SE,0,-0.439,530802,531097,NW_019862752.1_530802_531097
LOC112046894,NW_019862874.1,+,SE,1.85E-06,-0.183,272302,272915,NW_019862874.1_272302_272915
LOC112046894,NW_019862874.1,+,SE,0.00100347,-0.062,272302,272919,NW_019862874.1_272302_272919
LOC112046894,NW_019862874.1,+,SE,1.85E-06,-0.183,272302,272923,NW_019862874.1_272302_272923
LOC112046894,NW_019862874.1,+,SE,0,-0.549,317653,318104,NW_019862874.1_317653_318104
LOC112046894,NW_019862874.1,+,SE,0,-0.472,317707,317918,NW_019862874.1_317707_317918
LOC112045508,NW_019862834.1,+,SE,0.000218994,-0.516,756790,757309,NW_019862834.1_756790_757309
LOC112045508,NW_019862834.1,+,SE,0.000218994,-0.516,756828,757309,NW_019862834.1_756828_757309
LOC112045508,NW_019862834.1,+,SE,1.29E-10,-0.788,757058,757309,NW_019862834.1_757058_757309
LOC112045508,NW_019862834.1,+,SE,9.42E-11,-0.83,757068,757309,NW_019862834.1_757068_757309
LOC112055448,NW_019863525.1,+,SE,0.003823377,-0.049,115827,116471,NW_019863525.1_115827_116471
LOC112055448,NW_019863525.1,+,SE,0.003823377,-0.049,115925,116471,NW_019863525.1_115925_116471
LOC112055448,NW_019863525.1,+,SE,0.005542802,-0.048,115969,116471,NW_019863525.1_115969_116471
LOC112055448,NW_019863525.1,+,SE,0.005457993,-0.048,116109,116471,NW_019863525.1_116109_116471
LOC112046073,NW_019862847.1,+,SE,5.14E-12,0.509,524937,525260,NW_019862847.1_524937_525260
LOC112043306,NW_019862788.1,-,SE,0.000252323,-0.047,662966,663243,NW_019862788.1_662966_663243
LOC112056362,NW_019863789.1,+,SE,2.37E-06,-0.076,40456,40752,NW_019863789.1_40456_40752
LOC112056362,NW_019863789.1,+,SE,4.55E-05,-0.056,40456,40828,NW_019863789.1_40456_40828
LOC112051181,NW_019863067.1,-,SE,0.001577283,-0.361,304741,305122,NW_019863067.1_304741_305122
LOC112051181,NW_019863067.1,-,SE,0.002295183,-0.356,304741,305304,NW_019863067.1_304741_305304
LOC112051181,NW_019863067.1,-,SE,0.001577283,-0.361,304741,305436,NW_019863067.1_304741_305436
LOC112051181,NW_019863067.1,-,SE,0.006183509,-0.289,311474,311811,NW_019863067.1_311474_311811
LOC112051181,NW_019863067.1,-,SE,0.031698223,-0.25,311474,311827,NW_019863067.1_311474_311827
LOC112051181,NW_019863067.1,-,SE,0.031698223,-0.25,311474,311935,NW_019863067.1_311474_311935
LOC112051181,NW_019863067.1,-,SE,0.031698223,-0.25,311474,312029,NW_019863067.1_311474_312029
LOC112050847,NW_019863046.1,-,SE,0,0.039,229205,229569,NW_019863046.1_229205_229569
LOC112050847,NW_019863046.1,-,SE,0,0.042,229252,229569,NW_019863046.1_229252_229569
LOC112050847,NW_019863046.1,-,SE,0,0.085,229291,229566,NW_019863046.1_229291_229566
LOC112053924,NW_019863295.1,+,SE,0.040961701,0.012,90503,90905,NW_019863295.1_90503_90905
LOC112043032,NW_019862784.1,-,SE,9.45E-11,0.031,1173581,1173827,NW_019862784.1_1173581_1173827
LOC112049557,NW_019862978.1,+,SE,2.94E-11,-0.272,92930,93256,NW_019862978.1_92930_93256
LOC112049557,NW_019862978.1,+,SE,0,0.475,95692,96024,NW_019862978.1_95692_96024
LOC112051972,NW_019863117.1,+,SE,0.003025127,0.223,137686,137895,NW_019863117.1_137686_137895
LOC112050963,NW_019863053.1,+,SE,0.006238356,0.224,192384,192627,NW_019863053.1_192384_192627
LOC112043926,NW_019862750.1,-,SE,0.000638491,-0.197,1898948,1899302,NW_019862750.1_1898948_1899302
LOC112043926,NW_019862750.1,-,SE,0.001920161,-0.24,1898959,1899292,NW_019862750.1_1898959_1899292
LOC112043926,NW_019862750.1,-,SE,0.000777944,-0.211,1898984,1899302,NW_019862750.1_1898984_1899302
LOC112043926,NW_019862750.1,-,SE,0.005581221,-0.097,1899017,1899302,NW_019862750.1_1899017_1899302
LOC112046332,NW_019862855.1,-,SE,0.031082174,0.049,639342,639713,NW_019862855.1_639342_639713
LOC112052049,NW_019863120.1,+,SE,0.007705138,-0.053,263044,263259,NW_019863120.1_263044_263259
LOC112054766,NW_019863407.1,-,SE,1.43E-09,0.225,68012,68496,NW_019863407.1_68012_68496
LOC112058207,NW_019862772.1,+,SE,0.000522558,-0.203,1700084,1700311,NW_019862772.1_1700084_1700311
LOC112058207,NW_019862772.1,+,SE,0.001497121,-0.147,1700084,1700323,NW_019862772.1_1700084_1700323
LOC112058207,NW_019862772.1,+,SE,0.00977879,-0.103,1700084,1700782,NW_019862772.1_1700084_1700782
LOC112043565,NW_019862750.1,+,SE,3.57E-06,-0.126,733728,734032,NW_019862750.1_733728_734032
LOC112042895,NW_019862781.1,+,SE,1.49E-07,0.375,1220254,1220827,NW_019862781.1_1220254_1220827
LOC112043293,NW_019862788.1,+,SE,0.000203594,-0.082,296328,296623,NW_019862788.1_296328_296623
LOC112057694,NW_019862765.1,+,SE,1.12E-09,0.344,1286639,1286911,NW_019862765.1_1286639_1286911
LOC112048398,NW_019862929.1,+,SE,0,0.084,269770,270197,NW_019862929.1_269770_270197
LOC112048398,NW_019862929.1,+,SE,0,0.297,269770,270280,NW_019862929.1_269770_270280
LOC112048398,NW_019862929.1,+,SE,0,0.186,270034,270280,NW_019862929.1_270034_270280
LOC112055333,NW_019863502.1,-,SE,1.06E-06,0.047,45569,45877,NW_019863502.1_45569_45877
LOC112049794,NW_019862756.1,-,SE,7.36E-14,0.11,385632,385929,NW_019862756.1_385632_385929
LOC112049794,NW_019862756.1,-,SE,0,0.135,385647,385927,NW_019862756.1_385647_385927
LOC112044786,NW_019862817.1,+,SE,0.0469102,-0.164,121002,121355,NW_019862817.1_121002_121355
LOC112043199,NW_019862787.1,-,SE,4.88E-09,0.517,25748,26117,NW_019862787.1_25748_26117
LOC112043199,NW_019862787.1,-,SE,5.63E-06,-0.398,27259,27738,NW_019862787.1_27259_27738
LOC112049503,NW_019862976.1,-,SE,0.023939308,0.013,435755,436361,NW_019862976.1_435755_436361
LOC112049503,NW_019862976.1,-,SE,4.72E-09,0.017,436097,436361,NW_019862976.1_436097_436361
LOC112049503,NW_019862976.1,-,SE,0,0.346,436098,436419,NW_019862976.1_436098_436419
LOC112049503,NW_019862976.1,-,SE,3.86E-07,0.016,436102,436361,NW_019862976.1_436102_436361
LOC112049503,NW_019862976.1,-,SE,0.010443303,-0.014,436710,437236,NW_019862976.1_436710_437236
LOC112049503,NW_019862976.1,-,SE,0,-0.651,436710,437236,NW_019862976.1_436710_437236
LOC112049503,NW_019862976.1,-,SE,0,-0.65,436729,437236,NW_019862976.1_436729_437236
LOC112049503,NW_019862976.1,-,SE,0,-0.651,436751,437236,NW_019862976.1_436751_437236
LOC112049503,NW_019862976.1,-,SE,0,-0.651,436768,437236,NW_019862976.1_436768_437236
LOC112049503,NW_019862976.1,-,SE,0.010464366,-0.014,436827,437236,NW_019862976.1_436827_437236
LOC112049503,NW_019862976.1,-,SE,0.040113868,-0.013,436973,437377,NW_019862976.1_436973_437377
LOC112049503,NW_019862976.1,-,SE,5.78E-05,0.039,441341,441940,NW_019862976.1_441341_441940
LOC112049503,NW_019862976.1,-,SE,5.36E-05,0.039,441344,441940,NW_019862976.1_441344_441940
LOC112049503,NW_019862976.1,-,SE,5.54E-05,0.04,441520,441940,NW_019862976.1_441520_441940
LOC112049503,NW_019862976.1,-,SE,2.49E-05,0.05,441665,441940,NW_019862976.1_441665_441940
LOC112049503,NW_019862976.1,-,SE,1.13E-05,0.049,441676,441940,NW_019862976.1_441676_441940
LOC112049503,NW_019862976.1,-,SE,0.00958878,0.035,451043,451416,NW_019862976.1_451043_451416
LOC112049503,NW_019862976.1,-,SE,0.00961686,0.035,451043,451565,NW_019862976.1_451043_451565
LOC112045039,NW_019862751.1,-,SE,0.007261329,0.098,2540043,2540430,NW_019862751.1_2540043_2540430
LOC112053343,NW_019863231.1,+,SE,0.025785881,0.059,214016,214347,NW_019863231.1_214016_214347
LOC112046481,NW_019862858.1,+,SE,9.40E-15,-0.284,148429,148757,NW_019862858.1_148429_148757
LOC112043224,NW_019862787.1,-,SE,0.000160434,0.381,835104,835559,NW_019862787.1_835104_835559
LOC112043224,NW_019862787.1,-,SE,0.000150837,0.383,835193,835559,NW_019862787.1_835193_835559
LOC112055491,NW_019862748.1,+,SE,0,-0.127,467952,468294,NW_019862748.1_467952_468294
LOC112055491,NW_019862748.1,+,SE,0,-0.099,468029,468294,NW_019862748.1_468029_468294
LOC112054025,NW_019863307.1,+,SE,0.001186291,0.025,85656,85913,NW_019863307.1_85656_85913
LOC112048503,NW_019862933.1,+,SE,6.24E-13,-0.077,113898,114322,NW_019862933.1_113898_114322
LOC112048503,NW_019862933.1,+,SE,1.92E-12,-0.076,113905,114322,NW_019862933.1_113905_114322
LOC112048503,NW_019862933.1,+,SE,0,-0.117,113926,114317,NW_019862933.1_113926_114317
LOC112048503,NW_019862933.1,+,SE,0.002318781,-0.237,113926,114322,NW_019862933.1_113926_114322
LOC112048503,NW_019862933.1,+,SE,0,-0.118,113926,114393,NW_019862933.1_113926_114393
LOC112048503,NW_019862933.1,+,SE,0,-0.118,113926,114539,NW_019862933.1_113926_114539
LOC112048503,NW_019862933.1,+,SE,4.74E-12,-0.073,113999,114322,NW_019862933.1_113999_114322
LOC112042935,NW_019862782.1,-,SE,1.03E-07,0.207,1150792,1151018,NW_019862782.1_1150792_1151018
LOC112042935,NW_019862782.1,-,SE,1.89E-08,-0.366,1151649,1152090,NW_019862782.1_1151649_1152090
LOC112042935,NW_019862782.1,-,SE,3.33E-08,-0.373,1151653,1152090,NW_019862782.1_1151653_1152090
LOC112042935,NW_019862782.1,-,SE,7.02E-11,-0.102,1151710,1152089,NW_019862782.1_1151710_1152089
LOC112042935,NW_019862782.1,-,SE,1.00E-07,-0.363,1151752,1152090,NW_019862782.1_1151752_1152090
LOC112042935,NW_019862782.1,-,SE,0,0.259,1156770,1157414,NW_019862782.1_1156770_1157414
LOC112042935,NW_019862782.1,-,SE,0,0.231,1157028,1157406,NW_019862782.1_1157028_1157406
LOC112042935,NW_019862782.1,-,SE,0,0.255,1157032,1157414,NW_019862782.1_1157032_1157414
LOC112042935,NW_019862782.1,-,SE,0.016001221,0.044,1218531,1218819,NW_019862782.1_1218531_1218819
LOC112042935,NW_019862782.1,-,SE,0.016228193,0.049,1218531,1218848,NW_019862782.1_1218531_1218848
LOC112043718,NW_019862795.1,+,SE,3.93E-06,-0.091,1014666,1015018,NW_019862795.1_1014666_1015018
LOC112043718,NW_019862795.1,+,SE,3.95E-06,-0.091,1014670,1015018,NW_019862795.1_1014670_1015018
LOC112043718,NW_019862795.1,+,SE,6.07E-06,-0.082,1014704,1015018,NW_019862795.1_1014704_1015018
LOC112047120,NW_019862882.1,-,SE,4.04E-06,-0.146,757632,757958,NW_019862882.1_757632_757958
LOC112047120,NW_019862882.1,-,SE,5.42E-08,-0.214,757632,758093,NW_019862882.1_757632_758093
LOC112047120,NW_019862882.1,-,SE,3.04E-08,-0.379,757632,758093,NW_019862882.1_757632_758093
LOC112054293,NW_019863339.1,+,SE,0.005341102,-0.047,64068,64718,NW_019863339.1_64068_64718
LOC112056239,NW_019863744.1,+,SE,7.22E-06,-0.224,34688,35003,NW_019863744.1_34688_35003
LOC112047606,NW_019862898.1,-,SE,0.001330538,0.065,719586,719935,NW_019862898.1_719586_719935
LOC112044142,NW_019862748.1,-,SE,0.027659769,0.032,1108663,1108937,NW_019862748.1_1108663_1108937
LOC112044142,NW_019862748.1,-,SE,0.019171765,0.049,1108663,1108973,NW_019862748.1_1108663_1108973
LOC112044142,NW_019862748.1,-,SE,1.48E-09,0.135,1108668,1108937,NW_019862748.1_1108668_1108937
LOC112044972,NW_019862820.1,+,SE,6.16E-13,-0.124,245516,245943,NW_019862820.1_245516_245943
LOC112049025,NW_019862955.1,-,SE,0.021011114,0.011,555537,555889,NW_019862955.1_555537_555889
LOC112049025,NW_019862955.1,-,SE,0.000989172,0.038,555662,555889,NW_019862955.1_555662_555889
LOC112045249,NW_019862827.1,+,SE,2.38E-06,0.116,777920,778363,NW_019862827.1_777920_778363
LOC112052039,NW_019863120.1,+,SE,8.81E-07,0.428,134741,135025,NW_019863120.1_134741_135025
LOC112045098,NW_019862823.1,-,SE,0.016544598,-0.156,57553,57834,NW_019862823.1_57553_57834
LOC112052855,NW_019862759.1,-,SE,0.010129094,0.016,958940,959380,NW_019862759.1_958940_959380
LOC112052855,NW_019862759.1,-,SE,0,0.143,959081,959380,NW_019862759.1_959081_959380
LOC112046090,NW_019862847.1,-,SE,0.022873152,0.483,432666,433246,NW_019862847.1_432666_433246
LOC112054724,NW_019863402.1,+,SE,0.003614656,0.042,28048,28299,NW_019863402.1_28048_28299
LOC112045335,NW_019862748.1,-,SE,3.90E-06,0.104,1543168,1543836,NW_019862748.1_1543168_1543836
LOC112049893,NW_019862996.1,-,SE,1.97E-07,-0.078,486494,486806,NW_019862996.1_486494_486806
LOC112057669,NW_019862765.1,+,SE,8.80E-09,0.33,837732,838155,NW_019862765.1_837732_838155
LOC112057669,NW_019862765.1,+,SE,6.95E-07,0.324,837825,838155,NW_019862765.1_837825_838155
LOC112057669,NW_019862765.1,+,SE,4.04E-08,0.337,837846,838155,NW_019862765.1_837846_838155
LOC112049338,NW_019862968.1,+,SE,0.003360639,0.185,76307,76578,NW_019862968.1_76307_76578
LOC112049338,NW_019862968.1,+,SE,0.000506994,0.274,76311,76578,NW_019862968.1_76311_76578
LOC112050048,NW_019863003.1,-,SE,0.00220787,-0.244,396206,396501,NW_019863003.1_396206_396501
LOC112055104,NW_019863459.1,-,SE,0.000426531,-0.064,86926,87291,NW_019863459.1_86926_87291
LOC112052042,NW_019863120.1,+,SE,0.000209488,0.21,85611,86282,NW_019863120.1_85611_86282
LOC112046748,NW_019862869.1,-,SE,0,0.029,306852,307168,NW_019862869.1_306852_307168
LOC112046693,NW_019862867.1,+,SE,0,0.238,601389,601900,NW_019862867.1_601389_601900
LOC112046693,NW_019862867.1,+,SE,0,-0.309,672444,672719,NW_019862867.1_672444_672719
LOC112046693,NW_019862867.1,+,SE,0,-0.29,672456,672750,NW_019862867.1_672456_672750
LOC112046693,NW_019862867.1,+,SE,0,0.699,673743,674011,NW_019862867.1_673743_674011
LOC112046693,NW_019862867.1,+,SE,0,0.079,673743,674011,NW_019862867.1_673743_674011
LOC112046693,NW_019862867.1,+,SE,0,0.757,673745,674132,NW_019862867.1_673745_674132
LOC112046693,NW_019862867.1,+,SE,0,0.757,673771,674132,NW_019862867.1_673771_674132
LOC112045739,NW_019862839.1,-,SE,8.60E-06,0.089,158318,158552,NW_019862839.1_158318_158552
LOC112046380,NW_019862856.1,+,SE,0.009674532,-0.115,93556,93987,NW_019862856.1_93556_93987
LOC112046380,NW_019862856.1,+,SE,0.004131313,-0.126,93556,94150,NW_019862856.1_93556_94150
LOC112053030,NW_019863197.1,-,SE,0.006052281,0.276,49066,49411,NW_019863197.1_49066_49411
LOC112048334,NW_019862754.1,+,SE,0,0.268,2459763,2460144,NW_019862754.1_2459763_2460144
LOC112048035,NW_019862913.1,-,SE,0.014019991,-0.029,291440,291906,NW_019862913.1_291440_291906
LOC112048035,NW_019862913.1,-,SE,0,0.22,297572,298103,NW_019862913.1_297572_298103
LOC112048035,NW_019862913.1,-,SE,3.96E-07,0.399,297572,298103,NW_019862913.1_297572_298103
LOC112048035,NW_019862913.1,-,SE,0,0.222,297572,298109,NW_019862913.1_297572_298109
LOC112048035,NW_019862913.1,-,SE,3.86E-07,0.405,297572,298109,NW_019862913.1_297572_298109
LOC112048035,NW_019862913.1,-,SE,0.033466612,0.038,325899,326217,NW_019862913.1_325899_326217
LOC112052885,NW_019862759.1,+,SE,0,-0.114,1128483,1128877,NW_019862759.1_1128483_1128877
LOC112052885,NW_019862759.1,+,SE,0,-0.103,1128537,1128877,NW_019862759.1_1128537_1128877
LOC112052885,NW_019862759.1,+,SE,0,-0.073,1128611,1128877,NW_019862759.1_1128611_1128877
LOC112049882,NW_019862996.1,+,SE,7.33E-09,0.621,233844,234300,NW_019862996.1_233844_234300
LOC112054929,NW_019863433.1,+,SE,0.006383566,-0.157,120146,120723,NW_019863433.1_120146_120723
LOC112054929,NW_019863433.1,+,SE,0.006383566,-0.157,120250,120723,NW_019863433.1_120250_120723
LOC112054929,NW_019863433.1,+,SE,0.006383566,-0.157,120257,120723,NW_019863433.1_120257_120723
LOC112049613,NW_019862981.1,+,SE,5.04E-11,0.228,229513,230001,NW_019862981.1_229513_230001
LOC112046441,NW_019862857.1,+,SE,9.40E-15,0.334,288851,289071,NW_019862857.1_288851_289071
LOC112055556,NW_019863549.1,+,SE,6.11E-10,0.412,87191,87507,NW_019863549.1_87191_87507
LOC112055556,NW_019863549.1,+,SE,6.11E-10,0.41,87194,87507,NW_019863549.1_87194_87507
LOC112055556,NW_019863549.1,+,SE,6.09E-10,0.405,87200,87507,NW_019863549.1_87200_87507
LOC112055556,NW_019863549.1,+,SE,8.90E-05,0.529,87222,87518,NW_019863549.1_87222_87518
LOC112052849,NW_019863181.1,-,SE,0.01983819,-0.042,160488,160795,NW_019863181.1_160488_160795
LOC112052849,NW_019863181.1,-,SE,0.004506236,-0.023,160490,160795,NW_019863181.1_160490_160795
LOC112043279,NW_019862788.1,-,SE,6.41E-10,0.283,35218,35487,NW_019862788.1_35218_35487
LOC112048935,NW_019862952.1,-,SE,0.002811374,-0.03,562078,562384,NW_019862952.1_562078_562384
LOC112043342,NW_019862788.1,-,SE,2.72E-06,-0.041,1323851,1324166,NW_019862788.1_1323851_1324166
LOC112052563,NW_019863158.1,+,SE,0.0018219,0.06,231201,231504,NW_019863158.1_231201_231504
LOC112044157,NW_019862804.1,+,SE,0.01487562,0.043,658614,659105,NW_019862804.1_658614_659105
LOC112044157,NW_019862804.1,+,SE,0.013887359,0.044,658763,659105,NW_019862804.1_658763_659105
LOC112044157,NW_019862804.1,+,SE,0.013099962,0.045,658784,659105,NW_019862804.1_658784_659105
LOC112044157,NW_019862804.1,+,SE,0.020227788,0.043,658813,659105,NW_019862804.1_658813_659105
LOC112044157,NW_019862804.1,+,SE,0.024682476,0.042,658829,659105,NW_019862804.1_658829_659105
LOC112043756,NW_019862796.1,-,SE,0.001272792,-0.189,1274198,1274535,NW_019862796.1_1274198_1274535
LOC112043756,NW_019862796.1,-,SE,0.005389702,-0.136,1274215,1274660,NW_019862796.1_1274215_1274660
LOC112046933,NW_019862877.1,-,SE,6.46E-05,0.036,404940,405390,NW_019862877.1_404940_405390
LOC112045232,NW_019862827.1,+,SE,0.000883869,-0.172,109914,110121,NW_019862827.1_109914_110121
LOC112056106,NW_019863702.1,-,SE,0,0.518,31085,31495,NW_019863702.1_31085_31495
LOC112056106,NW_019863702.1,-,SE,1.63E-06,0.162,64586,65113,NW_019863702.1_64586_65113
LOC112054313,NW_019863342.1,+,SE,2.95E-12,0.062,75506,76165,NW_019863342.1_75506_76165
LOC112054313,NW_019863342.1,+,SE,8.92E-12,0.062,75753,76165,NW_019863342.1_75753_76165
LOC112048202,NW_019862921.1,-,SE,0,-0.277,323124,323669,NW_019862921.1_323124_323669
LOC112048589,NW_019862935.1,-,SE,3.70E-14,0.272,496969,497293,NW_019862935.1_496969_497293
LOC112044665,NW_019862815.1,+,SE,4.40E-06,0.079,152650,153128,NW_019862815.1_152650_153128
LOC112044665,NW_019862815.1,+,SE,7.31E-06,0.076,152788,153128,NW_019862815.1_152788_153128
LOC112049860,NW_019862994.1,+,SE,0.046754593,0.015,218274,218775,NW_019862994.1_218274_218775
LOC112050661,NW_019863036.1,+,SE,7.12E-07,-0.406,58928,59301,NW_019863036.1_58928_59301
LOC112044037,NW_019862802.1,+,SE,1.07E-11,-0.424,554524,554992,NW_019862802.1_554524_554992
LOC112044037,NW_019862802.1,+,SE,9.76E-13,-0.434,554628,554992,NW_019862802.1_554628_554992
LOC112044037,NW_019862802.1,+,SE,7.52E-10,-0.398,554688,554992,NW_019862802.1_554688_554992
LOC112049969,NW_019862756.1,+,SE,0.001740424,-0.205,966021,966347,NW_019862756.1_966021_966347
LOC112049969,NW_019862756.1,+,SE,0.013947402,0.228,979475,979903,NW_019862756.1_979475_979903
LOC112049969,NW_019862756.1,+,SE,9.04E-06,-0.214,1084538,1084886,NW_019862756.1_1084538_1084886
LOC112049969,NW_019862756.1,+,SE,0.026286598,0.404,1143890,1144248,NW_019862756.1_1143890_1144248
LOC112049969,NW_019862756.1,+,SE,0.0250562,0.408,1143890,1144508,NW_019862756.1_1143890_1144508
LOC112049969,NW_019862756.1,+,SE,0.026286598,0.404,1143890,1144529,NW_019862756.1_1143890_1144529
LOC112057718,NW_019862765.1,+,SE,0.04867571,0.255,1773780,1774045,NW_019862765.1_1773780_1774045
LOC112055705,NW_019863590.1,+,SE,0.000158322,-0.082,56064,56315,NW_019863590.1_56064_56315
LOC112058277,NW_019862773.1,-,SE,0.00767056,-0.031,810308,810626,NW_019862773.1_810308_810626
LOC112058277,NW_019862773.1,-,SE,0.00484942,-0.032,810308,810702,NW_019862773.1_810308_810702
LOC112058573,NW_019862778.1,-,SE,0.018092141,0.015,1353764,1354086,NW_019862778.1_1353764_1354086
LOC112058573,NW_019862778.1,-,SE,0.007614889,0.016,1353764,1354166,NW_019862778.1_1353764_1354166
LOC112050604,NW_019863032.1,-,SE,6.45E-14,0.119,121508,121791,NW_019863032.1_121508_121791
LOC112052587,NW_019863160.1,+,SE,0,-0.254,139706,139977,NW_019863160.1_139706_139977
LOC112052587,NW_019863160.1,+,SE,0,-0.257,139711,139977,NW_019863160.1_139711_139977
LOC112046296,NW_019862853.1,-,SE,1.71E-05,0.176,322911,323119,NW_019862853.1_322911_323119
LOC112046296,NW_019862853.1,-,SE,0,0.447,322911,323270,NW_019862853.1_322911_323270
LOC112046296,NW_019862853.1,-,SE,3.11E-06,0.136,322911,323270,NW_019862853.1_322911_323270
LOC112046296,NW_019862853.1,-,SE,0,0.447,322911,323298,NW_019862853.1_322911_323298
LOC112046296,NW_019862853.1,-,SE,0,0.447,322911,323304,NW_019862853.1_322911_323304
LOC112046296,NW_019862853.1,-,SE,0,0.447,322911,323331,NW_019862853.1_322911_323331
LOC112046296,NW_019862853.1,-,SE,0,0.447,322911,323402,NW_019862853.1_322911_323402
LOC112046296,NW_019862853.1,-,SE,0,0.447,322911,323419,NW_019862853.1_322911_323419
LOC112046296,NW_019862853.1,-,SE,0,0.447,322911,323495,NW_019862853.1_322911_323495
LOC112046296,NW_019862853.1,-,SE,0,0.447,322911,323545,NW_019862853.1_322911_323545
LOC112046108,NW_019862848.1,+,SE,0.014780664,0.039,333493,333937,NW_019862848.1_333493_333937
LOC112046108,NW_019862848.1,+,SE,1.32E-06,0.059,333508,333864,NW_019862848.1_333508_333864
LOC112053170,NW_019863214.1,-,SE,0,0.123,180920,181216,NW_019863214.1_180920_181216
LOC112053170,NW_019863214.1,-,SE,8.33E-09,-0.205,184817,185119,NW_019863214.1_184817_185119
LOC112053170,NW_019863214.1,-,SE,0.002222906,0.165,184817,185119,NW_019863214.1_184817_185119
LOC112044504,NW_019862810.1,-,SE,0.034944474,-0.016,1164606,1165121,NW_019862810.1_1164606_1165121
LOC112055685,NW_019863585.1,-,SE,3.74E-06,0.606,22350,22579,NW_019863585.1_22350_22579
LOC112055996,NW_019863677.1,+,SE,5.14E-09,0.116,67143,67415,NW_019863677.1_67143_67415
LOC112051191,NW_019863068.1,+,SE,0,-0.287,148133,148416,NW_019863068.1_148133_148416
LOC112057842,NW_019862767.1,-,SE,5.22E-05,-0.258,1071371,1071691,NW_019862767.1_1071371_1071691
LOC112054727,NW_019863402.1,-,SE,8.69E-06,0.391,71190,71506,NW_019863402.1_71190_71506
LOC112058280,NW_019862773.1,+,SE,1.25E-07,0.073,902679,903328,NW_019862773.1_902679_903328
LOC112058280,NW_019862773.1,+,SE,1.68E-10,0.094,902694,903328,NW_019862773.1_902694_903328
LOC112058280,NW_019862773.1,+,SE,3.44E-09,0.107,902828,903328,NW_019862773.1_902828_903328
LOC112058280,NW_019862773.1,+,SE,1.91E-07,0.069,902947,903328,NW_019862773.1_902947_903328
LOC112048087,NW_019862916.1,-,SE,0.004319676,0.124,150140,150454,NW_019862916.1_150140_150454
LOC112054260,NW_019862761.1,-,SE,0.012027508,0.414,341218,341506,NW_019862761.1_341218_341506
LOC112043675,NW_019862794.1,-,SE,0.000962654,-0.013,1270291,1270656,NW_019862794.1_1270291_1270656
LOC112043675,NW_019862794.1,-,SE,0.000957685,-0.013,1270291,1270691,NW_019862794.1_1270291_1270691
LOC112043675,NW_019862794.1,-,SE,0.044771732,-0.012,1270347,1270593,NW_019862794.1_1270347_1270593
LOC112043675,NW_019862794.1,-,SE,0,-0.206,1273481,1274025,NW_019862794.1_1273481_1274025
LOC112043675,NW_019862794.1,-,SE,1.29E-07,-0.062,1288783,1289313,NW_019862794.1_1288783_1289313
LOC112043675,NW_019862794.1,-,SE,4.04E-08,-0.064,1288947,1289313,NW_019862794.1_1288947_1289313
LOC112043675,NW_019862794.1,-,SE,2.09E-08,-0.066,1288951,1289313,NW_019862794.1_1288951_1289313
LOC112043675,NW_019862794.1,-,SE,2.75E-05,0.134,1289077,1289293,NW_019862794.1_1289077_1289293
LOC112043675,NW_019862794.1,-,SE,0.010156561,0.043,1289077,1289313,NW_019862794.1_1289077_1289313
LOC112049982,NW_019863001.1,-,SE,0.007733158,-0.298,334408,334793,NW_019863001.1_334408_334793
LOC112051355,NW_019863077.1,-,SE,3.95E-06,0.039,34266,34506,NW_019863077.1_34266_34506
LOC112051355,NW_019863077.1,-,SE,0.00993942,0.027,34266,34517,NW_019863077.1_34266_34517
LOC112051355,NW_019863077.1,-,SE,0.010067257,0.038,34266,34654,NW_019863077.1_34266_34654
LOC112051355,NW_019863077.1,-,SE,0.002182092,0.044,34266,34759,NW_019863077.1_34266_34759
LOC112051355,NW_019863077.1,-,SE,0.009110044,0.038,34266,34804,NW_019863077.1_34266_34804
LOC112047485,NW_019862894.1,-,SE,0.000334143,-0.242,901513,901875,NW_019862894.1_901513_901875
LOC112051386,NW_019863079.1,+,SE,0.013141309,0.042,69567,69944,NW_019863079.1_69567_69944
LOC112051386,NW_019863079.1,+,SE,1.47E-10,0.013,73377,74049,NW_019863079.1_73377_74049
LOC112051386,NW_019863079.1,+,SE,2.34E-11,0.014,73396,74049,NW_019863079.1_73396_74049
LOC112051386,NW_019863079.1,+,SE,1.47E-10,0.013,73424,74049,NW_019863079.1_73424_74049
LOC112051386,NW_019863079.1,+,SE,1.47E-10,0.013,73445,74049,NW_019863079.1_73445_74049
LOC112051386,NW_019863079.1,+,SE,1.47E-10,0.013,73456,74049,NW_019863079.1_73456_74049
LOC112051386,NW_019863079.1,+,SE,1.47E-10,0.013,73512,74049,NW_019863079.1_73512_74049
LOC112046168,NW_019862849.1,-,SE,0.005053038,0.267,63931,64401,NW_019862849.1_63931_64401
LOC112046168,NW_019862849.1,-,SE,0.005053038,0.267,63931,64407,NW_019862849.1_63931_64407
LOC112046168,NW_019862849.1,-,SE,0.005053038,0.267,63931,64448,NW_019862849.1_63931_64448
LOC112046168,NW_019862849.1,-,SE,0.004379278,0.271,63931,64462,NW_019862849.1_63931_64462
LOC112043416,NW_019862790.1,+,SE,0.000475478,-0.177,577977,578224,NW_019862790.1_577977_578224
LOC112047914,NW_019862908.1,-,SE,0.003134822,0.294,158384,158808,NW_019862908.1_158384_158808
LOC112043682,NW_019862794.1,+,SE,0,0.821,1405099,1405555,NW_019862794.1_1405099_1405555
LOC112043682,NW_019862794.1,+,SE,0,0.821,1405102,1405555,NW_019862794.1_1405102_1405555
LOC112055759,NW_019863602.1,-,SE,0.000140999,-0.039,7047,7552,NW_019863602.1_7047_7552
LOC112056304,NW_019863763.1,-,SE,0,-0.587,45696,46122,NW_019863763.1_45696_46122
LOC112050735,NW_019863039.1,-,SE,0.030195027,0.032,63658,63974,NW_019863039.1_63658_63974
LOC112050737,NW_019863039.1,-,SE,0.000103785,-0.07,237447,237713,NW_019863039.1_237447_237713
LOC112050705,NW_019863039.1,+,SE,0.029245218,0.249,253673,253951,NW_019863039.1_253673_253951
LOC112043377,NW_019862789.1,+,SE,0.002786119,-0.097,846513,847209,NW_019862789.1_846513_847209
LOC112043377,NW_019862789.1,+,SE,0.001192528,-0.11,846868,847156,NW_019862789.1_846868_847156
LOC112043377,NW_019862789.1,+,SE,0.001042355,-0.112,846868,847162,NW_019862789.1_846868_847162
LOC112043377,NW_019862789.1,+,SE,0.000620748,-0.094,846868,847205,NW_019862789.1_846868_847205
LOC112043377,NW_019862789.1,+,SE,0.006211286,-0.099,846886,847209,NW_019862789.1_846886_847209
LOC112057757,NW_019862766.1,+,SE,0.007698013,0.11,165684,165907,NW_019862766.1_165684_165907
LOC112056791,NW_019862764.1,-,SE,0.017998018,0.062,146309,146695,NW_019862764.1_146309_146695
LOC112056791,NW_019862764.1,-,SE,0.021284177,0.079,146411,146695,NW_019862764.1_146411_146695
LOC112056791,NW_019862764.1,-,SE,0.000317222,0.074,146411,146697,NW_019862764.1_146411_146697
LOC112056791,NW_019862764.1,-,SE,0.000313415,0.072,146411,146707,NW_019862764.1_146411_146707
LOC112056937,NW_019862764.1,+,SE,4.17E-05,0.047,1060271,1060540,NW_019862764.1_1060271_1060540
LOC112057906,NW_019862768.1,-,SE,0.003083337,0.345,1849535,1849873,NW_019862768.1_1849535_1849873
LOC112045217,NW_019862826.1,-,SE,5.90E-09,-0.205,205557,206207,NW_019862826.1_205557_206207
LOC112045217,NW_019862826.1,-,SE,5.90E-09,-0.205,205787,206207,NW_019862826.1_205787_206207
LOC112045217,NW_019862826.1,-,SE,1.83E-08,-0.239,205923,206207,NW_019862826.1_205923_206207
LOC112056078,NW_019863697.1,+,SE,6.58E-08,-0.05,11607,11996,NW_019863697.1_11607_11996
LOC112056078,NW_019863697.1,+,SE,6.30E-08,-0.05,11612,11996,NW_019863697.1_11612_11996
LOC112045273,NW_019862828.1,+,SE,0.026799568,0.083,131708,131989,NW_019862828.1_131708_131989
LOC112049660,NW_019862756.1,+,SE,9.40E-15,-0.331,185090,185471,NW_019862756.1_185090_185471
LOC112044311,NW_019862806.1,+,SE,0.000122609,0.153,809234,809745,NW_019862806.1_809234_809745
LOC112045455,NW_019862832.1,-,SE,1.28E-06,0.116,234232,234535,NW_019862832.1_234232_234535
LOC112057294,NW_019862764.1,-,SE,0,-0.079,2261433,2261714,NW_019862764.1_2261433_2261714
LOC112057294,NW_019862764.1,-,SE,0.001095276,0.088,2263032,2263359,NW_019862764.1_2263032_2263359
LOC112057294,NW_019862764.1,-,SE,0.001296675,0.084,2263032,2263374,NW_019862764.1_2263032_2263374
LOC112057294,NW_019862764.1,-,SE,2.45E-05,-0.049,2281393,2281732,NW_019862764.1_2281393_2281732
LOC112057294,NW_019862764.1,-,SE,1.82E-05,-0.05,2281393,2281752,NW_019862764.1_2281393_2281752
LOC112057294,NW_019862764.1,-,SE,1.83E-05,-0.05,2281393,2281782,NW_019862764.1_2281393_2281782
LOC112057294,NW_019862764.1,-,SE,1.82E-05,-0.05,2281393,2281828,NW_019862764.1_2281393_2281828
LOC112057294,NW_019862764.1,-,SE,1.84E-05,-0.05,2281393,2281890,NW_019862764.1_2281393_2281890
LOC112057725,NW_019862765.1,-,SE,0.034499418,-0.106,1960629,1961145,NW_019862765.1_1960629_1961145
LOC112057725,NW_019862765.1,-,SE,0,0.366,1960629,1961145,NW_019862765.1_1960629_1961145
LOC112057725,NW_019862765.1,-,SE,0.03301548,-0.106,1960629,1961161,NW_019862765.1_1960629_1961161
LOC112057725,NW_019862765.1,-,SE,0,0.367,1960629,1961225,NW_019862765.1_1960629_1961225
LOC112057725,NW_019862765.1,-,SE,0,0.45,1961438,1961721,NW_019862765.1_1961438_1961721
LOC112057725,NW_019862765.1,-,SE,0,0.466,1961438,1961746,NW_019862765.1_1961438_1961746
LOC112046511,NW_019862859.1,+,SE,0.012982255,-0.124,485255,485580,NW_019862859.1_485255_485580
LOC112044442,NW_019862809.1,+,SE,0.042849934,0.126,825594,825888,NW_019862809.1_825594_825888
LOC112055427,NW_019863522.1,-,SE,0,0.082,79002,79360,NW_019863522.1_79002_79360
LOC112051082,NW_019863062.1,-,SE,0.000823825,-0.071,288012,288310,NW_019863062.1_288012_288310
LOC112043334,NW_019862788.1,+,SE,4.08E-08,0.186,1220913,1221507,NW_019862788.1_1220913_1221507
LOC112053895,NW_019863292.1,-,SE,0.002404356,0.03,27661,28039,NW_019863292.1_27661_28039
LOC112053895,NW_019863292.1,-,SE,0.002522874,0.03,27661,28123,NW_019863292.1_27661_28123
LOC112053895,NW_019863292.1,-,SE,0.002522874,0.03,27661,28195,NW_019863292.1_27661_28195
LOC112053895,NW_019863292.1,-,SE,0.026381899,-0.026,32402,32847,NW_019863292.1_32402_32847
LOC112053895,NW_019863292.1,-,SE,0.038275438,-0.027,32541,32847,NW_019863292.1_32541_32847
LOC112053895,NW_019863292.1,-,SE,0.000308144,-0.034,32545,32844,NW_019863292.1_32545_32844
LOC112053895,NW_019863292.1,-,SE,2.61E-07,0.076,35429,36088,NW_019863292.1_35429_36088
LOC112053895,NW_019863292.1,-,SE,0,-0.277,35801,36088,NW_019863292.1_35801_36088
LOC112053895,NW_019863292.1,-,SE,0,-0.277,35801,36157,NW_019863292.1_35801_36157
LOC112053895,NW_019863292.1,-,SE,0,-0.287,35801,36182,NW_019863292.1_35801_36182
LOC112053895,NW_019863292.1,-,SE,0.000849591,-0.084,37004,37556,NW_019863292.1_37004_37556
LOC112053895,NW_019863292.1,-,SE,0.000849591,-0.084,37177,37556,NW_019863292.1_37177_37556
LOC112053886,NW_019863292.1,+,SE,0,0.816,114672,115017,NW_019863292.1_114672_115017
LOC112053886,NW_019863292.1,+,SE,0,0.768,114694,115015,NW_019863292.1_114694_115015
LOC112053886,NW_019863292.1,+,SE,0,0.84,114741,115017,NW_019863292.1_114741_115017
LOC112053886,NW_019863292.1,+,SE,0,0.087,155655,156202,NW_019863292.1_155655_156202
LOC112053886,NW_019863292.1,+,SE,0,0.087,155715,156202,NW_019863292.1_155715_156202
LOC112053886,NW_019863292.1,+,SE,0,0.087,155734,156202,NW_019863292.1_155734_156202
LOC112053886,NW_019863292.1,+,SE,0,0.086,155762,156202,NW_019863292.1_155762_156202
LOC112053886,NW_019863292.1,+,SE,0,0.087,155790,156202,NW_019863292.1_155790_156202
LOC112053886,NW_019863292.1,+,SE,0,0.078,155890,156202,NW_019863292.1_155890_156202
LOC112058419,NW_019862776.1,-,SE,6.46E-06,0.025,786896,787209,NW_019862776.1_786896_787209
LOC112058418,NW_019862776.1,-,SE,5.69E-06,-0.049,802177,802642,NW_019862776.1_802177_802642
LOC112058418,NW_019862776.1,-,SE,4.22E-07,-0.078,802238,802638,NW_019862776.1_802238_802638
LOC112058418,NW_019862776.1,-,SE,1.35E-06,-0.074,802392,802642,NW_019862776.1_802392_802642
LOC112058418,NW_019862776.1,-,SE,0.001818139,0.037,808551,808886,NW_019862776.1_808551_808886
LOC112058466,NW_019862776.1,-,SE,3.49E-07,-0.067,851959,852360,NW_019862776.1_851959_852360
LOC112058466,NW_019862776.1,-,SE,0.001095276,0.081,855720,855950,NW_019862776.1_855720_855950
LOC112058466,NW_019862776.1,-,SE,0.025948896,0.037,855771,856425,NW_019862776.1_855771_856425
LOC112046898,NW_019862874.1,-,SE,0,-0.17,490183,490518,NW_019862874.1_490183_490518
LOC112046898,NW_019862874.1,-,SE,0.010085871,0.535,492533,492861,NW_019862874.1_492533_492861
LOC112043638,NW_019862793.1,-,SE,0,0.101,1212420,1212734,NW_019862793.1_1212420_1212734
LOC112043638,NW_019862793.1,-,SE,9.40E-15,0.103,1212479,1212727,NW_019862793.1_1212479_1212727
LOC112043638,NW_019862793.1,-,SE,2.06E-09,0.074,1212519,1212734,NW_019862793.1_1212519_1212734
LOC112052373,NW_019862759.1,+,SE,0.001450503,-0.072,2018264,2018501,NW_019862759.1_2018264_2018501
LOC112052373,NW_019862759.1,+,SE,0.007517104,-0.03,2021399,2021825,NW_019862759.1_2021399_2021825
LOC112052373,NW_019862759.1,+,SE,3.89E-08,0.063,2029538,2029824,NW_019862759.1_2029538_2029824
LOC112052913,NW_019863186.1,+,SE,0.00445513,0.201,146116,146345,NW_019863186.1_146116_146345
LOC112051501,NW_019863086.1,-,SE,0.002849991,0.027,252311,252599,NW_019863086.1_252311_252599
LOC112051501,NW_019863086.1,-,SE,1.63E-05,0.052,252311,252604,NW_019863086.1_252311_252604
LOC112051501,NW_019863086.1,-,SE,0.000203594,0.031,252311,252626,NW_019863086.1_252311_252626
LOC112049089,NW_019862958.1,+,SE,0.04111567,-0.016,3793,4083,NW_019862958.1_3793_4083
LOC112053720,NW_019863276.1,-,SE,0,0.83,170553,170804,NW_019863276.1_170553_170804
LOC112053720,NW_019863276.1,-,SE,0,0.827,170555,170807,NW_019863276.1_170555_170807
LOC112054484,NW_019863363.1,-,SE,0,0.611,23595,24166,NW_019863363.1_23595_24166
LOC112054484,NW_019863363.1,-,SE,0,0.294,23777,24166,NW_019863363.1_23777_24166
LOC112054484,NW_019863363.1,-,SE,1.66E-09,0.079,24502,24789,NW_019863363.1_24502_24789
LOC112054484,NW_019863363.1,-,SE,6.93E-10,0.08,24502,24801,NW_019863363.1_24502_24801
LOC112054484,NW_019863363.1,-,SE,3.58E-08,0.071,24502,24826,NW_019863363.1_24502_24826
LOC112050340,NW_019863018.1,+,SE,0.028345798,0.088,403517,403781,NW_019863018.1_403517_403781
LOC112046732,NW_019862869.1,-,SE,0.014775948,0.013,42446,42733,NW_019862869.1_42446_42733
LOC112046728,NW_019862869.1,+,SE,0.000199858,0.106,489677,490046,NW_019862869.1_489677_490046
LOC112058072,NW_019862771.1,+,SE,7.20E-08,-0.279,409091,409348,NW_019862771.1_409091_409348
LOC112056174,NW_019863727.1,-,SE,6.32E-09,0.184,28116,28361,NW_019863727.1_28116_28361
LOC112053862,NW_019863290.1,+,SE,0.003569071,0.067,191550,191884,NW_019863290.1_191550_191884
LOC112053862,NW_019863290.1,+,SE,0.002950441,0.063,191550,191897,NW_019863290.1_191550_191897
LOC112053862,NW_019863290.1,+,SE,0.003042324,0.063,191550,191966,NW_019863290.1_191550_191966
LOC112053862,NW_019863290.1,+,SE,0.003042324,0.063,191550,192002,NW_019863290.1_191550_192002
LOC112050980,NW_019862757.1,+,SE,3.43E-12,0.183,97656,98012,NW_019862757.1_97656_98012
LOC112047798,NW_019862904.1,+,SE,0.014038063,0.179,1282991,1283279,NW_019862904.1_1282991_1283279
LOC112047798,NW_019862904.1,+,SE,0.019827212,0.058,1282999,1283279,NW_019862904.1_1282999_1283279
LOC112050883,NW_019862757.1,+,SE,0,0.449,1776444,1776818,NW_019862757.1_1776444_1776818
LOC112050883,NW_019862757.1,+,SE,1.86E-14,0.427,1776447,1776818,NW_019862757.1_1776447_1776818
LOC112050883,NW_019862757.1,+,SE,9.40E-15,0.447,1776456,1776818,NW_019862757.1_1776456_1776818
LOC112055047,NW_019863452.1,+,SE,0.002509587,-0.012,12430,12961,NW_019863452.1_12430_12961
LOC112055047,NW_019863452.1,+,SE,0.001124509,-0.013,12457,12961,NW_019863452.1_12457_12961
LOC112055047,NW_019863452.1,+,SE,0.000786406,-0.013,12467,12961,NW_019863452.1_12467_12961
LOC112055047,NW_019863452.1,+,SE,0.006658403,-0.01,12476,12961,NW_019863452.1_12476_12961
LOC112055047,NW_019863452.1,+,SE,0.002509587,-0.012,12489,12961,NW_019863452.1_12489_12961
LOC112055047,NW_019863452.1,+,SE,0.002509587,-0.012,12492,12961,NW_019863452.1_12492_12961
LOC112055966,NW_019863669.1,-,SE,3.25E-06,-0.029,43639,43993,NW_019863669.1_43639_43993
LOC112055966,NW_019863669.1,-,SE,1.81E-06,-0.029,43647,43993,NW_019863669.1_43647_43993
LOC112055966,NW_019863669.1,-,SE,0.002615559,-0.021,43676,43993,NW_019863669.1_43676_43993
LOC112052396,NW_019863145.1,-,SE,3.50E-08,0.615,117463,117782,NW_019863145.1_117463_117782
LOC112051923,NW_019863112.1,-,SE,4.18E-10,-0.036,292416,292658,NW_019863112.1_292416_292658
LOC112051923,NW_019863112.1,-,SE,0,0.161,317969,318323,NW_019863112.1_317969_318323
LOC112051923,NW_019863112.1,-,SE,0,0.16,317969,318356,NW_019863112.1_317969_318356
LOC112051923,NW_019863112.1,-,SE,0,0.16,317969,318458,NW_019863112.1_317969_318458
LOC112051923,NW_019863112.1,-,SE,0,0.16,317969,318498,NW_019863112.1_317969_318498
LOC112051923,NW_019863112.1,-,SE,0,0.16,317969,318545,NW_019863112.1_317969_318545
LOC112050311,NW_019863017.1,+,SE,0.001618818,-0.159,414451,414729,NW_019863017.1_414451_414729
LOC112047257,NW_019862886.1,-,SE,3.09E-07,-0.036,149955,150177,NW_019862886.1_149955_150177
LOC112047257,NW_019862886.1,-,SE,1.95E-07,-0.042,149958,150177,NW_019862886.1_149958_150177
LOC112047355,NW_019862890.1,-,SE,0.004933782,0.049,330231,330511,NW_019862890.1_330231_330511
LOC112047355,NW_019862890.1,-,SE,0.000118123,0.057,330231,330880,NW_019862890.1_330231_330880
LOC112047355,NW_019862890.1,-,SE,0.024341618,0.04,330233,330511,NW_019862890.1_330233_330511
LOC112047355,NW_019862890.1,-,SE,0.000118123,0.057,330233,330880,NW_019862890.1_330233_330880
LOC112047355,NW_019862890.1,-,SE,0.033301727,0.039,330244,330511,NW_019862890.1_330244_330511
LOC112047355,NW_019862890.1,-,SE,0.000118123,0.057,330244,330880,NW_019862890.1_330244_330880
LOC112047355,NW_019862890.1,-,SE,0.000140303,0.053,331304,331857,NW_019862890.1_331304_331857
LOC112049569,NW_019862979.1,-,SE,0,-0.624,471177,471400,NW_019862979.1_471177_471400
LOC112049569,NW_019862979.1,-,SE,0,-0.75,471177,471496,NW_019862979.1_471177_471496
LOC112049569,NW_019862979.1,-,SE,0,-0.736,471177,471519,NW_019862979.1_471177_471519
LOC112049569,NW_019862979.1,-,SE,0,-0.731,471177,471560,NW_019862979.1_471177_471560
LOC112049569,NW_019862979.1,-,SE,0,-0.732,471177,471748,NW_019862979.1_471177_471748
LOC112055815,NW_019863623.1,-,SE,3.18E-06,-0.207,12775,13263,NW_019863623.1_12775_13263
LOC112055815,NW_019863623.1,-,SE,0.00054988,-0.424,25207,25880,NW_019863623.1_25207_25880
LOC112055815,NW_019863623.1,-,SE,0.000480781,0.337,25565,25880,NW_019863623.1_25565_25880
LOC112055815,NW_019863623.1,-,SE,2.45E-08,0.405,25565,25880,NW_019863623.1_25565_25880
LOC112055815,NW_019863623.1,-,SE,0.000300748,-0.324,25565,25880,NW_019863623.1_25565_25880
LOC112055815,NW_019863623.1,-,SE,0.000467822,0.369,25565,26100,NW_019863623.1_25565_26100
LOC112055815,NW_019863623.1,-,SE,0.000495767,-0.377,25565,26100,NW_019863623.1_25565_26100
LOC112055815,NW_019863623.1,-,SE,6.72E-06,-0.5,30135,30459,NW_019863623.1_30135_30459
LOC112055815,NW_019863623.1,-,SE,2.43E-05,-0.5,30135,30674,NW_019863623.1_30135_30674
LOC112052571,NW_019863159.1,-,SE,0.000108128,-0.284,18821,19213,NW_019863159.1_18821_19213
LOC112046721,NW_019862753.1,-,SE,0.015440661,-0.315,387699,388010,NW_019862753.1_387699_388010
LOC112046721,NW_019862753.1,-,SE,0.015094568,-0.314,387699,388020,NW_019862753.1_387699_388020
LOC112046888,NW_019862753.1,-,SE,0.001673952,-0.015,1197882,1198106,NW_019862753.1_1197882_1198106
LOC112046888,NW_019862753.1,-,SE,0.004933751,-0.015,1197882,1198109,NW_019862753.1_1197882_1198109
LOC112047055,NW_019862753.1,-,SE,0,0.506,1465762,1466045,NW_019862753.1_1465762_1466045
LOC112047055,NW_019862753.1,-,SE,0,0.501,1465762,1466048,NW_019862753.1_1465762_1466048
LOC112047055,NW_019862753.1,-,SE,0,0.516,1465762,1466342,NW_019862753.1_1465762_1466342
LOC112047239,NW_019862753.1,+,SE,0.018274143,-0.017,2104273,2104572,NW_019862753.1_2104273_2104572
LOC112045656,NW_019862837.1,+,SE,0,0.232,381998,382321,NW_019862837.1_381998_382321
LOC112045656,NW_019862837.1,+,SE,0,0.226,381998,382351,NW_019862837.1_381998_382351
LOC112056612,NW_019863905.1,+,SE,3.29E-06,0.035,27755,28020,NW_019863905.1_27755_28020
LOC112043136,NW_019862786.1,+,SE,0.029133006,0.118,355028,355356,NW_019862786.1_355028_355356
LOC112043136,NW_019862786.1,+,SE,0.043452621,0.103,355071,355356,NW_019862786.1_355071_355356
LOC112049107,NW_019862958.1,+,SE,0.048980869,-0.03,251702,251913,NW_019862958.1_251702_251913
LOC112050969,NW_019863053.1,+,SE,0.00902756,0.093,362245,362463,NW_019863053.1_362245_362463
LOC112058541,NW_019862778.1,+,SE,0.022983597,0.18,1039474,1039830,NW_019862778.1_1039474_1039830
LOC112058541,NW_019862778.1,+,SE,0.001213212,0.03,1039474,1040044,NW_019862778.1_1039474_1040044
LOC112058541,NW_019862778.1,+,SE,0.024818205,0.172,1039522,1039830,NW_019862778.1_1039522_1039830
LOC112058541,NW_019862778.1,+,SE,0.001213212,0.03,1039522,1040044,NW_019862778.1_1039522_1040044
LOC112058541,NW_019862778.1,+,SE,0.02708826,0.166,1039574,1039830,NW_019862778.1_1039574_1039830
LOC112058541,NW_019862778.1,+,SE,0.001213212,0.03,1039574,1040044,NW_019862778.1_1039574_1040044
LOC112058541,NW_019862778.1,+,SE,0.001213212,0.03,1039596,1040044,NW_019862778.1_1039596_1040044
LOC112058541,NW_019862778.1,+,SE,0.000656455,0.034,1039729,1040044,NW_019862778.1_1039729_1040044
LOC112053300,NW_019862759.1,-,SE,2.13E-08,0.366,154917,155487,NW_019862759.1_154917_155487
LOC112052608,NW_019862759.1,-,SE,0.001851438,0.04,369637,369882,NW_019862759.1_369637_369882
LOC112052608,NW_019862759.1,-,SE,0,-0.807,369637,369882,NW_019862759.1_369637_369882
LOC112052608,NW_019862759.1,-,SE,0,-0.339,370086,370346,NW_019862759.1_370086_370346
LOC112052608,NW_019862759.1,-,SE,0,-0.89,370086,370382,NW_019862759.1_370086_370382
LOC112052608,NW_019862759.1,-,SE,0,-0.407,370086,370382,NW_019862759.1_370086_370382
LOC112052608,NW_019862759.1,-,SE,0,-0.897,370086,370523,NW_019862759.1_370086_370523
LOC112052608,NW_019862759.1,-,SE,0,-0.447,370086,370523,NW_019862759.1_370086_370523
LOC112053123,NW_019862759.1,-,SE,8.25E-14,0.496,1779207,1779537,NW_019862759.1_1779207_1779537
LOC112053123,NW_019862759.1,-,SE,0,0.494,1779207,1779552,NW_019862759.1_1779207_1779552
LOC112053123,NW_019862759.1,-,SE,0,0.492,1779207,1779605,NW_019862759.1_1779207_1779605
LOC112053123,NW_019862759.1,-,SE,9.40E-15,0.487,1779207,1779690,NW_019862759.1_1779207_1779690
LOC112053123,NW_019862759.1,-,SE,9.40E-15,0.483,1779207,1779786,NW_019862759.1_1779207_1779786
LOC112053123,NW_019862759.1,-,SE,0,0.492,1779207,1779801,NW_019862759.1_1779207_1779801
LOC112051828,NW_019863106.1,+,SE,0.0279773,0.074,254822,255126,NW_019863106.1_254822_255126
LOC112051828,NW_019863106.1,+,SE,0.020320685,0.073,254880,255126,NW_019863106.1_254880_255126
LOC112051828,NW_019863106.1,+,SE,0.035714737,0.067,254882,255126,NW_019863106.1_254882_255126
LOC112045685,NW_019862838.1,-,SE,0.002811374,-0.168,844301,844751,NW_019862838.1_844301_844751
LOC112045685,NW_019862838.1,-,SE,0.017810702,-0.156,844430,844751,NW_019862838.1_844430_844751
LOC112042794,NW_019862779.1,+,SE,3.46E-06,-0.044,1050610,1050976,NW_019862779.1_1050610_1050976
LOC112042794,NW_019862779.1,+,SE,2.19E-06,-0.051,1050635,1050978,NW_019862779.1_1050635_1050978
LOC112055725,NW_019863596.1,-,SE,3.94E-12,-0.22,59570,59850,NW_019863596.1_59570_59850
LOC112055725,NW_019863596.1,-,SE,0,0.607,61036,61313,NW_019863596.1_61036_61313
LOC112054722,NW_019862761.1,-,SE,0.00231042,0.465,2044105,2044452,NW_019862761.1_2044105_2044452
LOC112048700,NW_019862941.1,+,SE,0.010408774,-0.024,111613,111980,NW_019862941.1_111613_111980
LOC112044658,NW_019862815.1,-,SE,0.041061401,0.238,72934,73170,NW_019862815.1_72934_73170
LOC112055679,NW_019863585.1,-,SE,1.06E-10,0.028,37195,37452,NW_019863585.1_37195_37452
LOC112046876,NW_019862874.1,+,SE,3.31E-06,0.127,440110,440490,NW_019862874.1_440110_440490
LOC112046876,NW_019862874.1,+,SE,0.001468853,0.073,440117,440490,NW_019862874.1_440117_440490
LOC112047975,NW_019862910.1,-,SE,1.95E-10,0.681,495896,496161,NW_019862910.1_495896_496161
LOC112047975,NW_019862910.1,-,SE,6.78E-08,0.202,495896,496161,NW_019862910.1_495896_496161
LOC112047975,NW_019862910.1,-,SE,2.16E-07,0.21,495919,496161,NW_019862910.1_495919_496161
LOC112043773,NW_019862797.1,+,SE,0.000642695,0.044,703105,703635,NW_019862797.1_703105_703635
LOC112044537,NW_019862811.1,-,SE,0.000403486,-0.05,582227,582765,NW_019862811.1_582227_582765
LOC112053327,NW_019863229.1,-,SE,0.019642071,0.098,83673,84026,NW_019863229.1_83673_84026
LOC112053327,NW_019863229.1,-,SE,0.019271482,0.097,83673,84042,NW_019863229.1_83673_84042
LOC112053327,NW_019863229.1,-,SE,0.019124371,0.097,83673,84055,NW_019863229.1_83673_84055
LOC112053327,NW_019863229.1,-,SE,0.019642071,0.098,83673,84079,NW_019863229.1_83673_84079
LOC112043821,NW_019862799.1,+,SE,0,-0.483,39292,39568,NW_019862799.1_39292_39568
LOC112043847,NW_019862799.1,-,SE,0.010904676,-0.095,703912,704298,NW_019862799.1_703912_704298
LOC112043847,NW_019862799.1,-,SE,0.010663922,-0.096,703912,704331,NW_019862799.1_703912_704331
LOC112043847,NW_019862799.1,-,SE,0.010976234,-0.095,703912,704360,NW_019862799.1_703912_704360
LOC112043847,NW_019862799.1,-,SE,0.019264871,-0.05,705327,705629,NW_019862799.1_705327_705629
LOC112043851,NW_019862799.1,+,SE,0.004680649,0.22,890040,890502,NW_019862799.1_890040_890502
LOC112056203,NW_019863733.1,+,SE,0.007624493,0.333,36016,36367,NW_019863733.1_36016_36367
LOC112058143,NW_019862772.1,+,SE,2.68E-07,0.491,266895,267253,NW_019862772.1_266895_267253
LOC112058143,NW_019862772.1,+,SE,1.98E-07,0.495,266911,267253,NW_019862772.1_266911_267253
LOC112054182,NW_019863326.1,-,SE,0.001376254,-0.04,119431,119764,NW_019863326.1_119431_119764
LOC112047309,NW_019862887.1,+,SE,2.11E-06,-0.056,432927,433581,NW_019862887.1_432927_433581
LOC112047309,NW_019862887.1,+,SE,7.44E-07,-0.055,432985,433581,NW_019862887.1_432985_433581
LOC112047309,NW_019862887.1,+,SE,6.09E-05,-0.057,433002,433581,NW_019862887.1_433002_433581
LOC112047309,NW_019862887.1,+,SE,7.44E-07,-0.055,433014,433581,NW_019862887.1_433014_433581
LOC112047309,NW_019862887.1,+,SE,8.36E-10,-0.135,433277,433581,NW_019862887.1_433277_433581
LOC112048291,NW_019862924.1,-,SE,4.41E-13,0.452,328412,328630,NW_019862924.1_328412_328630
LOC112048291,NW_019862924.1,-,SE,0,0.556,328412,328650,NW_019862924.1_328412_328650
LOC112048291,NW_019862924.1,-,SE,0.001365823,0.27,344547,344811,NW_019862924.1_344547_344811
LOC112048291,NW_019862924.1,-,SE,4.49E-05,0.37,344551,344811,NW_019862924.1_344551_344811
LOC112048291,NW_019862924.1,-,SE,0.003985603,-0.084,369454,369721,NW_019862924.1_369454_369721
LOC112042894,NW_019862781.1,+,SE,0,-0.483,921441,921746,NW_019862781.1_921441_921746
LOC112042894,NW_019862781.1,+,SE,0,-0.437,921442,921749,NW_019862781.1_921442_921749
LOC112042894,NW_019862781.1,+,SE,0.001451776,-0.072,921442,922118,NW_019862781.1_921442_922118
LOC112042894,NW_019862781.1,+,SE,0,-0.572,965523,965993,NW_019862781.1_965523_965993
LOC112052021,NW_019863119.1,+,SE,0.008786024,0.044,91870,92219,NW_019863119.1_91870_92219
LOC112052026,NW_019863119.1,+,SE,0.001186291,0.2,261768,262045,NW_019863119.1_261768_262045
LOC112052026,NW_019863119.1,+,SE,0.000957685,0.207,261768,262049,NW_019863119.1_261768_262049
LOC112055789,NW_019863614.1,-,SE,0.047674748,-0.281,50690,51041,NW_019863614.1_50690_51041
LOC112054738,NW_019863404.1,+,SE,0.000315507,-0.053,102685,102977,NW_019863404.1_102685_102977
LOC112054738,NW_019863404.1,+,SE,0.000241727,-0.06,102730,102977,NW_019863404.1_102730_102977
LOC112048145,NW_019862918.1,-,SE,1.22E-05,0.054,500449,500757,NW_019862918.1_500449_500757
LOC112050113,NW_019863005.1,-,SE,0.000867374,0.095,713361,713592,NW_019863005.1_713361_713592
LOC112053498,NW_019863247.1,-,SE,0,0.376,147476,148120,NW_019863247.1_147476_148120
LOC112053498,NW_019863247.1,-,SE,0,0.44,147584,148111,NW_019863247.1_147584_148111
LOC112053498,NW_019863247.1,-,SE,0,0.44,147584,148181,NW_019863247.1_147584_148181
LOC112053498,NW_019863247.1,-,SE,0,0.44,147584,148182,NW_019863247.1_147584_148182
LOC112053498,NW_019863247.1,-,SE,0,0.44,147584,148186,NW_019863247.1_147584_148186
LOC112053498,NW_019863247.1,-,SE,0,0.44,147584,148191,NW_019863247.1_147584_148191
LOC112053498,NW_019863247.1,-,SE,0,0.44,147584,148198,NW_019863247.1_147584_148198
LOC112053498,NW_019863247.1,-,SE,0,0.44,147584,148201,NW_019863247.1_147584_148201
LOC112053498,NW_019863247.1,-,SE,0,0.44,147584,148212,NW_019863247.1_147584_148212
LOC112043098,NW_019862785.1,+,SE,0.001940617,-0.077,968733,968975,NW_019862785.1_968733_968975
LOC112055589,NW_019863555.1,-,SE,0.004761721,0.086,34266,34623,NW_019863555.1_34266_34623
LOC112050625,NW_019863034.1,+,SE,0.028590285,-0.084,164538,165034,NW_019863034.1_164538_165034
LOC112044902,NW_019862819.1,+,SE,0,-0.255,627497,627757,NW_019862819.1_627497_627757
LOC112053353,NW_019863233.1,+,SE,0.035185274,-0.071,226792,227041,NW_019863233.1_226792_227041
LOC112047213,NW_019862884.1,+,SE,1.71E-06,0.021,195410,195879,NW_019862884.1_195410_195879
LOC112047220,NW_019862884.1,+,SE,0.0443453,-0.239,239585,240252,NW_019862884.1_239585_240252
LOC112047220,NW_019862884.1,+,SE,0.039445856,-0.241,239624,240252,NW_019862884.1_239624_240252
LOC112052591,NW_019863161.1,-,SE,0.000187147,0.172,186113,186694,NW_019863161.1_186113_186694
LOC112049645,NW_019862756.1,-,SE,0,-0.225,170443,170713,NW_019862756.1_170443_170713
LOC112049719,NW_019862756.1,+,SE,1.15E-06,0.138,216393,216701,NW_019862756.1_216393_216701
LOC112049719,NW_019862756.1,+,SE,6.14E-06,0.037,220567,221020,NW_019862756.1_220567_221020
LOC112049719,NW_019862756.1,+,SE,4.69E-06,0.048,220574,221025,NW_019862756.1_220574_221025
LOC112049719,NW_019862756.1,+,SE,4.62E-06,0.048,220574,221041,NW_019862756.1_220574_221041
LOC112049719,NW_019862756.1,+,SE,6.13E-06,0.037,220575,221020,NW_019862756.1_220575_221020
LOC112049719,NW_019862756.1,+,SE,6.14E-06,0.037,220576,221020,NW_019862756.1_220576_221020
LOC112049719,NW_019862756.1,+,SE,6.13E-06,0.037,220600,221020,NW_019862756.1_220600_221020
LOC112049719,NW_019862756.1,+,SE,2.38E-06,0.07,220745,221020,NW_019862756.1_220745_221020
LOC112050384,NW_019862756.1,-,SE,7.73E-05,0.199,1796034,1796360,NW_019862756.1_1796034_1796360
LOC112050485,NW_019862756.1,-,SE,1.29E-07,0.292,2094901,2095480,NW_019862756.1_2094901_2095480
LOC112044360,NW_019862807.1,+,SE,0.013546776,0.036,293567,294143,NW_019862807.1_293567_294143
LOC112044360,NW_019862807.1,+,SE,0.006072804,0.054,293576,293941,NW_019862807.1_293576_293941
LOC112044360,NW_019862807.1,+,SE,0.00603935,0.062,293615,293941,NW_019862807.1_293615_293941
LOC112045512,NW_019862834.1,+,SE,0.0186252,0.054,996794,997114,NW_019862834.1_996794_997114
LOC112051684,NW_019863097.1,-,SE,0.000301556,-0.09,195758,195970,NW_019863097.1_195758_195970
LOC112056415,NW_019863806.1,+,SE,0.006783865,0.059,15862,16098,NW_019863806.1_15862_16098
LOC112051233,NW_019863069.1,-,SE,0.036778469,-0.107,314206,314635,NW_019863069.1_314206_314635
LOC112046776,NW_019862870.1,+,SE,7.33E-10,-0.363,771990,772247,NW_019862870.1_771990_772247
LOC112055014,NW_019863447.1,-,SE,0,0.075,37744,38084,NW_019863447.1_37744_38084
LOC112055014,NW_019863447.1,-,SE,0,0.148,37750,38084,NW_019863447.1_37750_38084
LOC112045981,NW_019862845.1,+,SE,0,0.435,909624,909937,NW_019862845.1_909624_909937
LOC112045981,NW_019862845.1,+,SE,0,0.456,909707,909937,NW_019862845.1_909707_909937
LOC112044285,NW_019862806.1,-,SE,5.78E-05,-0.046,532763,533085,NW_019862806.1_532763_533085
LOC112044285,NW_019862806.1,-,SE,8.22E-05,-0.046,532768,533085,NW_019862806.1_532768_533085
LOC112044285,NW_019862806.1,-,SE,8.18E-05,-0.049,532779,533085,NW_019862806.1_532779_533085
LOC112044285,NW_019862806.1,-,SE,3.54E-06,-0.057,532780,533112,NW_019862806.1_532780_533112
LOC112044285,NW_019862806.1,-,SE,0.003680495,-0.037,532809,533085,NW_019862806.1_532809_533085
LOC112044285,NW_019862806.1,-,SE,0.000399429,-0.041,532842,533085,NW_019862806.1_532842_533085
LOC112046614,NW_019862863.1,+,SE,1.32E-11,0.192,823944,824261,NW_019862863.1_823944_824261
LOC112046614,NW_019862863.1,+,SE,1.64E-08,0.116,823944,824261,NW_019862863.1_823944_824261
LOC112046614,NW_019862863.1,+,SE,3.13E-09,0.08,823944,824278,NW_019862863.1_823944_824278
LOC112056309,NW_019863765.1,+,SE,1.98E-10,-0.162,41659,41889,NW_019863765.1_41659_41889
LOC112056309,NW_019863765.1,+,SE,2.53E-10,-0.181,41659,41895,NW_019863765.1_41659_41895
LOC112056309,NW_019863765.1,+,SE,0,-0.269,41659,41940,NW_019863765.1_41659_41940
LOC112056309,NW_019863765.1,+,SE,0,-0.294,41659,41960,NW_019863765.1_41659_41960
LOC112056309,NW_019863765.1,+,SE,0,-0.285,41659,41994,NW_019863765.1_41659_41994
LOC112056309,NW_019863765.1,+,SE,0,-0.278,41659,42002,NW_019863765.1_41659_42002
LOC112056309,NW_019863765.1,+,SE,0,-0.275,41659,42016,NW_019863765.1_41659_42016
LOC112048704,NW_019862941.1,-,SE,0.049283113,-0.129,509161,509546,NW_019862941.1_509161_509546
LOC112052389,NW_019863145.1,-,SE,0.03059197,-0.111,48076,48441,NW_019863145.1_48076_48441
LOC112052389,NW_019863145.1,-,SE,0.027683905,-0.248,48107,48441,NW_019863145.1_48107_48441
LOC112052389,NW_019863145.1,-,SE,8.58E-05,-0.2,48107,48449,NW_019863145.1_48107_48449
LOC112048135,NW_019862918.1,-,SE,5.75E-05,0.026,484133,484815,NW_019862918.1_484133_484815
LOC112050218,NW_019863013.1,+,SE,0.011599635,-0.324,83923,84340,NW_019863013.1_83923_84340
LOC112050218,NW_019863013.1,+,SE,0.014331936,-0.321,83923,84395,NW_019863013.1_83923_84395
LOC112056815,NW_019863997.1,-,SE,0.003571721,-0.02,19526,19782,NW_019863997.1_19526_19782
LOC112046638,NW_019862864.1,+,SE,3.09E-06,-0.12,332108,332435,NW_019862864.1_332108_332435
LOC112046638,NW_019862864.1,+,SE,3.77E-05,-0.126,332162,332435,NW_019862864.1_332162_332435
LOC112052118,NW_019863127.1,-,SE,0.001859866,0.071,13057,13442,NW_019863127.1_13057_13442
LOC112056418,NW_019863807.1,-,SE,3.54E-05,0.081,9653,9954,NW_019863807.1_9653_9954
LOC112053910,NW_019863293.1,-,SE,0.001087107,0.049,90096,90402,NW_019863293.1_90096_90402
LOC112054590,NW_019863380.1,-,SE,0.001442809,-0.081,120406,120816,NW_019863380.1_120406_120816
LOC112054590,NW_019863380.1,-,SE,0.030373842,-0.069,120412,120808,NW_019863380.1_120412_120808
LOC112048203,NW_019862921.1,+,SE,0.0076269,0.183,467943,468212,NW_019862921.1_467943_468212
LOC112048203,NW_019862921.1,+,SE,3.11E-06,0.235,469549,469882,NW_019862921.1_469549_469882
LOC112048203,NW_019862921.1,+,SE,0.000193572,0.173,469552,469882,NW_019862921.1_469552_469882
LOC112049061,NW_019862957.1,+,SE,0.011603035,0.072,504488,504891,NW_019862957.1_504488_504891
LOC112058620,NW_019862779.1,+,SE,0.025657401,-0.25,569998,570315,NW_019862779.1_569998_570315
LOC112047618,NW_019862898.1,-,SE,0.020783174,-0.054,576011,576496,NW_019862898.1_576011_576496
LOC112047618,NW_019862898.1,-,SE,0.001491169,-0.096,577350,577668,NW_019862898.1_577350_577668
LOC112054515,NW_019862761.1,+,SE,4.00E-06,-0.069,1230238,1230621,NW_019862761.1_1230238_1230621
LOC112054515,NW_019862761.1,+,SE,1.53E-06,-0.074,1230257,1230621,NW_019862761.1_1230257_1230621
LOC112054515,NW_019862761.1,+,SE,4.00E-06,-0.069,1230271,1230621,NW_019862761.1_1230271_1230621
LOC112054515,NW_019862761.1,+,SE,2.90E-06,-0.071,1230280,1230621,NW_019862761.1_1230280_1230621
LOC112054515,NW_019862761.1,+,SE,3.84E-05,-0.06,1230287,1230621,NW_019862761.1_1230287_1230621
LOC112049630,NW_019862981.1,-,SE,0.000254842,0.122,90118,90775,NW_019862981.1_90118_90775
LOC112049630,NW_019862981.1,-,SE,0.000615553,0.121,90453,90775,NW_019862981.1_90453_90775
LOC112045706,NW_019862838.1,-,SE,1.80E-08,0.208,746758,747043,NW_019862838.1_746758_747043
LOC112045706,NW_019862838.1,-,SE,3.67E-08,0.203,746758,747092,NW_019862838.1_746758_747092
LOC112055835,NW_019863631.1,-,SE,0.000304479,-0.238,45669,46065,NW_019863631.1_45669_46065
LOC112055835,NW_019863631.1,-,SE,0.000151624,-0.232,51452,51863,NW_019863631.1_51452_51863
LOC112055835,NW_019863631.1,-,SE,0.00035147,-0.203,51542,51863,NW_019863631.1_51542_51863
LOC112055835,NW_019863631.1,-,SE,0.00025352,-0.409,51633,51863,NW_019863631.1_51633_51863
LOC112054488,NW_019862761.1,-,SE,8.53E-05,0.129,1189548,1189928,NW_019862761.1_1189548_1189928
LOC112054488,NW_019862761.1,-,SE,8.53E-05,0.129,1189552,1189928,NW_019862761.1_1189552_1189928
LOC112054488,NW_019862761.1,-,SE,8.53E-05,0.129,1189554,1189928,NW_019862761.1_1189554_1189928
LOC112054488,NW_019862761.1,-,SE,0.000289817,0.169,1189656,1189928,NW_019862761.1_1189656_1189928
LOC112044298,NW_019862806.1,+,SE,0.000327998,0.069,650773,651146,NW_019862806.1_650773_651146
LOC112051221,NW_019863069.1,+,SE,0.000157718,-0.169,85207,85469,NW_019863069.1_85207_85469
LOC112051546,NW_019863089.1,-,SE,0.006263993,0.024,146322,146686,NW_019863089.1_146322_146686
LOC112044663,NW_019862815.1,+,SE,0.00023802,0.199,1045562,1045818,NW_019862815.1_1045562_1045818
LOC112055471,NW_019863529.1,+,SE,0,-0.264,82154,82412,NW_019863529.1_82154_82412
LOC112048887,NW_019862755.1,+,SE,0.001345081,-0.039,1282643,1282973,NW_019862755.1_1282643_1282973
LOC112043015,NW_019862784.1,-,SE,0.002092428,0.469,989122,989375,NW_019862784.1_989122_989375
LOC112055964,NW_019863667.1,-,SE,0.014121557,-0.03,41451,41738,NW_019863667.1_41451_41738
LOC112050976,NW_019863054.1,-,MXE_exon1,4.39E-09,-0.157,55060,55308,NW_019863054.1_55060_55308
LOC112050976,NW_019863054.1,-,MXE_exon1,0,-0.28,55060,55308,NW_019863054.1_55060_55308
LOC112050976,NW_019863054.1,-,MXE_exon1,0.014227,-0.114,55060,55308,NW_019863054.1_55060_55308
LOC112050976,NW_019863054.1,-,MXE_exon1,0.000380112,-0.045,55060,55308,NW_019863054.1_55060_55308
LOC112050976,NW_019863054.1,-,MXE_exon1,0,-0.542,55060,55308,NW_019863054.1_55060_55308
LOC112050976,NW_019863054.1,-,MXE_exon1,1.81E-12,-0.315,56017,56238,NW_019863054.1_56017_56238
LOC112050976,NW_019863054.1,-,MXE_exon1,5.19E-14,-0.069,56017,56238,NW_019863054.1_56017_56238
LOC112050976,NW_019863054.1,-,MXE_exon1,0,-0.353,56017,56238,NW_019863054.1_56017_56238
LOC112050976,NW_019863054.1,-,MXE_exon1,2.94E-06,-0.072,56017,56238,NW_019863054.1_56017_56238
LOC112052196,NW_019863133.1,+,MXE_exon1,0.016773439,0.071,204192,204512,NW_019863133.1_204192_204512
LOC112052196,NW_019863133.1,+,MXE_exon1,0,-0.183,204192,204512,NW_019863133.1_204192_204512
LOC112043486,NW_019862791.1,-,MXE_exon1,0.006621419,-0.235,1195052,1195315,NW_019862791.1_1195052_1195315
LOC112050905,NW_019863050.1,+,MXE_exon1,0.037124812,-0.15,331296,331665,NW_019863050.1_331296_331665
LOC112054984,NW_019863443.1,+,MXE_exon1,0,-0.19,110869,111177,NW_019863443.1_110869_111177
LOC112051285,NW_019863072.1,+,MXE_exon1,0,0.158,75096,75469,NW_019863072.1_75096_75469
LOC112048791,NW_019862945.1,-,MXE_exon1,0.005698692,0.555,477098,477348,NW_019862945.1_477098_477348
LOC112049233,NW_019862964.1,-,MXE_exon1,1.17E-05,-0.347,495070,495394,NW_019862964.1_495070_495394
LOC112043423,NW_019862790.1,-,MXE_exon1,0.046954134,0.085,634953,635251,NW_019862790.1_634953_635251
LOC112046049,NW_019862846.1,-,MXE_exon1,0.016643954,-0.196,209397,209673,NW_019862846.1_209397_209673
LOC112045441,NW_019862832.1,-,MXE_exon1,0.046798996,0.166,295589,296617,NW_019862832.1_295589_296617
LOC112055290,NW_019863493.1,-,MXE_exon1,0.000103431,0.232,120605,120945,NW_019863493.1_120605_120945
LOC112055144,NW_019863466.1,-,MXE_exon1,0.011136985,0.287,67777,68184,NW_019863466.1_67777_68184
LOC112055144,NW_019863466.1,-,MXE_exon1,6.23E-07,-0.549,72541,72869,NW_019863466.1_72541_72869
LOC112049271,NW_019862966.1,+,MXE_exon1,0.018949906,-0.068,256816,257093,NW_019862966.1_256816_257093
LOC112053613,NW_019863261.1,+,MXE_exon1,0,-0.188,196852,197436,NW_019863261.1_196852_197436
LOC112053613,NW_019863261.1,+,MXE_exon1,0.000282707,0.197,197389,198141,NW_019863261.1_197389_198141
LOC112053613,NW_019863261.1,+,MXE_exon1,2.71E-11,-0.255,197389,198141,NW_019863261.1_197389_198141
LOC112052810,NW_019863178.1,+,MXE_exon1,0.01154437,-0.374,61191,61511,NW_019863178.1_61191_61511
LOC112052810,NW_019863178.1,+,MXE_exon1,0.00720069,0.366,62630,62976,NW_019863178.1_62630_62976
LOC112048194,NW_019862920.1,+,MXE_exon1,0.003305561,-0.079,586667,587074,NW_019862920.1_586667_587074
LOC112048834,NW_019862946.1,+,MXE_exon1,0.005551685,-0.138,95562,95813,NW_019862946.1_95562_95813
LOC112053646,NW_019863265.1,+,MXE_exon1,0.000212536,0.117,206771,207240,NW_019863265.1_206771_207240
LOC112053499,NW_019862760.1,+,MXE_exon1,2.77E-08,0.393,152231,152547,NW_019862760.1_152231_152547
LOC112043412,NW_019862790.1,+,MXE_exon1,0.010125622,-0.097,179284,179615,NW_019862790.1_179284_179615
LOC112051433,NW_019863082.1,+,MXE_exon1,0.000274175,0.042,347930,348216,NW_019863082.1_347930_348216
LOC112051698,NW_019863098.1,+,MXE_exon1,0.041524525,0.071,207163,207508,NW_019863098.1_207163_207508
LOC112046150,NW_019862849.1,+,MXE_exon1,0.008359897,0.161,255858,256175,NW_019862849.1_255858_256175
LOC112054078,NW_019863315.1,-,MXE_exon1,7.01E-06,-0.35,123224,123537,NW_019863315.1_123224_123537
LOC112056528,NW_019863862.1,+,MXE_exon1,0.002234734,0.139,75678,75978,NW_019863862.1_75678_75978
LOC112055179,NW_019862762.1,+,MXE_exon1,1.86E-05,-0.314,86019,86417,NW_019862762.1_86019_86417
LOC112054456,NW_019863360.1,-,MXE_exon1,0.037612881,-0.074,72064,72326,NW_019863360.1_72064_72326
LOC112054275,NW_019863336.1,-,MXE_exon1,0.025608991,0.208,1224,1560,NW_019863336.1_1224_1560
LOC112053531,NW_019863250.1,+,MXE_exon1,0.000187651,-0.186,168337,168741,NW_019863250.1_168337_168741
LOC112049521,NW_019862977.1,+,MXE_exon1,0.023822753,-0.125,364628,364941,NW_019862977.1_364628_364941
LOC112046832,NW_019862872.1,+,MXE_exon1,0,0.286,395048,395422,NW_019862872.1_395048_395422
LOC112046832,NW_019862872.1,+,MXE_exon1,0.000298564,0.147,397180,397467,NW_019862872.1_397180_397467
LOC112043676,NW_019862794.1,+,MXE_exon1,5.59E-05,0.12,1313686,1314078,NW_019862794.1_1313686_1314078
LOC112049721,NW_019862987.1,+,MXE_exon1,0.02585045,0.107,394187,394463,NW_019862987.1_394187_394463
LOC112052145,NW_019863130.1,-,MXE_exon1,0.04410556,-0.092,132460,132950,NW_019863130.1_132460_132950
LOC112042864,NW_019862749.1,-,MXE_exon1,0.000723537,0.138,2167271,2167719,NW_019862749.1_2167271_2167719
LOC112051118,NW_019862757.1,-,MXE_exon1,0,0.276,1539761,1540137,NW_019862757.1_1539761_1540137
LOC112051200,NW_019863068.1,-,MXE_exon1,0.037060639,-0.19,155380,155643,NW_019863068.1_155380_155643
LOC112045704,NW_019862838.1,+,MXE_exon1,0.005782745,0.126,595494,595783,NW_019862838.1_595494_595783
LOC112045704,NW_019862838.1,+,MXE_exon1,5.43E-06,0.195,612889,613280,NW_019862838.1_612889_613280
LOC112045388,NW_019862831.1,-,MXE_exon1,0.019635815,-0.195,64143,64546,NW_019862831.1_64143_64546
LOC112056296,NW_019862763.1,-,MXE_exon1,6.66E-10,-0.161,1446559,1446837,NW_019862763.1_1446559_1446837
LOC112056296,NW_019862763.1,-,MXE_exon1,1.99E-07,-0.252,1447473,1447789,NW_019862763.1_1447473_1447789
LOC112044897,NW_019862819.1,+,MXE_exon1,0.044365627,0.371,532274,532595,NW_019862819.1_532274_532595
LOC112044897,NW_019862819.1,+,MXE_exon1,0.003042044,0.382,532274,532595,NW_019862819.1_532274_532595
LOC112046635,NW_019862864.1,+,MXE_exon1,0.004437171,-0.318,350897,351211,NW_019862864.1_350897_351211
LOC112048437,NW_019862930.1,-,MXE_exon1,0.003290934,0.122,380350,380687,NW_019862930.1_380350_380687
LOC112050044,NW_019863003.1,-,MXE_exon1,0.000353044,-0.059,178597,179001,NW_019863003.1_178597_179001
nbis-pseudo33,NW_019862873.1,-,MXE_exon1,0.004810346,0.104,600910,601171,NW_019862873.1_600910_601171
LOC112051535,NW_019863088.1,+,MXE_exon1,0.035666392,0.155,329706,330014,NW_019863088.1_329706_330014
LOC112058377,NW_019862775.1,-,MXE_exon1,3.11E-13,0.036,1671328,1671623,NW_019862775.1_1671328_1671623
LOC112045063,NW_019862823.1,+,MXE_exon1,0.032229695,0.081,167543,167806,NW_019862823.1_167543_167806
LOC112052388,NW_019863145.1,-,MXE_exon1,8.65E-07,0.504,22725,23018,NW_019863145.1_22725_23018
LOC112045305,NW_019862828.1,+,MXE_exon1,0,-0.24,795846,796079,NW_019862828.1_795846_796079
LOC112045305,NW_019862828.1,+,MXE_exon1,1.24E-05,-0.14,802369,802687,NW_019862828.1_802369_802687
LOC112045305,NW_019862828.1,+,MXE_exon1,0,0.425,808765,809102,NW_019862828.1_808765_809102
LOC112045305,NW_019862828.1,+,MXE_exon1,0,-0.139,811571,811840,NW_019862828.1_811571_811840
LOC112049830,NW_019862993.1,-,MXE_exon1,3.21E-11,-0.423,96550,96878,NW_019862993.1_96550_96878
LOC112057974,NW_019862770.1,+,MXE_exon1,0,-0.189,577144,577394,NW_019862770.1_577144_577394
LOC112057974,NW_019862770.1,+,MXE_exon1,8.90E-10,0.124,577144,577394,NW_019862770.1_577144_577394
LOC112047070,NW_019862881.1,+,MXE_exon1,0.000217039,0.107,420443,420808,NW_019862881.1_420443_420808
LOC112044055,NW_019862802.1,+,MXE_exon1,0.002210132,-0.168,308585,308899,NW_019862802.1_308585_308899
LOC112053130,NW_019863209.1,+,MXE_exon1,0.031643767,0.115,134616,135014,NW_019863209.1_134616_135014
LOC112047362,NW_019862890.1,+,MXE_exon1,0.008193675,-0.067,162430,162806,NW_019862890.1_162430_162806
LOC112046967,NW_019862879.1,-,MXE_exon1,0.004759161,-0.324,504970,505373,NW_019862879.1_504970_505373
LOC112045222,NW_019862826.1,-,MXE_exon1,0.045059898,0.234,644089,644469,NW_019862826.1_644089_644469
LOC112045222,NW_019862826.1,-,MXE_exon1,0.043346938,0.042,644089,644469,NW_019862826.1_644089_644469
LOC112045222,NW_019862826.1,-,MXE_exon1,0.001810701,0.244,644089,644469,NW_019862826.1_644089_644469
LOC112050343,NW_019863018.1,+,MXE_exon1,1.49E-05,0.154,290108,290473,NW_019863018.1_290108_290473
LOC112050343,NW_019863018.1,+,MXE_exon1,5.03E-05,0.098,292857,293189,NW_019863018.1_292857_293189
LOC112054644,NW_019863390.1,+,MXE_exon1,0.040777233,0.18,30124,30444,NW_019863390.1_30124_30444
LOC112055035,NW_019863450.1,-,MXE_exon1,2.38E-07,-0.472,42106,42381,NW_019863450.1_42106_42381
LOC112048640,NW_019862938.1,-,MXE_exon1,0.030982542,0.064,151637,151951,NW_019862938.1_151637_151951
LOC112055306,NW_019862762.1,-,MXE_exon1,4.03E-05,0.143,214016,214349,NW_019862762.1_214016_214349
LOC112047174,NW_019862753.1,+,MXE_exon1,0.015846366,0.112,1779580,1779834,NW_019862753.1_1779580_1779834
LOC112047743,NW_019862903.1,-,MXE_exon1,0.000123582,0.331,415306,415603,NW_019862903.1_415306_415603
LOC112047732,NW_019862903.1,-,MXE_exon1,0.011644068,-0.073,279466,279808,NW_019862903.1_279466_279808
LOC112044399,NW_019862808.1,-,MXE_exon1,0.000597808,0.146,1214809,1215150,NW_019862808.1_1214809_1215150
LOC112051777,NW_019863102.1,+,MXE_exon1,3.53E-06,0.258,233976,234402,NW_019863102.1_233976_234402
LOC112044453,NW_019862809.1,+,MXE_exon1,0.000231391,-0.328,1021477,1021936,NW_019862809.1_1021477_1021936
LOC112051880,NW_019862758.1,+,MXE_exon1,0.019998196,-0.078,1808290,1808635,NW_019862758.1_1808290_1808635
LOC112047548,NW_019862896.1,-,MXE_exon1,0.007773154,0.146,530106,530429,NW_019862896.1_530106_530429
LOC112046488,NW_019862859.1,+,MXE_exon1,7.19E-10,-0.192,410309,411311,NW_019862859.1_410309_411311
LOC112049684,NW_019862984.1,-,MXE_exon1,1.78E-14,-0.053,386413,386847,NW_019862984.1_386413_386847
LOC112055865,NW_019863641.1,-,MXE_exon1,0.005143214,0.074,65146,65505,NW_019863641.1_65146_65505
LOC112044489,NW_019862810.1,-,MXE_exon1,3.40E-05,-0.033,693954,694350,NW_019862810.1_693954_694350
LOC112052616,NW_019863163.1,-,MXE_exon1,0.036103841,0.027,22358,22680,NW_019863163.1_22358_22680
LOC112048916,NW_019862951.1,-,MXE_exon1,9.65E-07,-0.198,199795,200087,NW_019862951.1_199795_200087
LOC112044894,NW_019862751.1,-,MXE_exon1,3.70E-08,0.239,1710750,1711175,NW_019862751.1_1710750_1711175
LOC112044894,NW_019862751.1,-,MXE_exon1,3.48E-08,0.24,1710750,1711181,NW_019862751.1_1710750_1711181
LOC112042829,NW_019862749.1,-,MXE_exon1,0.012756644,-0.099,2044845,2045194,NW_019862749.1_2044845_2045194
LOC112051409,NW_019863081.1,-,MXE_exon1,3.43E-07,0.352,325315,325647,NW_019863081.1_325315_325647
LOC112047234,NW_019862885.1,-,MXE_exon1,0.017167107,-0.029,646904,647296,NW_019862885.1_646904_647296
LOC112045687,NW_019862838.1,-,MXE_exon1,0,0.391,344631,344975,NW_019862838.1_344631_344975
LOC112053443,NW_019862760.1,+,MXE_exon1,4.87E-06,0.023,55165,55691,NW_019862760.1_55165_55691
LOC112053443,NW_019862760.1,+,MXE_exon1,9.16E-05,-0.019,55360,55691,NW_019862760.1_55360_55691
LOC112053443,NW_019862760.1,+,MXE_exon1,0.022545355,0.031,55370,55691,NW_019862760.1_55370_55691
LOC112053443,NW_019862760.1,+,MXE_exon1,4.47E-07,-0.087,55370,55691,NW_019862760.1_55370_55691
LOC112053443,NW_019862760.1,+,MXE_exon1,0,-0.092,55370,55691,NW_019862760.1_55370_55691
LOC112045354,NW_019862829.1,+,MXE_exon1,0.024230557,0.122,207884,208178,NW_019862829.1_207884_208178
LOC112050692,NW_019863038.1,+,MXE_exon1,3.66E-08,-0.107,198205,198525,NW_019863038.1_198205_198525
LOC112050692,NW_019863038.1,+,MXE_exon1,3.64E-08,-0.132,198205,198525,NW_019863038.1_198205_198525
LOC112055393,NW_019862762.1,+,MXE_exon1,0.024133385,0.088,264787,265122,NW_019862762.1_264787_265122
LOC112050433,NW_019863023.1,-,MXE_exon1,0.001167158,0.101,72386,72764,NW_019863023.1_72386_72764
LOC112055070,NW_019863455.1,+,MXE_exon1,3.93E-06,0.344,126848,127231,NW_019863455.1_126848_127231
LOC112048373,NW_019862927.1,+,MXE_exon1,0.01394255,0.093,51954,52355,NW_019862927.1_51954_52355
LOC112048373,NW_019862927.1,+,MXE_exon1,2.20E-05,-0.158,51954,52355,NW_019862927.1_51954_52355
LOC112058448,NW_019862776.1,-,MXE_exon1,0.016700836,-0.039,1577781,1578110,NW_019862776.1_1577781_1578110
LOC112056116,NW_019863706.1,+,MXE_exon1,5.02E-06,-0.387,43591,43966,NW_019863706.1_43591_43966
LOC112048826,NW_019862946.1,+,MXE_exon1,1.89E-07,-0.129,522375,522641,NW_019862946.1_522375_522641
LOC112043083,NW_019862785.1,-,MXE_exon1,0.046532275,-0.043,584544,585169,NW_019862785.1_584544_585169
LOC112047518,NW_019862895.1,-,MXE_exon1,0,-0.293,761043,761494,NW_019862895.1_761043_761494
LOC112043723,NW_019862795.1,+,MXE_exon1,0.001309149,-0.152,1191512,1191764,NW_019862795.1_1191512_1191764
LOC112050796,NW_019863043.1,+,MXE_exon1,0.036835325,0.14,45671,45945,NW_019863043.1_45671_45945
LOC112051071,NW_019863061.1,+,MXE_exon1,0.021731576,0.226,26886,27137,NW_019863061.1_26886_27137
LOC112053999,NW_019862760.1,+,MXE_exon1,9.58E-11,0.345,2285619,2286193,NW_019862760.1_2285619_2286193
LOC112053999,NW_019862760.1,+,MXE_exon1,0.006947037,0.133,2285619,2286193,NW_019862760.1_2285619_2286193
LOC112053999,NW_019862760.1,+,MXE_exon1,2.96E-05,0.129,2285622,2286193,NW_019862760.1_2285622_2286193
LOC112049870,NW_019862756.1,-,MXE_exon1,0.035149498,0.088,617918,618265,NW_019862756.1_617918_618265
LOC112053043,NW_019863200.1,+,MXE_exon1,0.007304736,-0.031,142078,142343,NW_019863200.1_142078_142343
LOC112051313,NW_019863074.1,+,MXE_exon1,0.032042202,0.282,92628,92975,NW_019863074.1_92628_92975
LOC112051313,NW_019863074.1,+,MXE_exon1,1.50E-08,0.059,112429,112667,NW_019863074.1_112429_112667
LOC112051313,NW_019863074.1,+,MXE_exon1,8.03E-05,0.108,176038,176369,NW_019863074.1_176038_176369
LOC112046887,NW_019862874.1,-,MXE_exon1,1.07E-07,-0.08,19540,19868,NW_019862874.1_19540_19868
LOC112047356,NW_019862890.1,+,MXE_exon1,0.022744222,0.216,324774,325105,NW_019862890.1_324774_325105
LOC112050877,NW_019863048.1,-,MXE_exon1,0.000948681,-0.206,127340,127797,NW_019863048.1_127340_127797
LOC112043853,NW_019862799.1,-,MXE_exon1,0.013305827,0.318,847957,848238,NW_019862799.1_847957_848238
LOC112043311,NW_019862788.1,-,MXE_exon1,0.001720166,-0.099,702025,702348,NW_019862788.1_702025_702348
LOC112046528,NW_019862860.1,+,MXE_exon1,0.018484758,-0.029,498949,499482,NW_019862860.1_498949_499482
LOC112046528,NW_019862860.1,+,MXE_exon1,0.043582084,-0.022,498983,499482,NW_019862860.1_498983_499482
LOC112046528,NW_019862860.1,+,MXE_exon1,0,-0.235,499000,499482,NW_019862860.1_499000_499482
LOC112046528,NW_019862860.1,+,MXE_exon1,5.19E-14,-0.136,499000,499482,NW_019862860.1_499000_499482
LOC112055216,NW_019862748.1,-,MXE_exon1,3.35E-06,-0.197,4873669,4874004,NW_019862748.1_4873669_4874004
LOC112052405,NW_019862759.1,+,MXE_exon1,0.000629255,-0.099,116234,116584,NW_019862759.1_116234_116584
LOC112056453,NW_019863828.1,+,MXE_exon1,0.041731809,0.07,6995,7353,NW_019863828.1_6995_7353
LOC112054440,NW_019863357.1,+,MXE_exon1,1.33E-06,-0.027,134183,134482,NW_019863357.1_134183_134482
LOC112043538,NW_019862792.1,-,MXE_exon1,5.85E-05,-0.289,113557,113940,NW_019862792.1_113557_113940
LOC112055008,NW_019863446.1,+,MXE_exon1,5.18E-07,-0.555,78385,78739,NW_019863446.1_78385_78739
LOC112053496,NW_019863246.1,-,MXE_exon1,0.049388276,0.154,62068,62354,NW_019863246.1_62068_62354
LOC112054617,NW_019863384.1,-,MXE_exon1,0.005857829,-0.056,106183,106478,NW_019863384.1_106183_106478
LOC112057044,NW_019864244.1,-,MXE_exon1,1.05E-06,-0.223,2237,2613,NW_019864244.1_2237_2613
LOC112057044,NW_019864244.1,-,MXE_exon1,0.039928915,-0.107,3469,3907,NW_019864244.1_3469_3907
LOC112057044,NW_019864244.1,-,MXE_exon1,0,0.242,5690,6057,NW_019864244.1_5690_6057
LOC112048256,NW_019862922.1,-,MXE_exon1,0.031761559,-0.144,697945,698323,NW_019862922.1_697945_698323
LOC112053610,NW_019863260.1,-,MXE_exon1,0.019183022,-0.403,196736,197062,NW_019863260.1_196736_197062
LOC112058009,NW_019862770.1,-,MXE_exon1,0.001209393,-0.079,1693549,1693985,NW_019862770.1_1693549_1693985
LOC112058550,NW_019862778.1,-,MXE_exon1,0,-0.286,1102868,1103181,NW_019862778.1_1102868_1103181
LOC112046846,NW_019862873.1,+,MXE_exon1,1.52E-05,-0.249,339227,339628,NW_019862873.1_339227_339628
LOC112052001,NW_019863118.1,-,MXE_exon1,0.022899713,-0.105,162344,162583,NW_019863118.1_162344_162583
LOC112052001,NW_019863118.1,-,MXE_exon1,0.026338272,0.111,168716,169194,NW_019863118.1_168716_169194
LOC112052374,NW_019863143.1,+,MXE_exon1,0.012319512,0.069,134373,134733,NW_019863143.1_134373_134733
LOC112052867,NW_019863182.1,-,MXE_exon1,0,0.552,230886,231252,NW_019863182.1_230886_231252
LOC112048885,NW_019862949.1,-,MXE_exon1,0.015740172,-0.168,480982,481348,NW_019862949.1_480982_481348
LOC112058044,NW_019862770.1,+,MXE_exon1,0.000239246,0.122,800605,801021,NW_019862770.1_800605_801021
LOC112052801,NW_019863177.1,+,MXE_exon1,6.21E-05,0.119,207494,207759,NW_019863177.1_207494_207759
LOC112051523,NW_019863087.1,+,MXE_exon1,0,-0.213,179021,179357,NW_019863087.1_179021_179357
LOC112051523,NW_019863087.1,+,MXE_exon1,0.000755142,-0.073,179021,179357,NW_019863087.1_179021_179357
LOC112051523,NW_019863087.1,+,MXE_exon1,0.000105804,0.042,182891,183186,NW_019863087.1_182891_183186
LOC112052426,NW_019862759.1,+,MXE_exon1,0.001028128,0.14,142369,142733,NW_019862759.1_142369_142733
LOC112044491,NW_019862810.1,+,MXE_exon1,1.03E-10,-0.294,732145,732501,NW_019862810.1_732145_732501
LOC112049219,NW_019862964.1,-,MXE_exon1,4.64E-06,-0.3,411927,412278,NW_019862964.1_411927_412278
LOC112047846,NW_019862906.1,-,MXE_exon1,0.004399938,-0.084,81420,81730,NW_019862906.1_81420_81730
LOC112047558,NW_019862896.1,+,MXE_exon1,8.19E-12,-0.151,450348,450623,NW_019862896.1_450348_450623
LOC112047558,NW_019862896.1,+,MXE_exon1,3.49E-14,-0.229,457179,457544,NW_019862896.1_457179_457544
LOC112047558,NW_019862896.1,+,MXE_exon1,0,0.236,457179,457544,NW_019862896.1_457179_457544
LOC112051371,NW_019863078.1,-,MXE_exon1,3.99E-11,0.233,44512,44911,NW_019863078.1_44512_44911
LOC112047767,NW_019862904.1,-,MXE_exon1,0.025725994,0.075,1049100,1049402,NW_019862904.1_1049100_1049402
LOC112052404,NW_019863145.1,+,MXE_exon1,0.027914863,-0.03,102420,102723,NW_019863145.1_102420_102723
LOC112046330,NW_019862855.1,-,MXE_exon1,0.000107263,0.02,270011,270323,NW_019862855.1_270011_270323
LOC112046330,NW_019862855.1,-,MXE_exon1,0.049863481,-0.062,270011,270323,NW_019862855.1_270011_270323
LOC112044155,NW_019862804.1,-,MXE_exon1,4.64E-05,0.464,554715,555046,NW_019862804.1_554715_555046
LOC112051008,NW_019863056.1,-,MXE_exon1,3.66E-05,-0.118,70882,71190,NW_019863056.1_70882_71190
LOC112051008,NW_019863056.1,-,MXE_exon1,0.005711204,-0.054,70882,71190,NW_019863056.1_70882_71190
LOC112052147,NW_019863130.1,-,MXE_exon1,3.30E-05,-0.314,3693,4037,NW_019863130.1_3693_4037
LOC112048889,NW_019862950.1,+,MXE_exon1,5.12E-06,-0.206,194570,195021,NW_019862950.1_194570_195021
LOC112053596,NW_019863259.1,+,MXE_exon1,0.001888662,-0.089,304002,304289,NW_019863259.1_304002_304289
LOC112053596,NW_019863259.1,+,MXE_exon1,0,0.077,312989,313225,NW_019863259.1_312989_313225
LOC112048517,NW_019862933.1,-,MXE_exon1,0.04533957,0.098,637429,637784,NW_019862933.1_637429_637784
LOC112050425,NW_019863022.1,+,MXE_exon1,0.010448028,0.151,298845,299223,NW_019863022.1_298845_299223
LOC112044077,NW_019862803.1,+,MXE_exon1,0,0.307,138126,138458,NW_019862803.1_138126_138458
LOC112057832,NW_019862767.1,-,MXE_exon1,0.012908132,0.103,781725,782154,NW_019862767.1_781725_782154
LOC112057832,NW_019862767.1,-,MXE_exon1,2.63E-05,0.409,785223,785607,NW_019862767.1_785223_785607
LOC112057832,NW_019862767.1,-,MXE_exon1,0.005090824,-0.341,786358,786701,NW_019862767.1_786358_786701
LOC112048011,NW_019862912.1,+,MXE_exon1,0.000521612,-0.396,497448,497806,NW_019862912.1_497448_497806
LOC112053424,NW_019863240.1,-,MXE_exon1,0.042315229,-0.209,197187,197473,NW_019863240.1_197187_197473
LOC112055526,NW_019863545.1,-,MXE_exon1,4.47E-09,0.084,76263,76547,NW_019863545.1_76263_76547
LOC112050999,NW_019863056.1,+,MXE_exon1,0.000777066,0.239,173317,173631,NW_019863056.1_173317_173631
LOC112049052,NW_019862956.1,-,MXE_exon1,0.03955773,0.052,480908,481281,NW_019862956.1_480908_481281
LOC112056425,NW_019863810.1,-,MXE_exon1,0.043434332,0.154,33847,34803,NW_019863810.1_33847_34803
LOC112056425,NW_019863810.1,-,MXE_exon1,0.000491221,0.18,39734,40069,NW_019863810.1_39734_40069
LOC112058374,NW_019862775.1,+,MXE_exon1,0,-0.345,1559381,1559863,NW_019862775.1_1559381_1559863
LOC112054334,NW_019863346.1,-,MXE_exon1,0.000451045,0.092,27917,28240,NW_019863346.1_27917_28240
LOC112049747,NW_019862987.1,-,MXE_exon1,0,0.259,478585,478996,NW_019862987.1_478585_478996
LOC112050886,NW_019863048.1,+,MXE_exon1,1.48E-06,-0.274,272576,272816,NW_019863048.1_272576_272816
LOC112050886,NW_019863048.1,+,MXE_exon1,0.001856995,-0.13,285128,285444,NW_019863048.1_285128_285444
LOC112050886,NW_019863048.1,+,MXE_exon1,1.20E-05,0.137,287299,287678,NW_019863048.1_287299_287678
LOC112044843,NW_019862818.1,-,MXE_exon1,0.014757013,-0.184,227486,227808,NW_019862818.1_227486_227808
LOC112043406,NW_019862790.1,+,MXE_exon1,0.027915119,0.081,27855,28307,NW_019862790.1_27855_28307
LOC112045475,NW_019862752.1,-,MXE_exon1,0,-0.538,528686,528924,NW_019862752.1_528686_528924
LOC112045475,NW_019862752.1,-,MXE_exon1,0,-0.147,528686,528924,NW_019862752.1_528686_528924
LOC112045475,NW_019862752.1,-,MXE_exon1,2.56E-06,0.099,531435,531759,NW_019862752.1_531435_531759
LOC112045475,NW_019862752.1,-,MXE_exon1,0,-0.23,531435,531759,NW_019862752.1_531435_531759
LOC112051655,NW_019863094.1,-,MXE_exon1,3.19E-05,-0.131,187287,187648,NW_019863094.1_187287_187648
LOC112046894,NW_019862874.1,+,MXE_exon1,0.005746065,0.075,262017,262406,NW_019862874.1_262017_262406
LOC112046894,NW_019862874.1,+,MXE_exon1,3.76E-06,0.102,262017,262406,NW_019862874.1_262017_262406
LOC112046894,NW_019862874.1,+,MXE_exon1,3.11E-06,-0.072,262017,262406,NW_019862874.1_262017_262406
LOC112046894,NW_019862874.1,+,MXE_exon1,0,0.239,271770,272133,NW_019862874.1_271770_272133
LOC112046894,NW_019862874.1,+,MXE_exon1,0,0.159,271770,272133,NW_019862874.1_271770_272133
LOC112046894,NW_019862874.1,+,MXE_exon1,2.70E-07,-0.142,272302,272919,NW_019862874.1_272302_272919
LOC112046894,NW_019862874.1,+,MXE_exon1,0,0.068,277933,278285,NW_019862874.1_277933_278285
LOC112046894,NW_019862874.1,+,MXE_exon1,0.025200917,-0.062,277933,278285,NW_019862874.1_277933_278285
LOC112054600,NW_019863381.1,-,MXE_exon1,0.016065732,-0.186,63858,64209,NW_019863381.1_63858_64209
LOC112052375,NW_019863143.1,+,MXE_exon1,3.61E-05,0.145,162386,162858,NW_019863143.1_162386_162858
LOC112046036,NW_019862846.1,-,MXE_exon1,0.002668382,-0.199,634813,635192,NW_019862846.1_634813_635192
LOC112046474,NW_019862858.1,-,MXE_exon1,3.52E-10,-0.226,855314,855648,NW_019862858.1_855314_855648
LOC112053315,NW_019863228.1,+,MXE_exon1,0.006723063,-0.16,151135,151406,NW_019863228.1_151135_151406
LOC112049557,NW_019862978.1,+,MXE_exon1,0,0.301,95692,96024,NW_019862978.1_95692_96024
LOC112048501,NW_019862933.1,+,MXE_exon1,0.006874635,-0.072,11055,11496,NW_019862933.1_11055_11496
LOC112058326,NW_019862774.1,-,MXE_exon1,0.000331873,0.246,1343102,1343456,NW_019862774.1_1343102_1343456
LOC112046332,NW_019862855.1,-,MXE_exon1,0.000185935,-0.344,633246,633508,NW_019862855.1_633246_633508
LOC112046332,NW_019862855.1,-,MXE_exon1,3.03E-06,-0.506,634760,635120,NW_019862855.1_634760_635120
LOC112052049,NW_019863120.1,+,MXE_exon1,0.044310797,-0.072,265774,266131,NW_019863120.1_265774_266131
LOC112046143,NW_019862849.1,+,MXE_exon1,0.0215946,-0.145,172655,173033,NW_019862849.1_172655_173033
LOC112044967,NW_019862751.1,+,MXE_exon1,0.017390965,-0.08,1772017,1772318,NW_019862751.1_1772017_1772318
LOC112044967,NW_019862751.1,+,MXE_exon1,0.011556735,-0.074,1772017,1772318,NW_019862751.1_1772017_1772318
LOC112044967,NW_019862751.1,+,MXE_exon1,0.023680849,-0.07,1772017,1772318,NW_019862751.1_1772017_1772318
LOC112058207,NW_019862772.1,+,MXE_exon1,4.03E-06,-0.296,1700084,1700451,NW_019862772.1_1700084_1700451
LOC112046768,NW_019862870.1,-,MXE_exon1,1.49E-07,-0.524,184642,184949,NW_019862870.1_184642_184949
LOC112052141,NW_019863130.1,-,MXE_exon1,0.003273815,0.08,107379,107670,NW_019863130.1_107379_107670
LOC112048398,NW_019862929.1,+,MXE_exon1,3.49E-14,-0.143,270741,271141,NW_019862929.1_270741_271141
LOC112044389,NW_019862808.1,-,MXE_exon1,0.048695728,0.179,91146,91996,NW_019862808.1_91146_91996
LOC112045804,NW_019862841.1,+,MXE_exon1,0.035397766,0.177,587811,588233,NW_019862841.1_587811_588233
LOC112051009,NW_019862757.1,+,MXE_exon1,0.014294452,0.171,494713,495118,NW_019862757.1_494713_495118
LOC112043877,NW_019862799.1,+,MXE_exon1,1.92E-06,-0.145,788962,789375,NW_019862799.1_788962_789375
LOC112052060,NW_019863122.1,-,MXE_exon1,0.04384878,0.328,14288,14630,NW_019863122.1_14288_14630
LOC112050317,NW_019863017.1,-,MXE_exon1,0.008457284,-0.1,258309,258663,NW_019863017.1_258309_258663
LOC112045157,NW_019862825.1,-,MXE_exon1,0.041023109,0.126,28701,28991,NW_019862825.1_28701_28991
LOC112056178,NW_019863729.1,+,MXE_exon1,0.003243451,0.11,60875,61217,NW_019863729.1_60875_61217
LOC112049503,NW_019862976.1,-,MXE_exon1,0,-0.228,435332,435602,NW_019862976.1_435332_435602
LOC112049503,NW_019862976.1,-,MXE_exon1,0,-0.593,436098,436361,NW_019862976.1_436098_436361
LOC112049503,NW_019862976.1,-,MXE_exon1,0.000336518,0.09,440126,440397,NW_019862976.1_440126_440397
LOC112049503,NW_019862976.1,-,MXE_exon1,0.000177007,0.089,440126,440397,NW_019862976.1_440126_440397
LOC112057680,NW_019862765.1,+,MXE_exon1,0.035047755,0.142,957360,957692,NW_019862765.1_957360_957692
LOC112045952,NW_019862844.1,+,MXE_exon1,9.63E-05,0.116,222627,222945,NW_019862844.1_222627_222945
LOC112046118,NW_019862848.1,+,MXE_exon1,0.032352187,0.217,294006,294464,NW_019862848.1_294006_294464
LOC112046462,NW_019862858.1,+,MXE_exon1,0.000600006,0.181,451202,451450,NW_019862858.1_451202_451450
LOC112043224,NW_019862787.1,-,MXE_exon1,2.63E-06,0.223,809917,812867,NW_019862787.1_809917_812867
LOC112055863,NW_019863640.1,+,MXE_exon1,0.02582323,-0.13,26253,26581,NW_019863640.1_26253_26581
LOC112055262,NW_019862762.1,-,MXE_exon1,0.044034117,0.022,188134,188762,NW_019862762.1_188134_188762
LOC112057654,NW_019862765.1,-,MXE_exon1,0.005474669,0.047,51513,51792,NW_019862765.1_51513_51792
LOC112055555,NW_019863549.1,-,MXE_exon1,6.18E-05,0.254,71091,71417,NW_019863549.1_71091_71417
LOC112058366,NW_019862749.1,-,MXE_exon1,0.005701094,-0.148,783824,784167,NW_019862749.1_783824_784167
LOC112042929,NW_019862782.1,+,MXE_exon1,1.57E-06,-0.549,922343,922725,NW_019862782.1_922343_922725
LOC112054606,NW_019863381.1,-,MXE_exon1,0,-0.432,116719,117053,NW_019863381.1_116719_117053
LOC112042935,NW_019862782.1,-,MXE_exon1,0,0.326,1151710,1152090,NW_019862782.1_1151710_1152090
LOC112042935,NW_019862782.1,-,MXE_exon1,1.98E-10,0.177,1163856,1164176,NW_019862782.1_1163856_1164176
LOC112046298,NW_019862752.1,-,MXE_exon1,6.59E-05,-0.091,2662582,2662962,NW_019862752.1_2662582_2662962
LOC112047844,NW_019862905.1,-,MXE_exon1,0.000816061,0.079,640579,640995,NW_019862905.1_640579_640995
LOC112050550,NW_019863028.1,-,MXE_exon1,3.53E-05,-0.473,367493,367810,NW_019863028.1_367493_367810
LOC112057988,NW_019862770.1,+,MXE_exon1,0.046295633,0.077,1259525,1259831,NW_019862770.1_1259525_1259831
LOC112054124,NW_019863321.1,-,MXE_exon1,0.002873599,-0.304,89924,90265,NW_019863321.1_89924_90265
LOC112044957,NW_019862751.1,-,MXE_exon1,0.019334043,0.087,1755480,1755856,NW_019862751.1_1755480_1755856
LOC112048983,NW_019862954.1,-,MXE_exon1,1.25E-05,-0.307,300288,300634,NW_019862954.1_300288_300634
LOC112051468,NW_019863084.1,+,MXE_exon1,0.008220714,-0.09,89585,89860,NW_019863084.1_89585_89860
LOC112057021,NW_019862764.1,+,MXE_exon1,9.77E-06,0.198,1486634,1487002,NW_019862764.1_1486634_1487002
LOC112048050,NW_019862754.1,-,MXE_exon1,0.038611095,-0.02,1606504,1606805,NW_019862754.1_1606504_1606805
LOC112045098,NW_019862823.1,-,MXE_exon1,0.04353818,0.08,67097,67401,NW_019862823.1_67097_67401
LOC112046122,NW_019862752.1,-,MXE_exon1,0.00046524,-0.144,1920180,1920480,NW_019862752.1_1920180_1920480
LOC112055365,NW_019863507.1,+,MXE_exon1,0.0078346,-0.207,49336,49664,NW_019863507.1_49336_49664
LOC112050791,NW_019863043.1,-,MXE_exon1,0.00216415,-0.079,161341,161698,NW_019863043.1_161341_161698
LOC112058256,NW_019862749.1,+,MXE_exon1,0.019515472,-0.105,507154,507512,NW_019862749.1_507154_507512
LOC112050048,NW_019863003.1,-,MXE_exon1,0.001524972,0.166,290381,290640,NW_019863003.1_290381_290640
LOC112043390,NW_019862789.1,+,MXE_exon1,0.043731721,0.366,1297879,1298219,NW_019862789.1_1297879_1298219
LOC112058532,NW_019862778.1,+,MXE_exon1,0,-0.73,681932,682264,NW_019862778.1_681932_682264
LOC112049888,NW_019862996.1,-,MXE_exon1,0.028620737,-0.102,284908,285233,NW_019862996.1_284908_285233
LOC112048898,NW_019862755.1,-,MXE_exon1,7.13E-13,0.134,1301248,1301710,NW_019862755.1_1301248_1301710
LOC112048898,NW_019862755.1,-,MXE_exon1,7.83E-12,-0.154,1301248,1301710,NW_019862755.1_1301248_1301710
LOC112052786,NW_019862759.1,-,MXE_exon1,0.001937616,0.146,853903,854373,NW_019862759.1_853903_854373
LOC112047056,NW_019862881.1,-,MXE_exon1,0.000962479,-0.158,167310,167990,NW_019862881.1_167310_167990
LOC112044396,NW_019862748.1,+,MXE_exon1,0.011540699,0.094,1404114,1404382,NW_019862748.1_1404114_1404382
LOC112046693,NW_019862867.1,+,MXE_exon1,0,-0.648,672456,672719,NW_019862867.1_672456_672719
LOC112046693,NW_019862867.1,+,MXE_exon1,0,-0.631,672456,672719,NW_019862867.1_672456_672719
LOC112046693,NW_019862867.1,+,MXE_exon1,0,-0.305,672456,672719,NW_019862867.1_672456_672719
LOC112046693,NW_019862867.1,+,MXE_exon1,0,-0.299,672456,672719,NW_019862867.1_672456_672719
LOC112046693,NW_019862867.1,+,MXE_exon1,0,0.283,673743,674132,NW_019862867.1_673743_674132
LOC112046693,NW_019862867.1,+,MXE_exon1,0,0.267,673743,674132,NW_019862867.1_673743_674132
LOC112046693,NW_019862867.1,+,MXE_exon1,0,-0.328,675287,675631,NW_019862867.1_675287_675631
LOC112046693,NW_019862867.1,+,MXE_exon1,0,0.388,675287,675631,NW_019862867.1_675287_675631
LOC112056438,NW_019862763.1,+,MXE_exon1,0.023114324,-0.282,1723151,1723471,NW_019862763.1_1723151_1723471
LOC112056457,NW_019863828.1,-,MXE_exon1,0.000343697,-0.077,31405,31755,NW_019863828.1_31405_31755
LOC112043372,NW_019862789.1,-,MXE_exon1,0.00159207,-0.124,457510,457911,NW_019862789.1_457510_457911
LOC112043372,NW_019862789.1,-,MXE_exon1,0.001079284,-0.1,498773,499136,NW_019862789.1_498773_499136
LOC112044824,NW_019862818.1,+,MXE_exon1,0.016773439,-0.056,965240,965672,NW_019862818.1_965240_965672
LOC112048334,NW_019862754.1,+,MXE_exon1,1.68E-12,0.15,2459763,2460146,NW_019862754.1_2459763_2460146
LOC112048334,NW_019862754.1,+,MXE_exon1,2.06E-11,-0.143,2460391,2461235,NW_019862754.1_2460391_2461235
LOC112048334,NW_019862754.1,+,MXE_exon1,3.83E-07,-0.112,2460391,2461235,NW_019862754.1_2460391_2461235
LOC112048334,NW_019862754.1,+,MXE_exon1,9.88E-06,0.118,2460391,2461235,NW_019862754.1_2460391_2461235
LOC112048186,NW_019862920.1,-,MXE_exon1,5.09E-05,0.23,222207,222483,NW_019862920.1_222207_222483
LOC112048186,NW_019862920.1,-,MXE_exon1,0.025873996,0.258,344881,345123,NW_019862920.1_344881_345123
LOC112048035,NW_019862913.1,-,MXE_exon1,0.000104908,0.356,280327,280698,NW_019862913.1_280327_280698
LOC112048035,NW_019862913.1,-,MXE_exon1,9.32E-08,0.222,280327,280698,NW_019862913.1_280327_280698
LOC112048035,NW_019862913.1,-,MXE_exon1,0.029086231,0.032,284053,284431,NW_019862913.1_284053_284431
LOC112048035,NW_019862913.1,-,MXE_exon1,5.96E-12,0.168,284053,284431,NW_019862913.1_284053_284431
LOC112048035,NW_019862913.1,-,MXE_exon1,0,0.178,284053,284431,NW_019862913.1_284053_284431
LOC112048035,NW_019862913.1,-,MXE_exon1,6.45E-13,0.208,284053,284431,NW_019862913.1_284053_284431
LOC112048035,NW_019862913.1,-,MXE_exon1,0,-0.286,284053,284431,NW_019862913.1_284053_284431
LOC112048035,NW_019862913.1,-,MXE_exon1,9.17E-15,-0.062,284053,284431,NW_019862913.1_284053_284431
LOC112048035,NW_019862913.1,-,MXE_exon1,2.37E-09,0.219,291440,291873,NW_019862913.1_291440_291873
LOC112052885,NW_019862759.1,+,MXE_exon1,0,0.237,1116917,1117206,NW_019862759.1_1116917_1117206
LOC112052885,NW_019862759.1,+,MXE_exon1,3.92E-06,0.123,1125173,1125518,NW_019862759.1_1125173_1125518
LOC112054850,NW_019863425.1,+,MXE_exon1,0.002938471,0.12,56393,56773,NW_019863425.1_56393_56773
LOC112052763,NW_019863173.1,+,MXE_exon1,0.020050332,0.108,78011,78364,NW_019863173.1_78011_78364
LOC112052849,NW_019863181.1,-,MXE_exon1,0.028525588,-0.024,162190,162513,NW_019863181.1_162190_162513
LOC112052849,NW_019863181.1,-,MXE_exon1,0.040607036,0.121,175439,176007,NW_019863181.1_175439_176007
LOC112046979,NW_019862879.1,+,MXE_exon1,0.000216538,-0.086,108199,108531,NW_019862879.1_108199_108531
LOC112047770,NW_019862904.1,+,MXE_exon1,0.024605964,-0.181,1004157,1004478,NW_019862904.1_1004157_1004478
LOC112047770,NW_019862904.1,+,MXE_exon1,6.85E-05,-0.255,1006315,1006598,NW_019862904.1_1006315_1006598
LOC112047162,NW_019862883.1,-,MXE_exon1,0.001409275,-0.222,381714,382031,NW_019862883.1_381714_382031
LOC112053291,NW_019863225.1,-,MXE_exon1,0.004333097,0.088,121513,121953,NW_019863225.1_121513_121953
LOC112053291,NW_019863225.1,-,MXE_exon1,5.77E-13,-0.166,122273,122601,NW_019863225.1_122273_122601
LOC112049278,NW_019862966.1,+,MXE_exon1,0.005227208,-0.11,433862,434311,NW_019862966.1_433862_434311
LOC112052587,NW_019863160.1,+,MXE_exon1,0,-0.187,139610,139977,NW_019863160.1_139610_139977
LOC112054160,NW_019863325.1,+,MXE_exon1,0.040397975,-0.179,264326,264955,NW_019863325.1_264326_264955
LOC112058557,NW_019862749.1,+,MXE_exon1,0.013399443,-0.052,1827263,1827619,NW_019862749.1_1827263_1827619
LOC112049756,NW_019862988.1,-,MXE_exon1,0,-0.472,323895,324321,NW_019862988.1_323895_324321
LOC112054303,NW_019863340.1,-,MXE_exon1,0.014925455,-0.23,161350,161744,NW_019863340.1_161350_161744
LOC112047675,NW_019862754.1,+,MXE_exon1,0.005333967,-0.381,65551,65924,NW_019862754.1_65551_65924
LOC112055996,NW_019863677.1,+,MXE_exon1,0.01055166,-0.084,65305,65637,NW_019863677.1_65305_65637
LOC112051191,NW_019863068.1,+,MXE_exon1,0.00668094,0.073,145735,146063,NW_019863068.1_145735_146063
LOC112054727,NW_019863402.1,-,MXE_exon1,0.018220409,0.031,65814,66058,NW_019863402.1_65814_66058
LOC112054727,NW_019863402.1,-,MXE_exon1,0.003087298,0.048,65814,66058,NW_019863402.1_65814_66058
LOC112054727,NW_019863402.1,-,MXE_exon1,6.15E-08,0.25,65814,66058,NW_019863402.1_65814_66058
LOC112054727,NW_019863402.1,-,MXE_exon1,7.05E-05,0.21,67964,68250,NW_019863402.1_67964_68250
LOC112050490,NW_019863025.1,+,MXE_exon1,0.000299039,-0.106,185904,186218,NW_019863025.1_185904_186218
LOC112050490,NW_019863025.1,+,MXE_exon1,0.000804851,-0.099,185904,186218,NW_019863025.1_185904_186218
LOC112052479,NW_019863151.1,+,MXE_exon1,6.18E-06,-0.165,121846,122212,NW_019863151.1_121846_122212
nbis-pseudo177,NW_019862773.1,-,MXE_exon1,0.007109558,-0.125,708809,709164,NW_019862773.1_708809_709164
LOC112051327,NW_019863075.1,+,MXE_exon1,2.65E-06,0.104,336928,337342,NW_019863075.1_336928_337342
LOC112054260,NW_019862761.1,-,MXE_exon1,0.002491015,0.289,221831,222065,NW_019862761.1_221831_222065
LOC112054966,NW_019863441.1,+,MXE_exon1,0.008193675,-0.297,94241,94541,NW_019863441.1_94241_94541
LOC112044245,NW_019862805.1,-,MXE_exon1,0,0.082,1014434,1014714,NW_019862805.1_1014434_1014714
LOC112044249,NW_019862805.1,-,MXE_exon1,0.002557786,0.459,1209756,1210064,NW_019862805.1_1209756_1210064
LOC112055884,NW_019863649.1,-,MXE_exon1,1.01E-09,-0.118,74009,74412,NW_019863649.1_74009_74412
LOC112052778,NW_019863175.1,-,MXE_exon1,4.42E-07,-0.212,70880,71270,NW_019863175.1_70880_71270
LOC112048533,NW_019862934.1,-,MXE_exon1,3.49E-08,0.359,176221,176499,NW_019862934.1_176221_176499
LOC112048533,NW_019862934.1,-,MXE_exon1,1.85E-06,0.449,176635,176934,NW_019862934.1_176635_176934
LOC112048533,NW_019862934.1,-,MXE_exon1,9.78E-06,-0.448,179229,179528,NW_019862934.1_179229_179528
LOC112048533,NW_019862934.1,-,MXE_exon1,0.040359148,0.4,180175,180474,NW_019862934.1_180175_180474
LOC112048533,NW_019862934.1,-,MXE_exon1,0.041111833,0.4,180175,180474,NW_019862934.1_180175_180474
LOC112048533,NW_019862934.1,-,MXE_exon1,0.043205075,0.4,180175,180474,NW_019862934.1_180175_180474
LOC112048533,NW_019862934.1,-,MXE_exon1,0.000488615,0.096,182294,182629,NW_019862934.1_182294_182629
LOC112047455,NW_019862894.1,+,MXE_exon1,0.016274189,-0.102,530653,531052,NW_019862894.1_530653_531052
LOC112053771,NW_019863280.1,-,MXE_exon1,0.009407062,-0.395,30700,31123,NW_019863280.1_30700_31123
LOC112046576,NW_019862862.1,-,MXE_exon1,9.24E-07,0.272,478803,479080,NW_019862862.1_478803_479080
LOC112053537,NW_019863251.1,-,MXE_exon1,1.32E-05,0.108,171642,171952,NW_019863251.1_171642_171952
LOC112053490,NW_019863245.1,+,MXE_exon1,0.045701216,0.081,3620,3946,NW_019863245.1_3620_3946
LOC112055752,NW_019863602.1,-,MXE_exon1,0.033891769,-0.218,67987,68338,NW_019863602.1_67987_68338
LOC112056304,NW_019863763.1,-,MXE_exon1,2.01E-13,-0.261,41914,42260,NW_019863763.1_41914_42260
LOC112056304,NW_019863763.1,-,MXE_exon1,9.17E-15,-0.595,44299,44635,NW_019863763.1_44299_44635
LOC112056304,NW_019863763.1,-,MXE_exon1,0,-0.497,44299,44635,NW_019863763.1_44299_44635
LOC112043384,NW_019862789.1,-,MXE_exon1,0.003936009,0.155,1023014,1023418,NW_019862789.1_1023014_1023418
LOC112046213,NW_019862850.1,+,MXE_exon1,0.011062508,0.136,504409,504743,NW_019862850.1_504409_504743
LOC112048047,NW_019862914.1,-,MXE_exon1,0.006279554,0.172,450721,451011,NW_019862914.1_450721_451011
LOC112051981,NW_019863117.1,+,MXE_exon1,0.00012828,0.207,258092,258418,NW_019863117.1_258092_258418
LOC112056740,NW_019862764.1,+,MXE_exon1,0.000660678,-0.355,42340,42742,NW_019862764.1_42340_42742
LOC112056937,NW_019862764.1,+,MXE_exon1,0.001445059,-0.097,1062082,1062473,NW_019862764.1_1062082_1062473
LOC112056937,NW_019862764.1,+,MXE_exon1,0.001445059,-0.097,1062082,1062473,NW_019862764.1_1062082_1062473
LOC112052747,NW_019862759.1,-,MXE_exon1,0.039218709,0.087,623936,624246,NW_019862759.1_623936_624246
LOC112047068,NW_019862881.1,+,MXE_exon1,0.006045247,-0.167,107941,108237,NW_019862881.1_107941_108237
LOC112053476,NW_019863244.1,+,MXE_exon1,0.001218904,-0.148,130577,130886,NW_019863244.1_130577_130886
LOC112052748,NW_019863172.1,+,MXE_exon1,0.000234444,0.2,261589,261854,NW_019863172.1_261589_261854
LOC112052748,NW_019863172.1,+,MXE_exon1,1.13E-06,-0.08,261589,261854,NW_019863172.1_261589_261854
LOC112052748,NW_019863172.1,+,MXE_exon1,0.030960884,0.08,262275,262588,NW_019863172.1_262275_262588
LOC112044311,NW_019862806.1,+,MXE_exon1,0.048498905,-0.087,814386,814807,NW_019862806.1_814386_814807
LOC112058156,NW_019862772.1,-,MXE_exon1,4.59E-05,-0.135,1144921,1145232,NW_019862772.1_1144921_1145232
LOC112058156,NW_019862772.1,-,MXE_exon1,2.41E-05,-0.101,1144921,1145235,NW_019862772.1_1144921_1145235
LOC112058156,NW_019862772.1,-,MXE_exon1,2.56E-05,-0.128,1145428,1145742,NW_019862772.1_1145428_1145742
LOC112058156,NW_019862772.1,-,MXE_exon1,0.000885832,-0.072,1146158,1146466,NW_019862772.1_1146158_1146466
LOC112058156,NW_019862772.1,-,MXE_exon1,0.000912053,-0.073,1146158,1146469,NW_019862772.1_1146158_1146469
LOC112058156,NW_019862772.1,-,MXE_exon1,0.047100522,-0.1,1146158,1146469,NW_019862772.1_1146158_1146469
LOC112054869,NW_019863427.1,-,MXE_exon1,0.004180947,-0.157,49103,49583,NW_019863427.1_49103_49583
LOC112054875,NW_019863427.1,+,MXE_exon1,1.74E-06,0.116,107283,107617,NW_019863427.1_107283_107617
LOC112052031,NW_019863119.1,+,MXE_exon1,0.043521491,0.094,210209,210542,NW_019863119.1_210209_210542
LOC112057294,NW_019862764.1,-,MXE_exon1,0,0.141,2261433,2261749,NW_019862764.1_2261433_2261749
LOC112057294,NW_019862764.1,-,MXE_exon1,0,0.168,2261433,2261749,NW_019862764.1_2261433_2261749
LOC112057294,NW_019862764.1,-,MXE_exon1,0,0.173,2261433,2261749,NW_019862764.1_2261433_2261749
LOC112057294,NW_019862764.1,-,MXE_exon1,7.07E-13,0.082,2265073,2265477,NW_019862764.1_2265073_2265477
LOC112047140,NW_019862883.1,+,MXE_exon1,0.018488238,0.095,594569,594846,NW_019862883.1_594569_594846
LOC112055426,NW_019863522.1,+,MXE_exon1,0.049388276,0.103,58253,58661,NW_019863522.1_58253_58661
LOC112055427,NW_019863522.1,-,MXE_exon1,0.002722703,-0.09,74793,75175,NW_019863522.1_74793_75175
LOC112055427,NW_019863522.1,-,MXE_exon1,2.09E-07,0.151,79399,79679,NW_019863522.1_79399_79679
LOC112055427,NW_019863522.1,-,MXE_exon1,1.10E-09,0.204,80891,81296,NW_019863522.1_80891_81296
LOC112056217,NW_019863736.1,-,MXE_exon1,0.027455278,0.155,68675,68932,NW_019863736.1_68675_68932
LOC112053895,NW_019863292.1,-,MXE_exon1,0.016748351,-0.052,35429,35734,NW_019863292.1_35429_35734
LOC112053886,NW_019863292.1,+,MXE_exon1,0.004432589,0.089,150242,150518,NW_019863292.1_150242_150518
LOC112048594,NW_019862936.1,-,MXE_exon1,0.000111967,-0.114,297682,298007,NW_019862936.1_297682_298007
LOC112049011,NW_019862755.1,+,MXE_exon1,6.17E-11,0.253,2061390,2061917,NW_019862755.1_2061390_2061917
LOC112049011,NW_019862755.1,+,MXE_exon1,1.52E-10,0.257,2061390,2061917,NW_019862755.1_2061390_2061917
LOC112058418,NW_019862776.1,-,MXE_exon1,5.03E-06,0.225,812079,812476,NW_019862776.1_812079_812476
LOC112058466,NW_019862776.1,-,MXE_exon1,0.016809409,0.113,822742,822984,NW_019862776.1_822742_822984
LOC112058466,NW_019862776.1,-,MXE_exon1,0,0.272,851963,852360,NW_019862776.1_851963_852360
LOC112054150,NW_019863325.1,+,MXE_exon1,0.026689745,0.362,293570,293862,NW_019863325.1_293570_293862
LOC112057884,NW_019862768.1,+,MXE_exon1,2.24E-05,0.322,1040929,1041280,NW_019862768.1_1040929_1041280
LOC112057890,NW_019862768.1,+,MXE_exon1,0.006246082,0.14,1252131,1252448,NW_019862768.1_1252131_1252448
LOC112047007,NW_019862880.1,+,MXE_exon1,2.94E-09,-0.088,159526,160259,NW_019862880.1_159526_160259
LOC112047007,NW_019862880.1,+,MXE_exon1,9.69E-07,0.121,160998,161291,NW_019862880.1_160998_161291
LOC112047007,NW_019862880.1,+,MXE_exon1,0,0.117,161337,161699,NW_019862880.1_161337_161699
LOC112047001,NW_019862880.1,+,MXE_exon1,0.031077966,-0.086,341916,342164,NW_019862880.1_341916_342164
LOC112047001,NW_019862880.1,+,MXE_exon1,0.009573696,0.072,348022,348387,NW_019862880.1_348022_348387
LOC112047010,NW_019862880.1,-,MXE_exon1,8.92E-09,-0.325,660355,660691,NW_019862880.1_660355_660691
LOC112047010,NW_019862880.1,-,MXE_exon1,0,0.473,660355,660691,NW_019862880.1_660355_660691
LOC112053720,NW_019863276.1,-,MXE_exon1,0,-0.542,157922,158274,NW_019863276.1_157922_158274
LOC112053720,NW_019863276.1,-,MXE_exon1,0,-0.267,157931,158274,NW_019863276.1_157931_158274
LOC112053720,NW_019863276.1,-,MXE_exon1,0,-0.263,170553,170795,NW_019863276.1_170553_170795
LOC112048345,NW_019862926.1,+,MXE_exon1,0.00707494,-0.052,6680,7015,NW_019862926.1_6680_7015
LOC112052880,NW_019863183.1,+,MXE_exon1,7.85E-06,0.5,186768,187080,NW_019863183.1_186768_187080
LOC112049103,NW_019862958.1,-,MXE_exon1,6.22E-06,-0.03,218225,218590,NW_019862958.1_218225_218590
LOC112046732,NW_019862869.1,-,MXE_exon1,1.97E-11,-0.059,36566,36870,NW_019862869.1_36566_36870
LOC112058072,NW_019862771.1,+,MXE_exon1,0.026864626,-0.117,474281,474559,NW_019862771.1_474281_474559
LOC112054323,NW_019863343.1,-,MXE_exon1,0.034161372,-0.082,178018,178322,NW_019863343.1_178018_178322
LOC112056566,NW_019863881.1,+,MXE_exon1,3.54E-05,0.396,33702,34033,NW_019863881.1_33702_34033
LOC112050883,NW_019862757.1,+,MXE_exon1,0.011505065,-0.144,1793229,1793569,NW_019862757.1_1793229_1793569
LOC112045375,NW_019862830.1,-,MXE_exon1,0.045133002,0.216,788345,788653,NW_019862830.1_788345_788653
LOC112055047,NW_019863452.1,+,MXE_exon1,0.004648829,-0.042,14217,14708,NW_019863452.1_14217_14708
LOC112042907,NW_019862781.1,+,MXE_exon1,1.79E-07,-0.19,1605233,1605503,NW_019862781.1_1605233_1605503
LOC112055966,NW_019863669.1,-,MXE_exon1,0.035644639,-0.117,69848,70157,NW_019863669.1_69848_70157
LOC112046182,NW_019862850.1,+,MXE_exon1,5.89E-06,-0.077,383138,383435,NW_019862850.1_383138_383435
LOC112052396,NW_019863145.1,-,MXE_exon1,0.00265367,-0.111,116428,116791,NW_019863145.1_116428_116791
LOC112047813,NW_019862904.1,+,MXE_exon1,6.93E-07,-0.042,968343,968613,NW_019862904.1_968343_968613
LOC112047813,NW_019862904.1,+,MXE_exon1,0.000734684,-0.045,968343,968613,NW_019862904.1_968343_968613
LOC112053155,NW_019863213.1,+,MXE_exon1,1.13E-10,-0.112,102891,103452,NW_019863213.1_102891_103452
LOC112045745,NW_019862840.1,+,MXE_exon1,0.019346582,0.41,257551,257942,NW_019862840.1_257551_257942
LOC112049569,NW_019862979.1,-,MXE_exon1,0,0.322,464368,464702,NW_019862979.1_464368_464702
LOC112049569,NW_019862979.1,-,MXE_exon1,0.026198343,0.016,468023,468288,NW_019862979.1_468023_468288
LOC112055815,NW_019863623.1,-,MXE_exon1,2.20E-05,-0.192,12376,12870,NW_019863623.1_12376_12870
LOC112055815,NW_019863623.1,-,MXE_exon1,4.35E-08,-0.13,12376,12870,NW_019863623.1_12376_12870
LOC112055815,NW_019863623.1,-,MXE_exon1,0.000223206,-0.123,12376,12870,NW_019863623.1_12376_12870
LOC112055815,NW_019863623.1,-,MXE_exon1,0.000278754,-0.192,12376,12870,NW_019863623.1_12376_12870
LOC112055815,NW_019863623.1,-,MXE_exon1,1.55E-06,-0.24,14226,14711,NW_019863623.1_14226_14711
LOC112055815,NW_019863623.1,-,MXE_exon1,1.80E-06,0.184,17135,17623,NW_019863623.1_17135_17623
LOC112055815,NW_019863623.1,-,MXE_exon1,5.24E-10,0.531,17135,17623,NW_019863623.1_17135_17623
LOC112055815,NW_019863623.1,-,MXE_exon1,0.037677537,0.394,17982,18470,NW_019863623.1_17982_18470
LOC112055815,NW_019863623.1,-,MXE_exon1,0.038611095,-0.238,32462,32842,NW_019863623.1_32462_32842
LOC112055815,NW_019863623.1,-,MXE_exon1,0.020455504,-0.379,34461,34838,NW_019863623.1_34461_34838
LOC112055815,NW_019863623.1,-,MXE_exon1,0.029045125,0.075,35802,36164,NW_019863623.1_35802_36164
LOC112056026,NW_019863687.1,+,MXE_exon1,0.003959464,-0.006,54866,55159,NW_019863687.1_54866_55159
LOC112052571,NW_019863159.1,-,MXE_exon1,0.005569644,0.093,21439,21684,NW_019863159.1_21439_21684
LOC112046721,NW_019862753.1,-,MXE_exon1,0.025105543,-0.076,381730,382074,NW_019862753.1_381730_382074
LOC112046735,NW_019862753.1,-,MXE_exon1,1.01E-06,0.256,426568,426894,NW_019862753.1_426568_426894
LOC112046735,NW_019862753.1,-,MXE_exon1,0,-0.39,426568,426894,NW_019862753.1_426568_426894
LOC112047441,NW_019862753.1,+,MXE_exon1,0.001409588,-0.054,1154423,1154673,NW_019862753.1_1154423_1154673
LOC112047055,NW_019862753.1,-,MXE_exon1,0.001942438,-0.202,1465762,1466052,NW_019862753.1_1465762_1466052
LOC112045656,NW_019862837.1,+,MXE_exon1,0.003627581,0.207,330850,331227,NW_019862837.1_330850_331227
LOC112045656,NW_019862837.1,+,MXE_exon1,0.002965058,0.118,380600,380875,NW_019862837.1_380600_380875
LOC112049532,NW_019862977.1,-,MXE_exon1,0.029045125,-0.047,107643,107960,NW_019862977.1_107643_107960
LOC112046086,NW_019862847.1,+,MXE_exon1,1.81E-08,0.257,692549,692915,NW_019862847.1_692549_692915
LOC112044745,NW_019862817.1,+,MXE_exon1,0.016141094,0.279,1014611,1014906,NW_019862817.1_1014611_1014906
LOC112049107,NW_019862958.1,+,MXE_exon1,3.59E-13,-0.185,251702,252467,NW_019862958.1_251702_252467
LOC112049107,NW_019862958.1,+,MXE_exon1,2.80E-13,-0.258,251789,252467,NW_019862958.1_251789_252467
LOC112055175,NW_019863471.1,-,MXE_exon1,0.01566466,-0.009,134269,134558,NW_019863471.1_134269_134558
LOC112053362,NW_019863233.1,-,MXE_exon1,0.018599163,0.279,35086,35508,NW_019863233.1_35086_35508
LOC112052608,NW_019862759.1,-,MXE_exon1,0.0057165,0.262,362247,362759,NW_019862759.1_362247_362759
LOC112052608,NW_019862759.1,-,MXE_exon1,5.79E-06,-0.175,368912,369313,NW_019862759.1_368912_369313
LOC112052608,NW_019862759.1,-,MXE_exon1,0,-0.34,369194,369577,NW_019862759.1_369194_369577
LOC112052608,NW_019862759.1,-,MXE_exon1,0,-0.266,369637,370053,NW_019862759.1_369637_370053
LOC112052608,NW_019862759.1,-,MXE_exon1,0,-0.262,378644,378988,NW_019862759.1_378644_378988
LOC112052987,NW_019863194.1,+,MXE_exon1,0,0.304,103391,103666,NW_019863194.1_103391_103666
LOC112048204,NW_019862921.1,+,MXE_exon1,0.017992501,-0.182,66390,66746,NW_019862921.1_66390_66746
LOC112049701,NW_019862756.1,-,MXE_exon1,0.010389243,-0.061,199034,199371,NW_019862756.1_199034_199371
LOC112049567,NW_019862978.1,-,MXE_exon1,0.016738274,-0.444,462678,463012,NW_019862978.1_462678_463012
LOC112054017,NW_019863306.1,-,MXE_exon1,0.011111299,0.071,81136,81674,NW_019863306.1_81136_81674
LOC112052636,NW_019863165.1,+,MXE_exon1,9.32E-13,-0.202,222339,222625,NW_019863165.1_222339_222625
LOC112044537,NW_019862811.1,-,MXE_exon1,0.015223645,0.025,582347,582765,NW_019862811.1_582347_582765
LOC112053327,NW_019863229.1,-,MXE_exon1,0.0015088,-0.075,83673,83966,NW_019863229.1_83673_83966
LOC112053327,NW_019863229.1,-,MXE_exon1,0.028244172,-0.072,84133,84561,NW_019863229.1_84133_84561
LOC112053847,NW_019863288.1,+,MXE_exon1,0.002346958,-0.051,81953,82254,NW_019863288.1_81953_82254
LOC112043847,NW_019862799.1,-,MXE_exon1,0.032428614,-0.142,702169,702436,NW_019862799.1_702169_702436
LOC112043847,NW_019862799.1,-,MXE_exon1,0.002494249,0.087,703912,704343,NW_019862799.1_703912_704343
LOC112043852,NW_019862799.1,+,MXE_exon1,0.022744222,0.125,878891,879239,NW_019862799.1_878891_879239
LOC112048291,NW_019862924.1,-,MXE_exon1,7.01E-08,0.293,328025,328270,NW_019862924.1_328025_328270
LOC112048290,NW_019862924.1,+,MXE_exon1,0.000366322,-0.129,373526,373880,NW_019862924.1_373526_373880
LOC112052130,NW_019863128.1,-,MXE_exon1,0.034347859,0.204,176204,176559,NW_019863128.1_176204_176559
LOC112052130,NW_019863128.1,-,MXE_exon1,0.000563782,-0.226,176204,176559,NW_019863128.1_176204_176559
LOC112052130,NW_019863128.1,-,MXE_exon1,0.001663839,-0.467,194670,195013,NW_019863128.1_194670_195013
LOC112052130,NW_019863128.1,-,MXE_exon1,1.66E-06,-0.481,194670,195013,NW_019863128.1_194670_195013
LOC112052130,NW_019863128.1,-,MXE_exon1,1.24E-05,-0.485,194670,195013,NW_019863128.1_194670_195013
LOC112052130,NW_019863128.1,-,MXE_exon1,0.000597179,0.377,200577,201480,NW_019863128.1_200577_201480
LOC112052130,NW_019863128.1,-,MXE_exon1,1.45E-05,0.5,200577,201480,NW_019863128.1_200577_201480
LOC112052130,NW_019863128.1,-,MXE_exon1,0.001875622,0.23,230839,231119,NW_019863128.1_230839_231119
LOC112052130,NW_019863128.1,-,MXE_exon1,2.29E-05,-0.5,247688,247944,NW_019863128.1_247688_247944
LOC112052130,NW_019863128.1,-,MXE_exon1,8.90E-05,-0.459,247688,247944,NW_019863128.1_247688_247944
LOC112042894,NW_019862781.1,+,MXE_exon1,2.34E-09,0.242,924589,924909,NW_019862781.1_924589_924909
LOC112044700,NW_019862816.1,+,MXE_exon1,0.023261209,0.137,815268,815633,NW_019862816.1_815268_815633
LOC112043927,NW_019862800.1,-,MXE_exon1,0.001508439,-0.108,561548,561826,NW_019862800.1_561548_561826
LOC112043927,NW_019862800.1,-,MXE_exon1,0.001856995,-0.116,561548,561826,NW_019862800.1_561548_561826
LOC112046029,NW_019862752.1,-,MXE_exon1,1.01E-05,0.259,1850795,1851272,NW_019862752.1_1850795_1851272
LOC112050079,NW_019863005.1,+,MXE_exon1,5.37E-10,-0.257,97699,98043,NW_019863005.1_97699_98043
LOC112043568,NW_019862792.1,+,MXE_exon1,3.17E-08,-0.032,818973,819285,NW_019862792.1_818973_819285
LOC112043089,NW_019862785.1,-,MXE_exon1,0.00472181,0.073,623070,623466,NW_019862785.1_623070_623466
LOC112054180,NW_019863326.1,+,MXE_exon1,0.00037012,0.249,107727,108109,NW_019863326.1_107727_108109
LOC112050624,NW_019863034.1,-,MXE_exon1,0.018924826,0.125,351902,352221,NW_019863034.1_351902_352221
LOC112044902,NW_019862819.1,+,MXE_exon1,0,-0.345,627497,627874,NW_019862819.1_627497_627874
LOC112051465,NW_019863083.1,-,MXE_exon1,0.00022466,0.294,57738,58167,NW_019863083.1_57738_58167
LOC112051462,NW_019863083.1,-,MXE_exon1,0.031260896,-0.204,304296,304630,NW_019863083.1_304296_304630
LOC112044343,NW_019862807.1,+,MXE_exon1,7.01E-06,-0.196,25151,25514,NW_019862807.1_25151_25514
LOC112048138,NW_019862918.1,+,MXE_exon1,3.12E-07,-0.71,441886,442199,NW_019862918.1_441886_442199
LOC112054741,NW_019863404.1,+,MXE_exon1,0.006322585,-0.144,119120,119398,NW_019863404.1_119120_119398
LOC112049719,NW_019862756.1,+,MXE_exon1,1.02E-06,-0.088,219236,219515,NW_019862756.1_219236_219515
LOC112050384,NW_019862756.1,-,MXE_exon1,0.010018907,-0.095,1796084,1796360,NW_019862756.1_1796084_1796360
LOC112058281,NW_019862773.1,-,MXE_exon1,0.004771371,0.087,921024,921299,NW_019862773.1_921024_921299
LOC112054391,NW_019863354.1,-,MXE_exon1,0.02801106,0.133,181765,182129,NW_019863354.1_181765_182129
LOC112053233,NW_019863219.1,-,MXE_exon1,0.011908498,0.189,62568,63004,NW_019863219.1_62568_63004
LOC112046653,NW_019862865.1,+,MXE_exon1,0.030324203,-0.09,464022,464401,NW_019862865.1_464022_464401
LOC112051684,NW_019863097.1,-,MXE_exon1,5.40E-05,0.19,197375,197641,NW_019863097.1_197375_197641
LOC112051684,NW_019863097.1,-,MXE_exon1,0.00728176,-0.162,215455,215796,NW_019863097.1_215455_215796
LOC112056436,NW_019863819.1,+,MXE_exon1,0.030319843,0.143,51871,52154,NW_019863819.1_51871_52154
LOC112048569,NW_019862935.1,-,MXE_exon1,0.045526302,0.175,59393,59719,NW_019862935.1_59393_59719
LOC112055014,NW_019863447.1,-,MXE_exon1,0.006564231,-0.095,62167,62495,NW_019863447.1_62167_62495
LOC112056534,NW_019863866.1,+,MXE_exon1,0.000145771,0.537,43559,43842,NW_019863866.1_43559_43842
LOC112055071,NW_019863455.1,-,MXE_exon1,0.015846366,-0.352,134913,135249,NW_019863455.1_134913_135249
LOC112046091,NW_019862847.1,+,MXE_exon1,1.99E-07,0.287,412110,412400,NW_019862847.1_412110_412400
LOC112046091,NW_019862847.1,+,MXE_exon1,3.10E-07,0.235,412852,413557,NW_019862847.1_412852_413557
LOC112044285,NW_019862806.1,-,MXE_exon1,1.12E-06,-0.159,533588,533933,NW_019862806.1_533588_533933
LOC112054844,NW_019863424.1,+,MXE_exon1,0.001962697,-0.284,89617,89874,NW_019863424.1_89617_89874
LOC112046598,NW_019862863.1,-,MXE_exon1,0.046793102,0.046,813800,814171,NW_019862863.1_813800_814171
LOC112043790,NW_019862797.1,-,MXE_exon1,0,-0.258,101077,101412,NW_019862797.1_101077_101412
LOC112056310,NW_019863765.1,+,MXE_exon1,0.042778613,-0.139,11670,11993,NW_019863765.1_11670_11993
LOC112056309,NW_019863765.1,+,MXE_exon1,0,0.404,37750,38040,NW_019863765.1_37750_38040
LOC112049390,NW_019862970.1,+,MXE_exon1,2.67E-06,-0.276,462347,462766,NW_019862970.1_462347_462766
LOC112047398,NW_019862891.1,-,MXE_exon1,0.027455278,-0.267,407529,408830,NW_019862891.1_407529_408830
LOC112052291,NW_019863138.1,-,MXE_exon1,4.94E-08,0.143,23681,23980,NW_019863138.1_23681_23980
LOC112048460,NW_019862931.1,-,MXE_exon1,3.24E-10,-0.05,207174,207470,NW_019862931.1_207174_207470
LOC112056587,NW_019863891.1,-,MXE_exon1,0.00025198,-0.274,33174,33455,NW_019863891.1_33174_33455
LOC112049764,NW_019862988.1,-,MXE_exon1,0.049701782,-0.072,196992,197287,NW_019862988.1_196992_197287
LOC112046638,NW_019862864.1,+,MXE_exon1,0.030029862,0.042,329350,329667,NW_019862864.1_329350_329667
LOC112046477,NW_019862858.1,+,MXE_exon1,0.026555724,-0.133,645712,646171,NW_019862858.1_645712_646171
LOC112046207,NW_019862850.1,-,MXE_exon1,0.010956667,-0.124,594148,594436,NW_019862850.1_594148_594436
LOC112054447,NW_019862761.1,+,MXE_exon1,0.000173395,0.182,1198701,1199000,NW_019862761.1_1198701_1199000
LOC112052708,NW_019863169.1,-,MXE_exon1,0.018094658,-0.199,192912,193235,NW_019863169.1_192912_193235
LOC112043252,NW_019862787.1,+,MXE_exon1,1.92E-08,-0.255,1475912,1476211,NW_019862787.1_1475912_1476211
LOC112048448,NW_019862930.1,-,MXE_exon1,0.027410291,0.085,463646,464106,NW_019862930.1_463646_464106
LOC112047674,NW_019862900.1,+,MXE_exon1,1.78E-06,0.575,721022,721376,NW_019862900.1_721022_721376
LOC112047674,NW_019862900.1,+,MXE_exon1,2.08E-05,0.417,721463,721781,NW_019862900.1_721463_721781
LOC112051428,NW_019863082.1,-,MXE_exon1,0.008372224,-0.426,135226,135580,NW_019863082.1_135226_135580
LOC112049548,NW_019862978.1,-,MXE_exon1,7.83E-09,0.17,390242,390524,NW_019862978.1_390242_390524
LOC112054438,NW_019862761.1,+,MXE_exon1,0.001991411,0.176,1145929,1146245,NW_019862761.1_1145929_1146245
LOC112049246,NW_019862965.1,-,MXE_exon1,9.26E-05,-0.294,63838,64267,NW_019862965.1_63838_64267
LOC112045357,NW_019862829.1,-,MXE_exon1,7.87E-07,0.053,358201,358536,NW_019862829.1_358201_358536
LOC112055835,NW_019863631.1,-,MXE_exon1,8.80E-06,0.096,51597,51863,NW_019863631.1_51597_51863
LOC112044298,NW_019862806.1,+,MXE_exon1,0.02026556,-0.086,646072,646497,NW_019862806.1_646072_646497
LOC112056212,NW_019863735.1,+,MXE_exon1,0.001791841,-0.259,33052,33370,NW_019863735.1_33052_33370
LOC112053330,NW_019863229.1,-,MXE_exon1,0.0290129,0.073,76043,76456,NW_019863229.1_76043_76456
LOC112045661,NW_019862837.1,-,MXE_exon1,0,-0.316,17037,17428,NW_019862837.1_17037_17428
LOC112045661,NW_019862837.1,-,MXE_exon1,1.66E-08,-0.322,18236,18611,NW_019862837.1_18236_18611
LOC112055471,NW_019863529.1,+,MXE_exon1,0.008066586,-0.369,71527,71946,NW_019863529.1_71527_71946
LOC112055471,NW_019863529.1,+,MXE_exon1,0.01821593,-0.369,72294,72578,NW_019863529.1_72294_72578
LOC112049214,NW_019862755.1,+,MXE_exon1,0.009692499,-0.035,2564447,2564731,NW_019862755.1_2564447_2564731
LOC112049214,NW_019862755.1,+,MXE_exon1,0.00952124,-0.036,2564447,2564731,NW_019862755.1_2564447_2564731
LOC112049214,NW_019862755.1,+,MXE_exon1,0.002583175,-0.046,2565191,2565475,NW_019862755.1_2565191_2565475
LOC112049214,NW_019862755.1,+,MXE_exon1,0.027575434,0.055,2565500,2565871,NW_019862755.1_2565500_2565871
LOC112049214,NW_019862755.1,+,MXE_exon1,0.001725811,0.164,2565500,2565871,NW_019862755.1_2565500_2565871
LOC112049214,NW_019862755.1,+,MXE_exon1,0.044058404,-0.159,2565500,2565871,NW_019862755.1_2565500_2565871
LOC112049214,NW_019862755.1,+,MXE_exon1,0.025948373,0.169,2565744,2566115,NW_019862755.1_2565744_2566115
LOC112049214,NW_019862755.1,+,MXE_exon1,0.000172285,0.116,2565744,2566115,NW_019862755.1_2565744_2566115
LOC112042995,NW_019862784.1,+,MXE_exon1,0.00453078,0.172,672944,673234,NW_019862784.1_672944_673234
LOC112055964,NW_019863667.1,-,MXE_exon1,6.50E-05,0.074,26018,26385,NW_019863667.1_26018_26385
LOC112044451,NW_019862809.1,+,MXE_exon1,0.000672989,0.1,972800,973083,NW_019862809.1_972800_973083
LOC112044451,NW_019862809.1,+,MXE_exon1,8.36E-05,0.106,972800,973083,NW_019862809.1_972800_973083
LOC112052196,NW_019863133.1,+,MXE_exon1,9.17E-15,-0.136,204192,204428,NW_019863133.1_204192_204428
LOC112046669,NW_019862866.1,+,MXE_exon1,3.32E-06,0.449,744070,744435,NW_019862866.1_744070_744435
LOC112046669,NW_019862866.1,+,MXE_exon1,3.17E-06,0.452,744070,744435,NW_019862866.1_744070_744435
LOC112046669,NW_019862866.1,+,MXE_exon1,3.35E-06,0.458,744070,744435,NW_019862866.1_744070_744435
LOC112046669,NW_019862866.1,+,MXE_exon1,0.000343697,0.535,744070,744435,NW_019862866.1_744070_744435
LOC112046669,NW_019862866.1,+,MXE_exon1,6.70E-06,0.429,744070,744435,NW_019862866.1_744070_744435
LOC112054984,NW_019863443.1,+,MXE_exon1,0,-0.168,110869,111177,NW_019863443.1_110869_111177
LOC112054984,NW_019863443.1,+,MXE_exon1,0,-0.167,110869,111177,NW_019863443.1_110869_111177
LOC112054984,NW_019863443.1,+,MXE_exon1,3.98E-13,-0.23,110912,111177,NW_019863443.1_110912_111177
LOC112054984,NW_019863443.1,+,MXE_exon1,4.44E-13,-0.23,110912,111177,NW_019863443.1_110912_111177
LOC112054984,NW_019863443.1,+,MXE_exon1,3.90E-09,-0.132,110912,111177,NW_019863443.1_110912_111177
LOC112055637,NW_019863570.1,-,MXE_exon1,0.004265838,0.357,33256,33549,NW_019863570.1_33256_33549
LOC112055637,NW_019863570.1,-,MXE_exon1,0.005430752,0.399,33256,33549,NW_019863570.1_33256_33549
LOC112051132,NW_019863064.1,+,MXE_exon1,0.013693969,0.189,62965,63371,NW_019863064.1_62965_63371
LOC112051132,NW_019863064.1,+,MXE_exon1,0,0.725,62968,63375,NW_019863064.1_62968_63375
LOC112051132,NW_019863064.1,+,MXE_exon1,0.010026002,0.108,62968,63375,NW_019863064.1_62968_63375
LOC112051132,NW_019863064.1,+,MXE_exon1,0.013693969,0.189,62969,63371,NW_019863064.1_62969_63371
LOC112051132,NW_019863064.1,+,MXE_exon1,2.55E-08,0.514,62970,63371,NW_019863064.1_62970_63371
LOC112051132,NW_019863064.1,+,MXE_exon1,0.043103727,0.261,62970,63371,NW_019863064.1_62970_63371
LOC112051132,NW_019863064.1,+,MXE_exon1,0.000661542,0.448,62970,63375,NW_019863064.1_62970_63375
LOC112051279,NW_019863071.1,-,MXE_exon1,0.000845213,-0.141,191943,192153,NW_019863071.1_191943_192153
LOC112056529,NW_019863862.1,+,MXE_exon1,0.007691488,0.137,106808,107165,NW_019863862.1_106808_107165
LOC112057917,NW_019862768.1,+,MXE_exon1,0.011380105,-0.026,1384991,1385355,NW_019862768.1_1384991_1385355
LOC112045389,NW_019862831.1,+,MXE_exon1,0.002890332,0.149,172190,172525,NW_019862831.1_172190_172525
LOC112048834,NW_019862946.1,+,MXE_exon1,0.014789659,-0.128,95562,95812,NW_019862946.1_95562_95812
LOC112053646,NW_019863265.1,+,MXE_exon1,0,-0.138,206771,207084,NW_019863265.1_206771_207084
LOC112043412,NW_019862790.1,+,MXE_exon1,8.20E-07,-0.094,179293,179615,NW_019862790.1_179293_179615
LOC112046464,NW_019862858.1,+,MXE_exon1,0.003175252,-0.184,812420,812725,NW_019862858.1_812420_812725
LOC112051433,NW_019863082.1,+,MXE_exon1,4.93E-09,0.131,347897,348216,NW_019863082.1_347897_348216
LOC112043251,NW_019862787.1,-,MXE_exon1,0.028113098,-0.041,1470299,1470633,NW_019862787.1_1470299_1470633
LOC112043251,NW_019862787.1,-,MXE_exon1,0.029573649,-0.038,1470299,1470695,NW_019862787.1_1470299_1470695
LOC112053597,NW_019863259.1,-,MXE_exon1,3.16E-05,-0.11,319039,319290,NW_019863259.1_319039_319290
LOC112051691,NW_019863098.1,+,MXE_exon1,0.002749839,0.227,163650,163988,NW_019863098.1_163650_163988
LOC112051691,NW_019863098.1,+,MXE_exon1,0.00027835,0.253,163650,163988,NW_019863098.1_163650_163988
LOC112051691,NW_019863098.1,+,MXE_exon1,0.000195901,0.187,163650,164114,NW_019863098.1_163650_164114
LOC112051691,NW_019863098.1,+,MXE_exon1,0.000571266,0.141,163652,163988,NW_019863098.1_163652_163988
LOC112058428,NW_019862776.1,-,MXE_exon1,0.000598391,-0.237,1068261,1068521,NW_019862776.1_1068261_1068521
LOC112056528,NW_019863862.1,+,MXE_exon1,0.002394207,0.138,75678,75978,NW_019863862.1_75678_75978
LOC112046067,NW_019862847.1,+,MXE_exon1,0.0211436,-0.051,154307,154628,NW_019862847.1_154307_154628
LOC112050297,NW_019863016.1,+,MXE_exon1,0.001728512,-0.036,443950,444291,NW_019863016.1_443950_444291
LOC112049521,NW_019862977.1,+,MXE_exon1,0.031727269,-0.256,361916,362185,NW_019862977.1_361916_362185
LOC112046832,NW_019862872.1,+,MXE_exon1,0,0.808,395048,395422,NW_019862872.1_395048_395422
LOC112046832,NW_019862872.1,+,MXE_exon1,9.68E-09,0.253,395048,395422,NW_019862872.1_395048_395422
LOC112051118,NW_019862757.1,-,MXE_exon1,0,0.7,1539757,1540137,NW_019862757.1_1539757_1540137
LOC112051118,NW_019862757.1,-,MXE_exon1,0,0.334,1539761,1540083,NW_019862757.1_1539761_1540083
LOC112045704,NW_019862838.1,+,MXE_exon1,9.88E-06,-0.121,609800,610138,NW_019862838.1_609800_610138
LOC112045704,NW_019862838.1,+,MXE_exon1,5.79E-07,0.184,612889,613201,NW_019862838.1_612889_613201
LOC112058170,NW_019862749.1,-,MXE_exon1,0.012039292,-0.05,383651,383938,NW_019862749.1_383651_383938
LOC112056414,NW_019862763.1,-,MXE_exon1,5.21E-06,0.289,1581780,1582222,NW_019862763.1_1581780_1582222
LOC112056414,NW_019862763.1,-,MXE_exon1,5.44E-06,0.286,1581794,1582222,NW_019862763.1_1581794_1582222
LOC112056414,NW_019862763.1,-,MXE_exon1,1.52E-06,0.277,1581798,1582222,NW_019862763.1_1581798_1582222
LOC112056414,NW_019862763.1,-,MXE_exon1,8.41E-09,0.233,1581802,1582222,NW_019862763.1_1581802_1582222
LOC112056414,NW_019862763.1,-,MXE_exon1,6.32E-09,0.159,1581803,1582222,NW_019862763.1_1581803_1582222
LOC112056241,NW_019863744.1,-,MXE_exon1,0.024001494,0.067,19031,19533,NW_019863744.1_19031_19533
LOC112056241,NW_019863744.1,-,MXE_exon1,0.019666081,0.066,19031,19550,NW_019863744.1_19031_19550
LOC112050044,NW_019863003.1,-,MXE_exon1,4.54E-05,-0.022,178595,179001,NW_019863003.1_178595_179001
LOC112050044,NW_019863003.1,-,MXE_exon1,4.56E-05,-0.022,178595,179001,NW_019863003.1_178595_179001
LOC112050044,NW_019863003.1,-,MXE_exon1,4.56E-05,-0.022,178595,179001,NW_019863003.1_178595_179001
LOC112050044,NW_019863003.1,-,MXE_exon1,0.000353708,-0.059,178597,179001,NW_019863003.1_178597_179001
LOC112050044,NW_019863003.1,-,MXE_exon1,0.000359211,-0.059,178597,179001,NW_019863003.1_178597_179001
LOC112050044,NW_019863003.1,-,MXE_exon1,6.94E-11,-0.12,183369,183752,NW_019863003.1_183369_183752
LOC112050044,NW_019863003.1,-,MXE_exon1,6.93E-11,-0.12,183369,183799,NW_019863003.1_183369_183799
LOC112051535,NW_019863088.1,+,MXE_exon1,0,0.93,353279,353744,NW_019863088.1_353279_353744
LOC112051535,NW_019863088.1,+,MXE_exon1,0,0.962,353279,353744,NW_019863088.1_353279_353744
LOC112051535,NW_019863088.1,+,MXE_exon1,0,0.911,353491,353744,NW_019863088.1_353491_353744
LOC112051535,NW_019863088.1,+,MXE_exon1,0,0.956,353491,353744,NW_019863088.1_353491_353744
LOC112058377,NW_019862775.1,-,MXE_exon1,0,0.087,1671328,1671622,NW_019862775.1_1671328_1671622
LOC112058377,NW_019862775.1,-,MXE_exon1,0,0.084,1671330,1671623,NW_019862775.1_1671330_1671623
LOC112058145,NW_019862749.1,+,MXE_exon1,3.94E-06,-0.143,359152,359549,NW_019862749.1_359152_359549
LOC112052180,NW_019863132.1,-,MXE_exon1,2.93E-07,0.024,284292,284665,NW_019863132.1_284292_284665
LOC112052398,NW_019863145.1,-,MXE_exon1,0.013450609,-0.443,129196,129539,NW_019863145.1_129196_129539
LOC112045305,NW_019862828.1,+,MXE_exon1,0.008730079,-0.036,795214,795485,NW_019862828.1_795214_795485
LOC112045305,NW_019862828.1,+,MXE_exon1,0,0.666,808765,809049,NW_019862828.1_808765_809049
LOC112045305,NW_019862828.1,+,MXE_exon1,0,0.473,808765,809049,NW_019862828.1_808765_809049
LOC112045305,NW_019862828.1,+,MXE_exon1,0,0.531,808765,809049,NW_019862828.1_808765_809049
LOC112045305,NW_019862828.1,+,MXE_exon1,0,0.248,808765,809102,NW_019862828.1_808765_809102
LOC112045305,NW_019862828.1,+,MXE_exon1,0,0.294,808765,809102,NW_019862828.1_808765_809102
LOC112045305,NW_019862828.1,+,MXE_exon1,0,0.654,808819,809102,NW_019862828.1_808819_809102
LOC112045305,NW_019862828.1,+,MXE_exon1,0,0.46,808819,809102,NW_019862828.1_808819_809102
LOC112045305,NW_019862828.1,+,MXE_exon1,0,0.518,808819,809102,NW_019862828.1_808819_809102
LOC112047070,NW_019862881.1,+,MXE_exon1,0.01146426,-0.107,421927,422307,NW_019862881.1_421927_422307
LOC112055212,NW_019863479.1,-,MXE_exon1,0.012660929,0.044,143451,144089,NW_019863479.1_143451_144089
LOC112055212,NW_019863479.1,-,MXE_exon1,0.011908498,0.045,143475,144089,NW_019863479.1_143475_144089
LOC112055212,NW_019863479.1,-,MXE_exon1,0.011567944,0.045,143519,144089,NW_019863479.1_143519_144089
LOC112055212,NW_019863479.1,-,MXE_exon1,0.011720545,0.045,143716,144089,NW_019863479.1_143716_144089
LOC112055212,NW_019863479.1,-,MXE_exon1,0.005430011,0.053,143801,144089,NW_019863479.1_143801_144089
LOC112050343,NW_019863018.1,+,MXE_exon1,0.031527672,0.262,290108,290473,NW_019863018.1_290108_290473
LOC112045825,NW_019862841.1,+,MXE_exon1,0.002569235,0.532,219392,219879,NW_019862841.1_219392_219879
LOC112055740,NW_019862762.1,-,MXE_exon1,6.67E-08,-0.274,1935567,1935995,NW_019862762.1_1935567_1935995
LOC112048640,NW_019862938.1,-,MXE_exon1,0.00132123,-0.057,150193,150490,NW_019862938.1_150193_150490
LOC112055306,NW_019862762.1,-,MXE_exon1,9.07E-05,0.157,214016,214363,NW_019862762.1_214016_214363
LOC112044399,NW_019862808.1,-,MXE_exon1,0.000134589,0.156,1214809,1215167,NW_019862808.1_1214809_1215167
LOC112052089,NW_019863124.1,+,MXE_exon1,2.65E-05,-0.095,305705,306164,NW_019863124.1_305705_306164
LOC112052089,NW_019863124.1,+,MXE_exon1,2.65E-05,-0.095,305794,306164,NW_019863124.1_305794_306164
LOC112052089,NW_019863124.1,+,MXE_exon1,2.65E-05,-0.095,305810,306164,NW_019863124.1_305810_306164
LOC112046526,NW_019862860.1,+,MXE_exon1,0.006239741,0.153,251814,252328,NW_019862860.1_251814_252328
LOC112044453,NW_019862809.1,+,MXE_exon1,0.008481196,-0.277,1021477,1021911,NW_019862809.1_1021477_1021911
LOC112044453,NW_019862809.1,+,MXE_exon1,6.69E-05,-0.325,1021490,1021936,NW_019862809.1_1021490_1021936
LOC112051619,NW_019862758.1,+,MXE_exon1,0.00202786,0.135,697657,698025,NW_019862758.1_697657_698025
LOC112047548,NW_019862896.1,-,MXE_exon1,0.032229695,-0.091,530154,530429,NW_019862896.1_530154_530429
LOC112053871,NW_019863290.1,-,MXE_exon1,0.000134589,-0.399,162238,162528,NW_019863290.1_162238_162528
LOC112044489,NW_019862810.1,-,MXE_exon1,8.61E-05,0.102,693984,694350,NW_019862810.1_693984_694350
LOC112052395,NW_019863145.1,+,MXE_exon1,3.29E-10,0.05,310211,310562,NW_019863145.1_310211_310562
LOC112052395,NW_019863145.1,+,MXE_exon1,0.001918039,0.402,310211,310562,NW_019863145.1_310211_310562
LOC112048916,NW_019862951.1,-,MXE_exon1,1.13E-06,-0.198,199795,200087,NW_019862951.1_199795_200087
LOC112047017,NW_019862753.1,+,MXE_exon1,0.005966833,-0.052,1414568,1415057,NW_019862753.1_1414568_1415057
LOC112048077,NW_019862915.1,-,MXE_exon1,1.28E-09,-0.16,614521,615019,NW_019862915.1_614521_615019
LOC112048077,NW_019862915.1,-,MXE_exon1,2.82E-11,-0.084,614521,615019,NW_019862915.1_614521_615019
LOC112048077,NW_019862915.1,-,MXE_exon1,1.23E-10,-0.147,614521,615019,NW_019862915.1_614521_615019
LOC112049404,NW_019862971.1,-,MXE_exon1,4.34E-12,-0.445,703681,704025,NW_019862971.1_703681_704025
LOC112049404,NW_019862971.1,-,MXE_exon1,6.16E-07,-0.373,703681,704025,NW_019862971.1_703681_704025
LOC112049404,NW_019862971.1,-,MXE_exon1,7.85E-08,-0.409,703681,704025,NW_019862971.1_703681_704025
LOC112049404,NW_019862971.1,-,MXE_exon1,9.38E-14,-0.411,703681,704046,NW_019862971.1_703681_704046
LOC112049404,NW_019862971.1,-,MXE_exon1,5.08E-08,-0.505,703681,704046,NW_019862971.1_703681_704046
LOC112049404,NW_019862971.1,-,MXE_exon1,5.72E-10,-0.513,703681,704046,NW_019862971.1_703681_704046
LOC112049404,NW_019862971.1,-,MXE_exon1,2.04E-08,-0.403,703681,704172,NW_019862971.1_703681_704172
LOC112049404,NW_019862971.1,-,MXE_exon1,3.01E-05,0.25,707245,707522,NW_019862971.1_707245_707522
LOC112049404,NW_019862971.1,-,MXE_exon1,7.31E-09,0.139,707245,707522,NW_019862971.1_707245_707522
LOC112045940,NW_019862844.1,+,MXE_exon1,0.027130075,0.275,858914,859204,NW_019862844.1_858914_859204
LOC112046056,NW_019862846.1,-,MXE_exon1,0.040138837,0.285,361792,362116,NW_019862846.1_361792_362116
LOC112053443,NW_019862760.1,+,MXE_exon1,1.38E-07,-0.078,52244,52525,NW_019862760.1_52244_52525
LOC112053443,NW_019862760.1,+,MXE_exon1,0.002902407,-0.171,52244,52525,NW_019862760.1_52244_52525
LOC112053443,NW_019862760.1,+,MXE_exon1,0.010035042,-0.365,52244,52574,NW_019862760.1_52244_52574
LOC112053443,NW_019862760.1,+,MXE_exon1,0.000369242,-0.074,52244,52574,NW_019862760.1_52244_52574
LOC112053443,NW_019862760.1,+,MXE_exon1,4.78E-06,-0.199,52244,52574,NW_019862760.1_52244_52574
LOC112053443,NW_019862760.1,+,MXE_exon1,0.007545541,-0.139,52316,52525,NW_019862760.1_52316_52525
LOC112053443,NW_019862760.1,+,MXE_exon1,0.00100908,-0.104,52316,52574,NW_019862760.1_52316_52574
LOC112053443,NW_019862760.1,+,MXE_exon1,0.004108637,-0.241,52316,52574,NW_019862760.1_52316_52574
LOC112053443,NW_019862760.1,+,MXE_exon1,0.028921183,-0.114,52316,52574,NW_019862760.1_52316_52574
LOC112053443,NW_019862760.1,+,MXE_exon1,0.001783207,-0.236,52316,52574,NW_019862760.1_52316_52574
LOC112053443,NW_019862760.1,+,MXE_exon1,0.001015996,-0.103,52325,52574,NW_019862760.1_52325_52574
LOC112053443,NW_019862760.1,+,MXE_exon1,0.004048687,-0.242,52325,52574,NW_019862760.1_52325_52574
LOC112053443,NW_019862760.1,+,MXE_exon1,0.00513889,-0.152,52352,52574,NW_019862760.1_52352_52574
LOC112053443,NW_019862760.1,+,MXE_exon1,0.000266009,-0.155,55165,55691,NW_019862760.1_55165_55691
LOC112053443,NW_019862760.1,+,MXE_exon1,1.41E-05,-0.022,55342,55691,NW_019862760.1_55342_55691
LOC112053443,NW_019862760.1,+,MXE_exon1,0.000370601,-0.07,55370,55691,NW_019862760.1_55370_55691
LOC112043861,NW_019862799.1,+,MXE_exon1,0.00699068,0.158,1081053,1081289,NW_019862799.1_1081053_1081289
LOC112048373,NW_019862927.1,+,MXE_exon1,0.004108637,0.035,51936,52355,NW_019862927.1_51936_52355
LOC112048373,NW_019862927.1,+,MXE_exon1,0.004108637,0.035,51980,52355,NW_019862927.1_51980_52355
LOC112058448,NW_019862776.1,-,MXE_exon1,0.004834992,0.032,1577774,1578110,NW_019862776.1_1577774_1578110
LOC112058448,NW_019862776.1,-,MXE_exon1,0.031086923,-0.045,1577781,1578110,NW_019862776.1_1577781_1578110
LOC112043300,NW_019862788.1,-,MXE_exon1,1.62E-05,0.38,417913,418142,NW_019862788.1_417913_418142
LOC112044661,NW_019862815.1,+,MXE_exon1,0,-0.141,248016,248267,NW_019862815.1_248016_248267
LOC112053186,NW_019863215.1,+,MXE_exon1,0.002155068,0.386,7297,7671,NW_019863215.1_7297_7671
LOC112053186,NW_019863215.1,+,MXE_exon1,0.000942384,0.293,7297,7671,NW_019863215.1_7297_7671
LOC112053186,NW_019863215.1,+,MXE_exon1,0.002153825,0.296,7297,7671,NW_019863215.1_7297_7671
LOC112053186,NW_019863215.1,+,MXE_exon1,0.002449907,0.292,7297,7671,NW_019863215.1_7297_7671
LOC112053186,NW_019863215.1,+,MXE_exon1,0.004477226,0.177,7297,7673,NW_019863215.1_7297_7673
LOC112053186,NW_019863215.1,+,MXE_exon1,0.002557786,0.373,7297,7673,NW_019863215.1_7297_7673
LOC112053186,NW_019863215.1,+,MXE_exon1,0.002343162,0.307,7297,7673,NW_019863215.1_7297_7673
LOC112053186,NW_019863215.1,+,MXE_exon1,0.005246621,0.307,7297,7673,NW_019863215.1_7297_7673
LOC112053186,NW_019863215.1,+,MXE_exon1,0.005857829,0.303,7297,7673,NW_019863215.1_7297_7673
LOC112049847,NW_019862994.1,-,MXE_exon1,0.000755115,-0.085,244279,244704,NW_019862994.1_244279_244704
LOC112049847,NW_019862994.1,-,MXE_exon1,0.000858456,-0.085,244279,244704,NW_019862994.1_244279_244704
LOC112052382,NW_019863144.1,-,MXE_exon1,0.00733707,-0.026,246611,247048,NW_019863144.1_246611_247048
LOC112052382,NW_019863144.1,-,MXE_exon1,0.008230196,-0.025,246611,247048,NW_019863144.1_246611_247048
LOC112052382,NW_019863144.1,-,MXE_exon1,0.019925821,-0.029,248668,249105,NW_019863144.1_248668_249105
LOC112052382,NW_019863144.1,-,MXE_exon1,0.024831433,0.038,248764,249105,NW_019863144.1_248764_249105
LOC112051763,NW_019863101.1,-,MXE_exon1,3.99E-08,-0.597,219284,219663,NW_019863101.1_219284_219663
LOC112051763,NW_019863101.1,-,MXE_exon1,6.28E-08,-0.69,219284,219677,NW_019863101.1_219284_219677
LOC112048729,NW_019862941.1,+,MXE_exon1,1.48E-09,0.169,290013,290265,NW_019862941.1_290013_290265
LOC112053999,NW_019862760.1,+,MXE_exon1,0.000387278,0.094,2285694,2286193,NW_019862760.1_2285694_2286193
LOC112051208,NW_019863068.1,+,MXE_exon1,0.005956572,-0.337,226938,227250,NW_019863068.1_226938_227250
LOC112046887,NW_019862874.1,-,MXE_exon1,0.000478146,-0.188,19470,19868,NW_019862874.1_19470_19868
LOC112046887,NW_019862874.1,-,MXE_exon1,0.047248461,-0.267,21101,21366,NW_019862874.1_21101_21366
LOC112046887,NW_019862874.1,-,MXE_exon1,0.004973525,0.197,21101,21366,NW_019862874.1_21101_21366
LOC112046887,NW_019862874.1,-,MXE_exon1,0.001942438,0.281,21101,21366,NW_019862874.1_21101_21366
LOC112046887,NW_019862874.1,-,MXE_exon1,0.000704002,0.33,22674,22985,NW_019862874.1_22674_22985
LOC112046887,NW_019862874.1,-,MXE_exon1,0.000107698,0.405,22674,22985,NW_019862874.1_22674_22985
LOC112046887,NW_019862874.1,-,MXE_exon1,0.000645586,0.29,22674,23013,NW_019862874.1_22674_23013
LOC112046887,NW_019862874.1,-,MXE_exon1,8.83E-05,0.372,22674,23013,NW_019862874.1_22674_23013
LOC112047356,NW_019862890.1,+,MXE_exon1,0.025979377,0.206,324774,325226,NW_019862890.1_324774_325226
LOC112045524,NW_019862834.1,-,MXE_exon1,0.046480985,0.02,974746,975088,NW_019862834.1_974746_975088
LOC112058236,NW_019862773.1,+,MXE_exon1,0.026931118,-0.095,183303,183516,NW_019862773.1_183303_183516
LOC112058236,NW_019862773.1,+,MXE_exon1,0.025835332,-0.096,183303,183516,NW_019862773.1_183303_183516
LOC112058236,NW_019862773.1,+,MXE_exon1,0.025715382,-0.089,183303,183516,NW_019862773.1_183303_183516
LOC112058236,NW_019862773.1,+,MXE_exon1,0.043504191,-0.106,183303,183516,NW_019862773.1_183303_183516
LOC112058236,NW_019862773.1,+,MXE_exon1,0.034418021,-0.111,183303,183516,NW_019862773.1_183303_183516
LOC112043029,NW_019862784.1,+,MXE_exon1,0.008677964,-0.064,1184632,1185093,NW_019862784.1_1184632_1185093
LOC112043424,NW_019862790.1,+,MXE_exon1,0,-0.049,626128,626501,NW_019862790.1_626128_626501
LOC112043424,NW_019862790.1,+,MXE_exon1,6.22E-06,-0.181,626128,626501,NW_019862790.1_626128_626501
LOC112043424,NW_019862790.1,+,MXE_exon1,0,-0.079,626128,626501,NW_019862790.1_626128_626501
LOC112043424,NW_019862790.1,+,MXE_exon1,0,-0.082,626128,626501,NW_019862790.1_626128_626501
LOC112052559,NW_019863157.1,+,MXE_exon1,0.004320176,0.046,138314,138569,NW_019863157.1_138314_138569
LOC112057044,NW_019864244.1,-,MXE_exon1,0.000290555,-0.246,2237,2613,NW_019864244.1_2237_2613
LOC112053610,NW_019863260.1,-,MXE_exon1,0.018902635,-0.397,196736,197062,NW_019863260.1_196736_197062
LOC112056365,NW_019863789.1,-,MXE_exon1,0.022250652,-0.342,58670,59001,NW_019863789.1_58670_59001
LOC112058550,NW_019862778.1,-,MXE_exon1,0,-0.279,1102640,1103181,NW_019862778.1_1102640_1103181
LOC112058550,NW_019862778.1,-,MXE_exon1,0,-0.174,1102640,1103181,NW_019862778.1_1102640_1103181
LOC112058550,NW_019862778.1,-,MXE_exon1,0,-0.282,1102640,1103181,NW_019862778.1_1102640_1103181
LOC112058550,NW_019862778.1,-,MXE_exon1,0,-0.266,1102640,1103181,NW_019862778.1_1102640_1103181
LOC112058550,NW_019862778.1,-,MXE_exon1,0,-0.293,1102864,1103181,NW_019862778.1_1102864_1103181
LOC112058550,NW_019862778.1,-,MXE_exon1,0,-0.189,1102864,1103181,NW_019862778.1_1102864_1103181
LOC112058550,NW_019862778.1,-,MXE_exon1,0,-0.296,1102864,1103181,NW_019862778.1_1102864_1103181
LOC112058550,NW_019862778.1,-,MXE_exon1,0,-0.281,1102864,1103181,NW_019862778.1_1102864_1103181
LOC112058550,NW_019862778.1,-,MXE_exon1,0,-0.282,1102868,1103180,NW_019862778.1_1102868_1103180
LOC112058550,NW_019862778.1,-,MXE_exon1,0,-0.178,1102868,1103180,NW_019862778.1_1102868_1103180
LOC112058550,NW_019862778.1,-,MXE_exon1,0,-0.285,1102868,1103180,NW_019862778.1_1102868_1103180
LOC112058550,NW_019862778.1,-,MXE_exon1,0,-0.27,1102868,1103180,NW_019862778.1_1102868_1103180
LOC112058550,NW_019862778.1,-,MXE_exon1,0,-0.344,1102868,1103181,NW_019862778.1_1102868_1103181
LOC112058550,NW_019862778.1,-,MXE_exon1,0,-0.344,1102868,1103181,NW_019862778.1_1102868_1103181
LOC112058550,NW_019862778.1,-,MXE_exon1,0,-0.343,1102868,1103181,NW_019862778.1_1102868_1103181
LOC112058550,NW_019862778.1,-,MXE_exon1,0,-0.278,1102868,1103187,NW_019862778.1_1102868_1103187
LOC112058550,NW_019862778.1,-,MXE_exon1,0,-0.174,1102868,1103187,NW_019862778.1_1102868_1103187
LOC112058550,NW_019862778.1,-,MXE_exon1,0,-0.281,1102868,1103187,NW_019862778.1_1102868_1103187
LOC112058550,NW_019862778.1,-,MXE_exon1,0,-0.266,1102868,1103187,NW_019862778.1_1102868_1103187
LOC112058550,NW_019862778.1,-,MXE_exon1,0,-0.261,1102898,1103181,NW_019862778.1_1102898_1103181
LOC112058550,NW_019862778.1,-,MXE_exon1,0,-0.16,1102898,1103181,NW_019862778.1_1102898_1103181
LOC112058550,NW_019862778.1,-,MXE_exon1,0,-0.265,1102898,1103181,NW_019862778.1_1102898_1103181
LOC112058550,NW_019862778.1,-,MXE_exon1,0,-0.249,1102898,1103181,NW_019862778.1_1102898_1103181
LOC112058550,NW_019862778.1,-,MXE_exon1,0,-0.154,1102955,1103181,NW_019862778.1_1102955_1103181
LOC112058550,NW_019862778.1,-,MXE_exon1,0,-0.078,1102955,1103181,NW_019862778.1_1102955_1103181
LOC112058550,NW_019862778.1,-,MXE_exon1,0,-0.158,1102955,1103181,NW_019862778.1_1102955_1103181
LOC112058550,NW_019862778.1,-,MXE_exon1,0,-0.142,1102955,1103181,NW_019862778.1_1102955_1103181
LOC112058550,NW_019862778.1,-,MXE_exon1,2.23E-09,-0.026,1102972,1103181,NW_019862778.1_1102972_1103181
LOC112058550,NW_019862778.1,-,MXE_exon1,1.45E-06,-0.012,1102972,1103181,NW_019862778.1_1102972_1103181
LOC112058550,NW_019862778.1,-,MXE_exon1,2.42E-09,-0.027,1102972,1103181,NW_019862778.1_1102972_1103181
LOC112058550,NW_019862778.1,-,MXE_exon1,1.77E-09,-0.023,1102972,1103181,NW_019862778.1_1102972_1103181
LOC112052001,NW_019863118.1,-,MXE_exon1,0.014350438,0.032,161542,161997,NW_019863118.1_161542_161997
LOC112052001,NW_019863118.1,-,MXE_exon1,0.014350438,0.032,161542,162366,NW_019863118.1_161542_162366
LOC112052867,NW_019863182.1,-,MXE_exon1,0,0.271,230886,231099,NW_019863182.1_230886_231099
LOC112052867,NW_019863182.1,-,MXE_exon1,0,0.278,230886,231099,NW_019863182.1_230886_231099
LOC112052867,NW_019863182.1,-,MXE_exon1,0,0.152,230886,231099,NW_019863182.1_230886_231099
LOC112052867,NW_019863182.1,-,MXE_exon1,0,0.517,230886,231252,NW_019863182.1_230886_231252
LOC112052867,NW_019863182.1,-,MXE_exon1,0,0.548,230886,231252,NW_019863182.1_230886_231252
LOC112052867,NW_019863182.1,-,MXE_exon1,0,0.554,230886,231535,NW_019863182.1_230886_231535
LOC112052867,NW_019863182.1,-,MXE_exon1,0,0.582,230886,231535,NW_019863182.1_230886_231535
LOC112052867,NW_019863182.1,-,MXE_exon1,0,0.515,230886,231535,NW_019863182.1_230886_231535
LOC112048885,NW_019862949.1,-,MXE_exon1,0.014227,-0.171,480982,481348,NW_019862949.1_480982_481348
LOC112047231,NW_019862885.1,-,MXE_exon1,0.000392107,0.167,592659,593054,NW_019862885.1_592659_593054
LOC112047231,NW_019862885.1,-,MXE_exon1,0.000598562,0.159,592659,593054,NW_019862885.1_592659_593054
LOC112047231,NW_019862885.1,-,MXE_exon1,0.000598562,0.159,592659,593054,NW_019862885.1_592659_593054
LOC112051523,NW_019863087.1,+,MXE_exon1,0.005956572,0.009,159707,159951,NW_019863087.1_159707_159951
LOC112051523,NW_019863087.1,+,MXE_exon1,0.005956572,0.009,159707,159951,NW_019863087.1_159707_159951
LOC112051523,NW_019863087.1,+,MXE_exon1,0.005962632,0.009,159707,159951,NW_019863087.1_159707_159951
LOC112051523,NW_019863087.1,+,MXE_exon1,0.005947776,0.009,159707,159951,NW_019863087.1_159707_159951
LOC112051523,NW_019863087.1,+,MXE_exon1,0.00595602,0.009,159707,159951,NW_019863087.1_159707_159951
LOC112051523,NW_019863087.1,+,MXE_exon1,0.005956572,0.009,159707,159951,NW_019863087.1_159707_159951
LOC112051523,NW_019863087.1,+,MXE_exon1,0.005957098,0.009,159707,159951,NW_019863087.1_159707_159951
LOC112051523,NW_019863087.1,+,MXE_exon1,0.005972775,0.009,159707,159951,NW_019863087.1_159707_159951
LOC112051523,NW_019863087.1,+,MXE_exon1,0.005956572,0.009,159707,159951,NW_019863087.1_159707_159951
LOC112051523,NW_019863087.1,+,MXE_exon1,0.005919333,0.009,159707,159951,NW_019863087.1_159707_159951
LOC112051523,NW_019863087.1,+,MXE_exon1,0.005992911,0.009,159707,159951,NW_019863087.1_159707_159951
LOC112051523,NW_019863087.1,+,MXE_exon1,0.005948066,0.009,159707,159951,NW_019863087.1_159707_159951
LOC112051523,NW_019863087.1,+,MXE_exon1,0.005919333,0.009,159707,159951,NW_019863087.1_159707_159951
LOC112051523,NW_019863087.1,+,MXE_exon1,0.000389286,-0.085,160011,160323,NW_019863087.1_160011_160323
LOC112051523,NW_019863087.1,+,MXE_exon1,0,-0.216,178768,179357,NW_019863087.1_178768_179357
LOC112051523,NW_019863087.1,+,MXE_exon1,0,-0.216,178768,179357,NW_019863087.1_178768_179357
LOC112051523,NW_019863087.1,+,MXE_exon1,0,-0.213,178768,179357,NW_019863087.1_178768_179357
LOC112051523,NW_019863087.1,+,MXE_exon1,0,-0.211,178768,179357,NW_019863087.1_178768_179357
LOC112051523,NW_019863087.1,+,MXE_exon1,0,-0.162,178768,179357,NW_019863087.1_178768_179357
LOC112051523,NW_019863087.1,+,MXE_exon1,0,-0.21,178768,179357,NW_019863087.1_178768_179357
LOC112051523,NW_019863087.1,+,MXE_exon1,9.41E-05,-0.016,178768,179357,NW_019863087.1_178768_179357
LOC112051523,NW_019863087.1,+,MXE_exon1,0.00015875,-0.016,178768,179357,NW_019863087.1_178768_179357
LOC112051523,NW_019863087.1,+,MXE_exon1,0.000150808,-0.016,178768,179357,NW_019863087.1_178768_179357
LOC112051523,NW_019863087.1,+,MXE_exon1,0,-0.214,178768,179357,NW_019863087.1_178768_179357
LOC112051523,NW_019863087.1,+,MXE_exon1,0.000118525,-0.016,178768,179357,NW_019863087.1_178768_179357
LOC112051523,NW_019863087.1,+,MXE_exon1,0,-0.225,178768,179357,NW_019863087.1_178768_179357
LOC112051523,NW_019863087.1,+,MXE_exon1,0,-0.215,179021,179345,NW_019863087.1_179021_179345
LOC112051523,NW_019863087.1,+,MXE_exon1,0,-0.206,179021,179345,NW_019863087.1_179021_179345
LOC112051523,NW_019863087.1,+,MXE_exon1,0,-0.202,179021,179345,NW_019863087.1_179021_179345
LOC112051523,NW_019863087.1,+,MXE_exon1,0,-0.201,179021,179345,NW_019863087.1_179021_179345
LOC112051523,NW_019863087.1,+,MXE_exon1,0,-0.166,179021,179345,NW_019863087.1_179021_179345
LOC112051523,NW_019863087.1,+,MXE_exon1,0,-0.2,179021,179345,NW_019863087.1_179021_179345
LOC112051523,NW_019863087.1,+,MXE_exon1,0.003305561,-0.013,179021,179345,NW_019863087.1_179021_179345
LOC112051523,NW_019863087.1,+,MXE_exon1,0.004588297,-0.013,179021,179345,NW_019863087.1_179021_179345
LOC112051523,NW_019863087.1,+,MXE_exon1,0.005569644,-0.013,179021,179345,NW_019863087.1_179021_179345
LOC112051523,NW_019863087.1,+,MXE_exon1,0,-0.213,179021,179345,NW_019863087.1_179021_179345
LOC112051523,NW_019863087.1,+,MXE_exon1,0.006639446,-0.013,179021,179345,NW_019863087.1_179021_179345
LOC112051523,NW_019863087.1,+,MXE_exon1,0,-0.223,179021,179345,NW_019863087.1_179021_179345
LOC112051523,NW_019863087.1,+,MXE_exon1,0,-0.238,179021,179357,NW_019863087.1_179021_179357
LOC112051523,NW_019863087.1,+,MXE_exon1,0,-0.195,179021,179357,NW_019863087.1_179021_179357
LOC112051523,NW_019863087.1,+,MXE_exon1,0,-0.192,179021,179357,NW_019863087.1_179021_179357
LOC112051523,NW_019863087.1,+,MXE_exon1,0,-0.192,179021,179357,NW_019863087.1_179021_179357
LOC112051523,NW_019863087.1,+,MXE_exon1,0,-0.187,179021,179357,NW_019863087.1_179021_179357
LOC112051523,NW_019863087.1,+,MXE_exon1,0,-0.235,179021,179357,NW_019863087.1_179021_179357
LOC112051523,NW_019863087.1,+,MXE_exon1,0,-0.24,179021,179357,NW_019863087.1_179021_179357
LOC112051523,NW_019863087.1,+,MXE_exon1,2.84E-09,-0.18,182891,183127,NW_019863087.1_182891_183127
LOC112051523,NW_019863087.1,+,MXE_exon1,2.72E-07,-0.156,182906,183127,NW_019863087.1_182906_183127
LOC112051523,NW_019863087.1,+,MXE_exon1,0.003715187,0.044,182906,183185,NW_019863087.1_182906_183185
LOC112051523,NW_019863087.1,+,MXE_exon1,1.31E-12,0.217,182970,183186,NW_019863087.1_182970_183186
LOC112051523,NW_019863087.1,+,MXE_exon1,0,-0.076,187387,187730,NW_019863087.1_187387_187730
LOC112051523,NW_019863087.1,+,MXE_exon1,0.000150808,-0.047,187387,187730,NW_019863087.1_187387_187730
LOC112044491,NW_019862810.1,+,MXE_exon1,0,-0.332,733307,733986,NW_019862810.1_733307_733986
LOC112044491,NW_019862810.1,+,MXE_exon1,0,-0.341,733653,733986,NW_019862810.1_733653_733986
LOC112044491,NW_019862810.1,+,MXE_exon1,0,-0.35,733674,733986,NW_019862810.1_733674_733986
LOC112044491,NW_019862810.1,+,MXE_exon1,0,-0.34,733678,733986,NW_019862810.1_733678_733986
LOC112047846,NW_019862906.1,-,MXE_exon1,0.001381195,0.431,85980,86313,NW_019862906.1_85980_86313
LOC112046986,NW_019862879.1,-,MXE_exon1,0,0.125,319094,319481,NW_019862879.1_319094_319481
LOC112051371,NW_019863078.1,-,MXE_exon1,3.39E-07,0.148,44512,44911,NW_019863078.1_44512_44911
LOC112051371,NW_019863078.1,-,MXE_exon1,2.26E-07,0.149,44512,44911,NW_019863078.1_44512_44911
LOC112051371,NW_019863078.1,-,MXE_exon1,2.91E-07,0.216,44512,44970,NW_019863078.1_44512_44970
LOC112051371,NW_019863078.1,-,MXE_exon1,1.66E-07,0.217,44512,44970,NW_019863078.1_44512_44970
LOC112051371,NW_019863078.1,-,MXE_exon1,9.17E-15,0.266,44512,44970,NW_019863078.1_44512_44970
LOC112051307,NW_019863073.1,-,MXE_exon1,6.97E-10,0.018,209758,210152,NW_019863073.1_209758_210152
LOC112052566,NW_019863158.1,-,MXE_exon1,0.025873996,0.022,248612,249039,NW_019863158.1_248612_249039
LOC112056544,NW_019863876.1,+,MXE_exon1,3.63E-06,0.225,19521,19869,NW_019863876.1_19521_19869
LOC112043769,NW_019862797.1,+,MXE_exon1,0.041740511,-0.063,168661,169072,NW_019862797.1_168661_169072
LOC112053596,NW_019863259.1,+,MXE_exon1,0,0.148,312989,313225,NW_019863259.1_312989_313225
LOC112053596,NW_019863259.1,+,MXE_exon1,0,0.146,312989,313225,NW_019863259.1_312989_313225
LOC112055375,NW_019863509.1,-,MXE_exon1,0.010018907,0.065,85896,86210,NW_019863509.1_85896_86210
LOC112044077,NW_019862803.1,+,MXE_exon1,1.78E-07,-0.632,139313,139644,NW_019862803.1_139313_139644
LOC112044077,NW_019862803.1,+,MXE_exon1,0,-0.225,139313,139644,NW_019862803.1_139313_139644
LOC112049759,NW_019862988.1,+,MXE_exon1,3.87E-12,-0.152,231809,232154,NW_019862988.1_231809_232154
LOC112049759,NW_019862988.1,+,MXE_exon1,4.88E-10,-0.266,231825,232154,NW_019862988.1_231825_232154
LOC112049759,NW_019862988.1,+,MXE_exon1,4.58E-08,-0.103,231847,232154,NW_019862988.1_231847_232154
LOC112053574,NW_019862760.1,-,MXE_exon1,1.56E-12,-0.551,171061,171372,NW_019862760.1_171061_171372
LOC112052331,NW_019862759.1,-,MXE_exon1,7.82E-06,0.098,883394,883766,NW_019862759.1_883394_883766
LOC112055526,NW_019863545.1,-,MXE_exon1,6.24E-11,0.215,76263,76567,NW_019863545.1_76263_76567
LOC112055526,NW_019863545.1,-,MXE_exon1,3.84E-11,0.244,76263,76626,NW_019863545.1_76263_76626
LOC112055526,NW_019863545.1,-,MXE_exon1,3.84E-11,0.244,76263,76885,NW_019863545.1_76263_76885
LOC112055526,NW_019863545.1,-,MXE_exon1,4.59E-13,0.357,76318,76547,NW_019863545.1_76318_76547
LOC112055526,NW_019863545.1,-,MXE_exon1,1.98E-12,0.384,76322,76547,NW_019863545.1_76322_76547
LOC112049052,NW_019862956.1,-,MXE_exon1,0.008005224,-0.215,483761,484155,NW_019862956.1_483761_484155
LOC112049052,NW_019862956.1,-,MXE_exon1,0.002156917,-0.143,483761,484199,NW_019862956.1_483761_484199
LOC112047434,NW_019862893.1,-,MXE_exon1,0.000165262,-0.087,381552,381850,NW_019862893.1_381552_381850
LOC112046874,NW_019862874.1,+,MXE_exon1,0.048410595,0.052,46666,46987,NW_019862874.1_46666_46987
LOC112045475,NW_019862752.1,-,MXE_exon1,0,-0.472,528686,528915,NW_019862752.1_528686_528915
LOC112045475,NW_019862752.1,-,MXE_exon1,0,-0.425,528686,528915,NW_019862752.1_528686_528915
LOC112045475,NW_019862752.1,-,MXE_exon1,0,-0.473,528686,528915,NW_019862752.1_528686_528915
LOC112045475,NW_019862752.1,-,MXE_exon1,0,-0.473,528686,528915,NW_019862752.1_528686_528915
LOC112045475,NW_019862752.1,-,MXE_exon1,0,-0.459,528686,528915,NW_019862752.1_528686_528915
LOC112045475,NW_019862752.1,-,MXE_exon1,0,-0.445,528686,528924,NW_019862752.1_528686_528924
LOC112045475,NW_019862752.1,-,MXE_exon1,0,-0.447,528686,528924,NW_019862752.1_528686_528924
LOC112045475,NW_019862752.1,-,MXE_exon1,9.17E-15,-0.442,528686,528924,NW_019862752.1_528686_528924
LOC112045475,NW_019862752.1,-,MXE_exon1,0,-0.46,528686,528924,NW_019862752.1_528686_528924
LOC112045475,NW_019862752.1,-,MXE_exon1,0,-0.402,528689,528924,NW_019862752.1_528689_528924
LOC112045475,NW_019862752.1,-,MXE_exon1,0,-0.362,528689,528924,NW_019862752.1_528689_528924
LOC112045475,NW_019862752.1,-,MXE_exon1,0,-0.402,528689,528924,NW_019862752.1_528689_528924
LOC112045475,NW_019862752.1,-,MXE_exon1,0,-0.402,528689,528924,NW_019862752.1_528689_528924
LOC112045475,NW_019862752.1,-,MXE_exon1,0,-0.39,528689,528924,NW_019862752.1_528689_528924
LOC112051655,NW_019863094.1,-,MXE_exon1,2.71E-09,-0.102,188025,188273,NW_019863094.1_188025_188273
LOC112046894,NW_019862874.1,+,MXE_exon1,3.15E-06,-0.072,262017,262403,NW_019862874.1_262017_262403
LOC112046894,NW_019862874.1,+,MXE_exon1,6.90E-14,0.055,262017,262406,NW_019862874.1_262017_262406
LOC112046894,NW_019862874.1,+,MXE_exon1,0,0.074,271770,272132,NW_019862874.1_271770_272132
LOC112046894,NW_019862874.1,+,MXE_exon1,9.17E-15,0.04,271770,272133,NW_019862874.1_271770_272133
LOC112046894,NW_019862874.1,+,MXE_exon1,0,0.074,271770,272202,NW_019862874.1_271770_272202
LOC112046894,NW_019862874.1,+,MXE_exon1,0,0.074,271770,272304,NW_019862874.1_271770_272304
LOC112046894,NW_019862874.1,+,MXE_exon1,0,0.074,271770,272320,NW_019862874.1_271770_272320
LOC112046894,NW_019862874.1,+,MXE_exon1,0.000481727,-0.055,272302,272919,NW_019862874.1_272302_272919
LOC112046894,NW_019862874.1,+,MXE_exon1,0.032324464,-0.028,272302,272919,NW_019862874.1_272302_272919
LOC112046894,NW_019862874.1,+,MXE_exon1,5.52E-05,0.028,277933,278148,NW_019862874.1_277933_278148
LOC112046894,NW_019862874.1,+,MXE_exon1,7.52E-05,0.026,277933,278148,NW_019862874.1_277933_278148
LOC112046894,NW_019862874.1,+,MXE_exon1,0.038639913,-0.012,277963,278285,NW_019862874.1_277963_278285
LOC112046036,NW_019862846.1,-,MXE_exon1,0.001931363,-0.202,634813,635396,NW_019862846.1_634813_635396
LOC112046036,NW_019862846.1,-,MXE_exon1,5.92E-05,-0.19,635987,636308,NW_019862846.1_635987_636308
LOC112046036,NW_019862846.1,-,MXE_exon1,6.71E-05,-0.194,635987,636323,NW_019862846.1_635987_636323
LOC112046036,NW_019862846.1,-,MXE_exon1,6.83E-05,-0.192,635987,636327,NW_019862846.1_635987_636327
LOC112046036,NW_019862846.1,-,MXE_exon1,9.52E-05,-0.18,635987,636337,NW_019862846.1_635987_636337
LOC112056342,NW_019863781.1,+,MXE_exon1,0.000449559,0.099,15521,16083,NW_019863781.1_15521_16083
LOC112045818,NW_019862841.1,-,MXE_exon1,0.008723647,-0.211,852798,853130,NW_019862841.1_852798_853130
LOC112047929,NW_019862908.1,+,MXE_exon1,0.00338775,-0.07,666533,666915,NW_019862908.1_666533_666915
LOC112047033,NW_019862881.1,-,MXE_exon1,0.01647516,0.279,300795,301088,NW_019862881.1_300795_301088
LOC112047033,NW_019862881.1,-,MXE_exon1,0.044043883,0.313,300795,301102,NW_019862881.1_300795_301102
LOC112047033,NW_019862881.1,-,MXE_exon1,0.040943981,0.291,300795,301153,NW_019862881.1_300795_301153
LOC112049557,NW_019862978.1,+,MXE_exon1,0,-0.291,92874,93256,NW_019862978.1_92874_93256
LOC112049557,NW_019862978.1,+,MXE_exon1,0,-0.446,92874,93256,NW_019862978.1_92874_93256
LOC112049557,NW_019862978.1,+,MXE_exon1,0,-0.421,92874,93256,NW_019862978.1_92874_93256
LOC112049557,NW_019862978.1,+,MXE_exon1,2.95E-13,-0.415,92874,93256,NW_019862978.1_92874_93256
LOC112049557,NW_019862978.1,+,MXE_exon1,0.003358177,-0.089,92874,93256,NW_019862978.1_92874_93256
LOC112049557,NW_019862978.1,+,MXE_exon1,0.019441562,-0.029,92874,93256,NW_019862978.1_92874_93256
LOC112049557,NW_019862978.1,+,MXE_exon1,0,-0.409,92930,93256,NW_019862978.1_92930_93256
LOC112049557,NW_019862978.1,+,MXE_exon1,0,-0.488,92930,93256,NW_019862978.1_92930_93256
LOC112049557,NW_019862978.1,+,MXE_exon1,0,-0.466,92930,93256,NW_019862978.1_92930_93256
LOC112049557,NW_019862978.1,+,MXE_exon1,0,-0.438,92930,93256,NW_019862978.1_92930_93256
LOC112049557,NW_019862978.1,+,MXE_exon1,0,-0.289,92930,93270,NW_019862978.1_92930_93270
LOC112049557,NW_019862978.1,+,MXE_exon1,1.78E-14,-0.423,92930,93270,NW_019862978.1_92930_93270
LOC112049557,NW_019862978.1,+,MXE_exon1,4.55E-11,-0.398,92930,93270,NW_019862978.1_92930_93270
LOC112049557,NW_019862978.1,+,MXE_exon1,2.25E-13,-0.382,92930,93270,NW_019862978.1_92930_93270
LOC112049557,NW_019862978.1,+,MXE_exon1,0,-0.286,92930,93322,NW_019862978.1_92930_93322
LOC112049557,NW_019862978.1,+,MXE_exon1,3.49E-14,-0.42,92930,93322,NW_019862978.1_92930_93322
LOC112049557,NW_019862978.1,+,MXE_exon1,9.31E-11,-0.394,92930,93322,NW_019862978.1_92930_93322
LOC112049557,NW_019862978.1,+,MXE_exon1,2.41E-13,-0.38,92930,93322,NW_019862978.1_92930_93322
LOC112049557,NW_019862978.1,+,MXE_exon1,2.65E-14,0.351,95692,96024,NW_019862978.1_95692_96024
LOC112049557,NW_019862978.1,+,MXE_exon1,1.78E-14,0.338,95692,96033,NW_019862978.1_95692_96033
LOC112049557,NW_019862978.1,+,MXE_exon1,0,0.219,95692,96033,NW_019862978.1_95692_96033
LOC112049557,NW_019862978.1,+,MXE_exon1,4.44E-13,0.321,95692,96046,NW_019862978.1_95692_96046
LOC112049557,NW_019862978.1,+,MXE_exon1,0,0.211,95692,96046,NW_019862978.1_95692_96046
LOC112049557,NW_019862978.1,+,MXE_exon1,2.38E-09,0.279,95699,96024,NW_019862978.1_95699_96024
LOC112049557,NW_019862978.1,+,MXE_exon1,0,0.178,95699,96024,NW_019862978.1_95699_96024
LOC112058326,NW_019862774.1,-,MXE_exon1,0.031792308,0.134,1342993,1343456,NW_019862774.1_1342993_1343456
LOC112046332,NW_019862855.1,-,MXE_exon1,3.02E-06,-0.507,634760,635120,NW_019862855.1_634760_635120
LOC112057889,NW_019862768.1,+,MXE_exon1,0.003503058,-0.192,1173466,1173803,NW_019862768.1_1173466_1173803
LOC112046143,NW_019862849.1,+,MXE_exon1,4.40E-07,0.101,172486,173033,NW_019862849.1_172486_173033
LOC112058207,NW_019862772.1,+,MXE_exon1,0.000213707,-0.639,1700084,1700311,NW_019862772.1_1700084_1700311
LOC112058207,NW_019862772.1,+,MXE_exon1,3.59E-05,-0.602,1700084,1700323,NW_019862772.1_1700084_1700323
LOC112058207,NW_019862772.1,+,MXE_exon1,0.048498905,-0.056,1700084,1700451,NW_019862772.1_1700084_1700451
LOC112058207,NW_019862772.1,+,MXE_exon1,1.17E-05,-0.263,1700084,1700451,NW_019862772.1_1700084_1700451
LOC112058207,NW_019862772.1,+,MXE_exon1,0.000300907,-0.475,1700084,1700782,NW_019862772.1_1700084_1700782
LOC112048398,NW_019862929.1,+,MXE_exon1,1.94E-06,-0.064,269770,270098,NW_019862929.1_269770_270098
LOC112048398,NW_019862929.1,+,MXE_exon1,0,0.198,270741,271141,NW_019862929.1_270741_271141
LOC112045922,NW_019862843.1,+,MXE_exon1,2.08E-08,0.162,930408,930794,NW_019862843.1_930408_930794
LOC112049794,NW_019862756.1,-,MXE_exon1,1.94E-13,-0.063,385647,385929,NW_019862756.1_385647_385929
LOC112045804,NW_019862841.1,+,MXE_exon1,1.10E-05,0.353,587757,588233,NW_019862841.1_587757_588233
LOC112045804,NW_019862841.1,+,MXE_exon1,3.38E-05,0.244,587757,588233,NW_019862841.1_587757_588233
LOC112043877,NW_019862799.1,+,MXE_exon1,0.000820451,-0.09,788990,789375,NW_019862799.1_788990_789375
LOC112045157,NW_019862825.1,-,MXE_exon1,0.027130075,0.13,28701,29007,NW_019862825.1_28701_29007
LOC112043199,NW_019862787.1,-,MXE_exon1,1.81E-08,-0.462,25748,26117,NW_019862787.1_25748_26117
LOC112043199,NW_019862787.1,-,MXE_exon1,1.22E-05,-0.484,25789,26117,NW_019862787.1_25789_26117
LOC112043199,NW_019862787.1,-,MXE_exon1,1.83E-07,-0.512,25838,26117,NW_019862787.1_25838_26117
LOC112049503,NW_019862976.1,-,MXE_exon1,0,-0.586,435755,436361,NW_019862976.1_435755_436361
LOC112049503,NW_019862976.1,-,MXE_exon1,0,-0.586,435755,436361,NW_019862976.1_435755_436361
LOC112049503,NW_019862976.1,-,MXE_exon1,0,-0.287,435755,436361,NW_019862976.1_435755_436361
LOC112049503,NW_019862976.1,-,MXE_exon1,0,-0.566,435755,436361,NW_019862976.1_435755_436361
LOC112049503,NW_019862976.1,-,MXE_exon1,0,-0.535,435755,436361,NW_019862976.1_435755_436361
LOC112049503,NW_019862976.1,-,MXE_exon1,0,-0.633,436097,436361,NW_019862976.1_436097_436361
LOC112049503,NW_019862976.1,-,MXE_exon1,0,-0.633,436097,436361,NW_019862976.1_436097_436361
LOC112049503,NW_019862976.1,-,MXE_exon1,0,-0.353,436097,436361,NW_019862976.1_436097_436361
LOC112049503,NW_019862976.1,-,MXE_exon1,0,-0.616,436097,436361,NW_019862976.1_436097_436361
LOC112049503,NW_019862976.1,-,MXE_exon1,0,-0.593,436097,436361,NW_019862976.1_436097_436361
LOC112049503,NW_019862976.1,-,MXE_exon1,0,-0.592,436098,436328,NW_019862976.1_436098_436328
LOC112049503,NW_019862976.1,-,MXE_exon1,0,-0.592,436098,436328,NW_019862976.1_436098_436328
LOC112049503,NW_019862976.1,-,MXE_exon1,0,-0.281,436098,436328,NW_019862976.1_436098_436328
LOC112049503,NW_019862976.1,-,MXE_exon1,0,-0.571,436098,436328,NW_019862976.1_436098_436328
LOC112049503,NW_019862976.1,-,MXE_exon1,0,-0.535,436098,436328,NW_019862976.1_436098_436328
LOC112049503,NW_019862976.1,-,MXE_exon1,0,-0.652,436098,436361,NW_019862976.1_436098_436361
LOC112049503,NW_019862976.1,-,MXE_exon1,0,-0.652,436098,436361,NW_019862976.1_436098_436361
LOC112049503,NW_019862976.1,-,MXE_exon1,0,-0.653,436098,436361,NW_019862976.1_436098_436361
LOC112049503,NW_019862976.1,-,MXE_exon1,0,-0.675,436098,436361,NW_019862976.1_436098_436361
LOC112049503,NW_019862976.1,-,MXE_exon1,0,-0.633,436098,436419,NW_019862976.1_436098_436419
LOC112049503,NW_019862976.1,-,MXE_exon1,0,-0.633,436098,436419,NW_019862976.1_436098_436419
LOC112049503,NW_019862976.1,-,MXE_exon1,0,-0.344,436098,436419,NW_019862976.1_436098_436419
LOC112049503,NW_019862976.1,-,MXE_exon1,0,-0.616,436098,436419,NW_019862976.1_436098_436419
LOC112049503,NW_019862976.1,-,MXE_exon1,0,-0.59,436098,436419,NW_019862976.1_436098_436419
LOC112049503,NW_019862976.1,-,MXE_exon1,0,-0.626,436102,436361,NW_019862976.1_436102_436361
LOC112049503,NW_019862976.1,-,MXE_exon1,0,-0.626,436102,436361,NW_019862976.1_436102_436361
LOC112049503,NW_019862976.1,-,MXE_exon1,0,-0.338,436102,436361,NW_019862976.1_436102_436361
LOC112049503,NW_019862976.1,-,MXE_exon1,0,-0.608,436102,436361,NW_019862976.1_436102_436361
LOC112049503,NW_019862976.1,-,MXE_exon1,0,-0.583,436102,436361,NW_019862976.1_436102_436361
LOC112049503,NW_019862976.1,-,MXE_exon1,7.33E-09,0.024,436710,437236,NW_019862976.1_436710_437236
LOC112049503,NW_019862976.1,-,MXE_exon1,7.40E-09,0.024,436827,437236,NW_019862976.1_436827_437236
LOC112049503,NW_019862976.1,-,MXE_exon1,1.39E-07,0.022,436973,437377,NW_019862976.1_436973_437377
LOC112049503,NW_019862976.1,-,MXE_exon1,7.92E-06,0.018,436975,437236,NW_019862976.1_436975_437236
LOC112049503,NW_019862976.1,-,MXE_exon1,0.000672989,0.087,439962,440397,NW_019862976.1_439962_440397
LOC112049503,NW_019862976.1,-,MXE_exon1,0.000599404,0.097,439962,440397,NW_019862976.1_439962_440397
LOC112049503,NW_019862976.1,-,MXE_exon1,0.000713943,0.081,439962,440397,NW_019862976.1_439962_440397
LOC112049503,NW_019862976.1,-,MXE_exon1,0.002113554,0.099,439962,440397,NW_019862976.1_439962_440397
LOC112049503,NW_019862976.1,-,MXE_exon1,0.000668783,0.087,439966,440397,NW_019862976.1_439966_440397
LOC112049503,NW_019862976.1,-,MXE_exon1,0.000597179,0.097,439966,440397,NW_019862976.1_439966_440397
LOC112049503,NW_019862976.1,-,MXE_exon1,0.000707981,0.081,439966,440397,NW_019862976.1_439966_440397
LOC112049503,NW_019862976.1,-,MXE_exon1,0.00210218,0.099,439966,440397,NW_019862976.1_439966_440397
LOC112049503,NW_019862976.1,-,MXE_exon1,0.000698845,0.087,440008,440397,NW_019862976.1_440008_440397
LOC112049503,NW_019862976.1,-,MXE_exon1,0.000618784,0.097,440008,440397,NW_019862976.1_440008_440397
LOC112049503,NW_019862976.1,-,MXE_exon1,0.000741591,0.081,440008,440397,NW_019862976.1_440008_440397
LOC112049503,NW_019862976.1,-,MXE_exon1,0.00216415,0.099,440008,440397,NW_019862976.1_440008_440397
LOC112049503,NW_019862976.1,-,MXE_exon1,0.000670164,0.087,440013,440397,NW_019862976.1_440013_440397
LOC112049503,NW_019862976.1,-,MXE_exon1,0.000597808,0.097,440013,440397,NW_019862976.1_440013_440397
LOC112049503,NW_019862976.1,-,MXE_exon1,0.000709761,0.081,440013,440397,NW_019862976.1_440013_440397
LOC112049503,NW_019862976.1,-,MXE_exon1,0.002105965,0.099,440013,440397,NW_019862976.1_440013_440397
LOC112049503,NW_019862976.1,-,MXE_exon1,0.000677269,0.086,440052,440397,NW_019862976.1_440052_440397
LOC112049503,NW_019862976.1,-,MXE_exon1,0.000609204,0.097,440052,440397,NW_019862976.1_440052_440397
LOC112049503,NW_019862976.1,-,MXE_exon1,0.000774805,0.081,440052,440397,NW_019862976.1_440052_440397
LOC112049503,NW_019862976.1,-,MXE_exon1,0.002121494,0.098,440052,440397,NW_019862976.1_440052_440397
LOC112049503,NW_019862976.1,-,MXE_exon1,0.000644089,0.086,440055,440397,NW_019862976.1_440055_440397
LOC112049503,NW_019862976.1,-,MXE_exon1,0.000586919,0.097,440055,440397,NW_019862976.1_440055_440397
LOC112049503,NW_019862976.1,-,MXE_exon1,0.000773756,0.082,440055,440397,NW_019862976.1_440055_440397
LOC112049503,NW_019862976.1,-,MXE_exon1,0.002034177,0.099,440055,440397,NW_019862976.1_440055_440397
LOC112049503,NW_019862976.1,-,MXE_exon1,1.59E-06,0.084,440126,440385,NW_019862976.1_440126_440385
LOC112049503,NW_019862976.1,-,MXE_exon1,2.16E-06,0.099,440126,440385,NW_019862976.1_440126_440385
LOC112049503,NW_019862976.1,-,MXE_exon1,2.09E-05,0.109,440126,440385,NW_019862976.1_440126_440385
LOC112049503,NW_019862976.1,-,MXE_exon1,1.08E-05,0.099,440126,440385,NW_019862976.1_440126_440385
LOC112049503,NW_019862976.1,-,MXE_exon1,1.28E-05,0.038,440126,440397,NW_019862976.1_440126_440397
LOC112049503,NW_019862976.1,-,MXE_exon1,5.39E-06,0.05,440126,440397,NW_019862976.1_440126_440397
LOC112049503,NW_019862976.1,-,MXE_exon1,2.66E-06,0.049,440126,440397,NW_019862976.1_440126_440397
LOC112055942,NW_019863661.1,+,MXE_exon1,1.69E-06,0.38,15758,16109,NW_019863661.1_15758_16109
LOC112055942,NW_019863661.1,+,MXE_exon1,1.66E-06,0.381,15758,16109,NW_019863661.1_15758_16109
LOC112055942,NW_019863661.1,+,MXE_exon1,3.16E-11,0.17,15758,16109,NW_019863661.1_15758_16109
LOC112055942,NW_019863661.1,+,MXE_exon1,1.69E-06,0.38,15758,16138,NW_019863661.1_15758_16138
LOC112055942,NW_019863661.1,+,MXE_exon1,1.66E-06,0.381,15758,16138,NW_019863661.1_15758_16138
LOC112055942,NW_019863661.1,+,MXE_exon1,3.16E-11,0.17,15758,16138,NW_019863661.1_15758_16138
LOC112055942,NW_019863661.1,+,MXE_exon1,1.84E-06,0.379,15758,16157,NW_019863661.1_15758_16157
LOC112055942,NW_019863661.1,+,MXE_exon1,1.81E-06,0.38,15758,16157,NW_019863661.1_15758_16157
LOC112055942,NW_019863661.1,+,MXE_exon1,4.33E-11,0.17,15758,16157,NW_019863661.1_15758_16157
LOC112055942,NW_019863661.1,+,MXE_exon1,2.32E-05,-0.33,19685,20006,NW_019863661.1_19685_20006
LOC112057867,NW_019862768.1,-,MXE_exon1,0.012908132,-0.014,388503,388805,NW_019862768.1_388503_388805
LOC112057867,NW_019862768.1,-,MXE_exon1,0.016008736,-0.054,388503,388805,NW_019862768.1_388503_388805
LOC112046452,NW_019862857.1,-,MXE_exon1,8.19E-05,0.093,157941,158289,NW_019862857.1_157941_158289
LOC112046452,NW_019862857.1,-,MXE_exon1,6.95E-05,0.093,157941,158308,NW_019862857.1_157941_158308
LOC112055262,NW_019862762.1,-,MXE_exon1,0.037939178,0.013,188134,188762,NW_019862762.1_188134_188762
LOC112058168,NW_019862772.1,+,MXE_exon1,0.000335629,0.041,1624313,1624584,NW_019862772.1_1624313_1624584
LOC112055327,NW_019863501.1,+,MXE_exon1,1.33E-06,-0.026,64884,65294,NW_019863501.1_64884_65294
LOC112055327,NW_019863501.1,+,MXE_exon1,1.78E-06,-0.024,64886,65294,NW_019863501.1_64886_65294
LOC112055327,NW_019863501.1,+,MXE_exon1,1.43E-06,-0.026,64889,65294,NW_019863501.1_64889_65294
LOC112055327,NW_019863501.1,+,MXE_exon1,4.47E-07,-0.033,64994,65294,NW_019863501.1_64994_65294
LOC112042929,NW_019862782.1,+,MXE_exon1,5.27E-07,-0.561,922343,922685,NW_019862782.1_922343_922685
LOC112042935,NW_019862782.1,-,MXE_exon1,0,-0.432,1150792,1151018,NW_019862782.1_1150792_1151018
LOC112042935,NW_019862782.1,-,MXE_exon1,0,-0.444,1150792,1151018,NW_019862782.1_1150792_1151018
LOC112042935,NW_019862782.1,-,MXE_exon1,0,-0.443,1150792,1151018,NW_019862782.1_1150792_1151018
LOC112042935,NW_019862782.1,-,MXE_exon1,0,-0.756,1150792,1151036,NW_019862782.1_1150792_1151036
LOC112042935,NW_019862782.1,-,MXE_exon1,0,-0.762,1150792,1151036,NW_019862782.1_1150792_1151036
LOC112042935,NW_019862782.1,-,MXE_exon1,0,-0.76,1150792,1151036,NW_019862782.1_1150792_1151036
LOC112042935,NW_019862782.1,-,MXE_exon1,0,0.327,1151710,1152089,NW_019862782.1_1151710_1152089
LOC112042935,NW_019862782.1,-,MXE_exon1,0.039722759,0.026,1175793,1176092,NW_019862782.1_1175793_1176092
LOC112046298,NW_019862752.1,-,MXE_exon1,0.014208463,-0.198,2666877,2667193,NW_019862752.1_2666877_2667193
LOC112046298,NW_019862752.1,-,MXE_exon1,0.020510605,-0.194,2666877,2667198,NW_019862752.1_2666877_2667198
LOC112046298,NW_019862752.1,-,MXE_exon1,0.002675864,-0.226,2666877,2667284,NW_019862752.1_2666877_2667284
LOC112046298,NW_019862752.1,-,MXE_exon1,0.032168614,-0.185,2666877,2667284,NW_019862752.1_2666877_2667284
LOC112046298,NW_019862752.1,-,MXE_exon1,0.032168614,-0.185,2666877,2667284,NW_019862752.1_2666877_2667284
LOC112047120,NW_019862882.1,-,MXE_exon1,4.86E-07,0.2,757632,758093,NW_019862882.1_757632_758093
LOC112047120,NW_019862882.1,-,MXE_exon1,1.78E-07,0.258,757632,758093,NW_019862882.1_757632_758093
LOC112047120,NW_019862882.1,-,MXE_exon1,9.70E-07,0.128,757632,758093,NW_019862882.1_757632_758093
LOC112047844,NW_019862905.1,-,MXE_exon1,0.004446648,0.113,640578,640995,NW_019862905.1_640578_640995
LOC112047844,NW_019862905.1,-,MXE_exon1,0.000790242,0.007,640578,640995,NW_019862905.1_640578_640995
LOC112047844,NW_019862905.1,-,MXE_exon1,0.016182559,0.098,640578,640995,NW_019862905.1_640578_640995
LOC112057021,NW_019862764.1,+,MXE_exon1,5.09E-08,0.142,1486634,1487002,NW_019862764.1_1486634_1487002
LOC112057021,NW_019862764.1,+,MXE_exon1,5.21E-06,0.119,1486634,1487002,NW_019862764.1_1486634_1487002
LOC112048050,NW_019862754.1,-,MXE_exon1,0.03463955,-0.061,1606504,1606805,NW_019862754.1_1606504_1606805
LOC112044972,NW_019862820.1,+,MXE_exon1,0,0.152,164758,165034,NW_019862820.1_164758_165034
LOC112046122,NW_019862752.1,-,MXE_exon1,0.034158993,-0.162,1920176,1920480,NW_019862752.1_1920176_1920480
LOC112046122,NW_019862752.1,-,MXE_exon1,0.005597918,-0.09,1920180,1920480,NW_019862752.1_1920180_1920480
LOC112055365,NW_019863507.1,+,MXE_exon1,0.009238734,0.149,48390,48804,NW_019863507.1_48390_48804
LOC112055365,NW_019863507.1,+,MXE_exon1,0.037097453,-0.298,49345,49664,NW_019863507.1_49345_49664
LOC112043271,NW_019862788.1,-,MXE_exon1,7.22E-06,0.509,49614,50027,NW_019862788.1_49614_50027
LOC112045866,NW_019862842.1,+,MXE_exon1,0.025200917,-0.027,802730,803247,NW_019862842.1_802730_803247
LOC112047593,NW_019862897.1,-,MXE_exon1,5.81E-05,0.409,431018,431434,NW_019862897.1_431018_431434
LOC112047593,NW_019862897.1,-,MXE_exon1,0.001326808,0.41,431018,431434,NW_019862897.1_431018_431434
LOC112052126,NW_019863128.1,+,MXE_exon1,0.025450748,-0.253,162643,162957,NW_019863128.1_162643_162957
LOC112052126,NW_019863128.1,+,MXE_exon1,0.000359707,-0.05,162646,162957,NW_019863128.1_162646_162957
LOC112049067,NW_019862957.1,-,MXE_exon1,0.043651948,0.109,494411,494886,NW_019862957.1_494411_494886
LOC112049067,NW_019862957.1,-,MXE_exon1,0.043504191,0.105,494411,494886,NW_019862957.1_494411_494886
LOC112049067,NW_019862957.1,-,MXE_exon1,0.043504191,0.105,494411,494886,NW_019862957.1_494411_494886
LOC112054615,NW_019863384.1,-,MXE_exon1,0.004904108,-0.139,33212,33463,NW_019863384.1_33212_33463
LOC112045886,NW_019862843.1,-,MXE_exon1,0.044814452,0.132,258098,258437,NW_019862843.1_258098_258437
LOC112046693,NW_019862867.1,+,MXE_exon1,0,-0.701,672444,672719,NW_019862867.1_672444_672719
LOC112046693,NW_019862867.1,+,MXE_exon1,0,-0.847,672444,672719,NW_019862867.1_672444_672719
LOC112046693,NW_019862867.1,+,MXE_exon1,0,-0.78,672444,672719,NW_019862867.1_672444_672719
LOC112046693,NW_019862867.1,+,MXE_exon1,0,-0.78,672444,672719,NW_019862867.1_672444_672719
LOC112046693,NW_019862867.1,+,MXE_exon1,0,-0.636,672456,672719,NW_019862867.1_672456_672719
LOC112046693,NW_019862867.1,+,MXE_exon1,0,-0.42,672456,672719,NW_019862867.1_672456_672719
LOC112046693,NW_019862867.1,+,MXE_exon1,0,-0.527,672456,672719,NW_019862867.1_672456_672719
LOC112046693,NW_019862867.1,+,MXE_exon1,0,-0.526,672456,672719,NW_019862867.1_672456_672719
LOC112046693,NW_019862867.1,+,MXE_exon1,0,-0.13,672456,672719,NW_019862867.1_672456_672719
LOC112046693,NW_019862867.1,+,MXE_exon1,0,-0.172,672456,672719,NW_019862867.1_672456_672719
LOC112046693,NW_019862867.1,+,MXE_exon1,0,-0.66,672456,672750,NW_019862867.1_672456_672750
LOC112046693,NW_019862867.1,+,MXE_exon1,0,-0.824,672456,672750,NW_019862867.1_672456_672750
LOC112046693,NW_019862867.1,+,MXE_exon1,0,-0.746,672456,672750,NW_019862867.1_672456_672750
LOC112046693,NW_019862867.1,+,MXE_exon1,0,-0.746,672456,672750,NW_019862867.1_672456_672750
LOC112046693,NW_019862867.1,+,MXE_exon1,0,0.736,673743,674132,NW_019862867.1_673743_674132
LOC112046693,NW_019862867.1,+,MXE_exon1,0,0.751,673743,674132,NW_019862867.1_673743_674132
LOC112046693,NW_019862867.1,+,MXE_exon1,0,-0.359,675287,675529,NW_019862867.1_675287_675529
LOC112046693,NW_019862867.1,+,MXE_exon1,0,-0.334,675287,675631,NW_019862867.1_675287_675631
LOC112055663,NW_019863579.1,-,MXE_exon1,0,-0.182,140240,140916,NW_019863579.1_140240_140916
LOC112052849,NW_019863181.1,-,MXE_exon1,0.004253471,-0.024,156277,156668,NW_019863181.1_156277_156668
LOC112051410,NW_019863081.1,+,MXE_exon1,1.25E-09,-0.716,371245,371591,NW_019863081.1_371245_371591
LOC112051410,NW_019863081.1,+,MXE_exon1,4.13E-06,-0.726,371245,371591,NW_019863081.1_371245_371591
LOC112051410,NW_019863081.1,+,MXE_exon1,3.19E-10,-0.605,371257,371591,NW_019863081.1_371257_371591
LOC112051410,NW_019863081.1,+,MXE_exon1,2.53E-08,-0.659,371257,371591,NW_019863081.1_371257_371591
LOC112051410,NW_019863081.1,+,MXE_exon1,8.82E-10,-0.714,371261,371591,NW_019863081.1_371261_371591
LOC112051410,NW_019863081.1,+,MXE_exon1,3.13E-06,-0.729,371261,371591,NW_019863081.1_371261_371591
LOC112045821,NW_019862841.1,-,MXE_exon1,0.019873981,0.34,88775,89091,NW_019862841.1_88775_89091
LOC112043756,NW_019862796.1,-,MXE_exon1,0.000828267,0.078,1274215,1274535,NW_019862796.1_1274215_1274535
LOC112045232,NW_019862827.1,+,MXE_exon1,0.017167107,0.051,109914,110121,NW_019862827.1_109914_110121
LOC112046979,NW_019862879.1,+,MXE_exon1,0.003305561,0.112,108038,108370,NW_019862879.1_108038_108370
LOC112046979,NW_019862879.1,+,MXE_exon1,0.003352645,0.11,108038,108370,NW_019862879.1_108038_108370
LOC112047770,NW_019862904.1,+,MXE_exon1,0.004121652,0.052,1007784,1008102,NW_019862904.1_1007784_1008102
LOC112047845,NW_019862906.1,+,MXE_exon1,0.026118093,-0.126,31325,31639,NW_019862906.1_31325_31639
LOC112047845,NW_019862906.1,+,MXE_exon1,0.033057773,-0.134,31325,31639,NW_019862906.1_31325_31639
LOC112053231,NW_019863219.1,-,MXE_exon1,0.000101482,0.09,69033,69466,NW_019863219.1_69033_69466
LOC112050604,NW_019863032.1,-,MXE_exon1,9.78E-05,0.024,64369,64703,NW_019863032.1_64369_64703
LOC112050604,NW_019863032.1,-,MXE_exon1,1.45E-07,0.038,64369,64703,NW_019863032.1_64369_64703
LOC112050604,NW_019863032.1,-,MXE_exon1,2.01E-05,0.027,64403,64703,NW_019863032.1_64403_64703
LOC112050604,NW_019863032.1,-,MXE_exon1,3.63E-08,0.044,64403,64703,NW_019863032.1_64403_64703
LOC112050604,NW_019863032.1,-,MXE_exon1,4.36E-14,0.059,64458,64703,NW_019863032.1_64458_64703
LOC112050604,NW_019863032.1,-,MXE_exon1,7.74E-14,0.092,64458,64703,NW_019863032.1_64458_64703
LOC112053291,NW_019863225.1,-,MXE_exon1,0.004407989,0.088,121513,121901,NW_019863225.1_121513_121901
LOC112053291,NW_019863225.1,-,MXE_exon1,2.07E-10,-0.107,122273,122601,NW_019863225.1_122273_122601
LOC112053291,NW_019863225.1,-,MXE_exon1,3.42E-09,-0.188,122273,122604,NW_019863225.1_122273_122604
LOC112053291,NW_019863225.1,-,MXE_exon1,5.12E-06,-0.148,122273,122604,NW_019863225.1_122273_122604
LOC112053291,NW_019863225.1,-,MXE_exon1,9.17E-15,-0.195,122276,122601,NW_019863225.1_122276_122601
LOC112053291,NW_019863225.1,-,MXE_exon1,3.06E-09,-0.154,122276,122601,NW_019863225.1_122276_122601
LOC112044618,NW_019862813.1,-,MXE_exon1,0.025695202,0.1,132431,132760,NW_019862813.1_132431_132760
LOC112051025,NW_019863057.1,-,MXE_exon1,1.86E-09,0.215,258749,259404,NW_019863057.1_258749_259404
LOC112046108,NW_019862848.1,+,MXE_exon1,4.03E-06,-0.105,332546,333012,NW_019862848.1_332546_333012
LOC112046108,NW_019862848.1,+,MXE_exon1,5.43E-06,-0.054,332573,333012,NW_019862848.1_332573_333012
LOC112046108,NW_019862848.1,+,MXE_exon1,2.99E-06,-0.105,332578,333012,NW_019862848.1_332578_333012
LOC112057756,NW_019862766.1,-,MXE_exon1,0.001116351,0.012,160503,160960,NW_019862766.1_160503_160960
LOC112057756,NW_019862766.1,-,MXE_exon1,0.000235274,0.013,160505,160960,NW_019862766.1_160505_160960
LOC112057756,NW_019862766.1,-,MXE_exon1,0.001843893,0.011,160508,160960,NW_019862766.1_160508_160960
LOC112053170,NW_019863214.1,-,MXE_exon1,5.35E-07,-0.547,180920,181216,NW_019863214.1_180920_181216
LOC112053170,NW_019863214.1,-,MXE_exon1,2.18E-08,-0.533,180920,181216,NW_019863214.1_180920_181216
LOC112053170,NW_019863214.1,-,MXE_exon1,5.21E-08,-0.351,180920,181216,NW_019863214.1_180920_181216
LOC112053170,NW_019863214.1,-,MXE_exon1,1.38E-08,-0.566,180920,181216,NW_019863214.1_180920_181216
LOC112053170,NW_019863214.1,-,MXE_exon1,9.38E-14,-0.573,180920,181216,NW_019863214.1_180920_181216
LOC112053170,NW_019863214.1,-,MXE_exon1,0,-0.618,180920,181216,NW_019863214.1_180920_181216
LOC112053170,NW_019863214.1,-,MXE_exon1,6.27E-11,-0.214,180920,181216,NW_019863214.1_180920_181216
LOC112053170,NW_019863214.1,-,MXE_exon1,1.69E-10,-0.389,180920,181216,NW_019863214.1_180920_181216
LOC112053170,NW_019863214.1,-,MXE_exon1,8.58E-14,-0.308,180920,181216,NW_019863214.1_180920_181216
LOC112053170,NW_019863214.1,-,MXE_exon1,0,-0.149,180920,181216,NW_019863214.1_180920_181216
LOC112053170,NW_019863214.1,-,MXE_exon1,1.31E-05,-0.497,180920,181235,NW_019863214.1_180920_181235
LOC112053170,NW_019863214.1,-,MXE_exon1,5.89E-09,-0.486,180920,181235,NW_019863214.1_180920_181235
LOC112053170,NW_019863214.1,-,MXE_exon1,2.01E-13,-0.621,180920,181235,NW_019863214.1_180920_181235
LOC112053170,NW_019863214.1,-,MXE_exon1,7.15E-07,-0.143,180920,181235,NW_019863214.1_180920_181235
LOC112053170,NW_019863214.1,-,MXE_exon1,5.36E-07,-0.291,180920,181235,NW_019863214.1_180920_181235
LOC112053170,NW_019863214.1,-,MXE_exon1,3.66E-09,-0.227,180920,181235,NW_019863214.1_180920_181235
LOC112053170,NW_019863214.1,-,MXE_exon1,4.55E-11,-0.1,180920,181235,NW_019863214.1_180920_181235
LOC112053170,NW_019863214.1,-,MXE_exon1,7.27E-06,-0.497,180920,181285,NW_019863214.1_180920_181285
LOC112053170,NW_019863214.1,-,MXE_exon1,2.84E-09,-0.483,180920,181285,NW_019863214.1_180920_181285
LOC112053170,NW_019863214.1,-,MXE_exon1,2.65E-14,-0.626,180920,181285,NW_019863214.1_180920_181285
LOC112053170,NW_019863214.1,-,MXE_exon1,1.22E-07,-0.14,180920,181285,NW_019863214.1_180920_181285
LOC112053170,NW_019863214.1,-,MXE_exon1,7.78E-08,-0.289,180920,181285,NW_019863214.1_180920_181285
LOC112053170,NW_019863214.1,-,MXE_exon1,5.37E-10,-0.223,180920,181285,NW_019863214.1_180920_181285
LOC112053170,NW_019863214.1,-,MXE_exon1,2.76E-12,-0.097,180920,181285,NW_019863214.1_180920_181285
LOC112053170,NW_019863214.1,-,MXE_exon1,0.026312919,0.148,183209,183514,NW_019863214.1_183209_183514
LOC112053170,NW_019863214.1,-,MXE_exon1,4.62E-06,0.073,183211,183514,NW_019863214.1_183211_183514
LOC112053170,NW_019863214.1,-,MXE_exon1,2.01E-05,0.128,183211,183514,NW_019863214.1_183211_183514
LOC112053170,NW_019863214.1,-,MXE_exon1,0.000205422,0.055,183211,183514,NW_019863214.1_183211_183514
LOC112053170,NW_019863214.1,-,MXE_exon1,0.001175235,0.027,183211,183514,NW_019863214.1_183211_183514
LOC112055996,NW_019863677.1,+,MXE_exon1,4.12E-05,0.438,67909,68166,NW_019863677.1_67909_68166
LOC112055996,NW_019863677.1,+,MXE_exon1,0.003377915,0.424,67909,68166,NW_019863677.1_67909_68166
LOC112055996,NW_019863677.1,+,MXE_exon1,0.005737733,0.413,67909,68166,NW_019863677.1_67909_68166
LOC112055996,NW_019863677.1,+,MXE_exon1,0.004392126,0.374,67909,68166,NW_019863677.1_67909_68166
LOC112055996,NW_019863677.1,+,MXE_exon1,0.005246621,0.347,67909,68199,NW_019863677.1_67909_68199
LOC112055996,NW_019863677.1,+,MXE_exon1,0.002113313,0.369,67909,68199,NW_019863677.1_67909_68199
LOC112055996,NW_019863677.1,+,MXE_exon1,0.006083526,0.335,67909,68199,NW_019863677.1_67909_68199
LOC112055996,NW_019863677.1,+,MXE_exon1,0.02801106,0.3,67909,68199,NW_019863677.1_67909_68199
LOC112055996,NW_019863677.1,+,MXE_exon1,0.001991411,0.344,67909,68199,NW_019863677.1_67909_68199
LOC112055996,NW_019863677.1,+,MXE_exon1,0.043582084,0.312,67909,68199,NW_019863677.1_67909_68199
LOC112054727,NW_019863402.1,-,MXE_exon1,0.031760411,0.038,65814,66058,NW_019863402.1_65814_66058
LOC112054727,NW_019863402.1,-,MXE_exon1,2.95E-05,0.118,65814,66058,NW_019863402.1_65814_66058
LOC112050490,NW_019863025.1,+,MXE_exon1,0.000618784,-0.104,185904,186218,NW_019863025.1_185904_186218
LOC112050490,NW_019863025.1,+,MXE_exon1,0.000698845,-0.106,185904,186218,NW_019863025.1_185904_186218
nbis-pseudo177,NW_019862773.1,-,MXE_exon1,9.63E-07,-0.097,708809,709164,NW_019862773.1_708809_709164
LOC112051327,NW_019863075.1,+,MXE_exon1,2.90E-06,0.104,336928,337342,NW_019863075.1_336928_337342
LOC112051327,NW_019863075.1,+,MXE_exon1,0.0205167,0.083,336928,337342,NW_019863075.1_336928_337342
LOC112054561,NW_019863375.1,+,MXE_exon1,0.000481569,0.079,166231,166532,NW_019863375.1_166231_166532
LOC112056355,NW_019863786.1,+,MXE_exon1,1.55E-05,0.187,33309,33643,NW_019863786.1_33309_33643
LOC112056355,NW_019863786.1,+,MXE_exon1,1.15E-06,0.306,33309,33740,NW_019863786.1_33309_33740
LOC112056355,NW_019863786.1,+,MXE_exon1,1.15E-06,0.306,33309,33865,NW_019863786.1_33309_33865
LOC112056355,NW_019863786.1,+,MXE_exon1,0.001086194,0.385,33311,33643,NW_019863786.1_33311_33643
LOC112050718,NW_019863039.1,+,MXE_exon1,0.007604384,-0.1,180671,180972,NW_019863039.1_180671_180972
LOC112043675,NW_019862794.1,-,MXE_exon1,0.034639245,-0.209,1288951,1289293,NW_019862794.1_1288951_1289293
LOC112043675,NW_019862794.1,-,MXE_exon1,0.000204442,-0.081,1289077,1289293,NW_019862794.1_1289077_1289293
LOC112043675,NW_019862794.1,-,MXE_exon1,0.000352894,-0.059,1289077,1289293,NW_019862794.1_1289077_1289293
LOC112043675,NW_019862794.1,-,MXE_exon1,0.000397053,-0.054,1289077,1289293,NW_019862794.1_1289077_1289293
LOC112043675,NW_019862794.1,-,MXE_exon1,0.009307761,-0.032,1289077,1289313,NW_019862794.1_1289077_1289313
LOC112044245,NW_019862805.1,-,MXE_exon1,0.000109965,0.051,1014174,1014714,NW_019862805.1_1014174_1014714
LOC112044245,NW_019862805.1,-,MXE_exon1,0.000110418,0.051,1014207,1014714,NW_019862805.1_1014207_1014714
LOC112044245,NW_019862805.1,-,MXE_exon1,0,0.198,1014434,1014714,NW_019862805.1_1014434_1014714
LOC112052870,NW_019863183.1,-,MXE_exon1,0.000593283,-0.407,113714,114034,NW_019863183.1_113714_114034
LOC112048533,NW_019862934.1,-,MXE_exon1,5.94E-10,0.495,176221,176499,NW_019862934.1_176221_176499
LOC112048533,NW_019862934.1,-,MXE_exon1,4.74E-07,-0.393,179229,179528,NW_019862934.1_179229_179528
LOC112047455,NW_019862894.1,+,MXE_exon1,0.040322287,-0.099,530653,530938,NW_019862894.1_530653_530938
LOC112051355,NW_019863077.1,-,MXE_exon1,3.14E-05,0.355,29361,29633,NW_019863077.1_29361_29633
LOC112051355,NW_019863077.1,-,MXE_exon1,9.45E-05,0.359,29361,29633,NW_019863077.1_29361_29633
LOC112051355,NW_019863077.1,-,MXE_exon1,5.44E-06,0.434,29361,29633,NW_019863077.1_29361_29633
LOC112047485,NW_019862894.1,-,MXE_exon1,0.042276088,0.07,901513,901875,NW_019862894.1_901513_901875
LOC112047476,NW_019862894.1,-,MXE_exon1,1.02E-13,0.25,1091803,1092224,NW_019862894.1_1091803_1092224
LOC112054183,NW_019863326.1,+,MXE_exon1,0.012748696,-0.331,139287,139636,NW_019863326.1_139287_139636
LOC112051386,NW_019863079.1,+,MXE_exon1,1.78E-14,-0.026,69567,69944,NW_019863079.1_69567_69944
LOC112051386,NW_019863079.1,+,MXE_exon1,1.78E-14,-0.026,69567,69944,NW_019863079.1_69567_69944
LOC112051386,NW_019863079.1,+,MXE_exon1,0,-0.027,69567,69944,NW_019863079.1_69567_69944
LOC112051386,NW_019863079.1,+,MXE_exon1,1.78E-14,-0.026,69567,69944,NW_019863079.1_69567_69944
LOC112051386,NW_019863079.1,+,MXE_exon1,1.78E-14,-0.026,69567,69944,NW_019863079.1_69567_69944
LOC112048439,NW_019862930.1,-,MXE_exon1,0.042800655,-0.071,357069,357317,NW_019862930.1_357069_357317
LOC112054767,NW_019863408.1,+,MXE_exon1,3.86E-06,0.302,136129,136521,NW_019863408.1_136129_136521
LOC112054767,NW_019863408.1,+,MXE_exon1,0,0.236,136129,136521,NW_019863408.1_136129_136521
LOC112056304,NW_019863763.1,-,MXE_exon1,4.34E-09,-0.518,44299,44635,NW_019863763.1_44299_44635
LOC112056304,NW_019863763.1,-,MXE_exon1,0,-0.645,44299,44635,NW_019863763.1_44299_44635
LOC112056304,NW_019863763.1,-,MXE_exon1,0,-0.646,44299,44635,NW_019863763.1_44299_44635
LOC112056304,NW_019863763.1,-,MXE_exon1,0,-0.623,44299,44635,NW_019863763.1_44299_44635
LOC112056304,NW_019863763.1,-,MXE_exon1,0,-0.496,44299,44635,NW_019863763.1_44299_44635
LOC112056304,NW_019863763.1,-,MXE_exon1,1.86E-13,-0.426,44299,44655,NW_019863763.1_44299_44655
LOC112056304,NW_019863763.1,-,MXE_exon1,2.57E-13,-0.426,44299,44655,NW_019863763.1_44299_44655
LOC112056304,NW_019863763.1,-,MXE_exon1,1.78E-14,-0.429,44299,44691,NW_019863763.1_44299_44691
LOC112056304,NW_019863763.1,-,MXE_exon1,2.65E-14,-0.428,44299,44691,NW_019863763.1_44299_44691
LOC112050737,NW_019863039.1,-,MXE_exon1,0.001167158,0.025,237447,237713,NW_019863039.1_237447_237713
LOC112050737,NW_019863039.1,-,MXE_exon1,7.96E-05,0.084,237447,237713,NW_019863039.1_237447_237713
LOC112050737,NW_019863039.1,-,MXE_exon1,8.24E-05,0.089,237447,237713,NW_019863039.1_237447_237713
LOC112050737,NW_019863039.1,-,MXE_exon1,8.75E-05,0.093,237447,237713,NW_019863039.1_237447_237713
LOC112050705,NW_019863039.1,+,MXE_exon1,0.000655062,0.139,253673,253951,NW_019863039.1_253673_253951
LOC112050705,NW_019863039.1,+,MXE_exon1,0.000610685,0.14,253673,253951,NW_019863039.1_253673_253951
LOC112050705,NW_019863039.1,+,MXE_exon1,5.55E-05,0.108,253673,253951,NW_019863039.1_253673_253951
LOC112043377,NW_019862789.1,+,MXE_exon1,0.003516261,-0.04,853267,853557,NW_019862789.1_853267_853557
LOC112048047,NW_019862914.1,-,MXE_exon1,0.006245291,0.175,450721,451011,NW_019862914.1_450721_451011
LOC112048046,NW_019862914.1,+,MXE_exon1,0.029742878,0.128,486002,486269,NW_019862914.1_486002_486269
LOC112048046,NW_019862914.1,+,MXE_exon1,0.013146208,0.144,486002,486269,NW_019862914.1_486002_486269
LOC112045692,NW_019862838.1,+,MXE_exon1,0.001156471,-0.382,132881,133200,NW_019862838.1_132881_133200
LOC112056791,NW_019862764.1,-,MXE_exon1,0.002207553,-0.127,142388,142628,NW_019862764.1_142388_142628
LOC112056791,NW_019862764.1,-,MXE_exon1,0.000316024,-0.046,146411,146695,NW_019862764.1_146411_146695
LOC112056791,NW_019862764.1,-,MXE_exon1,0.000417592,-0.109,146411,146695,NW_019862764.1_146411_146695
LOC112056791,NW_019862764.1,-,MXE_exon1,0.000552749,-0.058,146411,146695,NW_019862764.1_146411_146695
LOC112056937,NW_019862764.1,+,MXE_exon1,0.000391341,-0.107,1062082,1062412,NW_019862764.1_1062082_1062412
LOC112056937,NW_019862764.1,+,MXE_exon1,0.000391341,-0.107,1062082,1062412,NW_019862764.1_1062082_1062412
LOC112057906,NW_019862768.1,-,MXE_exon1,0.000550126,0.287,1848537,1848886,NW_019862768.1_1848537_1848886
LOC112057906,NW_019862768.1,-,MXE_exon1,0.000661542,0.268,1848537,1848886,NW_019862768.1_1848537_1848886
LOC112057906,NW_019862768.1,-,MXE_exon1,0.000349971,0.294,1848538,1848886,NW_019862768.1_1848538_1848886
LOC112057906,NW_019862768.1,-,MXE_exon1,0.00042975,0.275,1848538,1848886,NW_019862768.1_1848538_1848886
LOC112056078,NW_019863697.1,+,MXE_exon1,1.85E-05,-0.022,11605,11996,NW_019863697.1_11605_11996
LOC112052748,NW_019863172.1,+,MXE_exon1,0.000253196,0.203,261589,261854,NW_019863172.1_261589_261854
LOC112049660,NW_019862756.1,+,MXE_exon1,0,0.228,183818,184184,NW_019862756.1_183818_184184
LOC112049660,NW_019862756.1,+,MXE_exon1,1.78E-14,0.222,183860,184184,NW_019862756.1_183860_184184
LOC112054875,NW_019863427.1,+,MXE_exon1,0.001669433,0.309,101746,102113,NW_019863427.1_101746_102113
LOC112043471,NW_019862791.1,-,MXE_exon1,0.002912707,-0.088,378863,379103,NW_019862791.1_378863_379103
LOC112057294,NW_019862764.1,-,MXE_exon1,0,0.169,2261433,2261714,NW_019862764.1_2261433_2261714
LOC112057294,NW_019862764.1,-,MXE_exon1,0,0.078,2261433,2261714,NW_019862764.1_2261433_2261714
LOC112057294,NW_019862764.1,-,MXE_exon1,0,0.149,2261433,2261714,NW_019862764.1_2261433_2261714
LOC112057294,NW_019862764.1,-,MXE_exon1,0,0.155,2261433,2261714,NW_019862764.1_2261433_2261714
LOC112057294,NW_019862764.1,-,MXE_exon1,0,0.156,2261433,2261714,NW_019862764.1_2261433_2261714
LOC112057294,NW_019862764.1,-,MXE_exon1,0,0.165,2261433,2261714,NW_019862764.1_2261433_2261714
LOC112057294,NW_019862764.1,-,MXE_exon1,3.66E-11,0.261,2261433,2261749,NW_019862764.1_2261433_2261749
LOC112057294,NW_019862764.1,-,MXE_exon1,5.99E-13,0.237,2261433,2261749,NW_019862764.1_2261433_2261749
LOC112057294,NW_019862764.1,-,MXE_exon1,1.56E-12,0.245,2261433,2261749,NW_019862764.1_2261433_2261749
LOC112057294,NW_019862764.1,-,MXE_exon1,2.65E-13,0.247,2261433,2261749,NW_019862764.1_2261433_2261749
LOC112057294,NW_019862764.1,-,MXE_exon1,2.80E-13,0.258,2261433,2261749,NW_019862764.1_2261433_2261749
LOC112046511,NW_019862859.1,+,MXE_exon1,0.029027351,-0.067,485255,485580,NW_019862859.1_485255_485580
LOC112048712,NW_019862941.1,+,MXE_exon1,0.002550269,-0.202,270658,270973,NW_019862941.1_270658_270973
LOC112055427,NW_019863522.1,-,MXE_exon1,0.00871569,-0.104,74793,75175,NW_019863522.1_74793_75175
LOC112055427,NW_019863522.1,-,MXE_exon1,0.010018907,-0.121,74889,75175,NW_019863522.1_74889_75175
LOC112055427,NW_019863522.1,-,MXE_exon1,0.000513559,-0.166,74889,75175,NW_019863522.1_74889_75175
LOC112055427,NW_019863522.1,-,MXE_exon1,0.003891649,-0.086,79399,79679,NW_019863522.1_79399_79679
LOC112055427,NW_019863522.1,-,MXE_exon1,0.003039827,-0.089,79399,79679,NW_019863522.1_79399_79679
LOC112051756,NW_019863101.1,-,MXE_exon1,9.13E-05,0.331,26825,27146,NW_019863101.1_26825_27146
LOC112056217,NW_019863736.1,-,MXE_exon1,0.039715006,0.339,68675,68932,NW_019863736.1_68675_68932
LOC112051953,NW_019863115.1,+,MXE_exon1,0.000106844,0.185,174231,174549,NW_019863115.1_174231_174549
LOC112051953,NW_019863115.1,+,MXE_exon1,0.011075198,0.125,174231,174636,NW_019863115.1_174231_174636
LOC112053895,NW_019863292.1,-,MXE_exon1,1.06E-09,0.1,32116,32438,NW_019863292.1_32116_32438
LOC112053895,NW_019863292.1,-,MXE_exon1,0.03333718,0.258,32116,32581,NW_019863292.1_32116_32581
LOC112053895,NW_019863292.1,-,MXE_exon1,5.61E-10,0.146,32116,32581,NW_019863292.1_32116_32581
LOC112053895,NW_019863292.1,-,MXE_exon1,0.007387855,0.388,32116,32724,NW_019863292.1_32116_32724
LOC112053895,NW_019863292.1,-,MXE_exon1,9.25E-12,0.068,32116,32724,NW_019863292.1_32116_32724
LOC112053895,NW_019863292.1,-,MXE_exon1,0.043434332,0.231,32259,32581,NW_019863292.1_32259_32581
LOC112053895,NW_019863292.1,-,MXE_exon1,1.52E-05,0.112,32259,32581,NW_019863292.1_32259_32581
LOC112053886,NW_019863292.1,+,MXE_exon1,0,-0.132,114925,115569,NW_019863292.1_114925_115569
LOC112053886,NW_019863292.1,+,MXE_exon1,0,0.143,155863,156202,NW_019863292.1_155863_156202
LOC112053886,NW_019863292.1,+,MXE_exon1,0,0.17,155863,156202,NW_019863292.1_155863_156202
LOC112053886,NW_019863292.1,+,MXE_exon1,0,0.171,155863,156202,NW_019863292.1_155863_156202
LOC112053886,NW_019863292.1,+,MXE_exon1,0,0.143,155863,156202,NW_019863292.1_155863_156202
LOC112058419,NW_019862776.1,-,MXE_exon1,0.019418976,-0.014,774818,775431,NW_019862776.1_774818_775431
LOC112058418,NW_019862776.1,-,MXE_exon1,2.95E-06,-0.041,800904,801267,NW_019862776.1_800904_801267
LOC112058418,NW_019862776.1,-,MXE_exon1,3.64E-06,-0.04,800908,801267,NW_019862776.1_800908_801267
LOC112058418,NW_019862776.1,-,MXE_exon1,0,-0.544,800912,801267,NW_019862776.1_800912_801267
LOC112058418,NW_019862776.1,-,MXE_exon1,3.66E-06,-0.04,800913,801267,NW_019862776.1_800913_801267
LOC112058418,NW_019862776.1,-,MXE_exon1,1.05E-05,-0.038,800918,801267,NW_019862776.1_800918_801267
LOC112058418,NW_019862776.1,-,MXE_exon1,0.000145809,-0.033,800957,801267,NW_019862776.1_800957_801267
LOC112054150,NW_019863325.1,+,MXE_exon1,0.002866469,-0.227,251445,251810,NW_019863325.1_251445_251810
LOC112057884,NW_019862768.1,+,MXE_exon1,0.003135582,-0.099,1054629,1054980,NW_019862768.1_1054629_1054980
LOC112057907,NW_019862768.1,-,MXE_exon1,0.034328297,0.073,1861849,1862337,NW_019862768.1_1861849_1862337
LOC112057907,NW_019862768.1,-,MXE_exon1,0.030185108,0.074,1861849,1862337,NW_019862768.1_1861849_1862337
LOC112057907,NW_019862768.1,-,MXE_exon1,0.031792308,0.074,1861966,1862337,NW_019862768.1_1861966_1862337
LOC112057907,NW_019862768.1,-,MXE_exon1,0.02801106,0.075,1861966,1862337,NW_019862768.1_1861966_1862337
LOC112057907,NW_019862768.1,-,MXE_exon1,0.034117257,0.072,1861983,1862337,NW_019862768.1_1861983_1862337
LOC112057907,NW_019862768.1,-,MXE_exon1,0.029915961,0.073,1861983,1862337,NW_019862768.1_1861983_1862337
LOC112057907,NW_019862768.1,-,MXE_exon1,0.039698312,0.048,1862026,1862337,NW_019862768.1_1862026_1862337
LOC112057907,NW_019862768.1,-,MXE_exon1,0.031792308,0.048,1862026,1862337,NW_019862768.1_1862026_1862337
LOC112054900,NW_019863429.1,+,MXE_exon1,0.000213707,0.523,83503,83766,NW_019863429.1_83503_83766
LOC112054900,NW_019863429.1,+,MXE_exon1,4.59E-06,0.649,83503,83766,NW_019863429.1_83503_83766
LOC112047003,NW_019862880.1,-,MXE_exon1,0.007037274,-0.017,430440,430912,NW_019862880.1_430440_430912
LOC112053882,NW_019863291.1,+,MXE_exon1,0.026247582,0.095,139332,139552,NW_019863291.1_139332_139552
LOC112049089,NW_019862958.1,+,MXE_exon1,2.13E-12,0.116,7148,7481,NW_019862958.1_7148_7481
LOC112049089,NW_019862958.1,+,MXE_exon1,0,0.074,7148,7481,NW_019862958.1_7148_7481
LOC112049089,NW_019862958.1,+,MXE_exon1,5.70E-13,0.118,7148,7481,NW_019862958.1_7148_7481
LOC112049089,NW_019862958.1,+,MXE_exon1,1.07E-12,0.122,7148,7481,NW_019862958.1_7148_7481
LOC112049089,NW_019862958.1,+,MXE_exon1,1.07E-12,0.122,7148,7481,NW_019862958.1_7148_7481
LOC112053720,NW_019863276.1,-,MXE_exon1,0,-0.719,170553,170795,NW_019863276.1_170553_170795
LOC112053720,NW_019863276.1,-,MXE_exon1,0,-0.734,170553,170795,NW_019863276.1_170553_170795
LOC112048345,NW_019862926.1,+,MXE_exon1,0.001261482,-0.076,6680,7015,NW_019862926.1_6680_7015
LOC112048342,NW_019862926.1,+,MXE_exon1,0.000362796,0.169,212366,212961,NW_019862926.1_212366_212961
LOC112048342,NW_019862926.1,+,MXE_exon1,0.001015996,0.108,212366,212961,NW_019862926.1_212366_212961
LOC112048342,NW_019862926.1,+,MXE_exon1,0.041994214,0.041,212522,212961,NW_019862926.1_212522_212961
LOC112048342,NW_019862926.1,+,MXE_exon1,0.010611499,0.06,212587,212961,NW_019862926.1_212587_212961
LOC112054484,NW_019863363.1,-,MXE_exon1,0,-0.639,23595,24166,NW_019863363.1_23595_24166
LOC112054484,NW_019863363.1,-,MXE_exon1,0,-0.646,23595,24166,NW_019863363.1_23595_24166
LOC112054484,NW_019863363.1,-,MXE_exon1,0,-0.671,23595,24166,NW_019863363.1_23595_24166
LOC112054484,NW_019863363.1,-,MXE_exon1,0,-0.719,23777,24166,NW_019863363.1_23777_24166
LOC112054484,NW_019863363.1,-,MXE_exon1,0,-0.719,23777,24166,NW_019863363.1_23777_24166
LOC112054484,NW_019863363.1,-,MXE_exon1,0,-0.74,23777,24166,NW_019863363.1_23777_24166
LOC112046714,NW_019862869.1,-,MXE_exon1,9.42E-07,-0.022,203820,204290,NW_019862869.1_203820_204290
LOC112046714,NW_019862869.1,-,MXE_exon1,0.00048133,-0.016,203852,204218,NW_019862869.1_203852_204218
LOC112046714,NW_019862869.1,-,MXE_exon1,0.000441006,-0.017,203852,204221,NW_019862869.1_203852_204221
LOC112046714,NW_019862869.1,-,MXE_exon1,0.000369242,-0.017,203852,204286,NW_019862869.1_203852_204286
LOC112046714,NW_019862869.1,-,MXE_exon1,9.42E-07,-0.022,203853,204290,NW_019862869.1_203853_204290
LOC112046714,NW_019862869.1,-,MXE_exon1,9.59E-07,-0.022,203936,204290,NW_019862869.1_203936_204290
LOC112058072,NW_019862771.1,+,MXE_exon1,0.012319512,-0.026,499915,500643,NW_019862771.1_499915_500643
LOC112049644,NW_019862982.1,-,MXE_exon1,2.20E-09,0.352,392301,392639,NW_019862982.1_392301_392639
LOC112050980,NW_019862757.1,+,MXE_exon1,0.03485784,0.49,97656,98012,NW_019862757.1_97656_98012
LOC112050980,NW_019862757.1,+,MXE_exon1,1.19E-06,0.713,97656,98012,NW_019862757.1_97656_98012
LOC112050980,NW_019862757.1,+,MXE_exon1,0.03485784,0.49,97656,98012,NW_019862757.1_97656_98012
LOC112050521,NW_019863027.1,+,MXE_exon1,1.40E-05,-0.128,80108,80371,NW_019863027.1_80108_80371
LOC112055897,NW_019863653.1,+,MXE_exon1,2.21E-09,0.412,78352,78705,NW_019863653.1_78352_78705
LOC112055897,NW_019863653.1,+,MXE_exon1,1.55E-08,0.494,79006,79450,NW_019863653.1_79006_79450
LOC112047813,NW_019862904.1,+,MXE_exon1,1.31E-07,-0.116,968343,968613,NW_019862904.1_968343_968613
LOC112047254,NW_019862886.1,+,MXE_exon1,3.27E-06,-0.548,759659,759976,NW_019862886.1_759659_759976
LOC112055815,NW_019863623.1,-,MXE_exon1,0.000492498,-0.094,12376,12749,NW_019863623.1_12376_12749
LOC112055815,NW_019863623.1,-,MXE_exon1,5.99E-12,-0.277,12376,12749,NW_019863623.1_12376_12749
LOC112055815,NW_019863623.1,-,MXE_exon1,5.34E-08,-0.185,12376,12749,NW_019863623.1_12376_12749
LOC112055815,NW_019863623.1,-,MXE_exon1,9.17E-07,-0.163,12376,12749,NW_019863623.1_12376_12749
LOC112055815,NW_019863623.1,-,MXE_exon1,3.94E-11,-0.248,12376,12749,NW_019863623.1_12376_12749
LOC112055815,NW_019863623.1,-,MXE_exon1,5.89E-05,-0.265,12376,12749,NW_019863623.1_12376_12749
LOC112055815,NW_019863623.1,-,MXE_exon1,0.001511554,-0.173,12376,12749,NW_019863623.1_12376_12749
LOC112055815,NW_019863623.1,-,MXE_exon1,1.49E-08,-0.204,12376,12749,NW_019863623.1_12376_12749
LOC112055815,NW_019863623.1,-,MXE_exon1,4.45E-06,-0.281,12376,12749,NW_019863623.1_12376_12749
LOC112055815,NW_019863623.1,-,MXE_exon1,0.000205339,-0.197,12376,12749,NW_019863623.1_12376_12749
LOC112055815,NW_019863623.1,-,MXE_exon1,5.83E-06,-0.228,12376,12749,NW_019863623.1_12376_12749
LOC112055815,NW_019863623.1,-,MXE_exon1,0.000370601,-0.254,12376,12749,NW_019863623.1_12376_12749
LOC112055815,NW_019863623.1,-,MXE_exon1,0.005427277,-0.167,12376,12749,NW_019863623.1_12376_12749
LOC112055815,NW_019863623.1,-,MXE_exon1,0.000834364,-0.056,12376,12870,NW_019863623.1_12376_12870
LOC112055815,NW_019863623.1,-,MXE_exon1,3.22E-11,-0.184,12376,12870,NW_019863623.1_12376_12870
LOC112055815,NW_019863623.1,-,MXE_exon1,3.47E-07,-0.117,12376,12870,NW_019863623.1_12376_12870
LOC112055815,NW_019863623.1,-,MXE_exon1,4.47E-06,-0.103,12376,12870,NW_019863623.1_12376_12870
LOC112055815,NW_019863623.1,-,MXE_exon1,3.20E-10,-0.165,12376,12870,NW_019863623.1_12376_12870
LOC112055815,NW_019863623.1,-,MXE_exon1,0.001172348,-0.105,12376,12870,NW_019863623.1_12376_12870
LOC112055815,NW_019863623.1,-,MXE_exon1,2.67E-06,-0.198,12376,12870,NW_019863623.1_12376_12870
LOC112055815,NW_019863623.1,-,MXE_exon1,5.95E-06,-0.153,12376,12870,NW_019863623.1_12376_12870
LOC112055815,NW_019863623.1,-,MXE_exon1,0.00702542,-0.103,12376,12870,NW_019863623.1_12376_12870
LOC112055815,NW_019863623.1,-,MXE_exon1,0.000458683,-0.094,12376,12886,NW_019863623.1_12376_12886
LOC112055815,NW_019863623.1,-,MXE_exon1,5.09E-12,-0.277,12376,12886,NW_019863623.1_12376_12886
LOC112055815,NW_019863623.1,-,MXE_exon1,4.97E-08,-0.185,12376,12886,NW_019863623.1_12376_12886
LOC112055815,NW_019863623.1,-,MXE_exon1,8.67E-07,-0.163,12376,12886,NW_019863623.1_12376_12886
LOC112055815,NW_019863623.1,-,MXE_exon1,3.49E-11,-0.248,12376,12886,NW_019863623.1_12376_12886
LOC112055815,NW_019863623.1,-,MXE_exon1,4.90E-05,-0.266,12376,12886,NW_019863623.1_12376_12886
LOC112055815,NW_019863623.1,-,MXE_exon1,0.001377096,-0.173,12376,12886,NW_019863623.1_12376_12886
LOC112055815,NW_019863623.1,-,MXE_exon1,1.39E-08,-0.204,12376,12886,NW_019863623.1_12376_12886
LOC112055815,NW_019863623.1,-,MXE_exon1,3.87E-06,-0.281,12376,12886,NW_019863623.1_12376_12886
LOC112055815,NW_019863623.1,-,MXE_exon1,0.000184221,-0.197,12376,12886,NW_019863623.1_12376_12886
LOC112055815,NW_019863623.1,-,MXE_exon1,5.12E-06,-0.229,12376,12886,NW_019863623.1_12376_12886
LOC112055815,NW_019863623.1,-,MXE_exon1,0.000336518,-0.255,12376,12886,NW_019863623.1_12376_12886
LOC112055815,NW_019863623.1,-,MXE_exon1,0.004937916,-0.167,12376,12886,NW_019863623.1_12376_12886
LOC112055815,NW_019863623.1,-,MXE_exon1,0.008489062,-0.073,12383,12870,NW_019863623.1_12383_12870
LOC112055815,NW_019863623.1,-,MXE_exon1,8.92E-09,-0.316,12383,12870,NW_019863623.1_12383_12870
LOC112055815,NW_019863623.1,-,MXE_exon1,1.77E-07,-0.219,12383,12870,NW_019863623.1_12383_12870
LOC112055815,NW_019863623.1,-,MXE_exon1,1.05E-06,-0.208,12383,12870,NW_019863623.1_12383_12870
LOC112055815,NW_019863623.1,-,MXE_exon1,1.11E-09,-0.323,12383,12870,NW_019863623.1_12383_12870
LOC112055815,NW_019863623.1,-,MXE_exon1,0.019312694,-0.208,12383,12870,NW_019863623.1_12383_12870
LOC112055815,NW_019863623.1,-,MXE_exon1,6.51E-09,-0.254,12383,12870,NW_019863623.1_12383_12870
LOC112055815,NW_019863623.1,-,MXE_exon1,0.03058359,-0.226,12383,12870,NW_019863623.1_12383_12870
LOC112055815,NW_019863623.1,-,MXE_exon1,0.024484329,-0.191,12383,12870,NW_019863623.1_12383_12870
LOC112055815,NW_019863623.1,-,MXE_exon1,0.000773756,-0.254,12383,12870,NW_019863623.1_12383_12870
LOC112055815,NW_019863623.1,-,MXE_exon1,0.014191084,0.243,12750,13263,NW_019863623.1_12750_13263
LOC112055815,NW_019863623.1,-,MXE_exon1,0.035770834,0.337,12750,13263,NW_019863623.1_12750_13263
LOC112055815,NW_019863623.1,-,MXE_exon1,0.026071909,0.37,12750,13263,NW_019863623.1_12750_13263
LOC112055815,NW_019863623.1,-,MXE_exon1,0.026071909,0.37,12750,13263,NW_019863623.1_12750_13263
LOC112055815,NW_019863623.1,-,MXE_exon1,2.84E-05,0.281,12775,13263,NW_019863623.1_12775_13263
LOC112055815,NW_019863623.1,-,MXE_exon1,6.30E-05,0.459,12775,13263,NW_019863623.1_12775_13263
LOC112055815,NW_019863623.1,-,MXE_exon1,6.70E-05,0.282,12775,13263,NW_019863623.1_12775_13263
LOC112055815,NW_019863623.1,-,MXE_exon1,0.002034177,0.316,12775,13263,NW_019863623.1_12775_13263
LOC112055815,NW_019863623.1,-,MXE_exon1,0.000354917,0.533,12775,13263,NW_019863623.1_12775_13263
LOC112055815,NW_019863623.1,-,MXE_exon1,3.99E-06,0.238,12775,13263,NW_019863623.1_12775_13263
LOC112055815,NW_019863623.1,-,MXE_exon1,5.47E-06,0.41,12775,13263,NW_019863623.1_12775_13263
LOC112055815,NW_019863623.1,-,MXE_exon1,1.49E-08,0.608,12775,13263,NW_019863623.1_12775_13263
LOC112055815,NW_019863623.1,-,MXE_exon1,5.89E-07,0.689,12775,13263,NW_019863623.1_12775_13263
LOC112055815,NW_019863623.1,-,MXE_exon1,4.66E-07,0.708,12775,13263,NW_019863623.1_12775_13263
LOC112055815,NW_019863623.1,-,MXE_exon1,4.66E-07,0.708,12775,13263,NW_019863623.1_12775_13263
LOC112055815,NW_019863623.1,-,MXE_exon1,3.63E-05,0.199,12775,13273,NW_019863623.1_12775_13273
LOC112055815,NW_019863623.1,-,MXE_exon1,1.26E-05,0.348,12775,13273,NW_019863623.1_12775_13273
LOC112055815,NW_019863623.1,-,MXE_exon1,5.79E-05,0.196,12775,13273,NW_019863623.1_12775_13273
LOC112055815,NW_019863623.1,-,MXE_exon1,0.000580769,0.188,12775,13273,NW_019863623.1_12775_13273
LOC112055815,NW_019863623.1,-,MXE_exon1,3.59E-05,0.494,12775,13273,NW_019863623.1_12775_13273
LOC112055815,NW_019863623.1,-,MXE_exon1,2.31E-05,0.154,12775,13273,NW_019863623.1_12775_13273
LOC112055815,NW_019863623.1,-,MXE_exon1,7.92E-06,0.304,12775,13273,NW_019863623.1_12775_13273
LOC112055815,NW_019863623.1,-,MXE_exon1,7.13E-08,0.499,12775,13273,NW_019863623.1_12775_13273
LOC112055815,NW_019863623.1,-,MXE_exon1,2.40E-07,0.59,12775,13273,NW_019863623.1_12775_13273
LOC112055815,NW_019863623.1,-,MXE_exon1,2.07E-07,0.611,12775,13273,NW_019863623.1_12775_13273
LOC112055815,NW_019863623.1,-,MXE_exon1,2.07E-07,0.611,12775,13273,NW_019863623.1_12775_13273
LOC112055815,NW_019863623.1,-,MXE_exon1,0.000107931,0.163,13531,14019,NW_019863623.1_13531_14019
LOC112055815,NW_019863623.1,-,MXE_exon1,6.76E-05,0.222,13531,14019,NW_019863623.1_13531_14019
LOC112055815,NW_019863623.1,-,MXE_exon1,0.000151309,0.174,13531,14019,NW_019863623.1_13531_14019
LOC112055815,NW_019863623.1,-,MXE_exon1,8.28E-05,0.131,13531,14019,NW_019863623.1_13531_14019
LOC112055815,NW_019863623.1,-,MXE_exon1,3.16E-05,0.262,13531,14019,NW_019863623.1_13531_14019
LOC112055815,NW_019863623.1,-,MXE_exon1,5.88E-07,0.463,13531,14019,NW_019863623.1_13531_14019
LOC112055815,NW_019863623.1,-,MXE_exon1,3.23E-06,0.448,13531,14019,NW_019863623.1_13531_14019
LOC112055815,NW_019863623.1,-,MXE_exon1,2.95E-06,0.468,13531,14019,NW_019863623.1_13531_14019
LOC112055815,NW_019863623.1,-,MXE_exon1,2.95E-06,0.468,13531,14019,NW_019863623.1_13531_14019
LOC112055815,NW_019863623.1,-,MXE_exon1,3.08E-06,0.286,13867,14352,NW_019863623.1_13867_14352
LOC112055815,NW_019863623.1,-,MXE_exon1,8.44E-06,0.368,13867,14352,NW_019863623.1_13867_14352
LOC112055815,NW_019863623.1,-,MXE_exon1,2.99E-05,0.184,13867,14352,NW_019863623.1_13867_14352
LOC112055815,NW_019863623.1,-,MXE_exon1,1.12E-06,0.209,13867,14352,NW_019863623.1_13867_14352
LOC112055815,NW_019863623.1,-,MXE_exon1,4.19E-06,0.298,13867,14352,NW_019863623.1_13867_14352
LOC112055815,NW_019863623.1,-,MXE_exon1,2.49E-09,0.569,13867,14352,NW_019863623.1_13867_14352
LOC112055815,NW_019863623.1,-,MXE_exon1,4.75E-08,0.637,13867,14352,NW_019863623.1_13867_14352
LOC112055815,NW_019863623.1,-,MXE_exon1,3.66E-08,0.658,13867,14352,NW_019863623.1_13867_14352
LOC112055815,NW_019863623.1,-,MXE_exon1,3.66E-08,0.658,13867,14352,NW_019863623.1_13867_14352
LOC112055815,NW_019863623.1,-,MXE_exon1,1.38E-07,-0.397,15893,16378,NW_019863623.1_15893_16378
LOC112055815,NW_019863623.1,-,MXE_exon1,2.71E-06,0.246,17135,17623,NW_019863623.1_17135_17623
LOC112055815,NW_019863623.1,-,MXE_exon1,2.18E-07,0.343,17135,17623,NW_019863623.1_17135_17623
LOC112055815,NW_019863623.1,-,MXE_exon1,1.65E-10,0.614,17135,17623,NW_019863623.1_17135_17623
LOC112055815,NW_019863623.1,-,MXE_exon1,9.58E-11,0.63,17135,17623,NW_019863623.1_17135_17623
LOC112055815,NW_019863623.1,-,MXE_exon1,9.58E-11,0.63,17135,17623,NW_019863623.1_17135_17623
LOC112055815,NW_019863623.1,-,MXE_exon1,0.043349644,0.332,17493,17981,NW_019863623.1_17493_17981
LOC112055815,NW_019863623.1,-,MXE_exon1,0.011787563,0.432,18772,19266,NW_019863623.1_18772_19266
LOC112055815,NW_019863623.1,-,MXE_exon1,0.045176901,0.516,18772,19266,NW_019863623.1_18772_19266
LOC112055815,NW_019863623.1,-,MXE_exon1,0.045176901,0.516,18772,19266,NW_019863623.1_18772_19266
LOC112055815,NW_019863623.1,-,MXE_exon1,0.00123175,-0.61,25207,25880,NW_019863623.1_25207_25880
LOC112055815,NW_019863623.1,-,MXE_exon1,0.004356564,-0.507,25207,25880,NW_019863623.1_25207_25880
LOC112055815,NW_019863623.1,-,MXE_exon1,1.03E-08,-0.717,25207,25880,NW_019863623.1_25207_25880
LOC112055815,NW_019863623.1,-,MXE_exon1,0.003617901,-0.544,25207,25880,NW_019863623.1_25207_25880
LOC112055815,NW_019863623.1,-,MXE_exon1,0.016706383,-0.459,25207,25880,NW_019863623.1_25207_25880
LOC112055815,NW_019863623.1,-,MXE_exon1,0.004108637,-0.543,25207,25880,NW_019863623.1_25207_25880
LOC112055815,NW_019863623.1,-,MXE_exon1,0.010986464,-0.472,25207,25880,NW_019863623.1_25207_25880
LOC112055815,NW_019863623.1,-,MXE_exon1,1.06E-08,-0.638,25207,25880,NW_019863623.1_25207_25880
LOC112055815,NW_019863623.1,-,MXE_exon1,0.034161372,-0.392,25207,25880,NW_019863623.1_25207_25880
LOC112055815,NW_019863623.1,-,MXE_exon1,9.15E-06,-0.506,25207,25880,NW_019863623.1_25207_25880
LOC112055815,NW_019863623.1,-,MXE_exon1,2.00E-09,-0.656,25207,25880,NW_019863623.1_25207_25880
LOC112055815,NW_019863623.1,-,MXE_exon1,1.52E-13,-0.718,25207,25880,NW_019863623.1_25207_25880
LOC112055815,NW_019863623.1,-,MXE_exon1,9.17E-15,-0.794,25207,25880,NW_019863623.1_25207_25880
LOC112055815,NW_019863623.1,-,MXE_exon1,0,-0.841,25207,25880,NW_019863623.1_25207_25880
LOC112055815,NW_019863623.1,-,MXE_exon1,8.63E-05,-0.619,25207,25880,NW_019863623.1_25207_25880
LOC112055815,NW_019863623.1,-,MXE_exon1,1.08E-06,-0.675,25207,25880,NW_019863623.1_25207_25880
LOC112055815,NW_019863623.1,-,MXE_exon1,5.44E-06,-0.647,25207,25880,NW_019863623.1_25207_25880
LOC112055815,NW_019863623.1,-,MXE_exon1,0.01394255,-0.491,25207,25880,NW_019863623.1_25207_25880
LOC112055815,NW_019863623.1,-,MXE_exon1,1.66E-09,-0.742,25207,25880,NW_019863623.1_25207_25880
LOC112055815,NW_019863623.1,-,MXE_exon1,9.17E-15,-0.803,25207,25880,NW_019863623.1_25207_25880
LOC112055815,NW_019863623.1,-,MXE_exon1,6.50E-06,-0.619,25207,25880,NW_019863623.1_25207_25880
LOC112055815,NW_019863623.1,-,MXE_exon1,0.004668073,-0.469,25207,25880,NW_019863623.1_25207_25880
LOC112055815,NW_019863623.1,-,MXE_exon1,0.006093864,-0.533,25207,25880,NW_019863623.1_25207_25880
LOC112055815,NW_019863623.1,-,MXE_exon1,0.000910283,-0.193,25565,25880,NW_019863623.1_25565_25880
LOC112055815,NW_019863623.1,-,MXE_exon1,0.002295684,-0.235,25565,25880,NW_019863623.1_25565_25880
LOC112055815,NW_019863623.1,-,MXE_exon1,0.022040353,-0.176,25565,25880,NW_019863623.1_25565_25880
LOC112055815,NW_019863623.1,-,MXE_exon1,6.50E-06,-0.21,25565,25880,NW_019863623.1_25565_25880
LOC112055815,NW_019863623.1,-,MXE_exon1,0.036025257,-0.176,25565,25880,NW_019863623.1_25565_25880
LOC112055815,NW_019863623.1,-,MXE_exon1,0.045851835,-0.156,25565,25880,NW_019863623.1_25565_25880
LOC112055815,NW_019863623.1,-,MXE_exon1,5.40E-07,-0.229,25565,25880,NW_019863623.1_25565_25880
LOC112055815,NW_019863623.1,-,MXE_exon1,6.47E-05,-0.177,25565,25880,NW_019863623.1_25565_25880
LOC112055815,NW_019863623.1,-,MXE_exon1,9.72E-09,-0.285,25565,25880,NW_019863623.1_25565_25880
LOC112055815,NW_019863623.1,-,MXE_exon1,2.14E-07,-0.223,25565,25880,NW_019863623.1_25565_25880
LOC112055815,NW_019863623.1,-,MXE_exon1,6.81E-08,-0.274,25565,25880,NW_019863623.1_25565_25880
LOC112055815,NW_019863623.1,-,MXE_exon1,1.54E-09,-0.337,25565,25880,NW_019863623.1_25565_25880
LOC112055815,NW_019863623.1,-,MXE_exon1,9.56E-05,-0.258,25565,25880,NW_019863623.1_25565_25880
LOC112055815,NW_019863623.1,-,MXE_exon1,2.75E-07,-0.329,25565,25880,NW_019863623.1_25565_25880
LOC112055815,NW_019863623.1,-,MXE_exon1,3.86E-07,-0.382,25565,25880,NW_019863623.1_25565_25880
LOC112055815,NW_019863623.1,-,MXE_exon1,1.27E-06,-0.277,25565,25880,NW_019863623.1_25565_25880
LOC112055815,NW_019863623.1,-,MXE_exon1,8.06E-09,-0.29,25565,25880,NW_019863623.1_25565_25880
LOC112055815,NW_019863623.1,-,MXE_exon1,3.90E-05,-0.2,25565,26100,NW_019863623.1_25565_26100
LOC112055815,NW_019863623.1,-,MXE_exon1,1.43E-06,-0.248,25565,26100,NW_019863623.1_25565_26100
LOC112055815,NW_019863623.1,-,MXE_exon1,0.000144672,-0.186,25565,26100,NW_019863623.1_25565_26100
LOC112055815,NW_019863623.1,-,MXE_exon1,6.66E-08,-0.307,25565,26100,NW_019863623.1_25565_26100
LOC112055815,NW_019863623.1,-,MXE_exon1,2.35E-07,-0.239,25565,26100,NW_019863623.1_25565_26100
LOC112055815,NW_019863623.1,-,MXE_exon1,6.98E-08,-0.292,25565,26100,NW_019863623.1_25565_26100
LOC112055815,NW_019863623.1,-,MXE_exon1,3.70E-09,-0.36,25565,26100,NW_019863623.1_25565_26100
LOC112055815,NW_019863623.1,-,MXE_exon1,0.000728068,-0.252,25565,26100,NW_019863623.1_25565_26100
LOC112055815,NW_019863623.1,-,MXE_exon1,3.02E-06,-0.346,25565,26100,NW_019863623.1_25565_26100
LOC112055815,NW_019863623.1,-,MXE_exon1,8.08E-06,-0.397,25565,26100,NW_019863623.1_25565_26100
LOC112055815,NW_019863623.1,-,MXE_exon1,4.01E-06,-0.294,25565,26100,NW_019863623.1_25565_26100
LOC112055815,NW_019863623.1,-,MXE_exon1,1.92E-08,-0.313,25565,26100,NW_019863623.1_25565_26100
LOC112055815,NW_019863623.1,-,MXE_exon1,0.000856358,-0.165,25565,26100,NW_019863623.1_25565_26100
LOC112055815,NW_019863623.1,-,MXE_exon1,0.000165226,0.338,27256,27580,NW_019863623.1_27256_27580
LOC112055815,NW_019863623.1,-,MXE_exon1,0.000488069,0.222,27256,27580,NW_019863623.1_27256_27580
LOC112055815,NW_019863623.1,-,MXE_exon1,0.027455278,-0.438,28382,28706,NW_019863623.1_28382_28706
LOC112055815,NW_019863623.1,-,MXE_exon1,0.001234299,-0.439,28382,28706,NW_019863623.1_28382_28706
LOC112055815,NW_019863623.1,-,MXE_exon1,0.039928915,-0.273,28382,28706,NW_019863623.1_28382_28706
LOC112055815,NW_019863623.1,-,MXE_exon1,0.008558265,0.26,28730,29054,NW_019863623.1_28730_29054
LOC112055815,NW_019863623.1,-,MXE_exon1,0.023044826,0.149,28730,29054,NW_019863623.1_28730_29054
LOC112055815,NW_019863623.1,-,MXE_exon1,9.97E-05,0.392,29447,29771,NW_019863623.1_29447_29771
LOC112055815,NW_019863623.1,-,MXE_exon1,0.000269441,0.273,29447,29771,NW_019863623.1_29447_29771
LOC112055815,NW_019863623.1,-,MXE_exon1,0.005457751,0.469,29974,30459,NW_019863623.1_29974_30459
LOC112055815,NW_019863623.1,-,MXE_exon1,0.006902145,0.356,29974,30459,NW_019863623.1_29974_30459
LOC112055815,NW_019863623.1,-,MXE_exon1,0.019064764,-0.117,32462,32842,NW_019863623.1_32462_32842
LOC112055815,NW_019863623.1,-,MXE_exon1,0.012793486,-0.255,32814,33191,NW_019863623.1_32814_33191
LOC112055815,NW_019863623.1,-,MXE_exon1,5.64E-05,-0.321,32814,33191,NW_019863623.1_32814_33191
LOC112055815,NW_019863623.1,-,MXE_exon1,0.009696116,-0.333,32814,33191,NW_019863623.1_32814_33191
LOC112055815,NW_019863623.1,-,MXE_exon1,3.59E-05,-0.389,32814,33191,NW_019863623.1_32814_33191
LOC112055815,NW_019863623.1,-,MXE_exon1,0.000546526,-0.229,32814,33499,NW_019863623.1_32814_33499
LOC112055815,NW_019863623.1,-,MXE_exon1,0.000747958,-0.332,32814,33499,NW_019863623.1_32814_33499
LOC112055815,NW_019863623.1,-,MXE_exon1,0.010652213,-0.181,33119,33499,NW_019863623.1_33119_33499
LOC112055815,NW_019863623.1,-,MXE_exon1,0.006282045,-0.309,33391,33771,NW_019863623.1_33391_33771
LOC112055815,NW_019863623.1,-,MXE_exon1,0.03976387,-0.36,33391,33771,NW_019863623.1_33391_33771
LOC112055815,NW_019863623.1,-,MXE_exon1,0.01055166,-0.208,33391,34033,NW_019863623.1_33391_34033
LOC112055815,NW_019863623.1,-,MXE_exon1,0.022901064,-0.185,33656,34303,NW_019863623.1_33656_34303
LOC112055815,NW_019863623.1,-,MXE_exon1,0.005994439,-0.439,33923,34303,NW_019863623.1_33923_34303
LOC112055815,NW_019863623.1,-,MXE_exon1,4.17E-05,-0.519,33923,34303,NW_019863623.1_33923_34303
LOC112055815,NW_019863623.1,-,MXE_exon1,0.011997115,-0.477,33923,34303,NW_019863623.1_33923_34303
LOC112055815,NW_019863623.1,-,MXE_exon1,5.39E-05,-0.561,33923,34303,NW_019863623.1_33923_34303
LOC112055815,NW_019863623.1,-,MXE_exon1,0.014775062,-0.323,33923,34568,NW_019863623.1_33923_34568
LOC112055815,NW_019863623.1,-,MXE_exon1,2.24E-05,-0.427,33923,34568,NW_019863623.1_33923_34568
LOC112055815,NW_019863623.1,-,MXE_exon1,0.032212797,-0.382,33923,34568,NW_019863623.1_33923_34568
LOC112055815,NW_019863623.1,-,MXE_exon1,0.000258695,-0.437,33923,34568,NW_019863623.1_33923_34568
LOC112055815,NW_019863623.1,-,MXE_exon1,0.016889487,-0.22,34206,34568,NW_019863623.1_34206_34568
LOC112055815,NW_019863623.1,-,MXE_exon1,0.0211436,0.151,34737,35108,NW_019863623.1_34737_35108
LOC112055815,NW_019863623.1,-,MXE_exon1,0.004870404,0.343,34737,35108,NW_019863623.1_34737_35108
LOC112055815,NW_019863623.1,-,MXE_exon1,0.015751387,0.28,34737,35108,NW_019863623.1_34737_35108
LOC112055815,NW_019863623.1,-,MXE_exon1,0.034376284,-0.312,34973,35335,NW_019863623.1_34973_35335
LOC112055815,NW_019863623.1,-,MXE_exon1,0.021252056,-0.41,35220,35866,NW_019863623.1_35220_35866
LOC112055815,NW_019863623.1,-,MXE_exon1,0.011695832,0.245,35802,36164,NW_019863623.1_35802_36164
LOC112052571,NW_019863159.1,-,MXE_exon1,0.000603976,0.289,18821,19213,NW_019863159.1_18821_19213
LOC112052571,NW_019863159.1,-,MXE_exon1,0.000705166,-0.068,41304,41558,NW_019863159.1_41304_41558
LOC112046721,NW_019862753.1,-,MXE_exon1,0.026477311,-0.072,381730,382074,NW_019862753.1_381730_382074
LOC112047055,NW_019862753.1,-,MXE_exon1,0,0.346,1464440,1465135,NW_019862753.1_1464440_1465135
LOC112047055,NW_019862753.1,-,MXE_exon1,0,-0.249,1465762,1466052,NW_019862753.1_1465762_1466052
LOC112047055,NW_019862753.1,-,MXE_exon1,0,-0.212,1465762,1466052,NW_019862753.1_1465762_1466052
LOC112048221,NW_019862921.1,+,MXE_exon1,0.001633339,-0.063,362552,362870,NW_019862921.1_362552_362870
LOC112055217,NW_019862762.1,+,MXE_exon1,0.000102119,0.026,174624,174963,NW_019862762.1_174624_174963
LOC112045656,NW_019862837.1,+,MXE_exon1,0.012102889,0.066,330680,331227,NW_019862837.1_330680_331227
LOC112045656,NW_019862837.1,+,MXE_exon1,0.017928893,0.113,380600,380875,NW_019862837.1_380600_380875
LOC112046086,NW_019862847.1,+,MXE_exon1,0.000310812,-0.441,703173,703476,NW_019862847.1_703173_703476
LOC112046086,NW_019862847.1,+,MXE_exon1,0.000349482,-0.441,703173,703476,NW_019862847.1_703173_703476
LOC112044745,NW_019862817.1,+,MXE_exon1,7.60E-05,0.243,1016226,1016519,NW_019862817.1_1016226_1016519
LOC112044745,NW_019862817.1,+,MXE_exon1,0.013146208,0.163,1016226,1016519,NW_019862817.1_1016226_1016519
LOC112044745,NW_019862817.1,+,MXE_exon1,0.011908649,0.172,1016226,1016519,NW_019862817.1_1016226_1016519
LOC112044745,NW_019862817.1,+,MXE_exon1,0.027855425,0.111,1016226,1016657,NW_019862817.1_1016226_1016657
LOC112055175,NW_019863471.1,-,MXE_exon1,0,-0.042,134269,134558,NW_019863471.1_134269_134558
LOC112052608,NW_019862759.1,-,MXE_exon1,0,-0.397,369194,369448,NW_019862759.1_369194_369448
LOC112052608,NW_019862759.1,-,MXE_exon1,0,-0.348,369194,369581,NW_019862759.1_369194_369581
LOC112052608,NW_019862759.1,-,MXE_exon1,0.005113807,-0.024,369637,369882,NW_019862759.1_369637_369882
LOC112052608,NW_019862759.1,-,MXE_exon1,0.004573146,-0.018,369637,369882,NW_019862759.1_369637_369882
LOC112052608,NW_019862759.1,-,MXE_exon1,2.28E-12,-0.383,369637,369882,NW_019862759.1_369637_369882
LOC112052608,NW_019862759.1,-,MXE_exon1,0.030372033,-0.016,369637,370053,NW_019862759.1_369637_370053
LOC112052608,NW_019862759.1,-,MXE_exon1,6.61E-05,-0.205,378644,378982,NW_019862759.1_378644_378982
LOC112052608,NW_019862759.1,-,MXE_exon1,0,-0.288,378644,378982,NW_019862759.1_378644_378982
LOC112052608,NW_019862759.1,-,MXE_exon1,0.027162261,-0.144,378645,378988,NW_019862759.1_378645_378988
LOC112048204,NW_019862921.1,+,MXE_exon1,0.037865578,-0.145,65658,66067,NW_019862921.1_65658_66067
LOC112055725,NW_019863596.1,-,MXE_exon1,0,0.42,59570,59850,NW_019863596.1_59570_59850
LOC112055725,NW_019863596.1,-,MXE_exon1,0,0.654,59570,59850,NW_019863596.1_59570_59850
LOC112055679,NW_019863585.1,-,MXE_exon1,0.006246082,0.164,35400,35720,NW_019863585.1_35400_35720
LOC112053327,NW_019863229.1,-,MXE_exon1,0.005527039,-0.077,83673,83966,NW_019863229.1_83673_83966
LOC112053327,NW_019863229.1,-,MXE_exon1,0.018365997,-0.089,83673,83966,NW_019863229.1_83673_83966
LOC112053327,NW_019863229.1,-,MXE_exon1,0.020127912,-0.089,83673,83966,NW_019863229.1_83673_83966
LOC112053327,NW_019863229.1,-,MXE_exon1,0.018365997,-0.089,83673,83966,NW_019863229.1_83673_83966
LOC112053327,NW_019863229.1,-,MXE_exon1,0.018365997,-0.089,83673,83966,NW_019863229.1_83673_83966
LOC112053327,NW_019863229.1,-,MXE_exon1,0.005430005,-0.077,83673,83966,NW_019863229.1_83673_83966
LOC112053327,NW_019863229.1,-,MXE_exon1,0.005527039,-0.077,83673,83966,NW_019863229.1_83673_83966
LOC112049668,NW_019862983.1,-,MXE_exon1,0.004084385,0.02,405463,405814,NW_019862983.1_405463_405814
LOC112049668,NW_019862983.1,-,MXE_exon1,0.008267398,0.018,405463,405824,NW_019862983.1_405463_405824
LOC112049668,NW_019862983.1,-,MXE_exon1,0.008267398,0.018,405463,405843,NW_019862983.1_405463_405843
LOC112048366,NW_019862927.1,+,MXE_exon1,5.46E-06,-0.512,161640,161996,NW_019862927.1_161640_161996
LOC112048291,NW_019862924.1,-,MXE_exon1,2.04E-05,0.634,328015,328270,NW_019862924.1_328015_328270
LOC112048291,NW_019862924.1,-,MXE_exon1,0.000324986,0.628,328020,328270,NW_019862924.1_328020_328270
LOC112048291,NW_019862924.1,-,MXE_exon1,0.021015991,-0.188,344551,344811,NW_019862924.1_344551_344811
LOC112048290,NW_019862924.1,+,MXE_exon1,0.043521491,0.215,383564,383830,NW_019862924.1_383564_383830
LOC112052130,NW_019863128.1,-,MXE_exon1,0.00124781,0.161,230839,231119,NW_019863128.1_230839_231119
LOC112052130,NW_019863128.1,-,MXE_exon1,0.000176659,-0.451,247684,247944,NW_019863128.1_247684_247944
LOC112052130,NW_019863128.1,-,MXE_exon1,7.01E-05,-0.5,247693,247944,NW_019863128.1_247693_247944
LOC112052026,NW_019863119.1,+,MXE_exon1,0.031727269,-0.047,261241,261527,NW_019863119.1_261241_261527
LOC112050069,NW_019863004.1,-,MXE_exon1,0.045869115,0.094,134610,134935,NW_019863004.1_134610_134935
LOC112050069,NW_019863004.1,-,MXE_exon1,8.19E-05,0.036,134610,134935,NW_019863004.1_134610_134935
LOC112050069,NW_019863004.1,-,MXE_exon1,0.000129695,0.086,134610,134935,NW_019863004.1_134610_134935
LOC112055789,NW_019863614.1,-,MXE_exon1,3.90E-09,-0.467,37515,37948,NW_019863614.1_37515_37948
LOC112055789,NW_019863614.1,-,MXE_exon1,2.72E-05,-0.411,37515,37948,NW_019863614.1_37515_37948
LOC112054350,NW_019863349.1,+,MXE_exon1,1.27E-05,-0.095,187555,187894,NW_019863349.1_187555_187894
LOC112054350,NW_019863349.1,+,MXE_exon1,0.000223012,0.065,188055,188423,NW_019863349.1_188055_188423
LOC112043927,NW_019862800.1,-,MXE_exon1,0.001525721,-0.108,561548,561826,NW_019862800.1_561548_561826
LOC112055983,NW_019863673.1,+,MXE_exon1,0.000229998,-0.097,39851,40213,NW_019863673.1_39851_40213
LOC112050113,NW_019863005.1,-,MXE_exon1,0.004925067,-0.226,713361,713592,NW_019863005.1_713361_713592
LOC112050113,NW_019863005.1,-,MXE_exon1,0.024889346,-0.236,713361,713592,NW_019863005.1_713361_713592
LOC112050113,NW_019863005.1,-,MXE_exon1,0.02589676,-0.277,713361,713592,NW_019863005.1_713361_713592
LOC112043568,NW_019862792.1,+,MXE_exon1,4.49E-09,0.037,837606,838177,NW_019862792.1_837606_838177
LOC112043568,NW_019862792.1,+,MXE_exon1,1.38E-08,0.035,837621,838177,NW_019862792.1_837621_838177
LOC112043568,NW_019862792.1,+,MXE_exon1,6.47E-09,0.036,837632,838177,NW_019862792.1_837632_838177
LOC112044902,NW_019862819.1,+,MXE_exon1,0,-0.215,627411,627874,NW_019862819.1_627411_627874
LOC112044902,NW_019862819.1,+,MXE_exon1,0,-0.306,627411,627874,NW_019862819.1_627411_627874
LOC112044902,NW_019862819.1,+,MXE_exon1,0,-0.382,627497,627874,NW_019862819.1_627497_627874
LOC112051449,NW_019863083.1,+,MXE_exon1,0.030260293,0.1,27185,27832,NW_019863083.1_27185_27832
LOC112048138,NW_019862918.1,+,MXE_exon1,3.12E-07,-0.711,441886,442203,NW_019862918.1_441886_442203
LOC112052591,NW_019863161.1,-,MXE_exon1,0.006382735,0.072,185603,185970,NW_019863161.1_185603_185970
LOC112052591,NW_019863161.1,-,MXE_exon1,0.006294936,0.072,185622,185970,NW_019863161.1_185622_185970
LOC112050384,NW_019862756.1,-,MXE_exon1,1.48E-07,-0.106,1796084,1796360,NW_019862756.1_1796084_1796360
LOC112054391,NW_019863354.1,-,MXE_exon1,0.028483096,0.2,182777,183108,NW_019863354.1_182777_183108
LOC112051684,NW_019863097.1,-,MXE_exon1,0.00572064,-0.152,215455,215796,NW_019863097.1_215455_215796
LOC112051684,NW_019863097.1,-,MXE_exon1,0.035858291,0.037,216096,216510,NW_019863097.1_216096_216510
LOC112049153,NW_019862961.1,-,MXE_exon1,0.047468712,0.122,36295,36667,NW_019862961.1_36295_36667
LOC112049153,NW_019862961.1,-,MXE_exon1,0.047468712,0.122,36295,36667,NW_019862961.1_36295_36667
LOC112050898,NW_019863049.1,-,MXE_exon1,4.89E-06,-0.098,173962,174188,NW_019863049.1_173962_174188
LOC112055014,NW_019863447.1,-,MXE_exon1,0.000197245,0.353,48060,48421,NW_019863447.1_48060_48421
LOC112045981,NW_019862845.1,+,MXE_exon1,0,0.235,915468,915845,NW_019862845.1_915468_915845
LOC112046091,NW_019862847.1,+,MXE_exon1,2.85E-06,0.259,412852,413557,NW_019862847.1_412852_413557
LOC112056309,NW_019863765.1,+,MXE_exon1,3.54E-05,0.061,37750,38040,NW_019863765.1_37750_38040
LOC112056309,NW_019863765.1,+,MXE_exon1,3.22E-07,0.079,37750,38040,NW_019863765.1_37750_38040
LOC112056309,NW_019863765.1,+,MXE_exon1,7.15E-07,0.07,37750,38040,NW_019863765.1_37750_38040
LOC112056309,NW_019863765.1,+,MXE_exon1,8.59E-07,0.069,37750,38040,NW_019863765.1_37750_38040
LOC112056309,NW_019863765.1,+,MXE_exon1,9.71E-07,0.067,37750,38040,NW_019863765.1_37750_38040
LOC112045035,NW_019862822.1,+,MXE_exon1,0.001166484,-0.306,270122,270551,NW_019862822.1_270122_270551
LOC112045029,NW_019862822.1,+,MXE_exon1,8.99E-05,-0.13,1095639,1095975,NW_019862822.1_1095639_1095975
LOC112046207,NW_019862850.1,-,MXE_exon1,0.020834191,-0.159,594148,594436,NW_019862850.1_594148_594436
LOC112052708,NW_019863169.1,-,MXE_exon1,0.018094658,-0.199,192912,193235,NW_019863169.1_192912_193235
LOC112043252,NW_019862787.1,+,MXE_exon1,2.88E-09,-0.173,1475912,1476211,NW_019862787.1_1475912_1476211
LOC112043252,NW_019862787.1,+,MXE_exon1,0.000145201,-0.377,1475914,1476211,NW_019862787.1_1475914_1476211
LOC112043252,NW_019862787.1,+,MXE_exon1,5.49E-06,-0.441,1475914,1476211,NW_019862787.1_1475914_1476211
LOC112056418,NW_019863807.1,-,MXE_exon1,5.69E-05,-0.057,9595,9954,NW_019863807.1_9595_9954
LOC112048938,NW_019862952.1,+,MXE_exon1,0.000114679,0.175,254819,255189,NW_019862952.1_254819_255189
LOC112054590,NW_019863380.1,-,MXE_exon1,0.00831373,-0.377,103859,104354,NW_019863380.1_103859_104354
LOC112054590,NW_019863380.1,-,MXE_exon1,0.003602217,-0.381,104009,104354,NW_019863380.1_104009_104354
LOC112048203,NW_019862921.1,+,MXE_exon1,0.013708273,-0.137,466391,466718,NW_019862921.1_466391_466718
LOC112056045,NW_019863691.1,-,MXE_exon1,0.028921183,0.132,65685,65931,NW_019863691.1_65685_65931
LOC112046080,NW_019862847.1,+,MXE_exon1,0.001181349,-0.079,461546,461853,NW_019862847.1_461546_461853
LOC112051428,NW_019863082.1,-,MXE_exon1,0.008485918,-0.428,135226,135580,NW_019863082.1_135226_135580
LOC112047618,NW_019862898.1,-,MXE_exon1,0.00174338,0.097,573375,573824,NW_019862898.1_573375_573824
LOC112047618,NW_019862898.1,-,MXE_exon1,0.002052458,0.093,573375,573824,NW_019862898.1_573375_573824
LOC112047618,NW_019862898.1,-,MXE_exon1,0.001359836,0.111,573812,574077,NW_019862898.1_573812_574077
LOC112047618,NW_019862898.1,-,MXE_exon1,0.001593581,0.106,573812,574077,NW_019862898.1_573812_574077
LOC112047618,NW_019862898.1,-,MXE_exon1,0.012696568,0.086,573812,574077,NW_019862898.1_573812_574077
LOC112047618,NW_019862898.1,-,MXE_exon1,0.034052723,-0.033,576011,576496,NW_019862898.1_576011_576496
LOC112047618,NW_019862898.1,-,MXE_exon1,0.041142902,-0.032,576013,576496,NW_019862898.1_576013_576496
LOC112054623,NW_019863384.1,-,MXE_exon1,0.021869037,0.118,136295,136627,NW_019863384.1_136295_136627
LOC112054623,NW_019863384.1,-,MXE_exon1,0.022355077,0.119,136295,136630,NW_019863384.1_136295_136630
LOC112055835,NW_019863631.1,-,MXE_exon1,1.44E-09,0.352,51597,51863,NW_019863631.1_51597_51863
LOC112055835,NW_019863631.1,-,MXE_exon1,5.32E-05,0.326,51633,51863,NW_019863631.1_51633_51863
LOC112053324,NW_019863229.1,-,MXE_exon1,0.001396888,-0.473,65403,65871,NW_019863229.1_65403_65871
LOC112053324,NW_019863229.1,-,MXE_exon1,0.012319512,-0.349,65403,65871,NW_019863229.1_65403_65871
LOC112053324,NW_019863229.1,-,MXE_exon1,0.001396888,-0.473,65412,65871,NW_019863229.1_65412_65871
LOC112053324,NW_019863229.1,-,MXE_exon1,0.012319512,-0.349,65412,65871,NW_019863229.1_65412_65871
LOC112053324,NW_019863229.1,-,MXE_exon1,1.25E-05,-0.256,65559,65871,NW_019863229.1_65559_65871
LOC112053324,NW_019863229.1,-,MXE_exon1,0.001814029,-0.08,65559,65871,NW_019863229.1_65559_65871
LOC112053324,NW_019863229.1,-,MXE_exon1,0.002471433,-0.479,65568,65871,NW_019863229.1_65568_65871
LOC112053324,NW_019863229.1,-,MXE_exon1,0.022714311,-0.369,65568,65871,NW_019863229.1_65568_65871
LOC112045646,NW_019862837.1,+,MXE_exon1,0.00169948,0.142,320117,320329,NW_019862837.1_320117_320329
LOC112045634,NW_019862837.1,+,MXE_exon1,0.00336523,0.105,608911,609268,NW_019862837.1_608911_609268
LOC112049214,NW_019862755.1,+,MXE_exon1,0.034808887,0.08,2563213,2563524,NW_019862755.1_2563213_2563524
LOC112049214,NW_019862755.1,+,MXE_exon1,0.003995279,0.268,2563213,2563524,NW_019862755.1_2563213_2563524
LOC112049214,NW_019862755.1,+,MXE_exon1,0.007745435,0.273,2563213,2563524,NW_019862755.1_2563213_2563524
LOC112049214,NW_019862755.1,+,MXE_exon1,0.037067576,0.165,2563213,2563796,NW_019862755.1_2563213_2563796
LOC112049214,NW_019862755.1,+,MXE_exon1,0.016773439,-0.029,2564309,2564731,NW_019862755.1_2564309_2564731
LOC112049214,NW_019862755.1,+,MXE_exon1,0.016773439,-0.029,2564309,2564731,NW_019862755.1_2564309_2564731
LOC112049214,NW_019862755.1,+,MXE_exon1,0.016773439,-0.029,2564309,2564731,NW_019862755.1_2564309_2564731
LOC112049214,NW_019862755.1,+,MXE_exon1,0.003388368,-0.057,2565191,2565475,NW_019862755.1_2565191_2565475
LOC112049214,NW_019862755.1,+,MXE_exon1,0.003388368,-0.057,2565191,2565475,NW_019862755.1_2565191_2565475
LOC112049214,NW_019862755.1,+,MXE_exon1,0.00347516,-0.056,2565191,2565475,NW_019862755.1_2565191_2565475
LOC112049214,NW_019862755.1,+,MXE_exon1,0.04611134,-0.16,2565500,2565871,NW_019862755.1_2565500_2565871
LOC112049214,NW_019862755.1,+,MXE_exon1,0.000284912,0.257,2565500,2565871,NW_019862755.1_2565500_2565871
LOC112049214,NW_019862755.1,+,MXE_exon1,0.000256426,0.25,2565500,2565871,NW_019862755.1_2565500_2565871
LOC112049214,NW_019862755.1,+,MXE_exon1,0.001931363,0.165,2565520,2565871,NW_019862755.1_2565520_2565871
LOC112049214,NW_019862755.1,+,MXE_exon1,0.002068283,0.157,2565520,2565871,NW_019862755.1_2565520_2565871
LOC112049214,NW_019862755.1,+,MXE_exon1,0.029240511,0.161,2565749,2566115,NW_019862755.1_2565749_2566115
LOC112049214,NW_019862755.1,+,MXE_exon1,0.028754236,0.168,2565764,2566115,NW_019862755.1_2565764_2566115
LOC112050976,NW_019863054.1,-,MXE_exon2,4.39E-09,-0.157,56017,56238,NW_019863054.1_56017_56238
LOC112050976,NW_019863054.1,-,MXE_exon2,0,-0.28,58002,58235,NW_019863054.1_58002_58235
LOC112050976,NW_019863054.1,-,MXE_exon2,0.014227,-0.114,56017,56238,NW_019863054.1_56017_56238
LOC112050976,NW_019863054.1,-,MXE_exon2,0.000380112,-0.045,56017,56238,NW_019863054.1_56017_56238
LOC112050976,NW_019863054.1,-,MXE_exon2,0,-0.542,58002,58235,NW_019863054.1_58002_58235
LOC112050976,NW_019863054.1,-,MXE_exon2,1.81E-12,-0.315,58002,58235,NW_019863054.1_58002_58235
LOC112050976,NW_019863054.1,-,MXE_exon2,5.19E-14,-0.069,58002,58235,NW_019863054.1_58002_58235
LOC112050976,NW_019863054.1,-,MXE_exon2,0,-0.353,58002,58235,NW_019863054.1_58002_58235
LOC112050976,NW_019863054.1,-,MXE_exon2,2.94E-06,-0.072,58002,58265,NW_019863054.1_58002_58265
LOC112052196,NW_019863133.1,+,MXE_exon2,0.016773439,0.071,205543,205882,NW_019863133.1_205543_205882
LOC112052196,NW_019863133.1,+,MXE_exon2,0,-0.183,205543,205882,NW_019863133.1_205543_205882
LOC112043486,NW_019862791.1,-,MXE_exon2,0.006621419,-0.235,1196961,1197230,NW_019862791.1_1196961_1197230
LOC112050905,NW_019863050.1,+,MXE_exon2,0.037124812,-0.15,332015,332342,NW_019863050.1_332015_332342
LOC112054984,NW_019863443.1,+,MXE_exon2,0,-0.19,111542,111847,NW_019863443.1_111542_111847
LOC112051285,NW_019863072.1,+,MXE_exon2,0,0.158,84863,85208,NW_019863072.1_84863_85208
LOC112048791,NW_019862945.1,-,MXE_exon2,0.005698692,0.555,478155,478864,NW_019862945.1_478155_478864
LOC112049233,NW_019862964.1,-,MXE_exon2,1.17E-05,-0.347,495720,496168,NW_019862964.1_495720_496168
LOC112043423,NW_019862790.1,-,MXE_exon2,0.046954134,0.085,635750,636112,NW_019862790.1_635750_636112
LOC112046049,NW_019862846.1,-,MXE_exon2,0.016643954,-0.196,209928,210304,NW_019862846.1_209928_210304
LOC112045441,NW_019862832.1,-,MXE_exon2,0.046798996,0.166,298037,298516,NW_019862832.1_298037_298516
LOC112055290,NW_019863493.1,-,MXE_exon2,0.000103431,0.232,132697,132981,NW_019863493.1_132697_132981
LOC112055144,NW_019863466.1,-,MXE_exon2,0.011136985,0.287,68804,69153,NW_019863466.1_68804_69153
LOC112055144,NW_019863466.1,-,MXE_exon2,6.23E-07,-0.549,73998,74307,NW_019863466.1_73998_74307
LOC112049271,NW_019862966.1,+,MXE_exon2,0.018949906,-0.068,322712,323043,NW_019862966.1_322712_323043
LOC112053613,NW_019863261.1,+,MXE_exon2,0,-0.188,197389,198141,NW_019863261.1_197389_198141
LOC112053613,NW_019863261.1,+,MXE_exon2,0.000282707,0.197,198236,198632,NW_019863261.1_198236_198632
LOC112053613,NW_019863261.1,+,MXE_exon2,2.71E-11,-0.255,198236,198632,NW_019863261.1_198236_198632
LOC112052810,NW_019863178.1,+,MXE_exon2,0.01154437,-0.374,61923,62249,NW_019863178.1_61923_62249
LOC112052810,NW_019863178.1,+,MXE_exon2,0.00720069,0.366,64048,64361,NW_019863178.1_64048_64361
LOC112048194,NW_019862920.1,+,MXE_exon2,0.003305561,-0.079,590072,590368,NW_019862920.1_590072_590368
LOC112048834,NW_019862946.1,+,MXE_exon2,0.005551685,-0.138,108038,108345,NW_019862946.1_108038_108345
LOC112053646,NW_019863265.1,+,MXE_exon2,0.000212536,0.117,211511,212012,NW_019863265.1_211511_212012
LOC112053499,NW_019862760.1,+,MXE_exon2,2.77E-08,0.393,152853,153149,NW_019862760.1_152853_153149
LOC112043412,NW_019862790.1,+,MXE_exon2,0.010125622,-0.097,180877,181305,NW_019862790.1_180877_181305
LOC112051433,NW_019863082.1,+,MXE_exon2,0.000274175,0.042,349195,349490,NW_019863082.1_349195_349490
LOC112051698,NW_019863098.1,+,MXE_exon2,0.041524525,0.071,209462,209819,NW_019863098.1_209462_209819
LOC112046150,NW_019862849.1,+,MXE_exon2,0.008359897,0.161,256384,256666,NW_019862849.1_256384_256666
LOC112054078,NW_019863315.1,-,MXE_exon2,7.01E-06,-0.35,125143,125627,NW_019863315.1_125143_125627
LOC112056528,NW_019863862.1,+,MXE_exon2,0.002234734,0.139,76291,76696,NW_019863862.1_76291_76696
LOC112055179,NW_019862762.1,+,MXE_exon2,1.86E-05,-0.314,86772,87166,NW_019862762.1_86772_87166
LOC112054456,NW_019863360.1,-,MXE_exon2,0.037612881,-0.074,72467,72795,NW_019863360.1_72467_72795
LOC112054275,NW_019863336.1,-,MXE_exon2,0.025608991,0.208,1992,2295,NW_019863336.1_1992_2295
LOC112053531,NW_019863250.1,+,MXE_exon2,0.000187651,-0.186,169289,169641,NW_019863250.1_169289_169641
LOC112049521,NW_019862977.1,+,MXE_exon2,0.023822753,-0.125,366935,367247,NW_019862977.1_366935_367247
LOC112046832,NW_019862872.1,+,MXE_exon2,0,0.286,397180,397467,NW_019862872.1_397180_397467
LOC112046832,NW_019862872.1,+,MXE_exon2,0.000298564,0.147,398104,398430,NW_019862872.1_398104_398430
LOC112043676,NW_019862794.1,+,MXE_exon2,5.59E-05,0.12,1317990,1318345,NW_019862794.1_1317990_1318345
LOC112049721,NW_019862987.1,+,MXE_exon2,0.02585045,0.107,395086,395424,NW_019862987.1_395086_395424
LOC112052145,NW_019863130.1,-,MXE_exon2,0.04410556,-0.092,133522,133886,NW_019863130.1_133522_133886
LOC112042864,NW_019862749.1,-,MXE_exon2,0.000723537,0.138,2169080,2169477,NW_019862749.1_2169080_2169477
LOC112051118,NW_019862757.1,-,MXE_exon2,0,0.276,1541784,1542041,NW_019862757.1_1541784_1542041
LOC112051200,NW_019863068.1,-,MXE_exon2,0.037060639,-0.19,158069,158334,NW_019863068.1_158069_158334
LOC112045704,NW_019862838.1,+,MXE_exon2,0.005782745,0.126,599006,599336,NW_019862838.1_599006_599336
LOC112045704,NW_019862838.1,+,MXE_exon2,5.43E-06,0.195,614764,615095,NW_019862838.1_614764_615095
LOC112045388,NW_019862831.1,-,MXE_exon2,0.019635815,-0.195,66267,66583,NW_019862831.1_66267_66583
LOC112056296,NW_019862763.1,-,MXE_exon2,6.66E-10,-0.161,1447473,1447789,NW_019862763.1_1447473_1447789
LOC112056296,NW_019862763.1,-,MXE_exon2,1.99E-07,-0.252,1448824,1449210,NW_019862763.1_1448824_1449210
LOC112044897,NW_019862819.1,+,MXE_exon2,0.044365627,0.371,533273,533587,NW_019862819.1_533273_533587
LOC112044897,NW_019862819.1,+,MXE_exon2,0.003042044,0.382,534689,535009,NW_019862819.1_534689_535009
LOC112046635,NW_019862864.1,+,MXE_exon2,0.004437171,-0.318,351146,351463,NW_019862864.1_351146_351463
LOC112048437,NW_019862930.1,-,MXE_exon2,0.003290934,0.122,385091,385420,NW_019862930.1_385091_385420
LOC112050044,NW_019863003.1,-,MXE_exon2,0.000353044,-0.059,179209,179633,NW_019863003.1_179209_179633
nbis-pseudo33,NW_019862873.1,-,MXE_exon2,0.004810346,0.104,620737,621237,NW_019862873.1_620737_621237
LOC112051535,NW_019863088.1,+,MXE_exon2,0.035666392,0.155,334925,335261,NW_019863088.1_334925_335261
LOC112058377,NW_019862775.1,-,MXE_exon2,3.11E-13,0.036,1673071,1673366,NW_019862775.1_1673071_1673366
LOC112045063,NW_019862823.1,+,MXE_exon2,0.032229695,0.081,168264,168546,NW_019862823.1_168264_168546
LOC112052388,NW_019863145.1,-,MXE_exon2,8.65E-07,0.504,23743,24030,NW_019863145.1_23743_24030
LOC112045305,NW_019862828.1,+,MXE_exon2,0,-0.24,798024,798299,NW_019862828.1_798024_798299
LOC112045305,NW_019862828.1,+,MXE_exon2,1.24E-05,-0.14,808765,809102,NW_019862828.1_808765_809102
LOC112045305,NW_019862828.1,+,MXE_exon2,0,0.425,809483,809895,NW_019862828.1_809483_809895
LOC112045305,NW_019862828.1,+,MXE_exon2,0,-0.139,813181,813465,NW_019862828.1_813181_813465
LOC112049830,NW_019862993.1,-,MXE_exon2,3.21E-11,-0.423,101678,101982,NW_019862993.1_101678_101982
LOC112057974,NW_019862770.1,+,MXE_exon2,0,-0.189,602293,602653,NW_019862770.1_602293_602653
LOC112057974,NW_019862770.1,+,MXE_exon2,8.90E-10,0.124,602293,602653,NW_019862770.1_602293_602653
LOC112047070,NW_019862881.1,+,MXE_exon2,0.000217039,0.107,421287,421679,NW_019862881.1_421287_421679
LOC112044055,NW_019862802.1,+,MXE_exon2,0.002210132,-0.168,309766,310080,NW_019862802.1_309766_310080
LOC112053130,NW_019863209.1,+,MXE_exon2,0.031643767,0.115,135796,136127,NW_019863209.1_135796_136127
LOC112047362,NW_019862890.1,+,MXE_exon2,0.008193675,-0.067,164604,164973,NW_019862890.1_164604_164973
LOC112046967,NW_019862879.1,-,MXE_exon2,0.004759161,-0.324,506681,507308,NW_019862879.1_506681_507308
LOC112045222,NW_019862826.1,-,MXE_exon2,0.045059898,0.234,646173,646490,NW_019862826.1_646173_646490
LOC112045222,NW_019862826.1,-,MXE_exon2,0.043346938,0.042,647322,647633,NW_019862826.1_647322_647633
LOC112045222,NW_019862826.1,-,MXE_exon2,0.001810701,0.244,647322,647636,NW_019862826.1_647322_647636
LOC112050343,NW_019863018.1,+,MXE_exon2,1.49E-05,0.154,292857,293189,NW_019863018.1_292857_293189
LOC112050343,NW_019863018.1,+,MXE_exon2,5.03E-05,0.098,293866,294216,NW_019863018.1_293866_294216
LOC112054644,NW_019863390.1,+,MXE_exon2,0.040777233,0.18,31216,31590,NW_019863390.1_31216_31590
LOC112055035,NW_019863450.1,-,MXE_exon2,2.38E-07,-0.472,45481,45756,NW_019863450.1_45481_45756
LOC112048640,NW_019862938.1,-,MXE_exon2,0.030982542,0.064,153236,153550,NW_019862938.1_153236_153550
LOC112055306,NW_019862762.1,-,MXE_exon2,4.03E-05,0.143,214573,214815,NW_019862762.1_214573_214815
LOC112047174,NW_019862753.1,+,MXE_exon2,0.015846366,0.112,1782915,1783423,NW_019862753.1_1782915_1783423
LOC112047743,NW_019862903.1,-,MXE_exon2,0.000123582,0.331,529151,529594,NW_019862903.1_529151_529594
LOC112047732,NW_019862903.1,-,MXE_exon2,0.011644068,-0.073,292877,293169,NW_019862903.1_292877_293169
LOC112044399,NW_019862808.1,-,MXE_exon2,0.000597808,0.146,1229100,1230031,NW_019862808.1_1229100_1230031
LOC112051777,NW_019863102.1,+,MXE_exon2,3.53E-06,0.258,247352,247675,NW_019863102.1_247352_247675
LOC112044453,NW_019862809.1,+,MXE_exon2,0.000231391,-0.328,1023065,1023527,NW_019862809.1_1023065_1023527
LOC112051880,NW_019862758.1,+,MXE_exon2,0.019998196,-0.078,1823780,1824146,NW_019862758.1_1823780_1824146
LOC112047548,NW_019862896.1,-,MXE_exon2,0.007773154,0.146,532549,532860,NW_019862896.1_532549_532860
LOC112046488,NW_019862859.1,+,MXE_exon2,7.19E-10,-0.192,437302,437664,NW_019862859.1_437302_437664
LOC112049684,NW_019862984.1,-,MXE_exon2,1.78E-14,-0.053,386831,387159,NW_019862984.1_386831_387159
LOC112055865,NW_019863641.1,-,MXE_exon2,0.005143214,0.074,74668,75011,NW_019863641.1_74668_75011
LOC112044489,NW_019862810.1,-,MXE_exon2,3.40E-05,-0.033,694843,695176,NW_019862810.1_694843_695176
LOC112052616,NW_019863163.1,-,MXE_exon2,0.036103841,0.027,25393,25700,NW_019863163.1_25393_25700
LOC112048916,NW_019862951.1,-,MXE_exon2,9.65E-07,-0.198,200480,200797,NW_019862951.1_200480_200797
LOC112044894,NW_019862751.1,-,MXE_exon2,3.70E-08,0.239,1712770,1713000,NW_019862751.1_1712770_1713000
LOC112044894,NW_019862751.1,-,MXE_exon2,3.48E-08,0.24,1712770,1713000,NW_019862751.1_1712770_1713000
LOC112042829,NW_019862749.1,-,MXE_exon2,0.012756644,-0.099,2053748,2054040,NW_019862749.1_2053748_2054040
LOC112051409,NW_019863081.1,-,MXE_exon2,3.43E-07,0.352,326011,326319,NW_019863081.1_326011_326319
LOC112047234,NW_019862885.1,-,MXE_exon2,0.017167107,-0.029,647594,648040,NW_019862885.1_647594_648040
LOC112045687,NW_019862838.1,-,MXE_exon2,0,0.391,370806,371078,NW_019862838.1_370806_371078
LOC112053443,NW_019862760.1,+,MXE_exon2,4.87E-06,0.023,80224,80475,NW_019862760.1_80224_80475
LOC112053443,NW_019862760.1,+,MXE_exon2,9.16E-05,-0.019,80224,80475,NW_019862760.1_80224_80475
LOC112053443,NW_019862760.1,+,MXE_exon2,0.022545355,0.031,80224,80475,NW_019862760.1_80224_80475
LOC112053443,NW_019862760.1,+,MXE_exon2,4.47E-07,-0.087,80224,80475,NW_019862760.1_80224_80475
LOC112053443,NW_019862760.1,+,MXE_exon2,0,-0.092,80224,80475,NW_019862760.1_80224_80475
LOC112045354,NW_019862829.1,+,MXE_exon2,0.024230557,0.122,211061,211352,NW_019862829.1_211061_211352
LOC112050692,NW_019863038.1,+,MXE_exon2,3.66E-08,-0.107,202363,202759,NW_019863038.1_202363_202759
LOC112050692,NW_019863038.1,+,MXE_exon2,3.64E-08,-0.132,205085,205401,NW_019863038.1_205085_205401
LOC112055393,NW_019862762.1,+,MXE_exon2,0.024133385,0.088,269758,270109,NW_019862762.1_269758_270109
LOC112050433,NW_019863023.1,-,MXE_exon2,0.001167158,0.101,74104,74467,NW_019863023.1_74104_74467
LOC112055070,NW_019863455.1,+,MXE_exon2,3.93E-06,0.344,127432,127781,NW_019863455.1_127432_127781
LOC112048373,NW_019862927.1,+,MXE_exon2,0.01394255,0.093,63284,63580,NW_019862927.1_63284_63580
LOC112048373,NW_019862927.1,+,MXE_exon2,2.20E-05,-0.158,63284,63580,NW_019862927.1_63284_63580
LOC112058448,NW_019862776.1,-,MXE_exon2,0.016700836,-0.039,1582405,1582737,NW_019862776.1_1582405_1582737
LOC112056116,NW_019863706.1,+,MXE_exon2,5.02E-06,-0.387,44663,45021,NW_019863706.1_44663_45021
LOC112048826,NW_019862946.1,+,MXE_exon2,1.89E-07,-0.129,531472,531808,NW_019862946.1_531472_531808
LOC112043083,NW_019862785.1,-,MXE_exon2,0.046532275,-0.043,585084,585447,NW_019862785.1_585084_585447
LOC112047518,NW_019862895.1,-,MXE_exon2,0,-0.293,761674,762117,NW_019862895.1_761674_762117
LOC112043723,NW_019862795.1,+,MXE_exon2,0.001309149,-0.152,1220427,1220710,NW_019862795.1_1220427_1220710
LOC112050796,NW_019863043.1,+,MXE_exon2,0.036835325,0.14,47320,47641,NW_019863043.1_47320_47641
LOC112051071,NW_019863061.1,+,MXE_exon2,0.021731576,0.226,39870,40143,NW_019863061.1_39870_40143
LOC112053999,NW_019862760.1,+,MXE_exon2,9.58E-11,0.345,2304988,2305291,NW_019862760.1_2304988_2305291
LOC112053999,NW_019862760.1,+,MXE_exon2,0.006947037,0.133,2304988,2305291,NW_019862760.1_2304988_2305291
LOC112053999,NW_019862760.1,+,MXE_exon2,2.96E-05,0.129,2304988,2305291,NW_019862760.1_2304988_2305291
LOC112049870,NW_019862756.1,-,MXE_exon2,0.035149498,0.088,622598,623129,NW_019862756.1_622598_623129
LOC112053043,NW_019863200.1,+,MXE_exon2,0.007304736,-0.031,143154,143556,NW_019863200.1_143154_143556
LOC112051313,NW_019863074.1,+,MXE_exon2,0.032042202,0.282,112429,112667,NW_019863074.1_112429_112667
LOC112051313,NW_019863074.1,+,MXE_exon2,1.50E-08,0.059,155197,155614,NW_019863074.1_155197_155614
LOC112051313,NW_019863074.1,+,MXE_exon2,8.03E-05,0.108,178607,178938,NW_019863074.1_178607_178938
LOC112046887,NW_019862874.1,-,MXE_exon2,1.07E-07,-0.08,20845,21197,NW_019862874.1_20845_21197
LOC112047356,NW_019862890.1,+,MXE_exon2,0.022744222,0.216,326214,326581,NW_019862890.1_326214_326581
LOC112050877,NW_019863048.1,-,MXE_exon2,0.000948681,-0.206,159842,160192,NW_019863048.1_159842_160192
LOC112043853,NW_019862799.1,-,MXE_exon2,0.013305827,0.318,848944,849219,NW_019862799.1_848944_849219
LOC112043311,NW_019862788.1,-,MXE_exon2,0.001720166,-0.099,706157,706472,NW_019862788.1_706157_706472
LOC112046528,NW_019862860.1,+,MXE_exon2,0.018484758,-0.029,503257,503612,NW_019862860.1_503257_503612
LOC112046528,NW_019862860.1,+,MXE_exon2,0.043582084,-0.022,503257,503612,NW_019862860.1_503257_503612
LOC112046528,NW_019862860.1,+,MXE_exon2,0,-0.235,503257,503612,NW_019862860.1_503257_503612
LOC112046528,NW_019862860.1,+,MXE_exon2,5.19E-14,-0.136,503257,503612,NW_019862860.1_503257_503612
LOC112055216,NW_019862748.1,-,MXE_exon2,3.35E-06,-0.197,4874351,4874661,NW_019862748.1_4874351_4874661
LOC112052405,NW_019862759.1,+,MXE_exon2,0.000629255,-0.099,117319,117742,NW_019862759.1_117319_117742
LOC112056453,NW_019863828.1,+,MXE_exon2,0.041731809,0.07,8184,8562,NW_019863828.1_8184_8562
LOC112054440,NW_019863357.1,+,MXE_exon2,1.33E-06,-0.027,134896,135195,NW_019863357.1_134896_135195
LOC112043538,NW_019862792.1,-,MXE_exon2,5.85E-05,-0.289,115945,116299,NW_019862792.1_115945_116299
LOC112055008,NW_019863446.1,+,MXE_exon2,5.18E-07,-0.555,80472,80826,NW_019863446.1_80472_80826
LOC112053496,NW_019863246.1,-,MXE_exon2,0.049388276,0.154,83467,83748,NW_019863246.1_83467_83748
LOC112054617,NW_019863384.1,-,MXE_exon2,0.005857829,-0.056,106387,107100,NW_019863384.1_106387_107100
LOC112057044,NW_019864244.1,-,MXE_exon2,1.05E-06,-0.223,3469,3907,NW_019864244.1_3469_3907
LOC112057044,NW_019864244.1,-,MXE_exon2,0.039928915,-0.107,5690,6057,NW_019864244.1_5690_6057
LOC112057044,NW_019864244.1,-,MXE_exon2,0,0.242,7978,8350,NW_019864244.1_7978_8350
LOC112048256,NW_019862922.1,-,MXE_exon2,0.031761559,-0.144,699273,699578,NW_019862922.1_699273_699578
LOC112053610,NW_019863260.1,-,MXE_exon2,0.019183022,-0.403,197742,198068,NW_019863260.1_197742_198068
LOC112058009,NW_019862770.1,-,MXE_exon2,0.001209393,-0.079,1698713,1699031,NW_019862770.1_1698713_1699031
LOC112058550,NW_019862778.1,-,MXE_exon2,0,-0.286,1103134,1103465,NW_019862778.1_1103134_1103465
LOC112046846,NW_019862873.1,+,MXE_exon2,1.52E-05,-0.249,340159,340458,NW_019862873.1_340159_340458
LOC112052001,NW_019863118.1,-,MXE_exon2,0.022899713,-0.105,162601,163161,NW_019863118.1_162601_163161
LOC112052001,NW_019863118.1,-,MXE_exon2,0.026338272,0.111,191763,191988,NW_019863118.1_191763_191988
LOC112052374,NW_019863143.1,+,MXE_exon2,0.012319512,0.069,134650,134957,NW_019863143.1_134650_134957
LOC112052867,NW_019863182.1,-,MXE_exon2,0,0.552,232671,233037,NW_019863182.1_232671_233037
LOC112048885,NW_019862949.1,-,MXE_exon2,0.015740172,-0.168,482544,482900,NW_019862949.1_482544_482900
LOC112058044,NW_019862770.1,+,MXE_exon2,0.000239246,0.122,801910,802332,NW_019862770.1_801910_802332
LOC112052801,NW_019863177.1,+,MXE_exon2,6.21E-05,0.119,209136,209416,NW_019863177.1_209136_209416
LOC112051523,NW_019863087.1,+,MXE_exon2,0,-0.213,179358,179694,NW_019863087.1_179358_179694
LOC112051523,NW_019863087.1,+,MXE_exon2,0.000755142,-0.073,190330,190675,NW_019863087.1_190330_190675
LOC112051523,NW_019863087.1,+,MXE_exon2,0.000105804,0.042,187387,187730,NW_019863087.1_187387_187730
LOC112052426,NW_019862759.1,+,MXE_exon2,0.001028128,0.14,143401,143737,NW_019862759.1_143401_143737
LOC112044491,NW_019862810.1,+,MXE_exon2,1.03E-10,-0.294,733672,733986,NW_019862810.1_733672_733986
LOC112049219,NW_019862964.1,-,MXE_exon2,4.64E-06,-0.3,412465,412816,NW_019862964.1_412465_412816
LOC112047846,NW_019862906.1,-,MXE_exon2,0.004399938,-0.084,88060,88447,NW_019862906.1_88060_88447
LOC112047558,NW_019862896.1,+,MXE_exon2,8.19E-12,-0.151,457179,457544,NW_019862896.1_457179_457544
LOC112047558,NW_019862896.1,+,MXE_exon2,3.49E-14,-0.229,465359,465770,NW_019862896.1_465359_465770
LOC112047558,NW_019862896.1,+,MXE_exon2,0,0.236,465359,465770,NW_019862896.1_465359_465770
LOC112051371,NW_019863078.1,-,MXE_exon2,3.99E-11,0.233,45597,45993,NW_019863078.1_45597_45993
LOC112047767,NW_019862904.1,-,MXE_exon2,0.025725994,0.075,1054980,1055262,NW_019862904.1_1054980_1055262
LOC112052404,NW_019863145.1,+,MXE_exon2,0.027914863,-0.03,103901,104203,NW_019863145.1_103901_104203
LOC112046330,NW_019862855.1,-,MXE_exon2,0.000107263,0.02,270859,271185,NW_019862855.1_270859_271185
LOC112046330,NW_019862855.1,-,MXE_exon2,0.049863481,-0.062,270859,271185,NW_019862855.1_270859_271185
LOC112044155,NW_019862804.1,-,MXE_exon2,4.64E-05,0.464,555777,556206,NW_019862804.1_555777_556206
LOC112051008,NW_019863056.1,-,MXE_exon2,3.66E-05,-0.118,118157,118459,NW_019863056.1_118157_118459
LOC112051008,NW_019863056.1,-,MXE_exon2,0.005711204,-0.054,118157,118459,NW_019863056.1_118157_118459
LOC112052147,NW_019863130.1,-,MXE_exon2,3.30E-05,-0.314,4146,4961,NW_019863130.1_4146_4961
LOC112048889,NW_019862950.1,+,MXE_exon2,5.12E-06,-0.206,215484,215887,NW_019862950.1_215484_215887
LOC112053596,NW_019863259.1,+,MXE_exon2,0.001888662,-0.089,305454,305741,NW_019863259.1_305454_305741
LOC112053596,NW_019863259.1,+,MXE_exon2,0,0.077,314271,314579,NW_019863259.1_314271_314579
LOC112048517,NW_019862933.1,-,MXE_exon2,0.04533957,0.098,639087,639409,NW_019862933.1_639087_639409
LOC112050425,NW_019863022.1,+,MXE_exon2,0.010448028,0.151,299585,299909,NW_019863022.1_299585_299909
LOC112044077,NW_019862803.1,+,MXE_exon2,0,0.307,139024,139386,NW_019862803.1_139024_139386
LOC112057832,NW_019862767.1,-,MXE_exon2,0.012908132,0.103,785223,785607,NW_019862767.1_785223_785607
LOC112057832,NW_019862767.1,-,MXE_exon2,2.63E-05,0.409,786358,786701,NW_019862767.1_786358_786701
LOC112057832,NW_019862767.1,-,MXE_exon2,0.005090824,-0.341,813225,813549,NW_019862767.1_813225_813549
LOC112048011,NW_019862912.1,+,MXE_exon2,0.000521612,-0.396,498873,499169,NW_019862912.1_498873_499169
LOC112053424,NW_019863240.1,-,MXE_exon2,0.042315229,-0.209,197475,197810,NW_019863240.1_197475_197810
LOC112055526,NW_019863545.1,-,MXE_exon2,4.47E-09,0.084,77266,77547,NW_019863545.1_77266_77547
LOC112050999,NW_019863056.1,+,MXE_exon2,0.000777066,0.239,176744,177236,NW_019863056.1_176744_177236
LOC112049052,NW_019862956.1,-,MXE_exon2,0.03955773,0.052,481391,481790,NW_019862956.1_481391_481790
LOC112056425,NW_019863810.1,-,MXE_exon2,0.043434332,0.154,40720,41013,NW_019863810.1_40720_41013
LOC112056425,NW_019863810.1,-,MXE_exon2,0.000491221,0.18,40720,41013,NW_019863810.1_40720_41013
LOC112058374,NW_019862775.1,+,MXE_exon2,0,-0.345,1560060,1560408,NW_019862775.1_1560060_1560408
LOC112054334,NW_019863346.1,-,MXE_exon2,0.000451045,0.092,52413,52793,NW_019863346.1_52413_52793
LOC112049747,NW_019862987.1,-,MXE_exon2,0,0.259,479736,480300,NW_019862987.1_479736_480300
LOC112050886,NW_019863048.1,+,MXE_exon2,1.48E-06,-0.274,281235,281571,NW_019863048.1_281235_281571
LOC112050886,NW_019863048.1,+,MXE_exon2,0.001856995,-0.13,286609,286953,NW_019863048.1_286609_286953
LOC112050886,NW_019863048.1,+,MXE_exon2,1.20E-05,0.137,287959,288259,NW_019863048.1_287959_288259
LOC112044843,NW_019862818.1,-,MXE_exon2,0.014757013,-0.184,228008,228313,NW_019862818.1_228008_228313
LOC112043406,NW_019862790.1,+,MXE_exon2,0.027915119,0.081,28654,28972,NW_019862790.1_28654_28972
LOC112045475,NW_019862752.1,-,MXE_exon2,0,-0.538,530791,531097,NW_019862752.1_530791_531097
LOC112045475,NW_019862752.1,-,MXE_exon2,0,-0.147,531435,531759,NW_019862752.1_531435_531759
LOC112045475,NW_019862752.1,-,MXE_exon2,2.56E-06,0.099,539282,539715,NW_019862752.1_539282_539715
LOC112045475,NW_019862752.1,-,MXE_exon2,0,-0.23,539282,539715,NW_019862752.1_539282_539715
LOC112051655,NW_019863094.1,-,MXE_exon2,3.19E-05,-0.131,188025,188325,NW_019863094.1_188025_188325
LOC112046894,NW_019862874.1,+,MXE_exon2,0.005746065,0.075,277933,278285,NW_019862874.1_277933_278285
LOC112046894,NW_019862874.1,+,MXE_exon2,3.76E-06,0.102,286841,287204,NW_019862874.1_286841_287204
LOC112046894,NW_019862874.1,+,MXE_exon2,3.11E-06,-0.072,271770,272133,NW_019862874.1_271770_272133
LOC112046894,NW_019862874.1,+,MXE_exon2,0,0.239,272302,272919,NW_019862874.1_272302_272919
LOC112046894,NW_019862874.1,+,MXE_exon2,0,0.159,286841,287204,NW_019862874.1_286841_287204
LOC112046894,NW_019862874.1,+,MXE_exon2,2.70E-07,-0.142,277933,278285,NW_019862874.1_277933_278285
LOC112046894,NW_019862874.1,+,MXE_exon2,0,0.068,305429,305741,NW_019862874.1_305429_305741
LOC112046894,NW_019862874.1,+,MXE_exon2,0.025200917,-0.062,305429,305741,NW_019862874.1_305429_305741
LOC112054600,NW_019863381.1,-,MXE_exon2,0.016065732,-0.186,68500,68851,NW_019863381.1_68500_68851
LOC112052375,NW_019863143.1,+,MXE_exon2,3.61E-05,0.145,162748,163010,NW_019863143.1_162748_163010
LOC112046036,NW_019862846.1,-,MXE_exon2,0.002668382,-0.199,635987,636746,NW_019862846.1_635987_636746
LOC112046474,NW_019862858.1,-,MXE_exon2,3.52E-10,-0.226,856308,856673,NW_019862858.1_856308_856673
LOC112053315,NW_019863228.1,+,MXE_exon2,0.006723063,-0.16,151548,151881,NW_019863228.1_151548_151881
LOC112049557,NW_019862978.1,+,MXE_exon2,0,0.301,97692,98024,NW_019862978.1_97692_98024
LOC112048501,NW_019862933.1,+,MXE_exon2,0.006874635,-0.072,12084,12454,NW_019862933.1_12084_12454
LOC112058326,NW_019862774.1,-,MXE_exon2,0.000331873,0.246,1343742,1344108,NW_019862774.1_1343742_1344108
LOC112046332,NW_019862855.1,-,MXE_exon2,0.000185935,-0.344,636783,637209,NW_019862855.1_636783_637209
LOC112046332,NW_019862855.1,-,MXE_exon2,3.03E-06,-0.506,636783,637209,NW_019862855.1_636783_637209
LOC112052049,NW_019863120.1,+,MXE_exon2,0.044310797,-0.072,266438,266871,NW_019863120.1_266438_266871
LOC112046143,NW_019862849.1,+,MXE_exon2,0.0215946,-0.145,173591,173883,NW_019862849.1_173591_173883
LOC112044967,NW_019862751.1,+,MXE_exon2,0.017390965,-0.08,1775770,1776082,NW_019862751.1_1775770_1776082
LOC112044967,NW_019862751.1,+,MXE_exon2,0.011556735,-0.074,1780046,1780374,NW_019862751.1_1780046_1780374
LOC112044967,NW_019862751.1,+,MXE_exon2,0.023680849,-0.07,1781661,1782004,NW_019862751.1_1781661_1782004
LOC112058207,NW_019862772.1,+,MXE_exon2,4.03E-06,-0.296,1706191,1706558,NW_019862772.1_1706191_1706558
LOC112046768,NW_019862870.1,-,MXE_exon2,1.49E-07,-0.524,184893,185200,NW_019862870.1_184893_185200
LOC112052141,NW_019863130.1,-,MXE_exon2,0.003273815,0.08,107732,108073,NW_019863130.1_107732_108073
LOC112048398,NW_019862929.1,+,MXE_exon2,3.49E-14,-0.143,271080,271419,NW_019862929.1_271080_271419
LOC112044389,NW_019862808.1,-,MXE_exon2,0.048695728,0.179,105757,106026,NW_019862808.1_105757_106026
LOC112045804,NW_019862841.1,+,MXE_exon2,0.035397766,0.177,591113,591538,NW_019862841.1_591113_591538
LOC112051009,NW_019862757.1,+,MXE_exon2,0.014294452,0.171,494983,495303,NW_019862757.1_494983_495303
LOC112043877,NW_019862799.1,+,MXE_exon2,1.92E-06,-0.145,791727,792111,NW_019862799.1_791727_792111
LOC112052060,NW_019863122.1,-,MXE_exon2,0.04384878,0.328,25290,25632,NW_019863122.1_25290_25632
LOC112050317,NW_019863017.1,-,MXE_exon2,0.008457284,-0.1,259081,259422,NW_019863017.1_259081_259422
LOC112045157,NW_019862825.1,-,MXE_exon2,0.041023109,0.126,29203,29573,NW_019862825.1_29203_29573
LOC112056178,NW_019863729.1,+,MXE_exon2,0.003243451,0.11,61904,62295,NW_019863729.1_61904_62295
LOC112049503,NW_019862976.1,-,MXE_exon2,0,-0.228,436973,437236,NW_019862976.1_436973_437236
LOC112049503,NW_019862976.1,-,MXE_exon2,0,-0.593,436973,437236,NW_019862976.1_436973_437236
LOC112049503,NW_019862976.1,-,MXE_exon2,0.000336518,0.09,441669,441940,NW_019862976.1_441669_441940
LOC112049503,NW_019862976.1,-,MXE_exon2,0.000177007,0.089,441669,441940,NW_019862976.1_441669_441940
LOC112057680,NW_019862765.1,+,MXE_exon2,0.035047755,0.142,960450,960782,NW_019862765.1_960450_960782
LOC112045952,NW_019862844.1,+,MXE_exon2,9.63E-05,0.116,271464,271829,NW_019862844.1_271464_271829
LOC112046118,NW_019862848.1,+,MXE_exon2,0.032352187,0.217,304644,305287,NW_019862848.1_304644_305287
LOC112046462,NW_019862858.1,+,MXE_exon2,0.000600006,0.181,462855,463288,NW_019862858.1_462855_463288
LOC112043224,NW_019862787.1,-,MXE_exon2,2.63E-06,0.223,835118,835559,NW_019862787.1_835118_835559
LOC112055863,NW_019863640.1,+,MXE_exon2,0.02582323,-0.13,27657,28088,NW_019863640.1_27657_28088
LOC112055262,NW_019862762.1,-,MXE_exon2,0.044034117,0.022,188754,189086,NW_019862762.1_188754_189086
LOC112057654,NW_019862765.1,-,MXE_exon2,0.005474669,0.047,51837,52116,NW_019862765.1_51837_52116
LOC112055555,NW_019863549.1,-,MXE_exon2,6.18E-05,0.254,72094,72453,NW_019863549.1_72094_72453
LOC112058366,NW_019862749.1,-,MXE_exon2,0.005701094,-0.148,785466,785822,NW_019862749.1_785466_785822
LOC112042929,NW_019862782.1,+,MXE_exon2,1.57E-06,-0.549,928811,929188,NW_019862782.1_928811_929188
LOC112054606,NW_019863381.1,-,MXE_exon2,0,-0.432,121851,122221,NW_019863381.1_121851_122221
LOC112042935,NW_019862782.1,-,MXE_exon2,0,0.326,1153148,1153444,NW_019862782.1_1153148_1153444
LOC112042935,NW_019862782.1,-,MXE_exon2,1.98E-10,0.177,1164704,1164988,NW_019862782.1_1164704_1164988
LOC112046298,NW_019862752.1,-,MXE_exon2,6.59E-05,-0.091,2666514,2666891,NW_019862752.1_2666514_2666891
LOC112047844,NW_019862905.1,-,MXE_exon2,0.000816061,0.079,641720,641984,NW_019862905.1_641720_641984
LOC112050550,NW_019863028.1,-,MXE_exon2,3.53E-05,-0.473,368260,368567,NW_019863028.1_368260_368567
LOC112057988,NW_019862770.1,+,MXE_exon2,0.046295633,0.077,1261035,1261421,NW_019862770.1_1261035_1261421
LOC112054124,NW_019863321.1,-,MXE_exon2,0.002873599,-0.304,97669,97959,NW_019863321.1_97669_97959
LOC112044957,NW_019862751.1,-,MXE_exon2,0.019334043,0.087,1758978,1759480,NW_019862751.1_1758978_1759480
LOC112048983,NW_019862954.1,-,MXE_exon2,1.25E-05,-0.307,303385,303796,NW_019862954.1_303385_303796
LOC112051468,NW_019863084.1,+,MXE_exon2,0.008220714,-0.09,90872,91196,NW_019863084.1_90872_91196
LOC112057021,NW_019862764.1,+,MXE_exon2,9.77E-06,0.198,1517095,1517483,NW_019862764.1_1517095_1517483
LOC112048050,NW_019862754.1,-,MXE_exon2,0.038611095,-0.02,1610691,1610992,NW_019862754.1_1610691_1610992
LOC112045098,NW_019862823.1,-,MXE_exon2,0.04353818,0.08,98027,98287,NW_019862823.1_98027_98287
LOC112046122,NW_019862752.1,-,MXE_exon2,0.00046524,-0.144,1921119,1921419,NW_019862752.1_1921119_1921419
LOC112055365,NW_019863507.1,+,MXE_exon2,0.0078346,-0.207,54355,54683,NW_019863507.1_54355_54683
LOC112050791,NW_019863043.1,-,MXE_exon2,0.00216415,-0.079,162639,162938,NW_019863043.1_162639_162938
LOC112058256,NW_019862749.1,+,MXE_exon2,0.019515472,-0.105,507882,508249,NW_019862749.1_507882_508249
LOC112050048,NW_019863003.1,-,MXE_exon2,0.001524972,0.166,348182,348417,NW_019863003.1_348182_348417
LOC112043390,NW_019862789.1,+,MXE_exon2,0.043731721,0.366,1299821,1300340,NW_019862789.1_1299821_1300340
LOC112058532,NW_019862778.1,+,MXE_exon2,0,-0.73,685996,686328,NW_019862778.1_685996_686328
LOC112049888,NW_019862996.1,-,MXE_exon2,0.028620737,-0.102,301941,302295,NW_019862996.1_301941_302295
LOC112048898,NW_019862755.1,-,MXE_exon2,7.13E-13,0.134,1307106,1307609,NW_019862755.1_1307106_1307609
LOC112048898,NW_019862755.1,-,MXE_exon2,7.83E-12,-0.154,1307106,1307609,NW_019862755.1_1307106_1307609
LOC112052786,NW_019862759.1,-,MXE_exon2,0.001937616,0.146,855078,855439,NW_019862759.1_855078_855439
LOC112047056,NW_019862881.1,-,MXE_exon2,0.000962479,-0.158,168136,168488,NW_019862881.1_168136_168488
LOC112044396,NW_019862748.1,+,MXE_exon2,0.011540699,0.094,1405095,1405472,NW_019862748.1_1405095_1405472
LOC112046693,NW_019862867.1,+,MXE_exon2,0,-0.648,673743,674132,NW_019862867.1_673743_674132
LOC112046693,NW_019862867.1,+,MXE_exon2,0,-0.631,673743,674132,NW_019862867.1_673743_674132
LOC112046693,NW_019862867.1,+,MXE_exon2,0,-0.305,675284,675631,NW_019862867.1_675284_675631
LOC112046693,NW_019862867.1,+,MXE_exon2,0,-0.299,675287,675631,NW_019862867.1_675287_675631
LOC112046693,NW_019862867.1,+,MXE_exon2,0,0.283,675284,675631,NW_019862867.1_675284_675631
LOC112046693,NW_019862867.1,+,MXE_exon2,0,0.267,675287,675631,NW_019862867.1_675287_675631
LOC112046693,NW_019862867.1,+,MXE_exon2,0,-0.328,677476,677770,NW_019862867.1_677476_677770
LOC112046693,NW_019862867.1,+,MXE_exon2,0,0.388,677476,677770,NW_019862867.1_677476_677770
LOC112056438,NW_019862763.1,+,MXE_exon2,0.023114324,-0.282,1725483,1725812,NW_019862763.1_1725483_1725812
LOC112056457,NW_019863828.1,-,MXE_exon2,0.000343697,-0.077,31635,31949,NW_019863828.1_31635_31949
LOC112043372,NW_019862789.1,-,MXE_exon2,0.00159207,-0.124,498773,499136,NW_019862789.1_498773_499136
LOC112043372,NW_019862789.1,-,MXE_exon2,0.001079284,-0.1,552450,552683,NW_019862789.1_552450_552683
LOC112044824,NW_019862818.1,+,MXE_exon2,0.016773439,-0.056,968060,968447,NW_019862818.1_968060_968447
LOC112048334,NW_019862754.1,+,MXE_exon2,1.68E-12,0.15,2460391,2461235,NW_019862754.1_2460391_2461235
LOC112048334,NW_019862754.1,+,MXE_exon2,2.06E-11,-0.143,2462300,2462601,NW_019862754.1_2462300_2462601
LOC112048334,NW_019862754.1,+,MXE_exon2,3.83E-07,-0.112,2465662,2465975,NW_019862754.1_2465662_2465975
LOC112048334,NW_019862754.1,+,MXE_exon2,9.88E-06,0.118,2462300,2462601,NW_019862754.1_2462300_2462601
LOC112048186,NW_019862920.1,-,MXE_exon2,5.09E-05,0.23,290178,290595,NW_019862920.1_290178_290595
LOC112048186,NW_019862920.1,-,MXE_exon2,0.025873996,0.258,373375,373631,NW_019862920.1_373375_373631
LOC112048035,NW_019862913.1,-,MXE_exon2,0.000104908,0.356,291440,291873,NW_019862913.1_291440_291873
LOC112048035,NW_019862913.1,-,MXE_exon2,9.32E-08,0.222,291440,291882,NW_019862913.1_291440_291882
LOC112048035,NW_019862913.1,-,MXE_exon2,0.029086231,0.032,291440,291873,NW_019862913.1_291440_291873
LOC112048035,NW_019862913.1,-,MXE_exon2,5.96E-12,0.168,291440,291873,NW_019862913.1_291440_291873
LOC112048035,NW_019862913.1,-,MXE_exon2,0,0.178,291440,291882,NW_019862913.1_291440_291882
LOC112048035,NW_019862913.1,-,MXE_exon2,6.45E-13,0.208,312890,313514,NW_019862913.1_312890_313514
LOC112048035,NW_019862913.1,-,MXE_exon2,0,-0.286,291440,291873,NW_019862913.1_291440_291873
LOC112048035,NW_019862913.1,-,MXE_exon2,9.17E-15,-0.062,291440,291882,NW_019862913.1_291440_291882
LOC112048035,NW_019862913.1,-,MXE_exon2,2.37E-09,0.219,312890,313514,NW_019862913.1_312890_313514
LOC112052885,NW_019862759.1,+,MXE_exon2,0,0.237,1125173,1125518,NW_019862759.1_1125173_1125518
LOC112052885,NW_019862759.1,+,MXE_exon2,3.92E-06,0.123,1129679,1130115,NW_019862759.1_1129679_1130115
LOC112054850,NW_019863425.1,+,MXE_exon2,0.002938471,0.12,59371,59699,NW_019863425.1_59371_59699
LOC112052763,NW_019863173.1,+,MXE_exon2,0.020050332,0.108,78792,79122,NW_019863173.1_78792_79122
LOC112052849,NW_019863181.1,-,MXE_exon2,0.028525588,-0.024,168104,168405,NW_019863181.1_168104_168405
LOC112052849,NW_019863181.1,-,MXE_exon2,0.040607036,0.121,176658,176967,NW_019863181.1_176658_176967
LOC112046979,NW_019862879.1,+,MXE_exon2,0.000216538,-0.086,108932,109365,NW_019862879.1_108932_109365
LOC112047770,NW_019862904.1,+,MXE_exon2,0.024605964,-0.181,1007784,1008102,NW_019862904.1_1007784_1008102
LOC112047770,NW_019862904.1,+,MXE_exon2,6.85E-05,-0.255,1007784,1008102,NW_019862904.1_1007784_1008102
LOC112047162,NW_019862883.1,-,MXE_exon2,0.001409275,-0.222,382684,383001,NW_019862883.1_382684_383001
LOC112053291,NW_019863225.1,-,MXE_exon2,0.004333097,0.088,122273,122601,NW_019863225.1_122273_122601
LOC112053291,NW_019863225.1,-,MXE_exon2,5.77E-13,-0.166,122636,122964,NW_019863225.1_122636_122964
LOC112049278,NW_019862966.1,+,MXE_exon2,0.005227208,-0.11,436798,437183,NW_019862966.1_436798_437183
LOC112052587,NW_019863160.1,+,MXE_exon2,0,-0.187,152932,153346,NW_019863160.1_152932_153346
LOC112054160,NW_019863325.1,+,MXE_exon2,0.040397975,-0.179,264841,265164,NW_019863325.1_264841_265164
LOC112058557,NW_019862749.1,+,MXE_exon2,0.013399443,-0.052,1827783,1828149,NW_019862749.1_1827783_1828149
LOC112049756,NW_019862988.1,-,MXE_exon2,0,-0.472,330231,334276,NW_019862988.1_330231_334276
LOC112054303,NW_019863340.1,-,MXE_exon2,0.014925455,-0.23,165030,165302,NW_019863340.1_165030_165302
LOC112047675,NW_019862754.1,+,MXE_exon2,0.005333967,-0.381,66176,66512,NW_019862754.1_66176_66512
LOC112055996,NW_019863677.1,+,MXE_exon2,0.01055166,-0.084,67143,67415,NW_019863677.1_67143_67415
LOC112051191,NW_019863068.1,+,MXE_exon2,0.00668094,0.073,146510,146832,NW_019863068.1_146510_146832
LOC112054727,NW_019863402.1,-,MXE_exon2,0.018220409,0.031,67964,68250,NW_019863402.1_67964_68250
LOC112054727,NW_019863402.1,-,MXE_exon2,0.003087298,0.048,67964,68250,NW_019863402.1_67964_68250
LOC112054727,NW_019863402.1,-,MXE_exon2,6.15E-08,0.25,71190,71471,NW_019863402.1_71190_71471
LOC112054727,NW_019863402.1,-,MXE_exon2,7.05E-05,0.21,71190,71471,NW_019863402.1_71190_71471
LOC112050490,NW_019863025.1,+,MXE_exon2,0.000299039,-0.106,187862,188197,NW_019863025.1_187862_188197
LOC112050490,NW_019863025.1,+,MXE_exon2,0.000804851,-0.099,187877,188197,NW_019863025.1_187877_188197
LOC112052479,NW_019863151.1,+,MXE_exon2,6.18E-06,-0.165,122740,123021,NW_019863151.1_122740_123021
nbis-pseudo177,NW_019862773.1,-,MXE_exon2,0.007109558,-0.125,709108,709517,NW_019862773.1_709108_709517
LOC112051327,NW_019863075.1,+,MXE_exon2,2.65E-06,0.104,337924,338652,NW_019863075.1_337924_338652
LOC112054260,NW_019862761.1,-,MXE_exon2,0.002491015,0.289,341222,341506,NW_019862761.1_341222_341506
LOC112054966,NW_019863441.1,+,MXE_exon2,0.008193675,-0.297,98099,98467,NW_019863441.1_98099_98467
LOC112044245,NW_019862805.1,-,MXE_exon2,0,0.082,1015065,1015345,NW_019862805.1_1015065_1015345
LOC112044249,NW_019862805.1,-,MXE_exon2,0.002557786,0.459,1214671,1215253,NW_019862805.1_1214671_1215253
LOC112055884,NW_019863649.1,-,MXE_exon2,1.01E-09,-0.118,77037,77389,NW_019863649.1_77037_77389
LOC112052778,NW_019863175.1,-,MXE_exon2,4.42E-07,-0.212,77221,77683,NW_019863175.1_77221_77683
LOC112048533,NW_019862934.1,-,MXE_exon2,3.49E-08,0.359,176635,176934,NW_019862934.1_176635_176934
LOC112048533,NW_019862934.1,-,MXE_exon2,1.85E-06,0.449,176978,177265,NW_019862934.1_176978_177265
LOC112048533,NW_019862934.1,-,MXE_exon2,9.78E-06,-0.448,179550,179849,NW_019862934.1_179550_179849
LOC112048533,NW_019862934.1,-,MXE_exon2,0.040359148,0.4,180523,180822,NW_019862934.1_180523_180822
LOC112048533,NW_019862934.1,-,MXE_exon2,0.041111833,0.4,180523,180822,NW_019862934.1_180523_180822
LOC112048533,NW_019862934.1,-,MXE_exon2,0.043205075,0.4,180523,180822,NW_019862934.1_180523_180822
LOC112048533,NW_019862934.1,-,MXE_exon2,0.000488615,0.096,186322,186702,NW_019862934.1_186322_186702
LOC112047455,NW_019862894.1,+,MXE_exon2,0.016274189,-0.102,532877,533214,NW_019862894.1_532877_533214
LOC112053771,NW_019863280.1,-,MXE_exon2,0.009407062,-0.395,37125,37576,NW_019863280.1_37125_37576
LOC112046576,NW_019862862.1,-,MXE_exon2,9.24E-07,0.272,501288,501724,NW_019862862.1_501288_501724
LOC112053537,NW_019863251.1,-,MXE_exon2,1.32E-05,0.108,173930,174236,NW_019863251.1_173930_174236
LOC112053490,NW_019863245.1,+,MXE_exon2,0.045701216,0.081,4317,4694,NW_019863245.1_4317_4694
LOC112055752,NW_019863602.1,-,MXE_exon2,0.033891769,-0.218,68507,68746,NW_019863602.1_68507_68746
LOC112056304,NW_019863763.1,-,MXE_exon2,2.01E-13,-0.261,45384,45697,NW_019863763.1_45384_45697
LOC112056304,NW_019863763.1,-,MXE_exon2,9.17E-15,-0.595,44785,45142,NW_019863763.1_44785_45142
LOC112056304,NW_019863763.1,-,MXE_exon2,0,-0.497,45574,46122,NW_019863763.1_45574_46122
LOC112043384,NW_019862789.1,-,MXE_exon2,0.003936009,0.155,1023619,1023859,NW_019862789.1_1023619_1023859
LOC112046213,NW_019862850.1,+,MXE_exon2,0.011062508,0.136,505085,505422,NW_019862850.1_505085_505422
LOC112048047,NW_019862914.1,-,MXE_exon2,0.006279554,0.172,451402,451778,NW_019862914.1_451402_451778
LOC112051981,NW_019863117.1,+,MXE_exon2,0.00012828,0.207,260324,260713,NW_019863117.1_260324_260713
LOC112056740,NW_019862764.1,+,MXE_exon2,0.000660678,-0.355,43457,43768,NW_019862764.1_43457_43768
LOC112056937,NW_019862764.1,+,MXE_exon2,0.001445059,-0.097,1063480,1063856,NW_019862764.1_1063480_1063856
LOC112056937,NW_019862764.1,+,MXE_exon2,0.001445059,-0.097,1063483,1063856,NW_019862764.1_1063483_1063856
LOC112052747,NW_019862759.1,-,MXE_exon2,0.039218709,0.087,626864,627190,NW_019862759.1_626864_627190
LOC112047068,NW_019862881.1,+,MXE_exon2,0.006045247,-0.167,108107,108638,NW_019862881.1_108107_108638
LOC112053476,NW_019863244.1,+,MXE_exon2,0.001218904,-0.148,131650,131995,NW_019863244.1_131650_131995
LOC112052748,NW_019863172.1,+,MXE_exon2,0.000234444,0.2,262275,262588,NW_019863172.1_262275_262588
LOC112052748,NW_019863172.1,+,MXE_exon2,1.13E-06,-0.08,262275,262588,NW_019863172.1_262275_262588
LOC112052748,NW_019863172.1,+,MXE_exon2,0.030960884,0.08,263359,263702,NW_019863172.1_263359_263702
LOC112044311,NW_019862806.1,+,MXE_exon2,0.048498905,-0.087,815706,816175,NW_019862806.1_815706_816175
LOC112058156,NW_019862772.1,-,MXE_exon2,4.59E-05,-0.135,1145928,1146233,NW_019862772.1_1145928_1146233
LOC112058156,NW_019862772.1,-,MXE_exon2,2.41E-05,-0.101,1145928,1146233,NW_019862772.1_1145928_1146233
LOC112058156,NW_019862772.1,-,MXE_exon2,2.56E-05,-0.128,1145928,1146233,NW_019862772.1_1145928_1146233
LOC112058156,NW_019862772.1,-,MXE_exon2,0.000885832,-0.072,1146611,1146910,NW_019862772.1_1146611_1146910
LOC112058156,NW_019862772.1,-,MXE_exon2,0.000912053,-0.073,1146611,1146910,NW_019862772.1_1146611_1146910
LOC112058156,NW_019862772.1,-,MXE_exon2,0.047100522,-0.1,1147105,1147413,NW_019862772.1_1147105_1147413
LOC112054869,NW_019863427.1,-,MXE_exon2,0.004180947,-0.157,51599,51976,NW_019863427.1_51599_51976
LOC112054875,NW_019863427.1,+,MXE_exon2,1.74E-06,0.116,114684,115043,NW_019863427.1_114684_115043
LOC112052031,NW_019863119.1,+,MXE_exon2,0.043521491,0.094,211192,211522,NW_019863119.1_211192_211522
LOC112057294,NW_019862764.1,-,MXE_exon2,0,0.141,2263032,2263348,NW_019862764.1_2263032_2263348
LOC112057294,NW_019862764.1,-,MXE_exon2,0,0.168,2263032,2263348,NW_019862764.1_2263032_2263348
LOC112057294,NW_019862764.1,-,MXE_exon2,0,0.173,2265073,2265477,NW_019862764.1_2265073_2265477
LOC112057294,NW_019862764.1,-,MXE_exon2,7.07E-13,0.082,2266783,2267214,NW_019862764.1_2266783_2267214
LOC112047140,NW_019862883.1,+,MXE_exon2,0.018488238,0.095,601205,601612,NW_019862883.1_601205_601612
LOC112055426,NW_019863522.1,+,MXE_exon2,0.049388276,0.103,58780,59139,NW_019863522.1_58780_59139
LOC112055427,NW_019863522.1,-,MXE_exon2,0.002722703,-0.09,75356,75738,NW_019863522.1_75356_75738
LOC112055427,NW_019863522.1,-,MXE_exon2,2.09E-07,0.151,80891,81296,NW_019863522.1_80891_81296
LOC112055427,NW_019863522.1,-,MXE_exon2,1.10E-09,0.204,82425,82802,NW_019863522.1_82425_82802
LOC112056217,NW_019863736.1,-,MXE_exon2,0.027455278,0.155,69956,70220,NW_019863736.1_69956_70220
LOC112053895,NW_019863292.1,-,MXE_exon2,0.016748351,-0.052,35801,36070,NW_019863292.1_35801_36070
LOC112053886,NW_019863292.1,+,MXE_exon2,0.004432589,0.089,150397,150666,NW_019863292.1_150397_150666
LOC112048594,NW_019862936.1,-,MXE_exon2,0.000111967,-0.114,299504,299772,NW_019862936.1_299504_299772
LOC112049011,NW_019862755.1,+,MXE_exon2,6.17E-11,0.253,2065268,2065605,NW_019862755.1_2065268_2065605
LOC112049011,NW_019862755.1,+,MXE_exon2,1.52E-10,0.257,2065313,2065605,NW_019862755.1_2065313_2065605
LOC112058418,NW_019862776.1,-,MXE_exon2,5.03E-06,0.225,812777,813124,NW_019862776.1_812777_813124
LOC112058466,NW_019862776.1,-,MXE_exon2,0.016809409,0.113,824964,825227,NW_019862776.1_824964_825227
LOC112058466,NW_019862776.1,-,MXE_exon2,0,0.272,853450,853779,NW_019862776.1_853450_853779
LOC112054150,NW_019863325.1,+,MXE_exon2,0.026689745,0.362,297653,297945,NW_019863325.1_297653_297945
LOC112057884,NW_019862768.1,+,MXE_exon2,2.24E-05,0.322,1054629,1054980,NW_019862768.1_1054629_1054980
LOC112057890,NW_019862768.1,+,MXE_exon2,0.006246082,0.14,1252991,1253419,NW_019862768.1_1252991_1253419
LOC112047007,NW_019862880.1,+,MXE_exon2,2.94E-09,-0.088,160998,161291,NW_019862880.1_160998_161291
LOC112047007,NW_019862880.1,+,MXE_exon2,9.69E-07,0.121,161337,161699,NW_019862880.1_161337_161699
LOC112047007,NW_019862880.1,+,MXE_exon2,0,0.117,162575,162870,NW_019862880.1_162575_162870
LOC112047001,NW_019862880.1,+,MXE_exon2,0.031077966,-0.086,345257,345570,NW_019862880.1_345257_345570
LOC112047001,NW_019862880.1,+,MXE_exon2,0.009573696,0.072,349710,350034,NW_019862880.1_349710_350034
LOC112047010,NW_019862880.1,-,MXE_exon2,8.92E-09,-0.325,662592,663119,NW_019862880.1_662592_663119
LOC112047010,NW_019862880.1,-,MXE_exon2,0,0.473,662592,663119,NW_019862880.1_662592_663119
LOC112053720,NW_019863276.1,-,MXE_exon2,0,-0.542,158823,159091,NW_019863276.1_158823_159091
LOC112053720,NW_019863276.1,-,MXE_exon2,0,-0.267,158823,159091,NW_019863276.1_158823_159091
LOC112053720,NW_019863276.1,-,MXE_exon2,0,-0.263,171267,171539,NW_019863276.1_171267_171539
LOC112048345,NW_019862926.1,+,MXE_exon2,0.00707494,-0.052,7626,7961,NW_019862926.1_7626_7961
LOC112052880,NW_019863183.1,+,MXE_exon2,7.85E-06,0.5,189384,189696,NW_019863183.1_189384_189696
LOC112049103,NW_019862958.1,-,MXE_exon2,6.22E-06,-0.03,219500,219763,NW_019862958.1_219500_219763
LOC112046732,NW_019862869.1,-,MXE_exon2,1.97E-11,-0.059,37237,37579,NW_019862869.1_37237_37579
LOC112058072,NW_019862771.1,+,MXE_exon2,0.026864626,-0.117,476999,477349,NW_019862771.1_476999_477349
LOC112054323,NW_019863343.1,-,MXE_exon2,0.034161372,-0.082,178660,178963,NW_019863343.1_178660_178963
LOC112056566,NW_019863881.1,+,MXE_exon2,3.54E-05,0.396,35793,36161,NW_019863881.1_35793_36161
LOC112050883,NW_019862757.1,+,MXE_exon2,0.011505065,-0.144,1793699,1794186,NW_019862757.1_1793699_1794186
LOC112045375,NW_019862830.1,-,MXE_exon2,0.045133002,0.216,788852,789210,NW_019862830.1_788852_789210
LOC112055047,NW_019863452.1,+,MXE_exon2,0.004648829,-0.042,14682,14965,NW_019863452.1_14682_14965
LOC112042907,NW_019862781.1,+,MXE_exon2,1.79E-07,-0.19,1620260,1620587,NW_019862781.1_1620260_1620587
LOC112055966,NW_019863669.1,-,MXE_exon2,0.035644639,-0.117,76740,77179,NW_019863669.1_76740_77179
LOC112046182,NW_019862850.1,+,MXE_exon2,5.89E-06,-0.077,383515,383910,NW_019862850.1_383515_383910
LOC112052396,NW_019863145.1,-,MXE_exon2,0.00265367,-0.111,117120,117503,NW_019863145.1_117120_117503
LOC112047813,NW_019862904.1,+,MXE_exon2,6.93E-07,-0.042,970087,970360,NW_019862904.1_970087_970360
LOC112047813,NW_019862904.1,+,MXE_exon2,0.000734684,-0.045,970087,970360,NW_019862904.1_970087_970360
LOC112053155,NW_019863213.1,+,MXE_exon2,1.13E-10,-0.112,126561,127146,NW_019863213.1_126561_127146
LOC112045745,NW_019862840.1,+,MXE_exon2,0.019346582,0.41,260813,261094,NW_019862840.1_260813_261094
LOC112049569,NW_019862979.1,-,MXE_exon2,0,0.322,468023,468288,NW_019862979.1_468023_468288
LOC112049569,NW_019862979.1,-,MXE_exon2,0.026198343,0.016,471177,471582,NW_019862979.1_471177_471582
LOC112055815,NW_019863623.1,-,MXE_exon2,2.20E-05,-0.192,14226,14711,NW_019863623.1_14226_14711
LOC112055815,NW_019863623.1,-,MXE_exon2,4.35E-08,-0.13,17135,17623,NW_019863623.1_17135_17623
LOC112055815,NW_019863623.1,-,MXE_exon2,0.000223206,-0.123,17982,18470,NW_019863623.1_17982_18470
LOC112055815,NW_019863623.1,-,MXE_exon2,0.000278754,-0.192,19121,19615,NW_019863623.1_19121_19615
LOC112055815,NW_019863623.1,-,MXE_exon2,1.55E-06,-0.24,17135,17623,NW_019863623.1_17135_17623
LOC112055815,NW_019863623.1,-,MXE_exon2,1.80E-06,0.184,19121,19615,NW_019863623.1_19121_19615
LOC112055815,NW_019863623.1,-,MXE_exon2,5.24E-10,0.531,19519,20013,NW_019863623.1_19519_20013
LOC112055815,NW_019863623.1,-,MXE_exon2,0.037677537,0.394,19519,20013,NW_019863623.1_19519_20013
LOC112055815,NW_019863623.1,-,MXE_exon2,0.038611095,-0.238,35802,36164,NW_019863623.1_35802_36164
LOC112055815,NW_019863623.1,-,MXE_exon2,0.020455504,-0.379,35802,36164,NW_019863623.1_35802_36164
LOC112055815,NW_019863623.1,-,MXE_exon2,0.029045125,0.075,36316,36678,NW_019863623.1_36316_36678
LOC112056026,NW_019863687.1,+,MXE_exon2,0.003959464,-0.006,55565,55846,NW_019863687.1_55565_55846
LOC112052571,NW_019863159.1,-,MXE_exon2,0.005569644,0.093,21550,21852,NW_019863159.1_21550_21852
LOC112046721,NW_019862753.1,-,MXE_exon2,0.025105543,-0.076,382740,383006,NW_019862753.1_382740_383006
LOC112046735,NW_019862753.1,-,MXE_exon2,1.01E-06,0.256,530989,531343,NW_019862753.1_530989_531343
LOC112046735,NW_019862753.1,-,MXE_exon2,0,-0.39,530989,531343,NW_019862753.1_530989_531343
LOC112047441,NW_019862753.1,+,MXE_exon2,0.001409588,-0.054,1155423,1155705,NW_019862753.1_1155423_1155705
LOC112047055,NW_019862753.1,-,MXE_exon2,0.001942438,-0.202,1467003,1467278,NW_019862753.1_1467003_1467278
LOC112045656,NW_019862837.1,+,MXE_exon2,0.003627581,0.207,364148,364488,NW_019862837.1_364148_364488
LOC112045656,NW_019862837.1,+,MXE_exon2,0.002965058,0.118,381460,381820,NW_019862837.1_381460_381820
LOC112049532,NW_019862977.1,-,MXE_exon2,0.029045125,-0.047,107838,108137,NW_019862977.1_107838_108137
LOC112046086,NW_019862847.1,+,MXE_exon2,1.81E-08,0.257,694933,695289,NW_019862847.1_694933_695289
LOC112044745,NW_019862817.1,+,MXE_exon2,0.016141094,0.279,1014820,1015079,NW_019862817.1_1014820_1015079
LOC112049107,NW_019862958.1,+,MXE_exon2,3.59E-13,-0.185,277959,278410,NW_019862958.1_277959_278410
LOC112049107,NW_019862958.1,+,MXE_exon2,2.80E-13,-0.258,277959,278410,NW_019862958.1_277959_278410
LOC112055175,NW_019863471.1,-,MXE_exon2,0.01566466,-0.009,135122,135521,NW_019863471.1_135122_135521
LOC112053362,NW_019863233.1,-,MXE_exon2,0.018599163,0.279,35657,36079,NW_019863233.1_35657_36079
LOC112052608,NW_019862759.1,-,MXE_exon2,0.0057165,0.262,362642,363157,NW_019862759.1_362642_363157
LOC112052608,NW_019862759.1,-,MXE_exon2,5.79E-06,-0.175,369194,369577,NW_019862759.1_369194_369577
LOC112052608,NW_019862759.1,-,MXE_exon2,0,-0.34,369637,370053,NW_019862759.1_369637_370053
LOC112052608,NW_019862759.1,-,MXE_exon2,0,-0.266,370086,375668,NW_019862759.1_370086_375668
LOC112052608,NW_019862759.1,-,MXE_exon2,0,-0.262,379483,380457,NW_019862759.1_379483_380457
LOC112052987,NW_019863194.1,+,MXE_exon2,0,0.304,108457,108808,NW_019863194.1_108457_108808
LOC112048204,NW_019862921.1,+,MXE_exon2,0.017992501,-0.182,69426,69798,NW_019862921.1_69426_69798
LOC112049701,NW_019862756.1,-,MXE_exon2,0.010389243,-0.061,202804,203197,NW_019862756.1_202804_203197
LOC112049567,NW_019862978.1,-,MXE_exon2,0.016738274,-0.444,463838,464172,NW_019862978.1_463838_464172
LOC112054017,NW_019863306.1,-,MXE_exon2,0.011111299,0.071,89560,89929,NW_019863306.1_89560_89929
LOC112052636,NW_019863165.1,+,MXE_exon2,9.32E-13,-0.202,223472,223761,NW_019863165.1_223472_223761
LOC112044537,NW_019862811.1,-,MXE_exon2,0.015223645,0.025,583638,584041,NW_019862811.1_583638_584041
LOC112053327,NW_019863229.1,-,MXE_exon2,0.0015088,-0.075,84133,84561,NW_019863229.1_84133_84561
LOC112053327,NW_019863229.1,-,MXE_exon2,0.028244172,-0.072,84476,84990,NW_019863229.1_84476_84990
LOC112053847,NW_019863288.1,+,MXE_exon2,0.002346958,-0.051,82408,82709,NW_019863288.1_82408_82709
LOC112043847,NW_019862799.1,-,MXE_exon2,0.032428614,-0.142,703543,703937,NW_019862799.1_703543_703937
LOC112043847,NW_019862799.1,-,MXE_exon2,0.002494249,0.087,705327,705632,NW_019862799.1_705327_705632
LOC112043852,NW_019862799.1,+,MXE_exon2,0.022744222,0.125,882093,882444,NW_019862799.1_882093_882444
LOC112048291,NW_019862924.1,-,MXE_exon2,7.01E-08,0.293,328412,328648,NW_019862924.1_328412_328648
LOC112048290,NW_019862924.1,+,MXE_exon2,0.000366322,-0.129,374372,374726,NW_019862924.1_374372_374726
LOC112052130,NW_019863128.1,-,MXE_exon2,0.034347859,0.204,186478,186772,NW_019863128.1_186478_186772
LOC112052130,NW_019863128.1,-,MXE_exon2,0.000563782,-0.226,186478,186772,NW_019863128.1_186478_186772
LOC112052130,NW_019863128.1,-,MXE_exon2,0.001663839,-0.467,196092,196435,NW_019863128.1_196092_196435
LOC112052130,NW_019863128.1,-,MXE_exon2,1.66E-06,-0.481,196092,196435,NW_019863128.1_196092_196435
LOC112052130,NW_019863128.1,-,MXE_exon2,1.24E-05,-0.485,196092,196435,NW_019863128.1_196092_196435
LOC112052130,NW_019863128.1,-,MXE_exon2,0.000597179,0.377,230839,231119,NW_019863128.1_230839_231119
LOC112052130,NW_019863128.1,-,MXE_exon2,1.45E-05,0.5,247688,247944,NW_019863128.1_247688_247944
LOC112052130,NW_019863128.1,-,MXE_exon2,0.001875622,0.23,247688,247944,NW_019863128.1_247688_247944
LOC112052130,NW_019863128.1,-,MXE_exon2,2.29E-05,-0.5,256923,257179,NW_019863128.1_256923_257179
LOC112052130,NW_019863128.1,-,MXE_exon2,8.90E-05,-0.459,256923,257179,NW_019863128.1_256923_257179
LOC112042894,NW_019862781.1,+,MXE_exon2,2.34E-09,0.242,928135,928462,NW_019862781.1_928135_928462
LOC112044700,NW_019862816.1,+,MXE_exon2,0.023261209,0.137,816660,817117,NW_019862816.1_816660_817117
LOC112043927,NW_019862800.1,-,MXE_exon2,0.001508439,-0.108,562674,564179,NW_019862800.1_562674_564179
LOC112043927,NW_019862800.1,-,MXE_exon2,0.001856995,-0.116,590586,590909,NW_019862800.1_590586_590909
LOC112046029,NW_019862752.1,-,MXE_exon2,1.01E-05,0.259,1855763,1856037,NW_019862752.1_1855763_1856037
LOC112050079,NW_019863005.1,+,MXE_exon2,5.37E-10,-0.257,98808,99343,NW_019863005.1_98808_99343
LOC112043568,NW_019862792.1,+,MXE_exon2,3.17E-08,-0.032,837605,838177,NW_019862792.1_837605_838177
LOC112043089,NW_019862785.1,-,MXE_exon2,0.00472181,0.073,624785,625212,NW_019862785.1_624785_625212
LOC112054180,NW_019863326.1,+,MXE_exon2,0.00037012,0.249,109274,109646,NW_019863326.1_109274_109646
LOC112050624,NW_019863034.1,-,MXE_exon2,0.018924826,0.125,354189,354588,NW_019863034.1_354189_354588
LOC112044902,NW_019862819.1,+,MXE_exon2,0,-0.345,627895,628272,NW_019862819.1_627895_628272
LOC112051465,NW_019863083.1,-,MXE_exon2,0.00022466,0.294,59669,60055,NW_019863083.1_59669_60055
LOC112051462,NW_019863083.1,-,MXE_exon2,0.031260896,-0.204,304509,304783,NW_019863083.1_304509_304783
LOC112044343,NW_019862807.1,+,MXE_exon2,7.01E-06,-0.196,33090,33434,NW_019862807.1_33090_33434
LOC112048138,NW_019862918.1,+,MXE_exon2,3.12E-07,-0.71,446219,446595,NW_019862918.1_446219_446595
LOC112054741,NW_019863404.1,+,MXE_exon2,0.006322585,-0.144,119362,119631,NW_019863404.1_119362_119631
LOC112049719,NW_019862756.1,+,MXE_exon2,1.02E-06,-0.088,220574,221020,NW_019862756.1_220574_221020
LOC112050384,NW_019862756.1,-,MXE_exon2,0.010018907,-0.095,1797902,1798249,NW_019862756.1_1797902_1798249
LOC112058281,NW_019862773.1,-,MXE_exon2,0.004771371,0.087,922287,922633,NW_019862773.1_922287_922633
LOC112054391,NW_019863354.1,-,MXE_exon2,0.02801106,0.133,182777,183108,NW_019863354.1_182777_183108
LOC112053233,NW_019863219.1,-,MXE_exon2,0.011908498,0.189,63965,64412,NW_019863219.1_63965_64412
LOC112046653,NW_019862865.1,+,MXE_exon2,0.030324203,-0.09,465047,465370,NW_019862865.1_465047_465370
LOC112051684,NW_019863097.1,-,MXE_exon2,5.40E-05,0.19,198955,199842,NW_019863097.1_198955_199842
LOC112051684,NW_019863097.1,-,MXE_exon2,0.00728176,-0.162,216218,216510,NW_019863097.1_216218_216510
LOC112056436,NW_019863819.1,+,MXE_exon2,0.030319843,0.143,52234,52551,NW_019863819.1_52234_52551
LOC112048569,NW_019862935.1,-,MXE_exon2,0.045526302,0.175,59888,60253,NW_019862935.1_59888_60253
LOC112055014,NW_019863447.1,-,MXE_exon2,0.006564231,-0.095,62665,64509,NW_019863447.1_62665_64509
LOC112056534,NW_019863866.1,+,MXE_exon2,0.000145771,0.537,49867,50150,NW_019863866.1_49867_50150
LOC112055071,NW_019863455.1,-,MXE_exon2,0.015846366,-0.352,136211,136484,NW_019863455.1_136211_136484
LOC112046091,NW_019862847.1,+,MXE_exon2,1.99E-07,0.287,415401,415740,NW_019862847.1_415401_415740
LOC112046091,NW_019862847.1,+,MXE_exon2,3.10E-07,0.235,415401,415740,NW_019862847.1_415401_415740
LOC112044285,NW_019862806.1,-,MXE_exon2,1.12E-06,-0.159,534557,534877,NW_019862806.1_534557_534877
LOC112054844,NW_019863424.1,+,MXE_exon2,0.001962697,-0.284,91560,91837,NW_019863424.1_91560_91837
LOC112046598,NW_019862863.1,-,MXE_exon2,0.046793102,0.046,814473,814730,NW_019862863.1_814473_814730
LOC112043790,NW_019862797.1,-,MXE_exon2,0,-0.258,103262,103547,NW_019862797.1_103262_103547
LOC112056310,NW_019863765.1,+,MXE_exon2,0.042778613,-0.139,13383,13721,NW_019863765.1_13383_13721
LOC112056309,NW_019863765.1,+,MXE_exon2,0,0.404,41659,41961,NW_019863765.1_41659_41961
LOC112049390,NW_019862970.1,+,MXE_exon2,2.67E-06,-0.276,464188,464607,NW_019862970.1_464188_464607
LOC112047398,NW_019862891.1,-,MXE_exon2,0.027455278,-0.267,409148,409437,NW_019862891.1_409148_409437
LOC112052291,NW_019863138.1,-,MXE_exon2,4.94E-08,0.143,24319,24686,NW_019863138.1_24319_24686
LOC112048460,NW_019862931.1,-,MXE_exon2,3.24E-10,-0.05,241207,241494,NW_019862931.1_241207_241494
LOC112056587,NW_019863891.1,-,MXE_exon2,0.00025198,-0.274,36633,36921,NW_019863891.1_36633_36921
LOC112049764,NW_019862988.1,-,MXE_exon2,0.049701782,-0.072,199347,199709,NW_019862988.1_199347_199709
LOC112046638,NW_019862864.1,+,MXE_exon2,0.030029862,0.042,332160,332435,NW_019862864.1_332160_332435
LOC112046477,NW_019862858.1,+,MXE_exon2,0.026555724,-0.133,646714,647024,NW_019862858.1_646714_647024
LOC112046207,NW_019862850.1,-,MXE_exon2,0.010956667,-0.124,594933,595309,NW_019862850.1_594933_595309
LOC112054447,NW_019862761.1,+,MXE_exon2,0.000173395,0.182,1199279,1199557,NW_019862761.1_1199279_1199557
LOC112052708,NW_019863169.1,-,MXE_exon2,0.018094658,-0.199,193625,194200,NW_019863169.1_193625_194200
LOC112043252,NW_019862787.1,+,MXE_exon2,1.92E-08,-0.255,1490524,1490823,NW_019862787.1_1490524_1490823
LOC112048448,NW_019862930.1,-,MXE_exon2,0.027410291,0.085,464667,465078,NW_019862930.1_464667_465078
LOC112047674,NW_019862900.1,+,MXE_exon2,1.78E-06,0.575,721463,721781,NW_019862900.1_721463_721781
LOC112047674,NW_019862900.1,+,MXE_exon2,2.08E-05,0.417,721968,722256,NW_019862900.1_721968_722256
LOC112051428,NW_019863082.1,-,MXE_exon2,0.008372224,-0.426,137655,137945,NW_019863082.1_137655_137945
LOC112049548,NW_019862978.1,-,MXE_exon2,7.83E-09,0.17,394898,395234,NW_019862978.1_394898_395234
LOC112054438,NW_019862761.1,+,MXE_exon2,0.001991411,0.176,1150705,1151081,NW_019862761.1_1150705_1151081
LOC112049246,NW_019862965.1,-,MXE_exon2,9.26E-05,-0.294,65935,66364,NW_019862965.1_65935_66364
LOC112045357,NW_019862829.1,-,MXE_exon2,7.87E-07,0.053,368534,369063,NW_019862829.1_368534_369063
LOC112055835,NW_019863631.1,-,MXE_exon2,8.80E-06,0.096,52037,54328,NW_019863631.1_52037_54328
LOC112044298,NW_019862806.1,+,MXE_exon2,0.02026556,-0.086,650037,650414,NW_019862806.1_650037_650414
LOC112056212,NW_019863735.1,+,MXE_exon2,0.001791841,-0.259,33863,34240,NW_019863735.1_33863_34240
LOC112053330,NW_019863229.1,-,MXE_exon2,0.0290129,0.073,76712,77099,NW_019863229.1_76712_77099
LOC112045661,NW_019862837.1,-,MXE_exon2,0,-0.316,18236,18611,NW_019862837.1_18236_18611
LOC112045661,NW_019862837.1,-,MXE_exon2,1.66E-08,-0.322,18721,19080,NW_019862837.1_18721_19080
LOC112055471,NW_019863529.1,+,MXE_exon2,0.008066586,-0.369,76688,77107,NW_019863529.1_76688_77107
LOC112055471,NW_019863529.1,+,MXE_exon2,0.01821593,-0.369,77517,77801,NW_019863529.1_77517_77801
LOC112049214,NW_019862755.1,+,MXE_exon2,0.009692499,-0.035,2565500,2565871,NW_019862755.1_2565500_2565871
LOC112049214,NW_019862755.1,+,MXE_exon2,0.00952124,-0.036,2565500,2565871,NW_019862755.1_2565500_2565871
LOC112049214,NW_019862755.1,+,MXE_exon2,0.002583175,-0.046,2565500,2565871,NW_019862755.1_2565500_2565871
LOC112049214,NW_019862755.1,+,MXE_exon2,0.027575434,0.055,2565744,2566115,NW_019862755.1_2565744_2566115
LOC112049214,NW_019862755.1,+,MXE_exon2,0.001725811,0.164,2566063,2566434,NW_019862755.1_2566063_2566434
LOC112049214,NW_019862755.1,+,MXE_exon2,0.044058404,-0.159,2565744,2566115,NW_019862755.1_2565744_2566115
LOC112049214,NW_019862755.1,+,MXE_exon2,0.025948373,0.169,2566063,2566434,NW_019862755.1_2566063_2566434
LOC112049214,NW_019862755.1,+,MXE_exon2,0.000172285,0.116,2566063,2566434,NW_019862755.1_2566063_2566434
LOC112042995,NW_019862784.1,+,MXE_exon2,0.00453078,0.172,673110,673676,NW_019862784.1_673110_673676
LOC112055964,NW_019863667.1,-,MXE_exon2,6.50E-05,0.074,34562,34934,NW_019863667.1_34562_34934
LOC112044451,NW_019862809.1,+,MXE_exon2,0.000672989,0.1,973120,973690,NW_019862809.1_973120_973690
LOC112044451,NW_019862809.1,+,MXE_exon2,8.36E-05,0.106,973120,973743,NW_019862809.1_973120_973743
LOC112052196,NW_019863133.1,+,MXE_exon2,9.17E-15,-0.136,205543,205882,NW_019863133.1_205543_205882
LOC112046669,NW_019862866.1,+,MXE_exon2,3.32E-06,0.449,745308,745813,NW_019862866.1_745308_745813
LOC112046669,NW_019862866.1,+,MXE_exon2,3.17E-06,0.452,745396,745813,NW_019862866.1_745396_745813
LOC112046669,NW_019862866.1,+,MXE_exon2,3.35E-06,0.458,745451,745812,NW_019862866.1_745451_745812
LOC112046669,NW_019862866.1,+,MXE_exon2,0.000343697,0.535,745451,745813,NW_019862866.1_745451_745813
LOC112046669,NW_019862866.1,+,MXE_exon2,6.70E-06,0.429,745476,745813,NW_019862866.1_745476_745813
LOC112054984,NW_019863443.1,+,MXE_exon2,0,-0.168,111182,111847,NW_019863443.1_111182_111847
LOC112054984,NW_019863443.1,+,MXE_exon2,0,-0.167,111452,111847,NW_019863443.1_111452_111847
LOC112054984,NW_019863443.1,+,MXE_exon2,3.98E-13,-0.23,111182,111847,NW_019863443.1_111182_111847
LOC112054984,NW_019863443.1,+,MXE_exon2,4.44E-13,-0.23,111452,111847,NW_019863443.1_111452_111847
LOC112054984,NW_019863443.1,+,MXE_exon2,3.90E-09,-0.132,111542,111847,NW_019863443.1_111542_111847
LOC112055637,NW_019863570.1,-,MXE_exon2,0.004265838,0.357,38295,38588,NW_019863570.1_38295_38588
LOC112055637,NW_019863570.1,-,MXE_exon2,0.005430752,0.399,38295,38602,NW_019863570.1_38295_38602
LOC112051132,NW_019863064.1,+,MXE_exon2,0.013693969,0.189,66750,67153,NW_019863064.1_66750_67153
LOC112051132,NW_019863064.1,+,MXE_exon2,0,0.725,66750,67153,NW_019863064.1_66750_67153
LOC112051132,NW_019863064.1,+,MXE_exon2,0.010026002,0.108,66752,67153,NW_019863064.1_66752_67153
LOC112051132,NW_019863064.1,+,MXE_exon2,0.013693969,0.189,66750,67153,NW_019863064.1_66750_67153
LOC112051132,NW_019863064.1,+,MXE_exon2,2.55E-08,0.514,66750,67153,NW_019863064.1_66750_67153
LOC112051132,NW_019863064.1,+,MXE_exon2,0.043103727,0.261,66752,67153,NW_019863064.1_66752_67153
LOC112051132,NW_019863064.1,+,MXE_exon2,0.000661542,0.448,66750,67153,NW_019863064.1_66750_67153
LOC112051279,NW_019863071.1,-,MXE_exon2,0.000845213,-0.141,192024,192264,NW_019863071.1_192024_192264
LOC112056529,NW_019863862.1,+,MXE_exon2,0.007691488,0.137,107988,108436,NW_019863862.1_107988_108436
LOC112057917,NW_019862768.1,+,MXE_exon2,0.011380105,-0.026,1385768,1386205,NW_019862768.1_1385768_1386205
LOC112045389,NW_019862831.1,+,MXE_exon2,0.002890332,0.149,173680,174015,NW_019862831.1_173680_174015
LOC112048834,NW_019862946.1,+,MXE_exon2,0.014789659,-0.128,108038,108345,NW_019862946.1_108038_108345
LOC112053646,NW_019863265.1,+,MXE_exon2,0,-0.138,206950,207240,NW_019863265.1_206950_207240
LOC112043412,NW_019862790.1,+,MXE_exon2,8.20E-07,-0.094,180877,181305,NW_019862790.1_180877_181305
LOC112046464,NW_019862858.1,+,MXE_exon2,0.003175252,-0.184,813243,813616,NW_019862858.1_813243_813616
LOC112051433,NW_019863082.1,+,MXE_exon2,4.93E-09,0.131,349195,349490,NW_019863082.1_349195_349490
LOC112043251,NW_019862787.1,-,MXE_exon2,0.028113098,-0.041,1474141,1474615,NW_019862787.1_1474141_1474615
LOC112043251,NW_019862787.1,-,MXE_exon2,0.029573649,-0.038,1474141,1474615,NW_019862787.1_1474141_1474615
LOC112053597,NW_019863259.1,-,MXE_exon2,3.16E-05,-0.11,320070,320471,NW_019863259.1_320070_320471
LOC112051691,NW_019863098.1,+,MXE_exon2,0.002749839,0.227,166023,166361,NW_019863098.1_166023_166361
LOC112051691,NW_019863098.1,+,MXE_exon2,0.00027835,0.253,166023,166361,NW_019863098.1_166023_166361
LOC112051691,NW_019863098.1,+,MXE_exon2,0.000195901,0.187,166023,166361,NW_019863098.1_166023_166361
LOC112051691,NW_019863098.1,+,MXE_exon2,0.000571266,0.141,166023,166361,NW_019863098.1_166023_166361
LOC112058428,NW_019862776.1,-,MXE_exon2,0.000598391,-0.237,1076741,1077055,NW_019862776.1_1076741_1077055
LOC112056528,NW_019863862.1,+,MXE_exon2,0.002394207,0.138,76295,76696,NW_019863862.1_76295_76696
LOC112046067,NW_019862847.1,+,MXE_exon2,0.0211436,-0.051,155440,155747,NW_019862847.1_155440_155747
LOC112050297,NW_019863016.1,+,MXE_exon2,0.001728512,-0.036,445098,445484,NW_019863016.1_445098_445484
LOC112049521,NW_019862977.1,+,MXE_exon2,0.031727269,-0.256,362785,363054,NW_019862977.1_362785_363054
LOC112046832,NW_019862872.1,+,MXE_exon2,0,0.808,397180,397860,NW_019862872.1_397180_397860
LOC112046832,NW_019862872.1,+,MXE_exon2,9.68E-09,0.253,397204,397467,NW_019862872.1_397204_397467
LOC112051118,NW_019862757.1,-,MXE_exon2,0,0.7,1541784,1542041,NW_019862757.1_1541784_1542041
LOC112051118,NW_019862757.1,-,MXE_exon2,0,0.334,1541784,1542041,NW_019862757.1_1541784_1542041
LOC112045704,NW_019862838.1,+,MXE_exon2,9.88E-06,-0.121,612889,613280,NW_019862838.1_612889_613280
LOC112045704,NW_019862838.1,+,MXE_exon2,5.79E-07,0.184,614764,615095,NW_019862838.1_614764_615095
LOC112058170,NW_019862749.1,-,MXE_exon2,0.012039292,-0.05,383762,383976,NW_019862749.1_383762_383976
LOC112056414,NW_019862763.1,-,MXE_exon2,5.21E-06,0.289,1583171,1583803,NW_019862763.1_1583171_1583803
LOC112056414,NW_019862763.1,-,MXE_exon2,5.44E-06,0.286,1583171,1583803,NW_019862763.1_1583171_1583803
LOC112056414,NW_019862763.1,-,MXE_exon2,1.52E-06,0.277,1583171,1583803,NW_019862763.1_1583171_1583803
LOC112056414,NW_019862763.1,-,MXE_exon2,8.41E-09,0.233,1583171,1583803,NW_019862763.1_1583171_1583803
LOC112056414,NW_019862763.1,-,MXE_exon2,6.32E-09,0.159,1583171,1583803,NW_019862763.1_1583171_1583803
LOC112056241,NW_019863744.1,-,MXE_exon2,0.024001494,0.067,19350,19561,NW_019863744.1_19350_19561
LOC112056241,NW_019863744.1,-,MXE_exon2,0.019666081,0.066,19350,19561,NW_019863744.1_19350_19561
LOC112050044,NW_019863003.1,-,MXE_exon2,4.54E-05,-0.022,179209,179633,NW_019863003.1_179209_179633
LOC112050044,NW_019863003.1,-,MXE_exon2,4.56E-05,-0.022,179260,179633,NW_019863003.1_179260_179633
LOC112050044,NW_019863003.1,-,MXE_exon2,4.56E-05,-0.022,179265,179633,NW_019863003.1_179265_179633
LOC112050044,NW_019863003.1,-,MXE_exon2,0.000353708,-0.059,179260,179633,NW_019863003.1_179260_179633
LOC112050044,NW_019863003.1,-,MXE_exon2,0.000359211,-0.059,179265,179633,NW_019863003.1_179265_179633
LOC112050044,NW_019863003.1,-,MXE_exon2,6.94E-11,-0.12,183626,183948,NW_019863003.1_183626_183948
LOC112050044,NW_019863003.1,-,MXE_exon2,6.93E-11,-0.12,183626,183948,NW_019863003.1_183626_183948
LOC112051535,NW_019863088.1,+,MXE_exon2,0,0.93,353889,354157,NW_019863088.1_353889_354157
LOC112051535,NW_019863088.1,+,MXE_exon2,0,0.962,353901,354157,NW_019863088.1_353901_354157
LOC112051535,NW_019863088.1,+,MXE_exon2,0,0.911,353889,354157,NW_019863088.1_353889_354157
LOC112051535,NW_019863088.1,+,MXE_exon2,0,0.956,353901,354157,NW_019863088.1_353901_354157
LOC112058377,NW_019862775.1,-,MXE_exon2,0,0.087,1673071,1673366,NW_019862775.1_1673071_1673366
LOC112058377,NW_019862775.1,-,MXE_exon2,0,0.084,1673071,1673366,NW_019862775.1_1673071_1673366
LOC112058145,NW_019862749.1,+,MXE_exon2,3.94E-06,-0.143,363193,363741,NW_019862749.1_363193_363741
LOC112052180,NW_019863132.1,-,MXE_exon2,2.93E-07,0.024,285615,285985,NW_019863132.1_285615_285985
LOC112052398,NW_019863145.1,-,MXE_exon2,0.013450609,-0.443,133829,134172,NW_019863145.1_133829_134172
LOC112045305,NW_019862828.1,+,MXE_exon2,0.008730079,-0.036,798024,798299,NW_019862828.1_798024_798299
LOC112045305,NW_019862828.1,+,MXE_exon2,0,0.666,809483,809895,NW_019862828.1_809483_809895
LOC112045305,NW_019862828.1,+,MXE_exon2,0,0.473,809483,809911,NW_019862828.1_809483_809911
LOC112045305,NW_019862828.1,+,MXE_exon2,0,0.531,809529,809895,NW_019862828.1_809529_809895
LOC112045305,NW_019862828.1,+,MXE_exon2,0,0.248,809483,809911,NW_019862828.1_809483_809911
LOC112045305,NW_019862828.1,+,MXE_exon2,0,0.294,809529,809895,NW_019862828.1_809529_809895
LOC112045305,NW_019862828.1,+,MXE_exon2,0,0.654,809483,809895,NW_019862828.1_809483_809895
LOC112045305,NW_019862828.1,+,MXE_exon2,0,0.46,809483,809911,NW_019862828.1_809483_809911
LOC112045305,NW_019862828.1,+,MXE_exon2,0,0.518,809529,809895,NW_019862828.1_809529_809895
LOC112047070,NW_019862881.1,+,MXE_exon2,0.01146426,-0.107,427562,427845,NW_019862881.1_427562_427845
LOC112055212,NW_019863479.1,-,MXE_exon2,0.012660929,0.044,143982,144345,NW_019863479.1_143982_144345
LOC112055212,NW_019863479.1,-,MXE_exon2,0.011908498,0.045,143982,144345,NW_019863479.1_143982_144345
LOC112055212,NW_019863479.1,-,MXE_exon2,0.011567944,0.045,143982,144345,NW_019863479.1_143982_144345
LOC112055212,NW_019863479.1,-,MXE_exon2,0.011720545,0.045,143982,144345,NW_019863479.1_143982_144345
LOC112055212,NW_019863479.1,-,MXE_exon2,0.005430011,0.053,143982,144345,NW_019863479.1_143982_144345
LOC112050343,NW_019863018.1,+,MXE_exon2,0.031527672,0.262,292843,293189,NW_019863018.1_292843_293189
LOC112045825,NW_019862841.1,+,MXE_exon2,0.002569235,0.532,226028,226323,NW_019862841.1_226028_226323
LOC112055740,NW_019862762.1,-,MXE_exon2,6.67E-08,-0.274,1937200,1937427,NW_019862762.1_1937200_1937427
LOC112048640,NW_019862938.1,-,MXE_exon2,0.00132123,-0.057,151637,151951,NW_019862938.1_151637_151951
LOC112055306,NW_019862762.1,-,MXE_exon2,9.07E-05,0.157,214573,214815,NW_019862762.1_214573_214815
LOC112044399,NW_019862808.1,-,MXE_exon2,0.000134589,0.156,1229100,1230031,NW_019862808.1_1229100_1230031
LOC112052089,NW_019863124.1,+,MXE_exon2,2.65E-05,-0.095,306237,306590,NW_019863124.1_306237_306590
LOC112052089,NW_019863124.1,+,MXE_exon2,2.65E-05,-0.095,306237,306590,NW_019863124.1_306237_306590
LOC112052089,NW_019863124.1,+,MXE_exon2,2.65E-05,-0.095,306237,306590,NW_019863124.1_306237_306590
LOC112046526,NW_019862860.1,+,MXE_exon2,0.006239741,0.153,268984,269295,NW_019862860.1_268984_269295
LOC112044453,NW_019862809.1,+,MXE_exon2,0.008481196,-0.277,1023065,1023527,NW_019862809.1_1023065_1023527
LOC112044453,NW_019862809.1,+,MXE_exon2,6.69E-05,-0.325,1023065,1023527,NW_019862809.1_1023065_1023527
LOC112051619,NW_019862758.1,+,MXE_exon2,0.00202786,0.135,697842,698468,NW_019862758.1_697842_698468
LOC112047548,NW_019862896.1,-,MXE_exon2,0.032229695,-0.091,532549,532860,NW_019862896.1_532549_532860
LOC112053871,NW_019863290.1,-,MXE_exon2,0.000134589,-0.399,166020,166310,NW_019863290.1_166020_166310
LOC112044489,NW_019862810.1,-,MXE_exon2,8.61E-05,0.102,694843,695176,NW_019862810.1_694843_695176
LOC112052395,NW_019863145.1,+,MXE_exon2,3.29E-10,0.05,312908,313302,NW_019863145.1_312908_313302
LOC112052395,NW_019863145.1,+,MXE_exon2,0.001918039,0.402,312917,313302,NW_019863145.1_312917_313302
LOC112048916,NW_019862951.1,-,MXE_exon2,1.13E-06,-0.198,200475,200797,NW_019862951.1_200475_200797
LOC112047017,NW_019862753.1,+,MXE_exon2,0.005966833,-0.052,1415627,1415938,NW_019862753.1_1415627_1415938
LOC112048077,NW_019862915.1,-,MXE_exon2,1.28E-09,-0.16,615632,615959,NW_019862915.1_615632_615959
LOC112048077,NW_019862915.1,-,MXE_exon2,2.82E-11,-0.084,615632,616130,NW_019862915.1_615632_616130
LOC112048077,NW_019862915.1,-,MXE_exon2,1.23E-10,-0.147,615659,616130,NW_019862915.1_615659_616130
LOC112049404,NW_019862971.1,-,MXE_exon2,4.34E-12,-0.445,703869,704172,NW_019862971.1_703869_704172
LOC112049404,NW_019862971.1,-,MXE_exon2,6.16E-07,-0.373,703869,704355,NW_019862971.1_703869_704355
LOC112049404,NW_019862971.1,-,MXE_exon2,7.85E-08,-0.409,703873,704172,NW_019862971.1_703873_704172
LOC112049404,NW_019862971.1,-,MXE_exon2,9.38E-14,-0.411,703869,704172,NW_019862971.1_703869_704172
LOC112049404,NW_019862971.1,-,MXE_exon2,5.08E-08,-0.505,703869,704355,NW_019862971.1_703869_704355
LOC112049404,NW_019862971.1,-,MXE_exon2,5.72E-10,-0.513,703873,704172,NW_019862971.1_703873_704172
LOC112049404,NW_019862971.1,-,MXE_exon2,2.04E-08,-0.403,704753,704974,NW_019862971.1_704753_704974
LOC112049404,NW_019862971.1,-,MXE_exon2,3.01E-05,0.25,707393,707823,NW_019862971.1_707393_707823
LOC112049404,NW_019862971.1,-,MXE_exon2,7.31E-09,0.139,707530,707823,NW_019862971.1_707530_707823
LOC112045940,NW_019862844.1,+,MXE_exon2,0.027130075,0.275,863293,863583,NW_019862844.1_863293_863583
LOC112046056,NW_019862846.1,-,MXE_exon2,0.040138837,0.285,371464,371788,NW_019862846.1_371464_371788
LOC112053443,NW_019862760.1,+,MXE_exon2,1.38E-07,-0.078,55165,55478,NW_019862760.1_55165_55478
LOC112053443,NW_019862760.1,+,MXE_exon2,0.002902407,-0.171,55342,55690,NW_019862760.1_55342_55690
LOC112053443,NW_019862760.1,+,MXE_exon2,0.010035042,-0.365,55165,55478,NW_019862760.1_55165_55478
LOC112053443,NW_019862760.1,+,MXE_exon2,0.000369242,-0.074,55165,55397,NW_019862760.1_55165_55397
LOC112053443,NW_019862760.1,+,MXE_exon2,4.78E-06,-0.199,55165,55478,NW_019862760.1_55165_55478
LOC112053443,NW_019862760.1,+,MXE_exon2,0.007545541,-0.139,55165,55397,NW_019862760.1_55165_55397
LOC112053443,NW_019862760.1,+,MXE_exon2,0.00100908,-0.104,55165,55397,NW_019862760.1_55165_55397
LOC112053443,NW_019862760.1,+,MXE_exon2,0.004108637,-0.241,55165,55478,NW_019862760.1_55165_55478
LOC112053443,NW_019862760.1,+,MXE_exon2,0.028921183,-0.114,55165,55397,NW_019862760.1_55165_55397
LOC112053443,NW_019862760.1,+,MXE_exon2,0.001783207,-0.236,55165,55478,NW_019862760.1_55165_55478
LOC112053443,NW_019862760.1,+,MXE_exon2,0.001015996,-0.103,55165,55397,NW_019862760.1_55165_55397
LOC112053443,NW_019862760.1,+,MXE_exon2,0.004048687,-0.242,55165,55478,NW_019862760.1_55165_55478
LOC112053443,NW_019862760.1,+,MXE_exon2,0.00513889,-0.152,55165,55397,NW_019862760.1_55165_55397
LOC112053443,NW_019862760.1,+,MXE_exon2,0.000266009,-0.155,80224,80472,NW_019862760.1_80224_80472
LOC112053443,NW_019862760.1,+,MXE_exon2,1.41E-05,-0.022,80224,80475,NW_019862760.1_80224_80475
LOC112053443,NW_019862760.1,+,MXE_exon2,0.000370601,-0.07,80224,80472,NW_019862760.1_80224_80472
LOC112043861,NW_019862799.1,+,MXE_exon2,0.00699068,0.158,1083277,1083714,NW_019862799.1_1083277_1083714
LOC112048373,NW_019862927.1,+,MXE_exon2,0.004108637,0.035,63284,63580,NW_019862927.1_63284_63580
LOC112048373,NW_019862927.1,+,MXE_exon2,0.004108637,0.035,63284,63580,NW_019862927.1_63284_63580
LOC112058448,NW_019862776.1,-,MXE_exon2,0.004834992,0.032,1584050,1584275,NW_019862776.1_1584050_1584275
LOC112058448,NW_019862776.1,-,MXE_exon2,0.031086923,-0.045,1582409,1582737,NW_019862776.1_1582409_1582737
LOC112043300,NW_019862788.1,-,MXE_exon2,1.62E-05,0.38,417980,418244,NW_019862788.1_417980_418244
LOC112044661,NW_019862815.1,+,MXE_exon2,0,-0.141,249678,250016,NW_019862815.1_249678_250016
LOC112053186,NW_019863215.1,+,MXE_exon2,0.002155068,0.386,11373,11747,NW_019863215.1_11373_11747
LOC112053186,NW_019863215.1,+,MXE_exon2,0.000942384,0.293,11373,11749,NW_019863215.1_11373_11749
LOC112053186,NW_019863215.1,+,MXE_exon2,0.002153825,0.296,11377,11749,NW_019863215.1_11377_11749
LOC112053186,NW_019863215.1,+,MXE_exon2,0.002449907,0.292,11404,11749,NW_019863215.1_11404_11749
LOC112053186,NW_019863215.1,+,MXE_exon2,0.004477226,0.177,11373,11749,NW_019863215.1_11373_11749
LOC112053186,NW_019863215.1,+,MXE_exon2,0.002557786,0.373,11373,11747,NW_019863215.1_11373_11747
LOC112053186,NW_019863215.1,+,MXE_exon2,0.002343162,0.307,11373,11749,NW_019863215.1_11373_11749
LOC112053186,NW_019863215.1,+,MXE_exon2,0.005246621,0.307,11377,11749,NW_019863215.1_11377_11749
LOC112053186,NW_019863215.1,+,MXE_exon2,0.005857829,0.303,11404,11749,NW_019863215.1_11404_11749
LOC112049847,NW_019862994.1,-,MXE_exon2,0.000755115,-0.085,244562,245031,NW_019862994.1_244562_245031
LOC112049847,NW_019862994.1,-,MXE_exon2,0.000858456,-0.085,244684,245031,NW_019862994.1_244684_245031
LOC112052382,NW_019863144.1,-,MXE_exon2,0.00733707,-0.026,248668,249105,NW_019863144.1_248668_249105
LOC112052382,NW_019863144.1,-,MXE_exon2,0.008230196,-0.025,248764,249105,NW_019863144.1_248764_249105
LOC112052382,NW_019863144.1,-,MXE_exon2,0.019925821,-0.029,249876,250145,NW_019863144.1_249876_250145
LOC112052382,NW_019863144.1,-,MXE_exon2,0.024831433,0.038,249876,250257,NW_019863144.1_249876_250257
LOC112051763,NW_019863101.1,-,MXE_exon2,3.99E-08,-0.597,219612,219848,NW_019863101.1_219612_219848
LOC112051763,NW_019863101.1,-,MXE_exon2,6.28E-08,-0.69,219612,219848,NW_019863101.1_219612_219848
LOC112048729,NW_019862941.1,+,MXE_exon2,1.48E-09,0.169,291034,291426,NW_019862941.1_291034_291426
LOC112053999,NW_019862760.1,+,MXE_exon2,0.000387278,0.094,2304988,2305291,NW_019862760.1_2304988_2305291
LOC112051208,NW_019863068.1,+,MXE_exon2,0.005956572,-0.337,228991,229303,NW_019863068.1_228991_229303
LOC112046887,NW_019862874.1,-,MXE_exon2,0.000478146,-0.188,20845,21197,NW_019862874.1_20845_21197
LOC112046887,NW_019862874.1,-,MXE_exon2,0.047248461,-0.267,22674,23026,NW_019862874.1_22674_23026
LOC112046887,NW_019862874.1,-,MXE_exon2,0.004973525,0.197,22813,23026,NW_019862874.1_22813_23026
LOC112046887,NW_019862874.1,-,MXE_exon2,0.001942438,0.281,22813,23037,NW_019862874.1_22813_23037
LOC112046887,NW_019862874.1,-,MXE_exon2,0.000704002,0.33,22813,23026,NW_019862874.1_22813_23026
LOC112046887,NW_019862874.1,-,MXE_exon2,0.000107698,0.405,22813,23037,NW_019862874.1_22813_23037
LOC112046887,NW_019862874.1,-,MXE_exon2,0.000645586,0.29,22813,23026,NW_019862874.1_22813_23026
LOC112046887,NW_019862874.1,-,MXE_exon2,8.83E-05,0.372,22813,23037,NW_019862874.1_22813_23037
LOC112047356,NW_019862890.1,+,MXE_exon2,0.025979377,0.206,326214,326581,NW_019862890.1_326214_326581
LOC112045524,NW_019862834.1,-,MXE_exon2,0.046480985,0.02,979194,979569,NW_019862834.1_979194_979569
LOC112058236,NW_019862773.1,+,MXE_exon2,0.026931118,-0.095,183316,183801,NW_019862773.1_183316_183801
LOC112058236,NW_019862773.1,+,MXE_exon2,0.025835332,-0.096,183364,183801,NW_019862773.1_183364_183801
LOC112058236,NW_019862773.1,+,MXE_exon2,0.025715382,-0.089,183389,183801,NW_019862773.1_183389_183801
LOC112058236,NW_019862773.1,+,MXE_exon2,0.043504191,-0.106,183502,183801,NW_019862773.1_183502_183801
LOC112058236,NW_019862773.1,+,MXE_exon2,0.034418021,-0.111,183505,183801,NW_019862773.1_183505_183801
LOC112043029,NW_019862784.1,+,MXE_exon2,0.008677964,-0.064,1185675,1186186,NW_019862784.1_1185675_1186186
LOC112043424,NW_019862790.1,+,MXE_exon2,0,-0.049,628186,628470,NW_019862790.1_628186_628470
LOC112043424,NW_019862790.1,+,MXE_exon2,6.22E-06,-0.181,628186,628564,NW_019862790.1_628186_628564
LOC112043424,NW_019862790.1,+,MXE_exon2,0,-0.079,628187,628470,NW_019862790.1_628187_628470
LOC112043424,NW_019862790.1,+,MXE_exon2,0,-0.082,628197,628470,NW_019862790.1_628197_628470
LOC112052559,NW_019863157.1,+,MXE_exon2,0.004320176,0.046,156227,156693,NW_019863157.1_156227_156693
LOC112057044,NW_019864244.1,-,MXE_exon2,0.000290555,-0.246,3469,3903,NW_019864244.1_3469_3903
LOC112053610,NW_019863260.1,-,MXE_exon2,0.018902635,-0.397,197738,198068,NW_019863260.1_197738_198068
LOC112056365,NW_019863789.1,-,MXE_exon2,0.022250652,-0.342,61558,61889,NW_019863789.1_61558_61889
LOC112058550,NW_019862778.1,-,MXE_exon2,0,-0.279,1103134,1103464,NW_019862778.1_1103134_1103464
LOC112058550,NW_019862778.1,-,MXE_exon2,0,-0.174,1103134,1103465,NW_019862778.1_1103134_1103465
LOC112058550,NW_019862778.1,-,MXE_exon2,0,-0.282,1103134,1103476,NW_019862778.1_1103134_1103476
LOC112058550,NW_019862778.1,-,MXE_exon2,0,-0.266,1103138,1103465,NW_019862778.1_1103138_1103465
LOC112058550,NW_019862778.1,-,MXE_exon2,0,-0.293,1103134,1103464,NW_019862778.1_1103134_1103464
LOC112058550,NW_019862778.1,-,MXE_exon2,0,-0.189,1103134,1103465,NW_019862778.1_1103134_1103465
LOC112058550,NW_019862778.1,-,MXE_exon2,0,-0.296,1103134,1103476,NW_019862778.1_1103134_1103476
LOC112058550,NW_019862778.1,-,MXE_exon2,0,-0.281,1103138,1103465,NW_019862778.1_1103138_1103465
LOC112058550,NW_019862778.1,-,MXE_exon2,0,-0.282,1103134,1103464,NW_019862778.1_1103134_1103464
LOC112058550,NW_019862778.1,-,MXE_exon2,0,-0.178,1103134,1103465,NW_019862778.1_1103134_1103465
LOC112058550,NW_019862778.1,-,MXE_exon2,0,-0.285,1103134,1103476,NW_019862778.1_1103134_1103476
LOC112058550,NW_019862778.1,-,MXE_exon2,0,-0.27,1103138,1103465,NW_019862778.1_1103138_1103465
LOC112058550,NW_019862778.1,-,MXE_exon2,0,-0.344,1103134,1103464,NW_019862778.1_1103134_1103464
LOC112058550,NW_019862778.1,-,MXE_exon2,0,-0.344,1103134,1103476,NW_019862778.1_1103134_1103476
LOC112058550,NW_019862778.1,-,MXE_exon2,0,-0.343,1103138,1103465,NW_019862778.1_1103138_1103465
LOC112058550,NW_019862778.1,-,MXE_exon2,0,-0.278,1103134,1103464,NW_019862778.1_1103134_1103464
LOC112058550,NW_019862778.1,-,MXE_exon2,0,-0.174,1103134,1103465,NW_019862778.1_1103134_1103465
LOC112058550,NW_019862778.1,-,MXE_exon2,0,-0.281,1103134,1103476,NW_019862778.1_1103134_1103476
LOC112058550,NW_019862778.1,-,MXE_exon2,0,-0.266,1103138,1103465,NW_019862778.1_1103138_1103465
LOC112058550,NW_019862778.1,-,MXE_exon2,0,-0.261,1103134,1103464,NW_019862778.1_1103134_1103464
LOC112058550,NW_019862778.1,-,MXE_exon2,0,-0.16,1103134,1103465,NW_019862778.1_1103134_1103465
LOC112058550,NW_019862778.1,-,MXE_exon2,0,-0.265,1103134,1103476,NW_019862778.1_1103134_1103476
LOC112058550,NW_019862778.1,-,MXE_exon2,0,-0.249,1103138,1103465,NW_019862778.1_1103138_1103465
LOC112058550,NW_019862778.1,-,MXE_exon2,0,-0.154,1103134,1103464,NW_019862778.1_1103134_1103464
LOC112058550,NW_019862778.1,-,MXE_exon2,0,-0.078,1103134,1103465,NW_019862778.1_1103134_1103465
LOC112058550,NW_019862778.1,-,MXE_exon2,0,-0.158,1103134,1103476,NW_019862778.1_1103134_1103476
LOC112058550,NW_019862778.1,-,MXE_exon2,0,-0.142,1103138,1103465,NW_019862778.1_1103138_1103465
LOC112058550,NW_019862778.1,-,MXE_exon2,2.23E-09,-0.026,1103134,1103464,NW_019862778.1_1103134_1103464
LOC112058550,NW_019862778.1,-,MXE_exon2,1.45E-06,-0.012,1103134,1103465,NW_019862778.1_1103134_1103465
LOC112058550,NW_019862778.1,-,MXE_exon2,2.42E-09,-0.027,1103134,1103476,NW_019862778.1_1103134_1103476
LOC112058550,NW_019862778.1,-,MXE_exon2,1.77E-09,-0.023,1103138,1103465,NW_019862778.1_1103138_1103465
LOC112052001,NW_019863118.1,-,MXE_exon2,0.014350438,0.032,162344,162589,NW_019863118.1_162344_162589
LOC112052001,NW_019863118.1,-,MXE_exon2,0.014350438,0.032,162344,162589,NW_019863118.1_162344_162589
LOC112052867,NW_019863182.1,-,MXE_exon2,0,0.271,232635,233037,NW_019863182.1_232635_233037
LOC112052867,NW_019863182.1,-,MXE_exon2,0,0.278,232671,232976,NW_019863182.1_232671_232976
LOC112052867,NW_019863182.1,-,MXE_exon2,0,0.152,232671,233037,NW_019863182.1_232671_233037
LOC112052867,NW_019863182.1,-,MXE_exon2,0,0.517,232635,233037,NW_019863182.1_232635_233037
LOC112052867,NW_019863182.1,-,MXE_exon2,0,0.548,232671,232976,NW_019863182.1_232671_232976
LOC112052867,NW_019863182.1,-,MXE_exon2,0,0.554,232635,233037,NW_019863182.1_232635_233037
LOC112052867,NW_019863182.1,-,MXE_exon2,0,0.582,232671,232976,NW_019863182.1_232671_232976
LOC112052867,NW_019863182.1,-,MXE_exon2,0,0.515,232671,233037,NW_019863182.1_232671_233037
LOC112048885,NW_019862949.1,-,MXE_exon2,0.014227,-0.171,482548,482900,NW_019862949.1_482548_482900
LOC112047231,NW_019862885.1,-,MXE_exon2,0.000392107,0.167,593345,593741,NW_019862885.1_593345_593741
LOC112047231,NW_019862885.1,-,MXE_exon2,0.000598562,0.159,593345,593774,NW_019862885.1_593345_593774
LOC112047231,NW_019862885.1,-,MXE_exon2,0.000598562,0.159,593345,593847,NW_019862885.1_593345_593847
LOC112051523,NW_019863087.1,+,MXE_exon2,0.005956572,0.009,159751,160323,NW_019863087.1_159751_160323
LOC112051523,NW_019863087.1,+,MXE_exon2,0.005956572,0.009,159776,160323,NW_019863087.1_159776_160323
LOC112051523,NW_019863087.1,+,MXE_exon2,0.005962632,0.009,159807,160323,NW_019863087.1_159807_160323
LOC112051523,NW_019863087.1,+,MXE_exon2,0.005947776,0.009,159814,160323,NW_019863087.1_159814_160323
LOC112051523,NW_019863087.1,+,MXE_exon2,0.00595602,0.009,159832,160323,NW_019863087.1_159832_160323
LOC112051523,NW_019863087.1,+,MXE_exon2,0.005956572,0.009,159842,160323,NW_019863087.1_159842_160323
LOC112051523,NW_019863087.1,+,MXE_exon2,0.005957098,0.009,159858,160323,NW_019863087.1_159858_160323
LOC112051523,NW_019863087.1,+,MXE_exon2,0.005972775,0.009,159877,160323,NW_019863087.1_159877_160323
LOC112051523,NW_019863087.1,+,MXE_exon2,0.005956572,0.009,159898,160323,NW_019863087.1_159898_160323
LOC112051523,NW_019863087.1,+,MXE_exon2,0.005919333,0.009,159925,160323,NW_019863087.1_159925_160323
LOC112051523,NW_019863087.1,+,MXE_exon2,0.005992911,0.009,159944,160323,NW_019863087.1_159944_160323
LOC112051523,NW_019863087.1,+,MXE_exon2,0.005948066,0.009,159976,160323,NW_019863087.1_159976_160323
LOC112051523,NW_019863087.1,+,MXE_exon2,0.005919333,0.009,159981,160323,NW_019863087.1_159981_160323
LOC112051523,NW_019863087.1,+,MXE_exon2,0.000389286,-0.085,169700,169964,NW_019863087.1_169700_169964
LOC112051523,NW_019863087.1,+,MXE_exon2,0,-0.216,179157,179694,NW_019863087.1_179157_179694
LOC112051523,NW_019863087.1,+,MXE_exon2,0,-0.216,179358,179686,NW_019863087.1_179358_179686
LOC112051523,NW_019863087.1,+,MXE_exon2,0,-0.213,179358,179690,NW_019863087.1_179358_179690
LOC112051523,NW_019863087.1,+,MXE_exon2,0,-0.211,179358,179693,NW_019863087.1_179358_179693
LOC112051523,NW_019863087.1,+,MXE_exon2,0,-0.162,179358,179694,NW_019863087.1_179358_179694
LOC112051523,NW_019863087.1,+,MXE_exon2,0,-0.21,179358,179913,NW_019863087.1_179358_179913
LOC112051523,NW_019863087.1,+,MXE_exon2,9.41E-05,-0.016,179382,179686,NW_019863087.1_179382_179686
LOC112051523,NW_019863087.1,+,MXE_exon2,0.00015875,-0.016,179382,179690,NW_019863087.1_179382_179690
LOC112051523,NW_019863087.1,+,MXE_exon2,0.000150808,-0.016,179382,179693,NW_019863087.1_179382_179693
LOC112051523,NW_019863087.1,+,MXE_exon2,0,-0.214,179382,179694,NW_019863087.1_179382_179694
LOC112051523,NW_019863087.1,+,MXE_exon2,0.000118525,-0.016,179382,179913,NW_019863087.1_179382_179913
LOC112051523,NW_019863087.1,+,MXE_exon2,0,-0.225,179391,179694,NW_019863087.1_179391_179694
LOC112051523,NW_019863087.1,+,MXE_exon2,0,-0.215,179157,179694,NW_019863087.1_179157_179694
LOC112051523,NW_019863087.1,+,MXE_exon2,0,-0.206,179358,179686,NW_019863087.1_179358_179686
LOC112051523,NW_019863087.1,+,MXE_exon2,0,-0.202,179358,179690,NW_019863087.1_179358_179690
LOC112051523,NW_019863087.1,+,MXE_exon2,0,-0.201,179358,179693,NW_019863087.1_179358_179693
LOC112051523,NW_019863087.1,+,MXE_exon2,0,-0.166,179358,179694,NW_019863087.1_179358_179694
LOC112051523,NW_019863087.1,+,MXE_exon2,0,-0.2,179358,179913,NW_019863087.1_179358_179913
LOC112051523,NW_019863087.1,+,MXE_exon2,0.003305561,-0.013,179382,179686,NW_019863087.1_179382_179686
LOC112051523,NW_019863087.1,+,MXE_exon2,0.004588297,-0.013,179382,179690,NW_019863087.1_179382_179690
LOC112051523,NW_019863087.1,+,MXE_exon2,0.005569644,-0.013,179382,179693,NW_019863087.1_179382_179693
LOC112051523,NW_019863087.1,+,MXE_exon2,0,-0.213,179382,179694,NW_019863087.1_179382_179694
LOC112051523,NW_019863087.1,+,MXE_exon2,0.006639446,-0.013,179382,179913,NW_019863087.1_179382_179913
LOC112051523,NW_019863087.1,+,MXE_exon2,0,-0.223,179391,179694,NW_019863087.1_179391_179694
LOC112051523,NW_019863087.1,+,MXE_exon2,0,-0.238,179157,179694,NW_019863087.1_179157_179694
LOC112051523,NW_019863087.1,+,MXE_exon2,0,-0.195,179358,179686,NW_019863087.1_179358_179686
LOC112051523,NW_019863087.1,+,MXE_exon2,0,-0.192,179358,179690,NW_019863087.1_179358_179690
LOC112051523,NW_019863087.1,+,MXE_exon2,0,-0.192,179358,179693,NW_019863087.1_179358_179693
LOC112051523,NW_019863087.1,+,MXE_exon2,0,-0.187,179358,179913,NW_019863087.1_179358_179913
LOC112051523,NW_019863087.1,+,MXE_exon2,0,-0.235,179382,179694,NW_019863087.1_179382_179694
LOC112051523,NW_019863087.1,+,MXE_exon2,0,-0.24,179391,179694,NW_019863087.1_179391_179694
LOC112051523,NW_019863087.1,+,MXE_exon2,2.84E-09,-0.18,182970,183186,NW_019863087.1_182970_183186
LOC112051523,NW_019863087.1,+,MXE_exon2,2.72E-07,-0.156,182970,183186,NW_019863087.1_182970_183186
LOC112051523,NW_019863087.1,+,MXE_exon2,0.003715187,0.044,187387,187730,NW_019863087.1_187387_187730
LOC112051523,NW_019863087.1,+,MXE_exon2,1.31E-12,0.217,187387,187730,NW_019863087.1_187387_187730
LOC112051523,NW_019863087.1,+,MXE_exon2,0,-0.076,190330,190674,NW_019863087.1_190330_190674
LOC112051523,NW_019863087.1,+,MXE_exon2,0.000150808,-0.047,190378,190675,NW_019863087.1_190378_190675
LOC112044491,NW_019862810.1,+,MXE_exon2,0,-0.332,734430,734744,NW_019862810.1_734430_734744
LOC112044491,NW_019862810.1,+,MXE_exon2,0,-0.341,734430,734744,NW_019862810.1_734430_734744
LOC112044491,NW_019862810.1,+,MXE_exon2,0,-0.35,734430,734744,NW_019862810.1_734430_734744
LOC112044491,NW_019862810.1,+,MXE_exon2,0,-0.34,734430,734744,NW_019862810.1_734430_734744
LOC112047846,NW_019862906.1,-,MXE_exon2,0.001381195,0.431,87234,87715,NW_019862906.1_87234_87715
LOC112046986,NW_019862879.1,-,MXE_exon2,0,0.125,320360,320599,NW_019862879.1_320360_320599
LOC112051371,NW_019863078.1,-,MXE_exon2,3.39E-07,0.148,45597,45973,NW_019863078.1_45597_45973
LOC112051371,NW_019863078.1,-,MXE_exon2,2.26E-07,0.149,45597,45976,NW_019863078.1_45597_45976
LOC112051371,NW_019863078.1,-,MXE_exon2,2.91E-07,0.216,45597,45973,NW_019863078.1_45597_45973
LOC112051371,NW_019863078.1,-,MXE_exon2,1.66E-07,0.217,45597,45976,NW_019863078.1_45597_45976
LOC112051371,NW_019863078.1,-,MXE_exon2,9.17E-15,0.266,45597,45993,NW_019863078.1_45597_45993
LOC112051307,NW_019863073.1,-,MXE_exon2,6.97E-10,0.018,211868,212139,NW_019863073.1_211868_212139
LOC112052566,NW_019863158.1,-,MXE_exon2,0.025873996,0.022,249512,249841,NW_019863158.1_249512_249841
LOC112056544,NW_019863876.1,+,MXE_exon2,3.63E-06,0.225,20093,20522,NW_019863876.1_20093_20522
LOC112043769,NW_019862797.1,+,MXE_exon2,0.041740511,-0.063,174605,174951,NW_019862797.1_174605_174951
LOC112053596,NW_019863259.1,+,MXE_exon2,0,0.148,314273,314579,NW_019863259.1_314273_314579
LOC112053596,NW_019863259.1,+,MXE_exon2,0,0.146,314274,314579,NW_019863259.1_314274_314579
LOC112055375,NW_019863509.1,-,MXE_exon2,0.010018907,0.065,86031,86388,NW_019863509.1_86031_86388
LOC112044077,NW_019862803.1,+,MXE_exon2,1.78E-07,-0.632,141389,141601,NW_019862803.1_141389_141601
LOC112044077,NW_019862803.1,+,MXE_exon2,0,-0.225,141389,141723,NW_019862803.1_141389_141723
LOC112049759,NW_019862988.1,+,MXE_exon2,3.87E-12,-0.152,237539,237899,NW_019862988.1_237539_237899
LOC112049759,NW_019862988.1,+,MXE_exon2,4.88E-10,-0.266,237539,237899,NW_019862988.1_237539_237899
LOC112049759,NW_019862988.1,+,MXE_exon2,4.58E-08,-0.103,237539,237899,NW_019862988.1_237539_237899
LOC112053574,NW_019862760.1,-,MXE_exon2,1.56E-12,-0.551,173342,173653,NW_019862760.1_173342_173653
LOC112052331,NW_019862759.1,-,MXE_exon2,7.82E-06,0.098,893796,894351,NW_019862759.1_893796_894351
LOC112055526,NW_019863545.1,-,MXE_exon2,6.24E-11,0.215,77266,77547,NW_019863545.1_77266_77547
LOC112055526,NW_019863545.1,-,MXE_exon2,3.84E-11,0.244,77266,77547,NW_019863545.1_77266_77547
LOC112055526,NW_019863545.1,-,MXE_exon2,3.84E-11,0.244,77266,77547,NW_019863545.1_77266_77547
LOC112055526,NW_019863545.1,-,MXE_exon2,4.59E-13,0.357,77266,77547,NW_019863545.1_77266_77547
LOC112055526,NW_019863545.1,-,MXE_exon2,1.98E-12,0.384,77266,77547,NW_019863545.1_77266_77547
LOC112049052,NW_019862956.1,-,MXE_exon2,0.008005224,-0.215,495602,495996,NW_019862956.1_495602_495996
LOC112049052,NW_019862956.1,-,MXE_exon2,0.002156917,-0.143,495602,495996,NW_019862956.1_495602_495996
LOC112047434,NW_019862893.1,-,MXE_exon2,0.000165262,-0.087,381650,381931,NW_019862893.1_381650_381931
LOC112046874,NW_019862874.1,+,MXE_exon2,0.048410595,0.052,47248,47543,NW_019862874.1_47248_47543
LOC112045475,NW_019862752.1,-,MXE_exon2,0,-0.472,530787,531097,NW_019862752.1_530787_531097
LOC112045475,NW_019862752.1,-,MXE_exon2,0,-0.425,530791,531097,NW_019862752.1_530791_531097
LOC112045475,NW_019862752.1,-,MXE_exon2,0,-0.473,530792,531097,NW_019862752.1_530792_531097
LOC112045475,NW_019862752.1,-,MXE_exon2,0,-0.473,530795,531097,NW_019862752.1_530795_531097
LOC112045475,NW_019862752.1,-,MXE_exon2,0,-0.459,530802,531097,NW_019862752.1_530802_531097
LOC112045475,NW_019862752.1,-,MXE_exon2,0,-0.445,530787,531097,NW_019862752.1_530787_531097
LOC112045475,NW_019862752.1,-,MXE_exon2,0,-0.447,530792,531097,NW_019862752.1_530792_531097
LOC112045475,NW_019862752.1,-,MXE_exon2,9.17E-15,-0.442,530795,531097,NW_019862752.1_530795_531097
LOC112045475,NW_019862752.1,-,MXE_exon2,0,-0.46,530802,531097,NW_019862752.1_530802_531097
LOC112045475,NW_019862752.1,-,MXE_exon2,0,-0.402,530787,531097,NW_019862752.1_530787_531097
LOC112045475,NW_019862752.1,-,MXE_exon2,0,-0.362,530791,531097,NW_019862752.1_530791_531097
LOC112045475,NW_019862752.1,-,MXE_exon2,0,-0.402,530792,531097,NW_019862752.1_530792_531097
LOC112045475,NW_019862752.1,-,MXE_exon2,0,-0.402,530795,531097,NW_019862752.1_530795_531097
LOC112045475,NW_019862752.1,-,MXE_exon2,0,-0.39,530802,531097,NW_019862752.1_530802_531097
LOC112051655,NW_019863094.1,-,MXE_exon2,2.71E-09,-0.102,188882,189221,NW_019863094.1_188882_189221
LOC112046894,NW_019862874.1,+,MXE_exon2,3.15E-06,-0.072,271770,272133,NW_019862874.1_271770_272133
LOC112046894,NW_019862874.1,+,MXE_exon2,6.90E-14,0.055,271770,272397,NW_019862874.1_271770_272397
LOC112046894,NW_019862874.1,+,MXE_exon2,0,0.074,272120,272397,NW_019862874.1_272120_272397
LOC112046894,NW_019862874.1,+,MXE_exon2,9.17E-15,0.04,272120,272397,NW_019862874.1_272120_272397
LOC112046894,NW_019862874.1,+,MXE_exon2,0,0.074,272120,272397,NW_019862874.1_272120_272397
LOC112046894,NW_019862874.1,+,MXE_exon2,0,0.074,272120,272397,NW_019862874.1_272120_272397
LOC112046894,NW_019862874.1,+,MXE_exon2,0,0.074,272120,272397,NW_019862874.1_272120_272397
LOC112046894,NW_019862874.1,+,MXE_exon2,0.000481727,-0.055,277933,278148,NW_019862874.1_277933_278148
LOC112046894,NW_019862874.1,+,MXE_exon2,0.032324464,-0.028,277963,278285,NW_019862874.1_277963_278285
LOC112046894,NW_019862874.1,+,MXE_exon2,5.52E-05,0.028,277960,278285,NW_019862874.1_277960_278285
LOC112046894,NW_019862874.1,+,MXE_exon2,7.52E-05,0.026,277963,278285,NW_019862874.1_277963_278285
LOC112046894,NW_019862874.1,+,MXE_exon2,0.038639913,-0.012,305429,305741,NW_019862874.1_305429_305741
LOC112046036,NW_019862846.1,-,MXE_exon2,0.001931363,-0.202,635987,636746,NW_019862846.1_635987_636746
LOC112046036,NW_019862846.1,-,MXE_exon2,5.92E-05,-0.19,636170,636746,NW_019862846.1_636170_636746
LOC112046036,NW_019862846.1,-,MXE_exon2,6.71E-05,-0.194,636170,636746,NW_019862846.1_636170_636746
LOC112046036,NW_019862846.1,-,MXE_exon2,6.83E-05,-0.192,636170,636746,NW_019862846.1_636170_636746
LOC112046036,NW_019862846.1,-,MXE_exon2,9.52E-05,-0.18,636170,636746,NW_019862846.1_636170_636746
LOC112056342,NW_019863781.1,+,MXE_exon2,0.000449559,0.099,17506,17914,NW_019863781.1_17506_17914
LOC112045818,NW_019862841.1,-,MXE_exon2,0.008723647,-0.211,852958,853290,NW_019862841.1_852958_853290
LOC112047929,NW_019862908.1,+,MXE_exon2,0.00338775,-0.07,667201,667518,NW_019862908.1_667201_667518
LOC112047033,NW_019862881.1,-,MXE_exon2,0.01647516,0.279,302395,302662,NW_019862881.1_302395_302662
LOC112047033,NW_019862881.1,-,MXE_exon2,0.044043883,0.313,302395,302662,NW_019862881.1_302395_302662
LOC112047033,NW_019862881.1,-,MXE_exon2,0.040943981,0.291,302395,302662,NW_019862881.1_302395_302662
LOC112049557,NW_019862978.1,+,MXE_exon2,0,-0.291,95692,96024,NW_019862978.1_95692_96024
LOC112049557,NW_019862978.1,+,MXE_exon2,0,-0.446,95692,96033,NW_019862978.1_95692_96033
LOC112049557,NW_019862978.1,+,MXE_exon2,0,-0.421,95692,96046,NW_019862978.1_95692_96046
LOC112049557,NW_019862978.1,+,MXE_exon2,2.95E-13,-0.415,95699,96024,NW_019862978.1_95699_96024
LOC112049557,NW_019862978.1,+,MXE_exon2,0.003358177,-0.089,97692,97952,NW_019862978.1_97692_97952
LOC112049557,NW_019862978.1,+,MXE_exon2,0.019441562,-0.029,97692,98024,NW_019862978.1_97692_98024
LOC112049557,NW_019862978.1,+,MXE_exon2,0,-0.409,95692,96024,NW_019862978.1_95692_96024
LOC112049557,NW_019862978.1,+,MXE_exon2,0,-0.488,95692,96033,NW_019862978.1_95692_96033
LOC112049557,NW_019862978.1,+,MXE_exon2,0,-0.466,95692,96046,NW_019862978.1_95692_96046
LOC112049557,NW_019862978.1,+,MXE_exon2,0,-0.438,95699,96024,NW_019862978.1_95699_96024
LOC112049557,NW_019862978.1,+,MXE_exon2,0,-0.289,95692,96024,NW_019862978.1_95692_96024
LOC112049557,NW_019862978.1,+,MXE_exon2,1.78E-14,-0.423,95692,96033,NW_019862978.1_95692_96033
LOC112049557,NW_019862978.1,+,MXE_exon2,4.55E-11,-0.398,95692,96046,NW_019862978.1_95692_96046
LOC112049557,NW_019862978.1,+,MXE_exon2,2.25E-13,-0.382,95699,96024,NW_019862978.1_95699_96024
LOC112049557,NW_019862978.1,+,MXE_exon2,0,-0.286,95692,96024,NW_019862978.1_95692_96024
LOC112049557,NW_019862978.1,+,MXE_exon2,3.49E-14,-0.42,95692,96033,NW_019862978.1_95692_96033
LOC112049557,NW_019862978.1,+,MXE_exon2,9.31E-11,-0.394,95692,96046,NW_019862978.1_95692_96046
LOC112049557,NW_019862978.1,+,MXE_exon2,2.41E-13,-0.38,95699,96024,NW_019862978.1_95699_96024
LOC112049557,NW_019862978.1,+,MXE_exon2,2.65E-14,0.351,97692,97952,NW_019862978.1_97692_97952
LOC112049557,NW_019862978.1,+,MXE_exon2,1.78E-14,0.338,97692,97952,NW_019862978.1_97692_97952
LOC112049557,NW_019862978.1,+,MXE_exon2,0,0.219,97692,98024,NW_019862978.1_97692_98024
LOC112049557,NW_019862978.1,+,MXE_exon2,4.44E-13,0.321,97692,97952,NW_019862978.1_97692_97952
LOC112049557,NW_019862978.1,+,MXE_exon2,0,0.211,97692,98024,NW_019862978.1_97692_98024
LOC112049557,NW_019862978.1,+,MXE_exon2,2.38E-09,0.279,97692,97952,NW_019862978.1_97692_97952
LOC112049557,NW_019862978.1,+,MXE_exon2,0,0.178,97692,98024,NW_019862978.1_97692_98024
LOC112058326,NW_019862774.1,-,MXE_exon2,0.031792308,0.134,1343742,1344108,NW_019862774.1_1343742_1344108
LOC112046332,NW_019862855.1,-,MXE_exon2,3.02E-06,-0.507,636793,637209,NW_019862855.1_636793_637209
LOC112057889,NW_019862768.1,+,MXE_exon2,0.003503058,-0.192,1205465,1206137,NW_019862768.1_1205465_1206137
LOC112046143,NW_019862849.1,+,MXE_exon2,4.40E-07,0.101,173591,173883,NW_019862849.1_173591_173883
LOC112058207,NW_019862772.1,+,MXE_exon2,0.000213707,-0.639,1705440,1705922,NW_019862772.1_1705440_1705922
LOC112058207,NW_019862772.1,+,MXE_exon2,3.59E-05,-0.602,1705440,1705922,NW_019862772.1_1705440_1705922
LOC112058207,NW_019862772.1,+,MXE_exon2,0.048498905,-0.056,1706191,1706515,NW_019862772.1_1706191_1706515
LOC112058207,NW_019862772.1,+,MXE_exon2,1.17E-05,-0.263,1706220,1706558,NW_019862772.1_1706220_1706558
LOC112058207,NW_019862772.1,+,MXE_exon2,0.000300907,-0.475,1705440,1705922,NW_019862772.1_1705440_1705922
LOC112048398,NW_019862929.1,+,MXE_exon2,1.94E-06,-0.064,270034,270280,NW_019862929.1_270034_270280
LOC112048398,NW_019862929.1,+,MXE_exon2,0,0.198,271085,271419,NW_019862929.1_271085_271419
LOC112045922,NW_019862843.1,+,MXE_exon2,2.08E-08,0.162,936313,936699,NW_019862843.1_936313_936699
LOC112049794,NW_019862756.1,-,MXE_exon2,1.94E-13,-0.063,399749,400378,NW_019862756.1_399749_400378
LOC112045804,NW_019862841.1,+,MXE_exon2,1.10E-05,0.353,591112,591538,NW_019862841.1_591112_591538
LOC112045804,NW_019862841.1,+,MXE_exon2,3.38E-05,0.244,591113,591538,NW_019862841.1_591113_591538
LOC112043877,NW_019862799.1,+,MXE_exon2,0.000820451,-0.09,791727,792111,NW_019862799.1_791727_792111
LOC112045157,NW_019862825.1,-,MXE_exon2,0.027130075,0.13,29203,29573,NW_019862825.1_29203_29573
LOC112043199,NW_019862787.1,-,MXE_exon2,1.81E-08,-0.462,27259,27738,NW_019862787.1_27259_27738
LOC112043199,NW_019862787.1,-,MXE_exon2,1.22E-05,-0.484,27259,27738,NW_019862787.1_27259_27738
LOC112043199,NW_019862787.1,-,MXE_exon2,1.83E-07,-0.512,27259,27738,NW_019862787.1_27259_27738
LOC112049503,NW_019862976.1,-,MXE_exon2,0,-0.586,436710,437236,NW_019862976.1_436710_437236
LOC112049503,NW_019862976.1,-,MXE_exon2,0,-0.586,436827,437236,NW_019862976.1_436827_437236
LOC112049503,NW_019862976.1,-,MXE_exon2,0,-0.287,436973,437236,NW_019862976.1_436973_437236
LOC112049503,NW_019862976.1,-,MXE_exon2,0,-0.566,436973,437377,NW_019862976.1_436973_437377
LOC112049503,NW_019862976.1,-,MXE_exon2,0,-0.535,436975,437236,NW_019862976.1_436975_437236
LOC112049503,NW_019862976.1,-,MXE_exon2,0,-0.633,436710,437236,NW_019862976.1_436710_437236
LOC112049503,NW_019862976.1,-,MXE_exon2,0,-0.633,436827,437236,NW_019862976.1_436827_437236
LOC112049503,NW_019862976.1,-,MXE_exon2,0,-0.353,436973,437236,NW_019862976.1_436973_437236
LOC112049503,NW_019862976.1,-,MXE_exon2,0,-0.616,436973,437377,NW_019862976.1_436973_437377
LOC112049503,NW_019862976.1,-,MXE_exon2,0,-0.593,436975,437236,NW_019862976.1_436975_437236
LOC112049503,NW_019862976.1,-,MXE_exon2,0,-0.592,436710,437236,NW_019862976.1_436710_437236
LOC112049503,NW_019862976.1,-,MXE_exon2,0,-0.592,436827,437236,NW_019862976.1_436827_437236
LOC112049503,NW_019862976.1,-,MXE_exon2,0,-0.281,436973,437236,NW_019862976.1_436973_437236
LOC112049503,NW_019862976.1,-,MXE_exon2,0,-0.571,436973,437377,NW_019862976.1_436973_437377
LOC112049503,NW_019862976.1,-,MXE_exon2,0,-0.535,436975,437236,NW_019862976.1_436975_437236
LOC112049503,NW_019862976.1,-,MXE_exon2,0,-0.652,436710,437236,NW_019862976.1_436710_437236
LOC112049503,NW_019862976.1,-,MXE_exon2,0,-0.652,436827,437236,NW_019862976.1_436827_437236
LOC112049503,NW_019862976.1,-,MXE_exon2,0,-0.653,436973,437377,NW_019862976.1_436973_437377
LOC112049503,NW_019862976.1,-,MXE_exon2,0,-0.675,436975,437236,NW_019862976.1_436975_437236
LOC112049503,NW_019862976.1,-,MXE_exon2,0,-0.633,436710,437236,NW_019862976.1_436710_437236
LOC112049503,NW_019862976.1,-,MXE_exon2,0,-0.633,436827,437236,NW_019862976.1_436827_437236
LOC112049503,NW_019862976.1,-,MXE_exon2,0,-0.344,436973,437236,NW_019862976.1_436973_437236
LOC112049503,NW_019862976.1,-,MXE_exon2,0,-0.616,436973,437377,NW_019862976.1_436973_437377
LOC112049503,NW_019862976.1,-,MXE_exon2,0,-0.59,436975,437236,NW_019862976.1_436975_437236
LOC112049503,NW_019862976.1,-,MXE_exon2,0,-0.626,436710,437236,NW_019862976.1_436710_437236
LOC112049503,NW_019862976.1,-,MXE_exon2,0,-0.626,436827,437236,NW_019862976.1_436827_437236
LOC112049503,NW_019862976.1,-,MXE_exon2,0,-0.338,436973,437236,NW_019862976.1_436973_437236
LOC112049503,NW_019862976.1,-,MXE_exon2,0,-0.608,436973,437377,NW_019862976.1_436973_437377
LOC112049503,NW_019862976.1,-,MXE_exon2,0,-0.583,436975,437236,NW_019862976.1_436975_437236
LOC112049503,NW_019862976.1,-,MXE_exon2,7.33E-09,0.024,437518,437781,NW_019862976.1_437518_437781
LOC112049503,NW_019862976.1,-,MXE_exon2,7.40E-09,0.024,437518,437781,NW_019862976.1_437518_437781
LOC112049503,NW_019862976.1,-,MXE_exon2,1.39E-07,0.022,437518,437781,NW_019862976.1_437518_437781
LOC112049503,NW_019862976.1,-,MXE_exon2,7.92E-06,0.018,437518,437781,NW_019862976.1_437518_437781
LOC112049503,NW_019862976.1,-,MXE_exon2,0.000672989,0.087,441520,441940,NW_019862976.1_441520_441940
LOC112049503,NW_019862976.1,-,MXE_exon2,0.000599404,0.097,441665,441940,NW_019862976.1_441665_441940
LOC112049503,NW_019862976.1,-,MXE_exon2,0.000713943,0.081,441669,441940,NW_019862976.1_441669_441940
LOC112049503,NW_019862976.1,-,MXE_exon2,0.002113554,0.099,441676,441940,NW_019862976.1_441676_441940
LOC112049503,NW_019862976.1,-,MXE_exon2,0.000668783,0.087,441520,441940,NW_019862976.1_441520_441940
LOC112049503,NW_019862976.1,-,MXE_exon2,0.000597179,0.097,441665,441940,NW_019862976.1_441665_441940
LOC112049503,NW_019862976.1,-,MXE_exon2,0.000707981,0.081,441669,441940,NW_019862976.1_441669_441940
LOC112049503,NW_019862976.1,-,MXE_exon2,0.00210218,0.099,441676,441940,NW_019862976.1_441676_441940
LOC112049503,NW_019862976.1,-,MXE_exon2,0.000698845,0.087,441520,441940,NW_019862976.1_441520_441940
LOC112049503,NW_019862976.1,-,MXE_exon2,0.000618784,0.097,441665,441940,NW_019862976.1_441665_441940
LOC112049503,NW_019862976.1,-,MXE_exon2,0.000741591,0.081,441669,441940,NW_019862976.1_441669_441940
LOC112049503,NW_019862976.1,-,MXE_exon2,0.00216415,0.099,441676,441940,NW_019862976.1_441676_441940
LOC112049503,NW_019862976.1,-,MXE_exon2,0.000670164,0.087,441520,441940,NW_019862976.1_441520_441940
LOC112049503,NW_019862976.1,-,MXE_exon2,0.000597808,0.097,441665,441940,NW_019862976.1_441665_441940
LOC112049503,NW_019862976.1,-,MXE_exon2,0.000709761,0.081,441669,441940,NW_019862976.1_441669_441940
LOC112049503,NW_019862976.1,-,MXE_exon2,0.002105965,0.099,441676,441940,NW_019862976.1_441676_441940
LOC112049503,NW_019862976.1,-,MXE_exon2,0.000677269,0.086,441520,441940,NW_019862976.1_441520_441940
LOC112049503,NW_019862976.1,-,MXE_exon2,0.000609204,0.097,441665,441940,NW_019862976.1_441665_441940
LOC112049503,NW_019862976.1,-,MXE_exon2,0.000774805,0.081,441669,441940,NW_019862976.1_441669_441940
LOC112049503,NW_019862976.1,-,MXE_exon2,0.002121494,0.098,441676,441940,NW_019862976.1_441676_441940
LOC112049503,NW_019862976.1,-,MXE_exon2,0.000644089,0.086,441520,441940,NW_019862976.1_441520_441940
LOC112049503,NW_019862976.1,-,MXE_exon2,0.000586919,0.097,441665,441940,NW_019862976.1_441665_441940
LOC112049503,NW_019862976.1,-,MXE_exon2,0.000773756,0.082,441669,441940,NW_019862976.1_441669_441940
LOC112049503,NW_019862976.1,-,MXE_exon2,0.002034177,0.099,441676,441940,NW_019862976.1_441676_441940
LOC112049503,NW_019862976.1,-,MXE_exon2,1.59E-06,0.084,441520,441940,NW_019862976.1_441520_441940
LOC112049503,NW_019862976.1,-,MXE_exon2,2.16E-06,0.099,441665,441940,NW_019862976.1_441665_441940
LOC112049503,NW_019862976.1,-,MXE_exon2,2.09E-05,0.109,441669,441940,NW_019862976.1_441669_441940
LOC112049503,NW_019862976.1,-,MXE_exon2,1.08E-05,0.099,441676,441940,NW_019862976.1_441676_441940
LOC112049503,NW_019862976.1,-,MXE_exon2,1.28E-05,0.038,441520,441940,NW_019862976.1_441520_441940
LOC112049503,NW_019862976.1,-,MXE_exon2,5.39E-06,0.05,441665,441940,NW_019862976.1_441665_441940
LOC112049503,NW_019862976.1,-,MXE_exon2,2.66E-06,0.049,441676,441940,NW_019862976.1_441676_441940
LOC112055942,NW_019863661.1,+,MXE_exon2,1.69E-06,0.38,16225,16576,NW_019863661.1_16225_16576
LOC112055942,NW_019863661.1,+,MXE_exon2,1.66E-06,0.381,16225,16623,NW_019863661.1_16225_16623
LOC112055942,NW_019863661.1,+,MXE_exon2,3.16E-11,0.17,16225,16624,NW_019863661.1_16225_16624
LOC112055942,NW_019863661.1,+,MXE_exon2,1.69E-06,0.38,16225,16576,NW_019863661.1_16225_16576
LOC112055942,NW_019863661.1,+,MXE_exon2,1.66E-06,0.381,16225,16623,NW_019863661.1_16225_16623
LOC112055942,NW_019863661.1,+,MXE_exon2,3.16E-11,0.17,16225,16624,NW_019863661.1_16225_16624
LOC112055942,NW_019863661.1,+,MXE_exon2,1.84E-06,0.379,16225,16576,NW_019863661.1_16225_16576
LOC112055942,NW_019863661.1,+,MXE_exon2,1.81E-06,0.38,16225,16623,NW_019863661.1_16225_16623
LOC112055942,NW_019863661.1,+,MXE_exon2,4.33E-11,0.17,16225,16624,NW_019863661.1_16225_16624
LOC112055942,NW_019863661.1,+,MXE_exon2,2.32E-05,-0.33,20643,20964,NW_019863661.1_20643_20964
LOC112057867,NW_019862768.1,-,MXE_exon2,0.012908132,-0.014,389548,389841,NW_019862768.1_389548_389841
LOC112057867,NW_019862768.1,-,MXE_exon2,0.016008736,-0.054,389548,389855,NW_019862768.1_389548_389855
LOC112046452,NW_019862857.1,-,MXE_exon2,8.19E-05,0.093,160350,160688,NW_019862857.1_160350_160688
LOC112046452,NW_019862857.1,-,MXE_exon2,6.95E-05,0.093,160350,160688,NW_019862857.1_160350_160688
LOC112055262,NW_019862762.1,-,MXE_exon2,0.037939178,0.013,188611,189086,NW_019862762.1_188611_189086
LOC112058168,NW_019862772.1,+,MXE_exon2,0.000335629,0.041,1629237,1629768,NW_019862772.1_1629237_1629768
LOC112055327,NW_019863501.1,+,MXE_exon2,1.33E-06,-0.026,66059,67207,NW_019863501.1_66059_67207
LOC112055327,NW_019863501.1,+,MXE_exon2,1.78E-06,-0.024,66059,67207,NW_019863501.1_66059_67207
LOC112055327,NW_019863501.1,+,MXE_exon2,1.43E-06,-0.026,66059,67207,NW_019863501.1_66059_67207
LOC112055327,NW_019863501.1,+,MXE_exon2,4.47E-07,-0.033,66059,67207,NW_019863501.1_66059_67207
LOC112042929,NW_019862782.1,+,MXE_exon2,5.27E-07,-0.561,926862,927113,NW_019862782.1_926862_927113
LOC112042935,NW_019862782.1,-,MXE_exon2,0,-0.432,1151649,1152090,NW_019862782.1_1151649_1152090
LOC112042935,NW_019862782.1,-,MXE_exon2,0,-0.444,1151653,1152090,NW_019862782.1_1151653_1152090
LOC112042935,NW_019862782.1,-,MXE_exon2,0,-0.443,1151752,1152090,NW_019862782.1_1151752_1152090
LOC112042935,NW_019862782.1,-,MXE_exon2,0,-0.756,1151649,1152090,NW_019862782.1_1151649_1152090
LOC112042935,NW_019862782.1,-,MXE_exon2,0,-0.762,1151653,1152090,NW_019862782.1_1151653_1152090
LOC112042935,NW_019862782.1,-,MXE_exon2,0,-0.76,1151752,1152090,NW_019862782.1_1151752_1152090
LOC112042935,NW_019862782.1,-,MXE_exon2,0,0.327,1153148,1153444,NW_019862782.1_1153148_1153444
LOC112042935,NW_019862782.1,-,MXE_exon2,0.039722759,0.026,1176464,1176977,NW_019862782.1_1176464_1176977
LOC112046298,NW_019862752.1,-,MXE_exon2,0.014208463,-0.198,2667110,2667360,NW_019862752.1_2667110_2667360
LOC112046298,NW_019862752.1,-,MXE_exon2,0.020510605,-0.194,2667110,2667360,NW_019862752.1_2667110_2667360
LOC112046298,NW_019862752.1,-,MXE_exon2,0.002675864,-0.226,2667110,2667360,NW_019862752.1_2667110_2667360
LOC112046298,NW_019862752.1,-,MXE_exon2,0.032168614,-0.185,2667110,2667483,NW_019862752.1_2667110_2667483
LOC112046298,NW_019862752.1,-,MXE_exon2,0.032168614,-0.185,2667110,2667545,NW_019862752.1_2667110_2667545
LOC112047120,NW_019862882.1,-,MXE_exon2,4.86E-07,0.2,758428,759090,NW_019862882.1_758428_759090
LOC112047120,NW_019862882.1,-,MXE_exon2,1.78E-07,0.258,758643,758984,NW_019862882.1_758643_758984
LOC112047120,NW_019862882.1,-,MXE_exon2,9.70E-07,0.128,758643,759090,NW_019862882.1_758643_759090
LOC112047844,NW_019862905.1,-,MXE_exon2,0.004446648,0.113,641720,641975,NW_019862905.1_641720_641975
LOC112047844,NW_019862905.1,-,MXE_exon2,0.000790242,0.007,641720,641984,NW_019862905.1_641720_641984
LOC112047844,NW_019862905.1,-,MXE_exon2,0.016182559,0.098,641720,642002,NW_019862905.1_641720_642002
LOC112057021,NW_019862764.1,+,MXE_exon2,5.09E-08,0.142,1517095,1517431,NW_019862764.1_1517095_1517431
LOC112057021,NW_019862764.1,+,MXE_exon2,5.21E-06,0.119,1517095,1517431,NW_019862764.1_1517095_1517431
LOC112048050,NW_019862754.1,-,MXE_exon2,0.03463955,-0.061,1609421,1609745,NW_019862754.1_1609421_1609745
LOC112044972,NW_019862820.1,+,MXE_exon2,0,0.152,245516,245943,NW_019862820.1_245516_245943
LOC112046122,NW_019862752.1,-,MXE_exon2,0.034158993,-0.162,1921119,1921419,NW_019862752.1_1921119_1921419
LOC112046122,NW_019862752.1,-,MXE_exon2,0.005597918,-0.09,1921119,1921403,NW_019862752.1_1921119_1921403
LOC112055365,NW_019863507.1,+,MXE_exon2,0.009238734,0.149,53297,53711,NW_019863507.1_53297_53711
LOC112055365,NW_019863507.1,+,MXE_exon2,0.037097453,-0.298,54355,54683,NW_019863507.1_54355_54683
LOC112043271,NW_019862788.1,-,MXE_exon2,7.22E-06,0.509,50609,51022,NW_019862788.1_50609_51022
LOC112045866,NW_019862842.1,+,MXE_exon2,0.025200917,-0.027,859825,860228,NW_019862842.1_859825_860228
LOC112047593,NW_019862897.1,-,MXE_exon2,5.81E-05,0.409,440022,440438,NW_019862897.1_440022_440438
LOC112047593,NW_019862897.1,-,MXE_exon2,0.001326808,0.41,440022,440448,NW_019862897.1_440022_440448
LOC112052126,NW_019863128.1,+,MXE_exon2,0.025450748,-0.253,163519,163756,NW_019863128.1_163519_163756
LOC112052126,NW_019863128.1,+,MXE_exon2,0.000359707,-0.05,163519,163756,NW_019863128.1_163519_163756
LOC112049067,NW_019862957.1,-,MXE_exon2,0.043651948,0.109,494855,495191,NW_019862957.1_494855_495191
LOC112049067,NW_019862957.1,-,MXE_exon2,0.043504191,0.105,494855,495312,NW_019862957.1_494855_495312
LOC112049067,NW_019862957.1,-,MXE_exon2,0.043504191,0.105,494855,495315,NW_019862957.1_494855_495315
LOC112054615,NW_019863384.1,-,MXE_exon2,0.004904108,-0.139,41781,42056,NW_019863384.1_41781_42056
LOC112045886,NW_019862843.1,-,MXE_exon2,0.044814452,0.132,258475,258756,NW_019862843.1_258475_258756
LOC112046693,NW_019862867.1,+,MXE_exon2,0,-0.701,673743,674011,NW_019862867.1_673743_674011
LOC112046693,NW_019862867.1,+,MXE_exon2,0,-0.847,673743,674132,NW_019862867.1_673743_674132
LOC112046693,NW_019862867.1,+,MXE_exon2,0,-0.78,673745,674132,NW_019862867.1_673745_674132
LOC112046693,NW_019862867.1,+,MXE_exon2,0,-0.78,673771,674132,NW_019862867.1_673771_674132
LOC112046693,NW_019862867.1,+,MXE_exon2,0,-0.636,673743,674127,NW_019862867.1_673743_674127
LOC112046693,NW_019862867.1,+,MXE_exon2,0,-0.42,673743,674011,NW_019862867.1_673743_674011
LOC112046693,NW_019862867.1,+,MXE_exon2,0,-0.527,673745,674132,NW_019862867.1_673745_674132
LOC112046693,NW_019862867.1,+,MXE_exon2,0,-0.526,673771,674132,NW_019862867.1_673771_674132
LOC112046693,NW_019862867.1,+,MXE_exon2,0,-0.13,675287,675529,NW_019862867.1_675287_675529
LOC112046693,NW_019862867.1,+,MXE_exon2,0,-0.172,675287,675619,NW_019862867.1_675287_675619
LOC112046693,NW_019862867.1,+,MXE_exon2,0,-0.66,673743,674011,NW_019862867.1_673743_674011
LOC112046693,NW_019862867.1,+,MXE_exon2,0,-0.824,673743,674132,NW_019862867.1_673743_674132
LOC112046693,NW_019862867.1,+,MXE_exon2,0,-0.746,673745,674132,NW_019862867.1_673745_674132
LOC112046693,NW_019862867.1,+,MXE_exon2,0,-0.746,673771,674132,NW_019862867.1_673771_674132
LOC112046693,NW_019862867.1,+,MXE_exon2,0,0.736,675287,675529,NW_019862867.1_675287_675529
LOC112046693,NW_019862867.1,+,MXE_exon2,0,0.751,675287,675619,NW_019862867.1_675287_675619
LOC112046693,NW_019862867.1,+,MXE_exon2,0,-0.359,675354,675631,NW_019862867.1_675354_675631
LOC112046693,NW_019862867.1,+,MXE_exon2,0,-0.334,677478,677770,NW_019862867.1_677478_677770
LOC112055663,NW_019863579.1,-,MXE_exon2,0,-0.182,140767,141685,NW_019863579.1_140767_141685
LOC112052849,NW_019863181.1,-,MXE_exon2,0.004253471,-0.024,160490,160795,NW_019863181.1_160490_160795
LOC112051410,NW_019863081.1,+,MXE_exon2,1.25E-09,-0.716,372813,373159,NW_019863081.1_372813_373159
LOC112051410,NW_019863081.1,+,MXE_exon2,4.13E-06,-0.726,372825,373159,NW_019863081.1_372825_373159
LOC112051410,NW_019863081.1,+,MXE_exon2,3.19E-10,-0.605,372813,373159,NW_019863081.1_372813_373159
LOC112051410,NW_019863081.1,+,MXE_exon2,2.53E-08,-0.659,372825,373159,NW_019863081.1_372825_373159
LOC112051410,NW_019863081.1,+,MXE_exon2,8.82E-10,-0.714,372813,373159,NW_019863081.1_372813_373159
LOC112051410,NW_019863081.1,+,MXE_exon2,3.13E-06,-0.729,372825,373159,NW_019863081.1_372825_373159
LOC112045821,NW_019862841.1,-,MXE_exon2,0.019873981,0.34,88919,89235,NW_019862841.1_88919_89235
LOC112043756,NW_019862796.1,-,MXE_exon2,0.000828267,0.078,1275363,1275644,NW_019862796.1_1275363_1275644
LOC112045232,NW_019862827.1,+,MXE_exon2,0.017167107,0.051,109937,110539,NW_019862827.1_109937_110539
LOC112046979,NW_019862879.1,+,MXE_exon2,0.003305561,0.112,108199,108531,NW_019862879.1_108199_108531
LOC112046979,NW_019862879.1,+,MXE_exon2,0.003352645,0.11,108199,108531,NW_019862879.1_108199_108531
LOC112047770,NW_019862904.1,+,MXE_exon2,0.004121652,0.052,1008392,1008945,NW_019862904.1_1008392_1008945
LOC112047845,NW_019862906.1,+,MXE_exon2,0.026118093,-0.126,31501,31991,NW_019862906.1_31501_31991
LOC112047845,NW_019862906.1,+,MXE_exon2,0.033057773,-0.134,31677,31991,NW_019862906.1_31677_31991
LOC112053231,NW_019863219.1,-,MXE_exon2,0.000101482,0.09,69318,69618,NW_019863219.1_69318_69618
LOC112050604,NW_019863032.1,-,MXE_exon2,9.78E-05,0.024,121508,121791,NW_019863032.1_121508_121791
LOC112050604,NW_019863032.1,-,MXE_exon2,1.45E-07,0.038,121509,121791,NW_019863032.1_121509_121791
LOC112050604,NW_019863032.1,-,MXE_exon2,2.01E-05,0.027,121508,121791,NW_019863032.1_121508_121791
LOC112050604,NW_019863032.1,-,MXE_exon2,3.63E-08,0.044,121509,121791,NW_019863032.1_121509_121791
LOC112050604,NW_019863032.1,-,MXE_exon2,4.36E-14,0.059,121508,121791,NW_019863032.1_121508_121791
LOC112050604,NW_019863032.1,-,MXE_exon2,7.74E-14,0.092,121509,121791,NW_019863032.1_121509_121791
LOC112053291,NW_019863225.1,-,MXE_exon2,0.004407989,0.088,122273,122601,NW_019863225.1_122273_122601
LOC112053291,NW_019863225.1,-,MXE_exon2,2.07E-10,-0.107,122639,122964,NW_019863225.1_122639_122964
LOC112053291,NW_019863225.1,-,MXE_exon2,3.42E-09,-0.188,122636,122964,NW_019863225.1_122636_122964
LOC112053291,NW_019863225.1,-,MXE_exon2,5.12E-06,-0.148,122639,122964,NW_019863225.1_122639_122964
LOC112053291,NW_019863225.1,-,MXE_exon2,9.17E-15,-0.195,122636,122964,NW_019863225.1_122636_122964
LOC112053291,NW_019863225.1,-,MXE_exon2,3.06E-09,-0.154,122639,122964,NW_019863225.1_122639_122964
LOC112044618,NW_019862813.1,-,MXE_exon2,0.025695202,0.1,133445,133827,NW_019862813.1_133445_133827
LOC112051025,NW_019863057.1,-,MXE_exon2,1.86E-09,0.215,259228,259448,NW_019863057.1_259228_259448
LOC112046108,NW_019862848.1,+,MXE_exon2,4.03E-06,-0.105,333419,333864,NW_019862848.1_333419_333864
LOC112046108,NW_019862848.1,+,MXE_exon2,5.43E-06,-0.054,333419,333864,NW_019862848.1_333419_333864
LOC112046108,NW_019862848.1,+,MXE_exon2,2.99E-06,-0.105,333419,333864,NW_019862848.1_333419_333864
LOC112057756,NW_019862766.1,-,MXE_exon2,0.001116351,0.012,160811,161032,NW_019862766.1_160811_161032
LOC112057756,NW_019862766.1,-,MXE_exon2,0.000235274,0.013,160811,161032,NW_019862766.1_160811_161032
LOC112057756,NW_019862766.1,-,MXE_exon2,0.001843893,0.011,160811,161032,NW_019862766.1_160811_161032
LOC112053170,NW_019863214.1,-,MXE_exon2,5.35E-07,-0.547,183209,183505,NW_019863214.1_183209_183505
LOC112053170,NW_019863214.1,-,MXE_exon2,2.18E-08,-0.533,183209,183514,NW_019863214.1_183209_183514
LOC112053170,NW_019863214.1,-,MXE_exon2,5.21E-08,-0.351,184195,184485,NW_019863214.1_184195_184485
LOC112053170,NW_019863214.1,-,MXE_exon2,1.38E-08,-0.566,183209,183505,NW_019863214.1_183209_183505
LOC112053170,NW_019863214.1,-,MXE_exon2,9.38E-14,-0.573,183209,183514,NW_019863214.1_183209_183514
LOC112053170,NW_019863214.1,-,MXE_exon2,0,-0.618,183211,183514,NW_019863214.1_183211_183514
LOC112053170,NW_019863214.1,-,MXE_exon2,6.27E-11,-0.214,184195,184485,NW_019863214.1_184195_184485
LOC112053170,NW_019863214.1,-,MXE_exon2,1.69E-10,-0.389,184195,184494,NW_019863214.1_184195_184494
LOC112053170,NW_019863214.1,-,MXE_exon2,8.58E-14,-0.308,184817,185110,NW_019863214.1_184817_185110
LOC112053170,NW_019863214.1,-,MXE_exon2,0,-0.149,184817,185119,NW_019863214.1_184817_185119
LOC112053170,NW_019863214.1,-,MXE_exon2,1.31E-05,-0.497,183209,183505,NW_019863214.1_183209_183505
LOC112053170,NW_019863214.1,-,MXE_exon2,5.89E-09,-0.486,183209,183514,NW_019863214.1_183209_183514
LOC112053170,NW_019863214.1,-,MXE_exon2,2.01E-13,-0.621,183211,183514,NW_019863214.1_183211_183514
LOC112053170,NW_019863214.1,-,MXE_exon2,7.15E-07,-0.143,184195,184485,NW_019863214.1_184195_184485
LOC112053170,NW_019863214.1,-,MXE_exon2,5.36E-07,-0.291,184195,184494,NW_019863214.1_184195_184494
LOC112053170,NW_019863214.1,-,MXE_exon2,3.66E-09,-0.227,184817,185110,NW_019863214.1_184817_185110
LOC112053170,NW_019863214.1,-,MXE_exon2,4.55E-11,-0.1,184817,185119,NW_019863214.1_184817_185119
LOC112053170,NW_019863214.1,-,MXE_exon2,7.27E-06,-0.497,183209,183505,NW_019863214.1_183209_183505
LOC112053170,NW_019863214.1,-,MXE_exon2,2.84E-09,-0.483,183209,183514,NW_019863214.1_183209_183514
LOC112053170,NW_019863214.1,-,MXE_exon2,2.65E-14,-0.626,183211,183514,NW_019863214.1_183211_183514
LOC112053170,NW_019863214.1,-,MXE_exon2,1.22E-07,-0.14,184195,184485,NW_019863214.1_184195_184485
LOC112053170,NW_019863214.1,-,MXE_exon2,7.78E-08,-0.289,184195,184494,NW_019863214.1_184195_184494
LOC112053170,NW_019863214.1,-,MXE_exon2,5.37E-10,-0.223,184817,185110,NW_019863214.1_184817_185110
LOC112053170,NW_019863214.1,-,MXE_exon2,2.76E-12,-0.097,184817,185119,NW_019863214.1_184817_185119
LOC112053170,NW_019863214.1,-,MXE_exon2,0.026312919,0.148,184195,184485,NW_019863214.1_184195_184485
LOC112053170,NW_019863214.1,-,MXE_exon2,4.62E-06,0.073,184195,184485,NW_019863214.1_184195_184485
LOC112053170,NW_019863214.1,-,MXE_exon2,2.01E-05,0.128,184195,184494,NW_019863214.1_184195_184494
LOC112053170,NW_019863214.1,-,MXE_exon2,0.000205422,0.055,184817,185110,NW_019863214.1_184817_185110
LOC112053170,NW_019863214.1,-,MXE_exon2,0.001175235,0.027,184817,185119,NW_019863214.1_184817_185119
LOC112055996,NW_019863677.1,+,MXE_exon2,4.12E-05,0.438,70308,70565,NW_019863677.1_70308_70565
LOC112055996,NW_019863677.1,+,MXE_exon2,0.003377915,0.424,70308,70598,NW_019863677.1_70308_70598
LOC112055996,NW_019863677.1,+,MXE_exon2,0.005737733,0.413,70309,70598,NW_019863677.1_70309_70598
LOC112055996,NW_019863677.1,+,MXE_exon2,0.004392126,0.374,70308,70598,NW_019863677.1_70308_70598
LOC112055996,NW_019863677.1,+,MXE_exon2,0.005246621,0.347,70308,70565,NW_019863677.1_70308_70565
LOC112055996,NW_019863677.1,+,MXE_exon2,0.002113313,0.369,70308,70598,NW_019863677.1_70308_70598
LOC112055996,NW_019863677.1,+,MXE_exon2,0.006083526,0.335,70309,70598,NW_019863677.1_70309_70598
LOC112055996,NW_019863677.1,+,MXE_exon2,0.02801106,0.3,70308,70565,NW_019863677.1_70308_70565
LOC112055996,NW_019863677.1,+,MXE_exon2,0.001991411,0.344,70308,70598,NW_019863677.1_70308_70598
LOC112055996,NW_019863677.1,+,MXE_exon2,0.043582084,0.312,70308,70598,NW_019863677.1_70308_70598
LOC112054727,NW_019863402.1,-,MXE_exon2,0.031760411,0.038,67964,68246,NW_019863402.1_67964_68246
LOC112054727,NW_019863402.1,-,MXE_exon2,2.95E-05,0.118,67964,68246,NW_019863402.1_67964_68246
LOC112050490,NW_019863025.1,+,MXE_exon2,0.000618784,-0.104,187880,188197,NW_019863025.1_187880_188197
LOC112050490,NW_019863025.1,+,MXE_exon2,0.000698845,-0.106,187884,188197,NW_019863025.1_187884_188197
nbis-pseudo177,NW_019862773.1,-,MXE_exon2,9.63E-07,-0.097,709108,709502,NW_019862773.1_709108_709502
LOC112051327,NW_019863075.1,+,MXE_exon2,2.90E-06,0.104,338022,338652,NW_019863075.1_338022_338652
LOC112051327,NW_019863075.1,+,MXE_exon2,0.0205167,0.083,338369,338652,NW_019863075.1_338369_338652
LOC112054561,NW_019863375.1,+,MXE_exon2,0.000481569,0.079,166345,166589,NW_019863375.1_166345_166589
LOC112056355,NW_019863786.1,+,MXE_exon2,1.55E-05,0.187,40417,40751,NW_019863786.1_40417_40751
LOC112056355,NW_019863786.1,+,MXE_exon2,1.15E-06,0.306,40417,40751,NW_019863786.1_40417_40751
LOC112056355,NW_019863786.1,+,MXE_exon2,1.15E-06,0.306,40417,40751,NW_019863786.1_40417_40751
LOC112056355,NW_019863786.1,+,MXE_exon2,0.001086194,0.385,40417,40751,NW_019863786.1_40417_40751
LOC112050718,NW_019863039.1,+,MXE_exon2,0.007604384,-0.1,185397,185759,NW_019863039.1_185397_185759
LOC112043675,NW_019862794.1,-,MXE_exon2,0.034639245,-0.209,1289764,1290010,NW_019862794.1_1289764_1290010
LOC112043675,NW_019862794.1,-,MXE_exon2,0.000204442,-0.081,1289764,1290010,NW_019862794.1_1289764_1290010
LOC112043675,NW_019862794.1,-,MXE_exon2,0.000352894,-0.059,1289764,1290080,NW_019862794.1_1289764_1290080
LOC112043675,NW_019862794.1,-,MXE_exon2,0.000397053,-0.054,1289764,1290109,NW_019862794.1_1289764_1290109
LOC112043675,NW_019862794.1,-,MXE_exon2,0.009307761,-0.032,1289764,1290010,NW_019862794.1_1289764_1290010
LOC112044245,NW_019862805.1,-,MXE_exon2,0.000109965,0.051,1015065,1015395,NW_019862805.1_1015065_1015395
LOC112044245,NW_019862805.1,-,MXE_exon2,0.000110418,0.051,1015065,1015395,NW_019862805.1_1015065_1015395
LOC112044245,NW_019862805.1,-,MXE_exon2,0,0.198,1015065,1015395,NW_019862805.1_1015065_1015395
LOC112052870,NW_019863183.1,-,MXE_exon2,0.000593283,-0.407,115162,115482,NW_019863183.1_115162_115482
LOC112048533,NW_019862934.1,-,MXE_exon2,5.94E-10,0.495,176635,176928,NW_019862934.1_176635_176928
LOC112048533,NW_019862934.1,-,MXE_exon2,4.74E-07,-0.393,179532,179849,NW_019862934.1_179532_179849
LOC112047455,NW_019862894.1,+,MXE_exon2,0.040322287,-0.099,532877,533214,NW_019862894.1_532877_533214
LOC112051355,NW_019863077.1,-,MXE_exon2,3.14E-05,0.355,31590,31997,NW_019863077.1_31590_31997
LOC112051355,NW_019863077.1,-,MXE_exon2,9.45E-05,0.359,31725,31996,NW_019863077.1_31725_31996
LOC112051355,NW_019863077.1,-,MXE_exon2,5.44E-06,0.434,31725,31997,NW_019863077.1_31725_31997
LOC112047485,NW_019862894.1,-,MXE_exon2,0.042276088,0.07,902310,902805,NW_019862894.1_902310_902805
LOC112047476,NW_019862894.1,-,MXE_exon2,1.02E-13,0.25,1092654,1093106,NW_019862894.1_1092654_1093106
LOC112054183,NW_019863326.1,+,MXE_exon2,0.012748696,-0.331,141601,141950,NW_019863326.1_141601_141950
LOC112051386,NW_019863079.1,+,MXE_exon2,1.78E-14,-0.026,73377,74049,NW_019863079.1_73377_74049
LOC112051386,NW_019863079.1,+,MXE_exon2,1.78E-14,-0.026,73396,74049,NW_019863079.1_73396_74049
LOC112051386,NW_019863079.1,+,MXE_exon2,0,-0.027,73424,74049,NW_019863079.1_73424_74049
LOC112051386,NW_019863079.1,+,MXE_exon2,1.78E-14,-0.026,73456,74049,NW_019863079.1_73456_74049
LOC112051386,NW_019863079.1,+,MXE_exon2,1.78E-14,-0.026,73512,74049,NW_019863079.1_73512_74049
LOC112048439,NW_019862930.1,-,MXE_exon2,0.042800655,-0.071,358272,358646,NW_019862930.1_358272_358646
LOC112054767,NW_019863408.1,+,MXE_exon2,3.86E-06,0.302,136747,137136,NW_019863408.1_136747_137136
LOC112054767,NW_019863408.1,+,MXE_exon2,0,0.236,136750,137136,NW_019863408.1_136750_137136
LOC112056304,NW_019863763.1,-,MXE_exon2,4.34E-09,-0.518,44781,45132,NW_019863763.1_44781_45132
LOC112056304,NW_019863763.1,-,MXE_exon2,0,-0.645,44781,45142,NW_019863763.1_44781_45142
LOC112056304,NW_019863763.1,-,MXE_exon2,0,-0.646,44785,45128,NW_019863763.1_44785_45128
LOC112056304,NW_019863763.1,-,MXE_exon2,0,-0.623,44785,45132,NW_019863763.1_44785_45132
LOC112056304,NW_019863763.1,-,MXE_exon2,0,-0.496,45696,46122,NW_019863763.1_45696_46122
LOC112056304,NW_019863763.1,-,MXE_exon2,1.86E-13,-0.426,45574,46122,NW_019863763.1_45574_46122
LOC112056304,NW_019863763.1,-,MXE_exon2,2.57E-13,-0.426,45696,46122,NW_019863763.1_45696_46122
LOC112056304,NW_019863763.1,-,MXE_exon2,1.78E-14,-0.429,45574,46122,NW_019863763.1_45574_46122
LOC112056304,NW_019863763.1,-,MXE_exon2,2.65E-14,-0.428,45696,46122,NW_019863763.1_45696_46122
LOC112050737,NW_019863039.1,-,MXE_exon2,0.001167158,0.025,238642,238941,NW_019863039.1_238642_238941
LOC112050737,NW_019863039.1,-,MXE_exon2,7.96E-05,0.084,238642,238956,NW_019863039.1_238642_238956
LOC112050737,NW_019863039.1,-,MXE_exon2,8.24E-05,0.089,238642,238974,NW_019863039.1_238642_238974
LOC112050737,NW_019863039.1,-,MXE_exon2,8.75E-05,0.093,238642,239318,NW_019863039.1_238642_239318
LOC112050705,NW_019863039.1,+,MXE_exon2,0.000655062,0.139,261167,261590,NW_019863039.1_261167_261590
LOC112050705,NW_019863039.1,+,MXE_exon2,0.000610685,0.14,261203,261590,NW_019863039.1_261203_261590
LOC112050705,NW_019863039.1,+,MXE_exon2,5.55E-05,0.108,261310,261590,NW_019863039.1_261310_261590
LOC112043377,NW_019862789.1,+,MXE_exon2,0.003516261,-0.04,855092,855388,NW_019862789.1_855092_855388
LOC112048047,NW_019862914.1,-,MXE_exon2,0.006245291,0.175,451407,451778,NW_019862914.1_451407_451778
LOC112048046,NW_019862914.1,+,MXE_exon2,0.029742878,0.128,486895,487237,NW_019862914.1_486895_487237
LOC112048046,NW_019862914.1,+,MXE_exon2,0.013146208,0.144,486895,487260,NW_019862914.1_486895_487260
LOC112045692,NW_019862838.1,+,MXE_exon2,0.001156471,-0.382,134651,134959,NW_019862838.1_134651_134959
LOC112056791,NW_019862764.1,-,MXE_exon2,0.002207553,-0.127,142601,142891,NW_019862764.1_142601_142891
LOC112056791,NW_019862764.1,-,MXE_exon2,0.000316024,-0.046,147797,148165,NW_019862764.1_147797_148165
LOC112056791,NW_019862764.1,-,MXE_exon2,0.000417592,-0.109,147797,148184,NW_019862764.1_147797_148184
LOC112056791,NW_019862764.1,-,MXE_exon2,0.000552749,-0.058,147799,148165,NW_019862764.1_147799_148165
LOC112056937,NW_019862764.1,+,MXE_exon2,0.000391341,-0.107,1063480,1063856,NW_019862764.1_1063480_1063856
LOC112056937,NW_019862764.1,+,MXE_exon2,0.000391341,-0.107,1063483,1063856,NW_019862764.1_1063483_1063856
LOC112057906,NW_019862768.1,-,MXE_exon2,0.000550126,0.287,1849535,1849873,NW_019862768.1_1849535_1849873
LOC112057906,NW_019862768.1,-,MXE_exon2,0.000661542,0.268,1849566,1849873,NW_019862768.1_1849566_1849873
LOC112057906,NW_019862768.1,-,MXE_exon2,0.000349971,0.294,1849535,1849873,NW_019862768.1_1849535_1849873
LOC112057906,NW_019862768.1,-,MXE_exon2,0.00042975,0.275,1849566,1849873,NW_019862768.1_1849566_1849873
LOC112056078,NW_019863697.1,+,MXE_exon2,1.85E-05,-0.022,12813,13167,NW_019863697.1_12813_13167
LOC112052748,NW_019863172.1,+,MXE_exon2,0.000253196,0.203,262270,262588,NW_019863172.1_262270_262588
LOC112049660,NW_019862756.1,+,MXE_exon2,0,0.228,185145,185471,NW_019862756.1_185145_185471
LOC112049660,NW_019862756.1,+,MXE_exon2,1.78E-14,0.222,185145,185471,NW_019862756.1_185145_185471
LOC112054875,NW_019863427.1,+,MXE_exon2,0.001669433,0.309,106653,107062,NW_019863427.1_106653_107062
LOC112043471,NW_019862791.1,-,MXE_exon2,0.002912707,-0.088,379918,380168,NW_019862791.1_379918_380168
LOC112057294,NW_019862764.1,-,MXE_exon2,0,0.169,2263032,2263318,NW_019862764.1_2263032_2263318
LOC112057294,NW_019862764.1,-,MXE_exon2,0,0.078,2263032,2263348,NW_019862764.1_2263032_2263348
LOC112057294,NW_019862764.1,-,MXE_exon2,0,0.149,2263032,2263359,NW_019862764.1_2263032_2263359
LOC112057294,NW_019862764.1,-,MXE_exon2,0,0.155,2263032,2263374,NW_019862764.1_2263032_2263374
LOC112057294,NW_019862764.1,-,MXE_exon2,0,0.156,2263033,2263348,NW_019862764.1_2263033_2263348
LOC112057294,NW_019862764.1,-,MXE_exon2,0,0.165,2263062,2263348,NW_019862764.1_2263062_2263348
LOC112057294,NW_019862764.1,-,MXE_exon2,3.66E-11,0.261,2263032,2263318,NW_019862764.1_2263032_2263318
LOC112057294,NW_019862764.1,-,MXE_exon2,5.99E-13,0.237,2263032,2263359,NW_019862764.1_2263032_2263359
LOC112057294,NW_019862764.1,-,MXE_exon2,1.56E-12,0.245,2263032,2263374,NW_019862764.1_2263032_2263374
LOC112057294,NW_019862764.1,-,MXE_exon2,2.65E-13,0.247,2263033,2263348,NW_019862764.1_2263033_2263348
LOC112057294,NW_019862764.1,-,MXE_exon2,2.80E-13,0.258,2263062,2263348,NW_019862764.1_2263062_2263348
LOC112046511,NW_019862859.1,+,MXE_exon2,0.029027351,-0.067,486181,486472,NW_019862859.1_486181_486472
LOC112048712,NW_019862941.1,+,MXE_exon2,0.002550269,-0.202,274865,275180,NW_019862941.1_274865_275180
LOC112055427,NW_019863522.1,-,MXE_exon2,0.00871569,-0.104,75203,75738,NW_019863522.1_75203_75738
LOC112055427,NW_019863522.1,-,MXE_exon2,0.010018907,-0.121,75356,75738,NW_019863522.1_75356_75738
LOC112055427,NW_019863522.1,-,MXE_exon2,0.000513559,-0.166,75203,75738,NW_019863522.1_75203_75738
LOC112055427,NW_019863522.1,-,MXE_exon2,0.003891649,-0.086,80902,81296,NW_019863522.1_80902_81296
LOC112055427,NW_019863522.1,-,MXE_exon2,0.003039827,-0.089,80961,81296,NW_019863522.1_80961_81296
LOC112051756,NW_019863101.1,-,MXE_exon2,9.13E-05,0.331,32274,32595,NW_019863101.1_32274_32595
LOC112056217,NW_019863736.1,-,MXE_exon2,0.039715006,0.339,69956,70297,NW_019863736.1_69956_70297
LOC112051953,NW_019863115.1,+,MXE_exon2,0.000106844,0.185,175088,175487,NW_019863115.1_175088_175487
LOC112051953,NW_019863115.1,+,MXE_exon2,0.011075198,0.125,175088,175487,NW_019863115.1_175088_175487
LOC112053895,NW_019863292.1,-,MXE_exon2,1.06E-09,0.1,34073,34395,NW_019863292.1_34073_34395
LOC112053895,NW_019863292.1,-,MXE_exon2,0.03333718,0.258,34069,34395,NW_019863292.1_34069_34395
LOC112053895,NW_019863292.1,-,MXE_exon2,5.61E-10,0.146,34073,34395,NW_019863292.1_34073_34395
LOC112053895,NW_019863292.1,-,MXE_exon2,0.007387855,0.388,34069,34395,NW_019863292.1_34069_34395
LOC112053895,NW_019863292.1,-,MXE_exon2,9.25E-12,0.068,34073,34395,NW_019863292.1_34073_34395
LOC112053895,NW_019863292.1,-,MXE_exon2,0.043434332,0.231,34069,34395,NW_019863292.1_34069_34395
LOC112053895,NW_019863292.1,-,MXE_exon2,1.52E-05,0.112,34073,34395,NW_019863292.1_34073_34395
LOC112053886,NW_019863292.1,+,MXE_exon2,0,-0.132,125503,126139,NW_019863292.1_125503_126139
LOC112053886,NW_019863292.1,+,MXE_exon2,0,0.143,159460,159819,NW_019863292.1_159460_159819
LOC112053886,NW_019863292.1,+,MXE_exon2,0,0.17,159467,159823,NW_019863292.1_159467_159823
LOC112053886,NW_019863292.1,+,MXE_exon2,0,0.171,159467,160113,NW_019863292.1_159467_160113
LOC112053886,NW_019863292.1,+,MXE_exon2,0,0.143,159476,159819,NW_019863292.1_159476_159819
LOC112058419,NW_019862776.1,-,MXE_exon2,0.019418976,-0.014,779953,780204,NW_019862776.1_779953_780204
LOC112058418,NW_019862776.1,-,MXE_exon2,2.95E-06,-0.041,802392,802642,NW_019862776.1_802392_802642
LOC112058418,NW_019862776.1,-,MXE_exon2,3.64E-06,-0.04,802392,802642,NW_019862776.1_802392_802642
LOC112058418,NW_019862776.1,-,MXE_exon2,0,-0.544,802392,802642,NW_019862776.1_802392_802642
LOC112058418,NW_019862776.1,-,MXE_exon2,3.66E-06,-0.04,802392,802642,NW_019862776.1_802392_802642
LOC112058418,NW_019862776.1,-,MXE_exon2,1.05E-05,-0.038,802392,802642,NW_019862776.1_802392_802642
LOC112058418,NW_019862776.1,-,MXE_exon2,0.000145809,-0.033,802392,802642,NW_019862776.1_802392_802642
LOC112054150,NW_019863325.1,+,MXE_exon2,0.002866469,-0.227,281830,282195,NW_019863325.1_281830_282195
LOC112057884,NW_019862768.1,+,MXE_exon2,0.003135582,-0.099,1055336,1055810,NW_019862768.1_1055336_1055810
LOC112057907,NW_019862768.1,-,MXE_exon2,0.034328297,0.073,1862174,1862490,NW_019862768.1_1862174_1862490
LOC112057907,NW_019862768.1,-,MXE_exon2,0.030185108,0.074,1862174,1862508,NW_019862768.1_1862174_1862508
LOC112057907,NW_019862768.1,-,MXE_exon2,0.031792308,0.074,1862174,1862490,NW_019862768.1_1862174_1862490
LOC112057907,NW_019862768.1,-,MXE_exon2,0.02801106,0.075,1862174,1862508,NW_019862768.1_1862174_1862508
LOC112057907,NW_019862768.1,-,MXE_exon2,0.034117257,0.072,1862174,1862490,NW_019862768.1_1862174_1862490
LOC112057907,NW_019862768.1,-,MXE_exon2,0.029915961,0.073,1862174,1862508,NW_019862768.1_1862174_1862508
LOC112057907,NW_019862768.1,-,MXE_exon2,0.039698312,0.048,1862174,1862490,NW_019862768.1_1862174_1862490
LOC112057907,NW_019862768.1,-,MXE_exon2,0.031792308,0.048,1862174,1862508,NW_019862768.1_1862174_1862508
LOC112054900,NW_019863429.1,+,MXE_exon2,0.000213707,0.523,84922,85184,NW_019863429.1_84922_85184
LOC112054900,NW_019863429.1,+,MXE_exon2,4.59E-06,0.649,84922,85185,NW_019863429.1_84922_85185
LOC112047003,NW_019862880.1,-,MXE_exon2,0.007037274,-0.017,431525,431863,NW_019862880.1_431525_431863
LOC112053882,NW_019863291.1,+,MXE_exon2,0.026247582,0.095,139352,139693,NW_019863291.1_139352_139693
LOC112049089,NW_019862958.1,+,MXE_exon2,2.13E-12,0.116,12546,12873,NW_019862958.1_12546_12873
LOC112049089,NW_019862958.1,+,MXE_exon2,0,0.074,12546,12877,NW_019862958.1_12546_12877
LOC112049089,NW_019862958.1,+,MXE_exon2,5.70E-13,0.118,12546,12883,NW_019862958.1_12546_12883
LOC112049089,NW_019862958.1,+,MXE_exon2,1.07E-12,0.122,12546,13032,NW_019862958.1_12546_13032
LOC112049089,NW_019862958.1,+,MXE_exon2,1.07E-12,0.122,12546,13202,NW_019862958.1_12546_13202
LOC112053720,NW_019863276.1,-,MXE_exon2,0,-0.719,171267,171518,NW_019863276.1_171267_171518
LOC112053720,NW_019863276.1,-,MXE_exon2,0,-0.734,171267,171536,NW_019863276.1_171267_171536
LOC112048345,NW_019862926.1,+,MXE_exon2,0.001261482,-0.076,7643,7961,NW_019862926.1_7643_7961
LOC112048342,NW_019862926.1,+,MXE_exon2,0.000362796,0.169,214599,215064,NW_019862926.1_214599_215064
LOC112048342,NW_019862926.1,+,MXE_exon2,0.001015996,0.108,214557,215064,NW_019862926.1_214557_215064
LOC112048342,NW_019862926.1,+,MXE_exon2,0.041994214,0.041,214557,215064,NW_019862926.1_214557_215064
LOC112048342,NW_019862926.1,+,MXE_exon2,0.010611499,0.06,214557,215064,NW_019862926.1_214557_215064
LOC112054484,NW_019863363.1,-,MXE_exon2,0,-0.639,24502,24789,NW_019863363.1_24502_24789
LOC112054484,NW_019863363.1,-,MXE_exon2,0,-0.646,24502,24801,NW_019863363.1_24502_24801
LOC112054484,NW_019863363.1,-,MXE_exon2,0,-0.671,24502,24826,NW_019863363.1_24502_24826
LOC112054484,NW_019863363.1,-,MXE_exon2,0,-0.719,24502,24789,NW_019863363.1_24502_24789
LOC112054484,NW_019863363.1,-,MXE_exon2,0,-0.719,24502,24801,NW_019863363.1_24502_24801
LOC112054484,NW_019863363.1,-,MXE_exon2,0,-0.74,24502,24826,NW_019863363.1_24502_24826
LOC112046714,NW_019862869.1,-,MXE_exon2,9.42E-07,-0.022,204516,204951,NW_019862869.1_204516_204951
LOC112046714,NW_019862869.1,-,MXE_exon2,0.00048133,-0.016,204516,204951,NW_019862869.1_204516_204951
LOC112046714,NW_019862869.1,-,MXE_exon2,0.000441006,-0.017,204516,204951,NW_019862869.1_204516_204951
LOC112046714,NW_019862869.1,-,MXE_exon2,0.000369242,-0.017,204516,204951,NW_019862869.1_204516_204951
LOC112046714,NW_019862869.1,-,MXE_exon2,9.42E-07,-0.022,204516,204951,NW_019862869.1_204516_204951
LOC112046714,NW_019862869.1,-,MXE_exon2,9.59E-07,-0.022,204516,204951,NW_019862869.1_204516_204951
LOC112058072,NW_019862771.1,+,MXE_exon2,0.012319512,-0.026,501501,502081,NW_019862771.1_501501_502081
LOC112049644,NW_019862982.1,-,MXE_exon2,2.20E-09,0.352,393208,393444,NW_019862982.1_393208_393444
LOC112050980,NW_019862757.1,+,MXE_exon2,0.03485784,0.49,102280,102885,NW_019862757.1_102280_102885
LOC112050980,NW_019862757.1,+,MXE_exon2,1.19E-06,0.713,102386,102885,NW_019862757.1_102386_102885
LOC112050980,NW_019862757.1,+,MXE_exon2,0.03485784,0.49,102442,102885,NW_019862757.1_102442_102885
LOC112050521,NW_019863027.1,+,MXE_exon2,1.40E-05,-0.128,118696,119041,NW_019863027.1_118696_119041
LOC112055897,NW_019863653.1,+,MXE_exon2,2.21E-09,0.412,84604,84957,NW_019863653.1_84604_84957
LOC112055897,NW_019863653.1,+,MXE_exon2,1.55E-08,0.494,85208,85652,NW_019863653.1_85208_85652
LOC112047813,NW_019862904.1,+,MXE_exon2,1.31E-07,-0.116,970087,970364,NW_019862904.1_970087_970364
LOC112047254,NW_019862886.1,+,MXE_exon2,3.27E-06,-0.548,763570,763887,NW_019862886.1_763570_763887
LOC112055815,NW_019863623.1,-,MXE_exon2,0.000492498,-0.094,12750,13263,NW_019863623.1_12750_13263
LOC112055815,NW_019863623.1,-,MXE_exon2,5.99E-12,-0.277,12775,13263,NW_019863623.1_12775_13263
LOC112055815,NW_019863623.1,-,MXE_exon2,5.34E-08,-0.185,12775,13273,NW_019863623.1_12775_13273
LOC112055815,NW_019863623.1,-,MXE_exon2,9.17E-07,-0.163,13531,14019,NW_019863623.1_13531_14019
LOC112055815,NW_019863623.1,-,MXE_exon2,3.94E-11,-0.248,13867,14352,NW_019863623.1_13867_14352
LOC112055815,NW_019863623.1,-,MXE_exon2,5.89E-05,-0.265,14226,14711,NW_019863623.1_14226_14711
LOC112055815,NW_019863623.1,-,MXE_exon2,0.001511554,-0.173,15893,16378,NW_019863623.1_15893_16378
LOC112055815,NW_019863623.1,-,MXE_exon2,1.49E-08,-0.204,17135,17623,NW_019863623.1_17135_17623
LOC112055815,NW_019863623.1,-,MXE_exon2,4.45E-06,-0.281,17493,17981,NW_019863623.1_17493_17981
LOC112055815,NW_019863623.1,-,MXE_exon2,0.000205339,-0.197,17982,18470,NW_019863623.1_17982_18470
LOC112055815,NW_019863623.1,-,MXE_exon2,5.83E-06,-0.228,18772,19266,NW_019863623.1_18772_19266
LOC112055815,NW_019863623.1,-,MXE_exon2,0.000370601,-0.254,19121,19615,NW_019863623.1_19121_19615
LOC112055815,NW_019863623.1,-,MXE_exon2,0.005427277,-0.167,19262,19615,NW_019863623.1_19262_19615
LOC112055815,NW_019863623.1,-,MXE_exon2,0.000834364,-0.056,12750,13263,NW_019863623.1_12750_13263
LOC112055815,NW_019863623.1,-,MXE_exon2,3.22E-11,-0.184,12775,13263,NW_019863623.1_12775_13263
LOC112055815,NW_019863623.1,-,MXE_exon2,3.47E-07,-0.117,12775,13273,NW_019863623.1_12775_13273
LOC112055815,NW_019863623.1,-,MXE_exon2,4.47E-06,-0.103,13531,14019,NW_019863623.1_13531_14019
LOC112055815,NW_019863623.1,-,MXE_exon2,3.20E-10,-0.165,13867,14352,NW_019863623.1_13867_14352
LOC112055815,NW_019863623.1,-,MXE_exon2,0.001172348,-0.105,15893,16378,NW_019863623.1_15893_16378
LOC112055815,NW_019863623.1,-,MXE_exon2,2.67E-06,-0.198,17493,17981,NW_019863623.1_17493_17981
LOC112055815,NW_019863623.1,-,MXE_exon2,5.95E-06,-0.153,18772,19266,NW_019863623.1_18772_19266
LOC112055815,NW_019863623.1,-,MXE_exon2,0.00702542,-0.103,19262,19615,NW_019863623.1_19262_19615
LOC112055815,NW_019863623.1,-,MXE_exon2,0.000458683,-0.094,12750,13263,NW_019863623.1_12750_13263
LOC112055815,NW_019863623.1,-,MXE_exon2,5.09E-12,-0.277,12775,13263,NW_019863623.1_12775_13263
LOC112055815,NW_019863623.1,-,MXE_exon2,4.97E-08,-0.185,12775,13273,NW_019863623.1_12775_13273
LOC112055815,NW_019863623.1,-,MXE_exon2,8.67E-07,-0.163,13531,14019,NW_019863623.1_13531_14019
LOC112055815,NW_019863623.1,-,MXE_exon2,3.49E-11,-0.248,13867,14352,NW_019863623.1_13867_14352
LOC112055815,NW_019863623.1,-,MXE_exon2,4.90E-05,-0.266,14226,14711,NW_019863623.1_14226_14711
LOC112055815,NW_019863623.1,-,MXE_exon2,0.001377096,-0.173,15893,16378,NW_019863623.1_15893_16378
LOC112055815,NW_019863623.1,-,MXE_exon2,1.39E-08,-0.204,17135,17623,NW_019863623.1_17135_17623
LOC112055815,NW_019863623.1,-,MXE_exon2,3.87E-06,-0.281,17493,17981,NW_019863623.1_17493_17981
LOC112055815,NW_019863623.1,-,MXE_exon2,0.000184221,-0.197,17982,18470,NW_019863623.1_17982_18470
LOC112055815,NW_019863623.1,-,MXE_exon2,5.12E-06,-0.229,18772,19266,NW_019863623.1_18772_19266
LOC112055815,NW_019863623.1,-,MXE_exon2,0.000336518,-0.255,19121,19615,NW_019863623.1_19121_19615
LOC112055815,NW_019863623.1,-,MXE_exon2,0.004937916,-0.167,19262,19615,NW_019863623.1_19262_19615
LOC112055815,NW_019863623.1,-,MXE_exon2,0.008489062,-0.073,12750,13263,NW_019863623.1_12750_13263
LOC112055815,NW_019863623.1,-,MXE_exon2,8.92E-09,-0.316,12775,13263,NW_019863623.1_12775_13263
LOC112055815,NW_019863623.1,-,MXE_exon2,1.77E-07,-0.219,12775,13273,NW_019863623.1_12775_13273
LOC112055815,NW_019863623.1,-,MXE_exon2,1.05E-06,-0.208,13531,14019,NW_019863623.1_13531_14019
LOC112055815,NW_019863623.1,-,MXE_exon2,1.11E-09,-0.323,13867,14352,NW_019863623.1_13867_14352
LOC112055815,NW_019863623.1,-,MXE_exon2,0.019312694,-0.208,14226,14711,NW_019863623.1_14226_14711
LOC112055815,NW_019863623.1,-,MXE_exon2,6.51E-09,-0.254,17135,17623,NW_019863623.1_17135_17623
LOC112055815,NW_019863623.1,-,MXE_exon2,0.03058359,-0.226,17493,17981,NW_019863623.1_17493_17981
LOC112055815,NW_019863623.1,-,MXE_exon2,0.024484329,-0.191,17982,18470,NW_019863623.1_17982_18470
LOC112055815,NW_019863623.1,-,MXE_exon2,0.000773756,-0.254,18772,19266,NW_019863623.1_18772_19266
LOC112055815,NW_019863623.1,-,MXE_exon2,0.014191084,0.243,19519,20013,NW_019863623.1_19519_20013
LOC112055815,NW_019863623.1,-,MXE_exon2,0.035770834,0.337,19519,20023,NW_019863623.1_19519_20023
LOC112055815,NW_019863623.1,-,MXE_exon2,0.026071909,0.37,19519,20086,NW_019863623.1_19519_20086
LOC112055815,NW_019863623.1,-,MXE_exon2,0.026071909,0.37,19519,20160,NW_019863623.1_19519_20160
LOC112055815,NW_019863623.1,-,MXE_exon2,2.84E-05,0.281,14226,14711,NW_019863623.1_14226_14711
LOC112055815,NW_019863623.1,-,MXE_exon2,6.30E-05,0.459,15893,16378,NW_019863623.1_15893_16378
LOC112055815,NW_019863623.1,-,MXE_exon2,6.70E-05,0.282,17493,17981,NW_019863623.1_17493_17981
LOC112055815,NW_019863623.1,-,MXE_exon2,0.002034177,0.316,18399,18887,NW_019863623.1_18399_18887
LOC112055815,NW_019863623.1,-,MXE_exon2,0.000354917,0.533,18451,18887,NW_019863623.1_18451_18887
LOC112055815,NW_019863623.1,-,MXE_exon2,3.99E-06,0.238,19121,19615,NW_019863623.1_19121_19615
LOC112055815,NW_019863623.1,-,MXE_exon2,5.47E-06,0.41,19262,19615,NW_019863623.1_19262_19615
LOC112055815,NW_019863623.1,-,MXE_exon2,1.49E-08,0.608,19519,20013,NW_019863623.1_19519_20013
LOC112055815,NW_019863623.1,-,MXE_exon2,5.89E-07,0.689,19519,20023,NW_019863623.1_19519_20023
LOC112055815,NW_019863623.1,-,MXE_exon2,4.66E-07,0.708,19519,20086,NW_019863623.1_19519_20086
LOC112055815,NW_019863623.1,-,MXE_exon2,4.66E-07,0.708,19519,20160,NW_019863623.1_19519_20160
LOC112055815,NW_019863623.1,-,MXE_exon2,3.63E-05,0.199,14226,14711,NW_019863623.1_14226_14711
LOC112055815,NW_019863623.1,-,MXE_exon2,1.26E-05,0.348,15893,16378,NW_019863623.1_15893_16378
LOC112055815,NW_019863623.1,-,MXE_exon2,5.79E-05,0.196,17493,17981,NW_019863623.1_17493_17981
LOC112055815,NW_019863623.1,-,MXE_exon2,0.000580769,0.188,18399,18887,NW_019863623.1_18399_18887
LOC112055815,NW_019863623.1,-,MXE_exon2,3.59E-05,0.494,18451,18887,NW_019863623.1_18451_18887
LOC112055815,NW_019863623.1,-,MXE_exon2,2.31E-05,0.154,19121,19615,NW_019863623.1_19121_19615
LOC112055815,NW_019863623.1,-,MXE_exon2,7.92E-06,0.304,19262,19615,NW_019863623.1_19262_19615
LOC112055815,NW_019863623.1,-,MXE_exon2,7.13E-08,0.499,19519,20013,NW_019863623.1_19519_20013
LOC112055815,NW_019863623.1,-,MXE_exon2,2.40E-07,0.59,19519,20023,NW_019863623.1_19519_20023
LOC112055815,NW_019863623.1,-,MXE_exon2,2.07E-07,0.611,19519,20086,NW_019863623.1_19519_20086
LOC112055815,NW_019863623.1,-,MXE_exon2,2.07E-07,0.611,19519,20160,NW_019863623.1_19519_20160
LOC112055815,NW_019863623.1,-,MXE_exon2,0.000107931,0.163,14226,14711,NW_019863623.1_14226_14711
LOC112055815,NW_019863623.1,-,MXE_exon2,6.76E-05,0.222,15893,16378,NW_019863623.1_15893_16378
LOC112055815,NW_019863623.1,-,MXE_exon2,0.000151309,0.174,17493,17981,NW_019863623.1_17493_17981
LOC112055815,NW_019863623.1,-,MXE_exon2,8.28E-05,0.131,19121,19615,NW_019863623.1_19121_19615
LOC112055815,NW_019863623.1,-,MXE_exon2,3.16E-05,0.262,19262,19615,NW_019863623.1_19262_19615
LOC112055815,NW_019863623.1,-,MXE_exon2,5.88E-07,0.463,19519,20013,NW_019863623.1_19519_20013
LOC112055815,NW_019863623.1,-,MXE_exon2,3.23E-06,0.448,19519,20023,NW_019863623.1_19519_20023
LOC112055815,NW_019863623.1,-,MXE_exon2,2.95E-06,0.468,19519,20086,NW_019863623.1_19519_20086
LOC112055815,NW_019863623.1,-,MXE_exon2,2.95E-06,0.468,19519,20160,NW_019863623.1_19519_20160
LOC112055815,NW_019863623.1,-,MXE_exon2,3.08E-06,0.286,14226,14711,NW_019863623.1_14226_14711
LOC112055815,NW_019863623.1,-,MXE_exon2,8.44E-06,0.368,15893,16378,NW_019863623.1_15893_16378
LOC112055815,NW_019863623.1,-,MXE_exon2,2.99E-05,0.184,17493,17981,NW_019863623.1_17493_17981
LOC112055815,NW_019863623.1,-,MXE_exon2,1.12E-06,0.209,19121,19615,NW_019863623.1_19121_19615
LOC112055815,NW_019863623.1,-,MXE_exon2,4.19E-06,0.298,19262,19615,NW_019863623.1_19262_19615
LOC112055815,NW_019863623.1,-,MXE_exon2,2.49E-09,0.569,19519,20013,NW_019863623.1_19519_20013
LOC112055815,NW_019863623.1,-,MXE_exon2,4.75E-08,0.637,19519,20023,NW_019863623.1_19519_20023
LOC112055815,NW_019863623.1,-,MXE_exon2,3.66E-08,0.658,19519,20086,NW_019863623.1_19519_20086
LOC112055815,NW_019863623.1,-,MXE_exon2,3.66E-08,0.658,19519,20160,NW_019863623.1_19519_20160
LOC112055815,NW_019863623.1,-,MXE_exon2,1.38E-07,-0.397,17135,17623,NW_019863623.1_17135_17623
LOC112055815,NW_019863623.1,-,MXE_exon2,2.71E-06,0.246,17493,17981,NW_019863623.1_17493_17981
LOC112055815,NW_019863623.1,-,MXE_exon2,2.18E-07,0.343,19262,19615,NW_019863623.1_19262_19615
LOC112055815,NW_019863623.1,-,MXE_exon2,1.65E-10,0.614,19519,20023,NW_019863623.1_19519_20023
LOC112055815,NW_019863623.1,-,MXE_exon2,9.58E-11,0.63,19519,20086,NW_019863623.1_19519_20086
LOC112055815,NW_019863623.1,-,MXE_exon2,9.58E-11,0.63,19519,20160,NW_019863623.1_19519_20160
LOC112055815,NW_019863623.1,-,MXE_exon2,0.043349644,0.332,19519,20013,NW_019863623.1_19519_20013
LOC112055815,NW_019863623.1,-,MXE_exon2,0.011787563,0.432,19519,20013,NW_019863623.1_19519_20013
LOC112055815,NW_019863623.1,-,MXE_exon2,0.045176901,0.516,19519,20086,NW_019863623.1_19519_20086
LOC112055815,NW_019863623.1,-,MXE_exon2,0.045176901,0.516,19519,20160,NW_019863623.1_19519_20160
LOC112055815,NW_019863623.1,-,MXE_exon2,0.00123175,-0.61,26193,26526,NW_019863623.1_26193_26526
LOC112055815,NW_019863623.1,-,MXE_exon2,0.004356564,-0.507,26193,26678,NW_019863623.1_26193_26678
LOC112055815,NW_019863623.1,-,MXE_exon2,1.03E-08,-0.717,26357,26920,NW_019863623.1_26357_26920
LOC112055815,NW_019863623.1,-,MXE_exon2,0.003617901,-0.544,26596,26920,NW_019863623.1_26596_26920
LOC112055815,NW_019863623.1,-,MXE_exon2,0.016706383,-0.459,26596,27094,NW_019863623.1_26596_27094
LOC112055815,NW_019863623.1,-,MXE_exon2,0.004108637,-0.543,26596,27096,NW_019863623.1_26596_27096
LOC112055815,NW_019863623.1,-,MXE_exon2,0.010986464,-0.472,26596,27283,NW_019863623.1_26596_27283
LOC112055815,NW_019863623.1,-,MXE_exon2,1.06E-08,-0.638,27256,27580,NW_019863623.1_27256_27580
LOC112055815,NW_019863623.1,-,MXE_exon2,0.034161372,-0.392,28382,29054,NW_019863623.1_28382_29054
LOC112055815,NW_019863623.1,-,MXE_exon2,9.15E-06,-0.506,28730,29054,NW_019863623.1_28730_29054
LOC112055815,NW_019863623.1,-,MXE_exon2,2.00E-09,-0.656,29447,29771,NW_019863623.1_29447_29771
LOC112055815,NW_019863623.1,-,MXE_exon2,1.52E-13,-0.718,29447,29951,NW_019863623.1_29447_29951
LOC112055815,NW_019863623.1,-,MXE_exon2,9.17E-15,-0.794,29800,30124,NW_019863623.1_29800_30124
LOC112055815,NW_019863623.1,-,MXE_exon2,0,-0.841,29800,30459,NW_019863623.1_29800_30459
LOC112055815,NW_019863623.1,-,MXE_exon2,8.63E-05,-0.619,29974,30298,NW_019863623.1_29974_30298
LOC112055815,NW_019863623.1,-,MXE_exon2,1.08E-06,-0.675,29974,30459,NW_019863623.1_29974_30459
LOC112055815,NW_019863623.1,-,MXE_exon2,5.44E-06,-0.647,30135,30459,NW_019863623.1_30135_30459
LOC112055815,NW_019863623.1,-,MXE_exon2,0.01394255,-0.491,30135,30674,NW_019863623.1_30135_30674
LOC112055815,NW_019863623.1,-,MXE_exon2,1.66E-09,-0.742,30546,30870,NW_019863623.1_30546_30870
LOC112055815,NW_019863623.1,-,MXE_exon2,9.17E-15,-0.803,30721,31045,NW_019863623.1_30721_31045
LOC112055815,NW_019863623.1,-,MXE_exon2,6.50E-06,-0.619,30899,31223,NW_019863623.1_30899_31223
LOC112055815,NW_019863623.1,-,MXE_exon2,0.004668073,-0.469,30899,31391,NW_019863623.1_30899_31391
LOC112055815,NW_019863623.1,-,MXE_exon2,0.006093864,-0.533,31067,31391,NW_019863623.1_31067_31391
LOC112055815,NW_019863623.1,-,MXE_exon2,0.000910283,-0.193,29974,30459,NW_019863623.1_29974_30459
LOC112055815,NW_019863623.1,-,MXE_exon2,0.002295684,-0.235,30135,30459,NW_019863623.1_30135_30459
LOC112055815,NW_019863623.1,-,MXE_exon2,0.022040353,-0.176,26193,26526,NW_019863623.1_26193_26526
LOC112055815,NW_019863623.1,-,MXE_exon2,6.50E-06,-0.21,26357,26920,NW_019863623.1_26357_26920
LOC112055815,NW_019863623.1,-,MXE_exon2,0.036025257,-0.176,26596,26920,NW_019863623.1_26596_26920
LOC112055815,NW_019863623.1,-,MXE_exon2,0.045851835,-0.156,26596,27096,NW_019863623.1_26596_27096
LOC112055815,NW_019863623.1,-,MXE_exon2,5.40E-07,-0.229,27256,27580,NW_019863623.1_27256_27580
LOC112055815,NW_019863623.1,-,MXE_exon2,6.47E-05,-0.177,28730,29054,NW_019863623.1_28730_29054
LOC112055815,NW_019863623.1,-,MXE_exon2,9.72E-09,-0.285,29447,29771,NW_019863623.1_29447_29771
LOC112055815,NW_019863623.1,-,MXE_exon2,2.14E-07,-0.223,29447,29951,NW_019863623.1_29447_29951
LOC112055815,NW_019863623.1,-,MXE_exon2,6.81E-08,-0.274,29800,30124,NW_019863623.1_29800_30124
LOC112055815,NW_019863623.1,-,MXE_exon2,1.54E-09,-0.337,29800,30459,NW_019863623.1_29800_30459
LOC112055815,NW_019863623.1,-,MXE_exon2,9.56E-05,-0.258,29974,30298,NW_019863623.1_29974_30298
LOC112055815,NW_019863623.1,-,MXE_exon2,2.75E-07,-0.329,29974,30459,NW_019863623.1_29974_30459
LOC112055815,NW_019863623.1,-,MXE_exon2,3.86E-07,-0.382,30135,30459,NW_019863623.1_30135_30459
LOC112055815,NW_019863623.1,-,MXE_exon2,1.27E-06,-0.277,30546,30870,NW_019863623.1_30546_30870
LOC112055815,NW_019863623.1,-,MXE_exon2,8.06E-09,-0.29,30721,31045,NW_019863623.1_30721_31045
LOC112055815,NW_019863623.1,-,MXE_exon2,3.90E-05,-0.2,26357,26920,NW_019863623.1_26357_26920
LOC112055815,NW_019863623.1,-,MXE_exon2,1.43E-06,-0.248,27256,27580,NW_019863623.1_27256_27580
LOC112055815,NW_019863623.1,-,MXE_exon2,0.000144672,-0.186,28730,29054,NW_019863623.1_28730_29054
LOC112055815,NW_019863623.1,-,MXE_exon2,6.66E-08,-0.307,29447,29771,NW_019863623.1_29447_29771
LOC112055815,NW_019863623.1,-,MXE_exon2,2.35E-07,-0.239,29447,29951,NW_019863623.1_29447_29951
LOC112055815,NW_019863623.1,-,MXE_exon2,6.98E-08,-0.292,29800,30124,NW_019863623.1_29800_30124
LOC112055815,NW_019863623.1,-,MXE_exon2,3.70E-09,-0.36,29800,30459,NW_019863623.1_29800_30459
LOC112055815,NW_019863623.1,-,MXE_exon2,0.000728068,-0.252,29974,30298,NW_019863623.1_29974_30298
LOC112055815,NW_019863623.1,-,MXE_exon2,3.02E-06,-0.346,29974,30459,NW_019863623.1_29974_30459
LOC112055815,NW_019863623.1,-,MXE_exon2,8.08E-06,-0.397,30135,30459,NW_019863623.1_30135_30459
LOC112055815,NW_019863623.1,-,MXE_exon2,4.01E-06,-0.294,30546,30870,NW_019863623.1_30546_30870
LOC112055815,NW_019863623.1,-,MXE_exon2,1.92E-08,-0.313,30721,31045,NW_019863623.1_30721_31045
LOC112055815,NW_019863623.1,-,MXE_exon2,0.000856358,-0.165,30899,31223,NW_019863623.1_30899_31223
LOC112055815,NW_019863623.1,-,MXE_exon2,0.000165226,0.338,30899,31391,NW_019863623.1_30899_31391
LOC112055815,NW_019863623.1,-,MXE_exon2,0.000488069,0.222,31067,31391,NW_019863623.1_31067_31391
LOC112055815,NW_019863623.1,-,MXE_exon2,0.027455278,-0.438,30135,30459,NW_019863623.1_30135_30459
LOC112055815,NW_019863623.1,-,MXE_exon2,0.001234299,-0.439,30546,30870,NW_019863623.1_30546_30870
LOC112055815,NW_019863623.1,-,MXE_exon2,0.039928915,-0.273,30899,31223,NW_019863623.1_30899_31223
LOC112055815,NW_019863623.1,-,MXE_exon2,0.008558265,0.26,30899,31391,NW_019863623.1_30899_31391
LOC112055815,NW_019863623.1,-,MXE_exon2,0.023044826,0.149,31067,31391,NW_019863623.1_31067_31391
LOC112055815,NW_019863623.1,-,MXE_exon2,9.97E-05,0.392,30899,31391,NW_019863623.1_30899_31391
LOC112055815,NW_019863623.1,-,MXE_exon2,0.000269441,0.273,31067,31391,NW_019863623.1_31067_31391
LOC112055815,NW_019863623.1,-,MXE_exon2,0.005457751,0.469,30899,31391,NW_019863623.1_30899_31391
LOC112055815,NW_019863623.1,-,MXE_exon2,0.006902145,0.356,31067,31391,NW_019863623.1_31067_31391
LOC112055815,NW_019863623.1,-,MXE_exon2,0.019064764,-0.117,34737,35108,NW_019863623.1_34737_35108
LOC112055815,NW_019863623.1,-,MXE_exon2,0.012793486,-0.255,34461,35108,NW_019863623.1_34461_35108
LOC112055815,NW_019863623.1,-,MXE_exon2,5.64E-05,-0.321,34737,35108,NW_019863623.1_34737_35108
LOC112055815,NW_019863623.1,-,MXE_exon2,0.009696116,-0.333,34973,35591,NW_019863623.1_34973_35591
LOC112055815,NW_019863623.1,-,MXE_exon2,3.59E-05,-0.389,35802,36164,NW_019863623.1_35802_36164
LOC112055815,NW_019863623.1,-,MXE_exon2,0.000546526,-0.229,34737,35108,NW_019863623.1_34737_35108
LOC112055815,NW_019863623.1,-,MXE_exon2,0.000747958,-0.332,35802,36164,NW_019863623.1_35802_36164
LOC112055815,NW_019863623.1,-,MXE_exon2,0.010652213,-0.181,34737,35108,NW_019863623.1_34737_35108
LOC112055815,NW_019863623.1,-,MXE_exon2,0.006282045,-0.309,34737,35108,NW_019863623.1_34737_35108
LOC112055815,NW_019863623.1,-,MXE_exon2,0.03976387,-0.36,35802,36164,NW_019863623.1_35802_36164
LOC112055815,NW_019863623.1,-,MXE_exon2,0.01055166,-0.208,34737,35108,NW_019863623.1_34737_35108
LOC112055815,NW_019863623.1,-,MXE_exon2,0.022901064,-0.185,35802,36164,NW_019863623.1_35802_36164
LOC112055815,NW_019863623.1,-,MXE_exon2,0.005994439,-0.439,34461,35108,NW_019863623.1_34461_35108
LOC112055815,NW_019863623.1,-,MXE_exon2,4.17E-05,-0.519,34737,35108,NW_019863623.1_34737_35108
LOC112055815,NW_019863623.1,-,MXE_exon2,0.011997115,-0.477,34973,35591,NW_019863623.1_34973_35591
LOC112055815,NW_019863623.1,-,MXE_exon2,5.39E-05,-0.561,35802,36164,NW_019863623.1_35802_36164
LOC112055815,NW_019863623.1,-,MXE_exon2,0.014775062,-0.323,34461,35108,NW_019863623.1_34461_35108
LOC112055815,NW_019863623.1,-,MXE_exon2,2.24E-05,-0.427,34737,35108,NW_019863623.1_34737_35108
LOC112055815,NW_019863623.1,-,MXE_exon2,0.032212797,-0.382,34973,35591,NW_019863623.1_34973_35591
LOC112055815,NW_019863623.1,-,MXE_exon2,0.000258695,-0.437,35802,36164,NW_019863623.1_35802_36164
LOC112055815,NW_019863623.1,-,MXE_exon2,0.016889487,-0.22,35802,36164,NW_019863623.1_35802_36164
LOC112055815,NW_019863623.1,-,MXE_exon2,0.0211436,0.151,35220,35591,NW_019863623.1_35220_35591
LOC112055815,NW_019863623.1,-,MXE_exon2,0.004870404,0.343,35220,35866,NW_019863623.1_35220_35866
LOC112055815,NW_019863623.1,-,MXE_exon2,0.015751387,0.28,35504,35866,NW_019863623.1_35504_35866
LOC112055815,NW_019863623.1,-,MXE_exon2,0.034376284,-0.312,35802,36164,NW_019863623.1_35802_36164
LOC112055815,NW_019863623.1,-,MXE_exon2,0.021252056,-0.41,35802,36164,NW_019863623.1_35802_36164
LOC112055815,NW_019863623.1,-,MXE_exon2,0.011695832,0.245,36316,36667,NW_019863623.1_36316_36667
LOC112052571,NW_019863159.1,-,MXE_exon2,0.000603976,0.289,19080,19528,NW_019863159.1_19080_19528
LOC112052571,NW_019863159.1,-,MXE_exon2,0.000705166,-0.068,41532,41801,NW_019863159.1_41532_41801
LOC112046721,NW_019862753.1,-,MXE_exon2,0.026477311,-0.072,382665,383006,NW_019862753.1_382665_383006
LOC112047055,NW_019862753.1,-,MXE_exon2,0,0.346,1465762,1466052,NW_019862753.1_1465762_1466052
LOC112047055,NW_019862753.1,-,MXE_exon2,0,-0.249,1467003,1467290,NW_019862753.1_1467003_1467290
LOC112047055,NW_019862753.1,-,MXE_exon2,0,-0.212,1467003,1467384,NW_019862753.1_1467003_1467384
LOC112048221,NW_019862921.1,+,MXE_exon2,0.001633339,-0.063,362803,363150,NW_019862921.1_362803_363150
LOC112055217,NW_019862762.1,+,MXE_exon2,0.000102119,0.026,174972,176412,NW_019862762.1_174972_176412
LOC112045656,NW_019862837.1,+,MXE_exon2,0.012102889,0.066,364148,364488,NW_019862837.1_364148_364488
LOC112045656,NW_019862837.1,+,MXE_exon2,0.017928893,0.113,381502,381820,NW_019862837.1_381502_381820
LOC112046086,NW_019862847.1,+,MXE_exon2,0.000310812,-0.441,706406,706712,NW_019862847.1_706406_706712
LOC112046086,NW_019862847.1,+,MXE_exon2,0.000349482,-0.441,706409,706712,NW_019862847.1_706409_706712
LOC112044745,NW_019862817.1,+,MXE_exon2,7.60E-05,0.243,1016419,1016657,NW_019862817.1_1016419_1016657
LOC112044745,NW_019862817.1,+,MXE_exon2,0.013146208,0.163,1016419,1016837,NW_019862817.1_1016419_1016837
LOC112044745,NW_019862817.1,+,MXE_exon2,0.011908649,0.172,1016457,1016837,NW_019862817.1_1016457_1016837
LOC112044745,NW_019862817.1,+,MXE_exon2,0.027855425,0.111,1016457,1016837,NW_019862817.1_1016457_1016837
LOC112055175,NW_019863471.1,-,MXE_exon2,0,-0.042,135122,135485,NW_019863471.1_135122_135485
LOC112052608,NW_019862759.1,-,MXE_exon2,0,-0.397,369637,370053,NW_019862759.1_369637_370053
LOC112052608,NW_019862759.1,-,MXE_exon2,0,-0.348,369637,370053,NW_019862759.1_369637_370053
LOC112052608,NW_019862759.1,-,MXE_exon2,0.005113807,-0.024,370086,370382,NW_019862759.1_370086_370382
LOC112052608,NW_019862759.1,-,MXE_exon2,0.004573146,-0.018,370086,370523,NW_019862759.1_370086_370523
LOC112052608,NW_019862759.1,-,MXE_exon2,2.28E-12,-0.383,370086,375668,NW_019862759.1_370086_375668
LOC112052608,NW_019862759.1,-,MXE_exon2,0.030372033,-0.016,370086,370523,NW_019862759.1_370086_370523
LOC112052608,NW_019862759.1,-,MXE_exon2,6.61E-05,-0.205,379483,380457,NW_019862759.1_379483_380457
LOC112052608,NW_019862759.1,-,MXE_exon2,0,-0.288,379483,380457,NW_019862759.1_379483_380457
LOC112052608,NW_019862759.1,-,MXE_exon2,0.027162261,-0.144,379483,380457,NW_019862759.1_379483_380457
LOC112048204,NW_019862921.1,+,MXE_exon2,0.037865578,-0.145,66390,66746,NW_019862921.1_66390_66746
LOC112055725,NW_019863596.1,-,MXE_exon2,0,0.42,61036,61313,NW_019863596.1_61036_61313
LOC112055725,NW_019863596.1,-,MXE_exon2,0,0.654,61036,61362,NW_019863596.1_61036_61362
LOC112055679,NW_019863585.1,-,MXE_exon2,0.006246082,0.164,37195,37452,NW_019863585.1_37195_37452
LOC112053327,NW_019863229.1,-,MXE_exon2,0.005527039,-0.077,84079,84561,NW_019863229.1_84079_84561
LOC112053327,NW_019863229.1,-,MXE_exon2,0.018365997,-0.089,84133,84549,NW_019863229.1_84133_84549
LOC112053327,NW_019863229.1,-,MXE_exon2,0.020127912,-0.089,84133,84571,NW_019863229.1_84133_84571
LOC112053327,NW_019863229.1,-,MXE_exon2,0.018365997,-0.089,84133,84574,NW_019863229.1_84133_84574
LOC112053327,NW_019863229.1,-,MXE_exon2,0.018365997,-0.089,84133,84586,NW_019863229.1_84133_84586
LOC112053327,NW_019863229.1,-,MXE_exon2,0.005430005,-0.077,84143,84561,NW_019863229.1_84143_84561
LOC112053327,NW_019863229.1,-,MXE_exon2,0.005527039,-0.077,84204,84561,NW_019863229.1_84204_84561
LOC112049668,NW_019862983.1,-,MXE_exon2,0.004084385,0.02,405677,405914,NW_019862983.1_405677_405914
LOC112049668,NW_019862983.1,-,MXE_exon2,0.008267398,0.018,405677,405914,NW_019862983.1_405677_405914
LOC112049668,NW_019862983.1,-,MXE_exon2,0.008267398,0.018,405677,405914,NW_019862983.1_405677_405914
LOC112048366,NW_019862927.1,+,MXE_exon2,5.46E-06,-0.512,163808,164164,NW_019862927.1_163808_164164
LOC112048291,NW_019862924.1,-,MXE_exon2,2.04E-05,0.634,328412,328648,NW_019862924.1_328412_328648
LOC112048291,NW_019862924.1,-,MXE_exon2,0.000324986,0.628,328412,328648,NW_019862924.1_328412_328648
LOC112048291,NW_019862924.1,-,MXE_exon2,0.021015991,-0.188,345490,345856,NW_019862924.1_345490_345856
LOC112048290,NW_019862924.1,+,MXE_exon2,0.043521491,0.215,388000,388307,NW_019862924.1_388000_388307
LOC112052130,NW_019863128.1,-,MXE_exon2,0.00124781,0.161,247693,247944,NW_019863128.1_247693_247944
LOC112052130,NW_019863128.1,-,MXE_exon2,0.000176659,-0.451,256923,257179,NW_019863128.1_256923_257179
LOC112052130,NW_019863128.1,-,MXE_exon2,7.01E-05,-0.5,256923,257179,NW_019863128.1_256923_257179
LOC112052026,NW_019863119.1,+,MXE_exon2,0.031727269,-0.047,261768,262051,NW_019863119.1_261768_262051
LOC112050069,NW_019863004.1,-,MXE_exon2,0.045869115,0.094,134771,135014,NW_019863004.1_134771_135014
LOC112050069,NW_019863004.1,-,MXE_exon2,8.19E-05,0.036,134771,135096,NW_019863004.1_134771_135096
LOC112050069,NW_019863004.1,-,MXE_exon2,0.000129695,0.086,134771,135123,NW_019863004.1_134771_135123
LOC112055789,NW_019863614.1,-,MXE_exon2,3.90E-09,-0.467,50690,51041,NW_019863614.1_50690_51041
LOC112055789,NW_019863614.1,-,MXE_exon2,2.72E-05,-0.411,50690,51048,NW_019863614.1_50690_51048
LOC112054350,NW_019863349.1,+,MXE_exon2,1.27E-05,-0.095,188055,188423,NW_019863349.1_188055_188423
LOC112054350,NW_019863349.1,+,MXE_exon2,0.000223012,0.065,189033,189378,NW_019863349.1_189033_189378
LOC112043927,NW_019862800.1,-,MXE_exon2,0.001525721,-0.108,563616,564179,NW_019862800.1_563616_564179
LOC112055983,NW_019863673.1,+,MXE_exon2,0.000229998,-0.097,42949,43311,NW_019863673.1_42949_43311
LOC112050113,NW_019863005.1,-,MXE_exon2,0.004925067,-0.226,713415,713711,NW_019863005.1_713415_713711
LOC112050113,NW_019863005.1,-,MXE_exon2,0.024889346,-0.236,713467,713711,NW_019863005.1_713467_713711
LOC112050113,NW_019863005.1,-,MXE_exon2,0.02589676,-0.277,713486,713711,NW_019863005.1_713486_713711
LOC112043568,NW_019862792.1,+,MXE_exon2,4.49E-09,0.037,841705,842055,NW_019862792.1_841705_842055
LOC112043568,NW_019862792.1,+,MXE_exon2,1.38E-08,0.035,841705,842055,NW_019862792.1_841705_842055
LOC112043568,NW_019862792.1,+,MXE_exon2,6.47E-09,0.036,841705,842055,NW_019862792.1_841705_842055
LOC112044902,NW_019862819.1,+,MXE_exon2,0,-0.215,627895,628272,NW_019862819.1_627895_628272
LOC112044902,NW_019862819.1,+,MXE_exon2,0,-0.306,627895,628297,NW_019862819.1_627895_628297
LOC112044902,NW_019862819.1,+,MXE_exon2,0,-0.382,627895,628297,NW_019862819.1_627895_628297
LOC112051449,NW_019863083.1,+,MXE_exon2,0.030260293,0.1,31810,32164,NW_019863083.1_31810_32164
LOC112048138,NW_019862918.1,+,MXE_exon2,3.12E-07,-0.711,446219,446595,NW_019862918.1_446219_446595
LOC112052591,NW_019863161.1,-,MXE_exon2,0.006382735,0.072,186440,186694,NW_019863161.1_186440_186694
LOC112052591,NW_019863161.1,-,MXE_exon2,0.006294936,0.072,186440,186694,NW_019863161.1_186440_186694
LOC112050384,NW_019862756.1,-,MXE_exon2,1.48E-07,-0.106,1797902,1798286,NW_019862756.1_1797902_1798286
LOC112054391,NW_019863354.1,-,MXE_exon2,0.028483096,0.2,184211,184530,NW_019863354.1_184211_184530
LOC112051684,NW_019863097.1,-,MXE_exon2,0.00572064,-0.152,216096,216510,NW_019863097.1_216096_216510
LOC112051684,NW_019863097.1,-,MXE_exon2,0.035858291,0.037,217082,217460,NW_019863097.1_217082_217460
LOC112049153,NW_019862961.1,-,MXE_exon2,0.047468712,0.122,37873,38280,NW_019862961.1_37873_38280
LOC112049153,NW_019862961.1,-,MXE_exon2,0.047468712,0.122,37918,38280,NW_019862961.1_37918_38280
LOC112050898,NW_019863049.1,-,MXE_exon2,4.89E-06,-0.098,174053,174303,NW_019863049.1_174053_174303
LOC112055014,NW_019863447.1,-,MXE_exon2,0.000197245,0.353,50831,51308,NW_019863447.1_50831_51308
LOC112045981,NW_019862845.1,+,MXE_exon2,0,0.235,923633,924010,NW_019862845.1_923633_924010
LOC112046091,NW_019862847.1,+,MXE_exon2,2.85E-06,0.259,415394,415740,NW_019862847.1_415394_415740
LOC112056309,NW_019863765.1,+,MXE_exon2,3.54E-05,0.061,41659,41940,NW_019863765.1_41659_41940
LOC112056309,NW_019863765.1,+,MXE_exon2,3.22E-07,0.079,41659,41960,NW_019863765.1_41659_41960
LOC112056309,NW_019863765.1,+,MXE_exon2,7.15E-07,0.07,41659,41994,NW_019863765.1_41659_41994
LOC112056309,NW_019863765.1,+,MXE_exon2,8.59E-07,0.069,41659,42002,NW_019863765.1_41659_42002
LOC112056309,NW_019863765.1,+,MXE_exon2,9.71E-07,0.067,41659,42016,NW_019863765.1_41659_42016
LOC112045035,NW_019862822.1,+,MXE_exon2,0.001166484,-0.306,271624,272053,NW_019862822.1_271624_272053
LOC112045029,NW_019862822.1,+,MXE_exon2,8.99E-05,-0.13,1098110,1098446,NW_019862822.1_1098110_1098446
LOC112046207,NW_019862850.1,-,MXE_exon2,0.020834191,-0.159,595076,595309,NW_019862850.1_595076_595309
LOC112052708,NW_019863169.1,-,MXE_exon2,0.018094658,-0.199,193721,194200,NW_019863169.1_193721_194200
LOC112043252,NW_019862787.1,+,MXE_exon2,2.88E-09,-0.173,1490524,1490822,NW_019862787.1_1490524_1490822
LOC112043252,NW_019862787.1,+,MXE_exon2,0.000145201,-0.377,1490524,1490822,NW_019862787.1_1490524_1490822
LOC112043252,NW_019862787.1,+,MXE_exon2,5.49E-06,-0.441,1490524,1490823,NW_019862787.1_1490524_1490823
LOC112056418,NW_019863807.1,-,MXE_exon2,5.69E-05,-0.057,10634,11080,NW_019863807.1_10634_11080
LOC112048938,NW_019862952.1,+,MXE_exon2,0.000114679,0.175,255030,255322,NW_019862952.1_255030_255322
LOC112054590,NW_019863380.1,-,MXE_exon2,0.00831373,-0.377,109924,110269,NW_019863380.1_109924_110269
LOC112054590,NW_019863380.1,-,MXE_exon2,0.003602217,-0.381,109924,110269,NW_019863380.1_109924_110269
LOC112048203,NW_019862921.1,+,MXE_exon2,0.013708273,-0.137,469356,469882,NW_019862921.1_469356_469882
LOC112056045,NW_019863691.1,-,MXE_exon2,0.028921183,0.132,65757,66033,NW_019863691.1_65757_66033
LOC112046080,NW_019862847.1,+,MXE_exon2,0.001181349,-0.079,462482,462745,NW_019862847.1_462482_462745
LOC112051428,NW_019863082.1,-,MXE_exon2,0.008485918,-0.428,137657,137945,NW_019863082.1_137657_137945
LOC112047618,NW_019862898.1,-,MXE_exon2,0.00174338,0.097,576011,576496,NW_019862898.1_576011_576496
LOC112047618,NW_019862898.1,-,MXE_exon2,0.002052458,0.093,576013,576496,NW_019862898.1_576013_576496
LOC112047618,NW_019862898.1,-,MXE_exon2,0.001359836,0.111,576011,576496,NW_019862898.1_576011_576496
LOC112047618,NW_019862898.1,-,MXE_exon2,0.001593581,0.106,576013,576496,NW_019862898.1_576013_576496
LOC112047618,NW_019862898.1,-,MXE_exon2,0.012696568,0.086,576011,576496,NW_019862898.1_576011_576496
LOC112047618,NW_019862898.1,-,MXE_exon2,0.034052723,-0.033,577350,577661,NW_019862898.1_577350_577661
LOC112047618,NW_019862898.1,-,MXE_exon2,0.041142902,-0.032,577350,577661,NW_019862898.1_577350_577661
LOC112054623,NW_019863384.1,-,MXE_exon2,0.021869037,0.118,137436,137729,NW_019863384.1_137436_137729
LOC112054623,NW_019863384.1,-,MXE_exon2,0.022355077,0.119,137436,137729,NW_019863384.1_137436_137729
LOC112055835,NW_019863631.1,-,MXE_exon2,1.44E-09,0.352,52037,52619,NW_019863631.1_52037_52619
LOC112055835,NW_019863631.1,-,MXE_exon2,5.32E-05,0.326,52037,52619,NW_019863631.1_52037_52619
LOC112053324,NW_019863229.1,-,MXE_exon2,0.001396888,-0.473,66167,66479,NW_019863229.1_66167_66479
LOC112053324,NW_019863229.1,-,MXE_exon2,0.012319512,-0.349,66176,66479,NW_019863229.1_66176_66479
LOC112053324,NW_019863229.1,-,MXE_exon2,0.001396888,-0.473,66167,66479,NW_019863229.1_66167_66479
LOC112053324,NW_019863229.1,-,MXE_exon2,0.012319512,-0.349,66176,66479,NW_019863229.1_66176_66479
LOC112053324,NW_019863229.1,-,MXE_exon2,1.25E-05,-0.256,66167,66479,NW_019863229.1_66167_66479
LOC112053324,NW_019863229.1,-,MXE_exon2,0.001814029,-0.08,66176,66479,NW_019863229.1_66176_66479
LOC112053324,NW_019863229.1,-,MXE_exon2,0.002471433,-0.479,66167,66479,NW_019863229.1_66167_66479
LOC112053324,NW_019863229.1,-,MXE_exon2,0.022714311,-0.369,66176,66479,NW_019863229.1_66176_66479
LOC112045646,NW_019862837.1,+,MXE_exon2,0.00169948,0.142,320129,320430,NW_019862837.1_320129_320430
LOC112045634,NW_019862837.1,+,MXE_exon2,0.00336523,0.105,619699,620289,NW_019862837.1_619699_620289
LOC112049214,NW_019862755.1,+,MXE_exon2,0.034808887,0.08,2563673,2563974,NW_019862755.1_2563673_2563974
LOC112049214,NW_019862755.1,+,MXE_exon2,0.003995279,0.268,2563673,2564215,NW_019862755.1_2563673_2564215
LOC112049214,NW_019862755.1,+,MXE_exon2,0.007745435,0.273,2563906,2564215,NW_019862755.1_2563906_2564215
LOC112049214,NW_019862755.1,+,MXE_exon2,0.037067576,0.165,2563673,2563974,NW_019862755.1_2563673_2563974
LOC112049214,NW_019862755.1,+,MXE_exon2,0.016773439,-0.029,2565275,2565871,NW_019862755.1_2565275_2565871
LOC112049214,NW_019862755.1,+,MXE_exon2,0.016773439,-0.029,2565383,2565871,NW_019862755.1_2565383_2565871
LOC112049214,NW_019862755.1,+,MXE_exon2,0.016773439,-0.029,2565520,2565871,NW_019862755.1_2565520_2565871
LOC112049214,NW_019862755.1,+,MXE_exon2,0.003388368,-0.057,2565275,2565871,NW_019862755.1_2565275_2565871
LOC112049214,NW_019862755.1,+,MXE_exon2,0.003388368,-0.057,2565505,2565871,NW_019862755.1_2565505_2565871
LOC112049214,NW_019862755.1,+,MXE_exon2,0.00347516,-0.056,2565520,2565871,NW_019862755.1_2565520_2565871
LOC112049214,NW_019862755.1,+,MXE_exon2,0.04611134,-0.16,2565764,2566115,NW_019862755.1_2565764_2566115
LOC112049214,NW_019862755.1,+,MXE_exon2,0.000284912,0.257,2565749,2566434,NW_019862755.1_2565749_2566434
LOC112049214,NW_019862755.1,+,MXE_exon2,0.000256426,0.25,2565764,2566434,NW_019862755.1_2565764_2566434
LOC112049214,NW_019862755.1,+,MXE_exon2,0.001931363,0.165,2565749,2566434,NW_019862755.1_2565749_2566434
LOC112049214,NW_019862755.1,+,MXE_exon2,0.002068283,0.157,2565764,2566434,NW_019862755.1_2565764_2566434
LOC112049214,NW_019862755.1,+,MXE_exon2,0.029240511,0.161,2566063,2566434,NW_019862755.1_2566063_2566434
LOC112049214,NW_019862755.1,+,MXE_exon2,0.028754236,0.168,2566063,2566434,NW_019862755.1_2566063_2566434
LOC112050976,NW_019863054.1,-,A3SS_long,0.002180106,-0.139,50512,50883,NW_019863054.1_50512_50883
LOC112052202,NW_019863133.1,+,A3SS_long,4.96E-06,-0.148,163642,164161,NW_019863133.1_163642_164161
LOC112053850,NW_019863289.1,+,A3SS_long,0.004189364,0.221,20018,20407,NW_019863289.1_20018_20407
LOC112053935,NW_019863297.1,-,A3SS_long,2.81E-05,-0.07,153769,154098,NW_019863297.1_153769_154098
LOC112046965,NW_019862879.1,-,A3SS_long,0.027695563,-0.166,117700,118022,NW_019862879.1_117700_118022
LOC112050417,NW_019862756.1,+,A3SS_long,0.005823015,0.041,1860892,1861224,NW_019862756.1_1860892_1861224
LOC112050417,NW_019862756.1,+,A3SS_long,9.07E-09,0.119,1860892,1861224,NW_019862756.1_1860892_1861224
LOC112058369,NW_019862775.1,-,A3SS_long,0.023203186,-0.137,1376438,1376825,NW_019862775.1_1376438_1376825
LOC112053443,NW_019862760.1,+,A3SS_long,0.017434073,-0.085,55165,55691,NW_019862760.1_55165_55691
LOC112053443,NW_019862760.1,+,A3SS_long,0.000219232,0.19,55165,55691,NW_019862760.1_55165_55691
LOC112044395,NW_019862808.1,-,A3SS_long,0.013306149,0.062,894259,894809,NW_019862808.1_894259_894809
LOC112048373,NW_019862927.1,+,A3SS_long,2.18E-07,0.179,48237,48607,NW_019862927.1_48237_48607
LOC112043311,NW_019862788.1,-,A3SS_long,0.000656506,-0.111,697982,698591,NW_019862788.1_697982_698591
LOC112042985,NW_019862783.1,+,A3SS_long,0,0.546,631714,636476,NW_019862783.1_631714_636476
LOC112047807,NW_019862904.1,-,A3SS_long,0.039688183,0.446,1295212,1295589,NW_019862904.1_1295212_1295589
LOC112047807,NW_019862904.1,-,A3SS_long,0.000108865,0.103,1295212,1295589,NW_019862904.1_1295212_1295589
LOC112044045,NW_019862802.1,-,A3SS_long,6.77E-06,-0.096,917268,917608,NW_019862802.1_917268_917608
LOC112052801,NW_019863177.1,+,A3SS_long,4.68E-10,-0.188,207479,207759,NW_019863177.1_207479_207759
LOC112051523,NW_019863087.1,+,A3SS_long,0.044481824,-0.038,182891,183186,NW_019863087.1_182891_183186
LOC112053308,NW_019863227.1,-,A3SS_long,0,0.94,94017,94770,NW_019863227.1_94017_94770
LOC112046036,NW_019862846.1,-,A3SS_long,6.05E-05,0.137,631277,631611,NW_019862846.1_631277_631611
LOC112043669,NW_019862794.1,-,A3SS_long,0.035159801,-0.123,1090789,1091257,NW_019862794.1_1090789_1091257
LOC112052141,NW_019863130.1,-,A3SS_long,0.010222531,0.122,77997,78310,NW_019863130.1_77997_78310
LOC112048570,NW_019862935.1,+,A3SS_long,0.046103174,0.079,7474,7893,NW_019862935.1_7474_7893
LOC112044629,NW_019862748.1,+,A3SS_long,4.86E-05,0.322,1471024,1471455,NW_019862748.1_1471024_1471455
LOC112047611,NW_019862898.1,+,A3SS_long,0.000104866,0.059,48439,48773,NW_019862898.1_48439_48773
LOC112057021,NW_019862764.1,+,A3SS_long,6.33E-07,-0.257,1518712,1519116,NW_019862764.1_1518712_1519116
LOC112055770,NW_019863610.1,+,A3SS_long,0.015661342,0.022,81040,81435,NW_019863610.1_81040_81435
LOC112049067,NW_019862957.1,-,A3SS_long,0.005715315,-0.056,494411,494896,NW_019862957.1_494411_494896
LOC112044157,NW_019862804.1,+,A3SS_long,0.000433051,0.295,660318,660779,NW_019862804.1_660318_660779
LOC112044157,NW_019862804.1,+,A3SS_long,0.001006402,-0.263,660318,660779,NW_019862804.1_660318_660779
LOC112044157,NW_019862804.1,+,A3SS_long,0.001006402,-0.258,660341,660779,NW_019862804.1_660341_660779
LOC112048234,NW_019862922.1,-,A3SS_long,2.98E-08,0.268,310813,311149,NW_019862922.1_310813_311149
LOC112044249,NW_019862805.1,-,A3SS_long,0.028527558,-0.031,1208191,1208587,NW_019862805.1_1208191_1208587
LOC112056072,NW_019863696.1,-,A3SS_long,2.39E-12,0.082,30771,31150,NW_019863696.1_30771_31150
LOC112053737,NW_019863277.1,+,A3SS_long,8.83E-05,0.102,27459,27998,NW_019863277.1_27459_27998
LOC112045726,NW_019862839.1,-,A3SS_long,0.037763993,0.118,807518,807928,NW_019862839.1_807518_807928
LOC112045728,NW_019862839.1,-,A3SS_long,0.002102902,0.067,860811,861321,NW_019862839.1_860811_861321
LOC112046576,NW_019862862.1,-,A3SS_long,0.010222531,0.11,451774,452084,NW_019862862.1_451774_452084
LOC112053537,NW_019863251.1,-,A3SS_long,0.002426154,0.068,168665,169116,NW_019863251.1_168665_169116
LOC112048081,NW_019862915.1,+,A3SS_long,0.028767077,0.185,679167,679483,NW_019862915.1_679167_679483
LOC112055427,NW_019863522.1,-,A3SS_long,1.25E-11,0.269,77250,77576,NW_019863522.1_77250_77576
LOC112048594,NW_019862936.1,-,A3SS_long,0.003704319,0.053,287088,287443,NW_019862936.1_287088_287443
LOC112047001,NW_019862880.1,+,A3SS_long,0.022587413,0.101,353656,353985,NW_019862880.1_353656_353985
LOC112054819,NW_019863418.1,-,A3SS_long,0.001811423,-0.101,68804,69129,NW_019863418.1_68804_69129
LOC112056170,NW_019863725.1,+,A3SS_long,0.044472572,-0.037,21342,21660,NW_019863725.1_21342_21660
LOC112046596,NW_019862863.1,+,A3SS_long,0.009080889,0.048,775528,775941,NW_019862863.1_775528_775941
LOC112053755,NW_019863279.1,+,A3SS_long,0.008075813,-0.206,84520,84849,NW_019863279.1_84520_84849
LOC112044923,NW_019862820.1,-,A3SS_long,0.027695563,0.105,917602,918028,NW_019862820.1_917602_918028
LOC112046888,NW_019862753.1,-,A3SS_long,4.07E-07,-0.025,1196881,1197281,NW_019862753.1_1196881_1197281
LOC112050527,NW_019863028.1,+,A3SS_long,0.016123108,-0.074,306754,307179,NW_019863028.1_306754_307179
LOC112053300,NW_019862759.1,-,A3SS_long,0.002509848,0.629,154917,155258,NW_019862759.1_154917_155258
LOC112048189,NW_019862920.1,-,A3SS_long,0.001006402,-0.095,604062,607850,NW_019862920.1_604062_607850
LOC112048189,NW_019862920.1,-,A3SS_long,0.031556895,-0.037,604062,607850,NW_019862920.1_604062_607850
LOC112049977,NW_019863000.1,-,A3SS_long,0.002439496,-0.249,326777,327027,NW_019863000.1_326777_327027
LOC112047975,NW_019862910.1,-,A3SS_long,0.000389731,-0.37,493248,493688,NW_019862910.1_493248_493688
LOC112047975,NW_019862910.1,-,A3SS_long,0.03205319,0.031,493248,493688,NW_019862910.1_493248_493688
LOC112042894,NW_019862781.1,+,A3SS_long,0.001881013,-0.186,934090,934413,NW_019862781.1_934090_934413
LOC112043807,NW_019862798.1,-,A3SS_long,2.64E-05,-0.036,1250729,1251331,NW_019862798.1_1250729_1251331
LOC112054180,NW_019863326.1,+,A3SS_long,0.029321964,-0.238,107651,108109,NW_019863326.1_107651_108109
LOC112048176,NW_019862919.1,-,A3SS_long,0.002837366,-0.037,102685,103248,NW_019862919.1_102685_103248
LOC112050384,NW_019862756.1,-,A3SS_long,0.035186878,0.102,1797902,1798267,NW_019862756.1_1797902_1798267
LOC112051165,NW_019863066.1,-,A3SS_long,8.83E-05,0.065,171466,172648,NW_019863066.1_171466_172648
LOC112049061,NW_019862957.1,+,A3SS_long,0.009379752,0.066,505652,506018,NW_019862957.1_505652_506018
LOC112044663,NW_019862815.1,+,A3SS_long,1.19E-05,0.13,1045562,1047513,NW_019862815.1_1045562_1047513
LOC112044438,NW_019862809.1,-,A3SS_long,0.001688961,-0.165,319640,320014,NW_019862809.1_319640_320014
LOC112049178,NW_019862962.1,-,A3SS_long,0.021297919,0.276,175010,175303,NW_019862962.1_175010_175303
LOC112051116,NW_019863064.1,+,A3SS_long,0.025157373,-0.286,291941,292335,NW_019863064.1_291941_292335
LOC112053695,NW_019863272.1,+,A3SS_long,0.041784782,-0.017,178180,178537,NW_019863272.1_178180_178537
LOC112053695,NW_019863272.1,+,A3SS_long,3.57E-07,-0.63,179906,180230,NW_019863272.1_179906_180230
LOC112051279,NW_019863071.1,-,A3SS_long,0.007138073,0.044,184036,184577,NW_019863071.1_184036_184577
LOC112051279,NW_019863071.1,-,A3SS_long,0.000492415,-0.096,189574,189856,NW_019863071.1_189574_189856
LOC112051279,NW_019863071.1,-,A3SS_long,0.020559537,-0.084,189574,189944,NW_019863071.1_189574_189944
LOC112053753,NW_019863278.1,+,A3SS_long,0.000373986,0.087,114739,115328,NW_019863278.1_114739_115328
LOC112053753,NW_019863278.1,+,A3SS_long,0.008075813,0.063,116777,117187,NW_019863278.1_116777_117187
LOC112053860,NW_019863289.1,+,A3SS_long,0.044481824,-0.169,168333,168764,NW_019863289.1_168333_168764
LOC112050411,NW_019863021.1,+,A3SS_long,0.048339002,-0.013,187153,187582,NW_019863021.1_187153_187582
LOC112043577,NW_019862792.1,+,A3SS_long,0.006285611,0.031,1093873,1094468,NW_019862792.1_1093873_1094468
LOC112053831,NW_019863286.1,+,A3SS_long,0.04873231,0.095,52496,52863,NW_019863286.1_52496_52863
LOC112046886,NW_019862874.1,+,A3SS_long,0.042923082,-0.033,133177,133466,NW_019862874.1_133177_133466
LOC112050193,NW_019862748.1,+,A3SS_long,0.000247762,0.096,352647,353027,NW_019862748.1_352647_353027
LOC112046088,NW_019862847.1,-,A3SS_long,0.025350899,-0.069,727435,727848,NW_019862847.1_727435_727848
LOC112042860,NW_019862780.1,+,A3SS_long,0.002426154,0.105,1009291,1009656,NW_019862780.1_1009291_1009656
LOC112051765,NW_019863101.1,+,A3SS_long,0,-0.033,245147,245702,NW_019863101.1_245147_245702
LOC112043412,NW_019862790.1,+,A3SS_long,0.01268785,0.322,179003,179615,NW_019862790.1_179003_179615
LOC112043412,NW_019862790.1,+,A3SS_long,0.011012852,0.324,179185,179615,NW_019862790.1_179185_179615
LOC112043412,NW_019862790.1,+,A3SS_long,3.82E-05,0.057,179284,179615,NW_019862790.1_179284_179615
LOC112045057,NW_019862823.1,+,A3SS_long,0.007815129,0.311,209201,209531,NW_019862823.1_209201_209531
LOC112045057,NW_019862823.1,+,A3SS_long,0.010353189,0.303,209215,209531,NW_019862823.1_209215_209531
LOC112045057,NW_019862823.1,+,A3SS_long,0.000789228,0.064,209260,209531,NW_019862823.1_209260_209531
LOC112053600,NW_019863259.1,+,A3SS_long,0.001006402,-0.375,231754,232087,NW_019863259.1_231754_232087
LOC112056528,NW_019863862.1,+,A3SS_long,0.005232251,0.048,72850,73250,NW_019863862.1_72850_73250
LOC112055665,NW_019863579.1,+,A3SS_long,0.000104346,0.035,167451,167872,NW_019863579.1_167451_167872
LOC112044799,NW_019862817.1,+,A3SS_long,0.004088654,-0.023,994819,995095,NW_019862817.1_994819_995095
LOC112045704,NW_019862838.1,+,A3SS_long,1.31E-06,-0.064,609800,610138,NW_019862838.1_609800_610138
LOC112043533,NW_019862792.1,-,A3SS_long,0.000301249,-0.2,40359,40911,NW_019862792.1_40359_40911
LOC112043533,NW_019862792.1,-,A3SS_long,0.000186701,-0.183,40359,40919,NW_019862792.1_40359_40919
LOC112043533,NW_019862792.1,-,A3SS_long,0.000168288,-0.182,40359,40926,NW_019862792.1_40359_40926
LOC112043533,NW_019862792.1,-,A3SS_long,0.00018331,-0.19,40359,40937,NW_019862792.1_40359_40937
LOC112043533,NW_019862792.1,-,A3SS_long,0.000308338,-0.22,40359,40995,NW_019862792.1_40359_40995
nbis-pseudo15,NW_019862809.1,-,A3SS_long,0.038947518,-0.108,1160473,1160815,NW_019862809.1_1160473_1160815
LOC112051728,NW_019863099.1,-,A3SS_long,1.57E-05,0.158,322711,323407,NW_019863099.1_322711_323407
LOC112053935,NW_019863297.1,-,A3SS_long,0.002794299,-0.135,153769,154354,NW_019863297.1_153769_154354
LOC112051535,NW_019863088.1,+,A3SS_long,0.004453448,-0.157,327218,327568,NW_019863088.1_327218_327568
LOC112051535,NW_019863088.1,+,A3SS_long,0,0.854,353491,354157,NW_019863088.1_353491_354157
LOC112052180,NW_019863132.1,-,A3SS_long,9.84E-06,0.024,285615,285985,NW_019863132.1_285615_285985
LOC112045794,NW_019862841.1,+,A3SS_long,0.005971353,0.16,353778,354164,NW_019862841.1_353778_354164
LOC112044496,NW_019862810.1,-,A3SS_long,0.026597101,0.088,847336,847807,NW_019862810.1_847336_847807
LOC112049626,NW_019862981.1,+,A3SS_long,0.000113295,0.019,66848,67372,NW_019862981.1_66848_67372
LOC112055306,NW_019862762.1,-,A3SS_long,1.20E-05,0.348,214016,214363,NW_019862762.1_214016_214363
LOC112055990,NW_019863676.1,+,A3SS_long,4.98E-07,-0.16,81211,81819,NW_019863676.1_81211_81819
LOC112047547,NW_019862896.1,+,A3SS_long,0.025305787,0.019,511983,512346,NW_019862896.1_511983_512346
LOC112049684,NW_019862984.1,-,A3SS_long,4.82E-07,-0.13,382170,382534,NW_019862984.1_382170_382534
LOC112049684,NW_019862984.1,-,A3SS_long,6.79E-07,-0.137,382170,382546,NW_019862984.1_382170_382546
LOC112044485,NW_019862810.1,+,A3SS_long,0.0039051,-0.026,148619,149138,NW_019862810.1_148619_149138
LOC112051407,NW_019863081.1,+,A3SS_long,1.28E-11,-0.815,12289,12779,NW_019863081.1_12289_12779
LOC112051407,NW_019863081.1,+,A3SS_long,0.008937584,0.234,12289,12779,NW_019863081.1_12289_12779
LOC112051407,NW_019863081.1,+,A3SS_long,7.23E-06,0.548,12451,12779,NW_019863081.1_12451_12779
LOC112051407,NW_019863081.1,+,A3SS_long,2.49E-07,0.272,12451,13083,NW_019863081.1_12451_13083
LOC112051407,NW_019863081.1,+,A3SS_long,0.008222337,-0.072,12490,13083,NW_019863081.1_12490_13083
LOC112051407,NW_019863081.1,+,A3SS_long,0.01870577,-0.451,12289,12779,NW_019863081.1_12289_12779
LOC112051407,NW_019863081.1,+,A3SS_long,0.000122354,0.311,12451,13083,NW_019863081.1_12451_13083
LOC112055826,NW_019863625.1,-,A3SS_long,0.028352367,0.001,36553,36934,NW_019863625.1_36553_36934
LOC112055826,NW_019863625.1,-,A3SS_long,0.03004518,0.002,36553,36937,NW_019863625.1_36553_36937
LOC112045121,NW_019862824.1,+,A3SS_long,0.002271917,0.169,499842,500192,NW_019862824.1_499842_500192
LOC112045121,NW_019862824.1,+,A3SS_long,0.00040336,0.044,499862,500192,NW_019862824.1_499862_500192
LOC112044894,NW_019862751.1,-,A3SS_long,0.024965298,0.09,1713508,1713932,NW_019862751.1_1713508_1713932
LOC112051144,NW_019863065.1,-,A3SS_long,2.70E-05,-0.121,237323,237992,NW_019863065.1_237323_237992
LOC112049404,NW_019862971.1,-,A3SS_long,9.54E-08,-0.392,703681,704172,NW_019862971.1_703681_704172
LOC112049404,NW_019862971.1,-,A3SS_long,1.59E-05,0.228,707245,707823,NW_019862971.1_707245_707823
LOC112048355,NW_019862754.1,-,A3SS_long,0.044395865,-0.052,2500300,2500618,NW_019862754.1_2500300_2500618
LOC112047899,NW_019862908.1,-,A3SS_long,0.045409587,-0.384,462996,463610,NW_019862908.1_462996_463610
LOC112047899,NW_019862908.1,-,A3SS_long,0.048339002,-0.391,462996,463623,NW_019862908.1_462996_463623
LOC112058369,NW_019862775.1,-,A3SS_long,0.000490738,0.18,1374728,1375165,NW_019862775.1_1374728_1375165
LOC112053443,NW_019862760.1,+,A3SS_long,1.64E-08,0.142,55165,55691,NW_019862760.1_55165_55691
LOC112053443,NW_019862760.1,+,A3SS_long,6.09E-06,0.28,55165,55691,NW_019862760.1_55165_55691
LOC112053443,NW_019862760.1,+,A3SS_long,0.010662562,0.319,55165,55690,NW_019862760.1_55165_55690
LOC112053443,NW_019862760.1,+,A3SS_long,0.000420181,0.366,55169,55690,NW_019862760.1_55169_55690
LOC112053443,NW_019862760.1,+,A3SS_long,0.000420181,0.366,55202,55690,NW_019862760.1_55202_55690
LOC112053443,NW_019862760.1,+,A3SS_long,0.000314992,0.386,55256,55690,NW_019862760.1_55256_55690
LOC112053443,NW_019862760.1,+,A3SS_long,0.003338286,0.352,55279,55690,NW_019862760.1_55279_55690
LOC112053443,NW_019862760.1,+,A3SS_long,0.000525776,0.381,55283,55690,NW_019862760.1_55283_55690
LOC112053443,NW_019862760.1,+,A3SS_long,0.003851604,0.354,55298,55690,NW_019862760.1_55298_55690
LOC112053443,NW_019862760.1,+,A3SS_long,0.000656506,0.357,55342,55690,NW_019862760.1_55342_55690
LOC112046897,NW_019862874.1,+,A3SS_long,0.048339002,0.05,776503,776903,NW_019862874.1_776503_776903
LOC112053078,NW_019863203.1,-,A3SS_long,0.000988701,0.278,264726,265121,NW_019863203.1_264726_265121
LOC112043411,NW_019862790.1,-,A3SS_long,0.008406924,-0.162,160605,160999,NW_019862790.1_160605_160999
LOC112043411,NW_019862790.1,-,A3SS_long,0.003275471,-0.041,160605,161005,NW_019862790.1_160605_161005
LOC112051763,NW_019863101.1,-,A3SS_long,1.80E-06,-0.582,219284,219848,NW_019863101.1_219284_219848
LOC112046887,NW_019862874.1,-,A3SS_long,0.003254517,-0.098,19301,19855,NW_019862874.1_19301_19855
LOC112046887,NW_019862874.1,-,A3SS_long,0.003171089,-0.088,19301,19858,NW_019862874.1_19301_19858
LOC112046887,NW_019862874.1,-,A3SS_long,0.001934616,-0.188,19301,19858,NW_019862874.1_19301_19858
LOC112046887,NW_019862874.1,-,A3SS_long,0.001354264,-0.115,19470,20127,NW_019862874.1_19470_20127
LOC112046887,NW_019862874.1,-,A3SS_long,0.003149685,-0.14,19470,20127,NW_019862874.1_19470_20127
LOC112046887,NW_019862874.1,-,A3SS_long,0.034019445,-0.089,19470,20127,NW_019862874.1_19470_20127
LOC112046887,NW_019862874.1,-,A3SS_long,0.028767077,0.304,20875,21419,NW_019862874.1_20875_21419
LOC112054387,NW_019863353.1,+,A3SS_long,0.003537266,-0.314,32897,33217,NW_019863353.1_32897_33217
LOC112046971,NW_019862879.1,-,A3SS_long,0.007743905,-0.12,735002,735353,NW_019862879.1_735002_735353
LOC112043311,NW_019862788.1,-,A3SS_long,0.043748287,-0.032,697978,698591,NW_019862788.1_697978_698591
LOC112043806,NW_019862798.1,-,A3SS_long,0.031646965,0.217,772747,773214,NW_019862798.1_772747_773214
LOC112048536,NW_019862934.1,-,A3SS_long,0.003149685,-0.035,312033,312367,NW_019862934.1_312033_312367
LOC112056453,NW_019863828.1,+,A3SS_long,0.000364924,-0.173,19300,19633,NW_019863828.1_19300_19633
LOC112047241,NW_019862885.1,+,A3SS_long,0.044984178,-0.025,543053,543465,NW_019862885.1_543053_543465
LOC112053680,NW_019863271.1,-,A3SS_long,0.038100085,-0.054,112813,113372,NW_019863271.1_112813_113372
LOC112058550,NW_019862778.1,-,A3SS_long,6.38E-11,-0.049,1102864,1103464,NW_019862778.1_1102864_1103464
LOC112058550,NW_019862778.1,-,A3SS_long,0,-0.331,1102864,1103465,NW_019862778.1_1102864_1103465
LOC112058550,NW_019862778.1,-,A3SS_long,7.11E-11,-0.048,1102864,1103476,NW_019862778.1_1102864_1103476
LOC112043455,NW_019862750.1,+,A3SS_long,0.000156727,-0.039,235274,235746,NW_019862750.1_235274_235746
LOC112056720,NW_019863955.1,+,A3SS_long,0.013365535,0.056,10082,10476,NW_019863955.1_10082_10476
LOC112052801,NW_019863177.1,+,A3SS_long,0.04181358,-0.106,207450,207759,NW_019863177.1_207450_207759
LOC112052801,NW_019863177.1,+,A3SS_long,0.043142412,-0.111,207459,207759,NW_019863177.1_207459_207759
LOC112051523,NW_019863087.1,+,A3SS_long,0.008492618,0.011,159548,159949,NW_019863087.1_159548_159949
LOC112051523,NW_019863087.1,+,A3SS_long,1.76E-09,-0.137,179021,179686,NW_019863087.1_179021_179686
LOC112051523,NW_019863087.1,+,A3SS_long,0.000296564,-0.017,179021,179686,NW_019863087.1_179021_179686
LOC112051523,NW_019863087.1,+,A3SS_long,7.51E-06,-0.014,179895,180242,NW_019863087.1_179895_180242
LOC112049703,NW_019862985.1,+,A3SS_long,0.006094162,0.026,426447,426824,NW_019862985.1_426447_426824
LOC112049703,NW_019862985.1,+,A3SS_long,0.009285194,0.057,426448,426824,NW_019862985.1_426448_426824
LOC112049407,NW_019862971.1,+,A3SS_long,0.000268531,0.108,147790,148155,NW_019862971.1_147790_148155
LOC112054868,NW_019863427.1,-,A3SS_long,0.019498758,0.015,92276,92657,NW_019863427.1_92276_92657
LOC112048857,NW_019862948.1,+,A3SS_long,0.004302893,0.072,353760,354290,NW_019862948.1_353760_354290
LOC112048857,NW_019862948.1,+,A3SS_long,0.004189364,0.068,353828,354290,NW_019862948.1_353828_354290
LOC112044006,NW_019862750.1,-,A3SS_long,0.044154786,-0.043,2057797,2058137,NW_019862750.1_2057797_2058137
LOC112053596,NW_019863259.1,+,A3SS_long,2.02E-08,0.192,301144,301435,NW_019863259.1_301144_301435
LOC112052331,NW_019862759.1,-,A3SS_long,6.97E-11,0.34,893796,894351,NW_019862759.1_893796_894351
LOC112047449,NW_019862893.1,-,A3SS_long,6.75E-05,0.251,411981,412277,NW_019862893.1_411981_412277
LOC112058374,NW_019862775.1,+,A3SS_long,0.039688183,-0.025,1561112,1561676,NW_019862775.1_1561112_1561676
LOC112044138,NW_019862804.1,+,A3SS_long,0.002180106,-0.29,40054,40370,NW_019862804.1_40054_40370
LOC112046894,NW_019862874.1,+,A3SS_long,0.03050593,0.087,277932,278285,NW_019862874.1_277932_278285
LOC112046894,NW_019862874.1,+,A3SS_long,0.03004518,0.087,277934,278285,NW_019862874.1_277934_278285
LOC112046894,NW_019862874.1,+,A3SS_long,0,-0.06,317707,318374,NW_019862874.1_317707_318374
LOC112043339,NW_019862788.1,-,A3SS_long,1.83E-07,0.17,1275910,1276328,NW_019862788.1_1275910_1276328
LOC112043339,NW_019862788.1,-,A3SS_long,0,0.355,1275910,1276483,NW_019862788.1_1275910_1276483
LOC112056362,NW_019863789.1,+,A3SS_long,0.002191139,-0.047,40456,41135,NW_019863789.1_40456_41135
LOC112046036,NW_019862846.1,-,A3SS_long,0.000160287,0.327,631277,631617,NW_019862846.1_631277_631617
LOC112046036,NW_019862846.1,-,A3SS_long,1.87E-05,0.343,631277,631620,NW_019862846.1_631277_631620
LOC112045818,NW_019862841.1,-,A3SS_long,2.60E-05,-0.045,823760,824315,NW_019862841.1_823760_824315
LOC112045818,NW_019862841.1,-,A3SS_long,0.000169725,-0.154,823760,824318,NW_019862841.1_823760_824318
LOC112046143,NW_019862849.1,+,A3SS_long,1.13E-09,0.052,172486,173033,NW_019862849.1_172486_173033
LOC112048398,NW_019862929.1,+,A3SS_long,0.008075813,0.078,269770,270252,NW_019862929.1_269770_270252
LOC112056552,NW_019863878.1,-,A3SS_long,5.29E-06,0.043,22156,22644,NW_019863878.1_22156_22644
LOC112049503,NW_019862976.1,-,A3SS_long,0,-0.087,435331,435988,NW_019862976.1_435331_435988
LOC112049503,NW_019862976.1,-,A3SS_long,0,0.036,435331,435988,NW_019862976.1_435331_435988
LOC112045949,NW_019862844.1,+,A3SS_long,0.000101414,0.069,544811,545137,NW_019862844.1_544811_545137
LOC112054025,NW_019863307.1,+,A3SS_long,0.001412549,-0.174,124817,125103,NW_019863307.1_124817_125103
LOC112049025,NW_019862955.1,-,A3SS_long,8.54E-06,0.033,555241,555889,NW_019862955.1_555241_555889
LOC112052126,NW_019863128.1,+,A3SS_long,1.15E-09,0.088,165598,165962,NW_019863128.1_165598_165962
LOC112058604,NW_019862778.1,+,A3SS_long,0.000472816,0.094,1081199,1081587,NW_019862778.1_1081199_1081587
LOC112052655,NW_019863167.1,+,A3SS_long,0,0.391,208609,209190,NW_019863167.1_208609_209190
LOC112052655,NW_019863167.1,+,A3SS_long,0,0.197,208715,209190,NW_019863167.1_208715_209190
LOC112052655,NW_019863167.1,+,A3SS_long,0,0.205,208762,209190,NW_019863167.1_208762_209190
LOC112052655,NW_019863167.1,+,A3SS_long,0,0.209,208767,209190,NW_019863167.1_208767_209190
LOC112052655,NW_019863167.1,+,A3SS_long,0,0.236,208845,209190,NW_019863167.1_208845_209190
LOC112052655,NW_019863167.1,+,A3SS_long,0,0.131,208875,209190,NW_019863167.1_208875_209190
LOC112050902,NW_019863049.1,-,A3SS_long,0.020399496,0.022,48831,49181,NW_019863049.1_48831_49181
LOC112056457,NW_019863828.1,-,A3SS_long,3.62E-06,0.037,31282,31743,NW_019863828.1_31282_31743
LOC112056457,NW_019863828.1,-,A3SS_long,3.95E-05,0.028,31282,31745,NW_019863828.1_31282_31745
LOC112056457,NW_019863828.1,-,A3SS_long,0.000104689,0.026,31282,31746,NW_019863828.1_31282_31746
LOC112056457,NW_019863828.1,-,A3SS_long,0.043655468,0.018,31282,31749,NW_019863828.1_31282_31749
LOC112056457,NW_019863828.1,-,A3SS_long,0.004507252,0.028,31282,31754,NW_019863828.1_31282_31754
LOC112056457,NW_019863828.1,-,A3SS_long,0.013177824,0.026,31282,31773,NW_019863828.1_31282_31773
LOC112056276,NW_019863755.1,-,A3SS_long,0.000501862,0.207,61733,62132,NW_019863755.1_61733_62132
LOC112052563,NW_019863158.1,+,A3SS_long,0.048339002,-0.126,230965,231504,NW_019863158.1_230965_231504
LOC112044157,NW_019862804.1,+,A3SS_long,0.001769419,0.194,660232,660779,NW_019862804.1_660232_660779
LOC112044157,NW_019862804.1,+,A3SS_long,0.001938987,0.19,660237,660779,NW_019862804.1_660237_660779
LOC112044157,NW_019862804.1,+,A3SS_long,0.000988701,0.233,660296,660779,NW_019862804.1_660296_660779
LOC112044157,NW_019862804.1,+,A3SS_long,2.41E-05,-0.458,660341,660779,NW_019862804.1_660341_660779
LOC112044157,NW_019862804.1,+,A3SS_long,0.006520934,-0.092,660384,660779,NW_019862804.1_660384_660779
LOC112044157,NW_019862804.1,+,A3SS_long,0.009305478,-0.14,660318,660779,NW_019862804.1_660318_660779
LOC112046979,NW_019862879.1,+,A3SS_long,0.041608599,0.164,108038,108531,NW_019862879.1_108038_108531
LOC112054313,NW_019863342.1,+,A3SS_long,0.000652761,0.043,125615,125986,NW_019863342.1_125615_125986
LOC112049969,NW_019862756.1,+,A3SS_long,0.041355089,0.011,700033,700466,NW_019862756.1_700033_700466
LOC112046711,NW_019862869.1,-,A3SS_long,0.004799643,0.032,185257,185677,NW_019862869.1_185257_185677
LOC112053231,NW_019863219.1,-,A3SS_long,0.009298151,0.063,69013,69618,NW_019863219.1_69013_69618
LOC112053291,NW_019863225.1,-,A3SS_long,2.17E-10,-0.112,122276,122964,NW_019863225.1_122276_122964
LOC112056216,NW_019863736.1,+,A3SS_long,0.016098921,0.042,74268,74586,NW_019863736.1_74268_74586
LOC112057756,NW_019862766.1,-,A3SS_long,0.025525143,0.007,160503,161032,NW_019862766.1_160503_161032
nbis-pseudo177,NW_019862773.1,-,A3SS_long,0.003149685,0.036,709108,709517,NW_019862773.1_709108_709517
LOC112050718,NW_019863039.1,+,A3SS_long,0.009285194,0.044,180665,180972,NW_019863039.1_180665_180972
LOC112052775,NW_019863175.1,+,A3SS_long,0.027502897,0.033,3038,3300,NW_019863175.1_3038_3300
LOC112056069,NW_019863696.1,-,A3SS_long,0.002416544,0.051,72507,72892,NW_019863696.1_72507_72892
LOC112047485,NW_019862894.1,-,A3SS_long,2.60E-10,-0.134,901513,901875,NW_019862894.1_901513_901875
LOC112058097,NW_019862771.1,+,A3SS_long,0.010662562,0.017,1757978,1758271,NW_019862771.1_1757978_1758271
LOC112045726,NW_019862839.1,-,A3SS_long,0.003617845,0.088,807386,808070,NW_019862839.1_807386_808070
LOC112045728,NW_019862839.1,-,A3SS_long,0.020696654,0.322,860811,861363,NW_019862839.1_860811_861363
LOC112045728,NW_019862839.1,-,A3SS_long,0.027483775,0.336,860811,861425,NW_019862839.1_860811_861425
LOC112043682,NW_019862794.1,+,A3SS_long,0,0.248,1405102,1405802,NW_019862794.1_1405102_1405802
LOC112043682,NW_019862794.1,+,A3SS_long,0.006014828,-0.022,1405422,1405802,NW_019862794.1_1405422_1405802
LOC112050705,NW_019863039.1,+,A3SS_long,0.018859612,0.064,248549,249017,NW_019863039.1_248549_249017
LOC112050705,NW_019863039.1,+,A3SS_long,0.024163166,0.079,248671,249017,NW_019863039.1_248671_249017
LOC112046213,NW_019862850.1,+,A3SS_long,0.042645421,0.053,510791,511449,NW_019862850.1_510791_511449
LOC112056791,NW_019862764.1,-,A3SS_long,0.001354264,-0.166,142245,142891,NW_019862764.1_142245_142891
LOC112052747,NW_019862759.1,-,A3SS_long,0.012568074,0.022,617650,618141,NW_019862759.1_617650_618141
LOC112052598,NW_019863161.1,-,A3SS_long,0.016123108,0.043,208139,208521,NW_019863161.1_208139_208521
LOC112053936,NW_019863297.1,-,A3SS_long,0.004088654,-0.051,124327,124731,NW_019863297.1_124327_124731
LOC112053936,NW_019863297.1,-,A3SS_long,0.000449591,-0.415,124327,124731,NW_019863297.1_124327_124731
LOC112053936,NW_019863297.1,-,A3SS_long,7.91E-05,0.582,124327,124738,NW_019863297.1_124327_124738
LOC112053936,NW_019863297.1,-,A3SS_long,0.001994023,0.046,124327,124751,NW_019863297.1_124327_124751
LOC112057725,NW_019862765.1,-,A3SS_long,0.000314992,0.136,1961438,1961746,NW_019862765.1_1961438_1961746
LOC112048716,NW_019862941.1,+,A3SS_long,0.009124174,-0.025,218387,218966,NW_019862941.1_218387_218966
LOC112055427,NW_019863522.1,-,A3SS_long,6.63E-11,0.08,77250,77574,NW_019863522.1_77250_77574
LOC112050223,NW_019863013.1,-,A3SS_long,0.043370746,-0.25,237116,237417,NW_019863013.1_237116_237417
LOC112051953,NW_019863115.1,+,A3SS_long,0.008075813,0.26,174231,174549,NW_019863115.1_174231_174549
LOC112053895,NW_019863292.1,-,A3SS_long,2.00E-05,0.036,35429,36088,NW_019863292.1_35429_36088
LOC112053895,NW_019863292.1,-,A3SS_long,0.008075813,-0.066,35801,36157,NW_019863292.1_35801_36157
LOC112053895,NW_019863292.1,-,A3SS_long,2.01E-05,-0.078,35801,36182,NW_019863292.1_35801_36182
LOC112058419,NW_019862776.1,-,A3SS_long,0.002180106,0.396,787532,788079,NW_019862776.1_787532_788079
LOC112058419,NW_019862776.1,-,A3SS_long,0.003047818,0.249,787532,788134,NW_019862776.1_787532_788134
LOC112052373,NW_019862759.1,+,A3SS_long,6.90E-08,0.053,2029538,2029973,NW_019862759.1_2029538_2029973
LOC112045707,NW_019862838.1,+,A3SS_long,2.26E-13,-0.041,165040,165322,NW_019862838.1_165040_165322
LOC112046714,NW_019862869.1,-,A3SS_long,4.86E-05,0.025,203820,204290,NW_019862869.1_203820_204290
LOC112046714,NW_019862869.1,-,A3SS_long,0.006094162,0.019,203820,204290,NW_019862869.1_203820_204290
LOC112051050,NW_019862757.1,-,A3SS_long,0.019498758,0.057,526015,526325,NW_019862757.1_526015_526325
LOC112042907,NW_019862781.1,+,A3SS_long,2.32E-08,0.09,1657792,1658330,NW_019862781.1_1657792_1658330
LOC112052396,NW_019863145.1,-,A3SS_long,2.02E-08,0.479,117120,117782,NW_019863145.1_117120_117782
LOC112047793,NW_019862904.1,-,A3SS_long,0,0.151,1352514,1353010,NW_019862904.1_1352514_1353010
LOC112047355,NW_019862890.1,-,A3SS_long,0.001500381,0.086,329961,330514,NW_019862890.1_329961_330514
LOC112053872,NW_019863290.1,+,A3SS_long,0.02626306,-0.069,141988,142340,NW_019863290.1_141988_142340
LOC112056026,NW_019863687.1,+,A3SS_long,0.004346388,-0.235,55567,55846,NW_019863687.1_55567_55846
LOC112052571,NW_019863159.1,-,A3SS_long,0.038947518,0,41304,41801,NW_019863159.1_41304_41801
LOC112044923,NW_019862820.1,-,A3SS_long,0.007875793,0.048,917602,918031,NW_019862820.1_917602_918031
LOC112044923,NW_019862820.1,-,A3SS_long,0.003609815,0.037,917602,918120,NW_019862820.1_917602_918120
LOC112044923,NW_019862820.1,-,A3SS_long,0.002794299,0.019,925571,925923,NW_019862820.1_925571_925923
LOC112044923,NW_019862820.1,-,A3SS_long,0.004088654,0.018,925571,925926,NW_019862820.1_925571_925926
LOC112058060,NW_019862749.1,-,A3SS_long,0.016786493,-0.11,2309724,2310074,NW_019862749.1_2309724_2310074
LOC112047055,NW_019862753.1,-,A3SS_long,0.006074295,-0.035,1461301,1461617,NW_019862753.1_1461301_1461617
LOC112047055,NW_019862753.1,-,A3SS_long,0.010130765,-0.035,1461301,1461630,NW_019862753.1_1461301_1461630
LOC112048221,NW_019862921.1,+,A3SS_long,0.000117223,0.03,362551,362870,NW_019862921.1_362551_362870
LOC112048221,NW_019862921.1,+,A3SS_long,2.51E-05,0.015,362552,362870,NW_019862921.1_362552_362870
LOC112044274,NW_019862806.1,+,A3SS_long,0.00697675,0.33,617591,618001,NW_019862806.1_617591_618001
LOC112044274,NW_019862806.1,+,A3SS_long,0.004346388,0.141,617661,618001,NW_019862806.1_617661_618001
LOC112045656,NW_019862837.1,+,A3SS_long,0.011996233,0.021,382603,382962,NW_019862837.1_382603_382962
LOC112050527,NW_019863028.1,+,A3SS_long,0.030979422,-0.091,306663,307179,NW_019863028.1_306663_307179
LOC112050527,NW_019863028.1,+,A3SS_long,0.004203921,-0.17,306684,307179,NW_019863028.1_306684_307179
LOC112055175,NW_019863471.1,-,A3SS_long,0.000163992,0.542,135000,135513,NW_019863471.1_135000_135513
LOC112055175,NW_019863471.1,-,A3SS_long,1.48E-06,0.04,138467,138855,NW_019863471.1_138467_138855
LOC112055175,NW_019863471.1,-,A3SS_long,2.32E-08,0.057,138467,138940,NW_019863471.1_138467_138940
LOC112051503,NW_019863086.1,-,A3SS_long,0.000114171,0.127,306460,306831,NW_019863086.1_306460_306831
LOC112051503,NW_019863086.1,-,A3SS_long,4.63E-06,0.533,306460,306842,NW_019863086.1_306460_306842
LOC112051503,NW_019863086.1,-,A3SS_long,6.39E-05,0.445,306460,306845,NW_019863086.1_306460_306845
LOC112053300,NW_019862759.1,-,A3SS_long,0.011809386,0.649,154917,155487,NW_019862759.1_154917_155487
LOC112043155,NW_019862786.1,+,A3SS_long,0.036453464,0.063,960008,960509,NW_019862786.1_960008_960509
LOC112048189,NW_019862920.1,-,A3SS_long,0.005210602,0.067,607983,608541,NW_019862920.1_607983_608541
LOC112048189,NW_019862920.1,-,A3SS_long,0.000329792,0.102,613792,614293,NW_019862920.1_613792_614293
LOC112051828,NW_019863106.1,+,A3SS_long,0.044692695,-0.052,254693,255126,NW_019863106.1_254693_255126
LOC112051828,NW_019863106.1,+,A3SS_long,0.044692695,-0.052,254697,255126,NW_019863106.1_254697_255126
LOC112051828,NW_019863106.1,+,A3SS_long,0.044445666,-0.05,254729,255126,NW_019863106.1_254729_255126
LOC112048147,NW_019862918.1,+,A3SS_long,0.000138138,0.02,152234,152557,NW_019862918.1_152234_152557
LOC112049977,NW_019863000.1,-,A3SS_long,1.89E-05,-0.562,326777,327042,NW_019863000.1_326777_327042
LOC112054339,NW_019863347.1,-,A3SS_long,0.008075813,0.081,114894,115509,NW_019863347.1_114894_115509
LOC112047975,NW_019862910.1,-,A3SS_long,0.023923867,0.047,493248,493652,NW_019862910.1_493248_493652
LOC112047975,NW_019862910.1,-,A3SS_long,0.001070996,0.122,493248,493687,NW_019862910.1_493248_493687
LOC112058335,NW_019862774.1,-,A3SS_long,0.002180106,-0.051,680023,680521,NW_019862774.1_680023_680521
LOC112058335,NW_019862774.1,-,A3SS_long,0.002421154,-0.064,680023,680550,NW_019862774.1_680023_680550
LOC112048291,NW_019862924.1,-,A3SS_long,0,0.563,328015,328630,NW_019862924.1_328015_328630
LOC112048291,NW_019862924.1,-,A3SS_long,0,0.688,328015,328648,NW_019862924.1_328015_328648
LOC112048291,NW_019862924.1,-,A3SS_long,0,0.554,328015,328650,NW_019862924.1_328015_328650
LOC112042894,NW_019862781.1,+,A3SS_long,0.040705246,0.028,965520,965993,NW_019862781.1_965520_965993
LOC112052026,NW_019863119.1,+,A3SS_long,0.013365535,-0.198,261767,262045,NW_019863119.1_261767_262045
LOC112052026,NW_019863119.1,+,A3SS_long,1.14E-08,-0.013,265340,265701,NW_019863119.1_265340_265701
LOC112050069,NW_019863004.1,-,A3SS_long,0.000396038,0.081,134610,135096,NW_019863004.1_134610_135096
LOC112048956,NW_019862953.1,+,A3SS_long,2.28E-06,0.074,429567,430040,NW_019862953.1_429567_430040
LOC112048770,NW_019862944.1,-,A3SS_long,0.020444454,-0.022,538544,539115,NW_019862944.1_538544_539115
LOC112044702,NW_019862816.1,-,A3SS_long,0.022587413,0.025,389060,389712,NW_019862816.1_389060_389712
LOC112043927,NW_019862800.1,-,A3SS_long,0.003617845,0.152,563616,564179,NW_019862800.1_563616_564179
LOC112051627,NW_019863091.1,+,A3SS_long,0.002654632,-0.189,25899,26251,NW_019863091.1_25899_26251
LOC112051443,NW_019863083.1,+,A3SS_long,0.006278993,0.032,283481,283872,NW_019863083.1_283481_283872
LOC112051453,NW_019863083.1,-,A3SS_long,0.011311992,0.01,355565,356160,NW_019863083.1_355565_356160
LOC112051453,NW_019863083.1,-,A3SS_long,5.99E-10,0.134,355566,356160,NW_019863083.1_355566_356160
LOC112048138,NW_019862918.1,+,A3SS_long,9.90E-08,-0.647,441886,442199,NW_019862918.1_441886_442199
LOC112049719,NW_019862756.1,+,A3SS_long,0.01946696,0.065,220600,221283,NW_019862756.1_220600_221283
LOC112049719,NW_019862756.1,+,A3SS_long,0.019498758,0.065,220745,221283,NW_019862756.1_220745_221283
LOC112050679,NW_019862756.1,-,A3SS_long,0.046103174,-0.175,1847287,1847631,NW_019862756.1_1847287_1847631
LOC112044346,NW_019862807.1,-,A3SS_long,0.00709547,0.062,123093,123460,NW_019862807.1_123093_123460
LOC112049145,NW_019862961.1,-,A3SS_long,0,0.025,296457,296794,NW_019862961.1_296457_296794
LOC112049145,NW_019862961.1,-,A3SS_long,0,0.023,296457,296809,NW_019862961.1_296457_296809
LOC112049145,NW_019862961.1,-,A3SS_long,0.005608674,-0.016,298596,299035,NW_019862961.1_298596_299035
LOC112056415,NW_019863806.1,+,A3SS_long,0.028352367,0.039,15862,16393,NW_019863806.1_15862_16393
LOC112045047,NW_019862822.1,-,A3SS_long,1.45E-05,-0.036,67402,68028,NW_019862822.1_67402_68028
LOC112047386,NW_019862891.1,-,A3SS_long,0.024609394,-0.13,370125,370576,NW_019862891.1_370125_370576
LOC112050806,NW_019863043.1,-,A3SS_long,0.035159801,-0.034,427214,427552,NW_019863043.1_427214_427552
LOC112046562,NW_019862861.1,-,A3SS_long,0.004088654,-0.015,96891,97274,NW_019862861.1_96891_97274
LOC112046282,NW_019862853.1,+,A3SS_long,1.41E-12,-0.474,25110,25865,NW_019862853.1_25110_25865
LOC112050200,NW_019863012.1,+,A3SS_long,0.001497081,-0.077,435357,435952,NW_019863012.1_435357_435952
LOC112050218,NW_019863013.1,+,A3SS_long,0.038947518,-0.261,83923,84509,NW_019863013.1_83923_84509
LOC112046724,NW_019862869.1,-,A3SS_long,0.02416206,0.028,653723,654085,NW_019862869.1_653723_654085
LOC112048938,NW_019862952.1,+,A3SS_long,1.16E-07,0.421,254819,255322,NW_019862952.1_254819_255322
LOC112048203,NW_019862921.1,+,A3SS_long,0.001270841,0.147,469549,470224,NW_019862921.1_469549_470224
LOC112057230,NW_019864585.1,+,A3SS_long,0.006535926,-0.043,4451,4832,NW_019864585.1_4451_4832
LOC112057230,NW_019864585.1,+,A3SS_long,0.002180106,-0.082,4455,4832,NW_019864585.1_4455_4832
LOC112054515,NW_019862761.1,+,A3SS_long,0.002524988,0.016,1226609,1227028,NW_019862761.1_1226609_1227028
LOC112046556,NW_019862861.1,-,A3SS_long,1.39E-05,0.054,204506,204766,NW_019862861.1_204506_204766
LOC112045690,NW_019862838.1,-,A3SS_long,0.012279536,0.04,471004,471387,NW_019862838.1_471004_471387
LOC112047321,NW_019862887.1,-,A3SS_long,7.28E-11,0.057,445566,446106,NW_019862887.1_445566_446106
LOC112051236,NW_019863069.1,+,A3SS_long,1.66E-10,-0.038,317806,318260,NW_019863069.1_317806_318260
LOC112049111,NW_019862959.1,+,A3SS_long,0.042740532,-0.102,428061,428493,NW_019862959.1_428061_428493
LOC112051554,NW_019863089.1,+,A3SS_long,0.001023181,0.323,71441,71891,NW_019863089.1_71441_71891
LOC112050976,NW_019863054.1,-,A3SS_short,0.002180106,-0.139,50512,50850,NW_019863054.1_50512_50850
LOC112052202,NW_019863133.1,+,A3SS_short,4.96E-06,-0.148,163808,164161,NW_019863133.1_163808_164161
LOC112053850,NW_019863289.1,+,A3SS_short,0.004189364,0.221,20039,20407,NW_019863289.1_20039_20407
LOC112053935,NW_019863297.1,-,A3SS_short,2.81E-05,-0.07,153769,154083,NW_019863297.1_153769_154083
LOC112046965,NW_019862879.1,-,A3SS_short,0.027695563,-0.166,117700,118019,NW_019862879.1_117700_118019
LOC112050417,NW_019862756.1,+,A3SS_short,0.005823015,0.041,1860907,1861224,NW_019862756.1_1860907_1861224
LOC112050417,NW_019862756.1,+,A3SS_short,9.07E-09,0.119,1860907,1861224,NW_019862756.1_1860907_1861224
LOC112058369,NW_019862775.1,-,A3SS_short,0.023203186,-0.137,1376438,1376822,NW_019862775.1_1376438_1376822
LOC112053443,NW_019862760.1,+,A3SS_short,0.017434073,-0.085,55360,55691,NW_019862760.1_55360_55691
LOC112053443,NW_019862760.1,+,A3SS_short,0.000219232,0.19,55360,55691,NW_019862760.1_55360_55691
LOC112044395,NW_019862808.1,-,A3SS_short,0.013306149,0.062,894259,894785,NW_019862808.1_894259_894785
LOC112048373,NW_019862927.1,+,A3SS_short,2.18E-07,0.179,48240,48607,NW_019862927.1_48240_48607
LOC112043311,NW_019862788.1,-,A3SS_short,0.000656506,-0.111,697982,698390,NW_019862788.1_697982_698390
LOC112042985,NW_019862783.1,+,A3SS_short,0,0.546,634950,636476,NW_019862783.1_634950_636476
LOC112047807,NW_019862904.1,-,A3SS_short,0.039688183,0.446,1295212,1295564,NW_019862904.1_1295212_1295564
LOC112047807,NW_019862904.1,-,A3SS_short,0.000108865,0.103,1295212,1295564,NW_019862904.1_1295212_1295564
LOC112044045,NW_019862802.1,-,A3SS_short,6.77E-06,-0.096,917268,917578,NW_019862802.1_917268_917578
LOC112052801,NW_019863177.1,+,A3SS_short,4.68E-10,-0.188,207494,207759,NW_019863177.1_207494_207759
LOC112051523,NW_019863087.1,+,A3SS_short,0.044481824,-0.038,182906,183186,NW_019863087.1_182906_183186
LOC112053308,NW_019863227.1,-,A3SS_short,0,0.94,94017,94765,NW_019863227.1_94017_94765
LOC112046036,NW_019862846.1,-,A3SS_short,6.05E-05,0.137,631277,631608,NW_019862846.1_631277_631608
LOC112043669,NW_019862794.1,-,A3SS_short,0.035159801,-0.123,1090789,1091240,NW_019862794.1_1090789_1091240
LOC112052141,NW_019863130.1,-,A3SS_short,0.010222531,0.122,77997,78307,NW_019863130.1_77997_78307
LOC112048570,NW_019862935.1,+,A3SS_short,0.046103174,0.079,7557,7893,NW_019862935.1_7557_7893
LOC112044629,NW_019862748.1,+,A3SS_short,4.86E-05,0.322,1471042,1471455,NW_019862748.1_1471042_1471455
LOC112047611,NW_019862898.1,+,A3SS_short,0.000104866,0.059,48442,48773,NW_019862898.1_48442_48773
LOC112057021,NW_019862764.1,+,A3SS_short,6.33E-07,-0.257,1518724,1519116,NW_019862764.1_1518724_1519116
LOC112055770,NW_019863610.1,+,A3SS_short,0.015661342,0.022,81043,81435,NW_019863610.1_81043_81435
LOC112049067,NW_019862957.1,-,A3SS_short,0.005715315,-0.056,494411,494886,NW_019862957.1_494411_494886
LOC112044157,NW_019862804.1,+,A3SS_short,0.000433051,0.295,660341,660779,NW_019862804.1_660341_660779
LOC112044157,NW_019862804.1,+,A3SS_short,0.001006402,-0.263,660384,660779,NW_019862804.1_660384_660779
LOC112044157,NW_019862804.1,+,A3SS_short,0.001006402,-0.258,660384,660779,NW_019862804.1_660384_660779
LOC112048234,NW_019862922.1,-,A3SS_short,2.98E-08,0.268,310813,311134,NW_019862922.1_310813_311134
LOC112044249,NW_019862805.1,-,A3SS_short,0.028527558,-0.031,1208191,1208584,NW_019862805.1_1208191_1208584
LOC112056072,NW_019863696.1,-,A3SS_short,2.39E-12,0.082,30771,31132,NW_019863696.1_30771_31132
LOC112053737,NW_019863277.1,+,A3SS_short,8.83E-05,0.102,27611,27998,NW_019863277.1_27611_27998
LOC112045726,NW_019862839.1,-,A3SS_short,0.037763993,0.118,807518,807886,NW_019862839.1_807518_807886
LOC112045728,NW_019862839.1,-,A3SS_short,0.002102902,0.067,860811,861283,NW_019862839.1_860811_861283
LOC112046576,NW_019862862.1,-,A3SS_short,0.010222531,0.11,451774,452081,NW_019862862.1_451774_452081
LOC112053537,NW_019863251.1,-,A3SS_short,0.002426154,0.068,168665,169095,NW_019863251.1_168665_169095
LOC112048081,NW_019862915.1,+,A3SS_short,0.028767077,0.185,679185,679483,NW_019862915.1_679185_679483
LOC112055427,NW_019863522.1,-,A3SS_short,1.25E-11,0.269,77250,77564,NW_019863522.1_77250_77564
LOC112048594,NW_019862936.1,-,A3SS_short,0.003704319,0.053,287088,287437,NW_019862936.1_287088_287437
LOC112047001,NW_019862880.1,+,A3SS_short,0.022587413,0.101,353659,353985,NW_019862880.1_353659_353985
LOC112054819,NW_019863418.1,-,A3SS_short,0.001811423,-0.101,68804,69126,NW_019863418.1_68804_69126
LOC112056170,NW_019863725.1,+,A3SS_short,0.044472572,-0.037,21345,21660,NW_019863725.1_21345_21660
LOC112046596,NW_019862863.1,+,A3SS_short,0.009080889,0.048,775530,775941,NW_019862863.1_775530_775941
LOC112053755,NW_019863279.1,+,A3SS_short,0.008075813,-0.206,84523,84849,NW_019863279.1_84523_84849
LOC112044923,NW_019862820.1,-,A3SS_short,0.027695563,0.105,917602,918010,NW_019862820.1_917602_918010
LOC112046888,NW_019862753.1,-,A3SS_short,4.07E-07,-0.025,1196881,1197264,NW_019862753.1_1196881_1197264
LOC112050527,NW_019863028.1,+,A3SS_short,0.016123108,-0.074,306826,307179,NW_019863028.1_306826_307179
LOC112053300,NW_019862759.1,-,A3SS_short,0.002509848,0.629,154917,155199,NW_019862759.1_154917_155199
LOC112048189,NW_019862920.1,-,A3SS_short,0.001006402,-0.095,604062,607838,NW_019862920.1_604062_607838
LOC112048189,NW_019862920.1,-,A3SS_short,0.031556895,-0.037,604062,607838,NW_019862920.1_604062_607838
LOC112049977,NW_019863000.1,-,A3SS_short,0.002439496,-0.249,326777,327022,NW_019863000.1_326777_327022
LOC112047975,NW_019862910.1,-,A3SS_short,0.000389731,-0.37,493248,493652,NW_019862910.1_493248_493652
LOC112047975,NW_019862910.1,-,A3SS_short,0.03205319,0.031,493248,493652,NW_019862910.1_493248_493652
LOC112042894,NW_019862781.1,+,A3SS_short,0.001881013,-0.186,934093,934413,NW_019862781.1_934093_934413
LOC112043807,NW_019862798.1,-,A3SS_short,2.64E-05,-0.036,1250729,1251316,NW_019862798.1_1250729_1251316
LOC112054180,NW_019863326.1,+,A3SS_short,0.029321964,-0.238,107727,108109,NW_019863326.1_107727_108109
LOC112048176,NW_019862919.1,-,A3SS_short,0.002837366,-0.037,102685,103074,NW_019862919.1_102685_103074
LOC112050384,NW_019862756.1,-,A3SS_short,0.035186878,0.102,1797902,1798249,NW_019862756.1_1797902_1798249
LOC112051165,NW_019863066.1,-,A3SS_short,8.83E-05,0.065,171466,172639,NW_019863066.1_171466_172639
LOC112049061,NW_019862957.1,+,A3SS_short,0.009379752,0.066,505697,506018,NW_019862957.1_505697_506018
LOC112044663,NW_019862815.1,+,A3SS_short,1.19E-05,0.13,1045878,1047513,NW_019862815.1_1045878_1047513
LOC112044438,NW_019862809.1,-,A3SS_short,0.001688961,-0.165,319640,319976,NW_019862809.1_319640_319976
LOC112049178,NW_019862962.1,-,A3SS_short,0.021297919,0.276,175010,175300,NW_019862962.1_175010_175300
LOC112051116,NW_019863064.1,+,A3SS_short,0.025157373,-0.286,291999,292335,NW_019863064.1_291999_292335
LOC112053695,NW_019863272.1,+,A3SS_short,0.041784782,-0.017,178231,178537,NW_019863272.1_178231_178537
LOC112053695,NW_019863272.1,+,A3SS_short,3.57E-07,-0.63,179923,180230,NW_019863272.1_179923_180230
LOC112051279,NW_019863071.1,-,A3SS_short,0.007138073,0.044,184036,184481,NW_019863071.1_184036_184481
LOC112051279,NW_019863071.1,-,A3SS_short,0.000492415,-0.096,189574,189833,NW_019863071.1_189574_189833
LOC112051279,NW_019863071.1,-,A3SS_short,0.020559537,-0.084,189574,189833,NW_019863071.1_189574_189833
LOC112053753,NW_019863278.1,+,A3SS_short,0.000373986,0.087,114996,115328,NW_019863278.1_114996_115328
LOC112053753,NW_019863278.1,+,A3SS_short,0.008075813,0.063,116783,117187,NW_019863278.1_116783_117187
LOC112053860,NW_019863289.1,+,A3SS_short,0.044481824,-0.169,168344,168764,NW_019863289.1_168344_168764
LOC112050411,NW_019863021.1,+,A3SS_short,0.048339002,-0.013,187158,187582,NW_019863021.1_187158_187582
LOC112043577,NW_019862792.1,+,A3SS_short,0.006285611,0.031,1093892,1094468,NW_019862792.1_1093892_1094468
LOC112053831,NW_019863286.1,+,A3SS_short,0.04873231,0.095,52518,52863,NW_019863286.1_52518_52863
LOC112046886,NW_019862874.1,+,A3SS_short,0.042923082,-0.033,133189,133466,NW_019862874.1_133189_133466
LOC112050193,NW_019862748.1,+,A3SS_short,0.000247762,0.096,352665,353027,NW_019862748.1_352665_353027
LOC112046088,NW_019862847.1,-,A3SS_short,0.025350899,-0.069,727435,727831,NW_019862847.1_727435_727831
LOC112042860,NW_019862780.1,+,A3SS_short,0.002426154,0.105,1009315,1009656,NW_019862780.1_1009315_1009656
LOC112051765,NW_019863101.1,+,A3SS_short,0,-0.033,245174,245702,NW_019863101.1_245174_245702
LOC112043412,NW_019862790.1,+,A3SS_short,0.01268785,0.322,179293,179615,NW_019862790.1_179293_179615
LOC112043412,NW_019862790.1,+,A3SS_short,0.011012852,0.324,179293,179615,NW_019862790.1_179293_179615
LOC112043412,NW_019862790.1,+,A3SS_short,3.82E-05,0.057,179293,179615,NW_019862790.1_179293_179615
LOC112045057,NW_019862823.1,+,A3SS_short,0.007815129,0.311,209266,209531,NW_019862823.1_209266_209531
LOC112045057,NW_019862823.1,+,A3SS_short,0.010353189,0.303,209266,209531,NW_019862823.1_209266_209531
LOC112045057,NW_019862823.1,+,A3SS_short,0.000789228,0.064,209266,209531,NW_019862823.1_209266_209531
LOC112053600,NW_019863259.1,+,A3SS_short,0.001006402,-0.375,231755,232087,NW_019863259.1_231755_232087
LOC112056528,NW_019863862.1,+,A3SS_short,0.005232251,0.048,72930,73250,NW_019863862.1_72930_73250
LOC112055665,NW_019863579.1,+,A3SS_short,0.000104346,0.035,167454,167872,NW_019863579.1_167454_167872
LOC112044799,NW_019862817.1,+,A3SS_short,0.004088654,-0.023,994840,995095,NW_019862817.1_994840_995095
LOC112045704,NW_019862838.1,+,A3SS_short,1.31E-06,-0.064,609815,610138,NW_019862838.1_609815_610138
LOC112043533,NW_019862792.1,-,A3SS_short,0.000301249,-0.2,40359,40889,NW_019862792.1_40359_40889
LOC112043533,NW_019862792.1,-,A3SS_short,0.000186701,-0.183,40359,40889,NW_019862792.1_40359_40889
LOC112043533,NW_019862792.1,-,A3SS_short,0.000168288,-0.182,40359,40889,NW_019862792.1_40359_40889
LOC112043533,NW_019862792.1,-,A3SS_short,0.00018331,-0.19,40359,40889,NW_019862792.1_40359_40889
LOC112043533,NW_019862792.1,-,A3SS_short,0.000308338,-0.22,40359,40889,NW_019862792.1_40359_40889
nbis-pseudo15,NW_019862809.1,-,A3SS_short,0.038947518,-0.108,1160473,1160812,NW_019862809.1_1160473_1160812
LOC112051728,NW_019863099.1,-,A3SS_short,1.57E-05,0.158,322711,323065,NW_019863099.1_322711_323065
LOC112053935,NW_019863297.1,-,A3SS_short,0.002794299,-0.135,153769,154083,NW_019863297.1_153769_154083
LOC112051535,NW_019863088.1,+,A3SS_short,0.004453448,-0.157,327236,327568,NW_019863088.1_327236_327568
LOC112051535,NW_019863088.1,+,A3SS_short,0,0.854,353901,354157,NW_019863088.1_353901_354157
LOC112052180,NW_019863132.1,-,A3SS_short,9.84E-06,0.024,285615,285983,NW_019863132.1_285615_285983
LOC112045794,NW_019862841.1,+,A3SS_short,0.005971353,0.16,353785,354164,NW_019862841.1_353785_354164
LOC112044496,NW_019862810.1,-,A3SS_short,0.026597101,0.088,847336,847654,NW_019862810.1_847336_847654
LOC112049626,NW_019862981.1,+,A3SS_short,0.000113295,0.019,66850,67372,NW_019862981.1_66850_67372
LOC112055306,NW_019862762.1,-,A3SS_short,1.20E-05,0.348,214016,214349,NW_019862762.1_214016_214349
LOC112055990,NW_019863676.1,+,A3SS_short,4.98E-07,-0.16,81280,81819,NW_019863676.1_81280_81819
LOC112047547,NW_019862896.1,+,A3SS_short,0.025305787,0.019,511986,512346,NW_019862896.1_511986_512346
LOC112049684,NW_019862984.1,-,A3SS_short,4.82E-07,-0.13,382170,382517,NW_019862984.1_382170_382517
LOC112049684,NW_019862984.1,-,A3SS_short,6.79E-07,-0.137,382170,382517,NW_019862984.1_382170_382517
LOC112044485,NW_019862810.1,+,A3SS_short,0.0039051,-0.026,148636,149138,NW_019862810.1_148636_149138
LOC112051407,NW_019863081.1,+,A3SS_short,1.28E-11,-0.815,12451,12779,NW_019863081.1_12451_12779
LOC112051407,NW_019863081.1,+,A3SS_short,0.008937584,0.234,12490,12779,NW_019863081.1_12490_12779
LOC112051407,NW_019863081.1,+,A3SS_short,7.23E-06,0.548,12490,12779,NW_019863081.1_12490_12779
LOC112051407,NW_019863081.1,+,A3SS_short,2.49E-07,0.272,12733,13083,NW_019863081.1_12733_13083
LOC112051407,NW_019863081.1,+,A3SS_short,0.008222337,-0.072,12733,13083,NW_019863081.1_12733_13083
LOC112051407,NW_019863081.1,+,A3SS_short,0.01870577,-0.451,12451,12779,NW_019863081.1_12451_12779
LOC112051407,NW_019863081.1,+,A3SS_short,0.000122354,0.311,12733,13083,NW_019863081.1_12733_13083
LOC112055826,NW_019863625.1,-,A3SS_short,0.028352367,0.001,36553,36919,NW_019863625.1_36553_36919
LOC112055826,NW_019863625.1,-,A3SS_short,0.03004518,0.002,36553,36919,NW_019863625.1_36553_36919
LOC112045121,NW_019862824.1,+,A3SS_short,0.002271917,0.169,499883,500192,NW_019862824.1_499883_500192
LOC112045121,NW_019862824.1,+,A3SS_short,0.00040336,0.044,499883,500192,NW_019862824.1_499883_500192
LOC112044894,NW_019862751.1,-,A3SS_short,0.024965298,0.09,1713508,1713919,NW_019862751.1_1713508_1713919
LOC112051144,NW_019863065.1,-,A3SS_short,2.70E-05,-0.121,237323,237695,NW_019863065.1_237323_237695
LOC112049404,NW_019862971.1,-,A3SS_short,9.54E-08,-0.392,703681,704025,NW_019862971.1_703681_704025
LOC112049404,NW_019862971.1,-,A3SS_short,1.59E-05,0.228,707245,707522,NW_019862971.1_707245_707522
LOC112048355,NW_019862754.1,-,A3SS_short,0.044395865,-0.052,2500300,2500614,NW_019862754.1_2500300_2500614
LOC112047899,NW_019862908.1,-,A3SS_short,0.045409587,-0.384,462996,463491,NW_019862908.1_462996_463491
LOC112047899,NW_019862908.1,-,A3SS_short,0.048339002,-0.391,462996,463491,NW_019862908.1_462996_463491
LOC112058369,NW_019862775.1,-,A3SS_short,0.000490738,0.18,1374728,1375021,NW_019862775.1_1374728_1375021
LOC112053443,NW_019862760.1,+,A3SS_short,1.64E-08,0.142,55370,55691,NW_019862760.1_55370_55691
LOC112053443,NW_019862760.1,+,A3SS_short,6.09E-06,0.28,55370,55691,NW_019862760.1_55370_55691
LOC112053443,NW_019862760.1,+,A3SS_short,0.010662562,0.319,55342,55690,NW_019862760.1_55342_55690
LOC112053443,NW_019862760.1,+,A3SS_short,0.000420181,0.366,55360,55690,NW_019862760.1_55360_55690
LOC112053443,NW_019862760.1,+,A3SS_short,0.000420181,0.366,55360,55690,NW_019862760.1_55360_55690
LOC112053443,NW_019862760.1,+,A3SS_short,0.000314992,0.386,55360,55690,NW_019862760.1_55360_55690
LOC112053443,NW_019862760.1,+,A3SS_short,0.003338286,0.352,55360,55690,NW_019862760.1_55360_55690
LOC112053443,NW_019862760.1,+,A3SS_short,0.000525776,0.381,55360,55690,NW_019862760.1_55360_55690
LOC112053443,NW_019862760.1,+,A3SS_short,0.003851604,0.354,55360,55690,NW_019862760.1_55360_55690
LOC112053443,NW_019862760.1,+,A3SS_short,0.000656506,0.357,55360,55690,NW_019862760.1_55360_55690
LOC112046897,NW_019862874.1,+,A3SS_short,0.048339002,0.05,776518,776903,NW_019862874.1_776518_776903
LOC112053078,NW_019863203.1,-,A3SS_short,0.000988701,0.278,264726,265088,NW_019863203.1_264726_265088
LOC112043411,NW_019862790.1,-,A3SS_short,0.008406924,-0.162,160605,160936,NW_019862790.1_160605_160936
LOC112043411,NW_019862790.1,-,A3SS_short,0.003275471,-0.041,160605,160936,NW_019862790.1_160605_160936
LOC112051763,NW_019863101.1,-,A3SS_short,1.80E-06,-0.582,219284,219663,NW_019863101.1_219284_219663
LOC112046887,NW_019862874.1,-,A3SS_short,0.003254517,-0.098,19301,19836,NW_019862874.1_19301_19836
LOC112046887,NW_019862874.1,-,A3SS_short,0.003171089,-0.088,19301,19836,NW_019862874.1_19301_19836
LOC112046887,NW_019862874.1,-,A3SS_short,0.001934616,-0.188,19301,19855,NW_019862874.1_19301_19855
LOC112046887,NW_019862874.1,-,A3SS_short,0.001354264,-0.115,19470,19836,NW_019862874.1_19470_19836
LOC112046887,NW_019862874.1,-,A3SS_short,0.003149685,-0.14,19470,19855,NW_019862874.1_19470_19855
LOC112046887,NW_019862874.1,-,A3SS_short,0.034019445,-0.089,19470,19858,NW_019862874.1_19470_19858
LOC112046887,NW_019862874.1,-,A3SS_short,0.028767077,0.304,20875,21197,NW_019862874.1_20875_21197
LOC112054387,NW_019863353.1,+,A3SS_short,0.003537266,-0.314,32900,33217,NW_019863353.1_32900_33217
LOC112046971,NW_019862879.1,-,A3SS_short,0.007743905,-0.12,735002,735314,NW_019862879.1_735002_735314
LOC112043311,NW_019862788.1,-,A3SS_short,0.043748287,-0.032,697978,698586,NW_019862788.1_697978_698586
LOC112043806,NW_019862798.1,-,A3SS_short,0.031646965,0.217,772747,773211,NW_019862798.1_772747_773211
LOC112048536,NW_019862934.1,-,A3SS_short,0.003149685,-0.035,312033,312356,NW_019862934.1_312033_312356
LOC112056453,NW_019863828.1,+,A3SS_short,0.000364924,-0.173,19306,19633,NW_019863828.1_19306_19633
LOC112047241,NW_019862885.1,+,A3SS_short,0.044984178,-0.025,543056,543465,NW_019862885.1_543056_543465
LOC112053680,NW_019863271.1,-,A3SS_short,0.038100085,-0.054,112813,113146,NW_019863271.1_112813_113146
LOC112058550,NW_019862778.1,-,A3SS_short,6.38E-11,-0.049,1102864,1103181,NW_019862778.1_1102864_1103181
LOC112058550,NW_019862778.1,-,A3SS_short,0,-0.331,1102864,1103181,NW_019862778.1_1102864_1103181
LOC112058550,NW_019862778.1,-,A3SS_short,7.11E-11,-0.048,1102864,1103181,NW_019862778.1_1102864_1103181
LOC112043455,NW_019862750.1,+,A3SS_short,0.000156727,-0.039,235280,235746,NW_019862750.1_235280_235746
LOC112056720,NW_019863955.1,+,A3SS_short,0.013365535,0.056,10192,10476,NW_019863955.1_10192_10476
LOC112052801,NW_019863177.1,+,A3SS_short,0.04181358,-0.106,207494,207759,NW_019863177.1_207494_207759
LOC112052801,NW_019863177.1,+,A3SS_short,0.043142412,-0.111,207494,207759,NW_019863177.1_207494_207759
LOC112051523,NW_019863087.1,+,A3SS_short,0.008492618,0.011,159575,159949,NW_019863087.1_159575_159949
LOC112051523,NW_019863087.1,+,A3SS_short,1.76E-09,-0.137,179358,179686,NW_019863087.1_179358_179686
LOC112051523,NW_019863087.1,+,A3SS_short,0.000296564,-0.017,179382,179686,NW_019863087.1_179382_179686
LOC112051523,NW_019863087.1,+,A3SS_short,7.51E-06,-0.014,179909,180242,NW_019863087.1_179909_180242
LOC112049703,NW_019862985.1,+,A3SS_short,0.006094162,0.026,426449,426824,NW_019862985.1_426449_426824
LOC112049703,NW_019862985.1,+,A3SS_short,0.009285194,0.057,426449,426824,NW_019862985.1_426449_426824
LOC112049407,NW_019862971.1,+,A3SS_short,0.000268531,0.108,147796,148155,NW_019862971.1_147796_148155
LOC112054868,NW_019863427.1,-,A3SS_short,0.019498758,0.015,92276,92653,NW_019863427.1_92276_92653
LOC112048857,NW_019862948.1,+,A3SS_short,0.004302893,0.072,354007,354290,NW_019862948.1_354007_354290
LOC112048857,NW_019862948.1,+,A3SS_short,0.004189364,0.068,354007,354290,NW_019862948.1_354007_354290
LOC112044006,NW_019862750.1,-,A3SS_short,0.044154786,-0.043,2057797,2058132,NW_019862750.1_2057797_2058132
LOC112053596,NW_019863259.1,+,A3SS_short,2.02E-08,0.192,301147,301435,NW_019863259.1_301147_301435
LOC112052331,NW_019862759.1,-,A3SS_short,6.97E-11,0.34,893796,894058,NW_019862759.1_893796_894058
LOC112047449,NW_019862893.1,-,A3SS_short,6.75E-05,0.251,411981,412274,NW_019862893.1_411981_412274
LOC112058374,NW_019862775.1,+,A3SS_short,0.039688183,-0.025,1561321,1561676,NW_019862775.1_1561321_1561676
LOC112044138,NW_019862804.1,+,A3SS_short,0.002180106,-0.29,40124,40370,NW_019862804.1_40124_40370
LOC112046894,NW_019862874.1,+,A3SS_short,0.03050593,0.087,277963,278285,NW_019862874.1_277963_278285
LOC112046894,NW_019862874.1,+,A3SS_short,0.03004518,0.087,277963,278285,NW_019862874.1_277963_278285
LOC112046894,NW_019862874.1,+,A3SS_short,0,-0.06,318054,318374,NW_019862874.1_318054_318374
LOC112043339,NW_019862788.1,-,A3SS_short,1.83E-07,0.17,1275910,1276205,NW_019862788.1_1275910_1276205
LOC112043339,NW_019862788.1,-,A3SS_short,0,0.355,1275910,1276205,NW_019862788.1_1275910_1276205
LOC112056362,NW_019863789.1,+,A3SS_short,0.002191139,-0.047,40710,41135,NW_019863789.1_40710_41135
LOC112046036,NW_019862846.1,-,A3SS_short,0.000160287,0.327,631277,631608,NW_019862846.1_631277_631608
LOC112046036,NW_019862846.1,-,A3SS_short,1.87E-05,0.343,631277,631608,NW_019862846.1_631277_631608
LOC112045818,NW_019862841.1,-,A3SS_short,2.60E-05,-0.045,823760,824292,NW_019862841.1_823760_824292
LOC112045818,NW_019862841.1,-,A3SS_short,0.000169725,-0.154,823760,824292,NW_019862841.1_823760_824292
LOC112046143,NW_019862849.1,+,A3SS_short,1.13E-09,0.052,172655,173033,NW_019862849.1_172655_173033
LOC112048398,NW_019862929.1,+,A3SS_short,0.008075813,0.078,270034,270252,NW_019862929.1_270034_270252
LOC112056552,NW_019863878.1,-,A3SS_short,5.29E-06,0.043,22156,22620,NW_019863878.1_22156_22620
LOC112049503,NW_019862976.1,-,A3SS_short,0,-0.087,435331,435602,NW_019862976.1_435331_435602
LOC112049503,NW_019862976.1,-,A3SS_short,0,0.036,435331,435602,NW_019862976.1_435331_435602
LOC112045949,NW_019862844.1,+,A3SS_short,0.000101414,0.069,544815,545137,NW_019862844.1_544815_545137
LOC112054025,NW_019863307.1,+,A3SS_short,0.001412549,-0.174,124820,125103,NW_019863307.1_124820_125103
LOC112049025,NW_019862955.1,-,A3SS_short,8.54E-06,0.033,555241,555537,NW_019862955.1_555241_555537
LOC112052126,NW_019863128.1,+,A3SS_short,1.15E-09,0.088,165607,165962,NW_019863128.1_165607_165962
LOC112058604,NW_019862778.1,+,A3SS_short,0.000472816,0.094,1081228,1081587,NW_019862778.1_1081228_1081587
LOC112052655,NW_019863167.1,+,A3SS_short,0,0.391,208893,209190,NW_019863167.1_208893_209190
LOC112052655,NW_019863167.1,+,A3SS_short,0,0.197,208893,209190,NW_019863167.1_208893_209190
LOC112052655,NW_019863167.1,+,A3SS_short,0,0.205,208893,209190,NW_019863167.1_208893_209190
LOC112052655,NW_019863167.1,+,A3SS_short,0,0.209,208893,209190,NW_019863167.1_208893_209190
LOC112052655,NW_019863167.1,+,A3SS_short,0,0.236,208893,209190,NW_019863167.1_208893_209190
LOC112052655,NW_019863167.1,+,A3SS_short,0,0.131,208893,209190,NW_019863167.1_208893_209190
LOC112050902,NW_019863049.1,-,A3SS_short,0.020399496,0.022,48831,49151,NW_019863049.1_48831_49151
LOC112056457,NW_019863828.1,-,A3SS_short,3.62E-06,0.037,31282,31728,NW_019863828.1_31282_31728
LOC112056457,NW_019863828.1,-,A3SS_short,3.95E-05,0.028,31282,31728,NW_019863828.1_31282_31728
LOC112056457,NW_019863828.1,-,A3SS_short,0.000104689,0.026,31282,31728,NW_019863828.1_31282_31728
LOC112056457,NW_019863828.1,-,A3SS_short,0.043655468,0.018,31282,31728,NW_019863828.1_31282_31728
LOC112056457,NW_019863828.1,-,A3SS_short,0.004507252,0.028,31282,31749,NW_019863828.1_31282_31749
LOC112056457,NW_019863828.1,-,A3SS_short,0.013177824,0.026,31282,31749,NW_019863828.1_31282_31749
LOC112056276,NW_019863755.1,-,A3SS_short,0.000501862,0.207,61733,62122,NW_019863755.1_61733_62122
LOC112052563,NW_019863158.1,+,A3SS_short,0.048339002,-0.126,231201,231504,NW_019863158.1_231201_231504
LOC112044157,NW_019862804.1,+,A3SS_short,0.001769419,0.194,660341,660779,NW_019862804.1_660341_660779
LOC112044157,NW_019862804.1,+,A3SS_short,0.001938987,0.19,660341,660779,NW_019862804.1_660341_660779
LOC112044157,NW_019862804.1,+,A3SS_short,0.000988701,0.233,660341,660779,NW_019862804.1_660341_660779
LOC112044157,NW_019862804.1,+,A3SS_short,2.41E-05,-0.458,660406,660779,NW_019862804.1_660406_660779
LOC112044157,NW_019862804.1,+,A3SS_short,0.006520934,-0.092,660406,660779,NW_019862804.1_660406_660779
LOC112044157,NW_019862804.1,+,A3SS_short,0.009305478,-0.14,660384,660779,NW_019862804.1_660384_660779
LOC112046979,NW_019862879.1,+,A3SS_short,0.041608599,0.164,108199,108531,NW_019862879.1_108199_108531
LOC112054313,NW_019863342.1,+,A3SS_short,0.000652761,0.043,125618,125986,NW_019863342.1_125618_125986
LOC112049969,NW_019862756.1,+,A3SS_short,0.041355089,0.011,700075,700466,NW_019862756.1_700075_700466
LOC112046711,NW_019862869.1,-,A3SS_short,0.004799643,0.032,185257,185674,NW_019862869.1_185257_185674
LOC112053231,NW_019863219.1,-,A3SS_short,0.009298151,0.063,69013,69466,NW_019863219.1_69013_69466
LOC112053291,NW_019863225.1,-,A3SS_short,2.17E-10,-0.112,122276,122601,NW_019863225.1_122276_122601
LOC112056216,NW_019863736.1,+,A3SS_short,0.016098921,0.042,74271,74586,NW_019863736.1_74271_74586
LOC112057756,NW_019862766.1,-,A3SS_short,0.025525143,0.007,160503,160960,NW_019862766.1_160503_160960
nbis-pseudo177,NW_019862773.1,-,A3SS_short,0.003149685,0.036,709108,709502,NW_019862773.1_709108_709502
LOC112050718,NW_019863039.1,+,A3SS_short,0.009285194,0.044,180671,180972,NW_019863039.1_180671_180972
LOC112052775,NW_019863175.1,+,A3SS_short,0.027502897,0.033,3072,3300,NW_019863175.1_3072_3300
LOC112056069,NW_019863696.1,-,A3SS_short,0.002416544,0.051,72507,72866,NW_019863696.1_72507_72866
LOC112047485,NW_019862894.1,-,A3SS_short,2.60E-10,-0.134,901513,901762,NW_019862894.1_901513_901762
LOC112058097,NW_019862771.1,+,A3SS_short,0.010662562,0.017,1758018,1758271,NW_019862771.1_1758018_1758271
LOC112045726,NW_019862839.1,-,A3SS_short,0.003617845,0.088,807386,807886,NW_019862839.1_807386_807886
LOC112045728,NW_019862839.1,-,A3SS_short,0.020696654,0.322,860811,861283,NW_019862839.1_860811_861283
LOC112045728,NW_019862839.1,-,A3SS_short,0.027483775,0.336,860811,861283,NW_019862839.1_860811_861283
LOC112043682,NW_019862794.1,+,A3SS_short,0,0.248,1405422,1405802,NW_019862794.1_1405422_1405802
LOC112043682,NW_019862794.1,+,A3SS_short,0.006014828,-0.022,1405424,1405802,NW_019862794.1_1405424_1405802
LOC112050705,NW_019863039.1,+,A3SS_short,0.018859612,0.064,248745,249017,NW_019863039.1_248745_249017
LOC112050705,NW_019863039.1,+,A3SS_short,0.024163166,0.079,248745,249017,NW_019863039.1_248745_249017
LOC112046213,NW_019862850.1,+,A3SS_short,0.042645421,0.053,510957,511449,NW_019862850.1_510957_511449
LOC112056791,NW_019862764.1,-,A3SS_short,0.001354264,-0.166,142245,142628,NW_019862764.1_142245_142628
LOC112052747,NW_019862759.1,-,A3SS_short,0.012568074,0.022,617650,618135,NW_019862759.1_617650_618135
LOC112052598,NW_019863161.1,-,A3SS_short,0.016123108,0.043,208139,208518,NW_019863161.1_208139_208518
LOC112053936,NW_019863297.1,-,A3SS_short,0.004088654,-0.051,124327,124696,NW_019863297.1_124327_124696
LOC112053936,NW_019863297.1,-,A3SS_short,0.000449591,-0.415,124327,124720,NW_019863297.1_124327_124720
LOC112053936,NW_019863297.1,-,A3SS_short,7.91E-05,0.582,124327,124731,NW_019863297.1_124327_124731
LOC112053936,NW_019863297.1,-,A3SS_short,0.001994023,0.046,124327,124731,NW_019863297.1_124327_124731
LOC112057725,NW_019862765.1,-,A3SS_short,0.000314992,0.136,1961438,1961722,NW_019862765.1_1961438_1961722
LOC112048716,NW_019862941.1,+,A3SS_short,0.009124174,-0.025,218401,218966,NW_019862941.1_218401_218966
LOC112055427,NW_019863522.1,-,A3SS_short,6.63E-11,0.08,77250,77564,NW_019863522.1_77250_77564
LOC112050223,NW_019863013.1,-,A3SS_short,0.043370746,-0.25,237116,237413,NW_019863013.1_237116_237413
LOC112051953,NW_019863115.1,+,A3SS_short,0.008075813,0.26,174237,174549,NW_019863115.1_174237_174549
LOC112053895,NW_019863292.1,-,A3SS_short,2.00E-05,0.036,35429,35734,NW_019863292.1_35429_35734
LOC112053895,NW_019863292.1,-,A3SS_short,0.008075813,-0.066,35801,36070,NW_019863292.1_35801_36070
LOC112053895,NW_019863292.1,-,A3SS_short,2.01E-05,-0.078,35801,36070,NW_019863292.1_35801_36070
LOC112058419,NW_019862776.1,-,A3SS_short,0.002180106,0.396,787532,787862,NW_019862776.1_787532_787862
LOC112058419,NW_019862776.1,-,A3SS_short,0.003047818,0.249,787532,787862,NW_019862776.1_787532_787862
LOC112052373,NW_019862759.1,+,A3SS_short,6.90E-08,0.053,2029707,2029973,NW_019862759.1_2029707_2029973
LOC112045707,NW_019862838.1,+,A3SS_short,2.26E-13,-0.041,165042,165322,NW_019862838.1_165042_165322
LOC112046714,NW_019862869.1,-,A3SS_short,4.86E-05,0.025,203820,204218,NW_019862869.1_203820_204218
LOC112046714,NW_019862869.1,-,A3SS_short,0.006094162,0.019,203820,204221,NW_019862869.1_203820_204221
LOC112051050,NW_019862757.1,-,A3SS_short,0.019498758,0.057,526015,526321,NW_019862757.1_526015_526321
LOC112042907,NW_019862781.1,+,A3SS_short,2.32E-08,0.09,1658049,1658330,NW_019862781.1_1658049_1658330
LOC112052396,NW_019863145.1,-,A3SS_short,2.02E-08,0.479,117120,117503,NW_019863145.1_117120_117503
LOC112047793,NW_019862904.1,-,A3SS_short,0,0.151,1352514,1352998,NW_019862904.1_1352514_1352998
LOC112047355,NW_019862890.1,-,A3SS_short,0.001500381,0.086,329961,330349,NW_019862890.1_329961_330349
LOC112053872,NW_019863290.1,+,A3SS_short,0.02626306,-0.069,141990,142340,NW_019863290.1_141990_142340
LOC112056026,NW_019863687.1,+,A3SS_short,0.004346388,-0.235,55568,55846,NW_019863687.1_55568_55846
LOC112052571,NW_019863159.1,-,A3SS_short,0.038947518,0,41304,41558,NW_019863159.1_41304_41558
LOC112044923,NW_019862820.1,-,A3SS_short,0.007875793,0.048,917602,918010,NW_019862820.1_917602_918010
LOC112044923,NW_019862820.1,-,A3SS_short,0.003609815,0.037,917602,918010,NW_019862820.1_917602_918010
LOC112044923,NW_019862820.1,-,A3SS_short,0.002794299,0.019,925571,925898,NW_019862820.1_925571_925898
LOC112044923,NW_019862820.1,-,A3SS_short,0.004088654,0.018,925571,925898,NW_019862820.1_925571_925898
LOC112058060,NW_019862749.1,-,A3SS_short,0.016786493,-0.11,2309724,2310071,NW_019862749.1_2309724_2310071
LOC112047055,NW_019862753.1,-,A3SS_short,0.006074295,-0.035,1461301,1461555,NW_019862753.1_1461301_1461555
LOC112047055,NW_019862753.1,-,A3SS_short,0.010130765,-0.035,1461301,1461555,NW_019862753.1_1461301_1461555
LOC112048221,NW_019862921.1,+,A3SS_short,0.000117223,0.03,362552,362870,NW_019862921.1_362552_362870
LOC112048221,NW_019862921.1,+,A3SS_short,2.51E-05,0.015,362560,362870,NW_019862921.1_362560_362870
LOC112044274,NW_019862806.1,+,A3SS_short,0.00697675,0.33,617749,618001,NW_019862806.1_617749_618001
LOC112044274,NW_019862806.1,+,A3SS_short,0.004346388,0.141,617749,618001,NW_019862806.1_617749_618001
LOC112045656,NW_019862837.1,+,A3SS_short,0.011996233,0.021,382613,382962,NW_019862837.1_382613_382962
LOC112050527,NW_019863028.1,+,A3SS_short,0.030979422,-0.091,306826,307179,NW_019863028.1_306826_307179
LOC112050527,NW_019863028.1,+,A3SS_short,0.004203921,-0.17,306826,307179,NW_019863028.1_306826_307179
LOC112055175,NW_019863471.1,-,A3SS_short,0.000163992,0.542,135000,135485,NW_019863471.1_135000_135485
LOC112055175,NW_019863471.1,-,A3SS_short,1.48E-06,0.04,138467,138827,NW_019863471.1_138467_138827
LOC112055175,NW_019863471.1,-,A3SS_short,2.32E-08,0.057,138467,138827,NW_019863471.1_138467_138827
LOC112051503,NW_019863086.1,-,A3SS_short,0.000114171,0.127,306460,306793,NW_019863086.1_306460_306793
LOC112051503,NW_019863086.1,-,A3SS_short,4.63E-06,0.533,306460,306793,NW_019863086.1_306460_306793
LOC112051503,NW_019863086.1,-,A3SS_short,6.39E-05,0.445,306460,306793,NW_019863086.1_306460_306793
LOC112053300,NW_019862759.1,-,A3SS_short,0.011809386,0.649,154917,155199,NW_019862759.1_154917_155199
LOC112043155,NW_019862786.1,+,A3SS_short,0.036453464,0.063,960160,960509,NW_019862786.1_960160_960509
LOC112048189,NW_019862920.1,-,A3SS_short,0.005210602,0.067,607983,608526,NW_019862920.1_607983_608526
LOC112048189,NW_019862920.1,-,A3SS_short,0.000329792,0.102,613792,614277,NW_019862920.1_613792_614277
LOC112051828,NW_019863106.1,+,A3SS_short,0.044692695,-0.052,254880,255126,NW_019863106.1_254880_255126
LOC112051828,NW_019863106.1,+,A3SS_short,0.044692695,-0.052,254880,255126,NW_019863106.1_254880_255126
LOC112051828,NW_019863106.1,+,A3SS_short,0.044445666,-0.05,254880,255126,NW_019863106.1_254880_255126
LOC112048147,NW_019862918.1,+,A3SS_short,0.000138138,0.02,152238,152557,NW_019862918.1_152238_152557
LOC112049977,NW_019863000.1,-,A3SS_short,1.89E-05,-0.562,326777,327022,NW_019863000.1_326777_327022
LOC112054339,NW_019863347.1,-,A3SS_short,0.008075813,0.081,114894,115197,NW_019863347.1_114894_115197
LOC112047975,NW_019862910.1,-,A3SS_short,0.023923867,0.047,493248,493649,NW_019862910.1_493248_493649
LOC112047975,NW_019862910.1,-,A3SS_short,0.001070996,0.122,493248,493652,NW_019862910.1_493248_493652
LOC112058335,NW_019862774.1,-,A3SS_short,0.002180106,-0.051,680023,680519,NW_019862774.1_680023_680519
LOC112058335,NW_019862774.1,-,A3SS_short,0.002421154,-0.064,680023,680519,NW_019862774.1_680023_680519
LOC112048291,NW_019862924.1,-,A3SS_short,0,0.563,328015,328270,NW_019862924.1_328015_328270
LOC112048291,NW_019862924.1,-,A3SS_short,0,0.688,328015,328270,NW_019862924.1_328015_328270
LOC112048291,NW_019862924.1,-,A3SS_short,0,0.554,328015,328270,NW_019862924.1_328015_328270
LOC112042894,NW_019862781.1,+,A3SS_short,0.040705246,0.028,965523,965993,NW_019862781.1_965523_965993
LOC112052026,NW_019863119.1,+,A3SS_short,0.013365535,-0.198,261768,262045,NW_019863119.1_261768_262045
LOC112052026,NW_019863119.1,+,A3SS_short,1.14E-08,-0.013,265354,265701,NW_019863119.1_265354_265701
LOC112050069,NW_019863004.1,-,A3SS_short,0.000396038,0.081,134610,134935,NW_019863004.1_134610_134935
LOC112048956,NW_019862953.1,+,A3SS_short,2.28E-06,0.074,429637,430040,NW_019862953.1_429637_430040
LOC112048770,NW_019862944.1,-,A3SS_short,0.020444454,-0.022,538544,539099,NW_019862944.1_538544_539099
LOC112044702,NW_019862816.1,-,A3SS_short,0.022587413,0.025,389060,389426,NW_019862816.1_389060_389426
LOC112043927,NW_019862800.1,-,A3SS_short,0.003617845,0.152,563616,564155,NW_019862800.1_563616_564155
LOC112051627,NW_019863091.1,+,A3SS_short,0.002654632,-0.189,25911,26251,NW_019863091.1_25911_26251
LOC112051443,NW_019863083.1,+,A3SS_short,0.006278993,0.032,283501,283872,NW_019863083.1_283501_283872
LOC112051453,NW_019863083.1,-,A3SS_short,0.011311992,0.01,355565,356072,NW_019863083.1_355565_356072
LOC112051453,NW_019863083.1,-,A3SS_short,5.99E-10,0.134,355566,356077,NW_019863083.1_355566_356077
LOC112048138,NW_019862918.1,+,A3SS_short,9.90E-08,-0.647,441887,442199,NW_019862918.1_441887_442199
LOC112049719,NW_019862756.1,+,A3SS_short,0.01946696,0.065,220950,221283,NW_019862756.1_220950_221283
LOC112049719,NW_019862756.1,+,A3SS_short,0.019498758,0.065,220950,221283,NW_019862756.1_220950_221283
LOC112050679,NW_019862756.1,-,A3SS_short,0.046103174,-0.175,1847287,1847626,NW_019862756.1_1847287_1847626
LOC112044346,NW_019862807.1,-,A3SS_short,0.00709547,0.062,123093,123455,NW_019862807.1_123093_123455
LOC112049145,NW_019862961.1,-,A3SS_short,0,0.025,296457,296776,NW_019862961.1_296457_296776
LOC112049145,NW_019862961.1,-,A3SS_short,0,0.023,296457,296776,NW_019862961.1_296457_296776
LOC112049145,NW_019862961.1,-,A3SS_short,0.005608674,-0.016,298596,299026,NW_019862961.1_298596_299026
LOC112056415,NW_019863806.1,+,A3SS_short,0.028352367,0.039,15966,16393,NW_019863806.1_15966_16393
LOC112045047,NW_019862822.1,-,A3SS_short,1.45E-05,-0.036,67402,68024,NW_019862822.1_67402_68024
LOC112047386,NW_019862891.1,-,A3SS_short,0.024609394,-0.13,370125,370567,NW_019862891.1_370125_370567
LOC112050806,NW_019863043.1,-,A3SS_short,0.035159801,-0.034,427214,427476,NW_019863043.1_427214_427476
LOC112046562,NW_019862861.1,-,A3SS_short,0.004088654,-0.015,96891,97247,NW_019862861.1_96891_97247
LOC112046282,NW_019862853.1,+,A3SS_short,1.41E-12,-0.474,25381,25865,NW_019862853.1_25381_25865
LOC112050200,NW_019863012.1,+,A3SS_short,0.001497081,-0.077,435487,435952,NW_019863012.1_435487_435952
LOC112050218,NW_019863013.1,+,A3SS_short,0.038947518,-0.261,84297,84509,NW_019863013.1_84297_84509
LOC112046724,NW_019862869.1,-,A3SS_short,0.02416206,0.028,653723,654023,NW_019862869.1_653723_654023
LOC112048938,NW_019862952.1,+,A3SS_short,1.16E-07,0.421,255030,255322,NW_019862952.1_255030_255322
LOC112048203,NW_019862921.1,+,A3SS_short,0.001270841,0.147,469947,470224,NW_019862921.1_469947_470224
LOC112057230,NW_019864585.1,+,A3SS_short,0.006535926,-0.043,4554,4832,NW_019864585.1_4554_4832
LOC112057230,NW_019864585.1,+,A3SS_short,0.002180106,-0.082,4554,4832,NW_019864585.1_4554_4832
LOC112054515,NW_019862761.1,+,A3SS_short,0.002524988,0.016,1226632,1227028,NW_019862761.1_1226632_1227028
LOC112046556,NW_019862861.1,-,A3SS_short,1.39E-05,0.054,204506,204762,NW_019862861.1_204506_204762
LOC112045690,NW_019862838.1,-,A3SS_short,0.012279536,0.04,471004,471362,NW_019862838.1_471004_471362
LOC112047321,NW_019862887.1,-,A3SS_short,7.28E-11,0.057,445566,445992,NW_019862887.1_445566_445992
LOC112051236,NW_019863069.1,+,A3SS_short,1.66E-10,-0.038,317900,318260,NW_019863069.1_317900_318260
LOC112049111,NW_019862959.1,+,A3SS_short,0.042740532,-0.102,428070,428493,NW_019862959.1_428070_428493
LOC112051554,NW_019863089.1,+,A3SS_short,0.001023181,0.323,71501,71891,NW_019863089.1_71501_71891
LOC112043609,NW_019862793.1,+,A5SS_long,3.55E-05,-0.419,192055,192400,NW_019862793.1_192055_192400
LOC112045908,NW_019862843.1,-,A5SS_long,9.28E-07,-0.402,326037,326545,NW_019862843.1_326037_326545
LOC112043976,NW_019862750.1,-,A5SS_long,0.009271632,-0.169,2036819,2037130,NW_019862750.1_2036819_2037130
LOC112043976,NW_019862750.1,-,A5SS_long,0.000818768,-0.15,2040986,2041514,NW_019862750.1_2040986_2041514
LOC112058428,NW_019862776.1,-,A5SS_long,3.29E-06,0.169,1076732,1077049,NW_019862776.1_1076732_1077049
LOC112053935,NW_019863297.1,-,A5SS_long,1.60E-06,-0.199,156777,157309,NW_019863297.1_156777_157309
LOC112043322,NW_019862788.1,+,A5SS_long,5.66E-05,0.526,1045060,1045423,NW_019862788.1_1045060_1045423
LOC112058000,NW_019862770.1,-,A5SS_long,0,-0.239,1446834,1447272,NW_019862770.1_1446834_1447272
LOC112043800,NW_019862798.1,+,A5SS_long,0.006146178,0.104,489067,489424,NW_019862798.1_489067_489424
LOC112045428,NW_019862831.1,-,A5SS_long,0,0.308,414263,414706,NW_019862831.1_414263_414706
LOC112052580,NW_019863160.1,-,A5SS_long,0.010427193,-0.207,115597,116052,NW_019863160.1_115597_116052
LOC112057845,NW_019862767.1,-,A5SS_long,0.035222113,0.081,1652755,1653134,NW_019862767.1_1652755_1653134
LOC112053443,NW_019862760.1,+,A5SS_long,0.000127007,-0.206,35967,36351,NW_019862760.1_35967_36351
LOC112048373,NW_019862927.1,+,A5SS_long,8.20E-14,-0.223,49533,49898,NW_019862927.1_49533_49898
LOC112048826,NW_019862946.1,+,A5SS_long,0.00037195,-0.183,511163,511909,NW_019862946.1_511163_511909
LOC112048826,NW_019862946.1,+,A5SS_long,0.039568933,-0.17,511163,511933,NW_019862946.1_511163_511933
LOC112048826,NW_019862946.1,+,A5SS_long,0.001126234,0.27,511163,511933,NW_019862946.1_511163_511933
LOC112048826,NW_019862946.1,+,A5SS_long,1.02E-09,-0.339,511163,511909,NW_019862946.1_511163_511909
LOC112048826,NW_019862946.1,+,A5SS_long,6.58E-12,-0.4,511163,511933,NW_019862946.1_511163_511933
LOC112049906,NW_019862997.1,+,A5SS_long,2.38E-10,0.171,261256,261590,NW_019862997.1_261256_261590
LOC112052054,NW_019862758.1,+,A5SS_long,0.008946803,0.293,2284972,2285391,NW_019862758.1_2284972_2285391
LOC112057979,NW_019862770.1,-,A5SS_long,2.06E-08,-0.425,890497,890840,NW_019862770.1_890497_890840
LOC112043669,NW_019862794.1,-,A5SS_long,0.005509624,0.197,1095197,1096016,NW_019862794.1_1095197_1096016
LOC112055898,NW_019863653.1,+,A5SS_long,0.046763993,0.101,26857,27459,NW_019863653.1_26857_27459
LOC112055522,NW_019863545.1,+,A5SS_long,0.006326211,-0.049,39243,39583,NW_019863545.1_39243_39583
LOC112050198,NW_019863012.1,-,A5SS_long,0.043055551,0.136,245995,247309,NW_019863012.1_245995_247309
LOC112046842,NW_019862873.1,+,A5SS_long,0.000118313,0.052,568479,569137,NW_019862873.1_568479_569137
LOC112054593,NW_019863380.1,+,A5SS_long,0.000986091,0.482,160137,160824,NW_019863380.1_160137_160824
LOC112042935,NW_019862782.1,-,A5SS_long,0,-0.563,1155888,1157414,NW_019862782.1_1155888_1157414
LOC112051468,NW_019863084.1,+,A5SS_long,7.23E-07,0.145,86808,87188,NW_019863084.1_86808_87188
LOC112050048,NW_019863003.1,-,A5SS_long,0.00151847,-0.144,396206,396969,NW_019863003.1_396206_396969
LOC112053562,NW_019863253.1,+,A5SS_long,1.81E-06,-0.087,175457,175826,NW_019863253.1_175457_175826
LOC112043803,NW_019862798.1,-,A5SS_long,6.48E-06,-0.053,607768,608125,NW_019862798.1_607768_608125
LOC112048035,NW_019862913.1,-,A5SS_long,0.009844822,-0.042,280327,280698,NW_019862913.1_280327_280698
LOC112044157,NW_019862804.1,+,A5SS_long,0.000247463,-0.55,658281,658594,NW_019862804.1_658281_658594
LOC112046777,NW_019862870.1,-,A5SS_long,1.58E-06,-0.279,658013,658515,NW_019862870.1_658013_658515
LOC112054531,NW_019863370.1,+,A5SS_long,0.033818173,-0.282,12824,13431,NW_019863370.1_12824_13431
LOC112055061,NW_019863453.1,-,A5SS_long,0.000266593,0.043,99906,100497,NW_019863453.1_99906_100497
LOC112055061,NW_019863453.1,-,A5SS_long,2.59E-07,0.108,102791,103402,NW_019863453.1_102791_103402
LOC112046519,NW_019862860.1,+,A5SS_long,0.001427448,0.513,866794,867204,NW_019862860.1_866794_867204
LOC112055968,NW_019863669.1,-,A5SS_long,0.00017808,-0.049,17012,17358,NW_019863669.1_17012_17358
LOC112055201,NW_019863475.1,-,A5SS_long,4.07E-06,0.101,91487,91800,NW_019863475.1_91487_91800
LOC112048434,NW_019862930.1,+,A5SS_long,0.000114361,-0.173,451550,451893,NW_019862930.1_451550_451893
LOC112044854,NW_019862818.1,-,A5SS_long,7.14E-13,0.422,183385,183749,NW_019862818.1_183385_183749
LOC112047654,NW_019862900.1,+,A5SS_long,4.24E-05,0.098,649045,649415,NW_019862900.1_649045_649415
LOC112054869,NW_019863427.1,-,A5SS_long,0.002243337,-0.082,60076,60461,NW_019863427.1_60076_60461
LOC112044442,NW_019862809.1,+,A5SS_long,0.000151265,0.06,819790,820115,NW_019862809.1_819790_820115
LOC112048594,NW_019862936.1,-,A5SS_long,0.009474315,0.069,293918,294247,NW_019862936.1_293918_294247
LOC112047001,NW_019862880.1,+,A5SS_long,3.78E-06,-0.205,349710,350034,NW_019862880.1_349710_350034
LOC112047001,NW_019862880.1,+,A5SS_long,0.017454257,-0.235,349710,350034,NW_019862880.1_349710_350034
LOC112046045,NW_019862846.1,-,A5SS_long,0.039135843,0.141,975765,976122,NW_019862846.1_975765_976122
LOC112054344,NW_019863348.1,-,A5SS_long,0.001180017,0.153,19269,19742,NW_019863348.1_19269_19742
LOC112054318,NW_019863343.1,+,A5SS_long,0.000748673,-0.192,42915,43330,NW_019863343.1_42915_43330
LOC112049644,NW_019862982.1,-,A5SS_long,0,-0.218,393729,394140,NW_019862982.1_393729_394140
LOC112049644,NW_019862982.1,-,A5SS_long,1.64E-10,-0.428,393729,394140,NW_019862982.1_393729_394140
LOC112046721,NW_019862753.1,-,A5SS_long,0.00139076,-0.065,387875,388339,NW_019862753.1_387875_388339
LOC112049107,NW_019862958.1,+,A5SS_long,4.91E-05,0.285,291660,292007,NW_019862958.1_291660_292007
LOC112048189,NW_019862920.1,-,A5SS_long,0.005563804,0.111,608159,608541,NW_019862920.1_608159_608541
LOC112052436,NW_019863148.1,-,A5SS_long,0,0.835,64708,65016,NW_019863148.1_64708_65016
LOC112045990,NW_019862845.1,+,A5SS_long,0.001496077,-0.116,287484,287801,NW_019862845.1_287484_287801
LOC112050895,NW_019863049.1,+,A5SS_long,0.005652202,-0.098,159102,159467,NW_019863049.1_159102_159467
LOC112055071,NW_019863455.1,-,A5SS_long,9.80E-05,0.18,143104,143486,NW_019863455.1_143104_143486
LOC112045798,NW_019862752.1,-,A5SS_long,0.000133346,-0.28,1361110,1361623,NW_019862752.1_1361110_1361623
LOC112049251,NW_019862965.1,+,A5SS_long,0.000119133,0.048,150793,151225,NW_019862965.1_150793_151225
LOC112048621,NW_019862937.1,-,A5SS_long,0.00047996,0.184,224693,225102,NW_019862937.1_224693_225102
LOC112045985,NW_019862845.1,-,A5SS_long,0.016772687,-0.073,340609,340937,NW_019862845.1_340609_340937
LOC112047618,NW_019862898.1,-,A5SS_long,0.00454119,-0.076,573812,576496,NW_019862898.1_573812_576496
LOC112047618,NW_019862898.1,-,A5SS_long,0.007904656,-0.075,573812,576496,NW_019862898.1_573812_576496
LOC112047618,NW_019862898.1,-,A5SS_long,0.010823873,-0.068,573812,576496,NW_019862898.1_573812_576496
LOC112047618,NW_019862898.1,-,A5SS_long,0.009886129,-0.072,574142,576496,NW_019862898.1_574142_576496
LOC112049212,NW_019862963.1,+,A5SS_long,0.001411141,0.162,375408,379100,NW_019862963.1_375408_379100
LOC112051221,NW_019863069.1,+,A5SS_long,0.000180831,-0.172,85092,85469,NW_019863069.1_85092_85469
LOC112043493,NW_019862791.1,+,A5SS_long,0,-0.61,1449488,1450173,NW_019862791.1_1449488_1450173
LOC112043476,NW_019862791.1,-,A5SS_long,6.48E-10,-0.023,424497,424983,NW_019862791.1_424497_424983
LOC112050844,NW_019863046.1,-,A5SS_long,0.015185926,-0.26,88899,89491,NW_019863046.1_88899_89491
LOC112056691,NW_019863945.1,-,A5SS_long,0.003411931,-0.045,11631,11937,NW_019863945.1_11631_11937
nbis-pseudo85,NW_019863064.1,+,A5SS_long,0.000878855,0.178,343950,344636,NW_019863064.1_343950_344636
LOC112056002,NW_019863678.1,-,A5SS_long,0.002499189,-0.155,19018,19713,NW_019863678.1_19018_19713
LOC112051137,NW_019863064.1,+,A5SS_long,5.91E-13,0.113,229676,230277,NW_019863064.1_229676_230277
LOC112051137,NW_019863064.1,+,A5SS_long,2.34E-09,0.132,238534,239033,NW_019863064.1_238534_239033
LOC112051279,NW_019863071.1,-,A5SS_long,4.69E-05,-0.033,172517,172979,NW_019863071.1_172517_172979
LOC112051279,NW_019863071.1,-,A5SS_long,0.000103482,-0.037,172528,172979,NW_019863071.1_172528_172979
LOC112053753,NW_019863278.1,+,A5SS_long,0.000155876,0.087,114326,115020,NW_019863278.1_114326_115020
LOC112058248,NW_019862773.1,-,A5SS_long,0.043571004,-0.218,281686,282389,NW_019862773.1_281686_282389
LOC112053860,NW_019863289.1,+,A5SS_long,0.000572298,0.053,168333,168955,NW_019863289.1_168333_168955
LOC112053609,NW_019863260.1,+,A5SS_long,1.74E-07,0.015,165133,165530,NW_019863260.1_165133_165530
LOC112052463,NW_019863150.1,+,A5SS_long,0.00020714,-0.538,300589,301049,NW_019863150.1_300589_301049
LOC112051098,NW_019863063.1,+,A5SS_long,0.001134921,0.051,156600,157632,NW_019863063.1_156600_157632
LOC112054148,NW_019863324.1,+,A5SS_long,0.001374683,-0.049,10980,11543,NW_019863324.1_10980_11543
LOC112052411,NW_019863146.1,-,A5SS_long,0.000969157,-0.077,30692,31169,NW_019863146.1_30692_31169
LOC112046535,NW_019862860.1,+,A5SS_long,0.001004823,-0.177,685440,685838,NW_019862860.1_685440_685838
LOC112054834,NW_019863423.1,+,A5SS_long,1.17E-07,-0.222,33577,33967,NW_019863423.1_33577_33967
LOC112049386,NW_019862970.1,+,A5SS_long,4.26E-05,-0.167,437661,438140,NW_019862970.1_437661_438140
LOC112046902,NW_019862874.1,-,A5SS_long,0.011180315,0.162,517575,518105,NW_019862874.1_517575_518105
LOC112046886,NW_019862874.1,+,A5SS_long,0.025257629,-0.039,123849,124257,NW_019862874.1_123849_124257
LOC112050193,NW_019862748.1,+,A5SS_long,4.58E-13,0.248,330842,331496,NW_019862748.1_330842_331496
LOC112051765,NW_019863101.1,+,A5SS_long,2.95E-05,0.041,244093,244585,NW_019863101.1_244093_244585
LOC112053499,NW_019862760.1,+,A5SS_long,0,0.696,149873,150618,NW_019862760.1_149873_150618
LOC112053597,NW_019863259.1,-,A5SS_long,4.90E-05,-0.133,318809,319286,NW_019863259.1_318809_319286
LOC112051702,NW_019863098.1,+,A5SS_long,0.00208945,-0.045,303240,303652,NW_019863098.1_303240_303652
LOC112058267,NW_019862748.1,-,A5SS_long,0.002969635,-0.083,623239,623535,NW_019862748.1_623239_623535
LOC112058414,NW_019862776.1,-,A5SS_long,0,-0.452,690055,690477,NW_019862776.1_690055_690477
LOC112047044,NW_019862881.1,+,A5SS_long,0.002807672,0.054,315806,316288,NW_019862881.1_315806_316288
LOC112051951,NW_019862758.1,-,A5SS_long,0.005495768,0.063,2123052,2123342,NW_019862758.1_2123052_2123342
LOC112051951,NW_019862758.1,-,A5SS_long,0.001082225,0.045,2123052,2123444,NW_019862758.1_2123052_2123444
LOC112051951,NW_019862758.1,-,A5SS_long,0.004599218,0.029,2123052,2123552,NW_019862758.1_2123052_2123552
LOC112051951,NW_019862758.1,-,A5SS_long,0.00255313,0.103,2123053,2123444,NW_019862758.1_2123053_2123444
LOC112051951,NW_019862758.1,-,A5SS_long,0.001779716,0.082,2123053,2123552,NW_019862758.1_2123053_2123552
LOC112051951,NW_019862758.1,-,A5SS_long,0.002548987,0.103,2123054,2123444,NW_019862758.1_2123054_2123444
LOC112051951,NW_019862758.1,-,A5SS_long,0.001779716,0.082,2123054,2123552,NW_019862758.1_2123054_2123552
LOC112051951,NW_019862758.1,-,A5SS_long,0.002202499,0.093,2123088,2123444,NW_019862758.1_2123088_2123444
LOC112051951,NW_019862758.1,-,A5SS_long,0.001779716,0.082,2123088,2123552,NW_019862758.1_2123088_2123552
LOC112051951,NW_019862758.1,-,A5SS_long,0.007814521,0.072,2123092,2123444,NW_019862758.1_2123092_2123444
LOC112051951,NW_019862758.1,-,A5SS_long,0.035761028,0.437,2123116,2123552,NW_019862758.1_2123116_2123552
LOC112048994,NW_019862954.1,-,A5SS_long,0.018280496,-0.201,263227,263884,NW_019862954.1_263227_263884
LOC112048994,NW_019862954.1,-,A5SS_long,0.018280496,-0.201,263252,263884,NW_019862954.1_263252_263884
LOC112048994,NW_019862954.1,-,A5SS_long,0.018280496,-0.201,263299,263884,NW_019862954.1_263299_263884
LOC112055574,NW_019863551.1,-,A5SS_long,0.014131733,-0.024,109679,110202,NW_019863551.1_109679_110202
LOC112054444,NW_019863357.1,-,A5SS_long,1.40E-08,-0.358,7240,7792,NW_019863357.1_7240_7792
LOC112049721,NW_019862987.1,+,A5SS_long,0.000255798,0.5,396106,396652,NW_019862987.1_396106_396652
LOC112046043,NW_019862846.1,-,A5SS_long,0.006161974,0.021,293904,294216,NW_019862846.1_293904_294216
LOC112049699,NW_019862985.1,-,A5SS_long,0.000151265,-0.103,219722,220874,NW_019862985.1_219722_220874
LOC112043066,NW_019862749.1,-,A5SS_long,6.39E-06,0.074,2745472,2745862,NW_019862749.1_2745472_2745862
LOC112045388,NW_019862831.1,-,A5SS_long,0.020728138,0.417,71065,71628,NW_019862831.1_71065_71628
LOC112058271,NW_019862749.1,-,A5SS_long,0.000858096,-0.189,506336,506867,NW_019862749.1_506336_506867
LOC112048866,NW_019862948.1,-,A5SS_long,0.029245695,0.256,78188,78698,NW_019862948.1_78188_78698
LOC112051535,NW_019863088.1,+,A5SS_long,0,-0.943,353491,354157,NW_019863088.1_353491_354157
LOC112049074,NW_019862958.1,-,A5SS_long,0.005589935,-0.074,28276,28558,NW_019862958.1_28276_28558
LOC112049074,NW_019862958.1,-,A5SS_long,7.97E-05,-0.171,65710,66092,NW_019862958.1_65710_66092
LOC112052180,NW_019863132.1,-,A5SS_long,0,-0.068,286514,286953,NW_019863132.1_286514_286953
LOC112045305,NW_019862828.1,+,A5SS_long,0.002802387,-0.188,735146,746348,NW_019862828.1_735146_746348
LOC112046722,NW_019862869.1,-,A5SS_long,0.000119133,-0.059,79024,79595,NW_019862869.1_79024_79595
LOC112058000,NW_019862770.1,-,A5SS_long,0.000641685,-0.02,1446846,1447272,NW_019862770.1_1446846_1447272
LOC112058000,NW_019862770.1,-,A5SS_long,0.000326155,-0.021,1446856,1447272,NW_019862770.1_1446856_1447272
LOC112050771,NW_019863042.1,+,A5SS_long,1.52E-06,-0.161,323354,323799,NW_019863042.1_323354_323799
LOC112046893,NW_019862874.1,-,A5SS_long,7.05E-08,0.094,182529,182866,NW_019862874.1_182529_182866
LOC112058408,NW_019862749.1,+,A5SS_long,0.047292266,-0.072,847525,848004,NW_019862749.1_847525_848004
LOC112053037,NW_019863198.1,+,A5SS_long,0.000960435,-0.117,63837,64366,NW_019863198.1_63837_64366
LOC112045055,NW_019862823.1,-,A5SS_long,0.006730602,0.026,395062,395636,NW_019862823.1_395062_395636
LOC112045055,NW_019862823.1,-,A5SS_long,0.002804654,-0.025,405251,405790,NW_019862823.1_405251_405790
LOC112045055,NW_019862823.1,-,A5SS_long,0.002804654,-0.026,405264,405790,NW_019862823.1_405264_405790
LOC112045501,NW_019862752.1,-,A5SS_long,0.002499189,-0.297,548275,548954,NW_019862752.1_548275_548954
LOC112058531,NW_019862778.1,-,A5SS_long,0.008858617,-0.05,511572,511976,NW_019862778.1_511572_511976
LOC112047548,NW_019862896.1,-,A5SS_long,0.00022339,-0.243,530046,530429,NW_019862896.1_530046_530429
LOC112047548,NW_019862896.1,-,A5SS_long,3.32E-09,-0.228,530106,530429,NW_019862896.1_530106_530429
LOC112047548,NW_019862896.1,-,A5SS_long,0.000570292,-0.245,530107,530429,NW_019862896.1_530107_530429
LOC112055832,NW_019862762.1,+,A5SS_long,1.49E-09,0.03,2133034,2133493,NW_019862762.1_2133034_2133493
LOC112053871,NW_019863290.1,-,A5SS_long,1.74E-07,0.066,153222,153841,NW_019863290.1_153222_153841
LOC112044489,NW_019862810.1,-,A5SS_long,4.08E-11,0.021,693954,694328,NW_019862810.1_693954_694328
LOC112053282,NW_019863224.1,-,A5SS_long,0.015769023,-0.277,114681,115375,NW_019863224.1_114681_115375
LOC112045785,NW_019862752.1,-,A5SS_long,0.00040263,-0.05,1261860,1262509,NW_019862752.1_1261860_1262509
LOC112051407,NW_019863081.1,+,A5SS_long,0.000689396,-0.243,11752,12401,NW_019863081.1_11752_12401
LOC112051407,NW_019863081.1,+,A5SS_long,0.001203667,0.188,11752,12401,NW_019863081.1_11752_12401
LOC112046019,NW_019862752.1,-,A5SS_long,0.000165247,0.121,1812542,1813147,NW_019862752.1_1812542_1813147
LOC112051822,NW_019863106.1,-,A5SS_long,0.00022339,-0.102,113672,114059,NW_019863106.1_113672_114059
LOC112043588,NW_019862792.1,-,A5SS_long,6.57E-07,-0.194,1392624,1393163,NW_019862792.1_1392624_1393163
LOC112043588,NW_019862792.1,-,A5SS_long,0.00022339,-0.14,1392746,1393163,NW_019862792.1_1392746_1393163
LOC112056840,NW_019864020.1,+,A5SS_long,7.26E-07,0.019,20770,21109,NW_019864020.1_20770_21109
LOC112056840,NW_019864020.1,+,A5SS_long,1.47E-05,0.353,20770,21109,NW_019864020.1_20770_21109
LOC112049404,NW_019862971.1,-,A5SS_long,7.06E-11,0.407,703681,704172,NW_019862971.1_703681_704172
LOC112049404,NW_019862971.1,-,A5SS_long,1.09E-05,-0.088,707245,707823,NW_019862971.1_707245_707823
LOC112045796,NW_019862841.1,-,A5SS_long,0.040759653,-0.284,313951,314361,NW_019862841.1_313951_314361
LOC112052580,NW_019863160.1,-,A5SS_long,0.040363877,-0.257,115583,116051,NW_019863160.1_115583_116051
LOC112045119,NW_019862751.1,+,A5SS_long,1.28E-05,0.095,2727090,2727448,NW_019862751.1_2727090_2727448
LOC112045119,NW_019862751.1,+,A5SS_long,2.40E-06,0.194,2727090,2727552,NW_019862751.1_2727090_2727552
LOC112045119,NW_019862751.1,+,A5SS_long,3.93E-06,0.625,2727090,2727559,NW_019862751.1_2727090_2727559
LOC112045119,NW_019862751.1,+,A5SS_long,3.25E-06,0.245,2727090,2727571,NW_019862751.1_2727090_2727571
LOC112045119,NW_019862751.1,+,A5SS_long,1.13E-05,0.478,2727090,2727595,NW_019862751.1_2727090_2727595
LOC112047899,NW_019862908.1,-,A5SS_long,2.75E-06,0.134,454662,455206,NW_019862908.1_454662_455206
LOC112047899,NW_019862908.1,-,A5SS_long,1.40E-06,0.155,454746,455213,NW_019862908.1_454746_455213
LOC112044088,NW_019862803.1,-,A5SS_long,3.20E-05,0.138,367796,368277,NW_019862803.1_367796_368277
LOC112055784,NW_019863614.1,+,A5SS_long,7.23E-07,-0.066,16271,16815,NW_019863614.1_16271_16815
LOC112044502,NW_019862810.1,-,A5SS_long,0.000331096,-0.221,1136729,1136985,NW_019862810.1_1136729_1136985
LOC112044126,NW_019862804.1,+,A5SS_long,0.007238466,-0.06,710569,711058,NW_019862804.1_710569_711058
LOC112043812,NW_019862798.1,+,A5SS_long,0.021203812,-0.012,1265533,1265959,NW_019862798.1_1265533_1265959
LOC112052382,NW_019863144.1,-,A5SS_long,0.002685215,0.042,246611,247048,NW_019863144.1_246611_247048
LOC112046370,NW_019862856.1,-,A5SS_long,0.000257451,0.037,737665,738082,NW_019862856.1_737665_738082
LOC112054216,NW_019863330.1,-,A5SS_long,3.20E-05,-0.157,180134,180602,NW_019863330.1_180134_180602
LOC112051208,NW_019863068.1,+,A5SS_long,0.04905039,-0.041,222745,223283,NW_019863068.1_222745_223283
LOC112043214,NW_019862787.1,-,A5SS_long,0.000748673,-0.088,511093,511409,NW_019862787.1_511093_511409
LOC112046887,NW_019862874.1,-,A5SS_long,5.81E-12,-0.207,22674,22985,NW_019862874.1_22674_22985
LOC112052165,NW_019863131.1,-,A5SS_long,0.020404589,-0.107,127547,127912,NW_019863131.1_127547_127912
LOC112046256,NW_019862852.1,+,A5SS_long,0.001704909,-0.018,834913,835570,NW_019862852.1_834913_835570
LOC112053467,NW_019863243.1,+,A5SS_long,0.002848317,0.435,167798,168411,NW_019863243.1_167798_168411
LOC112053549,NW_019863252.1,+,A5SS_long,0.016106858,0.451,106100,106560,NW_019863252.1_106100_106560
LOC112058550,NW_019862778.1,-,A5SS_long,2.23E-06,0.015,1102864,1103464,NW_019862778.1_1102864_1103464
LOC112058550,NW_019862778.1,-,A5SS_long,0,0.2,1102868,1103464,NW_019862778.1_1102868_1103464
LOC112058550,NW_019862778.1,-,A5SS_long,2.05E-06,0.015,1102898,1103464,NW_019862778.1_1102898_1103464
LOC112058550,NW_019862778.1,-,A5SS_long,2.40E-06,0.015,1102955,1103464,NW_019862778.1_1102955_1103464
LOC112058550,NW_019862778.1,-,A5SS_long,2.40E-06,0.015,1102972,1103464,NW_019862778.1_1102972_1103464
LOC112050505,NW_019863026.1,-,A5SS_long,2.07E-05,-0.177,331997,332328,NW_019863026.1_331997_332328
LOC112056064,NW_019863696.1,-,A5SS_long,0.049473587,0.088,48304,48626,NW_019863696.1_48304_48626
LOC112051523,NW_019863087.1,+,A5SS_long,0,0.135,179021,179686,NW_019863087.1_179021_179686
LOC112051523,NW_019863087.1,+,A5SS_long,0,0.135,179021,179690,NW_019863087.1_179021_179690
LOC112051523,NW_019863087.1,+,A5SS_long,0,0.135,179021,179693,NW_019863087.1_179021_179693
LOC112057820,NW_019862767.1,+,A5SS_long,6.90E-12,-0.712,237356,237986,NW_019862767.1_237356_237986
LOC112046986,NW_019862879.1,-,A5SS_long,0.006167772,0.024,318066,318453,NW_019862879.1_318066_318453
LOC112049919,NW_019862998.1,+,A5SS_long,0,-0.143,314086,314498,NW_019862998.1_314086_314498
LOC112050513,NW_019863027.1,-,A5SS_long,0.002125165,-0.082,134641,135173,NW_019863027.1_134641_135173
LOC112053160,NW_019863213.1,-,A5SS_long,1.13E-06,0.075,183815,184314,NW_019863213.1_183815_184314
LOC112053160,NW_019863213.1,-,A5SS_long,0.046073086,-0.299,184862,185483,NW_019863213.1_184862_185483
LOC112043957,NW_019862800.1,-,A5SS_long,0.007010355,0.042,158315,158721,NW_019862800.1_158315_158721
LOC112050715,NW_019863039.1,-,A5SS_long,0.021411918,0.031,131578,132053,NW_019863039.1_131578_132053
LOC112051663,NW_019863094.1,+,A5SS_long,0.005986512,-0.048,282150,282632,NW_019863094.1_282150_282632
LOC112053596,NW_019863259.1,+,A5SS_long,0.01407266,0.197,293546,293832,NW_019863259.1_293546_293832
LOC112045396,NW_019862831.1,+,A5SS_long,0.000651668,-0.075,529211,529873,NW_019862831.1_529211_529873
LOC112047329,NW_019862888.1,+,A5SS_long,0.00040263,-0.061,285474,285965,NW_019862888.1_285474_285965
LOC112053782,NW_019863281.1,-,A5SS_long,0,-0.318,177201,177562,NW_019863281.1_177201_177562
LOC112046874,NW_019862874.1,+,A5SS_long,0.001763539,-0.13,48102,48411,NW_019862874.1_48102_48411
LOC112046874,NW_019862874.1,+,A5SS_long,0.010569374,-0.11,48102,48417,NW_019862874.1_48102_48417
LOC112043045,NW_019862784.1,+,A5SS_long,0.017083861,0.049,1528914,1529404,NW_019862784.1_1528914_1529404
LOC112051655,NW_019863094.1,-,A5SS_long,0.022753931,-0.015,185098,185454,NW_019863094.1_185098_185454
LOC112046894,NW_019862874.1,+,A5SS_long,4.41E-09,-0.042,271770,272397,NW_019862874.1_271770_272397
LOC112045508,NW_019862834.1,+,A5SS_long,1.81E-07,-0.6,756790,757309,NW_019862834.1_756790_757309
LOC112046483,NW_019862858.1,-,A5SS_long,4.73E-08,-0.061,133224,133769,NW_019862858.1_133224_133769
LOC112043669,NW_019862794.1,-,A5SS_long,6.12E-05,0.089,1095197,1096016,NW_019862794.1_1095197_1096016
LOC112057881,NW_019862768.1,-,A5SS_long,0.000147021,0.009,955683,956203,NW_019862768.1_955683_956203
LOC112057881,NW_019862768.1,-,A5SS_long,1.17E-06,0.199,955683,956203,NW_019862768.1_955683_956203
LOC112057881,NW_019862768.1,-,A5SS_long,0.045477677,-0.111,955683,956203,NW_019862768.1_955683_956203
LOC112057881,NW_019862768.1,-,A5SS_long,9.65E-05,0.142,955788,956203,NW_019862768.1_955788_956203
LOC112057881,NW_019862768.1,-,A5SS_long,0.006088737,-0.086,955788,956203,NW_019862768.1_955788_956203
LOC112057881,NW_019862768.1,-,A5SS_long,0.000497672,-0.617,955899,956203,NW_019862768.1_955899_956203
LOC112057304,NW_019864804.1,-,A5SS_long,7.61E-07,-0.509,2871,3551,NW_019864804.1_2871_3551
LOC112057939,NW_019862769.1,-,A5SS_long,0.016106858,0.04,659368,659943,NW_019862769.1_659368_659943
LOC112057834,NW_019862767.1,+,A5SS_long,3.94E-08,0.056,885969,886469,NW_019862767.1_885969_886469
LOC112053451,NW_019863242.1,-,A5SS_long,0.038887126,-0.075,164417,164838,NW_019863242.1_164417_164838
LOC112043565,NW_019862750.1,+,A5SS_long,3.07E-08,0.486,730379,730725,NW_019862750.1_730379_730725
LOC112046236,NW_019862851.1,-,A5SS_long,0.044173958,0.216,584728,585053,NW_019862851.1_584728_585053
LOC112053739,NW_019863277.1,-,A5SS_long,0.019127567,0.114,105699,106152,NW_019863277.1_105699_106152
LOC112048398,NW_019862929.1,+,A5SS_long,2.02E-09,0.078,269770,270197,NW_019862929.1_269770_270197
LOC112048398,NW_019862929.1,+,A5SS_long,6.64E-06,0.045,269770,270280,NW_019862929.1_269770_270280
LOC112048398,NW_019862929.1,+,A5SS_long,0.008460778,-0.017,269770,270462,NW_019862929.1_269770_270462
LOC112048398,NW_019862929.1,+,A5SS_long,0.014216106,-0.016,269909,270487,NW_019862929.1_269909_270487
LOC112048398,NW_019862929.1,+,A5SS_long,0.017083861,-0.016,269909,270497,NW_019862929.1_269909_270497
LOC112045922,NW_019862843.1,+,A5SS_long,3.83E-06,0.057,938096,938624,NW_019862843.1_938096_938624
LOC112048544,NW_019862934.1,+,A5SS_long,0.044221167,-0.4,287939,288504,NW_019862934.1_287939_288504
LOC112046183,NW_019862850.1,-,A5SS_long,0.00482931,0.046,382217,382645,NW_019862850.1_382217_382645
LOC112049503,NW_019862976.1,-,A5SS_long,0.001867234,-0.626,436710,437236,NW_019862976.1_436710_437236
LOC112049503,NW_019862976.1,-,A5SS_long,0.003135251,-0.613,436729,437236,NW_019862976.1_436729_437236
LOC112049503,NW_019862976.1,-,A5SS_long,0.001907776,-0.625,436751,437236,NW_019862976.1_436751_437236
LOC112049503,NW_019862976.1,-,A5SS_long,0.001806046,-0.627,436768,437236,NW_019862976.1_436768_437236
LOC112049503,NW_019862976.1,-,A5SS_long,0,-0.092,437518,438152,NW_019862976.1_437518_438152
LOC112049503,NW_019862976.1,-,A5SS_long,0.004358303,-0.132,437197,437781,NW_019862976.1_437197_437781
LOC112049503,NW_019862976.1,-,A5SS_long,0,0.064,437518,438152,NW_019862976.1_437518_438152
LOC112049503,NW_019862976.1,-,A5SS_long,0,0.021,437705,438143,NW_019862976.1_437705_438143
LOC112049503,NW_019862976.1,-,A5SS_long,0.001816829,-0.648,441341,441940,NW_019862976.1_441341_441940
LOC112049503,NW_019862976.1,-,A5SS_long,0.001100922,-0.072,441341,441940,NW_019862976.1_441341_441940
LOC112049503,NW_019862976.1,-,A5SS_long,0.00420966,-0.626,441344,441940,NW_019862976.1_441344_441940
LOC112049503,NW_019862976.1,-,A5SS_long,0.001134921,-0.072,441344,441940,NW_019862976.1_441344_441940
LOC112049503,NW_019862976.1,-,A5SS_long,0.003129143,-0.635,441520,441940,NW_019862976.1_441520_441940
LOC112049503,NW_019862976.1,-,A5SS_long,0.001134921,-0.071,441520,441940,NW_019862976.1_441520_441940
LOC112049503,NW_019862976.1,-,A5SS_long,0.009390388,-0.042,441665,441940,NW_019862976.1_441665_441940
LOC112049503,NW_019862976.1,-,A5SS_long,0.027387142,-0.034,441669,441940,NW_019862976.1_441669_441940
LOC112051753,NW_019863101.1,+,A5SS_long,0.003041354,-0.03,17805,18415,NW_019863101.1_17805_18415
LOC112045952,NW_019862844.1,+,A5SS_long,0.012965536,-0.215,279343,279984,NW_019862844.1_279343_279984
LOC112046481,NW_019862858.1,+,A5SS_long,2.02E-09,-0.064,148107,148629,NW_019862858.1_148107_148629
LOC112046481,NW_019862858.1,+,A5SS_long,0,-0.273,148107,148757,NW_019862858.1_148107_148757
LOC112046842,NW_019862873.1,+,A5SS_long,0.000991574,0.271,567091,567505,NW_019862873.1_567091_567505
LOC112046842,NW_019862873.1,+,A5SS_long,0.010657892,0.01,567091,567505,NW_019862873.1_567091_567505
LOC112053634,NW_019863264.1,-,A5SS_long,8.19E-05,0.115,149686,150154,NW_019863264.1_149686_150154
LOC112054025,NW_019863307.1,+,A5SS_long,0.022880063,-0.019,86877,87328,NW_019863307.1_86877_87328
LOC112058168,NW_019862772.1,+,A5SS_long,0.03282528,-0.143,1629237,1629768,NW_019862772.1_1629237_1629768
LOC112049762,NW_019862988.1,+,A5SS_long,0.014465858,0.029,190547,191073,NW_019862988.1_190547_191073
LOC112047120,NW_019862882.1,-,A5SS_long,4.62E-07,-0.234,757632,757958,NW_019862882.1_757632_757958
LOC112051468,NW_019863084.1,+,A5SS_long,0.002524827,0.36,86793,87253,NW_019863084.1_86793_87253
LOC112058238,NW_019862773.1,+,A5SS_long,0.003161672,-0.158,189203,189550,NW_019862773.1_189203_189550
LOC112058238,NW_019862773.1,+,A5SS_long,0.007044162,0.34,189203,189581,NW_019862773.1_189203_189581
LOC112045194,NW_019862826.1,+,A5SS_long,0.000543545,-0.051,395156,395652,NW_019862826.1_395156_395652
LOC112049025,NW_019862955.1,-,A5SS_long,2.78E-07,0.027,555662,556163,NW_019862955.1_555662_556163
LOC112052039,NW_019863120.1,+,A5SS_long,0.020828909,0.303,134741,135025,NW_019863120.1_134741_135025
LOC112045098,NW_019862823.1,-,A5SS_long,0.020647792,0.066,98027,98287,NW_019862823.1_98027_98287
LOC112049338,NW_019862968.1,+,A5SS_long,0.032582741,0.051,58132,58549,NW_019862968.1_58132_58549
LOC112052399,NW_019863145.1,+,A5SS_long,0.000127511,-0.026,110531,111060,NW_019863145.1_110531_111060
LOC112055455,NW_019863526.1,-,A5SS_long,1.42E-08,0.165,38633,39097,NW_019863526.1_38633_39097
LOC112047182,NW_019862883.1,+,A5SS_long,0.000136932,-0.466,59081,59430,NW_019862883.1_59081_59430
LOC112053642,NW_019863264.1,+,A5SS_long,3.89E-09,0.129,203351,204021,NW_019863264.1_203351_204021
LOC112053642,NW_019863264.1,+,A5SS_long,8.48E-08,0.126,203366,204331,NW_019863264.1_203366_204331
LOC112048512,NW_019862933.1,-,A5SS_long,0.011228462,-0.025,748210,748578,NW_019862933.1_748210_748578
LOC112046441,NW_019862857.1,+,A5SS_long,0.007432748,0.359,288463,289071,NW_019862857.1_288463_289071
LOC112051381,NW_019863079.1,-,A5SS_long,0.042774123,-0.033,68157,68693,NW_019863079.1_68157_68693
LOC112055556,NW_019863549.1,+,A5SS_long,0,0.877,90871,91410,NW_019863549.1_90871_91410
LOC112050107,NW_019863005.1,-,A5SS_long,0.000712363,0.286,21154,21679,NW_019863005.1_21154_21679
LOC112047512,NW_019862895.1,+,A5SS_long,9.56E-11,-0.053,179994,180317,NW_019862895.1_179994_180317
LOC112043342,NW_019862788.1,-,A5SS_long,4.81E-06,-0.065,1323851,1324427,NW_019862788.1_1323851_1324427
LOC112046305,NW_019862854.1,+,A5SS_long,0.0011347,-0.043,516299,516870,NW_019862854.1_516299_516870
LOC112046305,NW_019862854.1,+,A5SS_long,0.003950382,0.078,516477,516888,NW_019862854.1_516477_516888
LOC112057144,NW_019864370.1,-,A5SS_long,7.72E-12,-0.54,8772,9274,NW_019864370.1_8772_9274
LOC112053992,NW_019863304.1,+,A5SS_long,0.02931902,-0.283,117721,118250,NW_019863304.1_117721_118250
LOC112047845,NW_019862906.1,+,A5SS_long,0.026536222,0.336,31325,31991,NW_019862906.1_31325_31991
LOC112053291,NW_019863225.1,-,A5SS_long,0.000628366,0.036,122276,122964,NW_019863225.1_122276_122964
LOC112051807,NW_019863105.1,-,A5SS_long,0.014131733,-0.02,118085,118585,NW_019863105.1_118085_118585
LOC112052576,NW_019863160.1,-,A5SS_long,2.25E-07,-0.334,236548,236818,NW_019863160.1_236548_236818
LOC112053070,NW_019863202.1,+,A5SS_long,0,0.492,159148,159589,NW_019863202.1_159148_159589
LOC112048181,NW_019862920.1,-,A5SS_long,2.32E-09,0.315,69039,69563,NW_019862920.1_69039_69563
LOC112051025,NW_019863057.1,-,A5SS_long,4.09E-05,-0.215,288735,289119,NW_019863057.1_288735_289119
LOC112045215,NW_019862826.1,+,A5SS_long,0.005636623,0.066,1070565,1071305,NW_019862826.1_1070565_1071305
LOC112043990,NW_019862801.1,-,A5SS_long,2.14E-05,0.077,397047,397613,NW_019862801.1_397047_397613
LOC112057842,NW_019862767.1,-,A5SS_long,0.021132093,0.165,1077082,1077480,NW_019862767.1_1077082_1077480
LOC112050490,NW_019863025.1,+,A5SS_long,8.95E-05,-0.076,185477,185834,NW_019863025.1_185477_185834
LOC112050490,NW_019863025.1,+,A5SS_long,0.025088008,0.075,185477,185834,NW_019863025.1_185477_185834
LOC112050490,NW_019863025.1,+,A5SS_long,0.021411918,0.035,185488,185848,NW_019863025.1_185488_185848
LOC112053917,NW_019863295.1,-,A5SS_long,0.013833063,-0.167,52397,53040,NW_019863295.1_52397_53040
LOC112053917,NW_019863295.1,-,A5SS_long,0.013833063,-0.167,52429,53040,NW_019863295.1_52429_53040
LOC112054346,NW_019863348.1,+,A5SS_long,0.017921876,-0.137,110259,110531,NW_019863348.1_110259_110531
LOC112043675,NW_019862794.1,-,A5SS_long,2.13E-06,-0.044,1288947,1289517,NW_019862794.1_1288947_1289517
LOC112043675,NW_019862794.1,-,A5SS_long,7.23E-07,-0.047,1288951,1289517,NW_019862794.1_1288951_1289517
LOC112043939,NW_019862800.1,-,A5SS_long,0.000986091,0.368,827339,827758,NW_019862800.1_827339_827758
LOC112048533,NW_019862934.1,-,A5SS_long,0.000127511,0.427,179229,179843,NW_019862934.1_179229_179843
LOC112047462,NW_019862894.1,+,A5SS_long,0.02931902,0.238,501943,502463,NW_019862894.1_501943_502463
LOC112051386,NW_019863079.1,+,A5SS_long,4.64E-09,-0.023,69567,69944,NW_019863079.1_69567_69944
LOC112056473,NW_019863835.1,+,A5SS_long,0.001052601,-0.04,16411,16863,NW_019863835.1_16411_16863
LOC112058574,NW_019862778.1,-,A5SS_long,0.014105436,0.268,1350504,1350979,NW_019862778.1_1350504_1350979
LOC112058574,NW_019862778.1,-,A5SS_long,0.013575995,0.266,1350509,1350979,NW_019862778.1_1350509_1350979
LOC112058574,NW_019862778.1,-,A5SS_long,0.011256541,0.263,1350520,1350979,NW_019862778.1_1350520_1350979
LOC112058574,NW_019862778.1,-,A5SS_long,0.000213093,0.179,1350604,1350979,NW_019862778.1_1350604_1350979
LOC112058574,NW_019862778.1,-,A5SS_long,0.0007663,0.247,1350504,1350979,NW_019862778.1_1350504_1350979
LOC112058574,NW_019862778.1,-,A5SS_long,0.000817951,0.246,1350509,1350979,NW_019862778.1_1350509_1350979
LOC112058574,NW_019862778.1,-,A5SS_long,3.59E-06,0.062,1350604,1350979,NW_019862778.1_1350604_1350979
LOC112043682,NW_019862794.1,+,A5SS_long,0,0.819,1405006,1405555,NW_019862794.1_1405006_1405555
LOC112044854,NW_019862818.1,-,A5SS_long,1.72E-06,0.189,183331,183749,NW_019862818.1_183331_183749
LOC112056068,NW_019862763.1,-,A5SS_long,0.000404734,-0.598,152117,152797,NW_019862763.1_152117_152797
LOC112047180,NW_019862883.1,-,A5SS_long,0.003950382,-0.033,767571,768219,NW_019862883.1_767571_768219
LOC112053476,NW_019863244.1,+,A5SS_long,0.016954985,0.142,131650,131995,NW_019863244.1_131650_131995
LOC112047072,NW_019862881.1,+,A5SS_long,5.91E-08,0.575,434668,434943,NW_019862881.1_434668_434943
LOC112049660,NW_019862756.1,+,A5SS_long,2.37E-05,-0.102,183818,184515,NW_019862756.1_183818_184515
LOC112049660,NW_019862756.1,+,A5SS_long,2.40E-05,-0.414,183818,184515,NW_019862756.1_183818_184515
LOC112054869,NW_019863427.1,-,A5SS_long,6.51E-05,-0.337,60070,60461,NW_019863427.1_60070_60461
LOC112050047,NW_019863003.1,-,A5SS_long,0.00352681,0.26,146746,147073,NW_019863003.1_146746_147073
LOC112050047,NW_019863003.1,-,A5SS_long,0.000180831,0.058,146751,147073,NW_019863003.1_146751_147073
LOC112048699,NW_019862941.1,-,A5SS_long,8.20E-14,0.102,203338,203818,NW_019862941.1_203338_203818
LOC112044442,NW_019862809.1,+,A5SS_long,0.012345069,0.028,819790,820113,NW_019862809.1_819790_820113
LOC112044442,NW_019862809.1,+,A5SS_long,0.004279143,0.031,819790,820128,NW_019862809.1_819790_820128
LOC112044442,NW_019862809.1,+,A5SS_long,0.001789976,0.033,819790,820132,NW_019862809.1_819790_820132
LOC112044442,NW_019862809.1,+,A5SS_long,0.005112336,0.025,819790,820197,NW_019862809.1_819790_820197
LOC112045026,NW_019862822.1,+,A5SS_long,0.040628019,0.03,1048329,1048804,NW_019862822.1_1048329_1048804
LOC112053895,NW_019863292.1,-,A5SS_long,7.65E-06,0.039,29335,29670,NW_019863292.1_29335_29670
LOC112058466,NW_019862776.1,-,A5SS_long,0.00830948,0.019,851327,851801,NW_019862776.1_851327_851801
LOC112043638,NW_019862793.1,-,A5SS_long,0,0.161,1212479,1212901,NW_019862793.1_1212479_1212901
LOC112057884,NW_019862768.1,+,A5SS_long,0.01482261,0.083,1055336,1055810,NW_019862768.1_1055336_1055810
LOC112046139,NW_019862849.1,+,A5SS_long,0.002499189,-0.452,752268,752755,NW_019862849.1_752268_752755
LOC112047010,NW_019862880.1,-,A5SS_long,0.040274837,0.057,717838,718325,NW_019862880.1_717838_718325
LOC112047188,NW_019862883.1,+,A5SS_long,0.001349735,-0.044,915910,916505,NW_019862883.1_915910_916505
LOC112045707,NW_019862838.1,+,A5SS_long,2.06E-08,0.385,143221,143521,NW_019862838.1_143221_143521
LOC112045707,NW_019862838.1,+,A5SS_long,2.06E-08,0.653,143221,143668,NW_019862838.1_143221_143668
LOC112045707,NW_019862838.1,+,A5SS_long,0.008460778,-0.009,143221,143668,NW_019862838.1_143221_143668
LOC112052511,NW_019863154.1,+,A5SS_long,2.05E-06,-0.294,107189,107711,NW_019863154.1_107189_107711
LOC112052076,NW_019863123.1,-,A5SS_long,0.000181307,0.177,317781,318099,NW_019863123.1_317781_318099
LOC112044590,NW_019862813.1,-,A5SS_long,4.18E-05,0.33,832139,832636,NW_019862813.1_832139_832636
LOC112049934,NW_019862998.1,+,A5SS_long,0.002179614,-0.08,146554,146945,NW_019862998.1_146554_146945
LOC112043497,NW_019862791.1,+,A5SS_long,3.60E-10,0.031,1452890,1453222,NW_019862791.1_1452890_1453222
LOC112049313,NW_019862967.1,-,A5SS_long,0.001374683,0.049,172208,172772,NW_019862967.1_172208_172772
LOC112054291,NW_019863338.1,-,A5SS_long,0.040274837,-0.584,128072,128716,NW_019863338.1_128072_128716
LOC112054291,NW_019863338.1,-,A5SS_long,6.39E-05,0.058,128128,128716,NW_019863338.1_128128_128716
LOC112055815,NW_019863623.1,-,A5SS_long,0.04905039,0.454,29630,30298,NW_019863623.1_29630_30298
LOC112055815,NW_019863623.1,-,A5SS_long,0.02932559,-0.192,34973,35591,NW_019863623.1_34973_35591
LOC112052571,NW_019863159.1,-,A5SS_long,0.002604179,-0.223,18821,19392,NW_019863159.1_18821_19392
LOC112047065,NW_019862753.1,+,A5SS_long,1.25E-07,-0.037,1435792,1436147,NW_019862753.1_1435792_1436147
LOC112047055,NW_019862753.1,-,A5SS_long,7.86E-07,0.075,1463872,1464243,NW_019862753.1_1463872_1464243
LOC112047328,NW_019862753.1,+,A5SS_long,0.013427495,0.297,2316865,2317329,NW_019862753.1_2316865_2317329
LOC112046629,NW_019862864.1,+,A5SS_long,6.39E-05,0.225,445182,445547,NW_019862864.1_445182_445547
LOC112043146,NW_019862786.1,+,A5SS_long,0.007227413,-0.049,848473,848939,NW_019862786.1_848473_848939
LOC112043146,NW_019862786.1,+,A5SS_long,0.001816829,-0.06,848473,848955,NW_019862786.1_848473_848955
LOC112052932,NW_019862759.1,-,A5SS_long,0.01429573,-0.101,1245102,1245447,NW_019862759.1_1245102_1245447
LOC112048189,NW_019862920.1,-,A5SS_long,2.19E-06,0.323,611213,611541,NW_019862920.1_611213_611541
LOC112056049,NW_019863691.1,-,A5SS_long,0.010427193,0.014,30132,30757,NW_019863691.1_30132_30757
LOC112058615,NW_019862779.1,-,A5SS_long,0.002804654,0.066,358552,358902,NW_019862779.1_358552_358902
LOC112053058,NW_019863201.1,+,A5SS_long,0.038066746,-0.062,193608,193932,NW_019863201.1_193608_193932
LOC112055992,NW_019863677.1,+,A5SS_long,0.001083591,0.173,2787,3325,NW_019863677.1_2787_3325
LOC112043832,NW_019862799.1,+,A5SS_long,0.000117253,-0.018,243661,244133,NW_019862799.1_243661_244133
LOC112049668,NW_019862983.1,-,A5SS_long,0.010569374,-0.026,405463,405988,NW_019862983.1_405463_405988
LOC112055223,NW_019863481.1,+,A5SS_long,2.94E-06,0.094,111259,111647,NW_019863481.1_111259_111647
LOC112055619,NW_019863565.1,+,A5SS_long,0.002126114,-0.139,63190,63636,NW_019863565.1_63190_63636
LOC112042894,NW_019862781.1,+,A5SS_long,0.000449755,0.281,921442,922118,NW_019862781.1_921442_922118
LOC112054485,NW_019863363.1,+,A5SS_long,2.38E-05,-0.636,70420,70859,NW_019863363.1_70420_70859
LOC112057930,NW_019862769.1,-,A5SS_long,1.76E-09,-0.042,399930,400600,NW_019862769.1_399930_400600
LOC112057930,NW_019862769.1,-,A5SS_long,4.23E-08,-0.056,400271,400600,NW_019862769.1_400271_400600
LOC112057930,NW_019862769.1,-,A5SS_long,2.01E-05,-0.025,401956,402573,NW_019862769.1_401956_402573
LOC112057930,NW_019862769.1,-,A5SS_long,1.74E-07,-0.031,402132,402573,NW_019862769.1_402132_402573
LOC112057930,NW_019862769.1,-,A5SS_long,0.007892158,-0.02,402226,402573,NW_019862769.1_402226_402573
LOC112044711,NW_019862816.1,-,A5SS_long,0.003913961,0.05,891547,891820,NW_019862816.1_891547_891820
LOC112049642,NW_019862982.1,+,A5SS_long,0.021990978,0.029,91964,92533,NW_019862982.1_91964_92533
LOC112049633,NW_019862756.1,+,A5SS_long,0.00020714,-0.009,147664,148276,NW_019862756.1_147664_148276
LOC112044620,NW_019862813.1,+,A5SS_long,2.04E-06,0.239,465041,465636,NW_019862813.1_465041_465636
LOC112044360,NW_019862807.1,+,A5SS_long,0.014216106,0.051,293440,293941,NW_019862807.1_293440_293941
LOC112051684,NW_019863097.1,-,A5SS_long,0.026217025,-0.033,216096,216495,NW_019863097.1_216096_216495
LOC112049151,NW_019862961.1,-,A5SS_long,3.43E-07,-0.056,132216,132498,NW_019862961.1_132216_132498
LOC112052979,NW_019863193.1,+,A5SS_long,0.001644561,0.05,56914,57628,NW_019863193.1_56914_57628
LOC112049145,NW_019862961.1,-,A5SS_long,0.000395564,0.143,296457,296770,NW_019862961.1_296457_296770
LOC112049145,NW_019862961.1,-,A5SS_long,0.000368694,0.143,296460,296770,NW_019862961.1_296460_296770
LOC112044280,NW_019862806.1,+,A5SS_long,9.57E-05,-0.153,30159,30611,NW_019862806.1_30159_30611
LOC112044280,NW_019862806.1,+,A5SS_long,9.27E-06,0.047,33504,33953,NW_019862806.1_33504_33953
LOC112048612,NW_019862937.1,-,A5SS_long,8.06E-12,-0.414,402971,403531,NW_019862937.1_402971_403531
LOC112046050,NW_019862846.1,-,A5SS_long,2.26E-06,0.353,573535,574089,NW_019862846.1_573535_574089
LOC112045751,NW_019862840.1,-,A5SS_long,0.013575995,0.078,744627,745088,NW_019862840.1_744627_745088
LOC112048135,NW_019862918.1,-,A5SS_long,0.009244128,-0.024,480262,480674,NW_019862918.1_480262_480674
LOC112050509,NW_019863027.1,+,A5SS_long,0.000166362,-0.285,190413,190712,NW_019863027.1_190413_190712
LOC112050218,NW_019863013.1,+,A5SS_long,1.81E-06,-0.129,84294,84855,NW_019863013.1_84294_84855
LOC112056815,NW_019863997.1,-,A5SS_long,0.001411141,-0.023,19526,20225,NW_019863997.1_19526_20225
LOC112045610,NW_019862836.1,+,A5SS_long,0.009055069,-0.13,51184,51550,NW_019862836.1_51184_51550
LOC112046207,NW_019862850.1,-,A5SS_long,6.03E-05,0.124,589689,590193,NW_019862850.1_589689_590193
LOC112048621,NW_019862937.1,-,A5SS_long,0.048836309,0.085,224687,225102,NW_019862937.1_224687_225102
LOC112048203,NW_019862921.1,+,A5SS_long,0.000123042,0.196,469356,469882,NW_019862921.1_469356_469882
LOC112047383,NW_019862890.1,+,A5SS_long,2.93E-09,-0.202,226572,226893,NW_019862890.1_226572_226893
LOC112047383,NW_019862890.1,+,A5SS_long,5.01E-05,0.464,243710,244374,NW_019862890.1_243710_244374
LOC112051830,NW_019863107.1,-,A5SS_long,0.001991606,0.043,221406,221719,NW_019863107.1_221406_221719
LOC112057154,NW_019864389.1,-,A5SS_long,0.005014165,-0.389,8175,8566,NW_019864389.1_8175_8566
LOC112050024,NW_019863002.1,-,A5SS_long,0.004686154,-0.026,355925,356171,NW_019863002.1_355925_356171
LOC112050024,NW_019863002.1,-,A5SS_long,0.018092714,-0.007,355962,356486,NW_019863002.1_355962_356486
LOC112045682,NW_019862838.1,+,A5SS_long,4.23E-08,-0.683,205558,206029,NW_019862838.1_205558_206029
LOC112055051,NW_019863452.1,-,A5SS_long,0.003975532,-0.037,32593,32958,NW_019863452.1_32593_32958
LOC112055835,NW_019863631.1,-,A5SS_long,1.28E-05,-0.08,70402,71693,NW_019863631.1_70402_71693
LOC112057407,NW_019865253.1,+,A5SS_long,0.004859827,-0.115,1938,2278,NW_019865253.1_1938_2278
LOC112057407,NW_019865253.1,+,A5SS_long,0.000411147,-0.405,1938,2295,NW_019865253.1_1938_2295
LOC112045872,NW_019862842.1,+,A5SS_long,1.16E-06,0.036,117117,117636,NW_019862842.1_117117_117636
LOC112052940,NW_019863189.1,+,A5SS_long,0.020828909,0.026,268797,269384,NW_019863189.1_268797_269384
LOC112054694,NW_019862761.1,+,A5SS_long,2.40E-06,0.655,1977660,1978035,NW_019862761.1_1977660_1978035
LOC112053332,NW_019863229.1,+,A5SS_long,2.46E-05,-0.041,108070,108694,NW_019863229.1_108070_108694
LOC112048790,NW_019862755.1,+,A5SS_long,8.20E-14,-0.03,1151550,1152366,NW_019862755.1_1151550_1152366
LOC112043609,NW_019862793.1,+,A5SS_short,3.55E-05,-0.419,192055,192385,NW_019862793.1_192055_192385
LOC112045908,NW_019862843.1,-,A5SS_short,9.28E-07,-0.402,326187,326545,NW_019862843.1_326187_326545
LOC112043976,NW_019862750.1,-,A5SS_short,0.009271632,-0.169,2036831,2037130,NW_019862750.1_2036831_2037130
LOC112043976,NW_019862750.1,-,A5SS_short,0.000818768,-0.15,2041073,2041514,NW_019862750.1_2041073_2041514
LOC112058428,NW_019862776.1,-,A5SS_short,3.29E-06,0.169,1076741,1077049,NW_019862776.1_1076741_1077049
LOC112053935,NW_019863297.1,-,A5SS_short,1.60E-06,-0.199,156852,157309,NW_019863297.1_156852_157309
LOC112043322,NW_019862788.1,+,A5SS_short,5.66E-05,0.526,1045060,1045345,NW_019862788.1_1045060_1045345
LOC112058000,NW_019862770.1,-,A5SS_short,0,-0.239,1446864,1447272,NW_019862770.1_1446864_1447272
LOC112043800,NW_019862798.1,+,A5SS_short,0.006146178,0.104,489067,489373,NW_019862798.1_489067_489373
LOC112045428,NW_019862831.1,-,A5SS_short,0,0.308,414269,414706,NW_019862831.1_414269_414706
LOC112052580,NW_019863160.1,-,A5SS_short,0.010427193,-0.207,115652,116052,NW_019863160.1_115652_116052
LOC112057845,NW_019862767.1,-,A5SS_short,0.035222113,0.081,1652812,1653134,NW_019862767.1_1652812_1653134
LOC112053443,NW_019862760.1,+,A5SS_short,0.000127007,-0.206,35967,36347,NW_019862760.1_35967_36347
LOC112048373,NW_019862927.1,+,A5SS_short,8.20E-14,-0.223,49533,49877,NW_019862927.1_49533_49877
LOC112048826,NW_019862946.1,+,A5SS_short,0.00037195,-0.183,511163,511683,NW_019862946.1_511163_511683
LOC112048826,NW_019862946.1,+,A5SS_short,0.039568933,-0.17,511163,511683,NW_019862946.1_511163_511683
LOC112048826,NW_019862946.1,+,A5SS_short,0.001126234,0.27,511163,511909,NW_019862946.1_511163_511909
LOC112048826,NW_019862946.1,+,A5SS_short,1.02E-09,-0.339,511163,511683,NW_019862946.1_511163_511683
LOC112048826,NW_019862946.1,+,A5SS_short,6.58E-12,-0.4,511163,511683,NW_019862946.1_511163_511683
LOC112049906,NW_019862997.1,+,A5SS_short,2.38E-10,0.171,261256,261547,NW_019862997.1_261256_261547
LOC112052054,NW_019862758.1,+,A5SS_short,0.008946803,0.293,2284972,2285343,NW_019862758.1_2284972_2285343
LOC112057979,NW_019862770.1,-,A5SS_short,2.06E-08,-0.425,890503,890840,NW_019862770.1_890503_890840
LOC112043669,NW_019862794.1,-,A5SS_short,0.005509624,0.197,1095340,1096016,NW_019862794.1_1095340_1096016
LOC112055898,NW_019863653.1,+,A5SS_short,0.046763993,0.101,26857,27298,NW_019863653.1_26857_27298
LOC112055522,NW_019863545.1,+,A5SS_short,0.006326211,-0.049,39243,39579,NW_019863545.1_39243_39579
LOC112050198,NW_019863012.1,-,A5SS_short,0.043055551,0.136,246340,247309,NW_019863012.1_246340_247309
LOC112046842,NW_019862873.1,+,A5SS_short,0.000118313,0.052,568479,568764,NW_019862873.1_568479_568764
LOC112054593,NW_019863380.1,+,A5SS_short,0.000986091,0.482,160137,160704,NW_019863380.1_160137_160704
LOC112042935,NW_019862782.1,-,A5SS_short,0,-0.563,1157028,1157414,NW_019862782.1_1157028_1157414
LOC112051468,NW_019863084.1,+,A5SS_short,7.23E-07,0.145,86808,87170,NW_019863084.1_86808_87170
LOC112050048,NW_019863003.1,-,A5SS_short,0.00151847,-0.144,396384,396969,NW_019863003.1_396384_396969
LOC112053562,NW_019863253.1,+,A5SS_short,1.81E-06,-0.087,175457,175782,NW_019863253.1_175457_175782
LOC112043803,NW_019862798.1,-,A5SS_short,6.48E-06,-0.053,607819,608125,NW_019862798.1_607819_608125
LOC112048035,NW_019862913.1,-,A5SS_short,0.009844822,-0.042,280342,280698,NW_019862913.1_280342_280698
LOC112044157,NW_019862804.1,+,A5SS_short,0.000247463,-0.55,658281,658588,NW_019862804.1_658281_658588
LOC112046777,NW_019862870.1,-,A5SS_short,1.58E-06,-0.279,658223,658515,NW_019862870.1_658223_658515
LOC112054531,NW_019863370.1,+,A5SS_short,0.033818173,-0.282,12824,13323,NW_019863370.1_12824_13323
LOC112055061,NW_019863453.1,-,A5SS_short,0.000266593,0.043,99921,100497,NW_019863453.1_99921_100497
LOC112055061,NW_019863453.1,-,A5SS_short,2.59E-07,0.108,102899,103402,NW_019863453.1_102899_103402
LOC112046519,NW_019862860.1,+,A5SS_short,0.001427448,0.513,866794,867129,NW_019862860.1_866794_867129
LOC112055968,NW_019863669.1,-,A5SS_short,0.00017808,-0.049,17018,17358,NW_019863669.1_17018_17358
LOC112055201,NW_019863475.1,-,A5SS_short,4.07E-06,0.101,91490,91800,NW_019863475.1_91490_91800
LOC112048434,NW_019862930.1,+,A5SS_short,0.000114361,-0.173,451550,451875,NW_019862930.1_451550_451875
LOC112044854,NW_019862818.1,-,A5SS_short,7.14E-13,0.422,183427,183749,NW_019862818.1_183427_183749
LOC112047654,NW_019862900.1,+,A5SS_short,4.24E-05,0.098,649045,649409,NW_019862900.1_649045_649409
LOC112054869,NW_019863427.1,-,A5SS_short,0.002243337,-0.082,60141,60461,NW_019863427.1_60141_60461
LOC112044442,NW_019862809.1,+,A5SS_short,0.000151265,0.06,819790,820082,NW_019862809.1_819790_820082
LOC112048594,NW_019862936.1,-,A5SS_short,0.009474315,0.069,293924,294247,NW_019862936.1_293924_294247
LOC112047001,NW_019862880.1,+,A5SS_short,3.78E-06,-0.205,349710,350016,NW_019862880.1_349710_350016
LOC112047001,NW_019862880.1,+,A5SS_short,0.017454257,-0.235,349710,350016,NW_019862880.1_349710_350016
LOC112046045,NW_019862846.1,-,A5SS_short,0.039135843,0.141,975780,976122,NW_019862846.1_975780_976122
LOC112054344,NW_019863348.1,-,A5SS_short,0.001180017,0.153,19374,19742,NW_019863348.1_19374_19742
LOC112054318,NW_019863343.1,+,A5SS_short,0.000748673,-0.192,42915,43253,NW_019863343.1_42915_43253
LOC112049644,NW_019862982.1,-,A5SS_short,0,-0.218,393813,394140,NW_019862982.1_393813_394140
LOC112049644,NW_019862982.1,-,A5SS_short,1.64E-10,-0.428,393813,394140,NW_019862982.1_393813_394140
LOC112046721,NW_019862753.1,-,A5SS_short,0.00139076,-0.065,387990,388339,NW_019862753.1_387990_388339
LOC112049107,NW_019862958.1,+,A5SS_short,4.91E-05,0.285,291660,291998,NW_019862958.1_291660_291998
LOC112048189,NW_019862920.1,-,A5SS_short,0.005563804,0.111,608168,608541,NW_019862920.1_608168_608541
LOC112052436,NW_019863148.1,-,A5SS_short,0,0.835,64747,65016,NW_019863148.1_64747_65016
LOC112045990,NW_019862845.1,+,A5SS_short,0.001496077,-0.116,287484,287781,NW_019862845.1_287484_287781
LOC112050895,NW_019863049.1,+,A5SS_short,0.005652202,-0.098,159102,159437,NW_019863049.1_159102_159437
LOC112055071,NW_019863455.1,-,A5SS_short,9.80E-05,0.18,143131,143486,NW_019863455.1_143131_143486
LOC112045798,NW_019862752.1,-,A5SS_short,0.000133346,-0.28,1361114,1361623,NW_019862752.1_1361114_1361623
LOC112049251,NW_019862965.1,+,A5SS_short,0.000119133,0.048,150793,151221,NW_019862965.1_150793_151221
LOC112048621,NW_019862937.1,-,A5SS_short,0.00047996,0.184,224762,225102,NW_019862937.1_224762_225102
LOC112045985,NW_019862845.1,-,A5SS_short,0.016772687,-0.073,340614,340937,NW_019862845.1_340614_340937
LOC112047618,NW_019862898.1,-,A5SS_short,0.00454119,-0.076,574142,576496,NW_019862898.1_574142_576496
LOC112047618,NW_019862898.1,-,A5SS_short,0.007904656,-0.075,574142,576496,NW_019862898.1_574142_576496
LOC112047618,NW_019862898.1,-,A5SS_short,0.010823873,-0.068,575660,576496,NW_019862898.1_575660_576496
LOC112047618,NW_019862898.1,-,A5SS_short,0.009886129,-0.072,575660,576496,NW_019862898.1_575660_576496
LOC112049212,NW_019862963.1,+,A5SS_short,0.001411141,0.162,375408,378959,NW_019862963.1_375408_378959
LOC112051221,NW_019863069.1,+,A5SS_short,0.000180831,-0.172,85092,85424,NW_019863069.1_85092_85424
LOC112043493,NW_019862791.1,+,A5SS_short,0,-0.61,1449488,1449828,NW_019862791.1_1449488_1449828
LOC112043476,NW_019862791.1,-,A5SS_short,6.48E-10,-0.023,424692,424983,NW_019862791.1_424692_424983
LOC112050844,NW_019863046.1,-,A5SS_short,0.015185926,-0.26,89016,89491,NW_019863046.1_89016_89491
LOC112056691,NW_019863945.1,-,A5SS_short,0.003411931,-0.045,11647,11937,NW_019863945.1_11647_11937
nbis-pseudo85,NW_019863064.1,+,A5SS_short,0.000878855,0.178,343950,344297,NW_019863064.1_343950_344297
LOC112056002,NW_019863678.1,-,A5SS_short,0.002499189,-0.155,19276,19713,NW_019863678.1_19276_19713
LOC112051137,NW_019863064.1,+,A5SS_short,5.91E-13,0.113,229676,230075,NW_019863064.1_229676_230075
LOC112051137,NW_019863064.1,+,A5SS_short,2.34E-09,0.132,238534,238918,NW_019863064.1_238534_238918
LOC112051279,NW_019863071.1,-,A5SS_short,4.69E-05,-0.033,172671,172979,NW_019863071.1_172671_172979
LOC112051279,NW_019863071.1,-,A5SS_short,0.000103482,-0.037,172671,172979,NW_019863071.1_172671_172979
LOC112053753,NW_019863278.1,+,A5SS_short,0.000155876,0.087,114326,114733,NW_019863278.1_114326_114733
LOC112058248,NW_019862773.1,-,A5SS_short,0.043571004,-0.218,282057,282389,NW_019862773.1_282057_282389
LOC112053860,NW_019863289.1,+,A5SS_short,0.000572298,0.053,168333,168764,NW_019863289.1_168333_168764
LOC112053609,NW_019863260.1,+,A5SS_short,1.74E-07,0.015,165133,165440,NW_019863260.1_165133_165440
LOC112052463,NW_019863150.1,+,A5SS_short,0.00020714,-0.538,300589,300912,NW_019863150.1_300589_300912
LOC112051098,NW_019863063.1,+,A5SS_short,0.001134921,0.051,156600,157201,NW_019863063.1_156600_157201
LOC112054148,NW_019863324.1,+,A5SS_short,0.001374683,-0.049,10980,11350,NW_019863324.1_10980_11350
LOC112052411,NW_019863146.1,-,A5SS_short,0.000969157,-0.077,30819,31169,NW_019863146.1_30819_31169
LOC112046535,NW_019862860.1,+,A5SS_short,0.001004823,-0.177,685440,685754,NW_019862860.1_685440_685754
LOC112054834,NW_019863423.1,+,A5SS_short,1.17E-07,-0.222,33577,33875,NW_019863423.1_33577_33875
LOC112049386,NW_019862970.1,+,A5SS_short,4.26E-05,-0.167,437661,437999,NW_019862970.1_437661_437999
LOC112046902,NW_019862874.1,-,A5SS_short,0.011180315,0.162,517745,518105,NW_019862874.1_517745_518105
LOC112046886,NW_019862874.1,+,A5SS_short,0.025257629,-0.039,123849,124162,NW_019862874.1_123849_124162
LOC112050193,NW_019862748.1,+,A5SS_short,4.58E-13,0.248,330842,331290,NW_019862748.1_330842_331290
LOC112051765,NW_019863101.1,+,A5SS_short,2.95E-05,0.041,244093,244452,NW_019863101.1_244093_244452
LOC112053499,NW_019862760.1,+,A5SS_short,0,0.696,149873,150240,NW_019862760.1_149873_150240
LOC112053597,NW_019863259.1,-,A5SS_short,4.90E-05,-0.133,319039,319286,NW_019863259.1_319039_319286
LOC112051702,NW_019863098.1,+,A5SS_short,0.00208945,-0.045,303240,303648,NW_019863098.1_303240_303648
LOC112058267,NW_019862748.1,-,A5SS_short,0.002969635,-0.083,623270,623535,NW_019862748.1_623270_623535
LOC112058414,NW_019862776.1,-,A5SS_short,0,-0.452,690129,690477,NW_019862776.1_690129_690477
LOC112047044,NW_019862881.1,+,A5SS_short,0.002807672,0.054,315806,316158,NW_019862881.1_315806_316158
LOC112051951,NW_019862758.1,-,A5SS_short,0.005495768,0.063,2123092,2123342,NW_019862758.1_2123092_2123342
LOC112051951,NW_019862758.1,-,A5SS_short,0.001082225,0.045,2123181,2123444,NW_019862758.1_2123181_2123444
LOC112051951,NW_019862758.1,-,A5SS_short,0.004599218,0.029,2123257,2123552,NW_019862758.1_2123257_2123552
LOC112051951,NW_019862758.1,-,A5SS_short,0.00255313,0.103,2123181,2123444,NW_019862758.1_2123181_2123444
LOC112051951,NW_019862758.1,-,A5SS_short,0.001779716,0.082,2123257,2123552,NW_019862758.1_2123257_2123552
LOC112051951,NW_019862758.1,-,A5SS_short,0.002548987,0.103,2123181,2123444,NW_019862758.1_2123181_2123444
LOC112051951,NW_019862758.1,-,A5SS_short,0.001779716,0.082,2123257,2123552,NW_019862758.1_2123257_2123552
LOC112051951,NW_019862758.1,-,A5SS_short,0.002202499,0.093,2123181,2123444,NW_019862758.1_2123181_2123444
LOC112051951,NW_019862758.1,-,A5SS_short,0.001779716,0.082,2123257,2123552,NW_019862758.1_2123257_2123552
LOC112051951,NW_019862758.1,-,A5SS_short,0.007814521,0.072,2123181,2123444,NW_019862758.1_2123181_2123444
LOC112051951,NW_019862758.1,-,A5SS_short,0.035761028,0.437,2123257,2123552,NW_019862758.1_2123257_2123552
LOC112048994,NW_019862954.1,-,A5SS_short,0.018280496,-0.201,263612,263884,NW_019862954.1_263612_263884
LOC112048994,NW_019862954.1,-,A5SS_short,0.018280496,-0.201,263612,263884,NW_019862954.1_263612_263884
LOC112048994,NW_019862954.1,-,A5SS_short,0.018280496,-0.201,263612,263884,NW_019862954.1_263612_263884
LOC112055574,NW_019863551.1,-,A5SS_short,0.014131733,-0.024,109802,110202,NW_019863551.1_109802_110202
LOC112054444,NW_019863357.1,-,A5SS_short,1.40E-08,-0.358,7321,7792,NW_019863357.1_7321_7792
LOC112049721,NW_019862987.1,+,A5SS_short,0.000255798,0.5,396106,396500,NW_019862987.1_396106_396500
LOC112046043,NW_019862846.1,-,A5SS_short,0.006161974,0.021,293905,294216,NW_019862846.1_293905_294216
LOC112049699,NW_019862985.1,-,A5SS_short,0.000151265,-0.103,220583,220874,NW_019862985.1_220583_220874
LOC112043066,NW_019862749.1,-,A5SS_short,6.39E-06,0.074,2745562,2745862,NW_019862749.1_2745562_2745862
LOC112045388,NW_019862831.1,-,A5SS_short,0.020728138,0.417,71232,71628,NW_019862831.1_71232_71628
LOC112058271,NW_019862749.1,-,A5SS_short,0.000858096,-0.189,506437,506867,NW_019862749.1_506437_506867
LOC112048866,NW_019862948.1,-,A5SS_short,0.029245695,0.256,78353,78698,NW_019862948.1_78353_78698
LOC112051535,NW_019863088.1,+,A5SS_short,0,-0.943,353491,353744,NW_019863088.1_353491_353744
LOC112049074,NW_019862958.1,-,A5SS_short,0.005589935,-0.074,28283,28558,NW_019862958.1_28283_28558
LOC112049074,NW_019862958.1,-,A5SS_short,7.97E-05,-0.171,65728,66092,NW_019862958.1_65728_66092
LOC112052180,NW_019863132.1,-,A5SS_short,0,-0.068,286515,286953,NW_019863132.1_286515_286953
LOC112045305,NW_019862828.1,+,A5SS_short,0.002802387,-0.188,735146,735824,NW_019862828.1_735146_735824
LOC112046722,NW_019862869.1,-,A5SS_short,0.000119133,-0.059,79310,79595,NW_019862869.1_79310_79595
LOC112058000,NW_019862770.1,-,A5SS_short,0.000641685,-0.02,1446864,1447272,NW_019862770.1_1446864_1447272
LOC112058000,NW_019862770.1,-,A5SS_short,0.000326155,-0.021,1446864,1447272,NW_019862770.1_1446864_1447272
LOC112050771,NW_019863042.1,+,A5SS_short,1.52E-06,-0.161,323354,323686,NW_019863042.1_323354_323686
LOC112046893,NW_019862874.1,-,A5SS_short,7.05E-08,0.094,182530,182866,NW_019862874.1_182530_182866
LOC112058408,NW_019862749.1,+,A5SS_short,0.047292266,-0.072,847525,847879,NW_019862749.1_847525_847879
LOC112053037,NW_019863198.1,+,A5SS_short,0.000960435,-0.117,63837,64229,NW_019863198.1_63837_64229
LOC112045055,NW_019862823.1,-,A5SS_short,0.006730602,0.026,395387,395636,NW_019862823.1_395387_395636
LOC112045055,NW_019862823.1,-,A5SS_short,0.002804654,-0.025,405265,405790,NW_019862823.1_405265_405790
LOC112045055,NW_019862823.1,-,A5SS_short,0.002804654,-0.026,405265,405790,NW_019862823.1_405265_405790
LOC112045501,NW_019862752.1,-,A5SS_short,0.002499189,-0.297,548610,548954,NW_019862752.1_548610_548954
LOC112058531,NW_019862778.1,-,A5SS_short,0.008858617,-0.05,511576,511976,NW_019862778.1_511576_511976
LOC112047548,NW_019862896.1,-,A5SS_short,0.00022339,-0.243,530154,530429,NW_019862896.1_530154_530429
LOC112047548,NW_019862896.1,-,A5SS_short,3.32E-09,-0.228,530154,530429,NW_019862896.1_530154_530429
LOC112047548,NW_019862896.1,-,A5SS_short,0.000570292,-0.245,530154,530429,NW_019862896.1_530154_530429
LOC112055832,NW_019862762.1,+,A5SS_short,1.49E-09,0.03,2133034,2133294,NW_019862762.1_2133034_2133294
LOC112053871,NW_019863290.1,-,A5SS_short,1.74E-07,0.066,153438,153841,NW_019863290.1_153438_153841
LOC112044489,NW_019862810.1,-,A5SS_short,4.08E-11,0.021,693984,694328,NW_019862810.1_693984_694328
LOC112053282,NW_019863224.1,-,A5SS_short,0.015769023,-0.277,114986,115375,NW_019863224.1_114986_115375
LOC112045785,NW_019862752.1,-,A5SS_short,0.00040263,-0.05,1262101,1262509,NW_019862752.1_1262101_1262509
LOC112051407,NW_019863081.1,+,A5SS_short,0.000689396,-0.243,11752,12310,NW_019863081.1_11752_12310
LOC112051407,NW_019863081.1,+,A5SS_short,0.001203667,0.188,11752,12310,NW_019863081.1_11752_12310
LOC112046019,NW_019862752.1,-,A5SS_short,0.000165247,0.121,1812708,1813147,NW_019862752.1_1812708_1813147
LOC112051822,NW_019863106.1,-,A5SS_short,0.00022339,-0.102,113684,114059,NW_019863106.1_113684_114059
LOC112043588,NW_019862792.1,-,A5SS_short,6.57E-07,-0.194,1392787,1393163,NW_019862792.1_1392787_1393163
LOC112043588,NW_019862792.1,-,A5SS_short,0.00022339,-0.14,1392787,1393163,NW_019862792.1_1392787_1393163
LOC112056840,NW_019864020.1,+,A5SS_short,7.26E-07,0.019,20770,21040,NW_019864020.1_20770_21040
LOC112056840,NW_019864020.1,+,A5SS_short,1.47E-05,0.353,20770,21073,NW_019864020.1_20770_21073
LOC112049404,NW_019862971.1,-,A5SS_short,7.06E-11,0.407,703869,704172,NW_019862971.1_703869_704172
LOC112049404,NW_019862971.1,-,A5SS_short,1.09E-05,-0.088,707530,707823,NW_019862971.1_707530_707823
LOC112045796,NW_019862841.1,-,A5SS_short,0.040759653,-0.284,314111,314361,NW_019862841.1_314111_314361
LOC112052580,NW_019863160.1,-,A5SS_short,0.040363877,-0.257,115733,116051,NW_019863160.1_115733_116051
LOC112045119,NW_019862751.1,+,A5SS_short,1.28E-05,0.095,2727090,2727429,NW_019862751.1_2727090_2727429
LOC112045119,NW_019862751.1,+,A5SS_short,2.40E-06,0.194,2727090,2727429,NW_019862751.1_2727090_2727429
LOC112045119,NW_019862751.1,+,A5SS_short,3.93E-06,0.625,2727090,2727429,NW_019862751.1_2727090_2727429
LOC112045119,NW_019862751.1,+,A5SS_short,3.25E-06,0.245,2727090,2727429,NW_019862751.1_2727090_2727429
LOC112045119,NW_019862751.1,+,A5SS_short,1.13E-05,0.478,2727090,2727429,NW_019862751.1_2727090_2727429
LOC112047899,NW_019862908.1,-,A5SS_short,2.75E-06,0.134,454884,455206,NW_019862908.1_454884_455206
LOC112047899,NW_019862908.1,-,A5SS_short,1.40E-06,0.155,454884,455213,NW_019862908.1_454884_455213
LOC112044088,NW_019862803.1,-,A5SS_short,3.20E-05,0.138,367932,368277,NW_019862803.1_367932_368277
LOC112055784,NW_019863614.1,+,A5SS_short,7.23E-07,-0.066,16271,16653,NW_019863614.1_16271_16653
LOC112044502,NW_019862810.1,-,A5SS_short,0.000331096,-0.221,1136768,1136985,NW_019862810.1_1136768_1136985
LOC112044126,NW_019862804.1,+,A5SS_short,0.007238466,-0.06,710569,711049,NW_019862804.1_710569_711049
LOC112043812,NW_019862798.1,+,A5SS_short,0.021203812,-0.012,1265533,1265837,NW_019862798.1_1265533_1265837
LOC112052382,NW_019863144.1,-,A5SS_short,0.002685215,0.042,246707,247048,NW_019863144.1_246707_247048
LOC112046370,NW_019862856.1,-,A5SS_short,0.000257451,0.037,737831,738082,NW_019862856.1_737831_738082
LOC112054216,NW_019863330.1,-,A5SS_short,3.20E-05,-0.157,180290,180602,NW_019863330.1_180290_180602
LOC112051208,NW_019863068.1,+,A5SS_short,0.04905039,-0.041,222745,223101,NW_019863068.1_222745_223101
LOC112043214,NW_019862787.1,-,A5SS_short,0.000748673,-0.088,511114,511409,NW_019862787.1_511114_511409
LOC112046887,NW_019862874.1,-,A5SS_short,5.81E-12,-0.207,22778,22985,NW_019862874.1_22778_22985
LOC112052165,NW_019863131.1,-,A5SS_short,0.020404589,-0.107,127570,127912,NW_019863131.1_127570_127912
LOC112046256,NW_019862852.1,+,A5SS_short,0.001704909,-0.018,834913,835327,NW_019862852.1_834913_835327
LOC112053467,NW_019863243.1,+,A5SS_short,0.002848317,0.435,167798,168153,NW_019863243.1_167798_168153
LOC112053549,NW_019863252.1,+,A5SS_short,0.016106858,0.451,106100,106477,NW_019863252.1_106100_106477
LOC112058550,NW_019862778.1,-,A5SS_short,2.23E-06,0.015,1103134,1103464,NW_019862778.1_1103134_1103464
LOC112058550,NW_019862778.1,-,A5SS_short,0,0.2,1103134,1103464,NW_019862778.1_1103134_1103464
LOC112058550,NW_019862778.1,-,A5SS_short,2.05E-06,0.015,1103134,1103464,NW_019862778.1_1103134_1103464
LOC112058550,NW_019862778.1,-,A5SS_short,2.40E-06,0.015,1103134,1103464,NW_019862778.1_1103134_1103464
LOC112058550,NW_019862778.1,-,A5SS_short,2.40E-06,0.015,1103134,1103464,NW_019862778.1_1103134_1103464
LOC112050505,NW_019863026.1,-,A5SS_short,2.07E-05,-0.177,332045,332328,NW_019863026.1_332045_332328
LOC112056064,NW_019863696.1,-,A5SS_short,0.049473587,0.088,48308,48626,NW_019863696.1_48308_48626
LOC112051523,NW_019863087.1,+,A5SS_short,0,0.135,179021,179357,NW_019863087.1_179021_179357
LOC112051523,NW_019863087.1,+,A5SS_short,0,0.135,179021,179357,NW_019863087.1_179021_179357
LOC112051523,NW_019863087.1,+,A5SS_short,0,0.135,179021,179357,NW_019863087.1_179021_179357
LOC112057820,NW_019862767.1,+,A5SS_short,6.90E-12,-0.712,237356,237738,NW_019862767.1_237356_237738
LOC112046986,NW_019862879.1,-,A5SS_short,0.006167772,0.024,318165,318453,NW_019862879.1_318165_318453
LOC112049919,NW_019862998.1,+,A5SS_short,0,-0.143,314086,314429,NW_019862998.1_314086_314429
LOC112050513,NW_019863027.1,-,A5SS_short,0.002125165,-0.082,134645,135173,NW_019863027.1_134645_135173
LOC112053160,NW_019863213.1,-,A5SS_short,1.13E-06,0.075,183827,184314,NW_019863213.1_183827_184314
LOC112053160,NW_019863213.1,-,A5SS_short,0.046073086,-0.299,185026,185483,NW_019863213.1_185026_185483
LOC112043957,NW_019862800.1,-,A5SS_short,0.007010355,0.042,158474,158721,NW_019862800.1_158474_158721
LOC112050715,NW_019863039.1,-,A5SS_short,0.021411918,0.031,131716,132053,NW_019863039.1_131716_132053
LOC112051663,NW_019863094.1,+,A5SS_short,0.005986512,-0.048,282150,282493,NW_019863094.1_282150_282493
LOC112053596,NW_019863259.1,+,A5SS_short,0.01407266,0.197,293546,293823,NW_019863259.1_293546_293823
LOC112045396,NW_019862831.1,+,A5SS_short,0.000651668,-0.075,529211,529647,NW_019862831.1_529211_529647
LOC112047329,NW_019862888.1,+,A5SS_short,0.00040263,-0.061,285474,285760,NW_019862888.1_285474_285760
LOC112053782,NW_019863281.1,-,A5SS_short,0,-0.318,177204,177562,NW_019863281.1_177204_177562
LOC112046874,NW_019862874.1,+,A5SS_short,0.001763539,-0.13,48102,48377,NW_019862874.1_48102_48377
LOC112046874,NW_019862874.1,+,A5SS_short,0.010569374,-0.11,48102,48377,NW_019862874.1_48102_48377
LOC112043045,NW_019862784.1,+,A5SS_short,0.017083861,0.049,1528914,1529393,NW_019862784.1_1528914_1529393
LOC112051655,NW_019863094.1,-,A5SS_short,0.022753931,-0.015,185235,185454,NW_019863094.1_185235_185454
LOC112046894,NW_019862874.1,+,A5SS_short,4.41E-09,-0.042,271770,272133,NW_019862874.1_271770_272133
LOC112045508,NW_019862834.1,+,A5SS_short,1.81E-07,-0.6,756790,757107,NW_019862834.1_756790_757107
LOC112046483,NW_019862858.1,-,A5SS_short,4.73E-08,-0.061,133228,133769,NW_019862858.1_133228_133769
LOC112043669,NW_019862794.1,-,A5SS_short,6.12E-05,0.089,1095340,1096016,NW_019862794.1_1095340_1096016
LOC112057881,NW_019862768.1,-,A5SS_short,0.000147021,0.009,955897,956203,NW_019862768.1_955897_956203
LOC112057881,NW_019862768.1,-,A5SS_short,1.17E-06,0.199,955899,956203,NW_019862768.1_955899_956203
LOC112057881,NW_019862768.1,-,A5SS_short,0.045477677,-0.111,955906,956203,NW_019862768.1_955906_956203
LOC112057881,NW_019862768.1,-,A5SS_short,9.65E-05,0.142,955899,956203,NW_019862768.1_955899_956203
LOC112057881,NW_019862768.1,-,A5SS_short,0.006088737,-0.086,955906,956203,NW_019862768.1_955906_956203
LOC112057881,NW_019862768.1,-,A5SS_short,0.000497672,-0.617,955906,956203,NW_019862768.1_955906_956203
LOC112057304,NW_019864804.1,-,A5SS_short,7.61E-07,-0.509,2931,3551,NW_019864804.1_2931_3551
LOC112057939,NW_019862769.1,-,A5SS_short,0.016106858,0.04,659373,659943,NW_019862769.1_659373_659943
LOC112057834,NW_019862767.1,+,A5SS_short,3.94E-08,0.056,885969,886345,NW_019862767.1_885969_886345
LOC112053451,NW_019863242.1,-,A5SS_short,0.038887126,-0.075,164531,164838,NW_019863242.1_164531_164838
LOC112043565,NW_019862750.1,+,A5SS_short,3.07E-08,0.486,730379,730673,NW_019862750.1_730379_730673
LOC112046236,NW_019862851.1,-,A5SS_short,0.044173958,0.216,584740,585053,NW_019862851.1_584740_585053
LOC112053739,NW_019863277.1,-,A5SS_short,0.019127567,0.114,105866,106152,NW_019863277.1_105866_106152
LOC112048398,NW_019862929.1,+,A5SS_short,2.02E-09,0.078,269770,270098,NW_019862929.1_269770_270098
LOC112048398,NW_019862929.1,+,A5SS_short,6.64E-06,0.045,269770,270098,NW_019862929.1_269770_270098
LOC112048398,NW_019862929.1,+,A5SS_short,0.008460778,-0.017,269770,270197,NW_019862929.1_269770_270197
LOC112048398,NW_019862929.1,+,A5SS_short,0.014216106,-0.016,269909,270197,NW_019862929.1_269909_270197
LOC112048398,NW_019862929.1,+,A5SS_short,0.017083861,-0.016,269909,270197,NW_019862929.1_269909_270197
LOC112045922,NW_019862843.1,+,A5SS_short,3.83E-06,0.057,938096,938508,NW_019862843.1_938096_938508
LOC112048544,NW_019862934.1,+,A5SS_short,0.044221167,-0.4,287939,288333,NW_019862934.1_287939_288333
LOC112046183,NW_019862850.1,-,A5SS_short,0.00482931,0.046,382443,382645,NW_019862850.1_382443_382645
LOC112049503,NW_019862976.1,-,A5SS_short,0.001867234,-0.626,436973,437236,NW_019862976.1_436973_437236
LOC112049503,NW_019862976.1,-,A5SS_short,0.003135251,-0.613,436973,437236,NW_019862976.1_436973_437236
LOC112049503,NW_019862976.1,-,A5SS_short,0.001907776,-0.625,436973,437236,NW_019862976.1_436973_437236
LOC112049503,NW_019862976.1,-,A5SS_short,0.001806046,-0.627,436973,437236,NW_019862976.1_436973_437236
LOC112049503,NW_019862976.1,-,A5SS_short,0,-0.092,437867,438152,NW_019862976.1_437867_438152
LOC112049503,NW_019862976.1,-,A5SS_short,0.004358303,-0.132,437518,437781,NW_019862976.1_437518_437781
LOC112049503,NW_019862976.1,-,A5SS_short,0,0.064,437867,438152,NW_019862976.1_437867_438152
LOC112049503,NW_019862976.1,-,A5SS_short,0,0.021,437867,438143,NW_019862976.1_437867_438143
LOC112049503,NW_019862976.1,-,A5SS_short,0.001816829,-0.648,441669,441940,NW_019862976.1_441669_441940
LOC112049503,NW_019862976.1,-,A5SS_short,0.001100922,-0.072,441676,441940,NW_019862976.1_441676_441940
LOC112049503,NW_019862976.1,-,A5SS_short,0.00420966,-0.626,441669,441940,NW_019862976.1_441669_441940
LOC112049503,NW_019862976.1,-,A5SS_short,0.001134921,-0.072,441676,441940,NW_019862976.1_441676_441940
LOC112049503,NW_019862976.1,-,A5SS_short,0.003129143,-0.635,441669,441940,NW_019862976.1_441669_441940
LOC112049503,NW_019862976.1,-,A5SS_short,0.001134921,-0.071,441676,441940,NW_019862976.1_441676_441940
LOC112049503,NW_019862976.1,-,A5SS_short,0.009390388,-0.042,441676,441940,NW_019862976.1_441676_441940
LOC112049503,NW_019862976.1,-,A5SS_short,0.027387142,-0.034,441676,441940,NW_019862976.1_441676_441940
LOC112051753,NW_019863101.1,+,A5SS_short,0.003041354,-0.03,17805,18204,NW_019863101.1_17805_18204
LOC112045952,NW_019862844.1,+,A5SS_short,0.012965536,-0.215,279343,279712,NW_019862844.1_279343_279712
LOC112046481,NW_019862858.1,+,A5SS_short,2.02E-09,-0.064,148107,148501,NW_019862858.1_148107_148501
LOC112046481,NW_019862858.1,+,A5SS_short,0,-0.273,148107,148501,NW_019862858.1_148107_148501
LOC112046842,NW_019862873.1,+,A5SS_short,0.000991574,0.271,567091,567387,NW_019862873.1_567091_567387
LOC112046842,NW_019862873.1,+,A5SS_short,0.010657892,0.01,567091,567387,NW_019862873.1_567091_567387
LOC112053634,NW_019863264.1,-,A5SS_short,8.19E-05,0.115,149936,150154,NW_019863264.1_149936_150154
LOC112054025,NW_019863307.1,+,A5SS_short,0.022880063,-0.019,86877,87324,NW_019863307.1_86877_87324
LOC112058168,NW_019862772.1,+,A5SS_short,0.03282528,-0.143,1629237,1629619,NW_019862772.1_1629237_1629619
LOC112049762,NW_019862988.1,+,A5SS_short,0.014465858,0.029,190547,191064,NW_019862988.1_190547_191064
LOC112047120,NW_019862882.1,-,A5SS_short,4.62E-07,-0.234,757655,757958,NW_019862882.1_757655_757958
LOC112051468,NW_019863084.1,+,A5SS_short,0.002524827,0.36,86793,87170,NW_019863084.1_86793_87170
LOC112058238,NW_019862773.1,+,A5SS_short,0.003161672,-0.158,189203,189449,NW_019862773.1_189203_189449
LOC112058238,NW_019862773.1,+,A5SS_short,0.007044162,0.34,189203,189550,NW_019862773.1_189203_189550
LOC112045194,NW_019862826.1,+,A5SS_short,0.000543545,-0.051,395156,395550,NW_019862826.1_395156_395550
LOC112049025,NW_019862955.1,-,A5SS_short,2.78E-07,0.027,555790,556163,NW_019862955.1_555790_556163
LOC112052039,NW_019863120.1,+,A5SS_short,0.020828909,0.303,134741,134992,NW_019863120.1_134741_134992
LOC112045098,NW_019862823.1,-,A5SS_short,0.020647792,0.066,98031,98287,NW_019862823.1_98031_98287
LOC112049338,NW_019862968.1,+,A5SS_short,0.032582741,0.051,58132,58433,NW_019862968.1_58132_58433
LOC112052399,NW_019863145.1,+,A5SS_short,0.000127511,-0.026,110531,110870,NW_019863145.1_110531_110870
LOC112055455,NW_019863526.1,-,A5SS_short,1.42E-08,0.165,38759,39097,NW_019863526.1_38759_39097
LOC112047182,NW_019862883.1,+,A5SS_short,0.000136932,-0.466,59081,59405,NW_019862883.1_59081_59405
LOC112053642,NW_019863264.1,+,A5SS_short,3.89E-09,0.129,203351,203607,NW_019863264.1_203351_203607
LOC112053642,NW_019863264.1,+,A5SS_short,8.48E-08,0.126,203366,203607,NW_019863264.1_203366_203607
LOC112048512,NW_019862933.1,-,A5SS_short,0.011228462,-0.025,748272,748578,NW_019862933.1_748272_748578
LOC112046441,NW_019862857.1,+,A5SS_short,0.007432748,0.359,288463,288729,NW_019862857.1_288463_288729
LOC112051381,NW_019863079.1,-,A5SS_short,0.042774123,-0.033,68278,68693,NW_019863079.1_68278_68693
LOC112055556,NW_019863549.1,+,A5SS_short,0,0.877,90871,91262,NW_019863549.1_90871_91262
LOC112050107,NW_019863005.1,-,A5SS_short,0.000712363,0.286,21346,21679,NW_019863005.1_21346_21679
LOC112047512,NW_019862895.1,+,A5SS_short,9.56E-11,-0.053,179994,180295,NW_019862895.1_179994_180295
LOC112043342,NW_019862788.1,-,A5SS_short,4.81E-06,-0.065,1324043,1324427,NW_019862788.1_1324043_1324427
LOC112046305,NW_019862854.1,+,A5SS_short,0.0011347,-0.043,516299,516676,NW_019862854.1_516299_516676
LOC112046305,NW_019862854.1,+,A5SS_short,0.003950382,0.078,516477,516870,NW_019862854.1_516477_516870
LOC112057144,NW_019864370.1,-,A5SS_short,7.72E-12,-0.54,8874,9274,NW_019864370.1_8874_9274
LOC112053992,NW_019863304.1,+,A5SS_short,0.02931902,-0.283,117721,118079,NW_019863304.1_117721_118079
LOC112047845,NW_019862906.1,+,A5SS_short,0.026536222,0.336,31325,31639,NW_019862906.1_31325_31639
LOC112053291,NW_019863225.1,-,A5SS_short,0.000628366,0.036,122636,122964,NW_019863225.1_122636_122964
LOC112051807,NW_019863105.1,-,A5SS_short,0.014131733,-0.02,118264,118585,NW_019863105.1_118264_118585
LOC112052576,NW_019863160.1,-,A5SS_short,2.25E-07,-0.334,236593,236818,NW_019863160.1_236593_236818
LOC112053070,NW_019863202.1,+,A5SS_short,0,0.492,159148,159407,NW_019863202.1_159148_159407
LOC112048181,NW_019862920.1,-,A5SS_short,2.32E-09,0.315,69265,69563,NW_019862920.1_69265_69563
LOC112051025,NW_019863057.1,-,A5SS_short,4.09E-05,-0.215,288739,289119,NW_019863057.1_288739_289119
LOC112045215,NW_019862826.1,+,A5SS_short,0.005636623,0.066,1070565,1070977,NW_019862826.1_1070565_1070977
LOC112043990,NW_019862801.1,-,A5SS_short,2.14E-05,0.077,397192,397613,NW_019862801.1_397192_397613
LOC112057842,NW_019862767.1,-,A5SS_short,0.021132093,0.165,1077106,1077480,NW_019862767.1_1077106_1077480
LOC112050490,NW_019863025.1,+,A5SS_short,8.95E-05,-0.076,185477,185682,NW_019863025.1_185477_185682
LOC112050490,NW_019863025.1,+,A5SS_short,0.025088008,0.075,185477,185739,NW_019863025.1_185477_185739
LOC112050490,NW_019863025.1,+,A5SS_short,0.021411918,0.035,185488,185834,NW_019863025.1_185488_185834
LOC112053917,NW_019863295.1,-,A5SS_short,0.013833063,-0.167,52601,53040,NW_019863295.1_52601_53040
LOC112053917,NW_019863295.1,-,A5SS_short,0.013833063,-0.167,52601,53040,NW_019863295.1_52601_53040
LOC112054346,NW_019863348.1,+,A5SS_short,0.017921876,-0.137,110259,110522,NW_019863348.1_110259_110522
LOC112043675,NW_019862794.1,-,A5SS_short,2.13E-06,-0.044,1289192,1289517,NW_019862794.1_1289192_1289517
LOC112043675,NW_019862794.1,-,A5SS_short,7.23E-07,-0.047,1289192,1289517,NW_019862794.1_1289192_1289517
LOC112043939,NW_019862800.1,-,A5SS_short,0.000986091,0.368,827416,827758,NW_019862800.1_827416_827758
LOC112048533,NW_019862934.1,-,A5SS_short,0.000127511,0.427,179550,179843,NW_019862934.1_179550_179843
LOC112047462,NW_019862894.1,+,A5SS_short,0.02931902,0.238,501943,502298,NW_019862894.1_501943_502298
LOC112051386,NW_019863079.1,+,A5SS_short,4.64E-09,-0.023,69567,69812,NW_019863079.1_69567_69812
LOC112056473,NW_019863835.1,+,A5SS_short,0.001052601,-0.04,16411,16761,NW_019863835.1_16411_16761
LOC112058574,NW_019862778.1,-,A5SS_short,0.014105436,0.268,1350636,1350979,NW_019862778.1_1350636_1350979
LOC112058574,NW_019862778.1,-,A5SS_short,0.013575995,0.266,1350636,1350979,NW_019862778.1_1350636_1350979
LOC112058574,NW_019862778.1,-,A5SS_short,0.011256541,0.263,1350636,1350979,NW_019862778.1_1350636_1350979
LOC112058574,NW_019862778.1,-,A5SS_short,0.000213093,0.179,1350636,1350979,NW_019862778.1_1350636_1350979
LOC112058574,NW_019862778.1,-,A5SS_short,0.0007663,0.247,1350636,1350979,NW_019862778.1_1350636_1350979
LOC112058574,NW_019862778.1,-,A5SS_short,0.000817951,0.246,1350636,1350979,NW_019862778.1_1350636_1350979
LOC112058574,NW_019862778.1,-,A5SS_short,3.59E-06,0.062,1350636,1350979,NW_019862778.1_1350636_1350979
LOC112043682,NW_019862794.1,+,A5SS_short,0,0.819,1405006,1405218,NW_019862794.1_1405006_1405218
LOC112044854,NW_019862818.1,-,A5SS_short,1.72E-06,0.189,183427,183749,NW_019862818.1_183427_183749
LOC112056068,NW_019862763.1,-,A5SS_short,0.000404734,-0.598,152354,152797,NW_019862763.1_152354_152797
LOC112047180,NW_019862883.1,-,A5SS_short,0.003950382,-0.033,767864,768219,NW_019862883.1_767864_768219
LOC112053476,NW_019863244.1,+,A5SS_short,0.016954985,0.142,131650,131968,NW_019863244.1_131650_131968
LOC112047072,NW_019862881.1,+,A5SS_short,5.91E-08,0.575,434668,434941,NW_019862881.1_434668_434941
LOC112049660,NW_019862756.1,+,A5SS_short,2.37E-05,-0.102,183818,184184,NW_019862756.1_183818_184184
LOC112049660,NW_019862756.1,+,A5SS_short,2.40E-05,-0.414,183818,184184,NW_019862756.1_183818_184184
LOC112054869,NW_019863427.1,-,A5SS_short,6.51E-05,-0.337,60141,60461,NW_019863427.1_60141_60461
LOC112050047,NW_019863003.1,-,A5SS_short,0.00352681,0.26,146792,147073,NW_019863003.1_146792_147073
LOC112050047,NW_019863003.1,-,A5SS_short,0.000180831,0.058,146792,147073,NW_019863003.1_146792_147073
LOC112048699,NW_019862941.1,-,A5SS_short,8.20E-14,0.102,203452,203818,NW_019862941.1_203452_203818
LOC112044442,NW_019862809.1,+,A5SS_short,0.012345069,0.028,819790,820082,NW_019862809.1_819790_820082
LOC112044442,NW_019862809.1,+,A5SS_short,0.004279143,0.031,819790,820082,NW_019862809.1_819790_820082
LOC112044442,NW_019862809.1,+,A5SS_short,0.001789976,0.033,819790,820082,NW_019862809.1_819790_820082
LOC112044442,NW_019862809.1,+,A5SS_short,0.005112336,0.025,819790,820082,NW_019862809.1_819790_820082
LOC112045026,NW_019862822.1,+,A5SS_short,0.040628019,0.03,1048329,1048759,NW_019862822.1_1048329_1048759
LOC112053895,NW_019863292.1,-,A5SS_short,7.65E-06,0.039,29338,29670,NW_019863292.1_29338_29670
LOC112058466,NW_019862776.1,-,A5SS_short,0.00830948,0.019,851490,851801,NW_019862776.1_851490_851801
LOC112043638,NW_019862793.1,-,A5SS_short,0,0.161,1212644,1212901,NW_019862793.1_1212644_1212901
LOC112057884,NW_019862768.1,+,A5SS_short,0.01482261,0.083,1055336,1055798,NW_019862768.1_1055336_1055798
LOC112046139,NW_019862849.1,+,A5SS_short,0.002499189,-0.452,752268,752613,NW_019862849.1_752268_752613
LOC112047010,NW_019862880.1,-,A5SS_short,0.040274837,0.057,718004,718325,NW_019862880.1_718004_718325
LOC112047188,NW_019862883.1,+,A5SS_short,0.001349735,-0.044,915910,916328,NW_019862883.1_915910_916328
LOC112045707,NW_019862838.1,+,A5SS_short,2.06E-08,0.385,143221,143520,NW_019862838.1_143221_143520
LOC112045707,NW_019862838.1,+,A5SS_short,2.06E-08,0.653,143221,143520,NW_019862838.1_143221_143520
LOC112045707,NW_019862838.1,+,A5SS_short,0.008460778,-0.009,143221,143521,NW_019862838.1_143221_143521
LOC112052511,NW_019863154.1,+,A5SS_short,2.05E-06,-0.294,107189,107492,NW_019863154.1_107189_107492
LOC112052076,NW_019863123.1,-,A5SS_short,0.000181307,0.177,317782,318099,NW_019863123.1_317782_318099
LOC112044590,NW_019862813.1,-,A5SS_short,4.18E-05,0.33,832307,832636,NW_019862813.1_832307_832636
LOC112049934,NW_019862998.1,+,A5SS_short,0.002179614,-0.08,146554,146941,NW_019862998.1_146554_146941
LOC112043497,NW_019862791.1,+,A5SS_short,3.60E-10,0.031,1452890,1453174,NW_019862791.1_1452890_1453174
LOC112049313,NW_019862967.1,-,A5SS_short,0.001374683,0.049,172462,172772,NW_019862967.1_172462_172772
LOC112054291,NW_019863338.1,-,A5SS_short,0.040274837,-0.584,128128,128716,NW_019863338.1_128128_128716
LOC112054291,NW_019863338.1,-,A5SS_short,6.39E-05,0.058,128395,128716,NW_019863338.1_128395_128716
LOC112055815,NW_019863623.1,-,A5SS_short,0.04905039,0.454,29974,30298,NW_019863623.1_29974_30298
LOC112055815,NW_019863623.1,-,A5SS_short,0.02932559,-0.192,35220,35591,NW_019863623.1_35220_35591
LOC112052571,NW_019863159.1,-,A5SS_short,0.002604179,-0.223,19080,19392,NW_019863159.1_19080_19392
LOC112047065,NW_019862753.1,+,A5SS_short,1.25E-07,-0.037,1435792,1436082,NW_019862753.1_1435792_1436082
LOC112047055,NW_019862753.1,-,A5SS_short,7.86E-07,0.075,1463905,1464243,NW_019862753.1_1463905_1464243
LOC112047328,NW_019862753.1,+,A5SS_short,0.013427495,0.297,2316865,2317171,NW_019862753.1_2316865_2317171
LOC112046629,NW_019862864.1,+,A5SS_short,6.39E-05,0.225,445182,445541,NW_019862864.1_445182_445541
LOC112043146,NW_019862786.1,+,A5SS_short,0.007227413,-0.049,848473,848818,NW_019862786.1_848473_848818
LOC112043146,NW_019862786.1,+,A5SS_short,0.001816829,-0.06,848473,848818,NW_019862786.1_848473_848818
LOC112052932,NW_019862759.1,-,A5SS_short,0.01429573,-0.101,1245106,1245447,NW_019862759.1_1245106_1245447
LOC112048189,NW_019862920.1,-,A5SS_short,2.19E-06,0.323,611219,611541,NW_019862920.1_611219_611541
LOC112056049,NW_019863691.1,-,A5SS_short,0.010427193,0.014,30392,30757,NW_019863691.1_30392_30757
LOC112058615,NW_019862779.1,-,A5SS_short,0.002804654,0.066,358558,358902,NW_019862779.1_358558_358902
LOC112053058,NW_019863201.1,+,A5SS_short,0.038066746,-0.062,193608,193919,NW_019863201.1_193608_193919
LOC112055992,NW_019863677.1,+,A5SS_short,0.001083591,0.173,2787,3072,NW_019863677.1_2787_3072
LOC112043832,NW_019862799.1,+,A5SS_short,0.000117253,-0.018,243661,243949,NW_019862799.1_243661_243949
LOC112049668,NW_019862983.1,-,A5SS_short,0.010569374,-0.026,405677,405988,NW_019862983.1_405677_405988
LOC112055223,NW_019863481.1,+,A5SS_short,2.94E-06,0.094,111259,111638,NW_019863481.1_111259_111638
LOC112055619,NW_019863565.1,+,A5SS_short,0.002126114,-0.139,63190,63537,NW_019863565.1_63190_63537
LOC112042894,NW_019862781.1,+,A5SS_short,0.000449755,0.281,921442,921749,NW_019862781.1_921442_921749
LOC112054485,NW_019863363.1,+,A5SS_short,2.38E-05,-0.636,70420,70653,NW_019863363.1_70420_70653
LOC112057930,NW_019862769.1,-,A5SS_short,1.76E-09,-0.042,400303,400600,NW_019862769.1_400303_400600
LOC112057930,NW_019862769.1,-,A5SS_short,4.23E-08,-0.056,400303,400600,NW_019862769.1_400303_400600
LOC112057930,NW_019862769.1,-,A5SS_short,2.01E-05,-0.025,402230,402573,NW_019862769.1_402230_402573
LOC112057930,NW_019862769.1,-,A5SS_short,1.74E-07,-0.031,402230,402573,NW_019862769.1_402230_402573
LOC112057930,NW_019862769.1,-,A5SS_short,0.007892158,-0.02,402230,402573,NW_019862769.1_402230_402573
LOC112044711,NW_019862816.1,-,A5SS_short,0.003913961,0.05,891551,891820,NW_019862816.1_891551_891820
LOC112049642,NW_019862982.1,+,A5SS_short,0.021990978,0.029,91964,92278,NW_019862982.1_91964_92278
LOC112049633,NW_019862756.1,+,A5SS_short,0.00020714,-0.009,147664,147968,NW_019862756.1_147664_147968
LOC112044620,NW_019862813.1,+,A5SS_short,2.04E-06,0.239,465041,465329,NW_019862813.1_465041_465329
LOC112044360,NW_019862807.1,+,A5SS_short,0.014216106,0.051,293440,293696,NW_019862807.1_293440_293696
LOC112051684,NW_019863097.1,-,A5SS_short,0.026217025,-0.033,216218,216495,NW_019863097.1_216218_216495
LOC112049151,NW_019862961.1,-,A5SS_short,3.43E-07,-0.056,132228,132498,NW_019862961.1_132228_132498
LOC112052979,NW_019863193.1,+,A5SS_short,0.001644561,0.05,56914,57603,NW_019863193.1_56914_57603
LOC112049145,NW_019862961.1,-,A5SS_short,0.000395564,0.143,296462,296770,NW_019862961.1_296462_296770
LOC112049145,NW_019862961.1,-,A5SS_short,0.000368694,0.143,296462,296770,NW_019862961.1_296462_296770
LOC112044280,NW_019862806.1,+,A5SS_short,9.57E-05,-0.153,30159,30547,NW_019862806.1_30159_30547
LOC112044280,NW_019862806.1,+,A5SS_short,9.27E-06,0.047,33504,33877,NW_019862806.1_33504_33877
LOC112048612,NW_019862937.1,-,A5SS_short,8.06E-12,-0.414,403314,403531,NW_019862937.1_403314_403531
LOC112046050,NW_019862846.1,-,A5SS_short,2.26E-06,0.353,573785,574089,NW_019862846.1_573785_574089
LOC112045751,NW_019862840.1,-,A5SS_short,0.013575995,0.078,744744,745088,NW_019862840.1_744744_745088
LOC112048135,NW_019862918.1,-,A5SS_short,0.009244128,-0.024,480306,480674,NW_019862918.1_480306_480674
LOC112050509,NW_019863027.1,+,A5SS_short,0.000166362,-0.285,190413,190682,NW_019863027.1_190413_190682
LOC112050218,NW_019863013.1,+,A5SS_short,1.81E-06,-0.129,84294,84515,NW_019863013.1_84294_84515
LOC112056815,NW_019863997.1,-,A5SS_short,0.001411141,-0.023,19862,20225,NW_019863997.1_19862_20225
LOC112045610,NW_019862836.1,+,A5SS_short,0.009055069,-0.13,51184,51502,NW_019862836.1_51184_51502
LOC112046207,NW_019862850.1,-,A5SS_short,6.03E-05,0.124,589855,590193,NW_019862850.1_589855_590193
LOC112048621,NW_019862937.1,-,A5SS_short,0.048836309,0.085,224762,225102,NW_019862937.1_224762_225102
LOC112048203,NW_019862921.1,+,A5SS_short,0.000123042,0.196,469356,469680,NW_019862921.1_469356_469680
LOC112047383,NW_019862890.1,+,A5SS_short,2.93E-09,-0.202,226572,226884,NW_019862890.1_226572_226884
LOC112047383,NW_019862890.1,+,A5SS_short,5.01E-05,0.464,243710,244100,NW_019862890.1_243710_244100
LOC112051830,NW_019863107.1,-,A5SS_short,0.001991606,0.043,221410,221719,NW_019863107.1_221410_221719
LOC112057154,NW_019864389.1,-,A5SS_short,0.005014165,-0.389,8271,8566,NW_019864389.1_8271_8566
LOC112050024,NW_019863002.1,-,A5SS_short,0.004686154,-0.026,355962,356171,NW_019863002.1_355962_356171
LOC112050024,NW_019863002.1,-,A5SS_short,0.018092714,-0.007,356193,356486,NW_019863002.1_356193_356486
LOC112045682,NW_019862838.1,+,A5SS_short,4.23E-08,-0.683,205558,205878,NW_019862838.1_205558_205878
LOC112055051,NW_019863452.1,-,A5SS_short,0.003975532,-0.037,32611,32958,NW_019863452.1_32611_32958
LOC112055835,NW_019863631.1,-,A5SS_short,1.28E-05,-0.08,71428,71693,NW_019863631.1_71428_71693
LOC112057407,NW_019865253.1,+,A5SS_short,0.004859827,-0.115,1938,2255,NW_019865253.1_1938_2255
LOC112057407,NW_019865253.1,+,A5SS_short,0.000411147,-0.405,1938,2255,NW_019865253.1_1938_2255
LOC112045872,NW_019862842.1,+,A5SS_short,1.16E-06,0.036,117117,117526,NW_019862842.1_117117_117526
LOC112052940,NW_019863189.1,+,A5SS_short,0.020828909,0.026,268797,269191,NW_019863189.1_268797_269191
LOC112054694,NW_019862761.1,+,A5SS_short,2.40E-06,0.655,1977660,1977951,NW_019862761.1_1977660_1977951
LOC112053332,NW_019863229.1,+,A5SS_short,2.46E-05,-0.041,108070,108637,NW_019863229.1_108070_108637
LOC112048790,NW_019862755.1,+,A5SS_short,8.20E-14,-0.03,1151550,1152205,NW_019862755.1_1151550_1152205
LOC112057983,NW_019862770.1,-,RI,4.40E-08,-0.107,810690,811533,NW_019862770.1_810690_811533
LOC112043564,NW_019862792.1,+,RI,0.002696262,0.061,689920,691290,NW_019862792.1_689920_691290
LOC112048337,NW_019862926.1,-,RI,0.001812164,-0.065,31959,35475,NW_019862926.1_31959_35475
LOC112051062,NW_019863061.1,-,RI,0.037748891,-0.136,68023,69062,NW_019863061.1_68023_69062
LOC112053265,NW_019862759.1,-,RI,0.001237481,-0.187,2442179,2446933,NW_019862759.1_2442179_2446933
LOC112048140,NW_019862918.1,+,RI,0.002392903,-0.296,71233,71827,NW_019862918.1_71233_71827
LOC112046869,NW_019862874.1,+,RI,6.56E-07,0.179,97728,98128,NW_019862874.1_97728_98128
LOC112043773,NW_019862797.1,+,RI,0.000332855,0.12,704800,706397,NW_019862797.1_704800_706397
LOC112052030,NW_019863119.1,-,RI,0.002913521,0.222,250573,251108,NW_019863119.1_250573_251108
LOC112050024,NW_019863002.1,-,RI,0.000234824,-0.369,351031,351449,NW_019863002.1_351031_351449
LOC112053698,NW_019863273.1,+,RI,9.37E-07,0.186,161316,161803,NW_019863273.1_161316_161803
LOC112044438,NW_019862809.1,-,RI,0.001494083,-0.178,319640,320242,NW_019862809.1_319640_320242
LOC112052205,NW_019863133.1,-,RI,0.004467989,0.007,130252,130928,NW_019863133.1_130252_130928
LOC112043469,NW_019862791.1,+,RI,0.003939864,-0.032,306381,307067,NW_019862791.1_306381_307067
LOC112050905,NW_019863050.1,+,RI,0.002913521,-0.061,331097,331665,NW_019863050.1_331097_331665
LOC112043609,NW_019862793.1,+,RI,0.020536936,-0.127,198728,199323,NW_019862793.1_198728_199323
LOC112048778,NW_019862945.1,-,RI,0.000516369,-0.049,337049,337551,NW_019862945.1_337049_337551
LOC112053753,NW_019863278.1,+,RI,0.001287648,-0.033,114742,115309,NW_019863278.1_114742_115309
LOC112044454,NW_019862751.1,-,RI,5.07E-09,-0.581,334270,334632,NW_019862751.1_334270_334632
LOC112051765,NW_019863101.1,+,RI,0.035550405,0.008,223178,223749,NW_019863101.1_223178_223749
LOC112045251,NW_019862748.1,-,RI,7.06E-05,0.008,1528256,1528872,NW_019862748.1_1528256_1528872
LOC112045442,NW_019862832.1,-,RI,0.036757272,-0.067,304153,304666,NW_019862832.1_304153_304666
LOC112046042,NW_019862846.1,+,RI,0,0.263,956611,957306,NW_019862846.1_956611_957306
LOC112051118,NW_019862757.1,-,RI,9.51E-11,-0.26,1541673,1542279,NW_019862757.1_1541673_1542279
LOC112044799,NW_019862817.1,+,RI,0.005294191,-0.091,994613,995268,NW_019862817.1_994613_995268
LOC112043533,NW_019862792.1,-,RI,4.50E-05,-0.052,40525,41192,NW_019862792.1_40525_41192
LOC112044496,NW_019862810.1,-,RI,0.012464389,0.043,847033,847650,NW_019862810.1_847033_847650
LOC112044496,NW_019862810.1,-,RI,0.005567684,-0.119,847033,847650,NW_019862810.1_847033_847650
LOC112056208,NW_019863733.1,-,RI,0.000268354,0.038,53678,54327,NW_019863733.1_53678_54327
LOC112049684,NW_019862984.1,-,RI,6.86E-06,-0.193,382172,382846,NW_019862984.1_382172_382846
LOC112053871,NW_019863290.1,-,RI,0.00266053,-0.414,161843,162528,NW_019863290.1_161843_162528
LOC112044505,NW_019862810.1,-,RI,0.002207998,-0.055,1092421,1092984,NW_019862810.1_1092421_1092984
LOC112050417,NW_019862756.1,+,RI,2.79E-05,-0.134,1853458,1854104,NW_019862756.1_1853458_1854104
LOC112053366,NW_019863233.1,-,RI,0.009051247,-0.034,163888,164470,NW_019863233.1_163888_164470
LOC112053366,NW_019863233.1,-,RI,0.0002278,-0.051,164256,164720,NW_019863233.1_164256_164720
LOC112046892,NW_019862874.1,-,RI,0.001073307,0.049,58126,58710,NW_019862874.1_58126_58710
LOC112044703,NW_019862751.1,+,RI,0.002699262,-0.093,1009448,1010136,NW_019862751.1_1009448_1010136
LOC112052461,NW_019863150.1,+,RI,9.37E-07,-0.069,4473,5102,NW_019863150.1_4473_5102
LOC112043857,NW_019862799.1,-,RI,0.01273326,-0.037,938615,939161,NW_019862799.1_938615_939161
LOC112050746,NW_019863040.1,-,RI,6.34E-09,-0.017,31748,32385,NW_019863040.1_31748_32385
LOC112050746,NW_019863040.1,-,RI,3.25E-10,-0.574,31748,32385,NW_019863040.1_31748_32385
LOC112055058,NW_019863453.1,+,RI,6.90E-07,0.042,55927,56604,NW_019863453.1_55927_56604
LOC112049847,NW_019862994.1,-,RI,1.23E-07,-0.043,244085,244704,NW_019862994.1_244085_244704
LOC112051763,NW_019863101.1,-,RI,0.00049242,0.099,219622,220111,NW_019863101.1_219622_220111
LOC112046370,NW_019862856.1,-,RI,0.000242641,-0.035,737564,738200,NW_019862856.1_737564_738200
LOC112050499,NW_019863026.1,+,RI,0.024478391,-0.064,300177,300749,NW_019863026.1_300177_300749
LOC112043428,NW_019862790.1,+,RI,0.001386309,-0.164,660978,661422,NW_019862790.1_660978_661422
LOC112045502,NW_019862834.1,-,RI,0.002998832,-0.054,724687,725254,NW_019862834.1_724687_725254
LOC112053467,NW_019863243.1,+,RI,0.000598309,0.279,163220,163783,NW_019863243.1_163220_163783
LOC112047303,NW_019862887.1,+,RI,0,0.028,461678,462164,NW_019862887.1_461678_462164
LOC112052374,NW_019863143.1,+,RI,0.022583777,0.008,131584,132154,NW_019863143.1_131584_132154
LOC112051523,NW_019863087.1,+,RI,0.04135315,0.062,159548,160120,NW_019863087.1_159548_160120
LOC112051523,NW_019863087.1,+,RI,7.68E-08,-0.09,179909,180413,NW_019863087.1_179909_180413
LOC112051523,NW_019863087.1,+,RI,0.011891553,-0.007,179909,180413,NW_019863087.1_179909_180413
LOC112049437,NW_019862973.1,-,RI,2.35E-08,0.022,359867,360443,NW_019862973.1_359867_360443
LOC112044491,NW_019862810.1,+,RI,0.001197376,-0.18,733307,733986,NW_019862810.1_733307_733986
LOC112045569,NW_019862835.1,+,RI,0.00331622,-0.035,201747,202351,NW_019862835.1_201747_202351
LOC112052369,NW_019863143.1,-,RI,0.012703075,-0.035,14305,14977,NW_019863143.1_14305_14977
LOC112052404,NW_019863145.1,+,RI,1.78E-08,0.071,100585,100990,NW_019863145.1_100585_100990
LOC112043308,NW_019862788.1,+,RI,0.026392666,0.007,669762,670187,NW_019862788.1_669762_670187
LOC112052566,NW_019863158.1,-,RI,9.70E-08,-0.128,249541,250140,NW_019863158.1_249541_250140
LOC112049587,NW_019862980.1,-,RI,0.001073307,-0.071,63431,64060,NW_019862980.1_63431_64060
LOC112049842,NW_019862994.1,+,RI,8.49E-05,0.094,97995,98496,NW_019862994.1_97995_98496
LOC112047434,NW_019862893.1,-,RI,0,0.157,384770,385306,NW_019862893.1_384770_385306
LOC112043549,NW_019862792.1,-,RI,9.25E-05,-0.161,342394,342981,NW_019862792.1_342394_342981
LOC112043339,NW_019862788.1,-,RI,0,0.565,1275910,1276483,NW_019862788.1_1275910_1276483
LOC112045508,NW_019862834.1,+,RI,0.041253673,0.38,756948,757615,NW_019862834.1_756948_757615
LOC112047636,NW_019862748.1,+,RI,0.04135315,-0.092,2341818,2342328,NW_019862748.1_2341818_2342328
LOC112051312,NW_019863073.1,+,RI,6.34E-09,-0.229,213403,214062,NW_019863073.1_213403_214062
LOC112043394,NW_019862750.1,-,RI,0.034248333,-0.026,91920,92574,NW_019862750.1_91920_92574
LOC112056730,NW_019863959.1,+,RI,0.00145123,-0.026,37373,37909,NW_019863959.1_37373_37909
LOC112056306,NW_019863764.1,-,RI,0.044716325,-0.115,48255,48767,NW_019863764.1_48255_48767
LOC112043167,NW_019862786.1,+,RI,0.035924399,-0.274,1248464,1249073,NW_019862786.1_1248464_1249073
LOC112054063,NW_019863312.1,-,RI,0.025903153,0.097,62956,63537,NW_019863312.1_62956_63537
LOC112052843,NW_019862759.1,+,RI,4.23E-05,-0.371,928573,929264,NW_019862759.1_928573_929264
LOC112051839,NW_019863107.1,-,RI,0,0.044,496809,497435,NW_019863107.1_496809_497435
LOC112044884,NW_019862751.1,+,RI,4.22E-11,0.011,1680360,1681004,NW_019862751.1_1680360_1681004
LOC112045662,NW_019862837.1,-,RI,0.004623889,-0.115,35454,36033,NW_019862837.1_35454_36033
LOC112053642,NW_019863264.1,+,RI,0.000594284,-0.077,182813,183473,NW_019863264.1_182813_183473
LOC112053642,NW_019863264.1,+,RI,0.000721417,-0.08,183131,183808,NW_019863264.1_183131_183808
LOC112056457,NW_019863828.1,-,RI,0.008767548,-0.044,29021,29710,NW_019863828.1_29021_29710
LOC112056457,NW_019863828.1,-,RI,0.000442263,0.021,31282,31949,NW_019863828.1_31282_31949
LOC112056457,NW_019863828.1,-,RI,0.002913521,0.037,31282,31949,NW_019863828.1_31282_31949
LOC112053388,NW_019863237.1,-,RI,0.000592205,0.03,225913,226408,NW_019863237.1_225913_226408
LOC112054272,NW_019863335.1,-,RI,0,0.046,192200,192651,NW_019863335.1_192200_192651
LOC112058116,NW_019862771.1,+,RI,0.016097072,-0.021,885129,885734,NW_019862771.1_885129_885734
LOC112046504,NW_019862859.1,-,RI,0.039778415,0.006,674152,674847,NW_019862859.1_674152_674847
LOC112046979,NW_019862879.1,+,RI,0.00145123,-0.079,100261,100948,NW_019862879.1_100261_100948
LOC112057144,NW_019864370.1,-,RI,0.005831592,0.45,8772,9274,NW_019864370.1_8772_9274
LOC112044440,NW_019862809.1,+,RI,0.045953681,0.236,506032,506686,NW_019862809.1_506032_506686
LOC112049969,NW_019862756.1,+,RI,0.037272764,0.317,699768,700466,NW_019862756.1_699768_700466
LOC112058573,NW_019862778.1,-,RI,0.001539978,-0.357,1353429,1354086,NW_019862778.1_1353429_1354086
LOC112046885,NW_019862874.1,-,RI,1.54E-06,0.04,510102,510668,NW_019862874.1_510102_510668
LOC112046885,NW_019862874.1,-,RI,1.72E-06,0.301,510102,510669,NW_019862874.1_510102_510669
LOC112057756,NW_019862766.1,-,RI,0.003939864,0.027,160507,161190,NW_019862766.1_160507_161190
LOC112044504,NW_019862810.1,-,RI,0.003654682,0.112,1164713,1165315,NW_019862810.1_1164713_1165315
LOC112056355,NW_019863786.1,+,RI,0.022409051,-0.191,31698,32289,NW_019863786.1_31698_32289
LOC112043675,NW_019862794.1,-,RI,0.000598309,-0.02,1288947,1289517,NW_019862794.1_1288947_1289517
LOC112048533,NW_019862934.1,-,RI,0.036407955,0.116,178781,179326,NW_019862934.1_178781_179326
LOC112048533,NW_019862934.1,-,RI,2.12E-06,0.584,179532,180034,NW_019862934.1_179532_180034
LOC112057766,NW_019862766.1,+,RI,0.018318884,-0.061,317931,318551,NW_019862766.1_317931_318551
LOC112043159,NW_019862786.1,-,RI,0.000481012,-0.033,1019602,1020172,NW_019862786.1_1019602_1020172
LOC112053945,NW_019863297.1,+,RI,7.07E-06,-0.033,167124,167721,NW_019863297.1_167124_167721
LOC112050047,NW_019863003.1,-,RI,0.004303441,0.303,146539,147073,NW_019863003.1_146539_147073
LOC112050223,NW_019863013.1,-,RI,0.016892822,-0.249,237117,237647,NW_019863013.1_237117_237647
LOC112053895,NW_019863292.1,-,RI,1.26E-08,0.054,35429,36088,NW_019863292.1_35429_36088
LOC112058419,NW_019862776.1,-,RI,4.27E-05,0.024,787532,788079,NW_019862776.1_787532_788079
LOC112058419,NW_019862776.1,-,RI,4.98E-07,0.224,787532,788079,NW_019862776.1_787532_788079
LOC112058418,NW_019862776.1,-,RI,0.000210341,-0.268,799681,800277,NW_019862776.1_799681_800277
LOC112043638,NW_019862793.1,-,RI,0,-0.89,1212479,1212901,NW_019862793.1_1212479_1212901
LOC112054157,NW_019863325.1,-,RI,0.005473525,0.031,40811,41276,NW_019863325.1_40811_41276
LOC112052373,NW_019862759.1,+,RI,0.0296459,-0.012,2029225,2029824,NW_019862759.1_2029225_2029824
LOC112047007,NW_019862880.1,+,RI,1.12E-07,-0.078,161005,161699,NW_019862880.1_161005_161699
LOC112051501,NW_019863086.1,-,RI,0.000442263,-0.145,251954,252599,NW_019863086.1_251954_252599
LOC112054217,NW_019863330.1,+,RI,0.002472555,0.041,18556,19076,NW_019863330.1_18556_19076
LOC112053874,NW_019863290.1,-,RI,2.35E-08,0.11,200275,200861,NW_019863290.1_200275_200861
LOC112055197,NW_019862762.1,-,RI,0.049475791,-0.023,105537,106181,NW_019862762.1_105537_106181
LOC112047796,NW_019862904.1,-,RI,4.38E-14,-0.061,1302048,1302693,NW_019862904.1_1302048_1302693
LOC112047793,NW_019862904.1,-,RI,3.18E-08,0.03,1353363,1353908,NW_019862904.1_1353363_1353908
LOC112047793,NW_019862904.1,-,RI,0.021258545,0.155,1353363,1353908,NW_019862904.1_1353363_1353908
LOC112056026,NW_019863687.1,+,RI,1.07E-07,0.326,54866,55445,NW_019863687.1_54866_55445
LOC112050138,NW_019863008.1,-,RI,0,-0.309,103727,104362,NW_019863008.1_103727_104362
LOC112050158,NW_019863008.1,+,RI,0.000264924,0.045,173228,173835,NW_019863008.1_173228_173835
LOC112054769,NW_019863408.1,+,RI,0.000304075,-0.016,31645,32273,NW_019863408.1_31645_32273
LOC112053300,NW_019862759.1,-,RI,0.000442263,-0.086,156273,156824,NW_019862759.1_156273_156824
LOC112052630,NW_019862759.1,+,RI,3.32E-06,-0.202,462554,463122,NW_019862759.1_462554_463122
LOC112043851,NW_019862799.1,+,RI,6.12E-12,0.178,886296,886950,NW_019862799.1_886296_886950
LOC112043851,NW_019862799.1,+,RI,0.00158086,0.178,892994,893486,NW_019862799.1_892994_893486
LOC112054485,NW_019863363.1,+,RI,0.00266053,-0.703,70420,71069,NW_019863363.1_70420_71069
LOC112055925,NW_019863657.1,-,RI,0.011711327,0.112,15336,15921,NW_019863657.1_15336_15921
LOC112044702,NW_019862816.1,-,RI,1.07E-07,-0.158,393943,394631,NW_019862816.1_393943_394631
LOC112056494,NW_019863849.1,-,RI,0.000503719,-0.022,20986,21681,NW_019863849.1_20986_21681
LOC112053728,NW_019863277.1,-,RI,6.64E-08,0.062,121256,121908,NW_019863277.1_121256_121908
LOC112051462,NW_019863083.1,-,RI,0.00096081,0.056,304211,304783,NW_019863083.1_304211_304783
LOC112051453,NW_019863083.1,-,RI,0.001621936,0.011,355845,356313,NW_019863083.1_355845_356313
LOC112051453,NW_019863083.1,-,RI,3.55E-13,0.122,355845,356313,NW_019863083.1_355845_356313
LOC112049719,NW_019862756.1,+,RI,6.02E-06,-0.134,220600,221283,NW_019862756.1_220600_221283
LOC112049938,NW_019862756.1,+,RI,0.010125742,-0.012,675585,676257,NW_019862756.1_675585_676257
LOC112053517,NW_019863249.1,-,RI,2.37E-12,0.02,157666,158269,NW_019863249.1_157666_158269
LOC112047997,NW_019862911.1,-,RI,0.006048554,-0.045,448083,448624,NW_019862911.1_448083_448624
LOC112043875,NW_019862799.1,+,RI,0.008767548,0.093,835111,835546,NW_019862799.1_835111_835546
LOC112043875,NW_019862799.1,+,RI,0.017361268,0.014,835106,835546,NW_019862799.1_835106_835546
LOC112056587,NW_019863891.1,-,RI,0.000653641,-0.017,28441,29094,NW_019863891.1_28441_29094
LOC112050218,NW_019863013.1,+,RI,5.15E-07,-0.123,83240,83843,NW_019863013.1_83240_83843
LOC112050218,NW_019863013.1,+,RI,1.51E-05,-0.099,84294,84855,NW_019863013.1_84294_84855
LOC112050218,NW_019863013.1,+,RI,1.13E-09,-0.04,85395,85839,NW_019863013.1_85395_85839
LOC112050218,NW_019863013.1,+,RI,0.000106806,-0.015,86149,86807,NW_019863013.1_86149_86807
LOC112046734,NW_019862869.1,-,RI,2.82E-05,0.023,400223,400898,NW_019862869.1_400223_400898
LOC112047689,NW_019862901.1,-,RI,0.001148351,-0.059,380740,381408,NW_019862901.1_380740_381408
LOC112051564,NW_019863089.1,+,RI,0.003774734,-0.101,345873,346479,NW_019863089.1_345873_346479
LOC112048203,NW_019862921.1,+,RI,0.041253673,-0.155,469356,469882,NW_019862921.1_469356_469882
LOC112049983,NW_019863001.1,+,RI,0.017626088,0.012,350753,351250,NW_019863001.1_350753_351250
LOC112054527,NW_019862761.1,+,RI,0.002913521,0.03,1232855,1233515,NW_019862761.1_1232855_1233515
LOC112051697,NW_019863098.1,+,RI,0.001223963,-0.04,192993,193575,NW_019863098.1_192993_193575
