GeneID,chr,strand,SplicingType,FDR,delta_PSI,start,end,SID
LOC112050976,NW_019863054.1,-,SE,0.001161563,0.032,55060,55308,NW_019863054.1_55060_55308
LOC112044451,NW_019862809.1,+,SE,2.70E-08,0.077,972800,973083,NW_019862809.1_972800_973083
LOC112056812,NW_019863996.1,+,SE,0.011261557,-0.136,6923,7159,NW_019863996.1_6923_7159
LOC112049170,NW_019862962.1,+,SE,0.000202022,0.222,83165,84061,NW_019862962.1_83165_84061
LOC112054984,NW_019863443.1,+,SE,0.000197143,-0.02,110869,111177,NW_019863443.1_110869_111177
LOC112054984,NW_019863443.1,+,SE,0.002208764,-0.024,111542,111847,NW_019863443.1_111542_111847
LOC112054984,NW_019863443.1,+,SE,0.003433312,0.062,111542,111847,NW_019863443.1_111542_111847
LOC112056691,NW_019863945.1,-,SE,2.38E-05,-0.047,11618,11937,NW_019863945.1_11618_11937
LOC112056691,NW_019863945.1,-,SE,1.54E-06,-0.057,11647,11937,NW_019863945.1_11647_11937
LOC112051285,NW_019863072.1,+,SE,0.036066315,-0.101,142440,142900,NW_019863072.1_142440_142900
LOC112051285,NW_019863072.1,+,SE,0.010806069,-0.016,191663,191950,NW_019863072.1_191663_191950
LOC112051133,NW_019863064.1,-,SE,7.68E-08,0.378,318541,318885,NW_019863064.1_318541_318885
LOC112043606,NW_019862793.1,-,SE,0.009417127,0.289,89271,89642,NW_019862793.1_89271_89642
LOC112048805,NW_019862945.1,+,SE,0.007320003,0.309,529820,530195,NW_019862945.1_529820_530195
LOC112048804,NW_019862945.1,+,SE,0.010627267,0.047,504198,504473,NW_019862945.1_504198_504473
LOC112053753,NW_019863278.1,+,SE,0.009034426,-0.049,114739,115020,NW_019863278.1_114739_115020
LOC112052460,NW_019863150.1,+,SE,3.11E-05,-0.042,247246,247573,NW_019863150.1_247246_247573
LOC112052460,NW_019863150.1,+,SE,0.002237314,-0.027,247246,247588,NW_019863150.1_247246_247588
LOC112051879,NW_019863109.1,-,SE,0.011999479,0.13,261884,262135,NW_019863109.1_261884_262135
LOC112051425,NW_019863082.1,+,SE,1.63E-10,-0.106,320430,320719,NW_019863082.1_320430_320719
LOC112043577,NW_019862792.1,+,SE,1.06E-07,-0.06,1092975,1093286,NW_019862792.1_1092975_1093286
LOC112051215,NW_019863068.1,-,SE,1.67E-07,-0.099,214952,215307,NW_019863068.1_214952_215307
LOC112048194,NW_019862920.1,+,SE,0.005403714,0.061,586667,587074,NW_019862920.1_586667_587074
LOC112048194,NW_019862920.1,+,SE,0.038198539,0.121,587385,589589,NW_019862920.1_587385_589589
LOC112044454,NW_019862751.1,-,SE,8.92E-09,0.521,334270,334494,NW_019862751.1_334270_334494
LOC112052128,NW_019863128.1,+,SE,2.40E-05,0.122,21416,21660,NW_019863128.1_21416_21660
LOC112053903,NW_019862760.1,-,SE,0.033082019,0.033,1778855,1780225,NW_019862760.1_1778855_1780225
LOC112043601,NW_019862793.1,+,SE,0.000772702,0.062,1193710,1194106,NW_019862793.1_1193710_1194106
LOC112051862,NW_019862748.1,-,SE,0.001134569,-0.06,385522,385890,NW_019862748.1_385522_385890
LOC112046459,NW_019862858.1,+,SE,1.69E-09,-0.065,118726,119131,NW_019862858.1_118726_119131
LOC112046339,NW_019862855.1,-,SE,3.35E-05,0.369,669691,670012,NW_019862855.1_669691_670012
LOC112046339,NW_019862855.1,-,SE,0.003537838,0.063,669691,670012,NW_019862855.1_669691_670012
LOC112046339,NW_019862855.1,-,SE,2.36E-05,0.372,669691,670015,NW_019862855.1_669691_670015
LOC112046339,NW_019862855.1,-,SE,0.000819889,0.083,669691,670015,NW_019862855.1_669691_670015
LOC112043205,NW_019862787.1,+,SE,2.62E-05,0.408,324551,324897,NW_019862787.1_324551_324897
LOC112058428,NW_019862776.1,-,SE,0.000478581,-0.215,1072468,1072698,NW_019862776.1_1072468_1072698
LOC112050367,NW_019862748.1,+,SE,0,0.046,3442758,3443092,NW_019862748.1_3442758_3443092
LOC112046720,NW_019862748.1,+,SE,0,0.276,1902478,1902753,NW_019862748.1_1902478_1902753
LOC112052623,NW_019863164.1,-,SE,0.012719124,-0.03,44903,45314,NW_019863164.1_44903_45314
LOC112046832,NW_019862872.1,+,SE,5.62E-05,-0.124,395048,395422,NW_019862872.1_395048_395422
LOC112051708,NW_019863098.1,+,SE,0.001590944,-0.019,252277,252603,NW_019863098.1_252277_252603
LOC112042896,NW_019862749.1,-,SE,2.23E-08,-0.05,2199971,2200196,NW_019862749.1_2199971_2200196
LOC112045704,NW_019862838.1,+,SE,0.012480041,0.038,612889,613280,NW_019862838.1_612889_613280
LOC112044806,NW_019862817.1,-,SE,0.000155608,0.06,148618,148915,NW_019862817.1_148618_148915
LOC112056031,NW_019863688.1,-,SE,0.036800949,0.232,13596,13965,NW_019863688.1_13596_13965
LOC112047918,NW_019862908.1,-,SE,0.033468774,-0.033,387341,387679,NW_019862908.1_387341_387679
LOC112046844,NW_019862873.1,+,SE,1.72E-05,-0.049,181144,181540,NW_019862873.1_181144_181540
LOC112058377,NW_019862775.1,-,SE,0.000529689,0.024,1682479,1682760,NW_019862775.1_1682479_1682760
LOC112044288,NW_019862806.1,+,SE,0.007959071,0.047,536320,537334,NW_019862806.1_536320_537334
LOC112052388,NW_019863145.1,-,SE,0,-0.833,22725,23018,NW_019863145.1_22725_23018
LOC112043473,NW_019862750.1,+,SE,9.88E-10,-0.41,372006,372295,NW_019862750.1_372006_372295
LOC112043473,NW_019862750.1,+,SE,1.11E-07,-0.31,372006,372295,NW_019862750.1_372006_372295
LOC112046415,NW_019862857.1,-,SE,2.62E-06,0.078,568310,568645,NW_019862857.1_568310_568645
LOC112046415,NW_019862857.1,-,SE,6.83E-06,0.106,568310,568654,NW_019862857.1_568310_568654
LOC112045305,NW_019862828.1,+,SE,0.001997396,-0.168,795846,796079,NW_019862828.1_795846_796079
LOC112045305,NW_019862828.1,+,SE,0.005438109,0.03,798024,798299,NW_019862828.1_798024_798299
LOC112054517,NW_019863368.1,-,SE,8.03E-05,-0.24,189831,190095,NW_019863368.1_189831_190095
LOC112052601,NW_019863161.1,-,SE,0.001930829,0.427,220393,220773,NW_019863161.1_220393_220773
LOC112045528,NW_019862834.1,+,SE,2.61E-12,0.374,395767,396111,NW_019862834.1_395767_396111
LOC112045528,NW_019862834.1,+,SE,0.043235814,0.162,406807,407184,NW_019862834.1_406807_407184
LOC112052043,NW_019863120.1,-,SE,9.62E-11,0.08,91268,91948,NW_019863120.1_91268_91948
LOC112050343,NW_019863018.1,+,SE,0.0001194,-0.199,275888,276148,NW_019863018.1_275888_276148
LOC112042853,NW_019862780.1,+,SE,3.85E-06,0.05,763902,764191,NW_019862780.1_763902_764191
LOC112055597,NW_019862762.1,-,SE,6.79E-11,0.064,1381972,1382315,NW_019862762.1_1381972_1382315
LOC112055035,NW_019863450.1,-,SE,0.020371422,-0.078,56734,57519,NW_019863450.1_56734_57519
LOC112055429,NW_019862762.1,-,SE,5.97E-09,-0.074,340099,340427,NW_019862762.1_340099_340427
LOC112055429,NW_019862762.1,-,SE,6.94E-06,0.522,342701,343029,NW_019862762.1_342701_343029
LOC112055429,NW_019862762.1,-,SE,0.001846712,-0.628,344548,344876,NW_019862762.1_344548_344876
LOC112055429,NW_019862762.1,-,SE,5.97E-11,-0.119,347023,347351,NW_019862762.1_347023_347351
LOC112055429,NW_019862762.1,-,SE,0,-0.266,347023,347351,NW_019862762.1_347023_347351
LOC112055429,NW_019862762.1,-,SE,1.94E-05,-0.398,347023,347351,NW_019862762.1_347023_347351
LOC112055429,NW_019862762.1,-,SE,0.007550062,-0.174,348237,348565,NW_019862762.1_348237_348565
LOC112055429,NW_019862762.1,-,SE,3.42E-05,-0.4,348237,348565,NW_019862762.1_348237_348565
LOC112055429,NW_019862762.1,-,SE,2.72E-05,0.454,348741,349069,NW_019862762.1_348741_349069
LOC112055429,NW_019862762.1,-,SE,0.005214486,0.33,349210,349535,NW_019862762.1_349210_349535
LOC112055429,NW_019862762.1,-,SE,5.04E-08,0.073,349210,349535,NW_019862762.1_349210_349535
LOC112055429,NW_019862762.1,-,SE,0.02764239,-0.278,349650,349972,NW_019862762.1_349650_349972
LOC112048640,NW_019862938.1,-,SE,1.41E-07,-0.128,94029,94325,NW_019862938.1_94029_94325
LOC112048640,NW_019862938.1,-,SE,0.006385496,-0.089,94029,94325,NW_019862938.1_94029_94325
LOC112048640,NW_019862938.1,-,SE,0.025753523,-0.03,151637,151951,NW_019862938.1_151637_151951
LOC112055028,NW_019862762.1,+,SE,0.001239256,-0.037,59233,59968,NW_019862762.1_59233_59968
LOC112045793,NW_019862752.1,+,SE,0.011321533,-0.233,1288851,1289209,NW_019862752.1_1288851_1289209
LOC112045313,NW_019862829.1,-,SE,1.61E-05,-0.079,303071,303354,NW_019862829.1_303071_303354
LOC112052089,NW_019863124.1,+,SE,0.002045581,0.087,306237,306590,NW_019863124.1_306237_306590
LOC112052089,NW_019863124.1,+,SE,0.005740144,0.061,306501,308981,NW_019863124.1_306501_308981
LOC112054793,NW_019863415.1,+,SE,0.003669199,0.134,68533,68907,NW_019863415.1_68533_68907
LOC112051559,NW_019862758.1,-,SE,0.016299143,-0.235,646219,646454,NW_019862758.1_646219_646454
LOC112051516,NW_019862758.1,+,SE,0.011701717,0.031,280680,280908,NW_019862758.1_280680_280908
LOC112047541,NW_019862896.1,-,SE,6.83E-06,0.053,484823,485119,NW_019862896.1_484823_485119
LOC112044087,NW_019862803.1,+,SE,9.36E-05,-0.111,358804,359165,NW_019862803.1_358804_359165
LOC112050417,NW_019862756.1,+,SE,0,0.446,1857553,1857816,NW_019862756.1_1857553_1857816
LOC112050417,NW_019862756.1,+,SE,0.006152829,0.041,1857553,1857816,NW_019862756.1_1857553_1857816
LOC112054363,NW_019863351.1,-,SE,0.030885915,0.06,116411,116713,NW_019863351.1_116411_116713
LOC112044894,NW_019862751.1,-,SE,0.002576762,0.092,1710750,1711175,NW_019862751.1_1710750_1711175
LOC112044894,NW_019862751.1,-,SE,0.001553564,0.069,1710750,1711181,NW_019862751.1_1710750_1711181
LOC112051577,NW_019863090.1,-,SE,0.0001194,-0.031,42941,43238,NW_019863090.1_42941_43238
LOC112049404,NW_019862971.1,-,SE,0.002066292,-0.107,734178,734423,NW_019862971.1_734178_734423
LOC112045687,NW_019862838.1,-,SE,0.02219807,0.175,370806,371078,NW_019862838.1_370806_371078
LOC112053443,NW_019862760.1,+,SE,4.08E-05,-0.061,55165,55691,NW_019862760.1_55165_55691
LOC112053443,NW_019862760.1,+,SE,5.97E-06,-0.068,55360,55691,NW_019862760.1_55360_55691
LOC112053443,NW_019862760.1,+,SE,6.11E-06,-0.063,55370,55691,NW_019862760.1_55370_55691
LOC112054267,NW_019863335.1,+,SE,0.019065467,-0.053,31866,32216,NW_019863335.1_31866_32216
LOC112045354,NW_019862829.1,+,SE,0.002074465,-0.034,207884,208178,NW_019862829.1_207884_208178
LOC112055393,NW_019862762.1,+,SE,0.004259409,-0.2,275780,276098,NW_019862762.1_275780_276098
LOC112055393,NW_019862762.1,+,SE,2.42E-06,-0.219,275780,276098,NW_019862762.1_275780_276098
LOC112055393,NW_019862762.1,+,SE,0.006972683,-0.177,279762,280095,NW_019862762.1_279762_280095
LOC112055393,NW_019862762.1,+,SE,0.002062691,0.034,282844,283147,NW_019862762.1_282844_283147
LOC112055393,NW_019862762.1,+,SE,0.009440017,0.033,282844,283147,NW_019862762.1_282844_283147
LOC112043861,NW_019862799.1,+,SE,3.91E-06,-0.052,1081053,1081289,NW_019862799.1_1081053_1081289
LOC112043861,NW_019862799.1,+,SE,0.001297906,0.328,1083277,1083682,NW_019862799.1_1083277_1083682
LOC112043861,NW_019862799.1,+,SE,0.001034348,0.044,1084515,1085708,NW_019862799.1_1084515_1085708
LOC112058448,NW_019862776.1,-,SE,0.012109624,0.027,1582405,1582737,NW_019862776.1_1582405_1582737
LOC112058448,NW_019862776.1,-,SE,0.022753553,0.055,1584050,1584275,NW_019862776.1_1584050_1584275
LOC112054077,NW_019863315.1,+,SE,0.0030721,0.192,97608,97880,NW_019863315.1_97608_97880
LOC112054077,NW_019863315.1,+,SE,5.78E-06,-0.191,106803,107086,NW_019863315.1_106803_107086
LOC112054077,NW_019863315.1,+,SE,8.56E-05,-0.152,109047,109325,NW_019863315.1_109047_109325
LOC112054077,NW_019863315.1,+,SE,0,0.351,109047,109325,NW_019863315.1_109047_109325
LOC112048068,NW_019862754.1,+,SE,0.008709159,-0.116,1622275,1622553,NW_019862754.1_1622275_1622553
LOC112045056,NW_019862823.1,+,SE,0.01220507,-0.102,347121,347375,NW_019862823.1_347121_347375
LOC112049745,NW_019862987.1,+,SE,0.018687557,0.261,435665,436019,NW_019862987.1_435665_436019
LOC112050788,NW_019863043.1,+,SE,0.015355683,-0.392,375095,375368,NW_019863043.1_375095_375368
LOC112050796,NW_019863043.1,+,SE,0.040026582,0.043,45671,45945,NW_019863043.1_45671_45945
LOC112047740,NW_019862903.1,+,SE,0.002526188,-0.163,723758,724003,NW_019862903.1_723758_724003
LOC112049870,NW_019862756.1,-,SE,0.000125052,-0.069,646951,647275,NW_019862756.1_646951_647275
LOC112049870,NW_019862756.1,-,SE,0,-0.316,646951,647275,NW_019862756.1_646951_647275
LOC112051313,NW_019863074.1,+,SE,0.007540461,-0.049,162521,162784,NW_019863074.1_162521_162784
LOC112046887,NW_019862874.1,-,SE,0.00852719,0.342,22190,22611,NW_019862874.1_22190_22611
LOC112047356,NW_019862890.1,+,SE,0.003731552,-0.238,324774,325105,NW_019862890.1_324774_325105
LOC112047356,NW_019862890.1,+,SE,0.011429423,-0.346,324774,325105,NW_019862890.1_324774_325105
LOC112047356,NW_019862890.1,+,SE,0.001615058,-0.456,326214,326581,NW_019862890.1_326214_326581
LOC112047356,NW_019862890.1,+,SE,0.001039842,-0.36,326214,326581,NW_019862890.1_326214_326581
LOC112043130,NW_019862786.1,-,SE,1.95E-08,0.577,1108378,1108698,NW_019862786.1_1108378_1108698
LOC112043130,NW_019862786.1,-,SE,0.000149449,0.544,1108390,1108698,NW_019862786.1_1108390_1108698
LOC112047214,NW_019862884.1,-,SE,0.004584917,0.033,365303,365629,NW_019862884.1_365303_365629
LOC112043853,NW_019862799.1,-,SE,6.72E-05,-0.091,846947,847210,NW_019862799.1_846947_847210
LOC112043853,NW_019862799.1,-,SE,1.48E-05,-0.536,847957,848238,NW_019862799.1_847957_848238
LOC112043853,NW_019862799.1,-,SE,0.000423681,-0.113,848944,849210,NW_019862799.1_848944_849210
LOC112043853,NW_019862799.1,-,SE,7.62E-05,0.079,848944,849210,NW_019862799.1_848944_849210
LOC112043853,NW_019862799.1,-,SE,0.007107864,-0.179,848944,849219,NW_019862799.1_848944_849219
LOC112043853,NW_019862799.1,-,SE,0.001666412,0.172,848944,849219,NW_019862799.1_848944_849219
LOC112052165,NW_019863131.1,-,SE,0.003101407,-0.116,125165,125470,NW_019863131.1_125165_125470
LOC112053743,NW_019863277.1,-,SE,9.94E-06,0.404,31035,31349,NW_019863277.1_31035_31349
LOC112053743,NW_019863277.1,-,SE,0.003054011,0.269,31369,31734,NW_019863277.1_31369_31734
LOC112052839,NW_019862748.1,-,SE,3.35E-05,0.062,4100308,4100634,NW_019862748.1_4100308_4100634
LOC112052839,NW_019862748.1,-,SE,0.001216334,0.111,4108433,4108771,NW_019862748.1_4108433_4108771
LOC112048433,NW_019862930.1,+,SE,1.42E-05,-0.031,417761,417970,NW_019862930.1_417761_417970
LOC112054440,NW_019863357.1,+,SE,9.30E-06,0.032,134183,134482,NW_019863357.1_134183_134482
LOC112054440,NW_019863357.1,+,SE,0.037022715,-0.094,134896,135195,NW_019863357.1_134896_135195
LOC112052559,NW_019863157.1,+,SE,3.19E-05,0.064,71444,71680,NW_019863157.1_71444_71680
LOC112052559,NW_019863157.1,+,SE,0.001422561,0.043,107626,107867,NW_019863157.1_107626_107867
LOC112058550,NW_019862778.1,-,SE,0,0.098,1102868,1103181,NW_019862778.1_1102868_1103181
LOC112058550,NW_019862778.1,-,SE,0,-0.248,1103134,1103465,NW_019862778.1_1103134_1103465
LOC112052867,NW_019863182.1,-,SE,1.63E-05,0.122,230886,231252,NW_019863182.1_230886_231252
LOC112052867,NW_019863182.1,-,SE,3.78E-08,-0.073,232671,233037,NW_019863182.1_232671_233037
LOC112051523,NW_019863087.1,+,SE,0.0002946,0.09,159548,159951,NW_019863087.1_159548_159951
LOC112051523,NW_019863087.1,+,SE,0.001405168,-0.01,179021,179357,NW_019863087.1_179021_179357
LOC112051523,NW_019863087.1,+,SE,4.17E-05,-0.013,179358,179694,NW_019863087.1_179358_179694
LOC112052337,NW_019863141.1,-,SE,0.002001931,-0.032,172618,172926,NW_019863141.1_172618_172926
LOC112052337,NW_019863141.1,-,SE,0.027266758,-0.128,179558,179770,NW_019863141.1_179558_179770
LOC112043143,NW_019862749.1,+,SE,4.09E-08,-0.225,2853199,2853445,NW_019862749.1_2853199_2853445
LOC112051371,NW_019863078.1,-,SE,0.036367195,-0.05,45597,45993,NW_019863078.1_45597_45993
LOC112056771,NW_019863975.1,-,SE,9.89E-09,-0.514,14764,15051,NW_019863975.1_14764_15051
LOC112051008,NW_019863056.1,-,SE,0.020133823,0.419,165026,165410,NW_019863056.1_165026_165410
LOC112058474,NW_019862777.1,-,SE,2.85E-10,-0.172,806358,806612,NW_019862777.1_806358_806612
LOC112046146,NW_019862849.1,+,SE,0.00207775,0.276,797515,797824,NW_019862849.1_797515_797824
LOC112050715,NW_019863039.1,-,SE,0.036887012,-0.02,129759,130091,NW_019863039.1_129759_130091
LOC112053596,NW_019863259.1,+,SE,3.35E-05,0.029,294739,295002,NW_019863259.1_294739_295002
LOC112048517,NW_019862933.1,-,SE,0.000106833,-0.052,589989,590216,NW_019862933.1_589989_590216
LOC112056844,NW_019864022.1,+,SE,0,0.051,16604,16975,NW_019864022.1_16604_16975
LOC112044077,NW_019862803.1,+,SE,0.000308645,-0.107,139309,139644,NW_019862803.1_139309_139644
LOC112044077,NW_019862803.1,+,SE,0.000277319,0.326,141389,141723,NW_019862803.1_141389_141723
LOC112056683,NW_019863941.1,-,SE,0.039000624,-0.11,60092,60997,NW_019863941.1_60092_60997
LOC112056683,NW_019863941.1,-,SE,2.19E-07,0.374,61641,61970,NW_019863941.1_61641_61970
LOC112045516,NW_019862834.1,-,SE,0.039346981,-0.056,751371,751801,NW_019862834.1_751371_751801
LOC112046963,NW_019862879.1,+,SE,0.013024052,-0.028,51711,52009,NW_019862879.1_51711_52009
LOC112051387,NW_019863080.1,-,SE,0.000612428,0.365,232055,232281,NW_019863080.1_232055_232281
LOC112056645,NW_019862763.1,+,SE,0.032972659,0.013,1053929,1054210,NW_019862763.1_1053929_1054210
LOC112044293,NW_019862750.1,+,SE,0.000300284,0.049,2047017,2047391,NW_019862750.1_2047017_2047391
LOC112055469,NW_019863528.1,+,SE,0.000772295,-0.065,29447,29887,NW_019863528.1_29447_29887
LOC112049842,NW_019862994.1,+,SE,0.015153025,-0.1,99037,99289,NW_019862994.1_99037_99289
LOC112044494,NW_019862810.1,+,SE,0.003426159,0.029,739293,739733,NW_019862810.1_739293_739733
LOC112050999,NW_019863056.1,+,SE,8.59E-06,0.227,189185,189613,NW_019863056.1_189185_189613
LOC112049052,NW_019862956.1,-,SE,0.001202606,-0.22,503823,504391,NW_019862956.1_503823_504391
LOC112049052,NW_019862956.1,-,SE,0.041807014,-0.194,503823,504966,NW_019862956.1_503823_504966
LOC112047434,NW_019862893.1,-,SE,0,-0.067,382005,382675,NW_019862893.1_382005_382675
LOC112048039,NW_019862913.1,+,SE,0.002200706,0.035,460944,461211,NW_019862913.1_460944_461211
LOC112043700,NW_019862750.1,-,SE,0.000269068,-0.052,1289527,1289859,NW_019862750.1_1289527_1289859
LOC112046025,NW_019862846.1,+,SE,0.00325214,0.041,693960,694315,NW_019862846.1_693960_694315
LOC112043045,NW_019862784.1,+,SE,0.020191972,-0.058,1522774,1523118,NW_019862784.1_1522774_1523118
LOC112046166,NW_019862849.1,+,SE,0.000851303,0.036,607871,608284,NW_019862849.1_607871_608284
LOC112053274,NW_019863223.1,+,SE,2.96E-06,-0.248,161386,161792,NW_019863223.1_161386_161792
LOC112046705,NW_019862868.1,-,SE,5.18E-05,-0.159,492873,493804,NW_019862868.1_492873_493804
LOC112046894,NW_019862874.1,+,SE,1.14E-07,-0.063,272302,272919,NW_019862874.1_272302_272919
LOC112045772,NW_019862840.1,-,SE,4.55E-09,0.021,445871,446227,NW_019862840.1_445871_446227
LOC112044750,NW_019862817.1,-,SE,4.41E-11,0.225,865994,866411,NW_019862817.1_865994_866411
LOC112043032,NW_019862784.1,-,SE,4.76E-06,0.057,1173581,1173841,NW_019862784.1_1173581_1173841
LOC112051972,NW_019863117.1,+,SE,0.001904663,0.26,137650,137895,NW_019863117.1_137650_137895
LOC112043926,NW_019862750.1,-,SE,0.007664799,-0.124,1898959,1899302,NW_019862750.1_1898959_1899302
LOC112051638,NW_019863093.1,-,SE,0.012018523,0.016,300507,300876,NW_019863093.1_300507_300876
LOC112058326,NW_019862774.1,-,SE,0.008846811,-0.112,1343102,1343456,NW_019862774.1_1343102_1343456
LOC112054036,NW_019863307.1,+,SE,3.06E-08,0.329,139703,139995,NW_019863307.1_139703_139995
LOC112054036,NW_019863307.1,+,SE,0.006385496,0.148,140541,140896,NW_019863307.1_140541_140896
LOC112049495,NW_019862976.1,-,SE,0.014738029,-0.192,82561,83259,NW_019862976.1_82561_83259
LOC112054766,NW_019863407.1,-,SE,0.006969321,0.13,68012,68480,NW_019863407.1_68012_68480
LOC112052141,NW_019863130.1,-,SE,2.70E-11,0.231,77997,78307,NW_019863130.1_77997_78307
LOC112052141,NW_019863130.1,-,SE,3.21E-10,0.203,77997,78310,NW_019863130.1_77997_78310
LOC112057694,NW_019862765.1,+,SE,9.17E-06,-0.146,1286639,1286917,NW_019862765.1_1286639_1286917
LOC112045576,NW_019862752.1,+,SE,0.000120197,-0.359,860512,860768,NW_019862752.1_860512_860768
LOC112043199,NW_019862787.1,-,SE,0.015043434,0.089,27259,27738,NW_019862787.1_27259_27738
LOC112049503,NW_019862976.1,-,SE,5.73E-12,0.03,436098,436361,NW_019862976.1_436098_436361
LOC112049503,NW_019862976.1,-,SE,1.06E-06,-0.107,436973,437236,NW_019862976.1_436973_437236
LOC112049503,NW_019862976.1,-,SE,9.09E-06,0.159,441669,441940,NW_019862976.1_441669_441940
LOC112055519,NW_019863544.1,-,SE,0.043295316,0.016,99278,99673,NW_019863544.1_99278_99673
LOC112055491,NW_019862748.1,+,SE,0.000214654,-0.085,467944,468294,NW_019862748.1_467944_468294
LOC112055262,NW_019862762.1,-,SE,0.006239772,-0.05,188134,188762,NW_019862762.1_188134_188762
LOC112055262,NW_019862762.1,-,SE,0.046545381,0.016,188754,189086,NW_019862762.1_188754_189086
LOC112048503,NW_019862933.1,+,SE,1.34E-06,0.236,113926,114322,NW_019862933.1_113926_114322
LOC112048503,NW_019862933.1,+,SE,1.52E-10,0.324,113926,114322,NW_019862933.1_113926_114322
LOC112046365,NW_019862752.1,-,SE,0.033740551,0.026,65226,65559,NW_019862752.1_65226_65559
LOC112042935,NW_019862782.1,-,SE,0.025928228,0.024,1150792,1151036,NW_019862782.1_1150792_1151036
LOC112042935,NW_019862782.1,-,SE,2.37E-07,0.116,1151710,1152090,NW_019862782.1_1151710_1152090
LOC112042935,NW_019862782.1,-,SE,9.96E-07,0.122,1153148,1153444,NW_019862782.1_1153148_1153444
LOC112042935,NW_019862782.1,-,SE,0.000327664,0.021,1157028,1157414,NW_019862782.1_1157028_1157414
LOC112042935,NW_019862782.1,-,SE,0.02068638,0.042,1207755,1208111,NW_019862782.1_1207755_1208111
LOC112042935,NW_019862782.1,-,SE,0.001596906,-0.042,1218531,1218821,NW_019862782.1_1218531_1218821
LOC112049762,NW_019862988.1,+,SE,1.30E-08,-0.12,183799,184071,NW_019862988.1_183799_184071
LOC112047120,NW_019862882.1,-,SE,0.036066315,-0.175,757655,758093,NW_019862882.1_757655_758093
LOC112048050,NW_019862754.1,-,SE,0.044212315,0.066,1606504,1606805,NW_019862754.1_1606504_1606805
LOC112046090,NW_019862847.1,-,SE,0.009640981,-0.057,427497,428024,NW_019862847.1_427497_428024
LOC112054666,NW_019862761.1,+,SE,0.018444941,-0.073,1963298,1963654,NW_019862761.1_1963298_1963654
LOC112057669,NW_019862765.1,+,SE,6.21E-06,0.237,837860,838155,NW_019862765.1_837860_838155
LOC112057669,NW_019862765.1,+,SE,0.039775854,0.117,861736,861963,NW_019862765.1_861736_861963
LOC112052860,NW_019863182.1,+,SE,0,0.364,36504,36764,NW_019863182.1_36504_36764
LOC112058572,NW_019862778.1,+,SE,8.84E-10,0.181,1382178,1382479,NW_019862778.1_1382178_1382479
LOC112045140,NW_019862824.1,-,SE,0.025338853,-0.02,573284,573706,NW_019862824.1_573284_573706
LOC112045140,NW_019862824.1,-,SE,0.002952814,-0.027,574934,575233,NW_019862824.1_574934_575233
LOC112057989,NW_019862770.1,+,SE,0.000143264,-0.078,1296216,1296993,NW_019862770.1_1296216_1296993
LOC112046190,NW_019862850.1,-,SE,7.24E-08,-0.105,415372,415665,NW_019862850.1_415372_415665
LOC112047811,NW_019862904.1,-,SE,0.045189489,-0.026,249418,249829,NW_019862904.1_249418_249829
LOC112050902,NW_019863049.1,-,SE,0.038201289,-0.054,32843,33085,NW_019863049.1_32843_33085
LOC112045861,NW_019862842.1,-,SE,0.023663684,-0.047,608758,609073,NW_019862842.1_608758_609073
LOC112046693,NW_019862867.1,+,SE,0.000805871,-0.018,669234,670202,NW_019862867.1_669234_670202
LOC112046693,NW_019862867.1,+,SE,5.21E-12,-0.074,672456,672719,NW_019862867.1_672456_672719
LOC112046693,NW_019862867.1,+,SE,0.000701865,0.087,675284,675631,NW_019862867.1_675284_675631
LOC112046693,NW_019862867.1,+,SE,7.76E-05,0.09,675287,675631,NW_019862867.1_675287_675631
LOC112047834,NW_019862905.1,-,SE,0.000263692,0.023,524998,525267,NW_019862905.1_524998_525267
LOC112048035,NW_019862913.1,-,SE,0.000178086,-0.051,291440,291873,NW_019862913.1_291440_291873
LOC112048035,NW_019862913.1,-,SE,0.000213685,-0.088,291440,291882,NW_019862913.1_291440_291882
LOC112053034,NW_019863198.1,+,SE,0.00047207,0.149,147813,148084,NW_019863198.1_147813_148084
LOC112054414,NW_019863355.1,+,SE,4.39E-05,-0.09,175944,176254,NW_019863355.1_175944_176254
LOC112049613,NW_019862981.1,+,SE,0.000197143,-0.111,229513,229788,NW_019862981.1_229513_229788
LOC112049613,NW_019862981.1,+,SE,0,-0.137,233116,233364,NW_019862981.1_233116_233364
LOC112049613,NW_019862981.1,+,SE,1.97E-05,-0.138,236496,236838,NW_019862981.1_236496_236838
LOC112046441,NW_019862857.1,+,SE,2.77E-05,0.044,288851,289072,NW_019862857.1_288851_289072
LOC112055556,NW_019863549.1,+,SE,1.72E-05,0.266,87167,87507,NW_019863549.1_87167_87507
LOC112055556,NW_019863549.1,+,SE,0.008416977,0.17,87222,87507,NW_019863549.1_87222_87507
LOC112049399,NW_019862971.1,+,SE,1.90E-10,0.036,208769,209065,NW_019862971.1_208769_209065
LOC112047770,NW_019862904.1,+,SE,6.88E-07,-0.183,998639,998928,NW_019862904.1_998639_998928
LOC112047770,NW_019862904.1,+,SE,4.75E-06,-0.129,1000221,1000544,NW_019862904.1_1000221_1000544
LOC112046931,NW_019862753.1,+,SE,9.17E-06,-0.019,1212609,1212922,NW_019862753.1_1212609_1212922
LOC112049969,NW_019862756.1,+,SE,0.046545381,0.317,1143890,1144285,NW_019862756.1_1143890_1144285
LOC112055337,NW_019863502.1,-,SE,0.014893165,-0.063,6713,7000,NW_019863502.1_6713_7000
LOC112057718,NW_019862765.1,+,SE,0,0.331,1773779,1774045,NW_019862765.1_1773779_1774045
LOC112057718,NW_019862765.1,+,SE,0,0.486,1773785,1774045,NW_019862765.1_1773785_1774045
LOC112051626,NW_019863091.1,-,SE,0.00746304,-0.183,139982,140272,NW_019863091.1_139982_140272
LOC112055066,NW_019863454.1,-,SE,0.0289363,0.174,76062,76428,NW_019863454.1_76062_76428
LOC112053291,NW_019863225.1,-,SE,1.91E-06,-0.157,122273,122601,NW_019863225.1_122273_122601
LOC112053291,NW_019863225.1,-,SE,1.43E-10,0.152,122636,122964,NW_019863225.1_122636_122964
LOC112052587,NW_019863160.1,+,SE,0.00040216,-0.021,177951,178229,NW_019863160.1_177951_178229
LOC112049489,NW_019862976.1,+,SE,0.000526311,0.031,329658,329924,NW_019862976.1_329658_329924
LOC112043679,NW_019862750.1,-,SE,0.029227107,0.02,1265534,1265816,NW_019862750.1_1265534_1265816
LOC112046296,NW_019862853.1,-,SE,0.040599063,0.091,322911,323279,NW_019862853.1_322911_323279
LOC112046296,NW_019862853.1,-,SE,0.048462098,0.062,322911,323279,NW_019862853.1_322911_323279
LOC112046108,NW_019862848.1,+,SE,0.000490552,0.055,333493,333864,NW_019862848.1_333493_333864
LOC112047884,NW_019862907.1,+,SE,5.01E-10,0.309,417644,417958,NW_019862907.1_417644_417958
LOC112047134,NW_019862882.1,-,SE,0.01436726,-0.483,462646,463428,NW_019862882.1_462646_463428
LOC112055996,NW_019863677.1,+,SE,3.07E-13,-0.376,67143,67415,NW_019863677.1_67143_67415
LOC112051191,NW_019863068.1,+,SE,0.0269709,0.071,143774,144178,NW_019863068.1_143774_144178
LOC112052714,NW_019862759.1,-,SE,0.003957987,0.031,609480,609777,NW_019862759.1_609480_609777
LOC112052466,NW_019862759.1,+,SE,0.009688499,0.033,162117,162428,NW_019862759.1_162117_162428
LOC112057842,NW_019862767.1,-,SE,0.031420716,-0.262,1071371,1071691,NW_019862767.1_1071371_1071691
LOC112057842,NW_019862767.1,-,SE,5.48E-05,-0.076,1088947,1089264,NW_019862767.1_1088947_1089264
LOC112054727,NW_019863402.1,-,SE,2.67E-11,-0.279,79254,79469,NW_019863402.1_79254_79469
LOC112050490,NW_019863025.1,+,SE,0.012874305,0.023,185904,186218,NW_019863025.1_185904_186218
LOC112046777,NW_019862870.1,-,SE,0.012839815,-0.062,654867,655160,NW_019862870.1_654867_655160
LOC112046777,NW_019862870.1,-,SE,0.000496949,-0.115,654867,655160,NW_019862870.1_654867_655160
LOC112051327,NW_019863075.1,+,SE,3.32E-06,-0.031,316110,316331,NW_019863075.1_316110_316331
LOC112048087,NW_019862916.1,-,SE,4.17E-05,-0.175,148557,148839,NW_019862916.1_148557_148839
LOC112058001,NW_019862770.1,-,SE,0.006397602,0.065,1515276,1515678,NW_019862770.1_1515276_1515678
LOC112044245,NW_019862805.1,-,SE,0.033904368,-0.149,1015065,1015345,NW_019862805.1_1015065_1015345
LOC112056072,NW_019863696.1,-,SE,0,-0.224,26291,26557,NW_019863696.1_26291_26557
LOC112056072,NW_019863696.1,-,SE,0,-0.269,26291,26557,NW_019863696.1_26291_26557
LOC112048533,NW_019862934.1,-,SE,0.00021913,0.474,180523,180822,NW_019862934.1_180523_180822
LOC112047969,NW_019862910.1,+,SE,0.024959838,-0.131,375078,375410,NW_019862910.1_375078_375410
LOC112055354,NW_019863506.1,+,SE,0.004245308,-0.044,25117,25455,NW_019863506.1_25117_25455
LOC112053737,NW_019863277.1,+,SE,0.044199747,-0.166,17917,18186,NW_019863277.1_17917_18186
LOC112051380,NW_019863079.1,+,SE,0.039346981,0.308,39510,39806,NW_019863079.1_39510_39806
LOC112054625,NW_019863386.1,-,SE,0.014161436,0.11,44932,45307,NW_019863386.1_44932_45307
LOC112058407,NW_019862776.1,+,SE,0.032733353,0.013,484154,484450,NW_019862776.1_484154_484450
LOC112047864,NW_019862754.1,+,SE,0.000140066,0.085,657129,657536,NW_019862754.1_657129_657536
LOC112054767,NW_019863408.1,+,SE,4.39E-07,-0.103,137921,138192,NW_019863408.1_137921_138192
LOC112047914,NW_019862908.1,-,SE,0.002986184,0.217,158384,158655,NW_019862908.1_158384_158655
LOC112050729,NW_019863039.1,+,SE,0.000977489,0.212,329693,330074,NW_019863039.1_329693_330074
LOC112043377,NW_019862789.1,+,SE,0.02789259,0.05,853257,853557,NW_019862789.1_853257_853557
LOC112043377,NW_019862789.1,+,SE,0.011162096,0.028,855092,855388,NW_019862789.1_855092_855388
LOC112047654,NW_019862900.1,+,SE,0.006929851,0.084,657093,657359,NW_019862900.1_657093_657359
LOC112053401,NW_019863238.1,-,SE,0.033210055,-0.054,205597,205875,NW_019863238.1_205597_205875
LOC112055018,NW_019863448.1,+,SE,5.49E-05,0.034,18553,18921,NW_019863448.1_18553_18921
LOC112043159,NW_019862786.1,-,SE,0.00025267,0.035,1009063,1009454,NW_019862786.1_1009063_1009454
LOC112057906,NW_019862768.1,-,SE,0.013471832,0.159,1849566,1849873,NW_019862768.1_1849566_1849873
LOC112052747,NW_019862759.1,-,SE,0.001698548,0.121,622147,622425,NW_019862759.1_622147_622425
LOC112045273,NW_019862828.1,+,SE,0.019625847,-0.018,136276,136623,NW_019862828.1_136276_136623
LOC112058156,NW_019862772.1,-,SE,2.05E-08,0.466,1144921,1145232,NW_019862772.1_1144921_1145232
LOC112058156,NW_019862772.1,-,SE,4.81E-11,0.506,1144921,1145235,NW_019862772.1_1144921_1145235
LOC112058156,NW_019862772.1,-,SE,0.000230789,0.423,1145928,1146233,NW_019862772.1_1145928_1146233
LOC112058156,NW_019862772.1,-,SE,0.012989427,0.082,1146158,1146466,NW_019862772.1_1146158_1146466
LOC112058156,NW_019862772.1,-,SE,0.000380055,0.076,1146158,1146469,NW_019862772.1_1146158_1146469
LOC112058156,NW_019862772.1,-,SE,0.038192449,-0.021,1146611,1146910,NW_019862772.1_1146611_1146910
LOC112046692,NW_019862867.1,+,SE,0.028169692,-0.036,285752,286000,NW_019862867.1_285752_286000
LOC112044442,NW_019862809.1,+,SE,0.042480785,-0.123,825594,825833,NW_019862809.1_825594_825833
LOC112055427,NW_019863522.1,-,SE,0.003731552,-0.184,74793,75175,NW_019863522.1_74793_75175
LOC112055427,NW_019863522.1,-,SE,1.23E-05,0.153,75356,75738,NW_019863522.1_75356_75738
LOC112048341,NW_019862926.1,-,SE,0.009778739,0.099,233150,234633,NW_019862926.1_233150_234633
LOC112045835,NW_019862842.1,-,SE,0.022743924,-0.031,707115,708498,NW_019862842.1_707115_708498
LOC112051151,NW_019862757.1,+,SE,0.003580168,-0.046,1470713,1470961,NW_019862757.1_1470713_1470961
LOC112051151,NW_019862757.1,+,SE,0.012365715,-0.126,1470716,1470961,NW_019862757.1_1470716_1470961
LOC112053895,NW_019863292.1,-,SE,0.002928517,0.022,27661,28081,NW_019863292.1_27661_28081
LOC112053895,NW_019863292.1,-,SE,0.008329407,0.134,32545,32847,NW_019863292.1_32545_32847
LOC112053895,NW_019863292.1,-,SE,0,0.059,35429,35734,NW_019863292.1_35429_35734
LOC112053895,NW_019863292.1,-,SE,0,0.211,35801,36070,NW_019863292.1_35801_36070
LOC112053895,NW_019863292.1,-,SE,0.000840515,-0.107,35801,36070,NW_019863292.1_35801_36070
LOC112053886,NW_019863292.1,+,SE,2.97E-08,0.039,127035,127340,NW_019863292.1_127035_127340
LOC112045812,NW_019862841.1,+,SE,0.000654592,-0.32,283223,283688,NW_019862841.1_283223_283688
LOC112045812,NW_019862841.1,+,SE,0.000127004,-0.466,283223,283688,NW_019862841.1_283223_283688
LOC112045812,NW_019862841.1,+,SE,0.000878134,-0.336,283692,284033,NW_019862841.1_283692_284033
LOC112058466,NW_019862776.1,-,SE,3.66E-08,0.05,824964,825227,NW_019862776.1_824964_825227
LOC112043638,NW_019862793.1,-,SE,0.007281072,0.037,1212479,1212734,NW_019862793.1_1212479_1212734
LOC112052373,NW_019862759.1,+,SE,0.034121549,-0.042,2016657,2016943,NW_019862759.1_2016657_2016943
LOC112052373,NW_019862759.1,+,SE,0.019168628,0.096,2018833,2019093,NW_019862759.1_2018833_2019093
LOC112052373,NW_019862759.1,+,SE,0.014441474,-0.029,2029538,2029825,NW_019862759.1_2029538_2029825
LOC112057891,NW_019862768.1,-,SE,0.014893165,0.144,1228667,1228981,NW_019862768.1_1228667_1228981
LOC112043581,NW_019862792.1,-,SE,0.001301626,-0.039,1173274,1173618,NW_019862792.1_1173274_1173618
LOC112047183,NW_019862883.1,-,SE,2.42E-05,0.1,619433,619740,NW_019862883.1_619433_619740
LOC112046732,NW_019862869.1,-,SE,0.000374268,-0.035,35511,35753,NW_019862869.1_35511_35753
LOC112046732,NW_019862869.1,-,SE,1.12E-07,-0.237,35511,35753,NW_019862869.1_35511_35753
LOC112046732,NW_019862869.1,-,SE,0.02738097,-0.007,42446,42734,NW_019862869.1_42446_42734
LOC112046714,NW_019862869.1,-,SE,0.000839837,-0.021,203852,204290,NW_019862869.1_203852_204290
LOC112052982,NW_019863193.1,-,SE,0.042623078,-0.014,6741,7147,NW_019863193.1_6741_7147
LOC112051672,NW_019863096.1,+,SE,1.54E-06,0.041,215221,215523,NW_019863096.1_215221_215523
LOC112056170,NW_019863725.1,+,SE,0.000233679,-0.06,29762,30045,NW_019863725.1_29762_30045
LOC112054232,NW_019863330.1,+,SE,0.011999479,0.051,142588,142947,NW_019863330.1_142588_142947
LOC112054772,NW_019863409.1,-,SE,0,0.189,112414,112765,NW_019863409.1_112414_112765
LOC112050883,NW_019862757.1,+,SE,0.000380055,0.069,1776522,1776818,NW_019862757.1_1776522_1776818
LOC112051314,NW_019862757.1,-,SE,0.00276116,0.113,2506529,2506903,NW_019862757.1_2506529_2506903
LOC112050031,NW_019863002.1,+,SE,0.035397031,0.237,257417,258175,NW_019863002.1_257417_258175
LOC112055966,NW_019863669.1,-,SE,0.016513806,-0.023,43652,43993,NW_019863669.1_43652_43993
LOC112047787,NW_019862904.1,-,SE,0.005806338,-0.042,384247,384618,NW_019862904.1_384247_384618
LOC112049569,NW_019862979.1,-,SE,0.001753541,-0.188,471177,471582,NW_019862979.1_471177_471582
LOC112055815,NW_019863623.1,-,SE,0.000198118,0.602,29289,29610,NW_019863623.1_29289_29610
LOC112055815,NW_019863623.1,-,SE,0.000513304,0.526,29289,29610,NW_019863623.1_29289_29610
LOC112055815,NW_019863623.1,-,SE,0.046221177,-0.287,30546,30870,NW_019863623.1_30546_30870
LOC112056194,NW_019863732.1,-,SE,0.044343267,-0.384,28757,29018,NW_019863732.1_28757_29018
LOC112050231,NW_019863013.1,-,SE,4.37E-09,0.33,258016,258261,NW_019863013.1_258016_258261
LOC112052571,NW_019863159.1,-,SE,3.08E-06,0.084,45546,45782,NW_019863159.1_45546_45782
LOC112052571,NW_019863159.1,-,SE,0.007824374,0.057,45546,45782,NW_019863159.1_45546_45782
LOC112047239,NW_019862753.1,+,SE,0.000159791,0.106,1908587,1908833,NW_019862753.1_1908587_1908833
LOC112053742,NW_019863277.1,+,SE,0.009669843,-0.285,34536,35168,NW_019863277.1_34536_35168
LOC112043162,NW_019862786.1,-,SE,0.024133189,0.078,1008007,1008272,NW_019862786.1_1008007_1008272
LOC112051067,NW_019863061.1,-,SE,0.002746013,0.024,95430,95939,NW_019863061.1_95430_95939
LOC112053300,NW_019862759.1,-,SE,0.000478581,0.287,154917,155258,NW_019862759.1_154917_155258
LOC112052608,NW_019862759.1,-,SE,0.001113506,0.022,369637,370053,NW_019862759.1_369637_370053
LOC112052608,NW_019862759.1,-,SE,0,0.095,378086,378361,NW_019862759.1_378086_378361
LOC112053333,NW_019863229.1,-,SE,0.036782752,-0.078,119427,119827,NW_019863229.1_119427_119827
LOC112044658,NW_019862815.1,-,SE,0.041544524,0.207,72934,73167,NW_019862815.1_72934_73167
LOC112054339,NW_019863347.1,-,SE,0.02970486,0.024,115455,115784,NW_019863347.1_115455_115784
LOC112043773,NW_019862797.1,+,SE,0.005390146,0.091,702792,703052,NW_019862797.1_702792_703052
LOC112054241,NW_019863332.1,-,SE,0.046545381,-0.027,195586,195936,NW_019863332.1_195586_195936
LOC112043829,NW_019862799.1,-,SE,0.027266758,0.063,218979,219227,NW_019862799.1_218979_219227
LOC112043851,NW_019862799.1,+,SE,4.01E-06,0.443,888203,888617,NW_019862799.1_888203_888617
LOC112043851,NW_019862799.1,+,SE,2.26E-07,0.169,890094,890502,NW_019862799.1_890094_890502
LOC112046881,NW_019862874.1,-,SE,0.020265854,-0.065,9747,10048,NW_019862874.1_9747_10048
LOC112051744,NW_019862748.1,-,SE,0.001613742,-0.057,3903608,3903877,NW_019862748.1_3903608_3903877
LOC112049142,NW_019862961.1,-,SE,5.32E-09,0.148,360842,361242,NW_019862961.1_360842_361242
LOC112055453,NW_019863525.1,-,SE,8.96E-14,-0.096,113982,114260,NW_019863525.1_113982_114260
LOC112048366,NW_019862927.1,+,SE,0.001437341,0.021,138427,138735,NW_019862927.1_138427_138735
LOC112052130,NW_019863128.1,-,SE,0.000634711,-0.154,230839,231119,NW_019863128.1_230839_231119
LOC112046203,NW_019862850.1,+,SE,0,-0.398,349365,349792,NW_019862850.1_349365_349792
LOC112042894,NW_019862781.1,+,SE,0,-0.264,965520,965993,NW_019862781.1_965520_965993
LOC112043807,NW_019862798.1,-,SE,0.000181607,-0.071,1236149,1236443,NW_019862798.1_1236149_1236443
LOC112052437,NW_019863148.1,-,SE,6.04E-07,0.17,41882,42172,NW_019863148.1_41882_42172
LOC112054350,NW_019863349.1,+,SE,0.006196114,0.586,187006,187374,NW_019863349.1_187006_187374
LOC112054350,NW_019863349.1,+,SE,1.06E-07,0.068,188055,188423,NW_019863349.1_188055_188423
LOC112054350,NW_019863349.1,+,SE,0.03554345,-0.04,191779,192168,NW_019863349.1_191779_192168
LOC112043925,NW_019862800.1,+,SE,0.026330674,-0.254,525124,525474,NW_019862800.1_525124_525474
LOC112043925,NW_019862800.1,+,SE,0.020869118,0.21,526920,527267,NW_019862800.1_526920_527267
LOC112043935,NW_019862800.1,-,SE,6.27E-12,-0.111,701331,701615,NW_019862800.1_701331_701615
LOC112043568,NW_019862792.1,+,SE,1.08E-07,-0.038,841705,842055,NW_019862792.1_841705_842055
LOC112056173,NW_019863726.1,-,SE,0.000916928,-0.135,68967,69218,NW_019863726.1_68967_69218
LOC112054942,NW_019863435.1,-,SE,1.54E-07,-0.264,81462,81697,NW_019863435.1_81462_81697
LOC112052347,NW_019863142.1,-,SE,0.005104565,0.019,184487,184744,NW_019863142.1_184487_184744
LOC112048173,NW_019862919.1,-,SE,0.011498741,0.097,582740,582995,NW_019862919.1_582740_582995
LOC112052591,NW_019863161.1,-,SE,0.033465553,-0.1,184410,184778,NW_019863161.1_184410_184778
LOC112050384,NW_019862756.1,-,SE,0.014070003,0.059,1796084,1796360,NW_019862756.1_1796084_1796360
LOC112048149,NW_019862918.1,+,SE,0.00045379,-0.103,460193,461039,NW_019862918.1_460193_461039
LOC112044349,NW_019862807.1,-,SE,6.98E-06,-0.116,187753,188055,NW_019862807.1_187753_188055
LOC112044357,NW_019862807.1,-,SE,0.008731717,0.191,248298,248581,NW_019862807.1_248298_248581
LOC112051684,NW_019863097.1,-,SE,1.34E-05,-0.187,180115,180360,NW_019863097.1_180115_180360
LOC112047364,NW_019862890.1,-,SE,0.008416977,-0.02,149769,150002,NW_019862890.1_149769_150002
LOC112047364,NW_019862890.1,-,SE,0.043528514,0.034,155543,155914,NW_019862890.1_155543_155914
LOC112045981,NW_019862845.1,+,SE,5.71E-09,-0.15,909611,909937,NW_019862845.1_909611_909937
LOC112045981,NW_019862845.1,+,SE,0.010043158,-0.087,930072,930305,NW_019862845.1_930072_930305
LOC112046614,NW_019862863.1,+,SE,6.60E-06,-0.045,827785,828015,NW_019862863.1_827785_828015
LOC112056309,NW_019863765.1,+,SE,2.79E-07,0.146,37750,38040,NW_019863765.1_37750_38040
LOC112056309,NW_019863765.1,+,SE,3.80E-05,-0.079,37750,38040,NW_019863765.1_37750_38040
LOC112056309,NW_019863765.1,+,SE,9.17E-06,-0.092,41659,41961,NW_019863765.1_41659_41961
LOC112043734,NW_019862796.1,-,SE,0.000111618,-0.205,56086,56343,NW_019862796.1_56086_56343
LOC112052191,NW_019863132.1,-,SE,0.00055344,-0.057,161075,161486,NW_019863132.1_161075_161486
LOC112048135,NW_019862918.1,-,SE,1.77E-06,0.069,484133,484424,NW_019862918.1_484133_484424
LOC112048135,NW_019862918.1,-,SE,0.00253107,0.05,484147,484424,NW_019862918.1_484147_484424
LOC112050209,NW_019863012.1,+,SE,0.000411635,0.031,457709,457969,NW_019863012.1_457709_457969
LOC112046661,NW_019862866.1,-,SE,0.001492946,0.049,293582,294108,NW_019862866.1_293582_294108
LOC112042858,NW_019862780.1,-,SE,0.000772295,-0.097,974252,974527,NW_019862780.1_974252_974527
LOC112054590,NW_019863380.1,-,SE,0,0.366,120412,120816,NW_019863380.1_120412_120816
LOC112056837,NW_019864017.1,+,SE,0.030854794,0.027,27820,28288,NW_019864017.1_27820_28288
LOC112054151,NW_019863325.1,+,SE,8.94E-05,0.045,224865,225248,NW_019863325.1_224865_225248
LOC112046080,NW_019862847.1,+,SE,0.029476877,0.043,462482,462745,NW_019862847.1_462482_462745
LOC112046069,NW_019862847.1,-,SE,0.011983331,-0.109,971861,972130,NW_019862847.1_971861_972130
LOC112049061,NW_019862957.1,+,SE,0.000146057,0.065,504455,504891,NW_019862957.1_504455_504891
LOC112051357,NW_019863077.1,-,SE,0,0.369,297596,297847,NW_019863077.1_297596_297847
LOC112051357,NW_019863077.1,-,SE,4.45E-05,-0.031,305191,305520,NW_019863077.1_305191_305520
LOC112049318,NW_019862968.1,+,SE,0.000578841,-0.061,298473,298801,NW_019862968.1_298473_298801
LOC112054240,NW_019863331.1,+,SE,0.000643754,-0.086,172814,173464,NW_019863331.1_172814_173464
LOC112044663,NW_019862815.1,+,SE,0.005496412,0.092,1039829,1040119,NW_019862815.1_1039829_1040119
LOC112045889,NW_019862843.1,+,SE,1.50E-05,0.124,13254,13466,NW_019862843.1_13254_13466
LOC112045640,NW_019862837.1,+,SE,0.001673984,0.063,891477,891942,NW_019862837.1_891477_891942
LOC112049214,NW_019862755.1,+,SE,0.022083285,0.248,2563213,2563524,NW_019862755.1_2563213_2563524
LOC112049214,NW_019862755.1,+,SE,0.005457539,0.382,2563663,2563974,NW_019862755.1_2563663_2563974
LOC112049214,NW_019862755.1,+,SE,0.00207775,0.165,2563663,2563974,NW_019862755.1_2563663_2563974
LOC112049214,NW_019862755.1,+,SE,0.000318246,0.565,2563663,2563974,NW_019862755.1_2563663_2563974
LOC112049214,NW_019862755.1,+,SE,0.032236705,-0.068,2566063,2566434,NW_019862755.1_2566063_2566434
LOC112044455,NW_019862809.1,-,SE,0.037095702,0.025,1038166,1038733,NW_019862809.1_1038166_1038733
LOC112044455,NW_019862809.1,-,SE,0.003822118,0.041,1038373,1038733,NW_019862809.1_1038373_1038733
LOC112044455,NW_019862809.1,-,SE,0.018908179,0.036,1038432,1038733,NW_019862809.1_1038432_1038733
LOC112044451,NW_019862809.1,+,SE,0.014161436,0.128,972818,973083,NW_019862809.1_972818_973083
LOC112049170,NW_019862962.1,+,SE,0.003230566,0.229,83400,84061,NW_019862962.1_83400_84061
LOC112049170,NW_019862962.1,+,SE,0.004119051,0.227,83553,84061,NW_019862962.1_83553_84061
LOC112046669,NW_019862866.1,+,SE,0.00055344,-0.189,744070,744435,NW_019862866.1_744070_744435
LOC112043493,NW_019862791.1,+,SE,1.06E-07,-0.419,1449804,1450173,NW_019862791.1_1449804_1450173
LOC112043481,NW_019862791.1,+,SE,0.033216742,-0.067,800238,800558,NW_019862791.1_800238_800558
LOC112043481,NW_019862791.1,+,SE,0.034505487,-0.062,800251,800896,NW_019862791.1_800251_800896
LOC112054984,NW_019863443.1,+,SE,8.34E-05,-0.064,110912,111177,NW_019863443.1_110912_111177
LOC112054984,NW_019863443.1,+,SE,0.009866588,-0.062,111182,111847,NW_019863443.1_111182_111847
LOC112054984,NW_019863443.1,+,SE,0.009778739,-0.062,111452,111847,NW_019863443.1_111452_111847
LOC112056691,NW_019863945.1,-,SE,0.000129014,-0.064,11618,11997,NW_019863945.1_11618_11997
LOC112056691,NW_019863945.1,-,SE,3.38E-07,-0.327,11631,11937,NW_019863945.1_11631_11937
LOC112056691,NW_019863945.1,-,SE,6.36E-07,-0.119,11647,11997,NW_019863945.1_11647_11997
LOC112051132,NW_019863064.1,+,SE,0.019104073,-0.258,64344,64673,NW_019863064.1_64344_64673
LOC112051132,NW_019863064.1,+,SE,0.009135834,-0.201,64344,64700,NW_019863064.1_64344_64700
LOC112048805,NW_019862945.1,+,SE,0.005107308,0.428,529820,530204,NW_019862945.1_529820_530204
LOC112048480,NW_019862932.1,-,SE,0.011886155,-0.056,509649,509957,NW_019862932.1_509649_509957
LOC112048480,NW_019862932.1,-,SE,0.027296185,-0.105,509649,509963,NW_019862932.1_509649_509963
LOC112053753,NW_019863278.1,+,SE,0.019107406,-0.096,114742,115020,NW_019863278.1_114742_115020
LOC112053753,NW_019863278.1,+,SE,0.027783431,-0.096,114749,115020,NW_019863278.1_114749_115020
LOC112052460,NW_019863150.1,+,SE,3.04E-10,-0.251,247199,247573,NW_019863150.1_247199_247573
LOC112052460,NW_019863150.1,+,SE,1.29E-06,-0.061,247199,247588,NW_019863150.1_247199_247588
LOC112052460,NW_019863150.1,+,SE,1.80E-05,-0.047,247246,247587,NW_019863150.1_247246_247587
LOC112050258,NW_019863014.1,+,SE,0.003870982,-0.431,160527,160761,NW_019863014.1_160527_160761
LOC112051879,NW_019863109.1,-,SE,0.000133032,0.206,261878,262135,NW_019863109.1_261878_262135
LOC112043515,NW_019862792.1,-,SE,2.69E-09,-0.097,1212134,1212392,NW_019862792.1_1212134_1212392
LOC112043515,NW_019862792.1,-,SE,9.54E-11,-0.039,1212134,1212460,NW_019862792.1_1212134_1212460
LOC112051425,NW_019863082.1,+,SE,4.02E-09,-0.259,320430,320697,NW_019863082.1_320430_320697
LOC112051425,NW_019863082.1,+,SE,2.83E-09,-0.148,320430,320719,NW_019863082.1_320430_320719
LOC112043577,NW_019862792.1,+,SE,1.81E-07,-0.164,1093002,1093286,NW_019862792.1_1093002_1093286
LOC112051215,NW_019863068.1,-,SE,2.01E-05,-0.042,214952,215332,NW_019863068.1_214952_215332
LOC112053679,NW_019863271.1,+,SE,0.014988339,0.081,51081,51441,NW_019863271.1_51081_51441
LOC112048194,NW_019862920.1,+,SE,0.016205989,0.138,586667,587073,NW_019862920.1_586667_587073
LOC112048194,NW_019862920.1,+,SE,0.013651821,0.079,586706,587074,NW_019862920.1_586706_587074
LOC112048194,NW_019862920.1,+,SE,0.013651821,0.079,586709,587074,NW_019862920.1_586709_587074
LOC112051765,NW_019863101.1,+,SE,0,-0.149,244385,244832,NW_019863101.1_244385_244832
LOC112051765,NW_019863101.1,+,SE,0,-0.17,244528,244832,NW_019863101.1_244528_244832
LOC112057184,NW_019864480.1,-,SE,0.020273814,-0.219,4506,5148,NW_019864480.1_4506_5148
LOC112043601,NW_019862793.1,+,SE,0.00658917,0.122,1193710,1194025,NW_019862793.1_1193710_1194025
LOC112043601,NW_019862793.1,+,SE,0.005429482,0.115,1193710,1194032,NW_019862793.1_1193710_1194032
LOC112043601,NW_019862793.1,+,SE,0.004504441,0.105,1193710,1194057,NW_019862793.1_1193710_1194057
LOC112054131,NW_019862760.1,-,SE,0.005588759,0.091,310583,310955,NW_019862760.1_310583_310955
LOC112054131,NW_019862760.1,-,SE,0.006969571,0.09,310583,310962,NW_019862760.1_310583_310962
LOC112054131,NW_019862760.1,-,SE,0.004441451,0.1,310583,310985,NW_019862760.1_310583_310985
LOC112043412,NW_019862790.1,+,SE,9.62E-11,-0.041,178249,178693,NW_019862790.1_178249_178693
LOC112043412,NW_019862790.1,+,SE,1.87E-07,-0.031,178395,178693,NW_019862790.1_178395_178693
LOC112043412,NW_019862790.1,+,SE,0.001127864,-0.02,178458,178693,NW_019862790.1_178458_178693
LOC112051376,NW_019863078.1,-,SE,0.018941883,-0.309,221489,221788,NW_019863078.1_221489_221788
LOC112051376,NW_019863078.1,-,SE,0.003151373,-0.376,221532,221788,NW_019863078.1_221532_221788
LOC112051862,NW_019862748.1,-,SE,0.001404407,-0.108,385522,385913,NW_019862748.1_385522_385913
LOC112051862,NW_019862748.1,-,SE,0.003364489,-0.095,385522,385918,NW_019862748.1_385522_385918
LOC112051862,NW_019862748.1,-,SE,0.001161563,-0.109,385522,385940,NW_019862748.1_385522_385940
LOC112051862,NW_019862748.1,-,SE,0.001229823,-0.109,385522,385969,NW_019862748.1_385522_385969
LOC112051862,NW_019862748.1,-,SE,0.001229823,-0.109,385522,385974,NW_019862748.1_385522_385974
LOC112051862,NW_019862748.1,-,SE,0.001060807,-0.11,385522,385980,NW_019862748.1_385522_385980
LOC112051862,NW_019862748.1,-,SE,0.001424623,-0.104,385526,385890,NW_019862748.1_385526_385890
LOC112051862,NW_019862748.1,-,SE,0.001920952,-0.093,465232,465462,NW_019862748.1_465232_465462
LOC112046459,NW_019862858.1,+,SE,1.47E-08,-0.255,118881,119131,NW_019862858.1_118881_119131
LOC112046339,NW_019862855.1,-,SE,0.011886155,0.044,669691,670079,NW_019862855.1_669691_670079
LOC112046339,NW_019862855.1,-,SE,2.80E-05,-0.045,671197,671602,NW_019862855.1_671197_671602
LOC112043205,NW_019862787.1,+,SE,6.86E-05,0.484,324533,324897,NW_019862787.1_324533_324897
LOC112058428,NW_019862776.1,-,SE,2.03E-05,0.388,1076732,1077055,NW_019862776.1_1076732_1077055
LOC112050367,NW_019862748.1,+,SE,0,0.076,3442747,3443092,NW_019862748.1_3442747_3443092
LOC112050367,NW_019862748.1,+,SE,0,0.112,3442758,3443091,NW_019862748.1_3442758_3443091
LOC112050367,NW_019862748.1,+,SE,0,0.074,3442760,3443092,NW_019862748.1_3442760_3443092
LOC112046720,NW_019862748.1,+,SE,0.001160083,0.023,1894994,1895274,NW_019862748.1_1894994_1895274
LOC112046720,NW_019862748.1,+,SE,2.04E-05,0.027,1894994,1895605,NW_019862748.1_1894994_1895605
LOC112046720,NW_019862748.1,+,SE,0.013779884,0.01,1895062,1895605,NW_019862748.1_1895062_1895605
LOC112046720,NW_019862748.1,+,SE,0.011429423,0.01,1895257,1895605,NW_019862748.1_1895257_1895605
LOC112046720,NW_019862748.1,+,SE,0,0.312,1902466,1902753,NW_019862748.1_1902466_1902753
LOC112046720,NW_019862748.1,+,SE,0,0.308,1902478,1902752,NW_019862748.1_1902478_1902752
LOC112052623,NW_019863164.1,-,SE,0.005726661,-0.063,44903,45268,NW_019863164.1_44903_45268
LOC112052623,NW_019863164.1,-,SE,0.005257663,-0.063,44903,45311,NW_019863164.1_44903_45311
LOC112052623,NW_019863164.1,-,SE,6.74E-08,0.14,47685,47964,NW_019863164.1_47685_47964
LOC112046832,NW_019862872.1,+,SE,2.08E-05,-0.106,394855,395422,NW_019862872.1_394855_395422
LOC112046832,NW_019862872.1,+,SE,3.87E-05,-0.104,395032,395422,NW_019862872.1_395032_395422
LOC112051951,NW_019862758.1,-,SE,0.001971434,0.015,2123181,2123444,NW_019862758.1_2123181_2123444
LOC112051708,NW_019863098.1,+,SE,0.001380252,-0.035,252257,252603,NW_019863098.1_252257_252603
LOC112058469,NW_019862749.1,+,SE,3.62E-07,-0.403,1381965,1382269,NW_019862749.1_1381965_1382269
LOC112045704,NW_019862838.1,+,SE,0.013151789,0.059,612870,613280,NW_019862838.1_612870_613280
LOC112045704,NW_019862838.1,+,SE,0.000233679,0.082,612889,613201,NW_019862838.1_612889_613201
LOC112058170,NW_019862749.1,-,SE,0.006758648,-0.086,387269,387558,NW_019862749.1_387269_387558
LOC112052627,NW_019863164.1,+,SE,0.026078948,-0.085,78113,78788,NW_019863164.1_78113_78788
LOC112052627,NW_019863164.1,+,SE,0.004752359,0.094,78173,78698,NW_019863164.1_78173_78698
LOC112052627,NW_019863164.1,+,SE,0.026078948,-0.085,78292,78788,NW_019863164.1_78292_78788
LOC112055664,NW_019863579.1,+,SE,0.006179977,0.054,149359,149792,NW_019863579.1_149359_149792
LOC112056414,NW_019862763.1,-,SE,0,0.016,1583171,1583803,NW_019862763.1_1583171_1583803
LOC112047697,NW_019862901.1,+,SE,0.001232223,-0.379,654405,654749,NW_019862901.1_654405_654749
LOC112047918,NW_019862908.1,-,SE,0.006193106,-0.065,387341,387665,NW_019862908.1_387341_387665
LOC112048866,NW_019862948.1,-,SE,2.22E-05,0.036,139482,139751,NW_019862948.1_139482_139751
LOC112051535,NW_019863088.1,+,SE,0.043967185,0.224,360922,361283,NW_019863088.1_360922_361283
LOC112051535,NW_019863088.1,+,SE,0.044093577,0.226,360937,361283,NW_019863088.1_360937_361283
LOC112046844,NW_019862873.1,+,SE,4.27E-05,-0.087,181177,181540,NW_019862873.1_181177_181540
LOC112049074,NW_019862958.1,-,SE,0.029672719,-0.025,36360,36682,NW_019862958.1_36360_36682
LOC112043322,NW_019862788.1,+,SE,0.002354294,-0.192,1046790,1047124,NW_019862788.1_1046790_1047124
LOC112043322,NW_019862788.1,+,SE,0.00107456,-0.107,1046790,1047183,NW_019862788.1_1046790_1047183
LOC112043322,NW_019862788.1,+,SE,0.008178205,-0.158,1046812,1047183,NW_019862788.1_1046812_1047183
LOC112043473,NW_019862750.1,+,SE,0.0001194,-0.291,371885,372295,NW_019862750.1_371885_372295
LOC112043473,NW_019862750.1,+,SE,0.000835977,-0.15,371885,372295,NW_019862750.1_371885_372295
LOC112043473,NW_019862750.1,+,SE,0.0001194,-0.291,371939,372295,NW_019862750.1_371939_372295
LOC112043473,NW_019862750.1,+,SE,0.000883125,-0.147,371939,372295,NW_019862750.1_371939_372295
LOC112043473,NW_019862750.1,+,SE,5.64E-05,-0.301,371952,372295,NW_019862750.1_371952_372295
LOC112043473,NW_019862750.1,+,SE,0.000349894,-0.154,371952,372295,NW_019862750.1_371952_372295
LOC112043473,NW_019862750.1,+,SE,2.39E-06,-0.336,372021,372295,NW_019862750.1_372021_372295
LOC112043473,NW_019862750.1,+,SE,0.000221379,-0.181,372021,372295,NW_019862750.1_372021_372295
LOC112046415,NW_019862857.1,-,SE,8.28E-05,0.186,568310,568554,NW_019862857.1_568310_568554
LOC112046415,NW_019862857.1,-,SE,4.78E-06,0.117,568310,568666,NW_019862857.1_568310_568666
LOC112046415,NW_019862857.1,-,SE,4.49E-05,0.165,568317,568645,NW_019862857.1_568317_568645
LOC112045305,NW_019862828.1,+,SE,1.83E-05,-0.163,795837,796079,NW_019862828.1_795837_796079
LOC112058008,NW_019862770.1,+,SE,0.012319663,-0.026,1619214,1619698,NW_019862770.1_1619214_1619698
LOC112050868,NW_019863047.1,+,SE,0.011235213,0.025,345382,345841,NW_019863047.1_345382_345841
LOC112057974,NW_019862770.1,+,SE,0,0.191,544964,545505,NW_019862770.1_544964_545505
LOC112052601,NW_019863161.1,-,SE,0.024487158,-0.243,219798,220137,NW_019863161.1_219798_220137
LOC112048610,NW_019862748.1,-,SE,0.034286736,-0.456,2694548,2695103,NW_019862748.1_2694548_2695103
LOC112048610,NW_019862748.1,-,SE,0.038192618,-0.043,2694548,2695116,NW_019862748.1_2694548_2695116
LOC112048610,NW_019862748.1,-,SE,0.01935502,-0.484,2694548,2695230,NW_019862748.1_2694548_2695230
LOC112048610,NW_019862748.1,-,SE,0.043573562,-0.043,2694658,2695116,NW_019862748.1_2694658_2695116
LOC112048610,NW_019862748.1,-,SE,0.047662454,-0.044,2694790,2695116,NW_019862748.1_2694790_2695116
LOC112045528,NW_019862834.1,+,SE,1.75E-11,0.405,395685,396111,NW_019862834.1_395685_396111
LOC112045528,NW_019862834.1,+,SE,0.027608623,0.22,406807,407172,NW_019862834.1_406807_407172
LOC112045528,NW_019862834.1,+,SE,0.008787867,0.192,406813,407172,NW_019862834.1_406813_407172
LOC112045528,NW_019862834.1,+,SE,0.011429423,0.053,406813,407184,NW_019862834.1_406813_407184
LOC112052043,NW_019863120.1,-,SE,5.32E-09,0.045,91268,91512,NW_019863120.1_91268_91512
LOC112052043,NW_019863120.1,-,SE,3.33E-09,0.055,91268,91763,NW_019863120.1_91268_91763
LOC112052043,NW_019863120.1,-,SE,8.20E-09,0.054,91268,91872,NW_019863120.1_91268_91872
LOC112050343,NW_019863018.1,+,SE,4.84E-07,-0.116,275873,276148,NW_019863018.1_275873_276148
LOC112055740,NW_019862762.1,-,SE,0.005125579,-0.027,1961600,1961873,NW_019862762.1_1961600_1961873
LOC112055740,NW_019862762.1,-,SE,0.008943961,-0.025,1961600,1961939,NW_019862762.1_1961600_1961939
LOC112055727,NW_019862762.1,+,SE,4.88E-09,-0.025,1911380,1911639,NW_019862762.1_1911380_1911639
LOC112055727,NW_019862762.1,+,SE,0.000156662,-0.018,1911394,1911639,NW_019862762.1_1911394_1911639
LOC112042853,NW_019862780.1,+,SE,1.92E-05,0.102,763902,764181,NW_019862780.1_763902_764181
LOC112055597,NW_019862762.1,-,SE,0.003874751,-0.106,1269791,1270048,NW_019862762.1_1269791_1270048
LOC112055597,NW_019862762.1,-,SE,1.29E-05,0.161,1269791,1270048,NW_019862762.1_1269791_1270048
LOC112055429,NW_019862762.1,-,SE,7.24E-09,-0.098,347023,347332,NW_019862762.1_347023_347332
LOC112055429,NW_019862762.1,-,SE,0.025338853,0.31,349587,349972,NW_019862762.1_349587_349972
LOC112055429,NW_019862762.1,-,SE,0.02739164,-0.275,349587,349972,NW_019862762.1_349587_349972
LOC112048640,NW_019862938.1,-,SE,0.009492216,-0.117,94029,94311,NW_019862938.1_94029_94311
LOC112048640,NW_019862938.1,-,SE,0.003818462,-0.118,94029,94322,NW_019862938.1_94029_94322
LOC112055028,NW_019862762.1,+,SE,0.008116231,-0.069,59619,59968,NW_019862762.1_59619_59968
LOC112055028,NW_019862762.1,+,SE,0.016134018,0.026,72344,72833,NW_019862762.1_72344_72833
LOC112049382,NW_019862969.1,+,SE,0.011614703,0.026,493504,493808,NW_019862969.1_493504_493808
LOC112049382,NW_019862969.1,+,SE,1.27E-06,0.104,493543,493808,NW_019862969.1_493543_493808
LOC112049090,NW_019862958.1,+,SE,0.006736717,0.028,141989,142392,NW_019862958.1_141989_142392
LOC112049090,NW_019862958.1,+,SE,0.008674444,0.028,142003,142392,NW_019862958.1_142003_142392
LOC112054793,NW_019863415.1,+,SE,0.008600813,0.208,68505,68907,NW_019863415.1_68505_68907
LOC112054793,NW_019863415.1,+,SE,0.008483135,0.203,68554,68907,NW_019863415.1_68554_68907
LOC112047541,NW_019862896.1,-,SE,4.40E-06,0.138,484823,485104,NW_019862896.1_484823_485104
LOC112047541,NW_019862896.1,-,SE,0.000451609,0.14,484859,485119,NW_019862896.1_484859_485119
LOC112053871,NW_019863290.1,-,SE,0.008414625,0.128,156974,157221,NW_019863290.1_156974_157221
LOC112056672,NW_019863936.1,+,SE,0.000759869,-0.05,40086,40452,NW_019863936.1_40086_40452
LOC112056672,NW_019863936.1,+,SE,0.000783653,-0.05,40100,40452,NW_019863936.1_40100_40452
LOC112056672,NW_019863936.1,+,SE,3.20E-06,-0.163,40216,40452,NW_019863936.1_40216_40452
LOC112050417,NW_019862756.1,+,SE,0.004454555,-0.005,1853458,1853701,NW_019862756.1_1853458_1853701
LOC112050417,NW_019862756.1,+,SE,0,0.054,1857454,1857816,NW_019862756.1_1857454_1857816
LOC112050417,NW_019862756.1,+,SE,0.000243871,0.015,1857454,1857816,NW_019862756.1_1857454_1857816
LOC112050417,NW_019862756.1,+,SE,0,0.488,1857553,1857864,NW_019862756.1_1857553_1857864
LOC112050417,NW_019862756.1,+,SE,0,0.072,1857556,1857816,NW_019862756.1_1857556_1857816
LOC112050417,NW_019862756.1,+,SE,0.0001616,0.02,1857556,1857816,NW_019862756.1_1857556_1857816
LOC112048077,NW_019862915.1,-,SE,0.012226278,0.018,614521,615019,NW_019862915.1_614521_615019
LOC112048070,NW_019862915.1,+,SE,0.00101246,0.06,388169,388415,NW_019862915.1_388169_388415
LOC112044894,NW_019862751.1,-,SE,0.001069717,0.121,1710750,1711213,NW_019862751.1_1710750_1711213
LOC112044894,NW_019862751.1,-,SE,0.0010611,0.121,1710750,1711216,NW_019862751.1_1710750_1711216
LOC112051144,NW_019863065.1,-,SE,0.006620801,0.017,237712,237992,NW_019863065.1_237712_237992
LOC112044795,NW_019862751.1,+,SE,6.65E-05,0.051,1446903,1447237,NW_019862751.1_1446903_1447237
LOC112044795,NW_019862751.1,+,SE,0.000283432,0.167,1446903,1447372,NW_019862751.1_1446903_1447372
LOC112044795,NW_019862751.1,+,SE,0.012989427,0.034,1446931,1447237,NW_019862751.1_1446931_1447237
LOC112044795,NW_019862751.1,+,SE,0.000639746,0.16,1446931,1447372,NW_019862751.1_1446931_1447372
LOC112051577,NW_019863090.1,-,SE,8.94E-05,-0.067,42942,43238,NW_019863090.1_42942_43238
LOC112057845,NW_019862767.1,-,SE,0.00709571,-0.051,1470131,1470417,NW_019862767.1_1470131_1470417
LOC112057845,NW_019862767.1,-,SE,0.002056115,-0.035,1470140,1470417,NW_019862767.1_1470140_1470417
LOC112053443,NW_019862760.1,+,SE,0.00506365,-0.229,52316,52525,NW_019862760.1_52316_52525
LOC112053443,NW_019862760.1,+,SE,0.000565271,-0.216,52316,52525,NW_019862760.1_52316_52525
LOC112053443,NW_019862760.1,+,SE,0.00430919,0.151,55165,55397,NW_019862760.1_55165_55397
LOC112053443,NW_019862760.1,+,SE,4.89E-05,0.202,55165,55478,NW_019862760.1_55165_55478
LOC112053443,NW_019862760.1,+,SE,3.88E-08,0.306,55165,55478,NW_019862760.1_55165_55478
LOC112053443,NW_019862760.1,+,SE,0.005336014,0.424,55165,55478,NW_019862760.1_55165_55478
LOC112053443,NW_019862760.1,+,SE,2.14E-10,0.117,55165,55478,NW_019862760.1_55165_55478
LOC112053443,NW_019862760.1,+,SE,0.002409612,0.065,55165,55478,NW_019862760.1_55165_55478
LOC112053443,NW_019862760.1,+,SE,9.41E-06,-0.068,55169,55691,NW_019862760.1_55169_55691
LOC112053443,NW_019862760.1,+,SE,9.41E-06,-0.068,55178,55691,NW_019862760.1_55178_55691
LOC112053443,NW_019862760.1,+,SE,9.41E-06,-0.068,55202,55691,NW_019862760.1_55202_55691
LOC112053443,NW_019862760.1,+,SE,9.41E-06,-0.068,55279,55691,NW_019862760.1_55279_55691
LOC112053443,NW_019862760.1,+,SE,9.41E-06,-0.068,55283,55691,NW_019862760.1_55283_55691
LOC112053443,NW_019862760.1,+,SE,9.41E-06,-0.068,55298,55691,NW_019862760.1_55298_55691
LOC112053443,NW_019862760.1,+,SE,0.007597285,-0.471,55342,55690,NW_019862760.1_55342_55690
LOC112053443,NW_019862760.1,+,SE,9.33E-06,-0.068,55342,55691,NW_019862760.1_55342_55691
LOC112053443,NW_019862760.1,+,SE,8.81E-06,-0.067,55351,55691,NW_019862760.1_55351_55691
LOC112053443,NW_019862760.1,+,SE,6.03E-06,-0.068,55359,55691,NW_019862760.1_55359_55691
LOC112053443,NW_019862760.1,+,SE,0.013573965,-0.253,55370,55690,NW_019862760.1_55370_55690
LOC112053443,NW_019862760.1,+,SE,3.72E-06,-0.068,55378,55691,NW_019862760.1_55378_55691
LOC112053443,NW_019862760.1,+,SE,2.95E-06,-0.07,55380,55691,NW_019862760.1_55380_55691
LOC112053443,NW_019862760.1,+,SE,3.90E-06,-0.07,55394,55691,NW_019862760.1_55394_55691
LOC112043295,NW_019862749.1,+,SE,0.033738331,-0.251,1694793,1695083,NW_019862749.1_1694793_1695083
LOC112047650,NW_019862900.1,-,SE,3.39E-05,0.027,618188,618448,NW_019862900.1_618188_618448
LOC112047650,NW_019862900.1,-,SE,0.000320588,0.021,618188,618508,NW_019862900.1_618188_618508
LOC112047650,NW_019862900.1,-,SE,0.000469836,0.019,618188,618584,NW_019862900.1_618188_618584
LOC112047650,NW_019862900.1,-,SE,0.001023577,0.017,618188,618587,NW_019862900.1_618188_618587
LOC112054267,NW_019863335.1,+,SE,0.029154416,-0.164,31891,32216,NW_019863335.1_31891_32216
LOC112045354,NW_019862829.1,+,SE,0.000175056,-0.074,207890,208178,NW_019862829.1_207890_208178
LOC112055393,NW_019862762.1,+,SE,0.005720249,-0.138,260727,261055,NW_019862762.1_260727_261055
LOC112055393,NW_019862762.1,+,SE,0.000434304,-0.159,260768,261055,NW_019862762.1_260768_261055
LOC112055393,NW_019862762.1,+,SE,0.003152432,-0.113,260844,261055,NW_019862762.1_260844_261055
LOC112055393,NW_019862762.1,+,SE,0.009868898,-0.188,279762,280070,NW_019862762.1_279762_280070
LOC112043861,NW_019862799.1,+,SE,0.003776225,0.311,1083274,1083682,NW_019862799.1_1083274_1083682
LOC112054077,NW_019863315.1,+,SE,0.000266801,-0.273,106803,107048,NW_019863315.1_106803_107048
LOC112054077,NW_019863315.1,+,SE,0.000162021,-0.435,106804,107086,NW_019863315.1_106804_107086
LOC112054077,NW_019863315.1,+,SE,0.000163042,-0.435,106805,107086,NW_019863315.1_106805_107086
LOC112058090,NW_019862771.1,-,SE,0.041428156,0.123,1511548,1511859,NW_019862771.1_1511548_1511859
LOC112047122,NW_019862882.1,-,SE,0.017727463,-0.12,621760,622027,NW_019862882.1_621760_622027
LOC112047122,NW_019862882.1,-,SE,0.044383459,0.2,638986,639224,NW_019862882.1_638986_639224
LOC112051763,NW_019863101.1,-,SE,1.52E-05,-0.031,219284,219848,NW_019863101.1_219284_219848
LOC112043776,NW_019862797.1,+,SE,0.028782623,-0.502,760125,760721,NW_019862797.1_760125_760721
LOC112045951,NW_019862844.1,-,SE,0,0.084,947581,947941,NW_019862844.1_947581_947941
LOC112045951,NW_019862844.1,-,SE,0,0.076,947581,948021,NW_019862844.1_947581_948021
LOC112049870,NW_019862756.1,-,SE,0,-0.341,646951,647267,NW_019862756.1_646951_647267
LOC112049870,NW_019862756.1,-,SE,4.74E-07,-0.103,647006,647275,NW_019862756.1_647006_647275
LOC112050499,NW_019863026.1,+,SE,0.043347522,-0.016,300440,300749,NW_019863026.1_300440_300749
LOC112046887,NW_019862874.1,-,SE,1.29E-06,0.419,22248,22611,NW_019862874.1_22248_22611
LOC112047356,NW_019862890.1,+,SE,0.035462192,-0.295,324774,325032,NW_019862890.1_324774_325032
LOC112047356,NW_019862890.1,+,SE,0.035797601,-0.358,324774,325032,NW_019862890.1_324774_325032
LOC112047356,NW_019862890.1,+,SE,0.007664799,-0.28,324774,325226,NW_019862890.1_324774_325226
LOC112047356,NW_019862890.1,+,SE,0.007409168,-0.35,324774,325226,NW_019862890.1_324774_325226
LOC112047356,NW_019862890.1,+,SE,0.008032354,-0.28,324774,325274,NW_019862890.1_324774_325274
LOC112047356,NW_019862890.1,+,SE,0.002885857,-0.389,326230,326581,NW_019862890.1_326230_326581
LOC112043853,NW_019862799.1,-,SE,0.0002946,0.236,848544,849210,NW_019862799.1_848544_849210
LOC112043853,NW_019862799.1,-,SE,0.010283831,0.486,848544,849219,NW_019862799.1_848544_849219
LOC112043853,NW_019862799.1,-,SE,0.005436272,0.184,848944,849205,NW_019862799.1_848944_849205
LOC112052988,NW_019862759.1,-,SE,3.37E-05,0.042,1289993,1290474,NW_019862759.1_1289993_1290474
LOC112047959,NW_019862910.1,-,SE,0.00061214,0.043,627659,628030,NW_019862910.1_627659_628030
LOC112052165,NW_019863131.1,-,SE,0.036855999,-0.233,125165,125466,NW_019863131.1_125165_125466
LOC112052165,NW_019863131.1,-,SE,0.042043013,-0.247,125165,125517,NW_019863131.1_125165_125517
LOC112053743,NW_019863277.1,-,SE,9.76E-08,0.55,31035,31349,NW_019863277.1_31035_31349
LOC112053743,NW_019863277.1,-,SE,0.000337699,0.432,31035,31349,NW_019863277.1_31035_31349
LOC112053743,NW_019863277.1,-,SE,0.013638096,0.278,31365,31734,NW_019863277.1_31365_31734
LOC112053743,NW_019863277.1,-,SE,0.000202939,0.433,31369,31734,NW_019863277.1_31369_31734
LOC112043643,NW_019862793.1,-,SE,0.000417362,0.049,1347142,1347491,NW_019862793.1_1347142_1347491
LOC112052559,NW_019863157.1,+,SE,3.35E-05,0.105,71444,71952,NW_019863157.1_71444_71952
LOC112043538,NW_019862792.1,-,SE,5.78E-07,0.125,118658,119077,NW_019862792.1_118658_119077
LOC112050776,NW_019863042.1,-,SE,0.023499062,-0.064,275021,275360,NW_019863042.1_275021_275360
LOC112058550,NW_019862778.1,-,SE,0,0.096,1102868,1103156,NW_019862778.1_1102868_1103156
LOC112058550,NW_019862778.1,-,SE,0,-0.254,1103158,1103465,NW_019862778.1_1103158_1103465
LOC112058550,NW_019862778.1,-,SE,0,-0.255,1103159,1103465,NW_019862778.1_1103159_1103465
LOC112058550,NW_019862778.1,-,SE,0,-0.257,1103176,1103465,NW_019862778.1_1103176_1103465
LOC112058550,NW_019862778.1,-,SE,2.35E-09,-0.222,1103251,1103465,NW_019862778.1_1103251_1103465
LOC112049207,NW_019862963.1,-,SE,0.016211682,0.407,105077,105365,NW_019862963.1_105077_105365
LOC112051523,NW_019863087.1,+,SE,0.005599526,0.071,159287,159951,NW_019863087.1_159287_159951
LOC112051523,NW_019863087.1,+,SE,0.005707794,0.071,159309,159951,NW_019863087.1_159309_159951
LOC112051523,NW_019863087.1,+,SE,0.005516875,0.071,159326,159951,NW_019863087.1_159326_159951
LOC112051523,NW_019863087.1,+,SE,0.005436272,0.071,159392,159951,NW_019863087.1_159392_159951
LOC112051523,NW_019863087.1,+,SE,0.005448711,0.071,159410,159951,NW_019863087.1_159410_159951
LOC112051523,NW_019863087.1,+,SE,6.35E-06,0.095,159548,159949,NW_019863087.1_159548_159949
LOC112051523,NW_019863087.1,+,SE,6.62E-06,0.095,159548,160120,NW_019863087.1_159548_160120
LOC112051523,NW_019863087.1,+,SE,0.006609729,0.07,159575,159951,NW_019863087.1_159575_159951
LOC112051523,NW_019863087.1,+,SE,0.011187387,0.062,159644,159951,NW_019863087.1_159644_159951
LOC112051523,NW_019863087.1,+,SE,0.024244073,0.056,159662,159951,NW_019863087.1_159662_159951
LOC112051523,NW_019863087.1,+,SE,0.038240318,0.046,159709,159951,NW_019863087.1_159709_159951
LOC112051523,NW_019863087.1,+,SE,0.017920696,0.049,159711,159951,NW_019863087.1_159711_159951
LOC112051523,NW_019863087.1,+,SE,0.001160083,-0.023,178768,179357,NW_019863087.1_178768_179357
LOC112051523,NW_019863087.1,+,SE,0.001627912,-0.02,179021,179345,NW_019863087.1_179021_179345
LOC112051523,NW_019863087.1,+,SE,0.001753541,-0.02,179021,179686,NW_019863087.1_179021_179686
LOC112051523,NW_019863087.1,+,SE,0.001734515,-0.02,179021,179690,NW_019863087.1_179021_179690
LOC112051523,NW_019863087.1,+,SE,0.001753541,-0.02,179021,179693,NW_019863087.1_179021_179693
LOC112051523,NW_019863087.1,+,SE,2.52E-06,-0.026,179157,179694,NW_019863087.1_179157_179694
LOC112051523,NW_019863087.1,+,SE,0.001107476,-0.028,179358,179686,NW_019863087.1_179358_179686
LOC112051523,NW_019863087.1,+,SE,0.001084224,-0.027,179358,179690,NW_019863087.1_179358_179690
LOC112051523,NW_019863087.1,+,SE,0.000949601,-0.027,179358,179693,NW_019863087.1_179358_179693
LOC112051523,NW_019863087.1,+,SE,0.000817413,-0.029,179358,179913,NW_019863087.1_179358_179913
LOC112051523,NW_019863087.1,+,SE,6.74E-08,-0.181,179382,179686,NW_019863087.1_179382_179686
LOC112051523,NW_019863087.1,+,SE,5.03E-08,-0.185,179382,179690,NW_019863087.1_179382_179690
LOC112051523,NW_019863087.1,+,SE,1.61E-07,-0.176,179382,179693,NW_019863087.1_179382_179693
LOC112051523,NW_019863087.1,+,SE,2.64E-06,-0.026,179382,179694,NW_019863087.1_179382_179694
LOC112051523,NW_019863087.1,+,SE,8.34E-08,-0.164,179382,179913,NW_019863087.1_179382_179913
LOC112051523,NW_019863087.1,+,SE,2.95E-06,-0.029,179391,179694,NW_019863087.1_179391_179694
LOC112052337,NW_019863141.1,-,SE,0.001044453,0.02,180284,180551,NW_019863141.1_180284_180551
LOC112043143,NW_019862749.1,+,SE,0.004384199,-0.102,2852776,2853445,NW_019862749.1_2852776_2853445
LOC112043143,NW_019862749.1,+,SE,0.03757522,-0.087,2853136,2853445,NW_019862749.1_2853136_2853445
LOC112046986,NW_019862879.1,-,SE,2.57E-07,0.024,313983,314258,NW_019862879.1_313983_314258
LOC112047767,NW_019862904.1,-,SE,0.02789259,-0.021,1052354,1052616,NW_019862904.1_1052354_1052616
LOC112047767,NW_019862904.1,-,SE,0.022610704,-0.028,1052368,1052616,NW_019862904.1_1052368_1052616
LOC112047339,NW_019862888.1,-,SE,2.15E-06,0.08,525906,526296,NW_019862888.1_525906_526296
LOC112051008,NW_019863056.1,-,SE,0.042332643,-0.413,150653,151115,NW_019863056.1_150653_151115
LOC112052225,NW_019863134.1,-,SE,9.96E-10,-0.044,128106,128392,NW_019863134.1_128106_128392
LOC112053160,NW_019863213.1,-,SE,0.00506365,0.075,194424,194712,NW_019863213.1_194424_194712
LOC112053160,NW_019863213.1,-,SE,0.000922849,0.08,194424,194733,NW_019863213.1_194424_194733
LOC112058474,NW_019862777.1,-,SE,6.38E-08,-0.178,806354,806612,NW_019862777.1_806354_806612
LOC112046146,NW_019862849.1,+,SE,0.00576302,0.255,797525,797824,NW_019862849.1_797525_797824
LOC112050715,NW_019863039.1,-,SE,0.02640024,-0.048,129759,130085,NW_019863039.1_129759_130085
LOC112050715,NW_019863039.1,-,SE,0.021879372,-0.049,129759,130098,NW_019863039.1_129759_130098
LOC112050715,NW_019863039.1,-,SE,0.022610704,-0.049,129759,130105,NW_019863039.1_129759_130105
LOC112053596,NW_019863259.1,+,SE,0,0.108,294739,295002,NW_019863259.1_294739_295002
LOC112053596,NW_019863259.1,+,SE,6.99E-10,0.047,294741,295002,NW_019863259.1_294741_295002
LOC112048517,NW_019862933.1,-,SE,0.001500066,-0.202,589989,590456,NW_019862933.1_589989_590456
LOC112056844,NW_019864022.1,+,SE,0,0.146,16605,16975,NW_019864022.1_16605_16975
LOC112044077,NW_019862803.1,+,SE,0.032131528,-0.056,139309,139754,NW_019862803.1_139309_139754
LOC112044077,NW_019862803.1,+,SE,0.000125051,-0.067,139313,139644,NW_019862803.1_139313_139644
LOC112044077,NW_019862803.1,+,SE,0.045982109,0.336,141389,141718,NW_019862803.1_141389_141718
LOC112044077,NW_019862803.1,+,SE,0.047136853,0.339,141389,141720,NW_019862803.1_141389_141720
LOC112056683,NW_019863941.1,-,SE,0.046288736,-0.116,60092,60624,NW_019863941.1_60092_60624
LOC112056683,NW_019863941.1,-,SE,0.037742939,-0.121,60092,60633,NW_019863941.1_60092_60633
LOC112056683,NW_019863941.1,-,SE,0.03888727,-0.121,60092,60721,NW_019863941.1_60092_60721
LOC112056683,NW_019863941.1,-,SE,0.037742939,-0.121,60092,60727,NW_019863941.1_60092_60727
LOC112056683,NW_019863941.1,-,SE,0.038201289,-0.12,60092,60759,NW_019863941.1_60092_60759
LOC112052834,NW_019863180.1,-,SE,0.000878471,0.052,217131,217724,NW_019863180.1_217131_217724
LOC112052834,NW_019863180.1,-,SE,0.037095702,0.039,217248,217724,NW_019863180.1_217248_217724
LOC112052834,NW_019863180.1,-,SE,0.008414625,0.045,217266,217724,NW_019863180.1_217266_217724
LOC112052834,NW_019863180.1,-,SE,0.002524502,0.053,217378,217724,NW_019863180.1_217378_217724
LOC112055469,NW_019863528.1,+,SE,0.001699527,-0.12,29447,29809,NW_019863528.1_29447_29809
LOC112049925,NW_019862998.1,-,SE,0.0001194,-0.051,297466,297840,NW_019862998.1_297466_297840
LOC112049925,NW_019862998.1,-,SE,0.000162771,-0.063,297546,297840,NW_019862998.1_297546_297840
LOC112050999,NW_019863056.1,+,SE,0.007824374,0.171,189185,189613,NW_019863056.1_189185_189613
LOC112049052,NW_019862956.1,-,SE,0.002904436,-0.213,503823,504226,NW_019862956.1_503823_504226
LOC112047434,NW_019862893.1,-,SE,0,-0.042,382005,382608,NW_019862893.1_382005_382608
LOC112047434,NW_019862893.1,-,SE,0,-0.042,382005,382673,NW_019862893.1_382005_382673
LOC112047434,NW_019862893.1,-,SE,0,-0.042,382005,382684,NW_019862893.1_382005_382684
LOC112047434,NW_019862893.1,-,SE,0,-0.028,382006,382675,NW_019862893.1_382006_382675
LOC112047434,NW_019862893.1,-,SE,0,-0.028,382029,382675,NW_019862893.1_382029_382675
LOC112047434,NW_019862893.1,-,SE,0,-0.028,382051,382675,NW_019862893.1_382051_382675
LOC112058374,NW_019862775.1,+,SE,0.005104565,0.065,1558687,1559013,NW_019862775.1_1558687_1559013
LOC112058374,NW_019862775.1,+,SE,0.007094983,0.086,1558733,1559013,NW_019862775.1_1558733_1559013
LOC112046025,NW_019862846.1,+,SE,0.002643024,0.074,693964,694315,NW_019862846.1_693964_694315
LOC112046025,NW_019862846.1,+,SE,0.001323048,0.09,694008,694315,NW_019862846.1_694008_694315
LOC112053196,NW_019863216.1,+,SE,5.16E-05,-0.027,116270,116673,NW_019863216.1_116270_116673
LOC112053196,NW_019863216.1,+,SE,3.93E-05,-0.028,116280,116673,NW_019863216.1_116280_116673
LOC112053196,NW_019863216.1,+,SE,6.83E-05,-0.027,116291,116673,NW_019863216.1_116291_116673
LOC112053274,NW_019863223.1,+,SE,0.022610704,-0.302,161366,161792,NW_019863223.1_161366_161792
LOC112046705,NW_019862868.1,-,SE,4.88E-05,-0.286,491414,491656,NW_019862868.1_491414_491656
LOC112044733,NW_019862816.1,-,SE,5.41E-05,-0.118,268415,268771,NW_019862816.1_268415_268771
LOC112046894,NW_019862874.1,+,SE,0.003372327,-0.089,272302,272915,NW_019862874.1_272302_272915
LOC112046894,NW_019862874.1,+,SE,0.003372327,-0.089,272302,272923,NW_019862874.1_272302_272923
LOC112044649,NW_019862814.1,+,SE,0.024612637,-0.037,902639,903095,NW_019862814.1_902639_903095
LOC112044649,NW_019862814.1,+,SE,0.005857925,-0.04,902646,903095,NW_019862814.1_902646_903095
LOC112051181,NW_019863067.1,-,SE,0.002324268,0.374,305635,306143,NW_019863067.1_305635_306143
LOC112056020,NW_019863685.1,-,SE,1.80E-10,0.509,9845,10161,NW_019863685.1_9845_10161
LOC112043032,NW_019862784.1,-,SE,0.001133717,0.015,1173581,1173827,NW_019862784.1_1173581_1173827
LOC112043926,NW_019862750.1,-,SE,0.001937323,-0.204,1898948,1899302,NW_019862750.1_1898948_1899302
LOC112043926,NW_019862750.1,-,SE,0.008943961,-0.192,1898959,1899292,NW_019862750.1_1898959_1899292
LOC112043926,NW_019862750.1,-,SE,0.003101407,-0.198,1898984,1899302,NW_019862750.1_1898984_1899302
LOC112043926,NW_019862750.1,-,SE,0.01012388,-0.104,1899017,1899302,NW_019862750.1_1899017_1899302
LOC112043669,NW_019862794.1,-,SE,0.003266679,0.049,1092452,1092831,NW_019862794.1_1092452_1092831
LOC112051638,NW_019863093.1,-,SE,0.006921114,0.04,300452,300876,NW_019863093.1_300452_300876
LOC112051638,NW_019863093.1,-,SE,0.019557805,0.025,300507,300843,NW_019863093.1_300507_300843
LOC112051638,NW_019863093.1,-,SE,0.018049993,0.024,300507,300908,NW_019863093.1_300507_300908
LOC112051638,NW_019863093.1,-,SE,0.006862364,0.041,300538,300876,NW_019863093.1_300538_300876
LOC112051638,NW_019863093.1,-,SE,0.037683277,-0.01,304445,304729,NW_019863093.1_304445_304729
LOC112051638,NW_019863093.1,-,SE,0.005537187,-0.01,304445,304734,NW_019863093.1_304445_304734
LOC112051638,NW_019863093.1,-,SE,0.006292302,-0.01,304445,304871,NW_019863093.1_304445_304871
LOC112054036,NW_019863307.1,+,SE,0.006033789,0.156,140514,140896,NW_019863307.1_140514_140896
LOC112054036,NW_019863307.1,+,SE,0.005084428,0.158,140559,140896,NW_019863307.1_140559_140896
LOC112054766,NW_019863407.1,-,SE,0.014026827,0.161,68012,68496,NW_019863407.1_68012_68496
LOC112057694,NW_019862765.1,+,SE,0.000215185,-0.202,1286639,1286911,NW_019862765.1_1286639_1286911
LOC112048398,NW_019862929.1,+,SE,0.040013086,0.008,269770,270197,NW_019862929.1_269770_270197
LOC112046141,NW_019862849.1,+,SE,0.008018653,0.024,646194,646479,NW_019862849.1_646194_646479
LOC112049503,NW_019862976.1,-,SE,1.55E-11,0.023,436098,436419,NW_019862976.1_436098_436419
LOC112049503,NW_019862976.1,-,SE,2.01E-05,-0.126,436710,437236,NW_019862976.1_436710_437236
LOC112049503,NW_019862976.1,-,SE,2.01E-05,-0.126,436729,437236,NW_019862976.1_436729_437236
LOC112049503,NW_019862976.1,-,SE,2.01E-05,-0.126,436751,437236,NW_019862976.1_436751_437236
LOC112049503,NW_019862976.1,-,SE,2.01E-05,-0.126,436768,437236,NW_019862976.1_436768_437236
LOC112049503,NW_019862976.1,-,SE,1.20E-09,-0.031,440794,441224,NW_019862976.1_440794_441224
LOC112049503,NW_019862976.1,-,SE,1.70E-05,0.16,441676,441940,NW_019862976.1_441676_441940
LOC112055519,NW_019863544.1,-,SE,0.030703444,0.03,99177,99673,NW_019863544.1_99177_99673
LOC112046481,NW_019862858.1,+,SE,0.015891759,-0.039,145950,146317,NW_019862858.1_145950_146317
LOC112046481,NW_019862858.1,+,SE,0.007352628,-0.048,145989,146317,NW_019862858.1_145989_146317
LOC112046481,NW_019862858.1,+,SE,0,-0.319,148429,148757,NW_019862858.1_148429_148757
LOC112055491,NW_019862748.1,+,SE,0.021062425,-0.038,467952,468294,NW_019862748.1_467952_468294
LOC112055491,NW_019862748.1,+,SE,0.026469986,-0.033,468029,468294,NW_019862748.1_468029_468294
LOC112055262,NW_019862762.1,-,SE,0.009930564,-0.061,188134,188408,NW_019862762.1_188134_188408
LOC112058542,NW_019862778.1,-,SE,0.024440191,-0.031,1049804,1050167,NW_019862778.1_1049804_1050167
LOC112048503,NW_019862933.1,+,SE,8.06E-05,0.162,113898,114322,NW_019862933.1_113898_114322
LOC112048503,NW_019862933.1,+,SE,2.74E-09,0.209,113898,114322,NW_019862933.1_113898_114322
LOC112048503,NW_019862933.1,+,SE,6.87E-05,0.162,113905,114322,NW_019862933.1_113905_114322
LOC112048503,NW_019862933.1,+,SE,2.19E-09,0.21,113905,114322,NW_019862933.1_113905_114322
LOC112048503,NW_019862933.1,+,SE,3.10E-07,0.242,113926,114317,NW_019862933.1_113926_114317
LOC112048503,NW_019862933.1,+,SE,4.57E-11,0.309,113926,114317,NW_019862933.1_113926_114317
LOC112048503,NW_019862933.1,+,SE,0,0.294,113926,114322,NW_019862933.1_113926_114322
LOC112048503,NW_019862933.1,+,SE,3.32E-07,0.241,113926,114393,NW_019862933.1_113926_114393
LOC112048503,NW_019862933.1,+,SE,4.81E-11,0.309,113926,114393,NW_019862933.1_113926_114393
LOC112048503,NW_019862933.1,+,SE,4.81E-11,0.309,113926,114539,NW_019862933.1_113926_114539
LOC112048503,NW_019862933.1,+,SE,7.45E-05,0.163,113999,114322,NW_019862933.1_113999_114322
LOC112048503,NW_019862933.1,+,SE,1.10E-10,0.198,113999,114322,NW_019862933.1_113999_114322
LOC112042935,NW_019862782.1,-,SE,3.60E-07,0.114,1151710,1152089,NW_019862782.1_1151710_1152089
LOC112042935,NW_019862782.1,-,SE,0.010294231,0.012,1157028,1157406,NW_019862782.1_1157028_1157406
LOC112042935,NW_019862782.1,-,SE,0.001597701,-0.092,1218531,1218819,NW_019862782.1_1218531_1218819
LOC112042935,NW_019862782.1,-,SE,0.001653774,-0.098,1218531,1218848,NW_019862782.1_1218531_1218848
LOC112044261,NW_019862805.1,+,SE,0.000451784,0.077,1121279,1121540,NW_019862805.1_1121279_1121540
LOC112057688,NW_019862765.1,-,SE,0.000175323,0.119,1229309,1229546,NW_019862765.1_1229309_1229546
LOC112047844,NW_019862905.1,-,SE,4.49E-07,0.092,640578,640994,NW_019862905.1_640578_640994
LOC112047844,NW_019862905.1,-,SE,4.49E-07,0.092,640578,641003,NW_019862905.1_640578_641003
LOC112047844,NW_019862905.1,-,SE,4.63E-07,0.092,640578,641007,NW_019862905.1_640578_641007
LOC112051468,NW_019863084.1,+,SE,0.019602387,-0.102,94573,95079,NW_019863084.1_94573_95079
LOC112045249,NW_019862827.1,+,SE,0.000140022,0.079,777920,778363,NW_019862827.1_777920_778363
LOC112050534,NW_019863028.1,+,SE,0.038173306,0.028,154165,154469,NW_019863028.1_154165_154469
LOC112050534,NW_019863028.1,+,SE,0.009977572,0.029,154165,154499,NW_019863028.1_154165_154499
LOC112046090,NW_019862847.1,-,SE,0.027017478,-0.161,427665,428024,NW_019862847.1_427665_428024
LOC112046090,NW_019862847.1,-,SE,0.035014869,-0.14,427710,428024,NW_019862847.1_427710_428024
LOC112046090,NW_019862847.1,-,SE,0.009595183,0.03,434499,435019,NW_019862847.1_434499_435019
LOC112054724,NW_019863402.1,+,SE,1.25E-05,0.09,28048,28299,NW_019863402.1_28048_28299
LOC112054724,NW_019863402.1,+,SE,4.75E-06,0.195,28048,28299,NW_019863402.1_28048_28299
LOC112054724,NW_019863402.1,+,SE,0.005895772,-0.084,28048,28315,NW_019863402.1_28048_28315
LOC112054724,NW_019863402.1,+,SE,0.003874751,-0.132,28048,28315,NW_019863402.1_28048_28315
LOC112054724,NW_019863402.1,+,SE,0.024291215,0.046,28077,28299,NW_019863402.1_28077_28299
LOC112057669,NW_019862765.1,+,SE,4.70E-07,0.214,837732,838155,NW_019862765.1_837732_838155
LOC112057669,NW_019862765.1,+,SE,8.21E-06,0.208,837825,838155,NW_019862765.1_837825_838155
LOC112057669,NW_019862765.1,+,SE,4.70E-07,0.238,837846,838155,NW_019862765.1_837846_838155
LOC112044961,NW_019862820.1,+,SE,1.03E-05,-0.162,78484,78768,NW_019862820.1_78484_78768
LOC112044961,NW_019862820.1,+,SE,0.007073791,-0.083,78495,78768,NW_019862820.1_78495_78768
LOC112057896,NW_019862768.1,+,SE,0.000352857,0.03,1526727,1526967,NW_019862768.1_1526727_1526967
LOC112055455,NW_019863526.1,-,SE,0.000772702,0.04,55188,55712,NW_019863526.1_55188_55712
LOC112045140,NW_019862824.1,-,SE,0.000202856,-0.043,573377,573706,NW_019862824.1_573377_573706
LOC112045140,NW_019862824.1,-,SE,0.00021061,-0.065,574794,575233,NW_019862824.1_574794_575233
LOC112045140,NW_019862824.1,-,SE,0.038733646,0.015,775941,776196,NW_019862824.1_775941_776196
LOC112058312,NW_019862774.1,+,SE,0.022448651,0.025,51527,52056,NW_019862774.1_51527_52056
LOC112043867,NW_019862750.1,+,SE,0.024612637,0.03,1854304,1854544,NW_019862750.1_1854304_1854544
LOC112057716,NW_019862765.1,+,SE,0.024497889,-0.012,1727380,1727843,NW_019862765.1_1727380_1727843
LOC112057716,NW_019862765.1,+,SE,0.010043158,-0.014,1727383,1727843,NW_019862765.1_1727383_1727843
LOC112057716,NW_019862765.1,+,SE,0.031750669,-0.012,1727515,1727843,NW_019862765.1_1727515_1727843
LOC112057716,NW_019862765.1,+,SE,0.033493352,-0.014,1727586,1727843,NW_019862765.1_1727586_1727843
LOC112054615,NW_019863384.1,-,SE,0.004867005,-0.307,41781,42056,NW_019863384.1_41781_42056
LOC112047811,NW_019862904.1,-,SE,0.003502717,-0.052,249173,249829,NW_019862904.1_249173_249829
LOC112047811,NW_019862904.1,-,SE,0.006670284,-0.045,249418,249847,NW_019862904.1_249418_249847
LOC112050902,NW_019863049.1,-,SE,0.037462536,-0.132,32843,33101,NW_019863049.1_32843_33101
LOC112050902,NW_019863049.1,-,SE,0.042009471,-0.128,32843,33134,NW_019863049.1_32843_33134
LOC112050902,NW_019863049.1,-,SE,0.042332643,-0.125,32843,33221,NW_019863049.1_32843_33221
LOC112051692,NW_019863098.1,-,SE,0.000312578,0.079,315804,316221,NW_019863098.1_315804_316221
LOC112046693,NW_019862867.1,+,SE,0.043226858,0.018,601389,601900,NW_019862867.1_601389_601900
LOC112046693,NW_019862867.1,+,SE,3.49E-07,-0.15,672444,672719,NW_019862867.1_672444_672719
LOC112046693,NW_019862867.1,+,SE,1.43E-12,-0.178,672456,672750,NW_019862867.1_672456_672750
LOC112046693,NW_019862867.1,+,SE,5.61E-08,0.261,675287,675529,NW_019862867.1_675287_675529
LOC112046693,NW_019862867.1,+,SE,1.76E-07,0.291,675287,675619,NW_019862867.1_675287_675619
LOC112047834,NW_019862905.1,-,SE,0.001635377,0.065,524998,525272,NW_019862905.1_524998_525272
LOC112046380,NW_019862856.1,+,SE,1.79E-10,-0.139,93556,93987,NW_019862856.1_93556_93987
LOC112046380,NW_019862856.1,+,SE,1.79E-10,-0.139,93556,94119,NW_019862856.1_93556_94119
LOC112046380,NW_019862856.1,+,SE,2.07E-11,-0.15,93556,94150,NW_019862856.1_93556_94150
LOC112048035,NW_019862913.1,-,SE,0.000297093,-0.096,291440,291806,NW_019862913.1_291440_291806
LOC112053265,NW_019862759.1,-,SE,0.022610704,-0.211,2452261,2452495,NW_019862759.1_2452261_2452495
LOC112053265,NW_019862759.1,-,SE,0.01097884,-0.093,2452261,2452602,NW_019862759.1_2452261_2452602
LOC112053265,NW_019862759.1,-,SE,0.012073764,-0.088,2452261,2452615,NW_019862759.1_2452261_2452615
LOC112053265,NW_019862759.1,-,SE,0.012320605,-0.087,2452261,2452739,NW_019862759.1_2452261_2452739
LOC112053265,NW_019862759.1,-,SE,0.012339573,-0.088,2452261,2452775,NW_019862759.1_2452261_2452775
LOC112054414,NW_019863355.1,+,SE,1.14E-05,-0.183,175931,176254,NW_019863355.1_175931_176254
LOC112054414,NW_019863355.1,+,SE,3.15E-05,-0.261,175944,176245,NW_019863355.1_175944_176245
LOC112049613,NW_019862981.1,+,SE,0.02520687,-0.187,229513,230001,NW_019862981.1_229513_230001
LOC112049613,NW_019862981.1,+,SE,0.002634005,-0.029,233116,233525,NW_019862981.1_233116_233525
LOC112046441,NW_019862857.1,+,SE,0.000354657,0.188,288851,289071,NW_019862857.1_288851_289071
LOC112055556,NW_019863549.1,+,SE,0.000286167,0.408,87167,87518,NW_019863549.1_87167_87518
LOC112055556,NW_019863549.1,+,SE,0.000349064,0.286,87191,87507,NW_019863549.1_87191_87507
LOC112055556,NW_019863549.1,+,SE,0.000395223,0.283,87194,87507,NW_019863549.1_87194_87507
LOC112055556,NW_019863549.1,+,SE,0.000363315,0.281,87200,87507,NW_019863549.1_87200_87507
LOC112053302,NW_019863226.1,-,SE,0.000502692,0.146,233588,233936,NW_019863226.1_233588_233936
LOC112049399,NW_019862971.1,+,SE,6.85E-13,0.107,208742,209065,NW_019862971.1_208742_209065
LOC112052849,NW_019863181.1,-,SE,0.01977478,-0.009,160490,160795,NW_019863181.1_160490_160795
LOC112054313,NW_019863342.1,+,SE,0.010049194,0.183,93529,93833,NW_019863342.1_93529_93833
LOC112046247,NW_019862851.1,-,SE,7.19E-05,0.017,677928,678170,NW_019862851.1_677928_678170
LOC112049969,NW_019862756.1,+,SE,0.046143508,-0.429,1014771,1015212,NW_019862756.1_1014771_1015212
LOC112057718,NW_019862765.1,+,SE,0,0.516,1773779,1773997,NW_019862765.1_1773779_1773997
LOC112057718,NW_019862765.1,+,SE,0,0.48,1773780,1774045,NW_019862765.1_1773780_1774045
LOC112055705,NW_019863590.1,+,SE,2.70E-09,-0.08,56064,56315,NW_019863590.1_56064_56315
LOC112058277,NW_019862773.1,-,SE,6.95E-07,-0.051,810308,810626,NW_019862773.1_810308_810626
LOC112058277,NW_019862773.1,-,SE,2.10E-07,-0.05,810308,810702,NW_019862773.1_810308_810702
LOC112050604,NW_019863032.1,-,SE,0.003188618,0.052,64458,64703,NW_019863032.1_64458_64703
LOC112050604,NW_019863032.1,-,SE,0,0.122,121508,121791,NW_019863032.1_121508_121791
LOC112046296,NW_019862853.1,-,SE,0.017526181,0.079,322911,323270,NW_019862853.1_322911_323270
LOC112046108,NW_019862848.1,+,SE,0.028169692,0.03,333493,333937,NW_019862848.1_333493_333937
LOC112046108,NW_019862848.1,+,SE,0.006288345,0.029,333508,333864,NW_019862848.1_333508_333864
LOC112048155,NW_019862918.1,-,SE,0.049172471,-0.052,624620,624981,NW_019862918.1_624620_624981
LOC112048155,NW_019862918.1,-,SE,0.049172471,-0.052,624620,625043,NW_019862918.1_624620_625043
LOC112053170,NW_019863214.1,-,SE,0,0.08,180920,181216,NW_019863214.1_180920_181216
LOC112053170,NW_019863214.1,-,SE,4.79E-08,-0.056,183209,183505,NW_019863214.1_183209_183505
LOC112053170,NW_019863214.1,-,SE,5.01E-09,-0.061,183209,183514,NW_019863214.1_183209_183514
LOC112053170,NW_019863214.1,-,SE,1.47E-11,-0.212,184817,185119,NW_019863214.1_184817_185119
LOC112053170,NW_019863214.1,-,SE,1.33E-05,0.185,184817,185119,NW_019863214.1_184817_185119
LOC112044504,NW_019862810.1,-,SE,0.010122384,0.009,1164606,1165017,NW_019862810.1_1164606_1165017
LOC112052466,NW_019862759.1,+,SE,0.009851438,0.064,162131,162428,NW_019862759.1_162131_162428
LOC112054727,NW_019863402.1,-,SE,0.007010469,-0.103,79254,79524,NW_019863402.1_79254_79524
LOC112050490,NW_019863025.1,+,SE,0.005043513,0.072,185904,186195,NW_019863025.1_185904_186195
LOC112050490,NW_019863025.1,+,SE,0.046804246,0.035,185917,186218,NW_019863025.1_185917_186218
LOC112051815,NW_019863106.1,+,SE,9.96E-10,0.095,232497,232881,NW_019863106.1_232497_232881
LOC112048234,NW_019862922.1,-,SE,0.000898323,0.113,348279,348564,NW_019862922.1_348279_348564
LOC112048087,NW_019862916.1,-,SE,0.000380055,-0.145,148557,148765,NW_019862916.1_148557_148765
LOC112048087,NW_019862916.1,-,SE,0.000380055,-0.22,149831,150454,NW_019862916.1_149831_150454
LOC112054561,NW_019863375.1,+,SE,0.008497225,-0.383,166150,166586,NW_019863375.1_166150_166586
LOC112054561,NW_019863375.1,+,SE,0.042468407,-0.332,166201,166586,NW_019863375.1_166201_166586
LOC112054561,NW_019863375.1,+,SE,0.001083862,-0.657,166201,166782,NW_019863375.1_166201_166782
LOC112054561,NW_019863375.1,+,SE,0.00036711,0.402,166232,166589,NW_019863375.1_166232_166589
LOC112054561,NW_019863375.1,+,SE,0.036367195,-0.338,166233,166586,NW_019863375.1_166233_166586
LOC112054561,NW_019863375.1,+,SE,0.023671267,-0.348,166236,166586,NW_019863375.1_166236_166586
LOC112054561,NW_019863375.1,+,SE,0.033735287,-0.19,166279,166586,NW_019863375.1_166279_166586
LOC112054561,NW_019863375.1,+,SE,0.006941678,0.439,166279,166589,NW_019863375.1_166279_166589
LOC112054561,NW_019863375.1,+,SE,0.034553298,-0.184,166279,166782,NW_019863375.1_166279_166782
LOC112054561,NW_019863375.1,+,SE,0.036470631,-0.183,166279,166882,NW_019863375.1_166279_166882
LOC112054561,NW_019863375.1,+,SE,0.002754961,0.453,167534,167852,NW_019863375.1_167534_167852
LOC112054561,NW_019863375.1,+,SE,0.002810326,0.461,167556,167852,NW_019863375.1_167556_167852
LOC112054561,NW_019863375.1,+,SE,0.007213788,0.45,167570,167852,NW_019863375.1_167570_167852
LOC112054561,NW_019863375.1,+,SE,0.008567408,0.444,167594,167852,NW_019863375.1_167594_167852
LOC112054561,NW_019863375.1,+,SE,0.008560051,0.444,167595,167852,NW_019863375.1_167595_167852
LOC112054561,NW_019863375.1,+,SE,0.025768442,0.244,168903,169326,NW_019863375.1_168903_169326
LOC112054561,NW_019863375.1,+,SE,2.67E-05,0.483,168903,169351,NW_019863375.1_168903_169351
LOC112054561,NW_019863375.1,+,SE,1.55E-05,0,168903,169353,NW_019863375.1_168903_169353
LOC112054561,NW_019863375.1,+,SE,6.75E-07,0.003,168903,169362,NW_019863375.1_168903_169362
LOC112054561,NW_019863375.1,+,SE,0.048643761,0.21,168903,169522,NW_019863375.1_168903_169522
LOC112054561,NW_019863375.1,+,SE,7.52E-05,0.439,168927,169326,NW_019863375.1_168927_169326
LOC112054561,NW_019863375.1,+,SE,0,0.683,168927,169351,NW_019863375.1_168927_169351
LOC112054561,NW_019863375.1,+,SE,0.00021061,0.405,168927,169522,NW_019863375.1_168927_169522
LOC112054561,NW_019863375.1,+,SE,2.03E-05,0.484,168928,169351,NW_019863375.1_168928_169351
LOC112054561,NW_019863375.1,+,SE,4.63E-05,0.153,169015,169326,NW_019863375.1_169015_169326
LOC112054561,NW_019863375.1,+,SE,4.88E-09,0.526,169015,169351,NW_019863375.1_169015_169351
LOC112054561,NW_019863375.1,+,SE,0,0.044,169015,169353,NW_019863375.1_169015_169353
LOC112054561,NW_019863375.1,+,SE,0,0.048,169015,169362,NW_019863375.1_169015_169362
LOC112054561,NW_019863375.1,+,SE,1.39E-05,0.264,169015,169522,NW_019863375.1_169015_169522
LOC112054561,NW_019863375.1,+,SE,1.80E-05,0.487,169100,169351,NW_019863375.1_169100_169351
LOC112050431,NW_019863023.1,+,SE,0.000152822,0.141,124118,124655,NW_019863023.1_124118_124655
LOC112058001,NW_019862770.1,-,SE,0.044383459,0.082,1515276,1515674,NW_019862770.1_1515276_1515674
LOC112058001,NW_019862770.1,-,SE,0.047321011,0.083,1515276,1515683,NW_019862770.1_1515276_1515683
LOC112058001,NW_019862770.1,-,SE,0.039521579,0.172,1515398,1515678,NW_019862770.1_1515398_1515678
LOC112043675,NW_019862794.1,-,SE,0.001012601,0.052,1289077,1289313,NW_019862794.1_1289077_1289313
LOC112056072,NW_019863696.1,-,SE,4.53E-14,-0.329,26290,26557,NW_019863696.1_26290_26557
LOC112047462,NW_019862894.1,+,SE,0.000214987,0.497,522811,523166,NW_019862894.1_522811_523166
LOC112047969,NW_019862910.1,+,SE,0.023941814,-0.259,375084,375410,NW_019862910.1_375084_375410
LOC112051355,NW_019863077.1,-,SE,0.000186804,-0.019,34266,34517,NW_019863077.1_34266_34517
LOC112051355,NW_019863077.1,-,SE,0,-0.053,34266,34654,NW_019863077.1_34266_34654
LOC112051355,NW_019863077.1,-,SE,0,-0.054,34266,34759,NW_019863077.1_34266_34759
LOC112051355,NW_019863077.1,-,SE,0,-0.053,34266,34804,NW_019863077.1_34266_34804
LOC112047485,NW_019862894.1,-,SE,0.037742939,-0.15,901513,901875,NW_019862894.1_901513_901875
LOC112051380,NW_019863079.1,+,SE,0.017523321,0.175,39484,39806,NW_019863079.1_39484_39806
LOC112058407,NW_019862776.1,+,SE,0.01974287,0.035,484154,484853,NW_019862776.1_484154_484853
LOC112058407,NW_019862776.1,+,SE,0.034014132,0.028,484162,484450,NW_019862776.1_484162_484450
LOC112058407,NW_019862776.1,+,SE,0.022757266,0.03,484189,484450,NW_019862776.1_484189_484450
LOC112052491,NW_019863152.1,+,SE,1.25E-05,0.304,36919,37144,NW_019863152.1_36919_37144
LOC112045075,NW_019862751.1,-,SE,0.031058578,0.092,2663075,2663427,NW_019862751.1_2663075_2663427
LOC112047914,NW_019862908.1,-,SE,0.003980484,0.242,158384,158808,NW_019862908.1_158384_158808
LOC112043682,NW_019862794.1,+,SE,0,-0.066,1405099,1405555,NW_019862794.1_1405099_1405555
LOC112043682,NW_019862794.1,+,SE,0,-0.066,1405102,1405555,NW_019862794.1_1405102_1405555
LOC112055759,NW_019863602.1,-,SE,3.44E-09,-0.056,7047,7552,NW_019863602.1_7047_7552
LOC112054403,NW_019863355.1,-,SE,0.005257663,0.016,101873,102145,NW_019863355.1_101873_102145
LOC112050737,NW_019863039.1,-,SE,0.004875118,0.373,237447,237713,NW_019863039.1_237447_237713
LOC112050737,NW_019863039.1,-,SE,0.005107308,0.06,238642,238956,NW_019863039.1_238642_238956
LOC112050737,NW_019863039.1,-,SE,0.005104565,0.064,238642,238974,NW_019863039.1_238642_238974
LOC112050737,NW_019863039.1,-,SE,0.005239282,0.067,238642,239318,NW_019863039.1_238642_239318
LOC112050705,NW_019863039.1,+,SE,2.70E-06,-0.062,247095,247357,NW_019863039.1_247095_247357
LOC112050705,NW_019863039.1,+,SE,0.000148594,-0.056,253511,253951,NW_019863039.1_253511_253951
LOC112050705,NW_019863039.1,+,SE,0.00330863,-0.115,253673,253951,NW_019863039.1_253673_253951
LOC112050729,NW_019863039.1,+,SE,0.000108875,0.403,329721,330074,NW_019863039.1_329721_330074
LOC112050729,NW_019863039.1,+,SE,0.001316615,0.559,329721,330225,NW_019863039.1_329721_330225
LOC112050729,NW_019863039.1,+,SE,0.000148594,0.42,329723,330074,NW_019863039.1_329723_330074
LOC112050729,NW_019863039.1,+,SE,3.82E-06,0.505,329747,330074,NW_019863039.1_329747_330074
LOC112043382,NW_019862789.1,-,SE,0.035058348,0.095,1013390,1013751,NW_019862789.1_1013390_1013751
LOC112057757,NW_019862766.1,+,SE,0.002182034,-0.194,165684,165907,NW_019862766.1_165684_165907
LOC112057757,NW_019862766.1,+,SE,0,-0.467,165684,165907,NW_019862766.1_165684_165907
LOC112056791,NW_019862764.1,-,SE,0,-0.113,146309,146695,NW_019862764.1_146309_146695
LOC112056791,NW_019862764.1,-,SE,0,-0.199,146411,146695,NW_019862764.1_146411_146695
LOC112056791,NW_019862764.1,-,SE,7.62E-07,-0.064,146411,146697,NW_019862764.1_146411_146697
LOC112056791,NW_019862764.1,-,SE,7.74E-07,-0.063,146411,146707,NW_019862764.1_146411_146707
LOC112056937,NW_019862764.1,+,SE,0,0.195,1060271,1060540,NW_019862764.1_1060271_1060540
LOC112043159,NW_019862786.1,-,SE,0.006068878,0.067,1009063,1009438,NW_019862786.1_1009063_1009438
LOC112043159,NW_019862786.1,-,SE,0.006068878,0.067,1009063,1009459,NW_019862786.1_1009063_1009459
LOC112043159,NW_019862786.1,-,SE,0.006068878,0.067,1009063,1009472,NW_019862786.1_1009063_1009472
LOC112052748,NW_019863172.1,+,SE,0.01074912,0.024,259839,260433,NW_019863172.1_259839_260433
LOC112052748,NW_019863172.1,+,SE,0.000398941,0.053,259839,260433,NW_019863172.1_259839_260433
LOC112052748,NW_019863172.1,+,SE,0.008560051,0.025,259919,260433,NW_019863172.1_259919_260433
LOC112052748,NW_019863172.1,+,SE,0.008560051,0.025,259949,260433,NW_019863172.1_259949_260433
LOC112052748,NW_019863172.1,+,SE,0.000398941,0.053,259949,260433,NW_019863172.1_259949_260433
LOC112052748,NW_019863172.1,+,SE,0.011880353,0.035,259949,260549,NW_019863172.1_259949_260549
LOC112052748,NW_019863172.1,+,SE,0.034489156,0.023,259964,260433,NW_019863172.1_259964_260433
LOC112052748,NW_019863172.1,+,SE,0.01074912,0.024,260012,260433,NW_019863172.1_260012_260433
LOC112052748,NW_019863172.1,+,SE,0.000293928,0.054,260012,260433,NW_019863172.1_260012_260433
LOC112052748,NW_019863172.1,+,SE,0.008560051,0.036,260012,260549,NW_019863172.1_260012_260549
LOC112052748,NW_019863172.1,+,SE,0.01074912,0.024,260030,260433,NW_019863172.1_260030_260433
LOC112052748,NW_019863172.1,+,SE,0.000293928,0.054,260030,260433,NW_019863172.1_260030_260433
LOC112052748,NW_019863172.1,+,SE,0.008560051,0.036,260030,260549,NW_019863172.1_260030_260549
LOC112052748,NW_019863172.1,+,SE,0.028904531,0.029,260035,260433,NW_019863172.1_260035_260433
LOC112052748,NW_019863172.1,+,SE,0.002303372,0.048,260035,260433,NW_019863172.1_260035_260433
LOC112052748,NW_019863172.1,+,SE,0.000293928,0.054,260067,260433,NW_019863172.1_260067_260433
LOC112052748,NW_019863172.1,+,SE,0.008647827,0.036,260067,260549,NW_019863172.1_260067_260549
LOC112052748,NW_019863172.1,+,SE,0.008560051,0.025,260070,260433,NW_019863172.1_260070_260433
LOC112052748,NW_019863172.1,+,SE,0.000293928,0.054,260070,260433,NW_019863172.1_260070_260433
LOC112052748,NW_019863172.1,+,SE,0.008647827,0.036,260070,260549,NW_019863172.1_260070_260549
LOC112052748,NW_019863172.1,+,SE,0.014893165,0.027,260090,260433,NW_019863172.1_260090_260433
LOC112052748,NW_019863172.1,+,SE,0.00044187,0.055,260090,260433,NW_019863172.1_260090_260433
LOC112052748,NW_019863172.1,+,SE,0.008151706,0.037,260090,260549,NW_019863172.1_260090_260549
LOC112052748,NW_019863172.1,+,SE,0.000286167,0.055,260107,260433,NW_019863172.1_260107_260433
LOC112052748,NW_019863172.1,+,SE,0.008560051,0.036,260107,260549,NW_019863172.1_260107_260549
LOC112052748,NW_019863172.1,+,SE,0.00862337,0.037,260204,260549,NW_019863172.1_260204_260549
LOC112052748,NW_019863172.1,+,SE,0.008650395,0.036,260208,260549,NW_019863172.1_260208_260549
LOC112045273,NW_019862828.1,+,SE,0.000219813,-0.031,136276,136587,NW_019862828.1_136276_136587
LOC112045273,NW_019862828.1,+,SE,0.001181756,-0.404,136333,136587,NW_019862828.1_136333_136587
LOC112045273,NW_019862828.1,+,SE,0.000146727,-0.056,136333,136623,NW_019862828.1_136333_136623
LOC112045455,NW_019862832.1,-,SE,5.46E-11,0.098,234232,234535,NW_019862832.1_234232_234535
LOC112048697,NW_019862941.1,-,SE,0.000645245,-0.025,169284,169671,NW_019862941.1_169284_169671
LOC112048697,NW_019862941.1,-,SE,4.77E-05,-0.033,169383,169671,NW_019862941.1_169383_169671
LOC112055427,NW_019863522.1,-,SE,0.005224642,-0.179,74793,75170,NW_019863522.1_74793_75170
LOC112053895,NW_019863292.1,-,SE,2.75E-09,0.044,27661,28039,NW_019863292.1_27661_28039
LOC112053895,NW_019863292.1,-,SE,2.75E-09,0.044,27661,28123,NW_019863292.1_27661_28123
LOC112053895,NW_019863292.1,-,SE,2.75E-09,0.044,27661,28195,NW_019863292.1_27661_28195
LOC112053895,NW_019863292.1,-,SE,0.000425063,0.062,32259,32847,NW_019863292.1_32259_32847
LOC112053895,NW_019863292.1,-,SE,0.003016638,0.059,32402,32847,NW_019863292.1_32402_32847
LOC112053895,NW_019863292.1,-,SE,0.000171196,0.074,32541,32847,NW_019863292.1_32541_32847
LOC112053895,NW_019863292.1,-,SE,2.25E-05,0.074,32545,32844,NW_019863292.1_32545_32844
LOC112053895,NW_019863292.1,-,SE,0,0.094,35429,36088,NW_019863292.1_35429_36088
LOC112053895,NW_019863292.1,-,SE,0.001512626,-0.11,35801,36088,NW_019863292.1_35801_36088
LOC112053895,NW_019863292.1,-,SE,0.00240592,-0.105,35801,36157,NW_019863292.1_35801_36157
LOC112053895,NW_019863292.1,-,SE,0.001408452,-0.108,35801,36182,NW_019863292.1_35801_36182
LOC112053895,NW_019863292.1,-,SE,0.007270086,0.018,37207,37546,NW_019863292.1_37207_37546
LOC112053886,NW_019863292.1,+,SE,6.08E-08,0.108,127018,127340,NW_019863292.1_127018_127340
LOC112053886,NW_019863292.1,+,SE,6.08E-08,0.106,127027,127340,NW_019863292.1_127027_127340
LOC112053886,NW_019863292.1,+,SE,6.08E-08,0.106,127028,127340,NW_019863292.1_127028_127340
LOC112053886,NW_019863292.1,+,SE,4.20E-08,0.066,127035,127339,NW_019863292.1_127035_127339
LOC112053886,NW_019863292.1,+,SE,1.06E-07,0.11,127049,127340,NW_019863292.1_127049_127340
LOC112053886,NW_019863292.1,+,SE,0.038661199,-0.012,155890,156202,NW_019863292.1_155890_156202
LOC112045812,NW_019862841.1,+,SE,0.001034348,-0.342,283222,283688,NW_019862841.1_283222_283688
LOC112058466,NW_019862776.1,-,SE,0.005941561,-0.143,822742,822963,NW_019862776.1_822742_822963
LOC112058466,NW_019862776.1,-,SE,0.00176225,-0.121,822742,823002,NW_019862776.1_822742_823002
LOC112057691,NW_019862765.1,-,SE,1.33E-13,0.052,1265751,1266089,NW_019862765.1_1265751_1266089
LOC112052373,NW_019862759.1,+,SE,0.036470631,-0.097,2016659,2016943,NW_019862759.1_2016659_2016943
LOC112052373,NW_019862759.1,+,SE,0.000285502,0.092,2018833,2019090,NW_019862759.1_2018833_2019090
LOC112052373,NW_019862759.1,+,SE,0.007597224,-0.028,2021399,2021825,NW_019862759.1_2021399_2021825
LOC112052373,NW_019862759.1,+,SE,0.011031769,-0.06,2029538,2029824,NW_019862759.1_2029538_2029824
LOC112047007,NW_019862880.1,+,SE,3.05E-05,0.028,150545,151116,NW_019862880.1_150545_151116
LOC112047007,NW_019862880.1,+,SE,3.05E-05,0.028,150646,151116,NW_019862880.1_150646_151116
LOC112047007,NW_019862880.1,+,SE,3.05E-05,0.028,150693,151116,NW_019862880.1_150693_151116
LOC112047007,NW_019862880.1,+,SE,3.05E-05,0.028,150700,151116,NW_019862880.1_150700_151116
LOC112047144,NW_019862883.1,-,SE,0.009492216,0.062,180910,181216,NW_019862883.1_180910_181216
LOC112046732,NW_019862869.1,-,SE,1.54E-05,-0.012,35511,35744,NW_019862869.1_35511_35744
LOC112046732,NW_019862869.1,-,SE,2.00E-08,-0.14,35511,35744,NW_019862869.1_35511_35744
LOC112046732,NW_019862869.1,-,SE,0.001126671,-0.02,42446,42733,NW_019862869.1_42446_42733
LOC112052982,NW_019863193.1,-,SE,0.004057542,-0.047,6741,7018,NW_019863193.1_6741_7018
LOC112052982,NW_019863193.1,-,SE,0.00458339,-0.031,6741,7138,NW_019863193.1_6741_7138
LOC112052982,NW_019863193.1,-,SE,0.004397327,-0.031,6741,7146,NW_019863193.1_6741_7146
LOC112052982,NW_019863193.1,-,SE,0.004592301,-0.031,6741,7153,NW_019863193.1_6741_7153
LOC112052982,NW_019863193.1,-,SE,0.00458339,-0.031,6741,7155,NW_019863193.1_6741_7155
LOC112054772,NW_019863409.1,-,SE,0,0.439,112476,112765,NW_019863409.1_112476_112765
LOC112053763,NW_019863279.1,-,SE,0.001107476,0.092,200804,201236,NW_019863279.1_200804_201236
LOC112053763,NW_019863279.1,-,SE,0.001107476,0.092,200887,201236,NW_019863279.1_200887_201236
LOC112052396,NW_019863145.1,-,SE,0.018182497,-0.096,116428,117120,NW_019863145.1_116428_117120
LOC112052396,NW_019863145.1,-,SE,0.039351783,-0.18,117463,117782,NW_019863145.1_117463_117782
LOC112057214,NW_019864537.1,+,SE,0.001533181,0.036,13967,14308,NW_019864537.1_13967_14308
LOC112047787,NW_019862904.1,-,SE,0.000792346,-0.085,384286,384618,NW_019862904.1_384286_384618
LOC112047355,NW_019862890.1,-,SE,0,0.115,331304,331857,NW_019862890.1_331304_331857
LOC112047355,NW_019862890.1,-,SE,4.76E-13,0.239,331304,331857,NW_019862890.1_331304_331857
LOC112049569,NW_019862979.1,-,SE,0.000974971,-0.205,471177,471400,NW_019862979.1_471177_471400
LOC112049569,NW_019862979.1,-,SE,0.00128653,-0.188,471177,471496,NW_019862979.1_471177_471496
LOC112049569,NW_019862979.1,-,SE,0.001536195,-0.191,471177,471519,NW_019862979.1_471177_471519
LOC112049569,NW_019862979.1,-,SE,0.001696752,-0.192,471177,471560,NW_019862979.1_471177_471560
LOC112049569,NW_019862979.1,-,SE,0.001645173,-0.192,471177,471748,NW_019862979.1_471177_471748
LOC112055815,NW_019863623.1,-,SE,0.009637196,-0.132,25565,25880,NW_019863623.1_25565_25880
LOC112055815,NW_019863623.1,-,SE,0.001122648,0.281,25565,25880,NW_019863623.1_25565_25880
LOC112055815,NW_019863623.1,-,SE,0.000794899,0.326,25565,25880,NW_019863623.1_25565_25880
LOC112055815,NW_019863623.1,-,SE,0.000977489,0.304,25565,26100,NW_019863623.1_25565_26100
LOC112055815,NW_019863623.1,-,SE,0.011235213,-0.468,25779,26100,NW_019863623.1_25779_26100
LOC112055815,NW_019863623.1,-,SE,0.005428988,-0.408,26357,26920,NW_019863623.1_26357_26920
LOC112055815,NW_019863623.1,-,SE,0.009930564,-0.437,26357,26920,NW_019863623.1_26357_26920
LOC112055815,NW_019863623.1,-,SE,0.000856107,-0.408,26596,27283,NW_019863623.1_26596_27283
LOC112055815,NW_019863623.1,-,SE,0.00850385,0.302,29289,29610,NW_019863623.1_29289_29610
LOC112055815,NW_019863623.1,-,SE,0.000478581,0.518,29289,29951,NW_019863623.1_29289_29951
LOC112055815,NW_019863623.1,-,SE,0.003874751,0.329,29289,29951,NW_019863623.1_29289_29951
LOC112055815,NW_019863623.1,-,SE,0.010562422,-0.186,30546,30870,NW_019863623.1_30546_30870
LOC112044941,NW_019862820.1,+,SE,0.042068295,-0.01,696964,697184,NW_019862820.1_696964_697184
LOC112044923,NW_019862820.1,-,SE,0.000890891,-0.038,924885,925230,NW_019862820.1_924885_925230
LOC112044923,NW_019862820.1,-,SE,0.000796315,-0.03,924961,925230,NW_019862820.1_924961_925230
LOC112044923,NW_019862820.1,-,SE,0.001816486,-0.025,924962,925242,NW_019862820.1_924962_925242
LOC112047417,NW_019862753.1,-,SE,0.001023123,-0.086,321211,321453,NW_019862753.1_321211_321453
LOC112046721,NW_019862753.1,-,SE,0.000434304,-0.033,381730,382056,NW_019862753.1_381730_382056
LOC112046721,NW_019862753.1,-,SE,0.001195257,-0.027,381730,382070,NW_019862753.1_381730_382070
LOC112046721,NW_019862753.1,-,SE,0.00125932,-0.027,381730,382072,NW_019862753.1_381730_382072
LOC112046721,NW_019862753.1,-,SE,0.001158829,-0.026,381730,382078,NW_019862753.1_381730_382078
LOC112046721,NW_019862753.1,-,SE,0.001138299,-0.026,381730,382098,NW_019862753.1_381730_382098
LOC112046721,NW_019862753.1,-,SE,0.001163159,-0.025,381730,382104,NW_019862753.1_381730_382104
LOC112046721,NW_019862753.1,-,SE,0.00128653,-0.026,381730,382166,NW_019862753.1_381730_382166
LOC112046735,NW_019862753.1,-,SE,0.047193972,-0.03,403373,403690,NW_019862753.1_403373_403690
LOC112047239,NW_019862753.1,+,SE,0.01657215,-0.012,2104273,2104572,NW_019862753.1_2104273_2104572
LOC112049107,NW_019862958.1,+,SE,0.008337621,-0.018,251702,251913,NW_019862958.1_251702_251913
LOC112050969,NW_019863053.1,+,SE,1.25E-05,-0.096,362245,362463,NW_019863053.1_362245_362463
LOC112053300,NW_019862759.1,-,SE,0.0006984,0.284,154917,155487,NW_019862759.1_154917_155487
LOC112052608,NW_019862759.1,-,SE,0.000336933,0.071,369637,369882,NW_019862759.1_369637_369882
LOC112052647,NW_019862759.1,-,SE,0.001344886,-0.052,519090,519460,NW_019862759.1_519090_519460
LOC112053333,NW_019863229.1,-,SE,0.026264272,-0.107,119446,119827,NW_019863229.1_119446_119827
LOC112053123,NW_019862759.1,-,SE,3.68E-06,0.213,1779207,1779537,NW_019862759.1_1779207_1779537
LOC112053123,NW_019862759.1,-,SE,1.22E-05,0.216,1779207,1779552,NW_019862759.1_1779207_1779552
LOC112053123,NW_019862759.1,-,SE,1.44E-05,0.215,1779207,1779605,NW_019862759.1_1779207_1779605
LOC112053123,NW_019862759.1,-,SE,2.36E-05,0.208,1779207,1779690,NW_019862759.1_1779207_1779690
LOC112053123,NW_019862759.1,-,SE,5.62E-05,0.204,1779207,1779786,NW_019862759.1_1779207_1779786
LOC112053123,NW_019862759.1,-,SE,1.44E-05,0.215,1779207,1779801,NW_019862759.1_1779207_1779801
LOC112051828,NW_019863106.1,+,SE,0,-0.2,254693,255126,NW_019863106.1_254693_255126
LOC112051828,NW_019863106.1,+,SE,0,-0.2,254697,255126,NW_019863106.1_254697_255126
LOC112051828,NW_019863106.1,+,SE,0,-0.202,254729,255126,NW_019863106.1_254729_255126
LOC112051828,NW_019863106.1,+,SE,0.046053812,-0.014,254729,255133,NW_019863106.1_254729_255133
LOC112051828,NW_019863106.1,+,SE,4.53E-14,-0.186,254799,255126,NW_019863106.1_254799_255126
LOC112051828,NW_019863106.1,+,SE,0.001937323,-0.019,254799,255133,NW_019863106.1_254799_255133
LOC112051828,NW_019863106.1,+,SE,6.49E-07,-0.151,254822,255126,NW_019863106.1_254822_255126
LOC112051828,NW_019863106.1,+,SE,3.97E-08,-0.159,254830,255126,NW_019863106.1_254830_255126
LOC112051828,NW_019863106.1,+,SE,0.018182497,-0.017,254830,255133,NW_019863106.1_254830_255133
LOC112051828,NW_019863106.1,+,SE,1.71E-11,-0.121,254880,255126,NW_019863106.1_254880_255126
LOC112051828,NW_019863106.1,+,SE,4.53E-14,-0.124,254882,255126,NW_019863106.1_254882_255126
LOC112053060,NW_019863202.1,-,SE,0.022601027,-0.185,229873,230373,NW_019863202.1_229873_230373
LOC112053060,NW_019863202.1,-,SE,0.012423362,-0.189,229940,230373,NW_019863202.1_229940_230373
LOC112055679,NW_019863585.1,-,SE,0.000292023,-0.018,37195,37452,NW_019863585.1_37195_37452
LOC112047686,NW_019862901.1,-,SE,0.004018467,-0.059,276131,276402,NW_019862901.1_276131_276402
LOC112047686,NW_019862901.1,-,SE,0.005043513,-0.057,276131,276405,NW_019862901.1_276131_276405
LOC112047975,NW_019862910.1,-,SE,0.003923661,-0.07,495896,496161,NW_019862910.1_495896_496161
LOC112043773,NW_019862797.1,+,SE,0.013740646,0.032,703105,703635,NW_019862797.1_703105_703635
LOC112053327,NW_019863229.1,-,SE,0.00162084,0.017,83567,84042,NW_019863229.1_83567_84042
LOC112053327,NW_019863229.1,-,SE,0.016975702,0.015,83573,84042,NW_019863229.1_83573_84042
LOC112053327,NW_019863229.1,-,SE,0.000651273,0.017,83574,84042,NW_019863229.1_83574_84042
LOC112053327,NW_019863229.1,-,SE,0.01012388,0.096,83673,84026,NW_019863229.1_83673_84026
LOC112053327,NW_019863229.1,-,SE,0.006385496,0.1,83673,84042,NW_019863229.1_83673_84042
LOC112053327,NW_019863229.1,-,SE,0.008650395,0.097,83673,84055,NW_019863229.1_83673_84055
LOC112053327,NW_019863229.1,-,SE,0.01012388,0.096,83673,84079,NW_019863229.1_83673_84079
LOC112053327,NW_019863229.1,-,SE,0.024581905,0.016,83708,84042,NW_019863229.1_83708_84042
LOC112053327,NW_019863229.1,-,SE,0.004509211,0.04,84133,84459,NW_019863229.1_84133_84459
LOC112053327,NW_019863229.1,-,SE,0.011980119,0.035,84133,84549,NW_019863229.1_84133_84549
LOC112053327,NW_019863229.1,-,SE,0.011980119,0.035,84133,84571,NW_019863229.1_84133_84571
LOC112053327,NW_019863229.1,-,SE,0.011980119,0.035,84133,84574,NW_019863229.1_84133_84574
LOC112053327,NW_019863229.1,-,SE,0.011980119,0.035,84133,84586,NW_019863229.1_84133_84586
LOC112043851,NW_019862799.1,+,SE,1.20E-06,0.283,890040,890502,NW_019862799.1_890040_890502
LOC112043851,NW_019862799.1,+,SE,2.67E-05,0.275,890094,890419,NW_019862799.1_890094_890419
LOC112043866,NW_019862799.1,+,SE,7.98E-05,0.048,1262887,1263223,NW_019862799.1_1262887_1263223
LOC112043866,NW_019862799.1,+,SE,0.022830812,0.091,1262887,1263227,NW_019862799.1_1262887_1263227
LOC112043866,NW_019862799.1,+,SE,0.011964787,0.03,1262930,1263223,NW_019862799.1_1262930_1263223
LOC112043866,NW_019862799.1,+,SE,0.014720409,0.086,1262930,1263227,NW_019862799.1_1262930_1263227
LOC112051744,NW_019862748.1,-,SE,0.005436272,-0.185,3903608,3903884,NW_019862748.1_3903608_3903884
LOC112051744,NW_019862748.1,-,SE,0.005933397,-0.184,3903608,3903890,NW_019862748.1_3903608_3903890
LOC112051744,NW_019862748.1,-,SE,0.004412518,-0.187,3903608,3903891,NW_019862748.1_3903608_3903891
LOC112051744,NW_019862748.1,-,SE,0.004335432,-0.192,3903608,3903910,NW_019862748.1_3903608_3903910
LOC112051744,NW_019862748.1,-,SE,0.006036068,-0.224,3903608,3903977,NW_019862748.1_3903608_3903977
LOC112049142,NW_019862961.1,-,SE,6.04E-07,0.269,360851,361242,NW_019862961.1_360851_361242
LOC112049142,NW_019862961.1,-,SE,8.69E-07,0.272,360899,361242,NW_019862961.1_360899_361242
LOC112054182,NW_019863326.1,-,SE,0.000168192,-0.043,119431,119764,NW_019863326.1_119431_119764
LOC112055453,NW_019863525.1,-,SE,4.60E-08,-0.219,113982,114256,NW_019863525.1_113982_114256
LOC112046203,NW_019862850.1,+,SE,0,-0.656,349365,349656,NW_019862850.1_349365_349656
LOC112058494,NW_019862749.1,-,SE,0.005499536,0.096,1804415,1804739,NW_019862749.1_1804415_1804739
LOC112058494,NW_019862749.1,-,SE,0.003990593,0.102,1804415,1804812,NW_019862749.1_1804415_1804812
LOC112058494,NW_019862749.1,-,SE,0.003477819,0.104,1804415,1804822,NW_019862749.1_1804415_1804822
LOC112058494,NW_019862749.1,-,SE,0.003990593,0.102,1804415,1804848,NW_019862749.1_1804415_1804848
LOC112042894,NW_019862781.1,+,SE,0,-0.294,965523,965993,NW_019862781.1_965523_965993
LOC112050069,NW_019863004.1,-,SE,1.23E-12,0.023,134610,134853,NW_019863004.1_134610_134853
LOC112054350,NW_019863349.1,+,SE,0.031750741,0.086,191068,191394,NW_019863349.1_191068_191394
LOC112043927,NW_019862800.1,-,SE,0.012116755,0.01,590586,590834,NW_019862800.1_590586_590834
LOC112050625,NW_019863034.1,+,SE,0.000219846,0.142,164538,165034,NW_019863034.1_164538_165034
LOC112048969,NW_019862953.1,+,SE,3.83E-05,0.103,361742,362180,NW_019862953.1_361742_362180
LOC112056173,NW_019863726.1,-,SE,0.018050372,-0.331,68967,69235,NW_019863726.1_68967_69235
LOC112051454,NW_019863083.1,+,SE,0.012282654,-0.055,296137,296764,NW_019863083.1_296137_296764
LOC112051454,NW_019863083.1,+,SE,0.012282654,-0.055,296381,296764,NW_019863083.1_296381_296764
LOC112051454,NW_019863083.1,+,SE,0.012282654,-0.055,296411,296764,NW_019863083.1_296411_296764
LOC112051454,NW_019863083.1,+,SE,0.008401113,-0.06,296434,296764,NW_019863083.1_296434_296764
LOC112051454,NW_019863083.1,+,SE,0.01012388,-0.062,296450,296764,NW_019863083.1_296450_296764
LOC112051454,NW_019863083.1,+,SE,0.008524933,-0.071,296473,296764,NW_019863083.1_296473_296764
LOC112047533,NW_019862896.1,+,SE,0.030520952,-0.046,320243,320494,NW_019862896.1_320243_320494
LOC112050384,NW_019862756.1,-,SE,0.012073764,0.156,1796034,1796360,NW_019862756.1_1796034_1796360
LOC112050199,NW_019862756.1,-,SE,0.038185874,-0.308,1428507,1428901,NW_019862756.1_1428507_1428901
LOC112054391,NW_019863354.1,-,SE,0.023568485,0.281,184211,184530,NW_019863354.1_184211_184530
LOC112044349,NW_019862807.1,-,SE,1.72E-05,-0.232,187757,188055,NW_019862807.1_187757_188055
LOC112045512,NW_019862834.1,+,SE,0.013882395,-0.029,996794,997114,NW_019862834.1_996794_997114
LOC112046776,NW_019862870.1,+,SE,0.000456553,-0.265,771990,772247,NW_019862870.1_771990_772247
LOC112045981,NW_019862845.1,+,SE,3.30E-09,-0.163,909624,909937,NW_019862845.1_909624_909937
LOC112052216,NW_019862758.1,+,SE,0.002302026,-0.1,2320951,2321309,NW_019862758.1_2320951_2321309
LOC112046614,NW_019862863.1,+,SE,2.06E-08,0.151,823944,824261,NW_019862863.1_823944_824261
LOC112046614,NW_019862863.1,+,SE,7.63E-06,0.091,823944,824261,NW_019862863.1_823944_824261
LOC112046614,NW_019862863.1,+,SE,4.48E-07,-0.191,827779,828015,NW_019862863.1_827779_828015
LOC112046614,NW_019862863.1,+,SE,3.32E-07,-0.185,827789,828015,NW_019862863.1_827789_828015
LOC112056309,NW_019863765.1,+,SE,4.60E-08,-0.708,41659,41940,NW_019863765.1_41659_41940
LOC112056309,NW_019863765.1,+,SE,2.11E-11,-0.768,41659,41960,NW_019863765.1_41659_41960
LOC112056309,NW_019863765.1,+,SE,3.13E-11,-0.771,41659,41994,NW_019863765.1_41659_41994
LOC112056309,NW_019863765.1,+,SE,3.48E-11,-0.772,41659,42002,NW_019863765.1_41659_42002
LOC112056309,NW_019863765.1,+,SE,9.29E-11,-0.759,41659,42016,NW_019863765.1_41659_42016
LOC112052191,NW_019863132.1,-,SE,2.77E-05,-0.123,160851,161486,NW_019863132.1_160851_161486
LOC112052191,NW_019863132.1,-,SE,2.62E-05,-0.097,161075,161470,NW_019863132.1_161075_161470
LOC112048151,NW_019862918.1,+,SE,0.007409168,0.032,487761,488123,NW_019862918.1_487761_488123
LOC112046661,NW_019862866.1,-,SE,0.002666493,0.102,293582,293864,NW_019862866.1_293582_293864
LOC112046661,NW_019862866.1,-,SE,0.003154391,0.09,293587,294108,NW_019862866.1_293587_294108
LOC112046661,NW_019862866.1,-,SE,0.006449875,0.097,293840,294108,NW_019862866.1_293840_294108
LOC112045975,NW_019862845.1,+,SE,0.009938146,0.162,169316,169686,NW_019862845.1_169316_169686
LOC112042858,NW_019862780.1,-,SE,0.002045581,-0.045,974287,974527,NW_019862780.1_974287_974527
LOC112052118,NW_019863127.1,-,SE,0.00189396,-0.034,13057,13442,NW_019863127.1_13057_13442
LOC112044524,NW_019862810.1,-,SE,0.01878963,0.03,1176901,1177137,NW_019862810.1_1176901_1177137
LOC112054590,NW_019863380.1,-,SE,0,0.305,120406,120816,NW_019863380.1_120406_120816
LOC112054590,NW_019863380.1,-,SE,0,0.352,120412,120808,NW_019863380.1_120412_120808
LOC112056837,NW_019864017.1,+,SE,0.012532149,0.058,27820,28309,NW_019864017.1_27820_28309
LOC112054151,NW_019863325.1,+,SE,9.36E-08,0.081,224890,225248,NW_019863325.1_224890_225248
LOC112051428,NW_019863082.1,-,SE,0.038803386,0.033,125351,125806,NW_019863082.1_125351_125806
LOC112049061,NW_019862957.1,+,SE,2.86E-05,0.112,504488,504891,NW_019862957.1_504488_504891
LOC112054515,NW_019862761.1,+,SE,0.000177361,0.137,1230238,1230621,NW_019862761.1_1230238_1230621
LOC112054515,NW_019862761.1,+,SE,4.02E-05,0.158,1230257,1230621,NW_019862761.1_1230257_1230621
LOC112054515,NW_019862761.1,+,SE,0.000173479,0.137,1230271,1230621,NW_019862761.1_1230271_1230621
LOC112054515,NW_019862761.1,+,SE,0.000212166,0.14,1230280,1230621,NW_019862761.1_1230280_1230621
LOC112054515,NW_019862761.1,+,SE,8.14E-05,0.139,1230287,1230621,NW_019862761.1_1230287_1230621
LOC112054845,NW_019862761.1,-,SE,0.000320588,0.047,2304278,2304669,NW_019862761.1_2304278_2304669
LOC112053704,NW_019863274.1,+,SE,0.024929487,-0.028,129740,130133,NW_019863274.1_129740_130133
LOC112053704,NW_019863274.1,+,SE,0.029522945,-0.027,129792,130133,NW_019863274.1_129792_130133
LOC112053704,NW_019863274.1,+,SE,0.029903638,-0.027,129793,130133,NW_019863274.1_129793_130133
LOC112051357,NW_019863077.1,-,SE,0,0.241,297603,297847,NW_019863077.1_297603_297847
LOC112051357,NW_019863077.1,-,SE,0.000150641,-0.059,305191,305535,NW_019863077.1_305191_305535
LOC112051357,NW_019863077.1,-,SE,1.84E-05,-0.066,305192,305520,NW_019863077.1_305192_305520
LOC112045689,NW_019862838.1,+,SE,0.000829365,0.039,89084,89392,NW_019862838.1_89084_89392
LOC112047321,NW_019862887.1,-,SE,0.044082977,0.021,447040,447424,NW_019862887.1_447040_447424
LOC112047321,NW_019862887.1,-,SE,0,0.066,447040,447432,NW_019862887.1_447040_447432
LOC112047321,NW_019862887.1,-,SE,1.47E-08,-0.398,455949,456219,NW_019862887.1_455949_456219
LOC112047321,NW_019862887.1,-,SE,4.14E-08,-0.093,455949,456219,NW_019862887.1_455949_456219
LOC112043934,NW_019862800.1,+,SE,4.24E-05,-0.026,655306,655563,NW_019862800.1_655306_655563
LOC112043934,NW_019862800.1,+,SE,0.045680067,-0.272,655306,655569,NW_019862800.1_655306_655569
LOC112043934,NW_019862800.1,+,SE,0.000100907,-0.02,655315,655569,NW_019862800.1_655315_655569
LOC112051546,NW_019863089.1,-,SE,0,0.078,146322,146686,NW_019863089.1_146322_146686
LOC112054224,NW_019863330.1,-,SE,1.79E-10,-0.238,43111,43723,NW_019863330.1_43111_43723
LOC112054224,NW_019863330.1,-,SE,9.30E-06,-0.188,43433,43720,NW_019863330.1_43433_43720
LOC112054224,NW_019863330.1,-,SE,9.71E-12,-0.341,43433,43723,NW_019863330.1_43433_43723
LOC112045640,NW_019862837.1,+,SE,0.027325331,0.126,891462,891942,NW_019862837.1_891462_891942
LOC112045640,NW_019862837.1,+,SE,0.029225701,0.128,891481,891942,NW_019862837.1_891481_891942
LOC112045640,NW_019862837.1,+,SE,0.029903638,0.127,891486,891942,NW_019862837.1_891486_891942
LOC112045640,NW_019862837.1,+,SE,0.029903638,0.127,891585,891942,NW_019862837.1_891585_891942
LOC112049141,NW_019862755.1,-,SE,0.000662387,0.123,2452117,2452499,NW_019862755.1_2452117_2452499
LOC112049214,NW_019862755.1,+,SE,0.000333946,0.077,2547858,2548269,NW_019862755.1_2547858_2548269
LOC112049214,NW_019862755.1,+,SE,0.045491153,-0.063,2565749,2566434,NW_019862755.1_2565749_2566434
LOC112049214,NW_019862755.1,+,SE,0.040026582,-0.065,2565764,2566115,NW_019862755.1_2565764_2566115
LOC112049214,NW_019862755.1,+,SE,0.029287019,-0.07,2565764,2566434,NW_019862755.1_2565764_2566434
LOC112055964,NW_019863667.1,-,SE,0.001787792,0.047,41451,41738,NW_019863667.1_41451_41738
LOC112055398,NW_019863514.1,+,MXE_exon1,0.001045307,-0.245,70222,70540,NW_019863514.1_70222_70540
LOC112049170,NW_019862962.1,+,MXE_exon1,0.000786986,-0.127,81603,81901,NW_019862962.1_81603_81901
LOC112046667,NW_019862866.1,-,MXE_exon1,0.014695919,0.069,284858,285218,NW_019862866.1_284858_285218
LOC112050857,NW_019863046.1,+,MXE_exon1,0.001012255,0.092,171578,171862,NW_019863046.1_171578_171862
LOC112054984,NW_019863443.1,+,MXE_exon1,0.014285106,-0.068,110869,111177,NW_019863443.1_110869_111177
LOC112043641,NW_019862793.1,-,MXE_exon1,0.030669847,-0.129,1259018,1259350,NW_019862793.1_1259018_1259350
LOC112053692,NW_019863272.1,-,MXE_exon1,1.95E-06,-0.15,5188,5450,NW_019863272.1_5188_5450
LOC112054133,NW_019863321.1,+,MXE_exon1,0.005935927,-0.15,29862,30266,NW_019863321.1_29862_30266
LOC112046049,NW_019862846.1,-,MXE_exon1,7.55E-05,-0.297,209397,209673,NW_019862846.1_209397_209673
LOC112055290,NW_019863493.1,-,MXE_exon1,0.021853572,0.181,120605,120945,NW_019863493.1_120605_120945
LOC112049271,NW_019862966.1,+,MXE_exon1,0.007812329,-0.074,256816,257093,NW_019862966.1_256816_257093
LOC112049271,NW_019862966.1,+,MXE_exon1,0.010935454,-0.083,256816,257093,NW_019862966.1_256816_257093
LOC112054834,NW_019863423.1,+,MXE_exon1,0.019283055,-0.017,30743,31019,NW_019863423.1_30743_31019
LOC112050193,NW_019862748.1,+,MXE_exon1,0.010555273,0.205,344067,344415,NW_019862748.1_344067_344415
LOC112053614,NW_019862760.1,-,MXE_exon1,0.034627516,0.093,263705,264008,NW_019862760.1_263705_264008
LOC112046464,NW_019862858.1,+,MXE_exon1,0.04619778,0.126,796655,796968,NW_019862858.1_796655_796968
LOC112047808,NW_019862904.1,-,MXE_exon1,0.028378907,-0.274,1074534,1074799,NW_019862904.1_1074534_1074799
LOC112047808,NW_019862904.1,-,MXE_exon1,0.043626691,0.175,1077187,1077540,NW_019862904.1_1077187_1077540
LOC112043205,NW_019862787.1,+,MXE_exon1,0.004928046,0.326,313702,314084,NW_019862787.1_313702_314084
LOC112058428,NW_019862776.1,-,MXE_exon1,0.00378486,0.029,1068261,1068521,NW_019862776.1_1068261_1068521
LOC112055338,NW_019863503.1,+,MXE_exon1,0.01013035,0.114,58956,59250,NW_019863503.1_58956_59250
LOC112054078,NW_019863315.1,-,MXE_exon1,1.04E-05,-0.325,123224,123537,NW_019863315.1_123224_123537
LOC112058267,NW_019862748.1,-,MXE_exon1,0.002832915,-0.257,626142,626552,NW_019862748.1_626142_626552
LOC112055179,NW_019862762.1,+,MXE_exon1,7.16E-07,-0.476,86019,86417,NW_019862762.1_86019_86417
LOC112054275,NW_019863336.1,-,MXE_exon1,0.019795162,0.191,1224,1560,NW_019863336.1_1224_1560
LOC112046832,NW_019862872.1,+,MXE_exon1,0.026156544,-0.031,395048,395422,NW_019862872.1_395048_395422
LOC112046832,NW_019862872.1,+,MXE_exon1,1.78E-05,-0.099,397180,397467,NW_019862872.1_397180_397467
LOC112046832,NW_019862872.1,+,MXE_exon1,0.036981258,0.087,412127,412452,NW_019862872.1_412127_412452
LOC112049721,NW_019862987.1,+,MXE_exon1,0.047136922,0.097,394187,394463,NW_019862987.1_394187_394463
LOC112058392,NW_019862749.1,+,MXE_exon1,0.035051367,0.096,822322,823336,NW_019862749.1_822322_823336
LOC112048717,NW_019862941.1,-,MXE_exon1,0.031085141,-0.143,257558,257918,NW_019862941.1_257558_257918
LOC112045704,NW_019862838.1,+,MXE_exon1,0.000162846,0.134,595494,595783,NW_019862838.1_595494_595783
LOC112045704,NW_019862838.1,+,MXE_exon1,0.000158766,0.168,612889,613280,NW_019862838.1_612889_613280
LOC112058170,NW_019862749.1,-,MXE_exon1,0.048357553,0.004,386535,386972,NW_019862749.1_386535_386972
LOC112056296,NW_019862763.1,-,MXE_exon1,4.20E-09,-0.156,1446559,1446837,NW_019862763.1_1446559_1446837
LOC112056296,NW_019862763.1,-,MXE_exon1,4.20E-05,-0.229,1447473,1447789,NW_019862763.1_1447473_1447789
LOC112058362,NW_019862775.1,-,MXE_exon1,0.015437858,-0.078,728052,728354,NW_019862775.1_728052_728354
LOC112056031,NW_019863688.1,-,MXE_exon1,4.84E-08,0.292,17127,17473,NW_019863688.1_17127_17473
nbis-pseudo33,NW_019862873.1,-,MXE_exon1,0.016755676,0.077,600910,601171,NW_019862873.1_600910_601171
LOC112051535,NW_019863088.1,+,MXE_exon1,0.037888962,0.21,329706,330014,NW_019863088.1_329706_330014
LOC112046844,NW_019862873.1,+,MXE_exon1,0.001101588,-0.137,178188,178719,NW_019862873.1_178188_178719
LOC112052388,NW_019863145.1,-,MXE_exon1,5.73E-07,0.502,22725,23018,NW_019863145.1_22725_23018
LOC112045305,NW_019862828.1,+,MXE_exon1,0.001996991,-0.099,795846,796079,NW_019862828.1_795846_796079
LOC112045305,NW_019862828.1,+,MXE_exon1,0.026204171,-0.018,811571,811840,NW_019862828.1_811571_811840
LOC112049830,NW_019862993.1,-,MXE_exon1,0.003495549,-0.136,96550,96878,NW_019862993.1_96550_96878
LOC112057974,NW_019862770.1,+,MXE_exon1,5.97E-06,0.087,577144,577394,NW_019862770.1_577144_577394
LOC112052601,NW_019863161.1,-,MXE_exon1,0.028013088,-0.056,221310,221558,NW_019863161.1_221310_221558
LOC112052043,NW_019863120.1,-,MXE_exon1,0.035934236,0.062,90440,90787,NW_019863120.1_90440_90787
LOC112055727,NW_019862762.1,+,MXE_exon1,0.027900723,-0.066,1921290,1921614,NW_019862762.1_1921290_1921614
LOC112055597,NW_019862762.1,-,MXE_exon1,2.49E-05,-0.063,1106501,1106821,NW_019862762.1_1106501_1106821
LOC112055429,NW_019862762.1,-,MXE_exon1,0.000153144,0.257,347023,347351,NW_019862762.1_347023_347351
LOC112048640,NW_019862938.1,-,MXE_exon1,2.62E-09,-0.252,65275,65552,NW_019862938.1_65275_65552
LOC112048640,NW_019862938.1,-,MXE_exon1,1.25E-09,-0.101,65275,65552,NW_019862938.1_65275_65552
LOC112048640,NW_019862938.1,-,MXE_exon1,0.001006569,-0.061,66408,66755,NW_019862938.1_66408_66755
LOC112048640,NW_019862938.1,-,MXE_exon1,0.007226356,-0.05,66408,66767,NW_019862938.1_66408_66767
LOC112048640,NW_019862938.1,-,MXE_exon1,0.000334282,0.116,94029,94325,NW_019862938.1_94029_94325
LOC112048640,NW_019862938.1,-,MXE_exon1,0.004469247,0.066,94029,94325,NW_019862938.1_94029_94325
LOC112048640,NW_019862938.1,-,MXE_exon1,0.000628031,0.071,94029,94325,NW_019862938.1_94029_94325
LOC112048640,NW_019862938.1,-,MXE_exon1,0.000212092,-0.119,150136,150490,NW_019862938.1_150136_150490
LOC112048640,NW_019862938.1,-,MXE_exon1,0.009495579,0.067,151637,151951,NW_019862938.1_151637_151951
LOC112044399,NW_019862808.1,-,MXE_exon1,0.000655178,-0.088,1214809,1215150,NW_019862808.1_1214809_1215150
LOC112045313,NW_019862829.1,-,MXE_exon1,0.000785521,-0.027,302036,302319,NW_019862829.1_302036_302319
LOC112048916,NW_019862951.1,-,MXE_exon1,0.044043603,-0.104,199795,200087,NW_019862951.1_199795_200087
LOC112051409,NW_019863081.1,-,MXE_exon1,2.62E-09,0.398,325315,325647,NW_019863081.1_325315_325647
LOC112055739,NW_019863599.1,-,MXE_exon1,1.15E-05,0.078,85957,86579,NW_019863599.1_85957_86579
LOC112043483,NW_019862791.1,+,MXE_exon1,0.006730894,-0.042,993846,994199,NW_019862791.1_993846_994199
LOC112045687,NW_019862838.1,-,MXE_exon1,0.049349272,0.207,344631,344975,NW_019862838.1_344631_344975
LOC112053443,NW_019862760.1,+,MXE_exon1,1.02E-07,0.036,55165,55691,NW_019862760.1_55165_55691
LOC112053443,NW_019862760.1,+,MXE_exon1,2.08E-09,0.057,55165,55691,NW_019862760.1_55165_55691
LOC112053443,NW_019862760.1,+,MXE_exon1,0.002025613,-0.026,55360,55691,NW_019862760.1_55360_55691
LOC112053443,NW_019862760.1,+,MXE_exon1,4.51E-05,-0.087,55370,55691,NW_019862760.1_55370_55691
LOC112043295,NW_019862749.1,+,MXE_exon1,0.000274851,-0.12,1694793,1695099,NW_019862749.1_1694793_1695099
LOC112048026,NW_019862754.1,+,MXE_exon1,0.003915959,0.041,1449237,1449682,NW_019862754.1_1449237_1449682
LOC112055393,NW_019862762.1,+,MXE_exon1,0.002466792,-0.139,275780,276098,NW_019862762.1_275780_276098
LOC112055393,NW_019862762.1,+,MXE_exon1,4.90E-10,-0.102,275780,276098,NW_019862762.1_275780_276098
LOC112055393,NW_019862762.1,+,MXE_exon1,3.90E-05,-0.089,279762,280095,NW_019862762.1_279762_280095
LOC112054519,NW_019863368.1,-,MXE_exon1,0.00229938,0.139,169171,169538,NW_019863368.1_169171_169538
LOC112046897,NW_019862874.1,+,MXE_exon1,0.008146147,-0.117,780318,780656,NW_019862874.1_780318_780656
LOC112043861,NW_019862799.1,+,MXE_exon1,0.003299459,-0.034,1081053,1081289,NW_019862799.1_1081053_1081289
LOC112054077,NW_019863315.1,+,MXE_exon1,2.20E-10,-0.267,106803,107086,NW_019863315.1_106803_107086
LOC112054077,NW_019863315.1,+,MXE_exon1,1.17E-05,0.218,109047,109325,NW_019863315.1_109047_109325
LOC112056116,NW_019863706.1,+,MXE_exon1,8.26E-07,-0.346,43591,43966,NW_019863706.1_43591_43966
LOC112049588,NW_019862980.1,-,MXE_exon1,0.00019577,-0.269,89848,90134,NW_019862980.1_89848_90134
LOC112043804,NW_019862798.1,-,MXE_exon1,0.035305007,-0.096,705305,705677,NW_019862798.1_705305_705677
LOC112043083,NW_019862785.1,-,MXE_exon1,0.040864064,-0.047,584544,585169,NW_019862785.1_584544_585169
LOC112046370,NW_019862856.1,-,MXE_exon1,1.61E-13,-0.093,744333,744710,NW_019862856.1_744333_744710
LOC112055422,NW_019863521.1,+,MXE_exon1,0.003733149,-0.083,10797,11444,NW_019863521.1_10797_11444
LOC112055422,NW_019863521.1,+,MXE_exon1,0,0.209,13726,14194,NW_019863521.1_13726_14194
LOC112053043,NW_019863200.1,+,MXE_exon1,0.017994055,-0.028,142078,142343,NW_019863200.1_142078_142343
LOC112051313,NW_019863074.1,+,MXE_exon1,4.06E-05,0.029,112429,112667,NW_019863074.1_112429_112667
LOC112051313,NW_019863074.1,+,MXE_exon1,0.011970501,-0.048,177188,177638,NW_019863074.1_177188_177638
LOC112046887,NW_019862874.1,-,MXE_exon1,0.014350307,-0.127,19540,19868,NW_019862874.1_19540_19868
LOC112047356,NW_019862890.1,+,MXE_exon1,8.57E-06,0.469,325383,325690,NW_019862890.1_325383_325690
LOC112047356,NW_019862890.1,+,MXE_exon1,0.000363613,0.366,325383,325690,NW_019862890.1_325383_325690
LOC112043853,NW_019862799.1,-,MXE_exon1,0.001224904,-0.078,846947,847210,NW_019862799.1_846947_847210
LOC112043853,NW_019862799.1,-,MXE_exon1,0.000280496,0.109,847957,848238,NW_019862799.1_847957_848238
LOC112043853,NW_019862799.1,-,MXE_exon1,0.008882236,0.431,847957,848238,NW_019862799.1_847957_848238
LOC112044316,NW_019862806.1,+,MXE_exon1,0.025459261,0.072,1121880,1122191,NW_019862806.1_1121880_1122191
LOC112048410,NW_019862929.1,+,MXE_exon1,0.036927061,0.146,197633,197962,NW_019862929.1_197633_197962
LOC112054440,NW_019863357.1,+,MXE_exon1,1.48E-06,0.056,134183,134482,NW_019863357.1_134183_134482
LOC112055008,NW_019863446.1,+,MXE_exon1,0.044698221,-0.385,78385,78739,NW_019863446.1_78385_78739
LOC112054617,NW_019863384.1,-,MXE_exon1,0.018625349,0.067,103539,103801,NW_019863384.1_103539_103801
LOC112057044,NW_019864244.1,-,MXE_exon1,5.53E-09,-0.263,2237,2613,NW_019864244.1_2237_2613
LOC112057044,NW_019864244.1,-,MXE_exon1,1.37E-13,0.302,5690,6057,NW_019864244.1_5690_6057
LOC112042839,NW_019862780.1,-,MXE_exon1,0.02520976,-0.023,13879,14242,NW_019862780.1_13879_14242
LOC112058550,NW_019862778.1,-,MXE_exon1,0,-0.181,1102868,1103181,NW_019862778.1_1102868_1103181
LOC112046846,NW_019862873.1,+,MXE_exon1,1.03E-07,-0.268,339227,339628,NW_019862873.1_339227_339628
LOC112052001,NW_019863118.1,-,MXE_exon1,0.000407714,0.201,168716,169194,NW_019863118.1_168716_169194
LOC112052867,NW_019863182.1,-,MXE_exon1,5.38E-10,-0.098,230886,231252,NW_019863182.1_230886_231252
LOC112049690,NW_019862984.1,-,MXE_exon1,0.001416404,0.331,430169,430446,NW_019862984.1_430169_430446
LOC112047231,NW_019862885.1,-,MXE_exon1,0.013803453,-0.274,592659,593054,NW_019862885.1_592659_593054
LOC112051523,NW_019863087.1,+,MXE_exon1,0.015364819,-0.051,160011,160323,NW_019863087.1_160011_160323
LOC112051523,NW_019863087.1,+,MXE_exon1,0.000223069,0.054,182891,183186,NW_019863087.1_182891_183186
LOC112054814,NW_019863416.1,+,MXE_exon1,0.000534988,0.1,36401,36798,NW_019863416.1_36401_36798
LOC112052337,NW_019863141.1,-,MXE_exon1,0.000613845,0.048,172618,172926,NW_019863141.1_172618_172926
LOC112044491,NW_019862810.1,+,MXE_exon1,1.75E-07,-0.261,732145,732501,NW_019862810.1_732145_732501
LOC112049219,NW_019862964.1,-,MXE_exon1,1.02E-08,-0.323,411927,412278,NW_019862964.1_411927_412278
LOC112049219,NW_019862964.1,-,MXE_exon1,6.31E-10,-0.113,412286,412637,NW_019862964.1_412286_412637
LOC112051371,NW_019863078.1,-,MXE_exon1,0.010707655,-0.067,44512,44911,NW_019863078.1_44512_44911
LOC112056771,NW_019863975.1,-,MXE_exon1,3.03E-14,0.211,14764,15051,NW_019863975.1_14764_15051
LOC112051008,NW_019863056.1,-,MXE_exon1,0.000995514,0.095,118157,118459,NW_019863056.1_118157_118459
LOC112051008,NW_019863056.1,-,MXE_exon1,0.0017087,0.059,118157,118459,NW_019863056.1_118157_118459
LOC112049152,NW_019862961.1,+,MXE_exon1,0.004193946,-0.101,240186,240423,NW_019862961.1_240186_240423
LOC112052566,NW_019863158.1,-,MXE_exon1,2.52E-08,0.066,249512,249859,NW_019863158.1_249512_249859
LOC112058474,NW_019862777.1,-,MXE_exon1,0.000208502,0.137,802842,803205,NW_019862777.1_802842_803205
LOC112050425,NW_019863022.1,+,MXE_exon1,0.023404353,0.128,298845,299223,NW_019863022.1_298845_299223
LOC112056683,NW_019863941.1,-,MXE_exon1,0.046143829,0.142,60092,60997,NW_019863941.1_60092_60997
LOC112058512,NW_019862777.1,+,MXE_exon1,0.045594205,-0.079,958582,958934,NW_019862777.1_958582_958934
LOC112053424,NW_019863240.1,-,MXE_exon1,0.018723249,-0.178,197475,197810,NW_019863240.1_197475_197810
LOC112051387,NW_019863080.1,-,MXE_exon1,0.000964937,0.041,187275,188173,NW_019863080.1_187275_188173
LOC112052834,NW_019863180.1,-,MXE_exon1,0.00847474,0.176,221061,221323,NW_019863180.1_221061_221323
LOC112047449,NW_019862893.1,-,MXE_exon1,0.049065391,-0.348,410707,410994,NW_019862893.1_410707_410994
LOC112050999,NW_019863056.1,+,MXE_exon1,0.000719212,-0.177,187196,187621,NW_019863056.1_187196_187621
LOC112047113,NW_019862882.1,-,MXE_exon1,0.00021156,0.148,101763,102296,NW_019862882.1_101763_102296
LOC112058078,NW_019862771.1,+,MXE_exon1,0.004764423,-0.2,741694,742074,NW_019862771.1_741694_742074
LOC112056425,NW_019863810.1,-,MXE_exon1,0.001191933,0.157,33847,34803,NW_019863810.1_33847_34803
LOC112056425,NW_019863810.1,-,MXE_exon1,0.004061036,0.137,39734,40069,NW_019863810.1_39734_40069
LOC112049747,NW_019862987.1,-,MXE_exon1,0.015655521,-0.079,478585,478996,NW_019862987.1_478585_478996
LOC112044843,NW_019862818.1,-,MXE_exon1,0.02747031,-0.147,227486,227808,NW_019862818.1_227486_227808
LOC112053274,NW_019863223.1,+,MXE_exon1,5.98E-08,-0.139,161386,161792,NW_019863223.1_161386_161792
LOC112049718,NW_019862987.1,+,MXE_exon1,2.84E-06,-0.02,737789,738089,NW_019862987.1_737789_738089
LOC112046894,NW_019862874.1,+,MXE_exon1,0.000396242,-0.051,262017,262406,NW_019862874.1_262017_262406
LOC112046894,NW_019862874.1,+,MXE_exon1,0.001168092,0.076,271770,272133,NW_019862874.1_271770_272133
LOC112046894,NW_019862874.1,+,MXE_exon1,0.002431543,-0.064,272302,272919,NW_019862874.1_272302_272919
LOC112046894,NW_019862874.1,+,MXE_exon1,1.30E-05,0.029,277933,278285,NW_019862874.1_277933_278285
LOC112054600,NW_019863381.1,-,MXE_exon1,0.000938885,-0.233,63858,64209,NW_019863381.1_63858_64209
LOC112046474,NW_019862858.1,-,MXE_exon1,3.54E-06,-0.169,855314,855648,NW_019862858.1_855314_855648
LOC112048537,NW_019862934.1,-,MXE_exon1,0.003387012,0.184,249248,249580,NW_019862934.1_249248_249580
LOC112049557,NW_019862978.1,+,MXE_exon1,0.032038358,-0.04,95692,96024,NW_019862978.1_95692_96024
LOC112054721,NW_019863402.1,-,MXE_exon1,3.07E-06,0.499,118637,118962,NW_019863402.1_118637_118962
LOC112046143,NW_019862849.1,+,MXE_exon1,0.013719408,-0.144,165037,165373,NW_019862849.1_165037_165373
LOC112057694,NW_019862765.1,+,MXE_exon1,0.013983834,-0.106,1286639,1286917,NW_019862765.1_1286639_1286917
LOC112044712,NW_019862816.1,+,MXE_exon1,0.004795882,-0.144,154818,155225,NW_019862816.1_154818_155225
LOC112044389,NW_019862808.1,-,MXE_exon1,0.041952827,0.147,91146,91996,NW_019862808.1_91146_91996
LOC112048544,NW_019862934.1,+,MXE_exon1,0.028133796,-0.144,288460,288761,NW_019862934.1_288460_288761
LOC112045558,NW_019862835.1,+,MXE_exon1,0.036608796,-0.098,166601,166894,NW_019862835.1_166601_166894
LOC112049503,NW_019862976.1,-,MXE_exon1,9.63E-13,-0.06,436098,436361,NW_019862976.1_436098_436361
LOC112057680,NW_019862765.1,+,MXE_exon1,0.001688097,0.171,957360,957692,NW_019862765.1_957360_957692
LOC112055519,NW_019863544.1,-,MXE_exon1,2.13E-05,0.288,99278,99673,NW_019863544.1_99278_99673
LOC112055519,NW_019863544.1,-,MXE_exon1,1.49E-09,-0.214,99278,99673,NW_019863544.1_99278_99673
LOC112055519,NW_019863544.1,-,MXE_exon1,6.30E-06,-0.527,102301,102577,NW_019863544.1_102301_102577
LOC112055519,NW_019863544.1,-,MXE_exon1,9.90E-08,-0.469,102301,102577,NW_019863544.1_102301_102577
LOC112055519,NW_019863544.1,-,MXE_exon1,0.033172455,0.14,117580,117911,NW_019863544.1_117580_117911
LOC112045952,NW_019862844.1,+,MXE_exon1,0.0044995,0.035,222627,222945,NW_019862844.1_222627_222945
LOC112045952,NW_019862844.1,+,MXE_exon1,0.004770139,0.071,222627,222945,NW_019862844.1_222627_222945
LOC112045952,NW_019862844.1,+,MXE_exon1,0.001438132,0.251,271464,271829,NW_019862844.1_271464_271829
LOC112045952,NW_019862844.1,+,MXE_exon1,3.44E-07,-0.218,271464,271829,NW_019862844.1_271464_271829
LOC112046118,NW_019862848.1,+,MXE_exon1,0.007849436,0.187,294006,294464,NW_019862848.1_294006_294464
LOC112046842,NW_019862873.1,+,MXE_exon1,1.38E-07,-0.03,565257,565528,NW_019862873.1_565257_565528
LOC112046842,NW_019862873.1,+,MXE_exon1,0.023923839,0.067,565257,565528,NW_019862873.1_565257_565528
LOC112055262,NW_019862762.1,-,MXE_exon1,0.002190919,0.03,188134,188762,NW_019862762.1_188134_188762
LOC112055262,NW_019862762.1,-,MXE_exon1,0.003781252,0.03,188134,188762,NW_019862762.1_188134_188762
LOC112055566,NW_019863550.1,-,MXE_exon1,0.018700514,-0.087,103016,103391,NW_019863550.1_103016_103391
LOC112054851,NW_019863425.1,-,MXE_exon1,0.019100209,-0.139,135269,135547,NW_019863425.1_135269_135547
LOC112049191,NW_019862962.1,-,MXE_exon1,0.001909046,0.086,215436,215747,NW_019862962.1_215436_215747
LOC112055555,NW_019863549.1,-,MXE_exon1,0.020511223,0.151,71091,71417,NW_019863549.1_71091_71417
LOC112055327,NW_019863501.1,+,MXE_exon1,0.005164114,0.057,64023,64412,NW_019863501.1_64023_64412
LOC112047487,NW_019862894.1,-,MXE_exon1,0.001285973,-0.136,470647,471000,NW_019862894.1_470647_471000
LOC112042935,NW_019862782.1,-,MXE_exon1,0.015454553,-0.03,1151710,1152090,NW_019862782.1_1151710_1152090
LOC112042935,NW_019862782.1,-,MXE_exon1,0,0.217,1170439,1170750,NW_019862782.1_1170439_1170750
LOC112042935,NW_019862782.1,-,MXE_exon1,0.000823238,0.136,1173249,1173698,NW_019862782.1_1173249_1173698
LOC112053272,NW_019863223.1,-,MXE_exon1,4.87E-05,-0.48,254647,254970,NW_019863223.1_254647_254970
LOC112050878,NW_019863048.1,+,MXE_exon1,0.002190919,0.304,105966,106290,NW_019863048.1_105966_106290
LOC112045555,NW_019862835.1,-,MXE_exon1,1.56E-11,0.33,538209,539006,NW_019862835.1_538209_539006
LOC112050667,NW_019863036.1,-,MXE_exon1,3.97E-05,-0.327,178558,178924,NW_019863036.1_178558_178924
LOC112054302,NW_019863340.1,-,MXE_exon1,0.03314033,-0.183,14053,14481,NW_019863340.1_14053_14481
LOC112048050,NW_019862754.1,-,MXE_exon1,0.030667571,-0.076,1606504,1606805,NW_019862754.1_1606504_1606805
LOC112052048,NW_019863120.1,-,MXE_exon1,7.55E-05,-0.184,17708,18076,NW_019863120.1_17708_18076
LOC112045098,NW_019862823.1,-,MXE_exon1,0.027816331,0.077,64392,64695,NW_019862823.1_64392_64695
LOC112045098,NW_019862823.1,-,MXE_exon1,0.00868114,0.076,67097,67401,NW_019862823.1_67097_67401
LOC112050791,NW_019863043.1,-,MXE_exon1,0.025459261,0.065,159568,159924,NW_019863043.1_159568_159924
LOC112056541,NW_019863874.1,+,MXE_exon1,0.030211368,0.104,48215,48871,NW_019863874.1_48215_48871
LOC112052615,NW_019863163.1,-,MXE_exon1,0.022180082,-0.201,49064,49403,NW_019863163.1_49064_49403
LOC112043560,NW_019862792.1,-,MXE_exon1,0.01211763,0.031,634819,635122,NW_019862792.1_634819_635122
LOC112043390,NW_019862789.1,+,MXE_exon1,0.015124413,0.459,1297879,1298219,NW_019862789.1_1297879_1298219
LOC112058532,NW_019862778.1,+,MXE_exon1,0,-0.655,681932,682264,NW_019862778.1_681932_682264
LOC112050669,NW_019863036.1,+,MXE_exon1,0.014236168,-0.125,141114,141424,NW_019863036.1_141114_141424
LOC112058604,NW_019862778.1,+,MXE_exon1,0.016743977,0.133,1084590,1084997,NW_019862778.1_1084590_1084997
LOC112047056,NW_019862881.1,-,MXE_exon1,2.98E-06,0.144,167310,167990,NW_019862881.1_167310_167990
LOC112046693,NW_019862867.1,+,MXE_exon1,0.002992181,-0.086,672456,672719,NW_019862867.1_672456_672719
LOC112046693,NW_019862867.1,+,MXE_exon1,0.000179046,-0.1,672456,672719,NW_019862867.1_672456_672719
LOC112046693,NW_019862867.1,+,MXE_exon1,1.04E-10,0.073,675287,675631,NW_019862867.1_675287_675631
LOC112056438,NW_019862763.1,+,MXE_exon1,0.002091054,-0.279,1723151,1723471,NW_019862763.1_1723151_1723471
LOC112049026,NW_019862955.1,+,MXE_exon1,0.008807161,0.175,124001,124284,NW_019862955.1_124001_124284
LOC112048186,NW_019862920.1,-,MXE_exon1,0.000710477,0.5,344881,345123,NW_019862920.1_344881_345123
LOC112048035,NW_019862913.1,-,MXE_exon1,0.013069618,-0.041,284053,284431,NW_019862913.1_284053_284431
LOC112048035,NW_019862913.1,-,MXE_exon1,0.020911927,-0.066,284053,284431,NW_019862913.1_284053_284431
LOC112052885,NW_019862759.1,+,MXE_exon1,3.81E-08,-0.067,1116917,1117206,NW_019862759.1_1116917_1117206
LOC112054929,NW_019863433.1,+,MXE_exon1,0.007195512,-0.194,124759,125076,NW_019863433.1_124759_125076
LOC112055794,NW_019863615.1,+,MXE_exon1,1.16E-09,0.068,33302,33591,NW_019863615.1_33302_33591
LOC112054850,NW_019863425.1,+,MXE_exon1,0.013127577,0.078,56393,56773,NW_019863425.1_56393_56773
LOC112054188,NW_019863327.1,-,MXE_exon1,0.015430218,0.049,96429,96752,NW_019863327.1_96429_96752
LOC112052849,NW_019863181.1,-,MXE_exon1,0.002273896,-0.014,162190,162513,NW_019863181.1_162190_162513
LOC112046979,NW_019862879.1,+,MXE_exon1,0.000287022,-0.086,108199,108531,NW_019862879.1_108199_108531
LOC112051716,NW_019863099.1,+,MXE_exon1,0.03394549,-0.13,145599,145917,NW_019863099.1_145599_145917
LOC112046711,NW_019862869.1,-,MXE_exon1,0.01013035,0.126,185925,186350,NW_019862869.1_185925_186350
LOC112047162,NW_019862883.1,-,MXE_exon1,0.001288478,-0.284,381714,382031,NW_019862883.1_381714_382031
LOC112053291,NW_019863225.1,-,MXE_exon1,0.013171857,-0.067,121513,121953,NW_019863225.1_121513_121953
LOC112053291,NW_019863225.1,-,MXE_exon1,2.14E-08,0.17,122273,122601,NW_019863225.1_122273_122601
LOC112049443,NW_019862973.1,+,MXE_exon1,0.030565811,0.116,341418,341839,NW_019862973.1_341418_341839
LOC112047675,NW_019862754.1,+,MXE_exon1,0.017543324,-0.356,65551,65924,NW_019862754.1_65551_65924
LOC112047128,NW_019862882.1,-,MXE_exon1,0.004947673,0.192,800604,800912,NW_019862882.1_800604_800912
LOC112050490,NW_019863025.1,+,MXE_exon1,0.000662527,0.096,185904,186218,NW_019863025.1_185904_186218
LOC112050490,NW_019863025.1,+,MXE_exon1,0.000553949,0.094,185904,186218,NW_019863025.1_185904_186218
LOC112046777,NW_019862870.1,-,MXE_exon1,0.012080632,-0.158,665408,665677,NW_019862870.1_665408_665677
LOC112052479,NW_019863151.1,+,MXE_exon1,0.014734849,-0.087,121846,122212,NW_019863151.1_121846_122212
LOC112058286,NW_019862773.1,-,MXE_exon1,0.000504826,-0.049,878545,878913,NW_019862773.1_878545_878913
LOC112044245,NW_019862805.1,-,MXE_exon1,0.000179082,-0.072,1014434,1014714,NW_019862805.1_1014434_1014714
LOC112052778,NW_019863175.1,-,MXE_exon1,0.048592158,-0.159,70880,71270,NW_019863175.1_70880_71270
LOC112052778,NW_019863175.1,-,MXE_exon1,0.008973439,-0.115,70880,71270,NW_019863175.1_70880_71270
LOC112048533,NW_019862934.1,-,MXE_exon1,0.00952059,-0.313,180523,180822,NW_019862934.1_180523_180822
LOC112048533,NW_019862934.1,-,MXE_exon1,0.042553453,-0.449,180523,180822,NW_019862934.1_180523_180822
LOC112058407,NW_019862776.1,+,MXE_exon1,0.019440386,0.023,476068,481917,NW_019862776.1_476068_481917
LOC112058407,NW_019862776.1,+,MXE_exon1,0.022096988,-0.015,482115,482531,NW_019862776.1_482115_482531
LOC112050922,NW_019863051.1,+,MXE_exon1,0.009499792,-0.211,265198,265589,NW_019863051.1_265198_265589
LOC112048439,NW_019862930.1,-,MXE_exon1,0.017064072,-0.068,355652,355999,NW_019862930.1_355652_355999
LOC112053537,NW_019863251.1,-,MXE_exon1,4.79E-09,0.141,171642,171952,NW_019863251.1_171642_171952
LOC112055759,NW_019863602.1,-,MXE_exon1,0.028285951,-0.077,5171,5590,NW_019863602.1_5171_5590
LOC112050729,NW_019863039.1,+,MXE_exon1,0.039961532,-0.181,329501,329827,NW_019863039.1_329501_329827
LOC112051648,NW_019863094.1,-,MXE_exon1,0.001301048,-0.022,14838,15188,NW_019863094.1_14838_15188
LOC112051648,NW_019863094.1,-,MXE_exon1,0.000361659,-0.042,15580,15846,NW_019863094.1_15580_15846
LOC112043093,NW_019862785.1,+,MXE_exon1,3.04E-08,-0.039,899909,900207,NW_019862785.1_899909_900207
LOC112053525,NW_019863249.1,+,MXE_exon1,3.24E-06,-0.272,82068,82483,NW_019863249.1_82068_82483
LOC112048047,NW_019862914.1,-,MXE_exon1,0.023019304,0.143,450721,451011,NW_019862914.1_450721_451011
LOC112057757,NW_019862766.1,+,MXE_exon1,0.008374903,0.017,165785,166063,NW_019862766.1_165785_166063
LOC112057757,NW_019862766.1,+,MXE_exon1,0,0.065,165785,166063,NW_019862766.1_165785_166063
LOC112057788,NW_019862766.1,-,MXE_exon1,0.044477822,0.109,2079220,2079518,NW_019862766.1_2079220_2079518
LOC112051981,NW_019863117.1,+,MXE_exon1,0.031319032,0.212,258092,258418,NW_019863117.1_258092_258418
LOC112046468,NW_019862858.1,-,MXE_exon1,0.00102934,0.169,506675,507001,NW_019862858.1_506675_507001
LOC112056740,NW_019862764.1,+,MXE_exon1,0.000995155,-0.5,42340,42742,NW_019862764.1_42340_42742
LOC112056937,NW_019862764.1,+,MXE_exon1,0.035284488,-0.093,1062082,1062473,NW_019862764.1_1062082_1062473
LOC112056937,NW_019862764.1,+,MXE_exon1,0.035228647,-0.093,1062082,1062473,NW_019862764.1_1062082_1062473
LOC112057000,NW_019862764.1,+,MXE_exon1,0.001224904,0.108,1230167,1230516,NW_019862764.1_1230167_1230516
LOC112051004,NW_019863056.1,+,MXE_exon1,0.000787673,0.275,370329,370706,NW_019863056.1_370329_370706
LOC112056078,NW_019863697.1,+,MXE_exon1,0.027176123,-0.083,7163,7489,NW_019863697.1_7163_7489
LOC112052748,NW_019863172.1,+,MXE_exon1,0.001863826,0.139,261589,261854,NW_019863172.1_261589_261854
LOC112058156,NW_019862772.1,-,MXE_exon1,8.30E-05,-0.354,1144921,1145232,NW_019862772.1_1144921_1145232
LOC112058156,NW_019862772.1,-,MXE_exon1,4.41E-11,-0.333,1144921,1145232,NW_019862772.1_1144921_1145232
LOC112058156,NW_019862772.1,-,MXE_exon1,9.21E-05,-0.123,1144921,1145232,NW_019862772.1_1144921_1145232
LOC112058156,NW_019862772.1,-,MXE_exon1,0.000954421,-0.233,1144921,1145235,NW_019862772.1_1144921_1145235
LOC112058156,NW_019862772.1,-,MXE_exon1,5.61E-11,-0.263,1144921,1145235,NW_019862772.1_1144921_1145235
LOC112058156,NW_019862772.1,-,MXE_exon1,3.64E-05,-0.087,1144921,1145235,NW_019862772.1_1144921_1145235
LOC112058156,NW_019862772.1,-,MXE_exon1,0.047775738,-0.245,1145428,1145742,NW_019862772.1_1145428_1145742
LOC112058156,NW_019862772.1,-,MXE_exon1,0.025706292,-0.031,1145928,1146233,NW_019862772.1_1145928_1146233
LOC112058156,NW_019862772.1,-,MXE_exon1,0.001262691,0.402,1145928,1146233,NW_019862772.1_1145928_1146233
LOC112054869,NW_019863427.1,-,MXE_exon1,0.018257531,-0.145,49103,49583,NW_019863427.1_49103_49583
LOC112055413,NW_019863520.1,-,MXE_exon1,0.049672065,0.117,127888,128201,NW_019863520.1_127888_128201
LOC112053406,NW_019863238.1,+,MXE_exon1,0.002791609,-0.048,30999,31281,NW_019863238.1_30999_31281
LOC112047140,NW_019862883.1,+,MXE_exon1,0.044906199,-0.107,589907,590220,NW_019862883.1_589907_590220
LOC112055427,NW_019863522.1,-,MXE_exon1,5.23E-06,0.169,74793,75175,NW_019863522.1_74793_75175
LOC112055427,NW_019863522.1,-,MXE_exon1,6.87E-06,0.209,80891,81296,NW_019863522.1_80891_81296
LOC112044004,NW_019862801.1,-,MXE_exon1,0.006671111,-0.229,1046712,1047049,NW_019862801.1_1046712_1047049
LOC112058313,NW_019862774.1,+,MXE_exon1,0.000772196,0.189,151209,151541,NW_019862774.1_151209_151541
LOC112045812,NW_019862841.1,+,MXE_exon1,0.008846595,-0.352,283223,283688,NW_019862841.1_283223_283688
LOC112058466,NW_019862776.1,-,MXE_exon1,0.015809909,0.127,822742,822984,NW_019862776.1_822742_822984
LOC112058466,NW_019862776.1,-,MXE_exon1,2.11E-12,0.2,851963,852360,NW_019862776.1_851963_852360
LOC112054150,NW_019863325.1,+,MXE_exon1,0,0.763,290855,291157,NW_019863325.1_290855_291157
LOC112054150,NW_019863325.1,+,MXE_exon1,1.85E-10,0.589,292298,292671,NW_019863325.1_292298_292671
LOC112054150,NW_019863325.1,+,MXE_exon1,1.51E-08,0.646,293570,293862,NW_019863325.1_293570_293862
LOC112054150,NW_019863325.1,+,MXE_exon1,4.66E-06,-0.317,298407,298729,NW_019863325.1_298407_298729
LOC112052373,NW_019862759.1,+,MXE_exon1,4.49E-05,0.06,2018833,2019093,NW_019862759.1_2018833_2019093
LOC112057884,NW_019862768.1,+,MXE_exon1,0.000132231,0.402,1040929,1041280,NW_019862768.1_1040929_1041280
LOC112057890,NW_019862768.1,+,MXE_exon1,0.007821303,0.153,1252131,1252448,NW_019862768.1_1252131_1252448
LOC112047007,NW_019862880.1,+,MXE_exon1,0.00101969,-0.048,159526,160259,NW_019862880.1_159526_160259
LOC112047007,NW_019862880.1,+,MXE_exon1,0.002309186,0.045,161337,161699,NW_019862880.1_161337_161699
LOC112052880,NW_019863183.1,+,MXE_exon1,3.87E-13,0.447,186768,187080,NW_019863183.1_186768_187080
LOC112049103,NW_019862958.1,-,MXE_exon1,0.025552753,-0.02,218225,218590,NW_019862958.1_218225_218590
LOC112046732,NW_019862869.1,-,MXE_exon1,0.010935454,-0.01,36566,36870,NW_019862869.1_36566_36870
LOC112046732,NW_019862869.1,-,MXE_exon1,0.001315603,0.02,36566,36870,NW_019862869.1_36566_36870
LOC112046714,NW_019862869.1,-,MXE_exon1,3.64E-07,0.013,203852,204290,NW_019862869.1_203852_204290
LOC112054323,NW_019863343.1,-,MXE_exon1,0.003955669,-0.089,178018,178322,NW_019863343.1_178018_178322
LOC112051672,NW_019863096.1,+,MXE_exon1,0.041344404,0.081,204395,204807,NW_019863096.1_204395_204807
LOC112051672,NW_019863096.1,+,MXE_exon1,0.001072304,0.189,208790,209047,NW_019863096.1_208790_209047
LOC112054772,NW_019863409.1,-,MXE_exon1,2.14E-07,-0.214,112414,112765,NW_019863409.1_112414_112765
LOC112048863,NW_019862948.1,-,MXE_exon1,0.002813891,-0.299,318641,319020,NW_019862948.1_318641_319020
LOC112054431,NW_019863356.1,+,MXE_exon1,0.002873854,-0.308,131929,132224,NW_019863356.1_131929_132224
LOC112052396,NW_019863145.1,-,MXE_exon1,0.019014194,-0.29,116428,116791,NW_019863145.1_116428_116791
LOC112050329,NW_019863017.1,+,MXE_exon1,0.000211908,-0.338,497367,497733,NW_019863017.1_497367_497733
LOC112057214,NW_019864537.1,+,MXE_exon1,3.16E-05,0.123,10510,10797,NW_019864537.1_10510_10797
LOC112049569,NW_019862979.1,-,MXE_exon1,0,0.058,464368,464702,NW_019862979.1_464368_464702
LOC112055815,NW_019863623.1,-,MXE_exon1,0.000740981,0.176,12376,12870,NW_019863623.1_12376_12870
LOC112055815,NW_019863623.1,-,MXE_exon1,0.000652546,0.301,17135,17623,NW_019863623.1_17135_17623
LOC112055815,NW_019863623.1,-,MXE_exon1,0.030122547,0.104,17135,17623,NW_019863623.1_17135_17623
LOC112055815,NW_019863623.1,-,MXE_exon1,0.019149671,-0.16,17982,18470,NW_019863623.1_17982_18470
LOC112055815,NW_019863623.1,-,MXE_exon1,0.001740203,0.378,25944,26277,NW_019863623.1_25944_26277
LOC112055815,NW_019863623.1,-,MXE_exon1,0.007552848,-0.518,25944,26277,NW_019863623.1_25944_26277
LOC112055815,NW_019863623.1,-,MXE_exon1,0.029829378,-0.343,25944,26277,NW_019863623.1_25944_26277
LOC112055815,NW_019863623.1,-,MXE_exon1,0.001834423,0.29,26193,26526,NW_019863623.1_26193_26526
LOC112055815,NW_019863623.1,-,MXE_exon1,0.001012377,-0.398,26193,26526,NW_019863623.1_26193_26526
LOC112055815,NW_019863623.1,-,MXE_exon1,0.0044995,-0.318,26193,26526,NW_019863623.1_26193_26526
LOC112055815,NW_019863623.1,-,MXE_exon1,7.55E-05,-0.443,27417,27741,NW_019863623.1_27417_27741
LOC112055815,NW_019863623.1,-,MXE_exon1,0.000318264,-0.407,27417,27741,NW_019863623.1_27417_27741
LOC112055815,NW_019863623.1,-,MXE_exon1,6.76E-08,-0.63,27417,27741,NW_019863623.1_27417_27741
LOC112055815,NW_019863623.1,-,MXE_exon1,0.000759521,-0.368,27417,27741,NW_019863623.1_27417_27741
LOC112055815,NW_019863623.1,-,MXE_exon1,8.43E-05,-0.501,27934,28258,NW_019863623.1_27934_28258
LOC112055815,NW_019863623.1,-,MXE_exon1,3.99E-05,-0.476,27934,28258,NW_019863623.1_27934_28258
LOC112055815,NW_019863623.1,-,MXE_exon1,0.003886735,-0.532,28093,28417,NW_019863623.1_28093_28417
LOC112055815,NW_019863623.1,-,MXE_exon1,0.00407311,-0.466,28093,28417,NW_019863623.1_28093_28417
LOC112055815,NW_019863623.1,-,MXE_exon1,0.000326198,-0.617,29289,29610,NW_019863623.1_29289_29610
LOC112055815,NW_019863623.1,-,MXE_exon1,0.000162846,-0.556,29289,29610,NW_019863623.1_29289_29610
LOC112055815,NW_019863623.1,-,MXE_exon1,0.008146147,0.361,30546,30870,NW_019863623.1_30546_30870
LOC112055815,NW_019863623.1,-,MXE_exon1,0.000759521,0.331,33656,34033,NW_019863623.1_33656_34033
LOC112055815,NW_019863623.1,-,MXE_exon1,0.015777093,-0.344,35504,35866,NW_019863623.1_35504_35866
LOC112055815,NW_019863623.1,-,MXE_exon1,0.030063929,-0.205,35504,35866,NW_019863623.1_35504_35866
LOC112052571,NW_019863159.1,-,MXE_exon1,0.008585436,-0.026,45546,45782,NW_019863159.1_45546_45782
LOC112046629,NW_019862864.1,+,MXE_exon1,0.037619777,-0.124,420798,421159,NW_019862864.1_420798_421159
LOC112047670,NW_019862900.1,+,MXE_exon1,0.034798808,-0.092,280108,280476,NW_019862900.1_280108_280476
LOC112049250,NW_019862965.1,-,MXE_exon1,0.048023399,0.088,326920,327250,NW_019862965.1_326920_327250
LOC112044745,NW_019862817.1,+,MXE_exon1,0,0.394,1014611,1014906,NW_019862817.1_1014611_1014906
LOC112049107,NW_019862958.1,+,MXE_exon1,8.56E-08,-0.1,251702,252467,NW_019862958.1_251702_252467
LOC112049286,NW_019862966.1,-,MXE_exon1,5.68E-14,0.468,39658,40118,NW_019862966.1_39658_40118
LOC112054785,NW_019863411.1,+,MXE_exon1,0.008662653,0.266,35945,36312,NW_019863411.1_35945_36312
LOC112054785,NW_019863411.1,+,MXE_exon1,0.008405249,0.19,35945,36312,NW_019863411.1_35945_36312
LOC112053362,NW_019863233.1,-,MXE_exon1,0.038805921,0.261,35086,35508,NW_019863233.1_35086_35508
LOC112051731,NW_019862758.1,+,MXE_exon1,0.00101969,0.145,1471292,1471678,NW_019862758.1_1471292_1471678
LOC112052990,NW_019863194.1,+,MXE_exon1,0.03329008,-0.487,54004,54384,NW_019863194.1_54004_54384
LOC112052987,NW_019863194.1,+,MXE_exon1,0,0.549,103391,103666,NW_019863194.1_103391_103666
LOC112049701,NW_019862756.1,-,MXE_exon1,5.37E-08,0.017,199034,199371,NW_019862756.1_199034_199371
LOC112049567,NW_019862978.1,-,MXE_exon1,0.00213173,-0.301,462678,463012,NW_019862978.1_462678_463012
LOC112054017,NW_019863306.1,-,MXE_exon1,0.02465471,0.08,89560,89929,NW_019863306.1_89560_89929
LOC112045903,NW_019862843.1,-,MXE_exon1,0.01013035,0.15,530411,530751,NW_019862843.1_530411_530751
LOC112055679,NW_019863585.1,-,MXE_exon1,1.27E-08,-0.072,32967,33388,NW_019863585.1_32967_33388
LOC112046205,NW_019862850.1,+,MXE_exon1,2.71E-06,0.103,369109,369535,NW_019862850.1_369109_369535
LOC112053327,NW_019863229.1,-,MXE_exon1,2.99E-05,-0.088,83673,83966,NW_019863229.1_83673_83966
LOC112052101,NW_019862758.1,+,MXE_exon1,2.08E-05,0.124,2327291,2327649,NW_019862758.1_2327291_2327649
LOC112051969,NW_019863116.1,-,MXE_exon1,0.019606488,0.185,51338,51647,NW_019863116.1_51338_51647
LOC112043851,NW_019862799.1,+,MXE_exon1,0.010621144,0.093,888203,888617,NW_019862799.1_888203_888617
LOC112058144,NW_019862772.1,-,MXE_exon1,0.001840045,-0.098,280893,281152,NW_019862772.1_280893_281152
LOC112058144,NW_019862772.1,-,MXE_exon1,0.001236774,0.119,283977,284323,NW_019862772.1_283977_284323
LOC112047825,NW_019862905.1,-,MXE_exon1,6.12E-06,-0.31,293660,294000,NW_019862905.1_293660_294000
LOC112052130,NW_019863128.1,-,MXE_exon1,0.004178722,0.304,176204,176559,NW_019863128.1_176204_176559
LOC112052130,NW_019863128.1,-,MXE_exon1,0.011342453,-0.238,176204,176559,NW_019863128.1_176204_176559
LOC112052130,NW_019863128.1,-,MXE_exon1,1.28E-06,-0.607,194670,195013,NW_019863128.1_194670_195013
LOC112052130,NW_019863128.1,-,MXE_exon1,3.92E-09,-0.603,194670,195013,NW_019863128.1_194670_195013
LOC112052130,NW_019863128.1,-,MXE_exon1,2.64E-05,-0.558,194670,195013,NW_019863128.1_194670_195013
LOC112052130,NW_019863128.1,-,MXE_exon1,5.45E-11,0.535,200577,201480,NW_019863128.1_200577_201480
LOC112052130,NW_019863128.1,-,MXE_exon1,3.70E-11,0.645,200577,201480,NW_019863128.1_200577_201480
LOC112052130,NW_019863128.1,-,MXE_exon1,3.16E-08,0.409,230839,231119,NW_019863128.1_230839_231119
LOC112052130,NW_019863128.1,-,MXE_exon1,0,-0.794,247688,247944,NW_019863128.1_247688_247944
LOC112052437,NW_019863148.1,-,MXE_exon1,0.02254353,-0.131,34816,35112,NW_019863148.1_34816_35112
LOC112052437,NW_019863148.1,-,MXE_exon1,8.95E-05,-0.138,36247,36535,NW_019863148.1_36247_36535
LOC112052437,NW_019863148.1,-,MXE_exon1,0.014302236,0.109,38266,38582,NW_019863148.1_38266_38582
LOC112044700,NW_019862816.1,+,MXE_exon1,0.018803753,-0.111,769425,769690,NW_019862816.1_769425_769690
LOC112054350,NW_019863349.1,+,MXE_exon1,0.000163228,0.342,187006,187374,NW_019863349.1_187006_187374
LOC112054350,NW_019863349.1,+,MXE_exon1,0.002088988,0.133,187553,187894,NW_019863349.1_187553_187894
LOC112043925,NW_019862800.1,+,MXE_exon1,0.000311919,-0.234,525124,525474,NW_019862800.1_525124_525474
LOC112050079,NW_019863005.1,+,MXE_exon1,1.18E-06,-0.297,97699,98043,NW_019863005.1_97699_98043
LOC112050079,NW_019863005.1,+,MXE_exon1,0.008557675,0.104,97750,98043,NW_019863005.1_97750_98043
LOC112043568,NW_019862792.1,+,MXE_exon1,2.97E-06,-0.029,818973,819285,NW_019862792.1_818973_819285
LOC112050624,NW_019863034.1,-,MXE_exon1,1.01E-06,0.254,351902,352221,NW_019863034.1_351902_352221
LOC112051465,NW_019863083.1,-,MXE_exon1,0,0.434,57738,58167,NW_019863083.1_57738_58167
LOC112051461,NW_019863083.1,+,MXE_exon1,0.002338823,-0.122,241471,241877,NW_019863083.1_241471_241877
LOC112052347,NW_019863142.1,-,MXE_exon1,0.020889397,0.203,186038,186347,NW_019863142.1_186038_186347
LOC112044343,NW_019862807.1,+,MXE_exon1,0.007829703,-0.136,25151,25514,NW_019862807.1_25151_25514
LOC112048138,NW_019862918.1,+,MXE_exon1,7.42E-05,-0.544,441886,442199,NW_019862918.1_441886_442199
LOC112047533,NW_019862896.1,+,MXE_exon1,6.81E-05,0.029,332647,332963,NW_019862896.1_332647_332963
LOC112054741,NW_019863404.1,+,MXE_exon1,0.000375809,0.041,114387,114758,NW_019863404.1_114387_114758
LOC112050384,NW_019862756.1,-,MXE_exon1,2.97E-06,-0.159,1796084,1796360,NW_019862756.1_1796084_1796360
LOC112054391,NW_019863354.1,-,MXE_exon1,0.005523269,0.22,182777,183108,NW_019863354.1_182777_183108
LOC112053233,NW_019863219.1,-,MXE_exon1,0.038994706,0.147,62568,63004,NW_019863219.1_62568_63004
LOC112044380,NW_019862807.1,+,MXE_exon1,0.047267266,0.062,303597,303957,NW_019862807.1_303597_303957
LOC112054394,NW_019863354.1,+,MXE_exon1,0.005575882,0.164,78169,78445,NW_019863354.1_78169_78445
LOC112050676,NW_019863037.1,+,MXE_exon1,0.044707961,0.149,281860,282167,NW_019863037.1_281860_282167
LOC112043790,NW_019862797.1,-,MXE_exon1,0.000331669,-0.111,101077,101412,NW_019862797.1_101077_101412
LOC112053517,NW_019863249.1,-,MXE_exon1,0.002119665,0.063,157666,157952,NW_019863249.1_157666_157952
LOC112053517,NW_019863249.1,-,MXE_exon1,0.006446825,0.072,158004,158326,NW_019863249.1_158004_158326
LOC112049390,NW_019862970.1,+,MXE_exon1,6.23E-12,-0.588,462347,462766,NW_019862970.1_462347_462766
LOC112046638,NW_019862864.1,+,MXE_exon1,0.006083007,0.078,240972,241235,NW_019862864.1_240972_241235
LOC112046626,NW_019862864.1,-,MXE_exon1,9.13E-05,0.137,361267,361562,NW_019862864.1_361267_361562
LOC112043252,NW_019862787.1,+,MXE_exon1,0,-0.585,1475912,1476211,NW_019862787.1_1475912_1476211
LOC112048448,NW_019862930.1,-,MXE_exon1,0.044337254,0.072,463646,464106,NW_019862930.1_463646_464106
LOC112057136,NW_019864366.1,-,MXE_exon1,2.55E-05,0.232,7969,8318,NW_019864366.1_7969_8318
LOC112049548,NW_019862978.1,-,MXE_exon1,0.017365278,0.119,387758,388017,NW_019862978.1_387758_388017
LOC112049566,NW_019862978.1,+,MXE_exon1,0.010072503,0.11,430461,430736,NW_019862978.1_430461_430736
LOC112049318,NW_019862968.1,+,MXE_exon1,0.043008674,-0.084,292659,293067,NW_019862968.1_292659_293067
LOC112045357,NW_019862829.1,-,MXE_exon1,2.99E-05,0.051,358201,358536,NW_019862829.1_358201_358536
LOC112050846,NW_019863046.1,-,MXE_exon1,3.07E-08,0.192,324874,325264,NW_019863046.1_324874_325264
LOC112050846,NW_019863046.1,-,MXE_exon1,1.84E-09,0.124,324874,325264,NW_019863046.1_324874_325264
LOC112055835,NW_019863631.1,-,MXE_exon1,0.036391793,0.061,51597,51863,NW_019863631.1_51597_51863
LOC112053557,NW_019863252.1,+,MXE_exon1,0.02501863,0.172,57752,58138,NW_019863252.1_57752_58138
LOC112056212,NW_019863735.1,+,MXE_exon1,1.70E-05,-0.333,33052,33370,NW_019863735.1_33052_33370
LOC112045909,NW_019862843.1,-,MXE_exon1,0.014839075,0.107,317183,317537,NW_019862843.1_317183_317537
LOC112048689,NW_019862940.1,+,MXE_exon1,5.95E-05,-0.432,595492,595803,NW_019862940.1_595492_595803
LOC112055471,NW_019863529.1,+,MXE_exon1,0.000405255,-0.448,71527,71946,NW_019863529.1_71527_71946
LOC112055471,NW_019863529.1,+,MXE_exon1,3.69E-08,-0.544,72294,72578,NW_019863529.1_72294_72578
LOC112049214,NW_019862755.1,+,MXE_exon1,0.01186113,-0.179,2563213,2563524,NW_019862755.1_2563213_2563524
LOC112049214,NW_019862755.1,+,MXE_exon1,0.013023281,-0.184,2563213,2563524,NW_019862755.1_2563213_2563524
LOC112049214,NW_019862755.1,+,MXE_exon1,0.014524589,-0.182,2563213,2563524,NW_019862755.1_2563213_2563524
LOC112049214,NW_019862755.1,+,MXE_exon1,0.019310828,-0.168,2563213,2563524,NW_019862755.1_2563213_2563524
LOC112049214,NW_019862755.1,+,MXE_exon1,0.03464008,0.154,2563213,2563524,NW_019862755.1_2563213_2563524
LOC112049214,NW_019862755.1,+,MXE_exon1,4.21E-06,0.205,2563663,2563974,NW_019862755.1_2563663_2563974
LOC112049214,NW_019862755.1,+,MXE_exon1,0.0006644,0.275,2563663,2563974,NW_019862755.1_2563663_2563974
LOC112049214,NW_019862755.1,+,MXE_exon1,0.018427681,0.137,2563663,2563974,NW_019862755.1_2563663_2563974
LOC112049214,NW_019862755.1,+,MXE_exon1,0.013653142,-0.111,2565500,2565871,NW_019862755.1_2565500_2565871
LOC112049214,NW_019862755.1,+,MXE_exon1,0.014275953,0.055,2565500,2565871,NW_019862755.1_2565500_2565871
LOC112049214,NW_019862755.1,+,MXE_exon1,0.008799662,0.069,2565500,2565871,NW_019862755.1_2565500_2565871
LOC112042995,NW_019862784.1,+,MXE_exon1,0.003060985,0.188,672944,673234,NW_019862784.1_672944_673234
LOC112044606,NW_019862813.1,-,MXE_exon1,0.011526701,0.072,899874,900207,NW_019862813.1_899874_900207
LOC112044451,NW_019862809.1,+,MXE_exon1,5.49E-12,0.111,972800,973083,NW_019862809.1_972800_973083
LOC112044451,NW_019862809.1,+,MXE_exon1,7.28E-12,0.108,972800,973083,NW_019862809.1_972800_973083
LOC112049178,NW_019862962.1,-,MXE_exon1,0.01959002,-0.025,197021,197393,NW_019862962.1_197021_197393
LOC112049178,NW_019862962.1,-,MXE_exon1,0.021021956,-0.025,197021,197401,NW_019862962.1_197021_197401
LOC112046669,NW_019862866.1,+,MXE_exon1,0.007718077,-0.057,744070,744435,NW_019862866.1_744070_744435
LOC112046671,NW_019862866.1,+,MXE_exon1,0.031507685,0.048,380447,380838,NW_019862866.1_380447_380838
LOC112054984,NW_019863443.1,+,MXE_exon1,0.000447236,-0.058,110869,111177,NW_019863443.1_110869_111177
LOC112054984,NW_019863443.1,+,MXE_exon1,0.000465229,-0.058,110869,111177,NW_019863443.1_110869_111177
LOC112054984,NW_019863443.1,+,MXE_exon1,0.025459261,-0.086,110912,111177,NW_019863443.1_110912_111177
LOC112054984,NW_019863443.1,+,MXE_exon1,0.026264687,-0.085,110912,111177,NW_019863443.1_110912_111177
LOC112051132,NW_019863064.1,+,MXE_exon1,6.17E-07,0.407,62965,63371,NW_019863064.1_62965_63371
LOC112051132,NW_019863064.1,+,MXE_exon1,0,0.711,62968,63375,NW_019863064.1_62968_63375
LOC112051132,NW_019863064.1,+,MXE_exon1,0.013803826,0.104,62968,63375,NW_019863064.1_62968_63375
LOC112051132,NW_019863064.1,+,MXE_exon1,6.17E-07,0.407,62969,63371,NW_019863064.1_62969_63371
LOC112051132,NW_019863064.1,+,MXE_exon1,0,0.618,62970,63371,NW_019863064.1_62970_63371
LOC112051132,NW_019863064.1,+,MXE_exon1,0.001777726,0.376,62970,63371,NW_019863064.1_62970_63371
LOC112051279,NW_019863071.1,-,MXE_exon1,0.000668319,-0.069,191943,192276,NW_019863071.1_191943_192276
LOC112043577,NW_019862792.1,+,MXE_exon1,0.000929332,0.063,1091937,1092286,NW_019862792.1_1091937_1092286
LOC112043577,NW_019862792.1,+,MXE_exon1,9.39E-07,0.074,1091953,1092286,NW_019862792.1_1091953_1092286
LOC112043577,NW_019862792.1,+,MXE_exon1,2.12E-05,-0.058,1092975,1093286,NW_019862792.1_1092975_1093286
LOC112043577,NW_019862792.1,+,MXE_exon1,2.26E-08,-0.074,1092975,1093286,NW_019862792.1_1092975_1093286
LOC112057917,NW_019862768.1,+,MXE_exon1,0.008867415,-0.031,1384991,1385355,NW_019862768.1_1384991_1385355
LOC112057917,NW_019862768.1,+,MXE_exon1,0.008744806,-0.031,1385000,1385355,NW_019862768.1_1385000_1385355
LOC112055733,NW_019863598.1,-,MXE_exon1,8.92E-06,-0.493,36428,36784,NW_019863598.1_36428_36784
LOC112051765,NW_019863101.1,+,MXE_exon1,0.009267127,0.113,244385,244708,NW_019863101.1_244385_244708
LOC112053646,NW_019863265.1,+,MXE_exon1,2.99E-05,-0.042,206771,207084,NW_019863265.1_206771_207084
LOC112053646,NW_019863265.1,+,MXE_exon1,0.002266356,0.012,206950,207240,NW_019863265.1_206950_207240
LOC112046470,NW_019862858.1,+,MXE_exon1,6.44E-06,-0.029,628524,628754,NW_019862858.1_628524_628754
LOC112046339,NW_019862855.1,-,MXE_exon1,1.36E-05,-0.287,669691,670012,NW_019862855.1_669691_670012
LOC112046339,NW_019862855.1,-,MXE_exon1,6.14E-08,-0.235,669691,670015,NW_019862855.1_669691_670015
LOC112046339,NW_019862855.1,-,MXE_exon1,8.11E-06,-0.31,669691,670079,NW_019862855.1_669691_670079
LOC112046339,NW_019862855.1,-,MXE_exon1,0.008216337,-0.344,669764,670012,NW_019862855.1_669764_670012
LOC112046339,NW_019862855.1,-,MXE_exon1,0.000632391,-0.297,669764,670015,NW_019862855.1_669764_670015
LOC112051702,NW_019863098.1,+,MXE_exon1,0.003681508,0.277,302520,302861,NW_019863098.1_302520_302861
LOC112051702,NW_019863098.1,+,MXE_exon1,0.000379378,0.362,302520,302861,NW_019863098.1_302520_302861
LOC112051691,NW_019863098.1,+,MXE_exon1,0.000636202,0.216,163650,163988,NW_019863098.1_163650_163988
LOC112058428,NW_019862776.1,-,MXE_exon1,0.007304044,0.07,1068261,1068521,NW_019862776.1_1068261_1068521
LOC112055338,NW_019863503.1,+,MXE_exon1,0.03365284,0.108,58956,59250,NW_019863503.1_58956_59250
LOC112050367,NW_019862748.1,+,MXE_exon1,0.003614414,-0.026,3440123,3440370,NW_019862748.1_3440123_3440370
LOC112051951,NW_019862758.1,-,MXE_exon1,0.008374903,0.057,2123052,2123342,NW_019862758.1_2123052_2123342
LOC112051951,NW_019862758.1,-,MXE_exon1,0.024417412,0.229,2123092,2123342,NW_019862758.1_2123092_2123342
LOC112043332,NW_019862749.1,-,MXE_exon1,0.000876483,-0.07,2337375,2337827,NW_019862749.1_2337375_2337827
LOC112054424,NW_019863356.1,+,MXE_exon1,5.23E-12,-0.706,72562,72828,NW_019863356.1_72562_72828
LOC112054424,NW_019863356.1,+,MXE_exon1,5.44E-10,-0.75,72562,72828,NW_019863356.1_72562_72828
LOC112045704,NW_019862838.1,+,MXE_exon1,1.25E-11,-0.136,609800,610138,NW_019862838.1_609800_610138
LOC112045704,NW_019862838.1,+,MXE_exon1,0.000121701,0.149,612889,613201,NW_019862838.1_612889_613201
LOC112043533,NW_019862792.1,-,MXE_exon1,0.048592158,0.014,39844,40254,NW_019862792.1_39844_40254
LOC112058170,NW_019862749.1,-,MXE_exon1,0.049323613,0.004,386535,386938,NW_019862749.1_386535_386938
LOC112058170,NW_019862749.1,-,MXE_exon1,0.000415756,-0.052,386537,386938,NW_019862749.1_386537_386938
LOC112052627,NW_019863164.1,+,MXE_exon1,2.03E-06,-0.054,78113,78788,NW_019863164.1_78113_78788
LOC112054853,NW_019863425.1,-,MXE_exon1,0.005199173,0.068,128922,129310,NW_019863425.1_128922_129310
LOC112053935,NW_019863297.1,-,MXE_exon1,0.005747672,0.403,149522,149865,NW_019863297.1_149522_149865
LOC112053935,NW_019863297.1,-,MXE_exon1,0.009987408,0.414,149522,149865,NW_019863297.1_149522_149865
LOC112050044,NW_019863003.1,-,MXE_exon1,0,0.032,178595,179001,NW_019863003.1_178595_179001
LOC112050044,NW_019863003.1,-,MXE_exon1,0,0.032,178595,179001,NW_019863003.1_178595_179001
LOC112050044,NW_019863003.1,-,MXE_exon1,0,0.032,178595,179001,NW_019863003.1_178595_179001
LOC112047918,NW_019862908.1,-,MXE_exon1,0.01013035,-0.053,386820,387099,NW_019862908.1_386820_387099
LOC112058145,NW_019862749.1,+,MXE_exon1,0.010621144,-0.076,359152,359549,NW_019862749.1_359152_359549
LOC112043322,NW_019862788.1,+,MXE_exon1,0.019149671,-0.068,1046790,1047183,NW_019862788.1_1046790_1047183
LOC112043322,NW_019862788.1,+,MXE_exon1,0.047236495,0.128,1046790,1047183,NW_019862788.1_1046790_1047183
LOC112052388,NW_019863145.1,-,MXE_exon1,0.000148693,0.302,25750,26151,NW_019863145.1_25750_26151
LOC112052388,NW_019863145.1,-,MXE_exon1,4.85E-05,0.324,25750,26160,NW_019863145.1_25750_26160
LOC112052388,NW_019863145.1,-,MXE_exon1,0.000153591,0.301,25750,26168,NW_019863145.1_25750_26168
LOC112049828,NW_019862993.1,-,MXE_exon1,0.000121704,0.358,317356,317667,NW_019862993.1_317356_317667
LOC112052601,NW_019863161.1,-,MXE_exon1,2.67E-08,-0.013,219798,220167,NW_019863161.1_219798_220167
LOC112048610,NW_019862748.1,-,MXE_exon1,0.030667571,0.276,2694548,2695116,NW_019862748.1_2694548_2695116
LOC112045957,NW_019862844.1,+,MXE_exon1,1.47E-07,0.424,973113,973406,NW_019862844.1_973113_973406
LOC112055597,NW_019862762.1,-,MXE_exon1,0.000124725,-0.057,1106501,1106794,NW_019862762.1_1106501_1106794
LOC112055597,NW_019862762.1,-,MXE_exon1,0.000783959,0.084,1269791,1270048,NW_019862762.1_1269791_1270048
LOC112055597,NW_019862762.1,-,MXE_exon1,1.65E-06,-0.156,1269791,1270048,NW_019862762.1_1269791_1270048
LOC112055429,NW_019862762.1,-,MXE_exon1,7.38E-08,-0.092,342594,343029,NW_019862762.1_342594_343029
LOC112055429,NW_019862762.1,-,MXE_exon1,0.000344631,-0.251,342594,343029,NW_019862762.1_342594_343029
LOC112055429,NW_019862762.1,-,MXE_exon1,0.005879076,-0.253,342701,343029,NW_019862762.1_342701_343029
LOC112048640,NW_019862938.1,-,MXE_exon1,0.022443373,0.059,94029,94325,NW_019862938.1_94029_94325
LOC112048640,NW_019862938.1,-,MXE_exon1,0.02225193,0.057,94029,94325,NW_019862938.1_94029_94325
LOC112048640,NW_019862938.1,-,MXE_exon1,0.01455141,-0.032,150193,150490,NW_019862938.1_150193_150490
LOC112045793,NW_019862752.1,+,MXE_exon1,0.005699643,-0.253,1288851,1289209,NW_019862752.1_1288851_1289209
LOC112044399,NW_019862808.1,-,MXE_exon1,0.000769192,-0.088,1214809,1215167,NW_019862808.1_1214809_1215167
LOC112045313,NW_019862829.1,-,MXE_exon1,6.53E-05,-0.088,302036,302319,NW_019862829.1_302036_302319
LOC112052089,NW_019863124.1,+,MXE_exon1,0.002070478,-0.08,305705,306164,NW_019863124.1_305705_306164
LOC112052089,NW_019863124.1,+,MXE_exon1,0.002070478,-0.08,305794,306164,NW_019863124.1_305794_306164
LOC112052089,NW_019863124.1,+,MXE_exon1,0.002070478,-0.08,305810,306164,NW_019863124.1_305810_306164
LOC112045055,NW_019862823.1,-,MXE_exon1,4.78E-06,0.017,395062,395311,NW_019862823.1_395062_395311
LOC112051619,NW_019862758.1,+,MXE_exon1,0.001544147,0.127,697657,698025,NW_019862758.1_697657_698025
LOC112053871,NW_019863290.1,-,MXE_exon1,0.000656825,-0.389,161843,162528,NW_019863290.1_161843_162528
LOC112053871,NW_019863290.1,-,MXE_exon1,4.15E-06,-0.498,162238,162528,NW_019863290.1_162238_162528
LOC112044489,NW_019862810.1,-,MXE_exon1,0.000146593,0.103,693984,694350,NW_019862810.1_693984_694350
LOC112052395,NW_019863145.1,+,MXE_exon1,6.04E-12,0.043,310211,310562,NW_019863145.1_310211_310562
LOC112052395,NW_019863145.1,+,MXE_exon1,0.035349697,0.292,310211,310562,NW_019863145.1_310211_310562
LOC112048916,NW_019862951.1,-,MXE_exon1,0.041940755,-0.105,199795,200087,NW_019862951.1_199795_200087
LOC112048077,NW_019862915.1,-,MXE_exon1,0.012663367,-0.05,614521,615019,NW_019862915.1_614521_615019
LOC112048077,NW_019862915.1,-,MXE_exon1,0.005332047,-0.026,614521,615019,NW_019862915.1_614521_615019
LOC112048077,NW_019862915.1,-,MXE_exon1,0.002244172,-0.054,614521,615019,NW_019862915.1_614521_615019
LOC112055541,NW_019863548.1,+,MXE_exon1,0.003953069,-0.078,20730,20942,NW_019863548.1_20730_20942
LOC112058369,NW_019862775.1,-,MXE_exon1,1.11E-11,0.506,1374728,1375021,NW_019862775.1_1374728_1375021
LOC112053443,NW_019862760.1,+,MXE_exon1,0.000740256,-0.471,52244,52525,NW_019862760.1_52244_52525
LOC112053443,NW_019862760.1,+,MXE_exon1,0.016463935,-0.128,52244,52525,NW_019862760.1_52244_52525
LOC112053443,NW_019862760.1,+,MXE_exon1,6.23E-12,-0.134,52244,52525,NW_019862760.1_52244_52525
LOC112053443,NW_019862760.1,+,MXE_exon1,0.019682667,-0.329,52244,52574,NW_019862760.1_52244_52574
LOC112053443,NW_019862760.1,+,MXE_exon1,6.11E-06,-0.15,52244,52574,NW_019862760.1_52244_52574
LOC112053443,NW_019862760.1,+,MXE_exon1,0.00050426,-0.206,52316,52525,NW_019862760.1_52316_52525
LOC112053443,NW_019862760.1,+,MXE_exon1,0.011195843,-0.287,52316,52525,NW_019862760.1_52316_52525
LOC112053443,NW_019862760.1,+,MXE_exon1,7.44E-08,-0.652,52316,52525,NW_019862760.1_52316_52525
LOC112053443,NW_019862760.1,+,MXE_exon1,9.04E-07,-0.658,52316,52525,NW_019862760.1_52316_52525
LOC112053443,NW_019862760.1,+,MXE_exon1,4.06E-13,-0.637,52316,52525,NW_019862760.1_52316_52525
LOC112053443,NW_019862760.1,+,MXE_exon1,0.000168676,-0.197,52316,52574,NW_019862760.1_52316_52574
LOC112053443,NW_019862760.1,+,MXE_exon1,0.033854579,-0.324,52316,52574,NW_019862760.1_52316_52574
LOC112053443,NW_019862760.1,+,MXE_exon1,0.001716236,-0.166,52316,52574,NW_019862760.1_52316_52574
LOC112053443,NW_019862760.1,+,MXE_exon1,1.31E-08,-0.321,52316,52574,NW_019862760.1_52316_52574
LOC112053443,NW_019862760.1,+,MXE_exon1,0.000194318,-0.194,52325,52574,NW_019862760.1_52325_52574
LOC112053443,NW_019862760.1,+,MXE_exon1,0.001976114,-0.296,52352,52574,NW_019862760.1_52352_52574
LOC112053443,NW_019862760.1,+,MXE_exon1,0.000828089,-0.021,55342,55691,NW_019862760.1_55342_55691
LOC112045354,NW_019862829.1,+,MXE_exon1,0.007685949,0.033,205956,206264,NW_019862829.1_205956_206264
LOC112055393,NW_019862762.1,+,MXE_exon1,2.49E-06,-0.057,275780,276098,NW_019862762.1_275780_276098
LOC112055393,NW_019862762.1,+,MXE_exon1,0.001224904,-0.052,279762,280095,NW_019862762.1_279762_280095
LOC112043861,NW_019862799.1,+,MXE_exon1,1.20E-05,-0.357,1081053,1081289,NW_019862799.1_1081053_1081289
LOC112054077,NW_019863315.1,+,MXE_exon1,0.015783459,-0.151,106803,107048,NW_019863315.1_106803_107048
LOC112054077,NW_019863315.1,+,MXE_exon1,4.06E-13,-0.337,106804,107086,NW_019863315.1_106804_107086
LOC112054077,NW_019863315.1,+,MXE_exon1,4.27E-13,-0.338,106805,107086,NW_019863315.1_106805_107086
LOC112053186,NW_019863215.1,+,MXE_exon1,0.007227369,0.373,7297,7671,NW_019863215.1_7297_7671
LOC112053186,NW_019863215.1,+,MXE_exon1,0.005045956,0.252,7297,7671,NW_019863215.1_7297_7671
LOC112053186,NW_019863215.1,+,MXE_exon1,0.010158604,0.254,7297,7671,NW_019863215.1_7297_7671
LOC112053186,NW_019863215.1,+,MXE_exon1,0.011516545,0.25,7297,7671,NW_019863215.1_7297_7671
LOC112053186,NW_019863215.1,+,MXE_exon1,0.02175079,0.139,7297,7673,NW_019863215.1_7297_7673
LOC112053186,NW_019863215.1,+,MXE_exon1,0.007668647,0.365,7297,7673,NW_019863215.1_7297_7673
LOC112053186,NW_019863215.1,+,MXE_exon1,0.008867415,0.27,7297,7673,NW_019863215.1_7297_7673
LOC112053186,NW_019863215.1,+,MXE_exon1,0.017079187,0.27,7297,7673,NW_019863215.1_7297_7673
LOC112053186,NW_019863215.1,+,MXE_exon1,0.019100209,0.266,7297,7673,NW_019863215.1_7297_7673
LOC112049588,NW_019862980.1,-,MXE_exon1,0.000131389,-0.275,89848,90134,NW_019862980.1_89848_90134
LOC112056560,NW_019863879.1,-,MXE_exon1,0.048709633,-0.111,6578,6888,NW_019863879.1_6578_6888
LOC112048729,NW_019862941.1,+,MXE_exon1,0.000229293,0.061,290013,290265,NW_019862941.1_290013_290265
LOC112049870,NW_019862756.1,-,MXE_exon1,0.017079187,0.026,646951,647267,NW_019862756.1_646951_647267
LOC112049870,NW_019862756.1,-,MXE_exon1,0.018792364,0.429,647006,647275,NW_019862756.1_647006_647275
LOC112051313,NW_019863074.1,+,MXE_exon1,0.005407058,0.07,155194,155614,NW_019863074.1_155194_155614
LOC112046878,NW_019862874.1,+,MXE_exon1,0.045355499,0.01,165441,165819,NW_019862874.1_165441_165819
LOC112046887,NW_019862874.1,-,MXE_exon1,3.46E-06,-0.145,19470,19836,NW_019862874.1_19470_19836
LOC112046887,NW_019862874.1,-,MXE_exon1,3.46E-06,-0.145,19470,19855,NW_019862874.1_19470_19855
LOC112046887,NW_019862874.1,-,MXE_exon1,0.000107463,-0.131,19470,19858,NW_019862874.1_19470_19858
LOC112046887,NW_019862874.1,-,MXE_exon1,8.33E-07,-0.359,19470,19868,NW_019862874.1_19470_19868
LOC112046887,NW_019862874.1,-,MXE_exon1,1.70E-06,-0.15,19470,19868,NW_019862874.1_19470_19868
LOC112046887,NW_019862874.1,-,MXE_exon1,3.46E-06,-0.145,19470,20127,NW_019862874.1_19470_20127
LOC112046887,NW_019862874.1,-,MXE_exon1,0.012844724,-0.14,19540,19836,NW_019862874.1_19540_19836
LOC112046887,NW_019862874.1,-,MXE_exon1,0.016433533,-0.131,19540,19855,NW_019862874.1_19540_19855
LOC112046887,NW_019862874.1,-,MXE_exon1,0.026832488,-0.126,19540,19858,NW_019862874.1_19540_19858
LOC112046887,NW_019862874.1,-,MXE_exon1,0.016889186,-0.13,19540,20127,NW_019862874.1_19540_20127
LOC112047356,NW_019862890.1,+,MXE_exon1,0.000634095,0.409,325048,325690,NW_019862890.1_325048_325690
LOC112047356,NW_019862890.1,+,MXE_exon1,2.59E-05,0.402,325383,325950,NW_019862890.1_325383_325950
LOC112047356,NW_019862890.1,+,MXE_exon1,0.013387789,0.274,325383,325950,NW_019862890.1_325383_325950
LOC112047356,NW_019862890.1,+,MXE_exon1,0.000121704,0.444,325390,325690,NW_019862890.1_325390_325690
LOC112047356,NW_019862890.1,+,MXE_exon1,8.08E-05,0.432,325390,325690,NW_019862890.1_325390_325690
LOC112045524,NW_019862834.1,-,MXE_exon1,6.96E-05,0.038,974751,975083,NW_019862834.1_974751_975083
LOC112045524,NW_019862834.1,-,MXE_exon1,5.87E-05,0.038,974751,975088,NW_019862834.1_974751_975088
LOC112058236,NW_019862773.1,+,MXE_exon1,0.036919635,0.104,183303,183516,NW_019862773.1_183303_183516
LOC112057044,NW_019864244.1,-,MXE_exon1,1.47E-05,-0.303,2237,2613,NW_019864244.1_2237_2613
LOC112056365,NW_019863789.1,-,MXE_exon1,0.002086439,0.594,50589,50807,NW_019863789.1_50589_50807
LOC112056365,NW_019863789.1,-,MXE_exon1,0.002091054,0.471,50589,50921,NW_019863789.1_50589_50921
LOC112056365,NW_019863789.1,-,MXE_exon1,0.000265906,-0.441,58670,59001,NW_019863789.1_58670_59001
LOC112058550,NW_019862778.1,-,MXE_exon1,0,-0.166,1102640,1103181,NW_019862778.1_1102640_1103181
LOC112058550,NW_019862778.1,-,MXE_exon1,0,-0.102,1102640,1103181,NW_019862778.1_1102640_1103181
LOC112058550,NW_019862778.1,-,MXE_exon1,0,-0.169,1102640,1103181,NW_019862778.1_1102640_1103181
LOC112058550,NW_019862778.1,-,MXE_exon1,0,-0.178,1102640,1103181,NW_019862778.1_1102640_1103181
LOC112058550,NW_019862778.1,-,MXE_exon1,0,-0.178,1102864,1103181,NW_019862778.1_1102864_1103181
LOC112058550,NW_019862778.1,-,MXE_exon1,0,-0.112,1102864,1103181,NW_019862778.1_1102864_1103181
LOC112058550,NW_019862778.1,-,MXE_exon1,0,-0.181,1102864,1103181,NW_019862778.1_1102864_1103181
LOC112058550,NW_019862778.1,-,MXE_exon1,0,-0.19,1102864,1103181,NW_019862778.1_1102864_1103181
LOC112058550,NW_019862778.1,-,MXE_exon1,0,-0.166,1102868,1103180,NW_019862778.1_1102868_1103180
LOC112058550,NW_019862778.1,-,MXE_exon1,0,-0.103,1102868,1103180,NW_019862778.1_1102868_1103180
LOC112058550,NW_019862778.1,-,MXE_exon1,0,-0.17,1102868,1103180,NW_019862778.1_1102868_1103180
LOC112058550,NW_019862778.1,-,MXE_exon1,0,-0.178,1102868,1103180,NW_019862778.1_1102868_1103180
LOC112058550,NW_019862778.1,-,MXE_exon1,8.36E-14,-0.228,1102868,1103181,NW_019862778.1_1102868_1103181
LOC112058550,NW_019862778.1,-,MXE_exon1,2.89E-13,-0.229,1102868,1103181,NW_019862778.1_1102868_1103181
LOC112058550,NW_019862778.1,-,MXE_exon1,0,-0.249,1102868,1103181,NW_019862778.1_1102868_1103181
LOC112058550,NW_019862778.1,-,MXE_exon1,0,-0.163,1102868,1103187,NW_019862778.1_1102868_1103187
LOC112058550,NW_019862778.1,-,MXE_exon1,0,-0.101,1102868,1103187,NW_019862778.1_1102868_1103187
LOC112058550,NW_019862778.1,-,MXE_exon1,0,-0.166,1102868,1103187,NW_019862778.1_1102868_1103187
LOC112058550,NW_019862778.1,-,MXE_exon1,0,-0.175,1102868,1103187,NW_019862778.1_1102868_1103187
LOC112058550,NW_019862778.1,-,MXE_exon1,0,-0.156,1102898,1103181,NW_019862778.1_1102898_1103181
LOC112058550,NW_019862778.1,-,MXE_exon1,0,-0.095,1102898,1103181,NW_019862778.1_1102898_1103181
LOC112058550,NW_019862778.1,-,MXE_exon1,0,-0.16,1102898,1103181,NW_019862778.1_1102898_1103181
LOC112058550,NW_019862778.1,-,MXE_exon1,0,-0.167,1102898,1103181,NW_019862778.1_1102898_1103181
LOC112058550,NW_019862778.1,-,MXE_exon1,6.29E-11,-0.081,1102955,1103181,NW_019862778.1_1102955_1103181
LOC112058550,NW_019862778.1,-,MXE_exon1,3.39E-12,-0.042,1102955,1103181,NW_019862778.1_1102955_1103181
LOC112058550,NW_019862778.1,-,MXE_exon1,7.96E-11,-0.083,1102955,1103181,NW_019862778.1_1102955_1103181
LOC112058550,NW_019862778.1,-,MXE_exon1,1.61E-13,-0.085,1102955,1103181,NW_019862778.1_1102955_1103181
LOC112058550,NW_019862778.1,-,MXE_exon1,0.023224332,-0.016,1102972,1103181,NW_019862778.1_1102972_1103181
LOC112052001,NW_019863118.1,-,MXE_exon1,0.001145864,0.071,161542,161997,NW_019863118.1_161542_161997
LOC112052001,NW_019863118.1,-,MXE_exon1,0.001145864,0.071,161542,162366,NW_019863118.1_161542_162366
LOC112052867,NW_019863182.1,-,MXE_exon1,1.81E-06,-0.163,230886,231099,NW_019863182.1_230886_231099
LOC112052867,NW_019863182.1,-,MXE_exon1,0.002494462,-0.135,230886,231099,NW_019863182.1_230886_231099
LOC112052867,NW_019863182.1,-,MXE_exon1,1.40E-05,-0.108,230886,231099,NW_019863182.1_230886_231099
LOC112052867,NW_019863182.1,-,MXE_exon1,2.84E-10,-0.063,230886,231252,NW_019863182.1_230886_231252
LOC112052867,NW_019863182.1,-,MXE_exon1,3.15E-06,-0.051,230886,231252,NW_019863182.1_230886_231252
LOC112052867,NW_019863182.1,-,MXE_exon1,1.31E-10,-0.091,230886,231535,NW_019863182.1_230886_231535
LOC112052867,NW_019863182.1,-,MXE_exon1,1.65E-06,-0.074,230886,231535,NW_019863182.1_230886_231535
LOC112052867,NW_019863182.1,-,MXE_exon1,7.87E-10,-0.127,230886,231535,NW_019863182.1_230886_231535
LOC112051523,NW_019863087.1,+,MXE_exon1,0.045131223,0.385,159251,159699,NW_019863087.1_159251_159699
LOC112051523,NW_019863087.1,+,MXE_exon1,0.001607513,0.147,159251,159699,NW_019863087.1_159251_159699
LOC112051523,NW_019863087.1,+,MXE_exon1,0.000448811,0.166,159251,159699,NW_019863087.1_159251_159699
LOC112051523,NW_019863087.1,+,MXE_exon1,0.031125835,0.302,159251,159704,NW_019863087.1_159251_159704
LOC112051523,NW_019863087.1,+,MXE_exon1,0.02355808,0.273,159251,159704,NW_019863087.1_159251_159704
LOC112051523,NW_019863087.1,+,MXE_exon1,0.018917359,0.461,159251,159704,NW_019863087.1_159251_159704
LOC112051523,NW_019863087.1,+,MXE_exon1,0.000813975,0.514,159251,159704,NW_019863087.1_159251_159704
LOC112051523,NW_019863087.1,+,MXE_exon1,5.44E-05,0.207,159251,159704,NW_019863087.1_159251_159704
LOC112051523,NW_019863087.1,+,MXE_exon1,4.66E-06,0.225,159251,159704,NW_019863087.1_159251_159704
LOC112051523,NW_019863087.1,+,MXE_exon1,0.008935951,0.061,159548,159951,NW_019863087.1_159548_159951
LOC112051523,NW_019863087.1,+,MXE_exon1,0.008917008,0.061,159548,159951,NW_019863087.1_159548_159951
LOC112051523,NW_019863087.1,+,MXE_exon1,0.00892196,0.061,159548,159951,NW_019863087.1_159548_159951
LOC112051523,NW_019863087.1,+,MXE_exon1,0.008882236,0.061,159548,159951,NW_019863087.1_159548_159951
LOC112051523,NW_019863087.1,+,MXE_exon1,0.008870016,0.061,159548,159951,NW_019863087.1_159548_159951
LOC112051523,NW_019863087.1,+,MXE_exon1,0.008984978,0.061,159548,159951,NW_019863087.1_159548_159951
LOC112051523,NW_019863087.1,+,MXE_exon1,0.008936098,0.061,159548,159951,NW_019863087.1_159548_159951
LOC112051523,NW_019863087.1,+,MXE_exon1,0.008990134,0.061,159548,159951,NW_019863087.1_159548_159951
LOC112051523,NW_019863087.1,+,MXE_exon1,0.00892196,0.061,159548,159951,NW_019863087.1_159548_159951
LOC112051523,NW_019863087.1,+,MXE_exon1,0.0088538,0.061,159548,159951,NW_019863087.1_159548_159951
LOC112051523,NW_019863087.1,+,MXE_exon1,0.00892196,0.061,159548,159951,NW_019863087.1_159548_159951
LOC112051523,NW_019863087.1,+,MXE_exon1,0.00892196,0.061,159548,159951,NW_019863087.1_159548_159951
LOC112051523,NW_019863087.1,+,MXE_exon1,0.008780035,0.061,159548,159951,NW_019863087.1_159548_159951
LOC112051523,NW_019863087.1,+,MXE_exon1,0.003779595,0.089,182891,183127,NW_019863087.1_182891_183127
LOC112051523,NW_019863087.1,+,MXE_exon1,0.007476857,0.075,182891,183185,NW_019863087.1_182891_183185
LOC112051523,NW_019863087.1,+,MXE_exon1,7.84E-07,0.105,182891,183186,NW_019863087.1_182891_183186
LOC112051523,NW_019863087.1,+,MXE_exon1,0.004253432,-0.103,182906,183127,NW_019863087.1_182906_183127
LOC112044491,NW_019862810.1,+,MXE_exon1,0.008434372,0.168,732143,732501,NW_019862810.1_732143_732501
LOC112044491,NW_019862810.1,+,MXE_exon1,0.036459969,0.194,732143,732501,NW_019862810.1_732143_732501
LOC112049219,NW_019862964.1,-,MXE_exon1,3.87E-13,-0.166,412106,412637,NW_019862964.1_412106_412637
LOC112046986,NW_019862879.1,-,MXE_exon1,0.003299459,0.026,319094,319481,NW_019862879.1_319094_319481
LOC112051371,NW_019863078.1,-,MXE_exon1,0.025663096,-0.045,44512,44911,NW_019863078.1_44512_44911
LOC112051371,NW_019863078.1,-,MXE_exon1,0.025663096,-0.045,44512,44911,NW_019863078.1_44512_44911
LOC112051307,NW_019863073.1,-,MXE_exon1,0.021632451,0.009,209758,210152,NW_019863073.1_209758_210152
LOC112052225,NW_019863134.1,-,MXE_exon1,6.90E-06,-0.052,125865,126151,NW_019863134.1_125865_126151
LOC112056544,NW_019863876.1,+,MXE_exon1,0.001457292,0.171,19521,19869,NW_019863876.1_19521_19869
LOC112058474,NW_019862777.1,-,MXE_exon1,8.87E-05,0.191,806358,806612,NW_019862777.1_806358_806612
LOC112046146,NW_019862849.1,+,MXE_exon1,0.00701825,-0.495,796687,797062,NW_019862849.1_796687_797062
LOC112055375,NW_019863509.1,-,MXE_exon1,0.004678294,0.024,85551,85842,NW_019863509.1_85551_85842
LOC112055375,NW_019863509.1,-,MXE_exon1,0.008730153,0.021,85551,85842,NW_019863509.1_85551_85842
LOC112055375,NW_019863509.1,-,MXE_exon1,0.009250096,0.021,85551,86075,NW_019863509.1_85551_86075
LOC112055375,NW_019863509.1,-,MXE_exon1,0.028703157,0.018,85551,86075,NW_019863509.1_85551_86075
LOC112055375,NW_019863509.1,-,MXE_exon1,0.030730474,0.017,85551,86210,NW_019863509.1_85551_86210
LOC112055375,NW_019863509.1,-,MXE_exon1,0.000509978,0.061,85896,86210,NW_019863509.1_85896_86210
LOC112044077,NW_019862803.1,+,MXE_exon1,0.000643152,-0.258,139313,139644,NW_019862803.1_139313_139644
LOC112044077,NW_019862803.1,+,MXE_exon1,0.000783257,-0.26,139313,139644,NW_019862803.1_139313_139644
LOC112044077,NW_019862803.1,+,MXE_exon1,7.07E-07,-0.169,139313,139644,NW_019862803.1_139313_139644
LOC112044077,NW_019862803.1,+,MXE_exon1,0.00091081,-0.263,139313,139644,NW_019862803.1_139313_139644
LOC112049759,NW_019862988.1,+,MXE_exon1,2.84E-06,0.254,252997,253353,NW_019862988.1_252997_253353
LOC112054011,NW_019863305.1,+,MXE_exon1,2.11E-05,-0.474,144736,145064,NW_019863305.1_144736_145064
LOC112053574,NW_019862760.1,-,MXE_exon1,0.000115025,-0.342,171061,171372,NW_019862760.1_171061_171372
LOC112052834,NW_019863180.1,-,MXE_exon1,0.000210219,0.203,221061,221323,NW_019863180.1_221061_221323
LOC112047449,NW_019862893.1,-,MXE_exon1,4.82E-07,0.411,406289,406522,NW_019862893.1_406289_406522
LOC112047449,NW_019862893.1,-,MXE_exon1,0.035305007,-0.39,408472,408801,NW_019862893.1_408472_408801
LOC112047449,NW_019862893.1,-,MXE_exon1,8.59E-07,0.518,408472,408801,NW_019862893.1_408472_408801
LOC112047449,NW_019862893.1,-,MXE_exon1,4.26E-06,0.422,410707,410994,NW_019862893.1_410707_410994
LOC112047434,NW_019862893.1,-,MXE_exon1,0.036820691,0.059,381552,381850,NW_019862893.1_381552_381850
LOC112058078,NW_019862771.1,+,MXE_exon1,7.42E-05,0.104,741694,742074,NW_019862771.1_741694_742074
LOC112058374,NW_019862775.1,+,MXE_exon1,0.017490391,0.024,1559384,1559863,NW_019862775.1_1559384_1559863
LOC112053274,NW_019863223.1,+,MXE_exon1,1.89E-06,-0.215,161366,161792,NW_019863223.1_161366_161792
LOC112051655,NW_019863094.1,-,MXE_exon1,0.015983558,-0.051,188025,188273,NW_019863094.1_188025_188273
LOC112046894,NW_019862874.1,+,MXE_exon1,0.000396571,-0.051,262017,262403,NW_019862874.1_262017_262403
LOC112046894,NW_019862874.1,+,MXE_exon1,4.45E-08,-0.063,262017,262406,NW_019862874.1_262017_262406
LOC112046894,NW_019862874.1,+,MXE_exon1,0.000359835,-0.054,271770,272132,NW_019862874.1_271770_272132
LOC112046894,NW_019862874.1,+,MXE_exon1,0.000403215,-0.032,271770,272133,NW_019862874.1_271770_272133
LOC112046894,NW_019862874.1,+,MXE_exon1,0.000359835,-0.054,271770,272202,NW_019862874.1_271770_272202
LOC112046894,NW_019862874.1,+,MXE_exon1,0.000358853,-0.055,271770,272304,NW_019862874.1_271770_272304
LOC112046894,NW_019862874.1,+,MXE_exon1,0.000377857,-0.054,271770,272320,NW_019862874.1_271770_272320
LOC112049491,NW_019862976.1,-,MXE_exon1,0.00222213,-0.135,66783,67119,NW_019862976.1_66783_67119
LOC112056342,NW_019863781.1,+,MXE_exon1,6.62E-05,0.303,15521,16083,NW_019863781.1_15521_16083
LOC112056342,NW_019863781.1,+,MXE_exon1,0.002220912,0.262,15521,16083,NW_019863781.1_15521_16083
LOC112051181,NW_019863067.1,-,MXE_exon1,0.011711652,0.122,304741,305122,NW_019863067.1_304741_305122
LOC112051181,NW_019863067.1,-,MXE_exon1,0.011711652,0.122,304741,305304,NW_019863067.1_304741_305304
LOC112051181,NW_019863067.1,-,MXE_exon1,0.011711652,0.122,304741,305436,NW_019863067.1_304741_305436
LOC112051181,NW_019863067.1,-,MXE_exon1,0.002345938,-0.28,305635,306143,NW_019863067.1_305635_306143
LOC112054571,NW_019863377.1,+,MXE_exon1,0.010918577,0.345,138558,138867,NW_019863377.1_138558_138867
LOC112056020,NW_019863685.1,-,MXE_exon1,1.10E-07,0.298,12081,12388,NW_019863685.1_12081_12388
LOC112047033,NW_019862881.1,-,MXE_exon1,0.001220863,-0.387,300795,301085,NW_019862881.1_300795_301085
LOC112049557,NW_019862978.1,+,MXE_exon1,0.049326953,0.147,92874,93256,NW_019862978.1_92874_93256
LOC112049557,NW_019862978.1,+,MXE_exon1,0.014220948,0.131,92930,93256,NW_019862978.1_92930_93256
LOC112049557,NW_019862978.1,+,MXE_exon1,0.023609871,0.11,92930,93256,NW_019862978.1_92930_93256
LOC112049557,NW_019862978.1,+,MXE_exon1,0.039335114,-0.026,95699,96024,NW_019862978.1_95699_96024
LOC112046143,NW_019862849.1,+,MXE_exon1,0.015823568,0.034,172486,173033,NW_019862849.1_172486_173033
LOC112055522,NW_019863545.1,+,MXE_exon1,0.012250507,-0.037,40275,40647,NW_019863545.1_40275_40647
LOC112049503,NW_019862976.1,-,MXE_exon1,3.16E-08,-0.056,435755,436361,NW_019862976.1_435755_436361
LOC112049503,NW_019862976.1,-,MXE_exon1,3.16E-08,-0.056,435755,436361,NW_019862976.1_435755_436361
LOC112049503,NW_019862976.1,-,MXE_exon1,2.45E-08,-0.015,435755,436361,NW_019862976.1_435755_436361
LOC112049503,NW_019862976.1,-,MXE_exon1,5.59E-08,-0.053,435755,436361,NW_019862976.1_435755_436361
LOC112049503,NW_019862976.1,-,MXE_exon1,4.54E-08,-0.042,435755,436361,NW_019862976.1_435755_436361
LOC112049503,NW_019862976.1,-,MXE_exon1,8.42E-09,-0.075,436097,436361,NW_019862976.1_436097_436361
LOC112049503,NW_019862976.1,-,MXE_exon1,8.42E-09,-0.075,436097,436361,NW_019862976.1_436097_436361
LOC112049503,NW_019862976.1,-,MXE_exon1,5.93E-09,-0.022,436097,436361,NW_019862976.1_436097_436361
LOC112049503,NW_019862976.1,-,MXE_exon1,1.55E-08,-0.071,436097,436361,NW_019862976.1_436097_436361
LOC112049503,NW_019862976.1,-,MXE_exon1,1.23E-08,-0.057,436097,436361,NW_019862976.1_436097_436361
LOC112049503,NW_019862976.1,-,MXE_exon1,5.33E-12,-0.07,436098,436328,NW_019862976.1_436098_436328
LOC112049503,NW_019862976.1,-,MXE_exon1,5.33E-12,-0.07,436098,436328,NW_019862976.1_436098_436328
LOC112049503,NW_019862976.1,-,MXE_exon1,3.84E-12,-0.019,436098,436328,NW_019862976.1_436098_436328
LOC112049503,NW_019862976.1,-,MXE_exon1,8.70E-12,-0.067,436098,436328,NW_019862976.1_436098_436328
LOC112049503,NW_019862976.1,-,MXE_exon1,7.50E-12,-0.053,436098,436328,NW_019862976.1_436098_436328
LOC112049503,NW_019862976.1,-,MXE_exon1,5.85E-06,-0.145,436098,436361,NW_019862976.1_436098_436361
LOC112049503,NW_019862976.1,-,MXE_exon1,5.85E-06,-0.145,436098,436361,NW_019862976.1_436098_436361
LOC112049503,NW_019862976.1,-,MXE_exon1,1.79E-07,-0.14,436098,436361,NW_019862976.1_436098_436361
LOC112049503,NW_019862976.1,-,MXE_exon1,2.03E-07,-0.124,436098,436361,NW_019862976.1_436098_436361
LOC112049503,NW_019862976.1,-,MXE_exon1,1.42E-11,-0.077,436098,436419,NW_019862976.1_436098_436419
LOC112049503,NW_019862976.1,-,MXE_exon1,1.42E-11,-0.077,436098,436419,NW_019862976.1_436098_436419
LOC112049503,NW_019862976.1,-,MXE_exon1,7.94E-12,-0.022,436098,436419,NW_019862976.1_436098_436419
LOC112049503,NW_019862976.1,-,MXE_exon1,2.53E-11,-0.074,436098,436419,NW_019862976.1_436098_436419
LOC112049503,NW_019862976.1,-,MXE_exon1,2.23E-11,-0.059,436098,436419,NW_019862976.1_436098_436419
LOC112049503,NW_019862976.1,-,MXE_exon1,5.28E-09,-0.072,436102,436361,NW_019862976.1_436102_436361
LOC112049503,NW_019862976.1,-,MXE_exon1,5.28E-09,-0.072,436102,436361,NW_019862976.1_436102_436361
LOC112049503,NW_019862976.1,-,MXE_exon1,3.73E-09,-0.021,436102,436361,NW_019862976.1_436102_436361
LOC112049503,NW_019862976.1,-,MXE_exon1,9.48E-09,-0.068,436102,436361,NW_019862976.1_436102_436361
LOC112049503,NW_019862976.1,-,MXE_exon1,7.67E-09,-0.055,436102,436361,NW_019862976.1_436102_436361
LOC112049503,NW_019862976.1,-,MXE_exon1,1.71E-06,0.143,440794,441224,NW_019862976.1_440794_441224
LOC112049503,NW_019862976.1,-,MXE_exon1,1.71E-06,0.143,440794,441224,NW_019862976.1_440794_441224
LOC112049503,NW_019862976.1,-,MXE_exon1,1.71E-06,0.143,440794,441224,NW_019862976.1_440794_441224
LOC112049503,NW_019862976.1,-,MXE_exon1,2.25E-07,0.133,440794,441224,NW_019862976.1_440794_441224
LOC112049503,NW_019862976.1,-,MXE_exon1,7.77E-07,0.137,440794,441224,NW_019862976.1_440794_441224
LOC112055942,NW_019863661.1,+,MXE_exon1,0.037240046,-0.222,19685,20006,NW_019863661.1_19685_20006
LOC112046842,NW_019862873.1,+,MXE_exon1,0.005699643,0.066,564192,564408,NW_019862873.1_564192_564408
LOC112056419,NW_019863807.1,-,MXE_exon1,0.000329714,0.064,17705,18040,NW_019863807.1_17705_18040
LOC112056419,NW_019863807.1,-,MXE_exon1,0.000343589,0.064,17705,18049,NW_019863807.1_17705_18049
LOC112055262,NW_019862762.1,-,MXE_exon1,0.025318718,0.021,188134,188759,NW_019862762.1_188134_188759
LOC112055262,NW_019862762.1,-,MXE_exon1,0.002338823,0.046,188134,188759,NW_019862762.1_188134_188759
LOC112055262,NW_019862762.1,-,MXE_exon1,0.02520976,0.013,188134,188762,NW_019862762.1_188134_188762
LOC112058168,NW_019862772.1,+,MXE_exon1,0.000353333,0.045,1624313,1624584,NW_019862772.1_1624313_1624584
LOC112055327,NW_019863501.1,+,MXE_exon1,0.005164114,0.057,64023,64412,NW_019863501.1_64023_64412
LOC112042935,NW_019862782.1,-,MXE_exon1,0.042206334,-0.028,1151710,1152089,NW_019862782.1_1151710_1152089
LOC112042935,NW_019862782.1,-,MXE_exon1,0.048987846,-0.096,1176464,1176739,NW_019862782.1_1176464_1176739
LOC112047844,NW_019862905.1,-,MXE_exon1,0,-0.027,640578,640995,NW_019862905.1_640578_640995
LOC112048050,NW_019862754.1,-,MXE_exon1,0.012844724,-0.069,1606504,1606805,NW_019862754.1_1606504_1606805
LOC112046122,NW_019862752.1,-,MXE_exon1,0.012139452,-0.153,1920176,1920480,NW_019862752.1_1920176_1920480
LOC112055365,NW_019863507.1,+,MXE_exon1,0.002213034,0.158,48390,48804,NW_019863507.1_48390_48804
LOC112043271,NW_019862788.1,-,MXE_exon1,8.04E-07,0.503,49614,50027,NW_019862788.1_49614_50027
LOC112045866,NW_019862842.1,+,MXE_exon1,0.002444228,-0.034,802730,803247,NW_019862842.1_802730_803247
LOC112045866,NW_019862842.1,+,MXE_exon1,0.000526572,-0.032,802730,803247,NW_019862842.1_802730_803247
LOC112052126,NW_019863128.1,+,MXE_exon1,5.83E-05,-0.292,162643,162957,NW_019863128.1_162643_162957
LOC112052126,NW_019863128.1,+,MXE_exon1,0.005161779,-0.04,162646,162957,NW_019863128.1_162646_162957
LOC112044961,NW_019862820.1,+,MXE_exon1,0.002876697,0.074,77438,77822,NW_019862820.1_77438_77822
LOC112044961,NW_019862820.1,+,MXE_exon1,0.011970501,0.104,77438,77851,NW_019862820.1_77438_77851
LOC112044961,NW_019862820.1,+,MXE_exon1,0.010600561,0.151,77442,77822,NW_019862820.1_77442_77822
LOC112043560,NW_019862792.1,-,MXE_exon1,0.000229293,-0.113,634818,635122,NW_019862792.1_634818_635122
LOC112058604,NW_019862778.1,+,MXE_exon1,0.016426,0.135,1084590,1084948,NW_019862778.1_1084590_1084948
LOC112046693,NW_019862867.1,+,MXE_exon1,6.68E-11,-0.081,672456,672719,NW_019862867.1_672456_672719
LOC112046693,NW_019862867.1,+,MXE_exon1,0,-0.105,672456,672719,NW_019862867.1_672456_672719
LOC112046693,NW_019862867.1,+,MXE_exon1,0.024320343,-0.125,673743,674132,NW_019862867.1_673743_674132
LOC112046693,NW_019862867.1,+,MXE_exon1,0.025355556,-0.077,673743,674132,NW_019862867.1_673743_674132
LOC112046693,NW_019862867.1,+,MXE_exon1,2.91E-09,0.076,675287,675631,NW_019862867.1_675287_675631
LOC112048334,NW_019862754.1,+,MXE_exon1,0.000952516,0.038,2465665,2465975,NW_019862754.1_2465665_2465975
LOC112054846,NW_019863425.1,+,MXE_exon1,0.004039628,0.364,95044,95452,NW_019863425.1_95044_95452
LOC112054188,NW_019863327.1,-,MXE_exon1,0.045921676,0.043,96429,96752,NW_019863327.1_96429_96752
LOC112054188,NW_019863327.1,-,MXE_exon1,0.00407311,0.042,96429,96752,NW_019863327.1_96429_96752
LOC112052849,NW_019863181.1,-,MXE_exon1,0.025318718,-0.007,156277,156668,NW_019863181.1_156277_156668
LOC112051410,NW_019863081.1,+,MXE_exon1,1.41E-11,-0.878,371257,371591,NW_019863081.1_371257_371591
LOC112051410,NW_019863081.1,+,MXE_exon1,6.49E-12,-0.89,371257,371591,NW_019863081.1_371257_371591
LOC112046979,NW_019862879.1,+,MXE_exon1,0.007821303,0.104,108038,108370,NW_019862879.1_108038_108370
LOC112046979,NW_019862879.1,+,MXE_exon1,0.003166906,0.11,108038,108370,NW_019862879.1_108038_108370
LOC112046979,NW_019862879.1,+,MXE_exon1,0.005094007,0.024,108038,108370,NW_019862879.1_108038_108370
LOC112046979,NW_019862879.1,+,MXE_exon1,0.004017202,0.025,108038,108531,NW_019862879.1_108038_108531
LOC112047770,NW_019862904.1,+,MXE_exon1,0.038938575,0.052,998382,998741,NW_019862904.1_998382_998741
LOC112046058,NW_019862846.1,+,MXE_exon1,2.21E-05,0.193,199240,199469,NW_019862846.1_199240_199469
LOC112050604,NW_019863032.1,-,MXE_exon1,0.000131876,0.022,64369,64703,NW_019863032.1_64369_64703
LOC112050604,NW_019863032.1,-,MXE_exon1,1.10E-07,0.035,64369,64703,NW_019863032.1_64369_64703
LOC112050604,NW_019863032.1,-,MXE_exon1,2.37E-05,0.024,64403,64703,NW_019863032.1_64403_64703
LOC112050604,NW_019863032.1,-,MXE_exon1,8.91E-08,0.039,64403,64703,NW_019863032.1_64403_64703
LOC112050604,NW_019863032.1,-,MXE_exon1,0,0.059,64458,64703,NW_019863032.1_64458_64703
LOC112050604,NW_019863032.1,-,MXE_exon1,0,0.093,64458,64703,NW_019863032.1_64458_64703
LOC112053291,NW_019863225.1,-,MXE_exon1,0.013157084,-0.067,121513,121901,NW_019863225.1_121513_121901
LOC112053291,NW_019863225.1,-,MXE_exon1,7.58E-10,0.151,122273,122601,NW_019863225.1_122273_122601
LOC112053291,NW_019863225.1,-,MXE_exon1,2.28E-07,0.156,122273,122604,NW_019863225.1_122273_122604
LOC112053291,NW_019863225.1,-,MXE_exon1,5.22E-06,0.176,122273,122604,NW_019863225.1_122273_122604
LOC112053291,NW_019863225.1,-,MXE_exon1,4.88E-11,0.15,122276,122601,NW_019863225.1_122276_122601
LOC112053291,NW_019863225.1,-,MXE_exon1,1.10E-08,0.172,122276,122601,NW_019863225.1_122276_122601
LOC112044618,NW_019862813.1,-,MXE_exon1,0.000305926,0.125,132431,132760,NW_019862813.1_132431_132760
LOC112046108,NW_019862848.1,+,MXE_exon1,0.008748294,-0.051,332546,333012,NW_019862848.1_332546_333012
LOC112046108,NW_019862848.1,+,MXE_exon1,0.006730894,-0.052,332578,333012,NW_019862848.1_332578_333012
LOC112053170,NW_019863214.1,-,MXE_exon1,0,-0.627,180920,181216,NW_019863214.1_180920_181216
LOC112053170,NW_019863214.1,-,MXE_exon1,0,-0.623,180920,181216,NW_019863214.1_180920_181216
LOC112053170,NW_019863214.1,-,MXE_exon1,0,-0.4,180920,181216,NW_019863214.1_180920_181216
LOC112053170,NW_019863214.1,-,MXE_exon1,0,-0.673,180920,181216,NW_019863214.1_180920_181216
LOC112053170,NW_019863214.1,-,MXE_exon1,0,-0.651,180920,181216,NW_019863214.1_180920_181216
LOC112053170,NW_019863214.1,-,MXE_exon1,1.37E-13,-0.557,180920,181216,NW_019863214.1_180920_181216
LOC112053170,NW_019863214.1,-,MXE_exon1,0,-0.303,180920,181216,NW_019863214.1_180920_181216
LOC112053170,NW_019863214.1,-,MXE_exon1,0,-0.47,180920,181216,NW_019863214.1_180920_181216
LOC112053170,NW_019863214.1,-,MXE_exon1,0,-0.207,180920,181216,NW_019863214.1_180920_181216
LOC112053170,NW_019863214.1,-,MXE_exon1,0,-0.131,180920,181216,NW_019863214.1_180920_181216
LOC112053170,NW_019863214.1,-,MXE_exon1,0,-0.615,180920,181235,NW_019863214.1_180920_181235
LOC112053170,NW_019863214.1,-,MXE_exon1,0,-0.568,180920,181235,NW_019863214.1_180920_181235
LOC112053170,NW_019863214.1,-,MXE_exon1,1.32E-09,-0.532,180920,181235,NW_019863214.1_180920_181235
LOC112053170,NW_019863214.1,-,MXE_exon1,0,-0.205,180920,181235,NW_019863214.1_180920_181235
LOC112053170,NW_019863214.1,-,MXE_exon1,0,-0.362,180920,181235,NW_019863214.1_180920_181235
LOC112053170,NW_019863214.1,-,MXE_exon1,1.02E-10,-0.13,180920,181235,NW_019863214.1_180920_181235
LOC112053170,NW_019863214.1,-,MXE_exon1,5.68E-14,-0.079,180920,181235,NW_019863214.1_180920_181235
LOC112053170,NW_019863214.1,-,MXE_exon1,0,-0.608,180920,181285,NW_019863214.1_180920_181285
LOC112053170,NW_019863214.1,-,MXE_exon1,0,-0.557,180920,181285,NW_019863214.1_180920_181285
LOC112053170,NW_019863214.1,-,MXE_exon1,2.64E-10,-0.533,180920,181285,NW_019863214.1_180920_181285
LOC112053170,NW_019863214.1,-,MXE_exon1,0,-0.195,180920,181285,NW_019863214.1_180920_181285
LOC112053170,NW_019863214.1,-,MXE_exon1,0,-0.349,180920,181285,NW_019863214.1_180920_181285
LOC112053170,NW_019863214.1,-,MXE_exon1,5.83E-11,-0.121,180920,181285,NW_019863214.1_180920_181285
LOC112053170,NW_019863214.1,-,MXE_exon1,3.03E-14,-0.074,180920,181285,NW_019863214.1_180920_181285
LOC112053170,NW_019863214.1,-,MXE_exon1,0.01186113,0.169,183209,183505,NW_019863214.1_183209_183505
LOC112053170,NW_019863214.1,-,MXE_exon1,1.18E-05,0.133,183209,183505,NW_019863214.1_183209_183505
LOC112053170,NW_019863214.1,-,MXE_exon1,0.005760436,0.179,183209,183505,NW_019863214.1_183209_183505
LOC112053170,NW_019863214.1,-,MXE_exon1,4.96E-11,0.146,183209,183505,NW_019863214.1_183209_183505
LOC112053170,NW_019863214.1,-,MXE_exon1,6.72E-09,0.07,183209,183505,NW_019863214.1_183209_183505
LOC112053170,NW_019863214.1,-,MXE_exon1,0.004973081,0.174,183209,183514,NW_019863214.1_183209_183514
LOC112053170,NW_019863214.1,-,MXE_exon1,3.78E-06,0.175,183209,183514,NW_019863214.1_183209_183514
LOC112053170,NW_019863214.1,-,MXE_exon1,0.003225864,0.21,183209,183514,NW_019863214.1_183209_183514
LOC112053170,NW_019863214.1,-,MXE_exon1,0,0.2,183209,183514,NW_019863214.1_183209_183514
LOC112053170,NW_019863214.1,-,MXE_exon1,6.72E-13,0.105,183209,183514,NW_019863214.1_183209_183514
LOC112053170,NW_019863214.1,-,MXE_exon1,0.003812804,0.047,183211,183514,NW_019863214.1_183211_183514
LOC112053170,NW_019863214.1,-,MXE_exon1,0.021512716,0.02,183211,183514,NW_019863214.1_183211_183514
LOC112053170,NW_019863214.1,-,MXE_exon1,0.03953139,0.088,184195,184485,NW_019863214.1_184195_184485
LOC112053170,NW_019863214.1,-,MXE_exon1,0.006083007,0.093,184195,184494,NW_019863214.1_184195_184494
LOC112044504,NW_019862810.1,-,MXE_exon1,1.67E-06,-0.055,1164606,1165003,NW_019862810.1_1164606_1165003
LOC112044504,NW_019862810.1,-,MXE_exon1,0.014916058,-0.016,1164606,1165003,NW_019862810.1_1164606_1165003
LOC112044504,NW_019862810.1,-,MXE_exon1,0.009938337,-0.096,1164606,1165003,NW_019862810.1_1164606_1165003
LOC112044504,NW_019862810.1,-,MXE_exon1,0.010684569,-0.02,1164606,1165107,NW_019862810.1_1164606_1165107
LOC112044504,NW_019862810.1,-,MXE_exon1,0.048669185,-0.008,1164606,1165107,NW_019862810.1_1164606_1165107
LOC112044504,NW_019862810.1,-,MXE_exon1,0.048669185,-0.008,1164606,1165211,NW_019862810.1_1164606_1165211
LOC112055996,NW_019863677.1,+,MXE_exon1,0.024125592,0.339,67909,68166,NW_019863677.1_67909_68166
LOC112055996,NW_019863677.1,+,MXE_exon1,0.001129025,0.423,67909,68166,NW_019863677.1_67909_68166
LOC112055996,NW_019863677.1,+,MXE_exon1,0.000613845,0.448,67909,68166,NW_019863677.1_67909_68166
LOC112055996,NW_019863677.1,+,MXE_exon1,0.01170871,0.374,67909,68166,NW_019863677.1_67909_68166
LOC112055996,NW_019863677.1,+,MXE_exon1,0.00938263,0.332,67909,68199,NW_019863677.1_67909_68199
LOC112055996,NW_019863677.1,+,MXE_exon1,0.00550339,0.344,67909,68199,NW_019863677.1_67909_68199
LOC112055996,NW_019863677.1,+,MXE_exon1,0.048382508,0.281,67909,68199,NW_019863677.1_67909_68199
LOC112055996,NW_019863677.1,+,MXE_exon1,0.010918577,0.306,67909,68199,NW_019863677.1_67909_68199
LOC112055996,NW_019863677.1,+,MXE_exon1,0.025459261,0.342,67909,68199,NW_019863677.1_67909_68199
LOC112052466,NW_019862759.1,+,MXE_exon1,0.014992776,-0.03,161273,161583,NW_019862759.1_161273_161583
LOC112050490,NW_019863025.1,+,MXE_exon1,0.000775185,0.094,185904,186218,NW_019863025.1_185904_186218
LOC112050490,NW_019863025.1,+,MXE_exon1,0.000692293,0.098,185904,186218,NW_019863025.1_185904_186218
LOC112053917,NW_019863295.1,-,MXE_exon1,2.24E-05,0.095,43739,44131,NW_019863295.1_43739_44131
LOC112053917,NW_019863295.1,-,MXE_exon1,6.28E-05,0.119,43739,44131,NW_019863295.1_43739_44131
LOC112048087,NW_019862916.1,-,MXE_exon1,0.022084283,0.265,148557,148765,NW_019862916.1_148557_148765
LOC112048087,NW_019862916.1,-,MXE_exon1,0.022014083,-0.094,148583,148839,NW_019862916.1_148583_148839
LOC112054561,NW_019863375.1,+,MXE_exon1,0.000332936,-0.492,166150,166589,NW_019863375.1_166150_166589
LOC112054561,NW_019863375.1,+,MXE_exon1,6.80E-06,-0.491,166150,166589,NW_019863375.1_166150_166589
LOC112054561,NW_019863375.1,+,MXE_exon1,0.031133994,-0.378,166150,166589,NW_019863375.1_166150_166589
LOC112054561,NW_019863375.1,+,MXE_exon1,0.043960192,-0.371,166150,166589,NW_019863375.1_166150_166589
LOC112054561,NW_019863375.1,+,MXE_exon1,0.000536056,-0.404,166150,166589,NW_019863375.1_166150_166589
LOC112054561,NW_019863375.1,+,MXE_exon1,0.005616218,-0.286,166150,166589,NW_019863375.1_166150_166589
LOC112054561,NW_019863375.1,+,MXE_exon1,0.015822733,-0.25,166150,166589,NW_019863375.1_166150_166589
LOC112054561,NW_019863375.1,+,MXE_exon1,0.000662368,-0.289,166150,166589,NW_019863375.1_166150_166589
LOC112054561,NW_019863375.1,+,MXE_exon1,0.002587483,-0.377,166150,166589,NW_019863375.1_166150_166589
LOC112054561,NW_019863375.1,+,MXE_exon1,1.73E-09,-0.69,166150,166589,NW_019863375.1_166150_166589
LOC112054561,NW_019863375.1,+,MXE_exon1,3.33E-09,-0.699,166150,166589,NW_019863375.1_166150_166589
LOC112054561,NW_019863375.1,+,MXE_exon1,0.004608836,-0.46,166180,166589,NW_019863375.1_166180_166589
LOC112054561,NW_019863375.1,+,MXE_exon1,5.30E-05,-0.489,166180,166589,NW_019863375.1_166180_166589
LOC112054561,NW_019863375.1,+,MXE_exon1,0.001877001,-0.432,166180,166589,NW_019863375.1_166180_166589
LOC112054561,NW_019863375.1,+,MXE_exon1,0.008846595,-0.272,166180,166589,NW_019863375.1_166180_166589
LOC112054561,NW_019863375.1,+,MXE_exon1,0.015124413,-0.25,166180,166589,NW_019863375.1_166180_166589
LOC112054561,NW_019863375.1,+,MXE_exon1,0.000799338,-0.287,166180,166589,NW_019863375.1_166180_166589
LOC112054561,NW_019863375.1,+,MXE_exon1,0.034696213,-0.341,166180,166589,NW_019863375.1_166180_166589
LOC112054561,NW_019863375.1,+,MXE_exon1,0.006345791,-0.402,166189,166589,NW_019863375.1_166189_166589
LOC112054561,NW_019863375.1,+,MXE_exon1,8.38E-05,-0.417,166189,166589,NW_019863375.1_166189_166589
LOC112054561,NW_019863375.1,+,MXE_exon1,0.002323355,-0.391,166189,166589,NW_019863375.1_166189_166589
LOC112054561,NW_019863375.1,+,MXE_exon1,0.010158604,-0.25,166189,166589,NW_019863375.1_166189_166589
LOC112054561,NW_019863375.1,+,MXE_exon1,0.015079058,-0.25,166189,166589,NW_019863375.1_166189_166589
LOC112054561,NW_019863375.1,+,MXE_exon1,0.000569024,-0.3,166189,166589,NW_019863375.1_166189_166589
LOC112054561,NW_019863375.1,+,MXE_exon1,0.014106686,-0.381,166189,166589,NW_019863375.1_166189_166589
LOC112054561,NW_019863375.1,+,MXE_exon1,0.029637378,-0.316,166189,166589,NW_019863375.1_166189_166589
LOC112054561,NW_019863375.1,+,MXE_exon1,0.000403787,-0.534,166201,166589,NW_019863375.1_166201_166589
LOC112054561,NW_019863375.1,+,MXE_exon1,5.46E-06,-0.575,166201,166589,NW_019863375.1_166201_166589
LOC112054561,NW_019863375.1,+,MXE_exon1,0.015454553,-0.43,166201,166589,NW_019863375.1_166201_166589
LOC112054561,NW_019863375.1,+,MXE_exon1,0.021546807,-0.443,166201,166589,NW_019863375.1_166201_166589
LOC112054561,NW_019863375.1,+,MXE_exon1,0.000499673,-0.478,166201,166589,NW_019863375.1_166201_166589
LOC112054561,NW_019863375.1,+,MXE_exon1,0.005161779,-0.286,166201,166589,NW_019863375.1_166201_166589
LOC112054561,NW_019863375.1,+,MXE_exon1,0.015079058,-0.25,166201,166589,NW_019863375.1_166201_166589
LOC112054561,NW_019863375.1,+,MXE_exon1,0.000422518,-0.308,166201,166589,NW_019863375.1_166201_166589
LOC112054561,NW_019863375.1,+,MXE_exon1,0.020131828,-0.422,166201,166589,NW_019863375.1_166201_166589
LOC112054561,NW_019863375.1,+,MXE_exon1,0.021086699,-0.347,166201,166589,NW_019863375.1_166201_166589
LOC112054561,NW_019863375.1,+,MXE_exon1,3.66E-07,-0.675,166201,166589,NW_019863375.1_166201_166589
LOC112054561,NW_019863375.1,+,MXE_exon1,1.22E-12,-0.75,166201,166589,NW_019863375.1_166201_166589
LOC112054561,NW_019863375.1,+,MXE_exon1,4.85E-07,-0.675,166201,166589,NW_019863375.1_166201_166589
LOC112054561,NW_019863375.1,+,MXE_exon1,1.67E-11,-0.694,166201,166589,NW_019863375.1_166201_166589
LOC112054561,NW_019863375.1,+,MXE_exon1,0.000745843,-0.561,166201,166589,NW_019863375.1_166201_166589
LOC112054561,NW_019863375.1,+,MXE_exon1,8.27E-05,-0.2,166232,166589,NW_019863375.1_166232_166589
LOC112054561,NW_019863375.1,+,MXE_exon1,8.78E-06,-0.169,166232,166589,NW_019863375.1_166232_166589
LOC112054561,NW_019863375.1,+,MXE_exon1,0.000107043,-0.165,166232,166589,NW_019863375.1_166232_166589
LOC112054561,NW_019863375.1,+,MXE_exon1,0.003329272,-0.157,166232,166589,NW_019863375.1_166232_166589
LOC112054561,NW_019863375.1,+,MXE_exon1,0.015437858,-0.249,166232,166589,NW_019863375.1_166232_166589
LOC112054561,NW_019863375.1,+,MXE_exon1,0.000602326,-0.289,166232,166589,NW_019863375.1_166232_166589
LOC112054561,NW_019863375.1,+,MXE_exon1,2.15E-05,-0.481,166232,166589,NW_019863375.1_166232_166589
LOC112054561,NW_019863375.1,+,MXE_exon1,5.22E-08,-0.64,166232,166589,NW_019863375.1_166232_166589
LOC112054561,NW_019863375.1,+,MXE_exon1,0.00407311,-0.263,166232,166589,NW_019863375.1_166232_166589
LOC112054561,NW_019863375.1,+,MXE_exon1,0.000139521,-0.417,166232,166589,NW_019863375.1_166232_166589
LOC112054561,NW_019863375.1,+,MXE_exon1,0.012919952,0.18,166232,166589,NW_019863375.1_166232_166589
LOC112054561,NW_019863375.1,+,MXE_exon1,1.63E-07,-0.395,166232,166589,NW_019863375.1_166232_166589
LOC112054561,NW_019863375.1,+,MXE_exon1,5.83E-05,-0.557,166232,166589,NW_019863375.1_166232_166589
LOC112054561,NW_019863375.1,+,MXE_exon1,0.002161691,-0.342,166232,166589,NW_019863375.1_166232_166589
LOC112054561,NW_019863375.1,+,MXE_exon1,1.55E-08,-0.555,166232,166589,NW_019863375.1_166232_166589
LOC112054561,NW_019863375.1,+,MXE_exon1,0.005467226,-0.471,166233,166589,NW_019863375.1_166233_166589
LOC112054561,NW_019863375.1,+,MXE_exon1,7.80E-05,-0.505,166233,166589,NW_019863375.1_166233_166589
LOC112054561,NW_019863375.1,+,MXE_exon1,0.001974449,-0.414,166233,166589,NW_019863375.1_166233_166589
LOC112054561,NW_019863375.1,+,MXE_exon1,0.005968618,-0.285,166233,166589,NW_019863375.1_166233_166589
LOC112054561,NW_019863375.1,+,MXE_exon1,0.015430218,-0.25,166233,166589,NW_019863375.1_166233_166589
LOC112054561,NW_019863375.1,+,MXE_exon1,0.001043371,-0.286,166233,166589,NW_019863375.1_166233_166589
LOC112054561,NW_019863375.1,+,MXE_exon1,0.002335622,-0.501,166236,166589,NW_019863375.1_166236_166589
LOC112054561,NW_019863375.1,+,MXE_exon1,2.91E-05,-0.553,166236,166589,NW_019863375.1_166236_166589
LOC112054561,NW_019863375.1,+,MXE_exon1,0.038567164,-0.407,166236,166589,NW_019863375.1_166236_166589
LOC112054561,NW_019863375.1,+,MXE_exon1,0.001062558,-0.453,166236,166589,NW_019863375.1_166236_166589
LOC112054561,NW_019863375.1,+,MXE_exon1,0.005347137,-0.286,166236,166589,NW_019863375.1_166236_166589
LOC112054561,NW_019863375.1,+,MXE_exon1,0.015079058,-0.25,166236,166589,NW_019863375.1_166236_166589
LOC112054561,NW_019863375.1,+,MXE_exon1,0.000759521,-0.289,166236,166589,NW_019863375.1_166236_166589
LOC112054561,NW_019863375.1,+,MXE_exon1,3.89E-08,-0.136,166279,166589,NW_019863375.1_166279_166589
LOC112054561,NW_019863375.1,+,MXE_exon1,1.68E-07,-0.104,166279,166589,NW_019863375.1_166279_166589
LOC112054561,NW_019863375.1,+,MXE_exon1,0.022084283,-0.094,166279,166589,NW_019863375.1_166279_166589
LOC112054561,NW_019863375.1,+,MXE_exon1,0.012080632,-0.11,166279,166589,NW_019863375.1_166279_166589
LOC112054561,NW_019863375.1,+,MXE_exon1,1.46E-06,-0.124,166279,166589,NW_019863375.1_166279_166589
LOC112054561,NW_019863375.1,+,MXE_exon1,0.00380805,-0.129,166279,166589,NW_019863375.1_166279_166589
LOC112054561,NW_019863375.1,+,MXE_exon1,0.015277276,-0.249,166279,166589,NW_019863375.1_166279_166589
LOC112054561,NW_019863375.1,+,MXE_exon1,0.00075242,-0.27,166279,166589,NW_019863375.1_166279_166589
LOC112054561,NW_019863375.1,+,MXE_exon1,1.80E-05,-0.43,166279,166589,NW_019863375.1_166279_166589
LOC112054561,NW_019863375.1,+,MXE_exon1,9.06E-12,-0.628,166279,166589,NW_019863375.1_166279_166589
LOC112054561,NW_019863375.1,+,MXE_exon1,0.003740055,-0.255,166279,166589,NW_019863375.1_166279_166589
LOC112054561,NW_019863375.1,+,MXE_exon1,8.17E-05,-0.326,166279,166589,NW_019863375.1_166279_166589
LOC112054561,NW_019863375.1,+,MXE_exon1,0.003580523,0.061,166279,166589,NW_019863375.1_166279_166589
LOC112054561,NW_019863375.1,+,MXE_exon1,3.61E-08,-0.275,166279,166589,NW_019863375.1_166279_166589
LOC112054561,NW_019863375.1,+,MXE_exon1,1.31E-07,-0.549,166279,166589,NW_019863375.1_166279_166589
LOC112054561,NW_019863375.1,+,MXE_exon1,0.000236804,-0.309,166279,166589,NW_019863375.1_166279_166589
LOC112054561,NW_019863375.1,+,MXE_exon1,3.08E-10,-0.422,166279,166589,NW_019863375.1_166279_166589
LOC112054561,NW_019863375.1,+,MXE_exon1,0.01390893,-0.064,166279,166589,NW_019863375.1_166279_166589
LOC112054561,NW_019863375.1,+,MXE_exon1,0.003963048,-0.503,166306,166589,NW_019863375.1_166306_166589
LOC112054561,NW_019863375.1,+,MXE_exon1,6.64E-05,-0.552,166306,166589,NW_019863375.1_166306_166589
LOC112054561,NW_019863375.1,+,MXE_exon1,0.001859616,-0.449,166306,166589,NW_019863375.1_166306_166589
LOC112054561,NW_019863375.1,+,MXE_exon1,0.006562704,-0.289,166306,166589,NW_019863375.1_166306_166589
LOC112054561,NW_019863375.1,+,MXE_exon1,0.015079058,-0.25,166306,166589,NW_019863375.1_166306_166589
LOC112054561,NW_019863375.1,+,MXE_exon1,0.000811214,-0.297,166306,166589,NW_019863375.1_166306_166589
LOC112054561,NW_019863375.1,+,MXE_exon1,0.002382321,-0.505,166345,166589,NW_019863375.1_166345_166589
LOC112054561,NW_019863375.1,+,MXE_exon1,3.40E-05,-0.559,166345,166589,NW_019863375.1_166345_166589
LOC112054561,NW_019863375.1,+,MXE_exon1,0.037612159,-0.431,166345,166589,NW_019863375.1_166345_166589
LOC112054561,NW_019863375.1,+,MXE_exon1,0.001315603,-0.44,166345,166589,NW_019863375.1_166345_166589
LOC112054561,NW_019863375.1,+,MXE_exon1,0.005525522,-0.297,166345,166589,NW_019863375.1_166345_166589
LOC112054561,NW_019863375.1,+,MXE_exon1,0.014419246,-0.25,166345,166589,NW_019863375.1_166345_166589
LOC112054561,NW_019863375.1,+,MXE_exon1,0.000439595,-0.316,166345,166589,NW_019863375.1_166345_166589
LOC112056355,NW_019863786.1,+,MXE_exon1,1.84E-09,0.192,33309,33643,NW_019863786.1_33309_33643
LOC112056355,NW_019863786.1,+,MXE_exon1,1.88E-07,0.279,33309,33740,NW_019863786.1_33309_33740
LOC112056355,NW_019863786.1,+,MXE_exon1,1.84E-07,0.279,33309,33865,NW_019863786.1_33309_33865
LOC112054235,NW_019863330.1,+,MXE_exon1,0.016444528,0.029,128361,128682,NW_019863330.1_128361_128682
LOC112054235,NW_019863330.1,+,MXE_exon1,0.022602471,0.063,128361,128682,NW_019863330.1_128361_128682
LOC112043675,NW_019862794.1,-,MXE_exon1,0.005835536,-0.053,1289077,1289293,NW_019862794.1_1289077_1289293
LOC112055155,NW_019863467.1,-,MXE_exon1,0.046721685,-0.242,105000,105295,NW_019863467.1_105000_105295
LOC112044245,NW_019862805.1,-,MXE_exon1,0.004529139,-0.023,1014174,1014714,NW_019862805.1_1014174_1014714
LOC112044245,NW_019862805.1,-,MXE_exon1,0.002763728,-0.061,1014174,1014714,NW_019862805.1_1014174_1014714
LOC112044245,NW_019862805.1,-,MXE_exon1,0.004529139,-0.023,1014207,1014714,NW_019862805.1_1014207_1014714
LOC112044245,NW_019862805.1,-,MXE_exon1,0.002763728,-0.061,1014207,1014714,NW_019862805.1_1014207_1014714
LOC112044245,NW_019862805.1,-,MXE_exon1,0.014336288,-0.149,1014434,1014714,NW_019862805.1_1014434_1014714
LOC112057549,NW_019866406.1,-,MXE_exon1,1.17E-05,-0.325,269,621,NW_019866406.1_269_621
LOC112057549,NW_019866406.1,-,MXE_exon1,5.77E-06,-0.153,285,621,NW_019866406.1_285_621
LOC112056072,NW_019863696.1,-,MXE_exon1,1.78E-09,-0.033,29378,29729,NW_019863696.1_29378_29729
LOC112056072,NW_019863696.1,-,MXE_exon1,5.64E-07,-0.018,29378,29729,NW_019863696.1_29378_29729
LOC112052870,NW_019863183.1,-,MXE_exon1,0,-0.408,113714,114034,NW_019863183.1_113714_114034
LOC112048533,NW_019862934.1,-,MXE_exon1,3.83E-05,-0.467,180523,180822,NW_019862934.1_180523_180822
LOC112051355,NW_019863077.1,-,MXE_exon1,2.37E-06,0.253,29361,29633,NW_019863077.1_29361_29633
LOC112051355,NW_019863077.1,-,MXE_exon1,1.70E-06,0.252,29361,29633,NW_019863077.1_29361_29633
LOC112051355,NW_019863077.1,-,MXE_exon1,0.000130002,0.398,29361,29633,NW_019863077.1_29361_29633
LOC112047476,NW_019862894.1,-,MXE_exon1,0.019682667,-0.258,1109324,1109677,NW_019862894.1_1109324_1109677
LOC112054795,NW_019863415.1,+,MXE_exon1,0.004313583,-0.181,120161,120378,NW_019863415.1_120161_120378
LOC112051386,NW_019863079.1,+,MXE_exon1,0.013424048,0.345,69567,69812,NW_019863079.1_69567_69812
LOC112051386,NW_019863079.1,+,MXE_exon1,0.014419246,0.343,69567,69812,NW_019863079.1_69567_69812
LOC112051386,NW_019863079.1,+,MXE_exon1,0.013842349,0.345,69567,69812,NW_019863079.1_69567_69812
LOC112051386,NW_019863079.1,+,MXE_exon1,0.013842349,0.345,69567,69812,NW_019863079.1_69567_69812
LOC112051386,NW_019863079.1,+,MXE_exon1,0.013842349,0.345,69567,69812,NW_019863079.1_69567_69812
LOC112054625,NW_019863386.1,-,MXE_exon1,0.009007442,0.08,44217,44619,NW_019863386.1_44217_44619
LOC112058407,NW_019862776.1,+,MXE_exon1,0.010962698,-0.017,482098,482531,NW_019862776.1_482098_482531
LOC112050705,NW_019863039.1,+,MXE_exon1,0.000762761,0.03,252818,253084,NW_019863039.1_252818_253084
LOC112050705,NW_019863039.1,+,MXE_exon1,0.008560674,0.046,252818,253173,NW_019863039.1_252818_253173
LOC112048859,NW_019862948.1,+,MXE_exon1,0.001145596,-0.02,153869,154225,NW_019862948.1_153869_154225
LOC112051648,NW_019863094.1,-,MXE_exon1,0.000372629,0.465,15576,15846,NW_019863094.1_15576_15846
LOC112051648,NW_019863094.1,-,MXE_exon1,0.000380227,0.463,15576,15846,NW_019863094.1_15576_15846
LOC112051648,NW_019863094.1,-,MXE_exon1,0.000236804,0.474,15582,15846,NW_019863094.1_15582_15846
LOC112051648,NW_019863094.1,-,MXE_exon1,0.000244042,0.471,15582,15846,NW_019863094.1_15582_15846
LOC112048047,NW_019862914.1,-,MXE_exon1,0.016018002,0.148,450721,451011,NW_019862914.1_450721_451011
LOC112045692,NW_019862838.1,+,MXE_exon1,0.024982117,-0.462,134651,134959,NW_019862838.1_134651_134959
LOC112057757,NW_019862766.1,+,MXE_exon1,0.00831606,0.017,165785,166063,NW_019862766.1_165785_166063
LOC112056791,NW_019862764.1,-,MXE_exon1,4.29E-05,0.036,146411,146695,NW_019862764.1_146411_146695
LOC112056791,NW_019862764.1,-,MXE_exon1,4.32E-07,0.109,146411,146695,NW_019862764.1_146411_146695
LOC112056791,NW_019862764.1,-,MXE_exon1,0.000407589,0.044,146411,146695,NW_019862764.1_146411_146695
LOC112056937,NW_019862764.1,+,MXE_exon1,0.03223593,-0.094,1062082,1062412,NW_019862764.1_1062082_1062412
LOC112056937,NW_019862764.1,+,MXE_exon1,0.032091011,-0.094,1062082,1062412,NW_019862764.1_1062082_1062412
LOC112052748,NW_019863172.1,+,MXE_exon1,0.001958257,0.142,261589,261854,NW_019863172.1_261589_261854
LOC112058156,NW_019862772.1,-,MXE_exon1,0.0196108,-0.25,1145428,1145742,NW_019862772.1_1145428_1145742
LOC112055427,NW_019863522.1,-,MXE_exon1,0.000120108,0.177,74793,75175,NW_019863522.1_74793_75175
LOC112055427,NW_019863522.1,-,MXE_exon1,1.41E-05,0.168,74889,75175,NW_019863522.1_74889_75175
LOC112055427,NW_019863522.1,-,MXE_exon1,0.003184195,0.156,74889,75175,NW_019863522.1_74889_75175
LOC112051756,NW_019863101.1,-,MXE_exon1,0.00085305,0.406,26825,27146,NW_019863101.1_26825_27146
LOC112053895,NW_019863292.1,-,MXE_exon1,0.010061642,0.282,32116,32581,NW_019863292.1_32116_32581
LOC112053895,NW_019863292.1,-,MXE_exon1,0.005711677,0.285,32259,32581,NW_019863292.1_32259_32581
LOC112053895,NW_019863292.1,-,MXE_exon1,0.008585436,0.069,32259,32581,NW_019863292.1_32259_32581
LOC112053886,NW_019863292.1,+,MXE_exon1,0.010918577,0.047,114925,115569,NW_019863292.1_114925_115569
LOC112053886,NW_019863292.1,+,MXE_exon1,3.72E-08,-0.058,125498,126139,NW_019863292.1_125498_126139
LOC112053886,NW_019863292.1,+,MXE_exon1,3.72E-08,-0.058,125502,126139,NW_019863292.1_125502_126139
LOC112053886,NW_019863292.1,+,MXE_exon1,3.72E-08,-0.058,125507,126139,NW_019863292.1_125507_126139
LOC112053886,NW_019863292.1,+,MXE_exon1,5.47E-08,-0.058,125510,126139,NW_019863292.1_125510_126139
LOC112053886,NW_019863292.1,+,MXE_exon1,2.67E-08,0.036,127035,127340,NW_019863292.1_127035_127340
LOC112045812,NW_019862841.1,+,MXE_exon1,5.44E-05,-0.429,283223,283688,NW_019862841.1_283223_283688
LOC112058419,NW_019862776.1,-,MXE_exon1,0.006507927,-0.017,774818,775431,NW_019862776.1_774818_775431
LOC112058419,NW_019862776.1,-,MXE_exon1,0.000613845,-0.016,775824,776150,NW_019862776.1_775824_776150
LOC112054150,NW_019863325.1,+,MXE_exon1,0,-0.701,251445,251810,NW_019863325.1_251445_251810
LOC112054150,NW_019863325.1,+,MXE_exon1,0.028945279,-0.455,298407,298729,NW_019863325.1_298407_298729
LOC112052373,NW_019862759.1,+,MXE_exon1,0.018978892,-0.118,2016659,2016943,NW_019862759.1_2016659_2016943
LOC112052373,NW_019862759.1,+,MXE_exon1,5.53E-08,0.112,2018833,2019090,NW_019862759.1_2018833_2019090
LOC112052373,NW_019862759.1,+,MXE_exon1,0.003519429,0.03,2018833,2019093,NW_019862759.1_2018833_2019093
LOC112052373,NW_019862759.1,+,MXE_exon1,0.026661799,0.077,2018833,2019093,NW_019862759.1_2018833_2019093
LOC112046267,NW_019862853.1,-,MXE_exon1,0.046930668,-0.062,843737,844145,NW_019862853.1_843737_844145
LOC112054900,NW_019863429.1,+,MXE_exon1,6.91E-10,0.684,83503,83766,NW_019863429.1_83503_83766
LOC112054900,NW_019863429.1,+,MXE_exon1,2.39E-13,0.526,83503,83766,NW_019863429.1_83503_83766
LOC112054900,NW_019863429.1,+,MXE_exon1,2.12E-06,0.207,83503,83766,NW_019863429.1_83503_83766
LOC112047003,NW_019862880.1,-,MXE_exon1,0.031242769,0.009,430440,430912,NW_019862880.1_430440_430912
LOC112049089,NW_019862958.1,+,MXE_exon1,8.36E-14,0.126,7148,7481,NW_019862958.1_7148_7481
LOC112049089,NW_019862958.1,+,MXE_exon1,0,0.076,7148,7481,NW_019862958.1_7148_7481
LOC112049089,NW_019862958.1,+,MXE_exon1,3.03E-14,0.126,7148,7481,NW_019862958.1_7148_7481
LOC112049089,NW_019862958.1,+,MXE_exon1,5.68E-14,0.13,7148,7481,NW_019862958.1_7148_7481
LOC112049089,NW_019862958.1,+,MXE_exon1,5.68E-14,0.13,7148,7481,NW_019862958.1_7148_7481
LOC112054484,NW_019863363.1,-,MXE_exon1,0.024145731,-0.088,23777,24166,NW_019863363.1_23777_24166
LOC112054484,NW_019863363.1,-,MXE_exon1,0.018700514,-0.091,23777,24166,NW_019863363.1_23777_24166
LOC112054126,NW_019863321.1,-,MXE_exon1,0.000589555,-0.079,120081,120477,NW_019863321.1_120081_120477
LOC112046714,NW_019862869.1,-,MXE_exon1,2.28E-08,0.31,203820,204218,NW_019862869.1_203820_204218
LOC112046714,NW_019862869.1,-,MXE_exon1,5.33E-07,0.028,203820,204290,NW_019862869.1_203820_204290
LOC112046714,NW_019862869.1,-,MXE_exon1,9.66E-08,0.023,203852,204218,NW_019862869.1_203852_204218
LOC112046714,NW_019862869.1,-,MXE_exon1,1.12E-07,0.023,203852,204221,NW_019862869.1_203852_204221
LOC112046714,NW_019862869.1,-,MXE_exon1,1.59E-07,0.022,203852,204286,NW_019862869.1_203852_204286
LOC112046714,NW_019862869.1,-,MXE_exon1,6.41E-05,0.287,203853,204218,NW_019862869.1_203853_204218
LOC112046714,NW_019862869.1,-,MXE_exon1,5.64E-07,0.028,203853,204290,NW_019862869.1_203853_204290
LOC112046714,NW_019862869.1,-,MXE_exon1,5.20E-07,0.028,203936,204290,NW_019862869.1_203936_204290
LOC112046740,NW_019862869.1,+,MXE_exon1,0.037874963,-0.069,344811,345196,NW_019862869.1_344811_345196
LOC112056170,NW_019863725.1,+,MXE_exon1,0.008545172,-0.124,15089,15385,NW_019863725.1_15089_15385
LOC112056170,NW_019863725.1,+,MXE_exon1,0.003733481,-0.044,15104,15385,NW_019863725.1_15104_15385
LOC112056170,NW_019863725.1,+,MXE_exon1,0,-0.318,16199,16622,NW_019863725.1_16199_16622
LOC112056170,NW_019863725.1,+,MXE_exon1,0,-0.373,16199,16622,NW_019863725.1_16199_16622
LOC112056170,NW_019863725.1,+,MXE_exon1,0,-0.373,16199,16622,NW_019863725.1_16199_16622
LOC112056170,NW_019863725.1,+,MXE_exon1,0,-0.179,16241,16622,NW_019863725.1_16241_16622
LOC112056170,NW_019863725.1,+,MXE_exon1,5.68E-14,-0.228,16241,16622,NW_019863725.1_16241_16622
LOC112056170,NW_019863725.1,+,MXE_exon1,5.68E-14,-0.228,16241,16622,NW_019863725.1_16241_16622
LOC112054431,NW_019863356.1,+,MXE_exon1,0.045938933,0.128,131096,131440,NW_019863356.1_131096_131440
LOC112055897,NW_019863653.1,+,MXE_exon1,1.42E-05,0.139,78352,78705,NW_019863653.1_78352_78705
LOC112055897,NW_019863653.1,+,MXE_exon1,0.000785521,0.26,79006,79450,NW_019863653.1_79006_79450
LOC112047355,NW_019862890.1,-,MXE_exon1,4.63E-08,0.153,330231,330511,NW_019862890.1_330231_330511
LOC112047355,NW_019862890.1,-,MXE_exon1,2.64E-10,0.242,330231,330880,NW_019862890.1_330231_330880
LOC112047355,NW_019862890.1,-,MXE_exon1,6.09E-08,0.152,330233,330511,NW_019862890.1_330233_330511
LOC112047355,NW_019862890.1,-,MXE_exon1,2.64E-10,0.242,330233,330880,NW_019862890.1_330233_330880
LOC112047355,NW_019862890.1,-,MXE_exon1,1.55E-08,0.159,330244,330511,NW_019862890.1_330244_330511
LOC112047355,NW_019862890.1,-,MXE_exon1,2.89E-10,0.241,330244,330880,NW_019862890.1_330244_330880
LOC112047355,NW_019862890.1,-,MXE_exon1,0.035181317,0.039,330527,330870,NW_019862890.1_330527_330870
LOC112047355,NW_019862890.1,-,MXE_exon1,0.02747031,0.04,330527,330877,NW_019862890.1_330527_330877
LOC112047355,NW_019862890.1,-,MXE_exon1,7.68E-09,0.235,330527,330880,NW_019862890.1_330527_330880
LOC112047254,NW_019862886.1,+,MXE_exon1,7.88E-07,-0.138,759659,759976,NW_019862886.1_759659_759976
LOC112055815,NW_019863623.1,-,MXE_exon1,0.002218474,0.122,12376,12749,NW_019863623.1_12376_12749
LOC112055815,NW_019863623.1,-,MXE_exon1,0.004751207,0.205,12376,12749,NW_019863623.1_12376_12749
LOC112055815,NW_019863623.1,-,MXE_exon1,0.014350307,0.188,12376,12749,NW_019863623.1_12376_12749
LOC112055815,NW_019863623.1,-,MXE_exon1,0.001075679,0.085,12376,12870,NW_019863623.1_12376_12870
LOC112055815,NW_019863623.1,-,MXE_exon1,0.003519429,0.162,12376,12870,NW_019863623.1_12376_12870
LOC112055815,NW_019863623.1,-,MXE_exon1,0.002218474,0.122,12376,12886,NW_019863623.1_12376_12886
LOC112055815,NW_019863623.1,-,MXE_exon1,0.004751207,0.205,12376,12886,NW_019863623.1_12376_12886
LOC112055815,NW_019863623.1,-,MXE_exon1,0.014350307,0.188,12376,12886,NW_019863623.1_12376_12886
LOC112055815,NW_019863623.1,-,MXE_exon1,0.002320926,0.177,12383,12870,NW_019863623.1_12383_12870
LOC112055815,NW_019863623.1,-,MXE_exon1,0.012377763,0.247,12383,12870,NW_019863623.1_12383_12870
LOC112055815,NW_019863623.1,-,MXE_exon1,0.035140443,0.228,12383,12870,NW_019863623.1_12383_12870
LOC112055815,NW_019863623.1,-,MXE_exon1,0.036679965,0.405,12750,13263,NW_019863623.1_12750_13263
LOC112055815,NW_019863623.1,-,MXE_exon1,0.007383047,0.253,12775,13263,NW_019863623.1_12775_13263
LOC112055815,NW_019863623.1,-,MXE_exon1,0.024855506,0.249,12775,13263,NW_019863623.1_12775_13263
LOC112055815,NW_019863623.1,-,MXE_exon1,0.0257814,0.268,12775,13273,NW_019863623.1_12775_13273
LOC112055815,NW_019863623.1,-,MXE_exon1,0.034696213,0.314,13531,14019,NW_019863623.1_13531_14019
LOC112055815,NW_019863623.1,-,MXE_exon1,0.002583499,0.337,13867,14352,NW_019863623.1_13867_14352
LOC112055815,NW_019863623.1,-,MXE_exon1,0.000455876,0.295,13867,14352,NW_019863623.1_13867_14352
LOC112055815,NW_019863623.1,-,MXE_exon1,0.001224904,0.268,13867,14352,NW_019863623.1_13867_14352
LOC112055815,NW_019863623.1,-,MXE_exon1,0.006400933,0.122,14226,14711,NW_019863623.1_14226_14711
LOC112055815,NW_019863623.1,-,MXE_exon1,0.008216337,0.44,15711,16378,NW_019863623.1_15711_16378
LOC112055815,NW_019863623.1,-,MXE_exon1,0.025355556,0.169,15711,16378,NW_019863623.1_15711_16378
LOC112055815,NW_019863623.1,-,MXE_exon1,0.037940424,0.153,15711,16378,NW_019863623.1_15711_16378
LOC112055815,NW_019863623.1,-,MXE_exon1,0.005168958,0.4,15893,16378,NW_019863623.1_15893_16378
LOC112055815,NW_019863623.1,-,MXE_exon1,0.000823238,0.326,15893,16378,NW_019863623.1_15893_16378
LOC112055815,NW_019863623.1,-,MXE_exon1,0.003825447,0.297,15893,16378,NW_019863623.1_15893_16378
LOC112055815,NW_019863623.1,-,MXE_exon1,0.017559833,0.395,15906,16378,NW_019863623.1_15906_16378
LOC112055815,NW_019863623.1,-,MXE_exon1,0.000286649,-0.431,16646,17131,NW_019863623.1_16646_17131
LOC112055815,NW_019863623.1,-,MXE_exon1,0.01211763,-0.127,16646,17131,NW_019863623.1_16646_17131
LOC112055815,NW_019863623.1,-,MXE_exon1,0.047236495,-0.145,16646,17131,NW_019863623.1_16646_17131
LOC112055815,NW_019863623.1,-,MXE_exon1,0.007339983,-0.089,16646,17131,NW_019863623.1_16646_17131
LOC112055815,NW_019863623.1,-,MXE_exon1,0.001506827,-0.238,16646,17131,NW_019863623.1_16646_17131
LOC112055815,NW_019863623.1,-,MXE_exon1,0.003674196,0.28,17135,17623,NW_019863623.1_17135_17623
LOC112055815,NW_019863623.1,-,MXE_exon1,0.02355808,-0.259,17982,18470,NW_019863623.1_17982_18470
LOC112055815,NW_019863623.1,-,MXE_exon1,0.032523615,-0.242,18772,19266,NW_019863623.1_18772_19266
LOC112055815,NW_019863623.1,-,MXE_exon1,0.042999935,-0.446,25207,25880,NW_019863623.1_25207_25880
LOC112055815,NW_019863623.1,-,MXE_exon1,0.00550954,-0.509,25207,25880,NW_019863623.1_25207_25880
LOC112055815,NW_019863623.1,-,MXE_exon1,0.015823568,0.229,25207,25880,NW_019863623.1_25207_25880
LOC112055815,NW_019863623.1,-,MXE_exon1,0.000337466,-0.575,25207,25880,NW_019863623.1_25207_25880
LOC112055815,NW_019863623.1,-,MXE_exon1,0.035939324,-0.373,25207,25880,NW_019863623.1_25207_25880
LOC112055815,NW_019863623.1,-,MXE_exon1,0.049315292,-0.379,25207,25880,NW_019863623.1_25207_25880
LOC112055815,NW_019863623.1,-,MXE_exon1,0.011905459,-0.388,25207,25880,NW_019863623.1_25207_25880
LOC112055815,NW_019863623.1,-,MXE_exon1,1.38E-05,-0.559,25207,25880,NW_019863623.1_25207_25880
LOC112055815,NW_019863623.1,-,MXE_exon1,0.00701825,-0.161,25565,25880,NW_019863623.1_25565_25880
LOC112055815,NW_019863623.1,-,MXE_exon1,0.014546878,0.092,25565,25880,NW_019863623.1_25565_25880
LOC112055815,NW_019863623.1,-,MXE_exon1,0.0007706,-0.171,25565,25880,NW_019863623.1_25565_25880
LOC112055815,NW_019863623.1,-,MXE_exon1,0.008185653,0.121,25565,25880,NW_019863623.1_25565_25880
LOC112055815,NW_019863623.1,-,MXE_exon1,0.00093462,-0.169,25565,25880,NW_019863623.1_25565_25880
LOC112055815,NW_019863623.1,-,MXE_exon1,0.02992246,-0.196,25565,25880,NW_019863623.1_25565_25880
LOC112055815,NW_019863623.1,-,MXE_exon1,0.026864188,-0.187,25565,25880,NW_019863623.1_25565_25880
LOC112055815,NW_019863623.1,-,MXE_exon1,0.011655722,0.114,25565,25880,NW_019863623.1_25565_25880
LOC112055815,NW_019863623.1,-,MXE_exon1,0.000652546,-0.178,25565,25880,NW_019863623.1_25565_25880
LOC112055815,NW_019863623.1,-,MXE_exon1,0.015944278,-0.168,25565,25880,NW_019863623.1_25565_25880
LOC112055815,NW_019863623.1,-,MXE_exon1,4.83E-05,-0.227,25565,25880,NW_019863623.1_25565_25880
LOC112055815,NW_019863623.1,-,MXE_exon1,0.026156544,-0.194,25565,25880,NW_019863623.1_25565_25880
LOC112055815,NW_019863623.1,-,MXE_exon1,0.021071341,-0.203,25565,25880,NW_019863623.1_25565_25880
LOC112055815,NW_019863623.1,-,MXE_exon1,0.044841242,-0.213,25565,25880,NW_019863623.1_25565_25880
LOC112055815,NW_019863623.1,-,MXE_exon1,0.000705237,-0.197,25565,25880,NW_019863623.1_25565_25880
LOC112055815,NW_019863623.1,-,MXE_exon1,1.18E-06,-0.263,25565,25880,NW_019863623.1_25565_25880
LOC112055815,NW_019863623.1,-,MXE_exon1,0.006583023,-0.189,25565,26100,NW_019863623.1_25565_26100
LOC112055815,NW_019863623.1,-,MXE_exon1,0.01707631,0.1,25565,26100,NW_019863623.1_25565_26100
LOC112055815,NW_019863623.1,-,MXE_exon1,0.00083537,-0.187,25565,26100,NW_019863623.1_25565_26100
LOC112055815,NW_019863623.1,-,MXE_exon1,0.00900005,0.13,25565,26100,NW_019863623.1_25565_26100
LOC112055815,NW_019863623.1,-,MXE_exon1,0.01186113,0.124,25565,26100,NW_019863623.1_25565_26100
LOC112055815,NW_019863623.1,-,MXE_exon1,0.004946727,-0.182,25565,26100,NW_019863623.1_25565_26100
LOC112055815,NW_019863623.1,-,MXE_exon1,0.000240237,-0.23,25565,26100,NW_019863623.1_25565_26100
LOC112055815,NW_019863623.1,-,MXE_exon1,0.00701825,-0.192,25565,26100,NW_019863623.1_25565_26100
LOC112055815,NW_019863623.1,-,MXE_exon1,7.30E-06,-0.27,25565,26100,NW_019863623.1_25565_26100
LOC112055815,NW_019863623.1,-,MXE_exon1,0.013842349,-0.347,26193,26526,NW_019863623.1_26193_26526
LOC112055815,NW_019863623.1,-,MXE_exon1,0.00069433,0.369,26193,26678,NW_019863623.1_26193_26678
LOC112055815,NW_019863623.1,-,MXE_exon1,0.008134692,-0.505,26193,26678,NW_019863623.1_26193_26678
LOC112055815,NW_019863623.1,-,MXE_exon1,0.010252431,-0.39,26193,26678,NW_019863623.1_26193_26678
LOC112055815,NW_019863623.1,-,MXE_exon1,0.028285951,0.514,26357,26678,NW_019863623.1_26357_26678
LOC112055815,NW_019863623.1,-,MXE_exon1,0.019682667,0.555,26357,26678,NW_019863623.1_26357_26678
LOC112055815,NW_019863623.1,-,MXE_exon1,0.003507677,0.559,26357,26678,NW_019863623.1_26357_26678
LOC112055815,NW_019863623.1,-,MXE_exon1,7.55E-05,0.641,26357,26920,NW_019863623.1_26357_26920
LOC112055815,NW_019863623.1,-,MXE_exon1,0.048611741,0.338,26357,26920,NW_019863623.1_26357_26920
LOC112055815,NW_019863623.1,-,MXE_exon1,0.003482668,0.561,26357,26920,NW_019863623.1_26357_26920
LOC112055815,NW_019863623.1,-,MXE_exon1,0.046930668,0.367,26357,26920,NW_019863623.1_26357_26920
LOC112055815,NW_019863623.1,-,MXE_exon1,0.002088988,0.6,26357,26920,NW_019863623.1_26357_26920
LOC112055815,NW_019863623.1,-,MXE_exon1,0.014992776,0.53,26357,26920,NW_019863623.1_26357_26920
LOC112055815,NW_019863623.1,-,MXE_exon1,0.037376505,0.452,26357,26920,NW_019863623.1_26357_26920
LOC112055815,NW_019863623.1,-,MXE_exon1,0.014409893,0.423,26357,26920,NW_019863623.1_26357_26920
LOC112055815,NW_019863623.1,-,MXE_exon1,0.01462016,0.461,26357,26920,NW_019863623.1_26357_26920
LOC112055815,NW_019863623.1,-,MXE_exon1,0.041191121,0.503,26357,26920,NW_019863623.1_26357_26920
LOC112055815,NW_019863623.1,-,MXE_exon1,0.001241593,0.642,26357,26920,NW_019863623.1_26357_26920
LOC112055815,NW_019863623.1,-,MXE_exon1,0.000138492,0.621,26357,26920,NW_019863623.1_26357_26920
LOC112055815,NW_019863623.1,-,MXE_exon1,0.031830675,0.39,26357,26920,NW_019863623.1_26357_26920
LOC112055815,NW_019863623.1,-,MXE_exon1,0.044089854,0.33,26357,26920,NW_019863623.1_26357_26920
LOC112055815,NW_019863623.1,-,MXE_exon1,0.000966054,0.372,26596,26920,NW_019863623.1_26596_26920
LOC112055815,NW_019863623.1,-,MXE_exon1,7.08E-06,0.403,26596,26920,NW_019863623.1_26596_26920
LOC112055815,NW_019863623.1,-,MXE_exon1,0.039334457,0.412,26596,26920,NW_019863623.1_26596_26920
LOC112055815,NW_019863623.1,-,MXE_exon1,0.005525522,0.386,26596,26920,NW_019863623.1_26596_26920
LOC112055815,NW_019863623.1,-,MXE_exon1,0.000169088,0.38,26596,27094,NW_019863623.1_26596_27094
LOC112055815,NW_019863623.1,-,MXE_exon1,0.03314033,0.327,26596,27094,NW_019863623.1_26596_27094
LOC112055815,NW_019863623.1,-,MXE_exon1,0.039280951,-0.334,26596,27094,NW_019863623.1_26596_27094
LOC112055815,NW_019863623.1,-,MXE_exon1,0.000216832,0.377,26596,27096,NW_019863623.1_26596_27096
LOC112055815,NW_019863623.1,-,MXE_exon1,0.031133994,0.328,26596,27096,NW_019863623.1_26596_27096
LOC112055815,NW_019863623.1,-,MXE_exon1,0.013171857,-0.318,26596,27096,NW_019863623.1_26596_27096
LOC112055815,NW_019863623.1,-,MXE_exon1,0.001457292,0.377,26596,27283,NW_019863623.1_26596_27283
LOC112055815,NW_019863623.1,-,MXE_exon1,0.000834213,0.287,26596,27283,NW_019863623.1_26596_27283
LOC112055815,NW_019863623.1,-,MXE_exon1,0.027691382,-0.412,26596,27283,NW_019863623.1_26596_27283
LOC112055815,NW_019863623.1,-,MXE_exon1,0.00680419,-0.407,26596,27283,NW_019863623.1_26596_27283
LOC112055815,NW_019863623.1,-,MXE_exon1,0.003296911,0.274,26772,27096,NW_019863623.1_26772_27096
LOC112055815,NW_019863623.1,-,MXE_exon1,0.015777093,-0.403,26772,27096,NW_019863623.1_26772_27096
LOC112055815,NW_019863623.1,-,MXE_exon1,0.001325064,-0.453,26772,27096,NW_019863623.1_26772_27096
LOC112055815,NW_019863623.1,-,MXE_exon1,0.034805696,-0.385,26772,27283,NW_019863623.1_26772_27283
LOC112055815,NW_019863623.1,-,MXE_exon1,0.000498262,-0.586,26772,27283,NW_019863623.1_26772_27283
LOC112055815,NW_019863623.1,-,MXE_exon1,0.01960827,-0.441,26772,27283,NW_019863623.1_26772_27283
LOC112055815,NW_019863623.1,-,MXE_exon1,0.017490391,-0.461,26772,27283,NW_019863623.1_26772_27283
LOC112055815,NW_019863623.1,-,MXE_exon1,0.013171857,-0.297,26772,27283,NW_019863623.1_26772_27283
LOC112055815,NW_019863623.1,-,MXE_exon1,0.003150076,-0.458,26772,27283,NW_019863623.1_26772_27283
LOC112055815,NW_019863623.1,-,MXE_exon1,3.97E-05,-0.564,26772,27283,NW_019863623.1_26772_27283
LOC112055815,NW_019863623.1,-,MXE_exon1,0.005407058,-0.567,26959,27283,NW_019863623.1_26959_27283
LOC112055815,NW_019863623.1,-,MXE_exon1,0.034652146,-0.404,26959,27283,NW_019863623.1_26959_27283
LOC112055815,NW_019863623.1,-,MXE_exon1,0.001315603,-0.507,26959,27283,NW_019863623.1_26959_27283
LOC112055815,NW_019863623.1,-,MXE_exon1,0.001648548,0.274,26959,27580,NW_019863623.1_26959_27580
LOC112055815,NW_019863623.1,-,MXE_exon1,0.040499443,-0.5,26959,27580,NW_019863623.1_26959_27580
LOC112055815,NW_019863623.1,-,MXE_exon1,0.026204171,-0.396,26959,27580,NW_019863623.1_26959_27580
LOC112055815,NW_019863623.1,-,MXE_exon1,0.023342949,0.364,27256,27580,NW_019863623.1_27256_27580
LOC112055815,NW_019863623.1,-,MXE_exon1,0.016797953,0.385,27256,27580,NW_019863623.1_27256_27580
LOC112055815,NW_019863623.1,-,MXE_exon1,0.007496319,-0.458,27256,27741,NW_019863623.1_27256_27741
LOC112055815,NW_019863623.1,-,MXE_exon1,0.013959056,-0.348,27256,27741,NW_019863623.1_27256_27741
LOC112055815,NW_019863623.1,-,MXE_exon1,0.001530985,-0.406,27417,27741,NW_019863623.1_27417_27741
LOC112055815,NW_019863623.1,-,MXE_exon1,0.036608796,-0.161,27417,27741,NW_019863623.1_27417_27741
LOC112055815,NW_019863623.1,-,MXE_exon1,0.000190237,-0.533,27417,27741,NW_019863623.1_27417_27741
LOC112055815,NW_019863623.1,-,MXE_exon1,0.000388745,-0.54,27417,27741,NW_019863623.1_27417_27741
LOC112055815,NW_019863623.1,-,MXE_exon1,8.52E-05,-0.484,27417,27741,NW_019863623.1_27417_27741
LOC112055815,NW_019863623.1,-,MXE_exon1,0.000178729,-0.48,27417,27741,NW_019863623.1_27417_27741
LOC112055815,NW_019863623.1,-,MXE_exon1,0.027004485,-0.187,27417,27741,NW_019863623.1_27417_27741
LOC112055815,NW_019863623.1,-,MXE_exon1,0.025318718,-0.209,27417,27741,NW_019863623.1_27417_27741
LOC112055815,NW_019863623.1,-,MXE_exon1,0.000683305,-0.329,27417,27741,NW_019863623.1_27417_27741
LOC112055815,NW_019863623.1,-,MXE_exon1,0.004043362,-0.279,27417,27741,NW_019863623.1_27417_27741
LOC112055815,NW_019863623.1,-,MXE_exon1,0.003922133,-0.304,27417,27741,NW_019863623.1_27417_27741
LOC112055815,NW_019863623.1,-,MXE_exon1,0.001614637,-0.25,27417,27741,NW_019863623.1_27417_27741
LOC112055815,NW_019863623.1,-,MXE_exon1,0.008986012,-0.463,27584,28258,NW_019863623.1_27584_28258
LOC112055815,NW_019863623.1,-,MXE_exon1,0.008043813,-0.382,27584,28258,NW_019863623.1_27584_28258
LOC112055815,NW_019863623.1,-,MXE_exon1,0.002598088,-0.546,27756,28258,NW_019863623.1_27756_28258
LOC112055815,NW_019863623.1,-,MXE_exon1,0.000804055,-0.473,27756,28258,NW_019863623.1_27756_28258
LOC112055815,NW_019863623.1,-,MXE_exon1,0.026692511,-0.352,27934,28258,NW_019863623.1_27934_28258
LOC112055815,NW_019863623.1,-,MXE_exon1,0.027737038,-0.484,28093,28706,NW_019863623.1_28093_28706
LOC112055815,NW_019863623.1,-,MXE_exon1,0.006495533,-0.474,28093,28706,NW_019863623.1_28093_28706
LOC112055815,NW_019863623.1,-,MXE_exon1,0.031005344,-0.387,28382,28706,NW_019863623.1_28382_28706
LOC112055815,NW_019863623.1,-,MXE_exon1,0.010136383,-0.493,28382,29054,NW_019863623.1_28382_29054
LOC112055815,NW_019863623.1,-,MXE_exon1,0.003216844,-0.445,28382,29054,NW_019863623.1_28382_29054
LOC112055815,NW_019863623.1,-,MXE_exon1,0.002190919,-0.589,28566,29224,NW_019863623.1_28566_29224
LOC112055815,NW_019863623.1,-,MXE_exon1,0.006142611,-0.439,28566,29224,NW_019863623.1_28566_29224
LOC112055815,NW_019863623.1,-,MXE_exon1,0.026432817,-0.437,29289,29610,NW_019863623.1_29289_29610
LOC112055815,NW_019863623.1,-,MXE_exon1,0.030063929,-0.445,29289,29610,NW_019863623.1_29289_29610
LOC112055815,NW_019863623.1,-,MXE_exon1,0.041620695,-0.352,29289,29610,NW_019863623.1_29289_29610
LOC112055815,NW_019863623.1,-,MXE_exon1,0.002583499,-0.493,29289,29610,NW_019863623.1_29289_29610
LOC112055815,NW_019863623.1,-,MXE_exon1,4.41E-06,-0.668,29289,29951,NW_019863623.1_29289_29951
LOC112055815,NW_019863623.1,-,MXE_exon1,0.00407311,-0.449,29289,29951,NW_019863623.1_29289_29951
LOC112055815,NW_019863623.1,-,MXE_exon1,0.013206043,-0.41,29289,29951,NW_019863623.1_29289_29951
LOC112055815,NW_019863623.1,-,MXE_exon1,0.005471127,-0.449,29289,29951,NW_019863623.1_29289_29951
LOC112055815,NW_019863623.1,-,MXE_exon1,0.004939177,-0.332,29289,29951,NW_019863623.1_29289_29951
LOC112055815,NW_019863623.1,-,MXE_exon1,0.000169657,-0.462,29289,29951,NW_019863623.1_29289_29951
LOC112055815,NW_019863623.1,-,MXE_exon1,1.41E-06,-0.595,29289,29951,NW_019863623.1_29289_29951
LOC112055815,NW_019863623.1,-,MXE_exon1,0.009697923,-0.345,29289,29951,NW_019863623.1_29289_29951
LOC112055815,NW_019863623.1,-,MXE_exon1,0.043626691,0.459,29800,30124,NW_019863623.1_29800_30124
LOC112055815,NW_019863623.1,-,MXE_exon1,0.017896329,0.427,29800,30124,NW_019863623.1_29800_30124
LOC112055815,NW_019863623.1,-,MXE_exon1,0.009627035,0.441,29800,30124,NW_019863623.1_29800_30124
LOC112055815,NW_019863623.1,-,MXE_exon1,0.014311164,0.364,29800,30124,NW_019863623.1_29800_30124
LOC112055815,NW_019863623.1,-,MXE_exon1,0.00154216,0.376,29800,30124,NW_019863623.1_29800_30124
LOC112055815,NW_019863623.1,-,MXE_exon1,0.016372451,-0.461,30350,30674,NW_019863623.1_30350_30674
LOC112055815,NW_019863623.1,-,MXE_exon1,0.00130346,0.445,30546,30870,NW_019863623.1_30546_30870
LOC112055815,NW_019863623.1,-,MXE_exon1,0.000710477,0.417,30546,30870,NW_019863623.1_30546_30870
LOC112055815,NW_019863623.1,-,MXE_exon1,0.000530893,0.381,30546,30870,NW_019863623.1_30546_30870
LOC112055815,NW_019863623.1,-,MXE_exon1,0.0020533,0.134,32462,32842,NW_019863623.1_32462_32842
LOC112055815,NW_019863623.1,-,MXE_exon1,0.002218474,0.217,32814,33191,NW_019863623.1_32814_33191
LOC112055815,NW_019863623.1,-,MXE_exon1,0.015015613,0.335,32814,33499,NW_019863623.1_32814_33499
LOC112055815,NW_019863623.1,-,MXE_exon1,0.00101969,0.373,32814,33499,NW_019863623.1_32814_33499
LOC112055815,NW_019863623.1,-,MXE_exon1,0.001220863,0.307,32814,33499,NW_019863623.1_32814_33499
LOC112055815,NW_019863623.1,-,MXE_exon1,0.036797979,0.331,33119,33499,NW_019863623.1_33119_33499
LOC112055815,NW_019863623.1,-,MXE_exon1,0.003311498,0.365,33119,33499,NW_019863623.1_33119_33499
LOC112055815,NW_019863623.1,-,MXE_exon1,0.0017087,0.317,33119,33499,NW_019863623.1_33119_33499
LOC112055815,NW_019863623.1,-,MXE_exon1,0.009736235,0.307,33119,33771,NW_019863623.1_33119_33771
LOC112055815,NW_019863623.1,-,MXE_exon1,0.000499673,0.285,33119,33771,NW_019863623.1_33119_33771
LOC112055815,NW_019863623.1,-,MXE_exon1,0.005762536,0.212,33391,33771,NW_019863623.1_33391_33771
LOC112055815,NW_019863623.1,-,MXE_exon1,0.015985204,0.293,33391,34033,NW_019863623.1_33391_34033
LOC112055815,NW_019863623.1,-,MXE_exon1,0.001018183,0.241,33391,34033,NW_019863623.1_33391_34033
LOC112055815,NW_019863623.1,-,MXE_exon1,0.000466797,0.259,33656,34033,NW_019863623.1_33656_34033
LOC112055815,NW_019863623.1,-,MXE_exon1,0.001757088,0.181,33656,34303,NW_019863623.1_33656_34303
LOC112055815,NW_019863623.1,-,MXE_exon1,0.023405302,0.139,33923,34303,NW_019863623.1_33923_34303
LOC112055815,NW_019863623.1,-,MXE_exon1,0.002937627,0.247,33923,34568,NW_019863623.1_33923_34568
LOC112055815,NW_019863623.1,-,MXE_exon1,0.005766036,0.295,34206,34568,NW_019863623.1_34206_34568
LOC112055815,NW_019863623.1,-,MXE_exon1,0.02304139,0.283,34206,34838,NW_019863623.1_34206_34838
LOC112055815,NW_019863623.1,-,MXE_exon1,0.001774416,0.261,34461,35108,NW_019863623.1_34461_35108
LOC112055815,NW_019863623.1,-,MXE_exon1,0.002583499,0.278,34737,35108,NW_019863623.1_34737_35108
LOC112055815,NW_019863623.1,-,MXE_exon1,0.008230728,0.342,34737,35335,NW_019863623.1_34737_35335
LOC112055815,NW_019863623.1,-,MXE_exon1,0.001986062,0.367,34973,35335,NW_019863623.1_34973_35335
LOC112055815,NW_019863623.1,-,MXE_exon1,0.016788802,0.305,34973,35591,NW_019863623.1_34973_35591
LOC112055815,NW_019863623.1,-,MXE_exon1,0.00085305,0.279,34973,35591,NW_019863623.1_34973_35591
LOC112055815,NW_019863623.1,-,MXE_exon1,0.000634095,0.274,35220,35591,NW_019863623.1_35220_35591
LOC112055815,NW_019863623.1,-,MXE_exon1,0.004921055,0.314,35220,35866,NW_019863623.1_35220_35866
LOC112055815,NW_019863623.1,-,MXE_exon1,0.02520976,0.141,35504,35866,NW_019863623.1_35504_35866
LOC112055815,NW_019863623.1,-,MXE_exon1,0.002583499,-0.241,35803,36432,NW_019863623.1_35803_36432
LOC112055815,NW_019863623.1,-,MXE_exon1,0.000189326,-0.179,35803,36432,NW_019863623.1_35803_36432
LOC112052571,NW_019863159.1,-,MXE_exon1,0.000437886,0.093,41304,41558,NW_019863159.1_41304_41558
LOC112048221,NW_019862921.1,+,MXE_exon1,0.002310761,0.008,362551,362870,NW_019862921.1_362551_362870
LOC112044745,NW_019862817.1,+,MXE_exon1,0.016623399,0.189,1016226,1016519,NW_019862817.1_1016226_1016519
LOC112055175,NW_019863471.1,-,MXE_exon1,3.36E-09,-0.029,134269,134558,NW_019863471.1_134269_134558
LOC112054785,NW_019863411.1,+,MXE_exon1,2.06E-09,-0.523,42983,43286,NW_019863411.1_42983_43286
LOC112054785,NW_019863411.1,+,MXE_exon1,2.91E-09,-0.522,42983,43286,NW_019863411.1_42983_43286
LOC112054785,NW_019863411.1,+,MXE_exon1,1.16E-09,-0.555,42983,43385,NW_019863411.1_42983_43385
LOC112054785,NW_019863411.1,+,MXE_exon1,1.30E-09,-0.553,42983,43385,NW_019863411.1_42983_43385
LOC112054785,NW_019863411.1,+,MXE_exon1,2.59E-08,-0.549,42998,43286,NW_019863411.1_42998_43286
LOC112054785,NW_019863411.1,+,MXE_exon1,2.26E-08,-0.546,42998,43286,NW_019863411.1_42998_43286
LOC112054785,NW_019863411.1,+,MXE_exon1,1.40E-08,-0.56,43001,43286,NW_019863411.1_43001_43286
LOC112054785,NW_019863411.1,+,MXE_exon1,1.19E-08,-0.557,43001,43286,NW_019863411.1_43001_43286
LOC112052608,NW_019862759.1,-,MXE_exon1,0.000735345,-0.035,369637,369882,NW_019862759.1_369637_369882
LOC112052608,NW_019862759.1,-,MXE_exon1,0.000245364,-0.038,369637,369882,NW_019862759.1_369637_369882
LOC112052608,NW_019862759.1,-,MXE_exon1,0.035722357,-0.015,369637,370053,NW_019862759.1_369637_370053
LOC112052608,NW_019862759.1,-,MXE_exon1,0.001629087,-0.017,369637,370053,NW_019862759.1_369637_370053
LOC112052608,NW_019862759.1,-,MXE_exon1,0,-0.115,378086,378361,NW_019862759.1_378086_378361
LOC112052608,NW_019862759.1,-,MXE_exon1,0,0.093,378644,378982,NW_019862759.1_378644_378982
LOC112052647,NW_019862759.1,-,MXE_exon1,0.019460443,0.239,521280,521584,NW_019862759.1_521280_521584
LOC112042930,NW_019862782.1,-,MXE_exon1,0.013803453,-0.024,1115743,1116227,NW_019862782.1_1115743_1116227
LOC112055679,NW_019863585.1,-,MXE_exon1,0,-0.628,35400,35720,NW_019863585.1_35400_35720
LOC112046205,NW_019862850.1,+,MXE_exon1,0,-0.177,370836,371185,NW_019862850.1_370836_371185
LOC112046205,NW_019862850.1,+,MXE_exon1,0,-0.212,370836,371346,NW_019862850.1_370836_371346
LOC112046205,NW_019862850.1,+,MXE_exon1,0,-0.614,370848,371185,NW_019862850.1_370848_371185
LOC112053327,NW_019863229.1,-,MXE_exon1,2.99E-05,-0.095,83673,83966,NW_019863229.1_83673_83966
LOC112053327,NW_019863229.1,-,MXE_exon1,0.012080632,-0.086,83673,83966,NW_019863229.1_83673_83966
LOC112053327,NW_019863229.1,-,MXE_exon1,0.012080632,-0.086,83673,83966,NW_019863229.1_83673_83966
LOC112053327,NW_019863229.1,-,MXE_exon1,0.012080632,-0.086,83673,83966,NW_019863229.1_83673_83966
LOC112053327,NW_019863229.1,-,MXE_exon1,0.012080632,-0.086,83673,83966,NW_019863229.1_83673_83966
LOC112053327,NW_019863229.1,-,MXE_exon1,2.82E-05,-0.095,83673,83966,NW_019863229.1_83673_83966
LOC112053327,NW_019863229.1,-,MXE_exon1,2.91E-05,-0.095,83673,83966,NW_019863229.1_83673_83966
LOC112043851,NW_019862799.1,+,MXE_exon1,0.035305007,0.095,888203,888617,NW_019862799.1_888203_888617
LOC112058144,NW_019862772.1,-,MXE_exon1,0.000627494,-0.027,283746,284323,NW_019862772.1_283746_284323
LOC112048366,NW_019862927.1,+,MXE_exon1,5.64E-10,-0.547,161640,161996,NW_019862927.1_161640_161996
LOC112052130,NW_019863128.1,-,MXE_exon1,7.53E-07,0.32,230839,231119,NW_019863128.1_230839_231119
LOC112052130,NW_019863128.1,-,MXE_exon1,1.42E-11,-0.67,247684,247944,NW_019863128.1_247684_247944
LOC112050069,NW_019863004.1,-,MXE_exon1,2.56E-10,-0.188,134610,134935,NW_019863004.1_134610_134935
LOC112050069,NW_019863004.1,-,MXE_exon1,0,-0.082,134610,134935,NW_019863004.1_134610_134935
LOC112050069,NW_019863004.1,-,MXE_exon1,3.03E-14,-0.152,134610,134935,NW_019863004.1_134610_134935
LOC112054350,NW_019863349.1,+,MXE_exon1,3.76E-07,-0.081,187555,187894,NW_019863349.1_187555_187894
LOC112054350,NW_019863349.1,+,MXE_exon1,3.64E-07,0.056,188055,188423,NW_019863349.1_188055_188423
LOC112043925,NW_019862800.1,+,MXE_exon1,0.000995514,-0.215,525124,525529,NW_019862800.1_525124_525529
LOC112043925,NW_019862800.1,+,MXE_exon1,0.000842217,-0.216,525124,525658,NW_019862800.1_525124_525658
LOC112055983,NW_019863673.1,+,MXE_exon1,0.048382508,0.117,39851,40213,NW_019863673.1_39851_40213
LOC112043568,NW_019862792.1,+,MXE_exon1,1.47E-07,0.035,837606,838177,NW_019862792.1_837606_838177
LOC112043568,NW_019862792.1,+,MXE_exon1,2.78E-07,0.034,837621,838177,NW_019862792.1_837621_838177
LOC112043568,NW_019862792.1,+,MXE_exon1,1.47E-07,0.035,837632,838177,NW_019862792.1_837632_838177
LOC112051472,NW_019863084.1,+,MXE_exon1,2.55E-05,-0.103,157692,158274,NW_019863084.1_157692_158274
LOC112048138,NW_019862918.1,+,MXE_exon1,4.71E-05,-0.564,441886,442203,NW_019862918.1_441886_442203
LOC112047533,NW_019862896.1,+,MXE_exon1,0.002466792,0.129,346452,346815,NW_019862896.1_346452_346815
LOC112054391,NW_019863354.1,-,MXE_exon1,0.000536056,0.226,182777,183108,NW_019863354.1_182777_183108
LOC112048149,NW_019862918.1,+,MXE_exon1,0.00815502,0.069,459028,459548,NW_019862918.1_459028_459548
LOC112048149,NW_019862918.1,+,MXE_exon1,0.000582591,0.077,459063,459548,NW_019862918.1_459063_459548
LOC112048149,NW_019862918.1,+,MXE_exon1,0.002430582,0.073,459177,459548,NW_019862918.1_459177_459548
LOC112048149,NW_019862918.1,+,MXE_exon1,0.000574276,0.079,459203,459548,NW_019862918.1_459203_459548
LOC112055014,NW_019863447.1,-,MXE_exon1,0.001198082,0.283,48060,48421,NW_019863447.1_48060_48421
LOC112055014,NW_019863447.1,-,MXE_exon1,6.71E-11,0.573,48060,48421,NW_019863447.1_48060_48421
LOC112055014,NW_019863447.1,-,MXE_exon1,0.000279589,0.419,48060,48421,NW_019863447.1_48060_48421
LOC112044285,NW_019862806.1,-,MXE_exon1,0.014106686,-0.068,533588,533933,NW_019862806.1_533588_533933
LOC112056309,NW_019863765.1,+,MXE_exon1,0.012760515,-0.208,32957,33235,NW_019863765.1_32957_33235
LOC112056309,NW_019863765.1,+,MXE_exon1,0.013157084,0.041,37750,38040,NW_019863765.1_37750_38040
LOC112056309,NW_019863765.1,+,MXE_exon1,1.40E-05,0.064,37750,38040,NW_019863765.1_37750_38040
LOC112056309,NW_019863765.1,+,MXE_exon1,1.43E-05,0.057,37750,38040,NW_019863765.1_37750_38040
LOC112056309,NW_019863765.1,+,MXE_exon1,1.47E-05,0.056,37750,38040,NW_019863765.1_37750_38040
LOC112056309,NW_019863765.1,+,MXE_exon1,4.50E-05,0.053,37750,38040,NW_019863765.1_37750_38040
LOC112045035,NW_019862822.1,+,MXE_exon1,0,-0.557,270122,270551,NW_019862822.1_270122_270551
LOC112056587,NW_019863891.1,-,MXE_exon1,0.000724686,0.065,30574,30887,NW_019863891.1_30574_30887
LOC112045029,NW_019862822.1,+,MXE_exon1,0.004145467,-0.294,1095639,1095975,NW_019862822.1_1095639_1095975
LOC112043252,NW_019862787.1,+,MXE_exon1,0,-0.46,1475912,1476211,NW_019862787.1_1475912_1476211
LOC112043252,NW_019862787.1,+,MXE_exon1,0,-0.762,1475914,1476211,NW_019862787.1_1475914_1476211
LOC112043252,NW_019862787.1,+,MXE_exon1,0,-0.828,1475914,1476211,NW_019862787.1_1475914_1476211
LOC112057136,NW_019864366.1,-,MXE_exon1,3.40E-06,0.188,7969,8318,NW_019864366.1_7969_8318
LOC112050519,NW_019863027.1,+,MXE_exon1,0.042780752,-0.105,145487,145839,NW_019863027.1_145487_145839
LOC112046080,NW_019862847.1,+,MXE_exon1,0.043719106,-0.066,461546,461853,NW_019862847.1_461546_461853
LOC112049566,NW_019862978.1,+,MXE_exon1,0.022096988,-0.117,434759,435140,NW_019862978.1_434759_435140
LOC112044298,NW_019862806.1,+,MXE_exon1,0.035442304,0.059,650038,650414,NW_019862806.1_650038_650414
LOC112044298,NW_019862806.1,+,MXE_exon1,0.035442304,0.059,650041,650414,NW_019862806.1_650041_650414
LOC112047321,NW_019862887.1,-,MXE_exon1,2.47E-09,-0.157,455606,456079,NW_019862887.1_455606_456079
LOC112047321,NW_019862887.1,-,MXE_exon1,2.67E-09,-0.157,455621,456079,NW_019862887.1_455621_456079
LOC112047321,NW_019862887.1,-,MXE_exon1,1.60E-05,-0.055,455623,456079,NW_019862887.1_455623_456079
LOC112045909,NW_019862843.1,-,MXE_exon1,3.20E-09,0.079,317183,317537,NW_019862843.1_317183_317537
LOC112053324,NW_019863229.1,-,MXE_exon1,0,-0.875,65403,65871,NW_019863229.1_65403_65871
LOC112053324,NW_019863229.1,-,MXE_exon1,0,-0.59,65403,65871,NW_019863229.1_65403_65871
LOC112053324,NW_019863229.1,-,MXE_exon1,0,-0.875,65412,65871,NW_019863229.1_65412_65871
LOC112053324,NW_019863229.1,-,MXE_exon1,0,-0.59,65412,65871,NW_019863229.1_65412_65871
LOC112053324,NW_019863229.1,-,MXE_exon1,0,-0.469,65559,65871,NW_019863229.1_65559_65871
LOC112053324,NW_019863229.1,-,MXE_exon1,0,-0.157,65559,65871,NW_019863229.1_65559_65871
LOC112053324,NW_019863229.1,-,MXE_exon1,0,-0.892,65568,65871,NW_019863229.1_65568_65871
LOC112053324,NW_019863229.1,-,MXE_exon1,0,-0.63,65568,65871,NW_019863229.1_65568_65871
LOC112054224,NW_019863330.1,-,MXE_exon1,3.08E-05,-0.262,41586,41884,NW_019863330.1_41586_41884
LOC112054224,NW_019863330.1,-,MXE_exon1,1.05E-09,-0.201,41586,41889,NW_019863330.1_41586_41889
LOC112049111,NW_019862959.1,+,MXE_exon1,0.014350307,0.108,338069,338408,NW_019862959.1_338069_338408
LOC112049141,NW_019862755.1,-,MXE_exon1,0.000388035,0.123,2449304,2449628,NW_019862755.1_2449304_2449628
LOC112049141,NW_019862755.1,-,MXE_exon1,0.00017787,0.123,2449304,2449723,NW_019862755.1_2449304_2449723
LOC112049214,NW_019862755.1,+,MXE_exon1,0.043479899,-0.267,2563202,2563524,NW_019862755.1_2563202_2563524
LOC112049214,NW_019862755.1,+,MXE_exon1,0.014350307,0.269,2563663,2563974,NW_019862755.1_2563663_2563974
LOC112049214,NW_019862755.1,+,MXE_exon1,0.001661165,0.272,2563663,2563974,NW_019862755.1_2563663_2563974
LOC112049214,NW_019862755.1,+,MXE_exon1,0.029100698,0.204,2563663,2563974,NW_019862755.1_2563663_2563974
LOC112049214,NW_019862755.1,+,MXE_exon1,0.035583087,0.035,2565275,2565871,NW_019862755.1_2565275_2565871
LOC112049214,NW_019862755.1,+,MXE_exon1,0.023926152,0.039,2565275,2565871,NW_019862755.1_2565275_2565871
LOC112049214,NW_019862755.1,+,MXE_exon1,0.036679965,0.035,2565275,2565871,NW_019862755.1_2565275_2565871
LOC112049214,NW_019862755.1,+,MXE_exon1,0.024724465,0.038,2565275,2565871,NW_019862755.1_2565275_2565871
LOC112049214,NW_019862755.1,+,MXE_exon1,0.035305007,0.035,2565275,2565871,NW_019862755.1_2565275_2565871
LOC112049214,NW_019862755.1,+,MXE_exon1,0.023284521,0.039,2565275,2565871,NW_019862755.1_2565275_2565871
LOC112049214,NW_019862755.1,+,MXE_exon1,0.035583087,0.035,2565383,2565871,NW_019862755.1_2565383_2565871
LOC112049214,NW_019862755.1,+,MXE_exon1,0.023926152,0.039,2565383,2565871,NW_019862755.1_2565383_2565871
LOC112049214,NW_019862755.1,+,MXE_exon1,0.035583087,0.035,2565505,2565871,NW_019862755.1_2565505_2565871
LOC112049214,NW_019862755.1,+,MXE_exon1,0.036679965,0.035,2565505,2565871,NW_019862755.1_2565505_2565871
LOC112049214,NW_019862755.1,+,MXE_exon1,0.024724465,0.038,2565505,2565871,NW_019862755.1_2565505_2565871
LOC112049214,NW_019862755.1,+,MXE_exon1,0.035305007,0.035,2565505,2565871,NW_019862755.1_2565505_2565871
LOC112049214,NW_019862755.1,+,MXE_exon1,0.023284521,0.039,2565505,2565871,NW_019862755.1_2565505_2565871
LOC112049214,NW_019862755.1,+,MXE_exon1,0.033963943,0.036,2565505,2565871,NW_019862755.1_2565505_2565871
LOC112049214,NW_019862755.1,+,MXE_exon1,0.024403982,0.038,2565520,2565871,NW_019862755.1_2565520_2565871
LOC112049214,NW_019862755.1,+,MXE_exon1,0.035583087,0.035,2565520,2565871,NW_019862755.1_2565520_2565871
LOC112049214,NW_019862755.1,+,MXE_exon1,0.023926152,0.039,2565520,2565871,NW_019862755.1_2565520_2565871
LOC112051554,NW_019863089.1,+,MXE_exon1,0.004235248,0.354,72129,72566,NW_019863089.1_72129_72566
LOC112055398,NW_019863514.1,+,MXE_exon2,0.001045307,-0.245,78338,78664,NW_019863514.1_78338_78664
LOC112049170,NW_019862962.1,+,MXE_exon2,0.000786986,-0.127,83165,84061,NW_019862962.1_83165_84061
LOC112046667,NW_019862866.1,-,MXE_exon2,0.014695919,0.069,286098,286473,NW_019862866.1_286098_286473
LOC112050857,NW_019863046.1,+,MXE_exon2,0.001012255,0.092,172192,172573,NW_019863046.1_172192_172573
LOC112054984,NW_019863443.1,+,MXE_exon2,0.014285106,-0.068,111542,111847,NW_019863443.1_111542_111847
LOC112043641,NW_019862793.1,-,MXE_exon2,0.030669847,-0.129,1259975,1260257,NW_019862793.1_1259975_1260257
LOC112053692,NW_019863272.1,-,MXE_exon2,1.95E-06,-0.15,5352,5641,NW_019863272.1_5352_5641
LOC112054133,NW_019863321.1,+,MXE_exon2,0.005935927,-0.15,30637,31008,NW_019863321.1_30637_31008
LOC112046049,NW_019862846.1,-,MXE_exon2,7.55E-05,-0.297,209928,210304,NW_019862846.1_209928_210304
LOC112055290,NW_019863493.1,-,MXE_exon2,0.021853572,0.181,132697,132981,NW_019863493.1_132697_132981
LOC112049271,NW_019862966.1,+,MXE_exon2,0.007812329,-0.074,322712,323043,NW_019862966.1_322712_323043
LOC112049271,NW_019862966.1,+,MXE_exon2,0.010935454,-0.083,329302,329632,NW_019862966.1_329302_329632
LOC112054834,NW_019863423.1,+,MXE_exon2,0.019283055,-0.017,30901,31204,NW_019863423.1_30901_31204
LOC112050193,NW_019862748.1,+,MXE_exon2,0.010555273,0.205,349517,349864,NW_019862748.1_349517_349864
LOC112053614,NW_019862760.1,-,MXE_exon2,0.034627516,0.093,265012,265345,NW_019862760.1_265012_265345
LOC112046464,NW_019862858.1,+,MXE_exon2,0.04619778,0.126,805864,806172,NW_019862858.1_805864_806172
LOC112047808,NW_019862904.1,-,MXE_exon2,0.028378907,-0.274,1075344,1075637,NW_019862904.1_1075344_1075637
LOC112047808,NW_019862904.1,-,MXE_exon2,0.043626691,0.175,1078376,1078674,NW_019862904.1_1078376_1078674
LOC112043205,NW_019862787.1,+,MXE_exon2,0.004928046,0.326,315198,315522,NW_019862787.1_315198_315522
LOC112058428,NW_019862776.1,-,MXE_exon2,0.00378486,0.029,1076732,1077049,NW_019862776.1_1076732_1077049
LOC112055338,NW_019863503.1,+,MXE_exon2,0.01013035,0.114,60644,61015,NW_019863503.1_60644_61015
LOC112054078,NW_019863315.1,-,MXE_exon2,1.04E-05,-0.325,125143,125627,NW_019863315.1_125143_125627
LOC112058267,NW_019862748.1,-,MXE_exon2,0.002832915,-0.257,626949,627351,NW_019862748.1_626949_627351
LOC112055179,NW_019862762.1,+,MXE_exon2,7.16E-07,-0.476,86772,87166,NW_019862762.1_86772_87166
LOC112054275,NW_019863336.1,-,MXE_exon2,0.019795162,0.191,1992,2295,NW_019863336.1_1992_2295
LOC112046832,NW_019862872.1,+,MXE_exon2,0.026156544,-0.031,397180,397467,NW_019862872.1_397180_397467
LOC112046832,NW_019862872.1,+,MXE_exon2,1.78E-05,-0.099,398104,398430,NW_019862872.1_398104_398430
LOC112046832,NW_019862872.1,+,MXE_exon2,0.036981258,0.087,412721,413088,NW_019862872.1_412721_413088
LOC112049721,NW_019862987.1,+,MXE_exon2,0.047136922,0.097,395086,395424,NW_019862987.1_395086_395424
LOC112058392,NW_019862749.1,+,MXE_exon2,0.035051367,0.096,823770,824080,NW_019862749.1_823770_824080
LOC112048717,NW_019862941.1,-,MXE_exon2,0.031085141,-0.143,259370,259719,NW_019862941.1_259370_259719
LOC112045704,NW_019862838.1,+,MXE_exon2,0.000162846,0.134,599006,599336,NW_019862838.1_599006_599336
LOC112045704,NW_019862838.1,+,MXE_exon2,0.000158766,0.168,614764,615095,NW_019862838.1_614764_615095
LOC112058170,NW_019862749.1,-,MXE_exon2,0.048357553,0.004,387269,387558,NW_019862749.1_387269_387558
LOC112056296,NW_019862763.1,-,MXE_exon2,4.20E-09,-0.156,1447473,1447789,NW_019862763.1_1447473_1447789
LOC112056296,NW_019862763.1,-,MXE_exon2,4.20E-05,-0.229,1448824,1449210,NW_019862763.1_1448824_1449210
LOC112058362,NW_019862775.1,-,MXE_exon2,0.015437858,-0.078,729748,730351,NW_019862775.1_729748_730351
LOC112056031,NW_019863688.1,-,MXE_exon2,4.84E-08,0.292,18107,18396,NW_019863688.1_18107_18396
nbis-pseudo33,NW_019862873.1,-,MXE_exon2,0.016755676,0.077,620737,621237,NW_019862873.1_620737_621237
LOC112051535,NW_019863088.1,+,MXE_exon2,0.037888962,0.21,334925,335261,NW_019863088.1_334925_335261
LOC112046844,NW_019862873.1,+,MXE_exon2,0.001101588,-0.137,178946,179264,NW_019862873.1_178946_179264
LOC112052388,NW_019863145.1,-,MXE_exon2,5.73E-07,0.502,23743,24030,NW_019863145.1_23743_24030
LOC112045305,NW_019862828.1,+,MXE_exon2,0.001996991,-0.099,798024,798299,NW_019862828.1_798024_798299
LOC112045305,NW_019862828.1,+,MXE_exon2,0.026204171,-0.018,813181,813465,NW_019862828.1_813181_813465
LOC112049830,NW_019862993.1,-,MXE_exon2,0.003495549,-0.136,101678,101982,NW_019862993.1_101678_101982
LOC112057974,NW_019862770.1,+,MXE_exon2,5.97E-06,0.087,602293,602653,NW_019862770.1_602293_602653
LOC112052601,NW_019863161.1,-,MXE_exon2,0.028013088,-0.056,235109,235383,NW_019863161.1_235109_235383
LOC112052043,NW_019863120.1,-,MXE_exon2,0.035934236,0.062,92374,92637,NW_019863120.1_92374_92637
LOC112055727,NW_019862762.1,+,MXE_exon2,0.027900723,-0.066,1924061,1924409,NW_019862762.1_1924061_1924409
LOC112055597,NW_019862762.1,-,MXE_exon2,2.49E-05,-0.063,1117918,1118265,NW_019862762.1_1117918_1118265
LOC112055429,NW_019862762.1,-,MXE_exon2,0.000153144,0.257,349650,349972,NW_019862762.1_349650_349972
LOC112048640,NW_019862938.1,-,MXE_exon2,2.62E-09,-0.252,66408,66767,NW_019862938.1_66408_66767
LOC112048640,NW_019862938.1,-,MXE_exon2,1.25E-09,-0.101,94029,94325,NW_019862938.1_94029_94325
LOC112048640,NW_019862938.1,-,MXE_exon2,0.001006569,-0.061,94029,94325,NW_019862938.1_94029_94325
LOC112048640,NW_019862938.1,-,MXE_exon2,0.007226356,-0.05,94029,94325,NW_019862938.1_94029_94325
LOC112048640,NW_019862938.1,-,MXE_exon2,0.000334282,0.116,150136,150490,NW_019862938.1_150136_150490
LOC112048640,NW_019862938.1,-,MXE_exon2,0.004469247,0.066,150136,150490,NW_019862938.1_150136_150490
LOC112048640,NW_019862938.1,-,MXE_exon2,0.000628031,0.071,153236,153550,NW_019862938.1_153236_153550
LOC112048640,NW_019862938.1,-,MXE_exon2,0.000212092,-0.119,151637,151951,NW_019862938.1_151637_151951
LOC112048640,NW_019862938.1,-,MXE_exon2,0.009495579,0.067,153236,153550,NW_019862938.1_153236_153550
LOC112044399,NW_019862808.1,-,MXE_exon2,0.000655178,-0.088,1229100,1230031,NW_019862808.1_1229100_1230031
LOC112045313,NW_019862829.1,-,MXE_exon2,0.000785521,-0.027,303071,303354,NW_019862829.1_303071_303354
LOC112048916,NW_019862951.1,-,MXE_exon2,0.044043603,-0.104,200480,200797,NW_019862951.1_200480_200797
LOC112051409,NW_019863081.1,-,MXE_exon2,2.62E-09,0.398,326011,326319,NW_019863081.1_326011_326319
LOC112055739,NW_019863599.1,-,MXE_exon2,1.15E-05,0.078,97553,97887,NW_019863599.1_97553_97887
LOC112043483,NW_019862791.1,+,MXE_exon2,0.006730894,-0.042,1001403,1001771,NW_019862791.1_1001403_1001771
LOC112045687,NW_019862838.1,-,MXE_exon2,0.049349272,0.207,370806,371078,NW_019862838.1_370806_371078
LOC112053443,NW_019862760.1,+,MXE_exon2,1.02E-07,0.036,80224,80475,NW_019862760.1_80224_80475
LOC112053443,NW_019862760.1,+,MXE_exon2,2.08E-09,0.057,80224,80475,NW_019862760.1_80224_80475
LOC112053443,NW_019862760.1,+,MXE_exon2,0.002025613,-0.026,80224,80475,NW_019862760.1_80224_80475
LOC112053443,NW_019862760.1,+,MXE_exon2,4.51E-05,-0.087,80224,80475,NW_019862760.1_80224_80475
LOC112043295,NW_019862749.1,+,MXE_exon2,0.000274851,-0.12,1697248,1697775,NW_019862749.1_1697248_1697775
LOC112048026,NW_019862754.1,+,MXE_exon2,0.003915959,0.041,1450025,1450390,NW_019862754.1_1450025_1450390
LOC112055393,NW_019862762.1,+,MXE_exon2,0.002466792,-0.139,279762,280095,NW_019862762.1_279762_280095
LOC112055393,NW_019862762.1,+,MXE_exon2,4.90E-10,-0.102,282844,283147,NW_019862762.1_282844_283147
LOC112055393,NW_019862762.1,+,MXE_exon2,3.90E-05,-0.089,282844,283147,NW_019862762.1_282844_283147
LOC112054519,NW_019863368.1,-,MXE_exon2,0.00229938,0.139,170949,171314,NW_019863368.1_170949_171314
LOC112046897,NW_019862874.1,+,MXE_exon2,0.008146147,-0.117,783646,784037,NW_019862874.1_783646_784037
LOC112043861,NW_019862799.1,+,MXE_exon2,0.003299459,-0.034,1084515,1085708,NW_019862799.1_1084515_1085708
LOC112054077,NW_019863315.1,+,MXE_exon2,2.20E-10,-0.267,109047,109325,NW_019863315.1_109047_109325
LOC112054077,NW_019863315.1,+,MXE_exon2,1.17E-05,0.218,110139,110678,NW_019863315.1_110139_110678
LOC112056116,NW_019863706.1,+,MXE_exon2,8.26E-07,-0.346,44663,45021,NW_019863706.1_44663_45021
LOC112049588,NW_019862980.1,-,MXE_exon2,0.00019577,-0.269,90912,91279,NW_019862980.1_90912_91279
LOC112043804,NW_019862798.1,-,MXE_exon2,0.035305007,-0.096,711717,712220,NW_019862798.1_711717_712220
LOC112043083,NW_019862785.1,-,MXE_exon2,0.040864064,-0.047,585084,585447,NW_019862785.1_585084_585447
LOC112046370,NW_019862856.1,-,MXE_exon2,1.61E-13,-0.093,744603,744865,NW_019862856.1_744603_744865
LOC112055422,NW_019863521.1,+,MXE_exon2,0.003733149,-0.083,13726,14194,NW_019863521.1_13726_14194
LOC112055422,NW_019863521.1,+,MXE_exon2,0,0.209,19103,19403,NW_019863521.1_19103_19403
LOC112053043,NW_019863200.1,+,MXE_exon2,0.017994055,-0.028,143154,143556,NW_019863200.1_143154_143556
LOC112051313,NW_019863074.1,+,MXE_exon2,4.06E-05,0.029,155197,155614,NW_019863074.1_155197_155614
LOC112051313,NW_019863074.1,+,MXE_exon2,0.011970501,-0.048,178607,178938,NW_019863074.1_178607_178938
LOC112046887,NW_019862874.1,-,MXE_exon2,0.014350307,-0.127,20845,21197,NW_019862874.1_20845_21197
LOC112047356,NW_019862890.1,+,MXE_exon2,8.57E-06,0.469,326214,326581,NW_019862890.1_326214_326581
LOC112047356,NW_019862890.1,+,MXE_exon2,0.000363613,0.366,326214,326581,NW_019862890.1_326214_326581
LOC112043853,NW_019862799.1,-,MXE_exon2,0.001224904,-0.078,847957,848238,NW_019862799.1_847957_848238
LOC112043853,NW_019862799.1,-,MXE_exon2,0.000280496,0.109,848944,849210,NW_019862799.1_848944_849210
LOC112043853,NW_019862799.1,-,MXE_exon2,0.008882236,0.431,848944,849219,NW_019862799.1_848944_849219
LOC112044316,NW_019862806.1,+,MXE_exon2,0.025459261,0.072,1122431,1122755,NW_019862806.1_1122431_1122755
LOC112048410,NW_019862929.1,+,MXE_exon2,0.036927061,0.146,198922,199287,NW_019862929.1_198922_199287
LOC112054440,NW_019863357.1,+,MXE_exon2,1.48E-06,0.056,134896,135195,NW_019863357.1_134896_135195
LOC112055008,NW_019863446.1,+,MXE_exon2,0.044698221,-0.385,80472,80826,NW_019863446.1_80472_80826
LOC112054617,NW_019863384.1,-,MXE_exon2,0.018625349,0.067,107353,107688,NW_019863384.1_107353_107688
LOC112057044,NW_019864244.1,-,MXE_exon2,5.53E-09,-0.263,3469,3907,NW_019864244.1_3469_3907
LOC112057044,NW_019864244.1,-,MXE_exon2,1.37E-13,0.302,7978,8350,NW_019864244.1_7978_8350
LOC112042839,NW_019862780.1,-,MXE_exon2,0.02520976,-0.023,29546,29840,NW_019862780.1_29546_29840
LOC112058550,NW_019862778.1,-,MXE_exon2,0,-0.181,1103134,1103465,NW_019862778.1_1103134_1103465
LOC112046846,NW_019862873.1,+,MXE_exon2,1.03E-07,-0.268,340159,340458,NW_019862873.1_340159_340458
LOC112052001,NW_019863118.1,-,MXE_exon2,0.000407714,0.201,191763,191988,NW_019863118.1_191763_191988
LOC112052867,NW_019863182.1,-,MXE_exon2,5.38E-10,-0.098,232671,233037,NW_019863182.1_232671_233037
LOC112049690,NW_019862984.1,-,MXE_exon2,0.001416404,0.331,433462,433812,NW_019862984.1_433462_433812
LOC112047231,NW_019862885.1,-,MXE_exon2,0.013803453,-0.274,593345,593707,NW_019862885.1_593345_593707
LOC112051523,NW_019863087.1,+,MXE_exon2,0.015364819,-0.051,169570,169964,NW_019863087.1_169570_169964
LOC112051523,NW_019863087.1,+,MXE_exon2,0.000223069,0.054,190330,190675,NW_019863087.1_190330_190675
LOC112054814,NW_019863416.1,+,MXE_exon2,0.000534988,0.1,39361,39728,NW_019863416.1_39361_39728
LOC112052337,NW_019863141.1,-,MXE_exon2,0.000613845,0.048,174319,174685,NW_019863141.1_174319_174685
LOC112044491,NW_019862810.1,+,MXE_exon2,1.75E-07,-0.261,733672,733986,NW_019862810.1_733672_733986
LOC112049219,NW_019862964.1,-,MXE_exon2,1.02E-08,-0.323,412465,412816,NW_019862964.1_412465_412816
LOC112049219,NW_019862964.1,-,MXE_exon2,6.31E-10,-0.113,412465,412816,NW_019862964.1_412465_412816
LOC112051371,NW_019863078.1,-,MXE_exon2,0.010707655,-0.067,45597,45993,NW_019863078.1_45597_45993
LOC112056771,NW_019863975.1,-,MXE_exon2,3.03E-14,0.211,15744,16034,NW_019863975.1_15744_16034
LOC112051008,NW_019863056.1,-,MXE_exon2,0.000995514,0.095,144722,145174,NW_019863056.1_144722_145174
LOC112051008,NW_019863056.1,-,MXE_exon2,0.0017087,0.059,144722,145174,NW_019863056.1_144722_145174
LOC112049152,NW_019862961.1,+,MXE_exon2,0.004193946,-0.101,256769,257060,NW_019862961.1_256769_257060
LOC112052566,NW_019863158.1,-,MXE_exon2,2.52E-08,0.066,249846,250137,NW_019863158.1_249846_250137
LOC112058474,NW_019862777.1,-,MXE_exon2,0.000208502,0.137,804830,805192,NW_019862777.1_804830_805192
LOC112050425,NW_019863022.1,+,MXE_exon2,0.023404353,0.128,299585,299909,NW_019863022.1_299585_299909
LOC112056683,NW_019863941.1,-,MXE_exon2,0.046143829,0.142,61641,61970,NW_019863941.1_61641_61970
LOC112058512,NW_019862777.1,+,MXE_exon2,0.045594205,-0.079,960038,960331,NW_019862777.1_960038_960331
LOC112053424,NW_019863240.1,-,MXE_exon2,0.018723249,-0.178,197875,198158,NW_019863240.1_197875_198158
LOC112051387,NW_019863080.1,-,MXE_exon2,0.000964937,0.041,232055,232281,NW_019863080.1_232055_232281
LOC112052834,NW_019863180.1,-,MXE_exon2,0.00847474,0.176,221323,221618,NW_019863180.1_221323_221618
LOC112047449,NW_019862893.1,-,MXE_exon2,0.049065391,-0.348,411981,412274,NW_019862893.1_411981_412274
LOC112050999,NW_019863056.1,+,MXE_exon2,0.000719212,-0.177,189185,189613,NW_019863056.1_189185_189613
LOC112047113,NW_019862882.1,-,MXE_exon2,0.00021156,0.148,103241,103632,NW_019862882.1_103241_103632
LOC112058078,NW_019862771.1,+,MXE_exon2,0.004764423,-0.2,745424,745842,NW_019862771.1_745424_745842
LOC112056425,NW_019863810.1,-,MXE_exon2,0.001191933,0.157,40720,41013,NW_019863810.1_40720_41013
LOC112056425,NW_019863810.1,-,MXE_exon2,0.004061036,0.137,40720,41013,NW_019863810.1_40720_41013
LOC112049747,NW_019862987.1,-,MXE_exon2,0.015655521,-0.079,479736,480300,NW_019862987.1_479736_480300
LOC112044843,NW_019862818.1,-,MXE_exon2,0.02747031,-0.147,228008,228313,NW_019862818.1_228008_228313
LOC112053274,NW_019863223.1,+,MXE_exon2,5.98E-08,-0.139,163412,163743,NW_019863223.1_163412_163743
LOC112049718,NW_019862987.1,+,MXE_exon2,2.84E-06,-0.02,737938,738238,NW_019862987.1_737938_738238
LOC112046894,NW_019862874.1,+,MXE_exon2,0.000396242,-0.051,271770,272133,NW_019862874.1_271770_272133
LOC112046894,NW_019862874.1,+,MXE_exon2,0.001168092,0.076,272302,272919,NW_019862874.1_272302_272919
LOC112046894,NW_019862874.1,+,MXE_exon2,0.002431543,-0.064,277933,278285,NW_019862874.1_277933_278285
LOC112046894,NW_019862874.1,+,MXE_exon2,1.30E-05,0.029,305429,305741,NW_019862874.1_305429_305741
LOC112054600,NW_019863381.1,-,MXE_exon2,0.000938885,-0.233,68500,68851,NW_019863381.1_68500_68851
LOC112046474,NW_019862858.1,-,MXE_exon2,3.54E-06,-0.169,856308,856673,NW_019862858.1_856308_856673
LOC112048537,NW_019862934.1,-,MXE_exon2,0.003387012,0.184,249844,250156,NW_019862934.1_249844_250156
LOC112049557,NW_019862978.1,+,MXE_exon2,0.032038358,-0.04,97692,98024,NW_019862978.1_97692_98024
LOC112054721,NW_019863402.1,-,MXE_exon2,3.07E-06,0.499,122392,122717,NW_019863402.1_122392_122717
LOC112046143,NW_019862849.1,+,MXE_exon2,0.013719408,-0.144,165718,166014,NW_019862849.1_165718_166014
LOC112057694,NW_019862765.1,+,MXE_exon2,0.013983834,-0.106,1288449,1288759,NW_019862765.1_1288449_1288759
LOC112044712,NW_019862816.1,+,MXE_exon2,0.004795882,-0.144,183269,183660,NW_019862816.1_183269_183660
LOC112044389,NW_019862808.1,-,MXE_exon2,0.041952827,0.147,105757,106026,NW_019862808.1_105757_106026
LOC112048544,NW_019862934.1,+,MXE_exon2,0.028133796,-0.144,289128,289439,NW_019862934.1_289128_289439
LOC112045558,NW_019862835.1,+,MXE_exon2,0.036608796,-0.098,166782,167117,NW_019862835.1_166782_167117
LOC112049503,NW_019862976.1,-,MXE_exon2,9.63E-13,-0.06,436973,437236,NW_019862976.1_436973_437236
LOC112057680,NW_019862765.1,+,MXE_exon2,0.001688097,0.171,960450,960782,NW_019862765.1_960450_960782
LOC112055519,NW_019863544.1,-,MXE_exon2,2.13E-05,0.288,100449,100796,NW_019863544.1_100449_100796
LOC112055519,NW_019863544.1,-,MXE_exon2,1.49E-09,-0.214,100449,100796,NW_019863544.1_100449_100796
LOC112055519,NW_019863544.1,-,MXE_exon2,6.30E-06,-0.527,108993,109269,NW_019863544.1_108993_109269
LOC112055519,NW_019863544.1,-,MXE_exon2,9.90E-08,-0.469,108993,109269,NW_019863544.1_108993_109269
LOC112055519,NW_019863544.1,-,MXE_exon2,0.033172455,0.14,121313,121648,NW_019863544.1_121313_121648
LOC112045952,NW_019862844.1,+,MXE_exon2,0.0044995,0.035,271464,271829,NW_019862844.1_271464_271829
LOC112045952,NW_019862844.1,+,MXE_exon2,0.004770139,0.071,271464,271829,NW_019862844.1_271464_271829
LOC112045952,NW_019862844.1,+,MXE_exon2,0.001438132,0.251,276138,276441,NW_019862844.1_276138_276441
LOC112045952,NW_019862844.1,+,MXE_exon2,3.44E-07,-0.218,276138,276441,NW_019862844.1_276138_276441
LOC112046118,NW_019862848.1,+,MXE_exon2,0.007849436,0.187,304644,305287,NW_019862848.1_304644_305287
LOC112046842,NW_019862873.1,+,MXE_exon2,1.38E-07,-0.03,567091,567387,NW_019862873.1_567091_567387
LOC112046842,NW_019862873.1,+,MXE_exon2,0.023923839,0.067,567091,567387,NW_019862873.1_567091_567387
LOC112055262,NW_019862762.1,-,MXE_exon2,0.002190919,0.03,188754,189086,NW_019862762.1_188754_189086
LOC112055262,NW_019862762.1,-,MXE_exon2,0.003781252,0.03,188754,189086,NW_019862762.1_188754_189086
LOC112055566,NW_019863550.1,-,MXE_exon2,0.018700514,-0.087,106151,106493,NW_019863550.1_106151_106493
LOC112054851,NW_019863425.1,-,MXE_exon2,0.019100209,-0.139,135816,136155,NW_019863425.1_135816_136155
LOC112049191,NW_019862962.1,-,MXE_exon2,0.001909046,0.086,216745,217034,NW_019862962.1_216745_217034
LOC112055555,NW_019863549.1,-,MXE_exon2,0.020511223,0.151,72094,72453,NW_019863549.1_72094_72453
LOC112055327,NW_019863501.1,+,MXE_exon2,0.005164114,0.057,64883,65294,NW_019863501.1_64883_65294
LOC112047487,NW_019862894.1,-,MXE_exon2,0.001285973,-0.136,473705,474096,NW_019862894.1_473705_474096
LOC112042935,NW_019862782.1,-,MXE_exon2,0.015454553,-0.03,1153148,1153444,NW_019862782.1_1153148_1153444
LOC112042935,NW_019862782.1,-,MXE_exon2,0,0.217,1175793,1176092,NW_019862782.1_1175793_1176092
LOC112042935,NW_019862782.1,-,MXE_exon2,0.000823238,0.136,1175793,1176092,NW_019862782.1_1175793_1176092
LOC112053272,NW_019863223.1,-,MXE_exon2,4.87E-05,-0.48,255650,255982,NW_019863223.1_255650_255982
LOC112050878,NW_019863048.1,+,MXE_exon2,0.002190919,0.304,106122,106446,NW_019863048.1_106122_106446
LOC112045555,NW_019862835.1,-,MXE_exon2,1.56E-11,0.33,540512,540905,NW_019862835.1_540512_540905
LOC112050667,NW_019863036.1,-,MXE_exon2,3.97E-05,-0.327,179464,179772,NW_019863036.1_179464_179772
LOC112054302,NW_019863340.1,-,MXE_exon2,0.03314033,-0.183,15482,15784,NW_019863340.1_15482_15784
LOC112048050,NW_019862754.1,-,MXE_exon2,0.030667571,-0.076,1609421,1609725,NW_019862754.1_1609421_1609725
LOC112052048,NW_019863120.1,-,MXE_exon2,7.55E-05,-0.184,69021,69406,NW_019863120.1_69021_69406
LOC112045098,NW_019862823.1,-,MXE_exon2,0.027816331,0.077,67097,67401,NW_019862823.1_67097_67401
LOC112045098,NW_019862823.1,-,MXE_exon2,0.00868114,0.076,98027,98287,NW_019862823.1_98027_98287
LOC112050791,NW_019863043.1,-,MXE_exon2,0.025459261,0.065,161341,161698,NW_019863043.1_161341_161698
LOC112056541,NW_019863874.1,+,MXE_exon2,0.030211368,0.104,51288,51611,NW_019863874.1_51288_51611
LOC112052615,NW_019863163.1,-,MXE_exon2,0.022180082,-0.201,54078,54441,NW_019863163.1_54078_54441
LOC112043560,NW_019862792.1,-,MXE_exon2,0.01211763,0.031,635327,635676,NW_019862792.1_635327_635676
LOC112043390,NW_019862789.1,+,MXE_exon2,0.015124413,0.459,1299821,1300340,NW_019862789.1_1299821_1300340
LOC112058532,NW_019862778.1,+,MXE_exon2,0,-0.655,685996,686328,NW_019862778.1_685996_686328
LOC112050669,NW_019863036.1,+,MXE_exon2,0.014236168,-0.125,149357,149741,NW_019863036.1_149357_149741
LOC112058604,NW_019862778.1,+,MXE_exon2,0.016743977,0.133,1085636,1086271,NW_019862778.1_1085636_1086271
LOC112047056,NW_019862881.1,-,MXE_exon2,2.98E-06,0.144,168136,168488,NW_019862881.1_168136_168488
LOC112046693,NW_019862867.1,+,MXE_exon2,0.002992181,-0.086,675284,675631,NW_019862867.1_675284_675631
LOC112046693,NW_019862867.1,+,MXE_exon2,0.000179046,-0.1,675287,675631,NW_019862867.1_675287_675631
LOC112046693,NW_019862867.1,+,MXE_exon2,1.04E-10,0.073,677476,677770,NW_019862867.1_677476_677770
LOC112056438,NW_019862763.1,+,MXE_exon2,0.002091054,-0.279,1725483,1725812,NW_019862763.1_1725483_1725812
LOC112049026,NW_019862955.1,+,MXE_exon2,0.008807161,0.175,150084,150529,NW_019862955.1_150084_150529
LOC112048186,NW_019862920.1,-,MXE_exon2,0.000710477,0.5,373375,373631,NW_019862920.1_373375_373631
LOC112048035,NW_019862913.1,-,MXE_exon2,0.013069618,-0.041,291440,291882,NW_019862913.1_291440_291882
LOC112048035,NW_019862913.1,-,MXE_exon2,0.020911927,-0.066,312890,313514,NW_019862913.1_312890_313514
LOC112052885,NW_019862759.1,+,MXE_exon2,3.81E-08,-0.067,1125173,1125518,NW_019862759.1_1125173_1125518
LOC112054929,NW_019863433.1,+,MXE_exon2,0.007195512,-0.194,125802,126083,NW_019863433.1_125802_126083
LOC112055794,NW_019863615.1,+,MXE_exon2,1.16E-09,0.068,34325,34661,NW_019863615.1_34325_34661
LOC112054850,NW_019863425.1,+,MXE_exon2,0.013127577,0.078,59371,59699,NW_019863425.1_59371_59699
LOC112054188,NW_019863327.1,-,MXE_exon2,0.015430218,0.049,104389,104656,NW_019863327.1_104389_104656
LOC112052849,NW_019863181.1,-,MXE_exon2,0.002273896,-0.014,168104,168405,NW_019863181.1_168104_168405
LOC112046979,NW_019862879.1,+,MXE_exon2,0.000287022,-0.086,108932,109365,NW_019862879.1_108932_109365
LOC112051716,NW_019863099.1,+,MXE_exon2,0.03394549,-0.13,149042,149343,NW_019863099.1_149042_149343
LOC112046711,NW_019862869.1,-,MXE_exon2,0.01013035,0.126,186529,187019,NW_019862869.1_186529_187019
LOC112047162,NW_019862883.1,-,MXE_exon2,0.001288478,-0.284,382684,383001,NW_019862883.1_382684_383001
LOC112053291,NW_019863225.1,-,MXE_exon2,0.013171857,-0.067,122273,122601,NW_019863225.1_122273_122601
LOC112053291,NW_019863225.1,-,MXE_exon2,2.14E-08,0.17,122636,122964,NW_019863225.1_122636_122964
LOC112049443,NW_019862973.1,+,MXE_exon2,0.030565811,0.116,342539,342994,NW_019862973.1_342539_342994
LOC112047675,NW_019862754.1,+,MXE_exon2,0.017543324,-0.356,66176,66512,NW_019862754.1_66176_66512
LOC112047128,NW_019862882.1,-,MXE_exon2,0.004947673,0.192,804659,805001,NW_019862882.1_804659_805001
LOC112050490,NW_019863025.1,+,MXE_exon2,0.000662527,0.096,187862,188197,NW_019863025.1_187862_188197
LOC112050490,NW_019863025.1,+,MXE_exon2,0.000553949,0.094,187877,188197,NW_019863025.1_187877_188197
LOC112046777,NW_019862870.1,-,MXE_exon2,0.012080632,-0.158,671174,671453,NW_019862870.1_671174_671453
LOC112052479,NW_019863151.1,+,MXE_exon2,0.014734849,-0.087,122740,123021,NW_019863151.1_122740_123021
LOC112058286,NW_019862773.1,-,MXE_exon2,0.000504826,-0.049,881930,882303,NW_019862773.1_881930_882303
LOC112044245,NW_019862805.1,-,MXE_exon2,0.000179082,-0.072,1015065,1015345,NW_019862805.1_1015065_1015345
LOC112052778,NW_019863175.1,-,MXE_exon2,0.048592158,-0.159,77221,77683,NW_019863175.1_77221_77683
LOC112052778,NW_019863175.1,-,MXE_exon2,0.008973439,-0.115,77221,77683,NW_019863175.1_77221_77683
LOC112048533,NW_019862934.1,-,MXE_exon2,0.00952059,-0.313,180719,181018,NW_019862934.1_180719_181018
LOC112048533,NW_019862934.1,-,MXE_exon2,0.042553453,-0.449,180904,181203,NW_019862934.1_180904_181203
LOC112058407,NW_019862776.1,+,MXE_exon2,0.019440386,0.023,482115,482531,NW_019862776.1_482115_482531
LOC112058407,NW_019862776.1,+,MXE_exon2,0.022096988,-0.015,484154,484450,NW_019862776.1_484154_484450
LOC112050922,NW_019863051.1,+,MXE_exon2,0.009499792,-0.211,274404,274857,NW_019863051.1_274404_274857
LOC112048439,NW_019862930.1,-,MXE_exon2,0.017064072,-0.068,357069,357458,NW_019862930.1_357069_357458
LOC112053537,NW_019863251.1,-,MXE_exon2,4.79E-09,0.141,173930,174236,NW_019863251.1_173930_174236
LOC112055759,NW_019863602.1,-,MXE_exon2,0.028285951,-0.077,6333,6701,NW_019863602.1_6333_6701
LOC112050729,NW_019863039.1,+,MXE_exon2,0.039961532,-0.181,329693,330074,NW_019863039.1_329693_330074
LOC112051648,NW_019863094.1,-,MXE_exon2,0.001301048,-0.022,21378,21710,NW_019863094.1_21378_21710
LOC112051648,NW_019863094.1,-,MXE_exon2,0.000361659,-0.042,21378,21710,NW_019863094.1_21378_21710
LOC112043093,NW_019862785.1,+,MXE_exon2,3.04E-08,-0.039,900486,900929,NW_019862785.1_900486_900929
LOC112053525,NW_019863249.1,+,MXE_exon2,3.24E-06,-0.272,82908,83205,NW_019863249.1_82908_83205
LOC112048047,NW_019862914.1,-,MXE_exon2,0.023019304,0.143,451402,451778,NW_019862914.1_451402_451778
LOC112057757,NW_019862766.1,+,MXE_exon2,0.008374903,0.017,166350,166774,NW_019862766.1_166350_166774
LOC112057757,NW_019862766.1,+,MXE_exon2,0,0.065,166350,166774,NW_019862766.1_166350_166774
LOC112057788,NW_019862766.1,-,MXE_exon2,0.044477822,0.109,2083153,2083752,NW_019862766.1_2083153_2083752
LOC112051981,NW_019863117.1,+,MXE_exon2,0.031319032,0.212,260324,260713,NW_019863117.1_260324_260713
LOC112046468,NW_019862858.1,-,MXE_exon2,0.00102934,0.169,509805,510186,NW_019862858.1_509805_510186
LOC112056740,NW_019862764.1,+,MXE_exon2,0.000995155,-0.5,43457,43768,NW_019862764.1_43457_43768
LOC112056937,NW_019862764.1,+,MXE_exon2,0.035284488,-0.093,1063480,1063856,NW_019862764.1_1063480_1063856
LOC112056937,NW_019862764.1,+,MXE_exon2,0.035228647,-0.093,1063483,1063856,NW_019862764.1_1063483_1063856
LOC112057000,NW_019862764.1,+,MXE_exon2,0.001224904,0.108,1232111,1232468,NW_019862764.1_1232111_1232468
LOC112051004,NW_019863056.1,+,MXE_exon2,0.000787673,0.275,371710,372071,NW_019863056.1_371710_372071
LOC112056078,NW_019863697.1,+,MXE_exon2,0.027176123,-0.083,11605,11996,NW_019863697.1_11605_11996
LOC112052748,NW_019863172.1,+,MXE_exon2,0.001863826,0.139,262275,262588,NW_019863172.1_262275_262588
LOC112058156,NW_019862772.1,-,MXE_exon2,8.30E-05,-0.354,1145428,1145742,NW_019862772.1_1145428_1145742
LOC112058156,NW_019862772.1,-,MXE_exon2,4.41E-11,-0.333,1145428,1145742,NW_019862772.1_1145428_1145742
LOC112058156,NW_019862772.1,-,MXE_exon2,9.21E-05,-0.123,1145928,1146233,NW_019862772.1_1145928_1146233
LOC112058156,NW_019862772.1,-,MXE_exon2,0.000954421,-0.233,1145428,1145742,NW_019862772.1_1145428_1145742
LOC112058156,NW_019862772.1,-,MXE_exon2,5.61E-11,-0.263,1145428,1145742,NW_019862772.1_1145428_1145742
LOC112058156,NW_019862772.1,-,MXE_exon2,3.64E-05,-0.087,1145928,1146233,NW_019862772.1_1145928_1146233
LOC112058156,NW_019862772.1,-,MXE_exon2,0.047775738,-0.245,1145928,1146233,NW_019862772.1_1145928_1146233
LOC112058156,NW_019862772.1,-,MXE_exon2,0.025706292,-0.031,1147105,1147413,NW_019862772.1_1147105_1147413
LOC112058156,NW_019862772.1,-,MXE_exon2,0.001262691,0.402,1146611,1146910,NW_019862772.1_1146611_1146910
LOC112054869,NW_019863427.1,-,MXE_exon2,0.018257531,-0.145,51599,51976,NW_019863427.1_51599_51976
LOC112055413,NW_019863520.1,-,MXE_exon2,0.049672065,0.117,128679,129081,NW_019863520.1_128679_129081
LOC112053406,NW_019863238.1,+,MXE_exon2,0.002791609,-0.048,33575,33814,NW_019863238.1_33575_33814
LOC112047140,NW_019862883.1,+,MXE_exon2,0.044906199,-0.107,594569,594846,NW_019862883.1_594569_594846
LOC112055427,NW_019863522.1,-,MXE_exon2,5.23E-06,0.169,75356,75738,NW_019863522.1_75356_75738
LOC112055427,NW_019863522.1,-,MXE_exon2,6.87E-06,0.209,82425,82802,NW_019863522.1_82425_82802
LOC112044004,NW_019862801.1,-,MXE_exon2,0.006671111,-0.229,1048718,1049038,NW_019862801.1_1048718_1049038
LOC112058313,NW_019862774.1,+,MXE_exon2,0.000772196,0.189,152297,152620,NW_019862774.1_152297_152620
LOC112045812,NW_019862841.1,+,MXE_exon2,0.008846595,-0.352,283692,284033,NW_019862841.1_283692_284033
LOC112058466,NW_019862776.1,-,MXE_exon2,0.015809909,0.127,824964,825227,NW_019862776.1_824964_825227
LOC112058466,NW_019862776.1,-,MXE_exon2,2.11E-12,0.2,853450,853779,NW_019862776.1_853450_853779
LOC112054150,NW_019863325.1,+,MXE_exon2,0,0.763,295861,296163,NW_019863325.1_295861_296163
LOC112054150,NW_019863325.1,+,MXE_exon2,1.85E-10,0.589,296534,296907,NW_019863325.1_296534_296907
LOC112054150,NW_019863325.1,+,MXE_exon2,1.51E-08,0.646,297653,297945,NW_019863325.1_297653_297945
LOC112054150,NW_019863325.1,+,MXE_exon2,4.66E-06,-0.317,299478,299790,NW_019863325.1_299478_299790
LOC112052373,NW_019862759.1,+,MXE_exon2,4.49E-05,0.06,2027595,2027886,NW_019862759.1_2027595_2027886
LOC112057884,NW_019862768.1,+,MXE_exon2,0.000132231,0.402,1054629,1054980,NW_019862768.1_1054629_1054980
LOC112057890,NW_019862768.1,+,MXE_exon2,0.007821303,0.153,1252991,1253419,NW_019862768.1_1252991_1253419
LOC112047007,NW_019862880.1,+,MXE_exon2,0.00101969,-0.048,160998,161291,NW_019862880.1_160998_161291
LOC112047007,NW_019862880.1,+,MXE_exon2,0.002309186,0.045,162575,162870,NW_019862880.1_162575_162870
LOC112052880,NW_019863183.1,+,MXE_exon2,3.87E-13,0.447,189384,189696,NW_019863183.1_189384_189696
LOC112049103,NW_019862958.1,-,MXE_exon2,0.025552753,-0.02,219500,219763,NW_019862958.1_219500_219763
LOC112046732,NW_019862869.1,-,MXE_exon2,0.010935454,-0.01,37237,37579,NW_019862869.1_37237_37579
LOC112046732,NW_019862869.1,-,MXE_exon2,0.001315603,0.02,37237,37579,NW_019862869.1_37237_37579
LOC112046714,NW_019862869.1,-,MXE_exon2,3.64E-07,0.013,204516,204951,NW_019862869.1_204516_204951
LOC112054323,NW_019863343.1,-,MXE_exon2,0.003955669,-0.089,178660,178963,NW_019863343.1_178660_178963
LOC112051672,NW_019863096.1,+,MXE_exon2,0.041344404,0.081,208790,209047,NW_019863096.1_208790_209047
LOC112051672,NW_019863096.1,+,MXE_exon2,0.001072304,0.189,210153,210470,NW_019863096.1_210153_210470
LOC112054772,NW_019863409.1,-,MXE_exon2,2.14E-07,-0.214,112990,113311,NW_019863409.1_112990_113311
LOC112048863,NW_019862948.1,-,MXE_exon2,0.002813891,-0.299,323705,324026,NW_019862948.1_323705_324026
LOC112054431,NW_019863356.1,+,MXE_exon2,0.002873854,-0.308,132113,132375,NW_019863356.1_132113_132375
LOC112052396,NW_019863145.1,-,MXE_exon2,0.019014194,-0.29,117120,117503,NW_019863145.1_117120_117503
LOC112050329,NW_019863017.1,+,MXE_exon2,0.000211908,-0.338,498695,499044,NW_019863017.1_498695_499044
LOC112057214,NW_019864537.1,+,MXE_exon2,3.16E-05,0.123,11805,12172,NW_019864537.1_11805_12172
LOC112049569,NW_019862979.1,-,MXE_exon2,0,0.058,468023,468288,NW_019862979.1_468023_468288
LOC112055815,NW_019863623.1,-,MXE_exon2,0.000740981,0.176,17982,18470,NW_019863623.1_17982_18470
LOC112055815,NW_019863623.1,-,MXE_exon2,0.000652546,0.301,17982,18470,NW_019863623.1_17982_18470
LOC112055815,NW_019863623.1,-,MXE_exon2,0.030122547,0.104,19121,19615,NW_019863623.1_19121_19615
LOC112055815,NW_019863623.1,-,MXE_exon2,0.019149671,-0.16,19121,19615,NW_019863623.1_19121_19615
LOC112055815,NW_019863623.1,-,MXE_exon2,0.001740203,0.378,27417,27741,NW_019863623.1_27417_27741
LOC112055815,NW_019863623.1,-,MXE_exon2,0.007552848,-0.518,29800,30124,NW_019863623.1_29800_30124
LOC112055815,NW_019863623.1,-,MXE_exon2,0.029829378,-0.343,30546,30870,NW_019863623.1_30546_30870
LOC112055815,NW_019863623.1,-,MXE_exon2,0.001834423,0.29,27417,27741,NW_019863623.1_27417_27741
LOC112055815,NW_019863623.1,-,MXE_exon2,0.001012377,-0.398,29800,30124,NW_019863623.1_29800_30124
LOC112055815,NW_019863623.1,-,MXE_exon2,0.0044995,-0.318,30546,30870,NW_019863623.1_30546_30870
LOC112055815,NW_019863623.1,-,MXE_exon2,7.55E-05,-0.443,29447,29771,NW_019863623.1_29447_29771
LOC112055815,NW_019863623.1,-,MXE_exon2,0.000318264,-0.407,29974,30298,NW_019863623.1_29974_30298
LOC112055815,NW_019863623.1,-,MXE_exon2,6.76E-08,-0.63,30546,30870,NW_019863623.1_30546_30870
LOC112055815,NW_019863623.1,-,MXE_exon2,0.000759521,-0.368,30899,31223,NW_019863623.1_30899_31223
LOC112055815,NW_019863623.1,-,MXE_exon2,8.43E-05,-0.501,29800,30124,NW_019863623.1_29800_30124
LOC112055815,NW_019863623.1,-,MXE_exon2,3.99E-05,-0.476,30546,30870,NW_019863623.1_30546_30870
LOC112055815,NW_019863623.1,-,MXE_exon2,0.003886735,-0.532,29800,30124,NW_019863623.1_29800_30124
LOC112055815,NW_019863623.1,-,MXE_exon2,0.00407311,-0.466,30546,30870,NW_019863623.1_30546_30870
LOC112055815,NW_019863623.1,-,MXE_exon2,0.000326198,-0.617,29800,30124,NW_019863623.1_29800_30124
LOC112055815,NW_019863623.1,-,MXE_exon2,0.000162846,-0.556,30546,30870,NW_019863623.1_30546_30870
LOC112055815,NW_019863623.1,-,MXE_exon2,0.008146147,0.361,30899,31223,NW_019863623.1_30899_31223
LOC112055815,NW_019863623.1,-,MXE_exon2,0.000759521,0.331,35504,35866,NW_019863623.1_35504_35866
LOC112055815,NW_019863623.1,-,MXE_exon2,0.015777093,-0.344,35802,36164,NW_019863623.1_35802_36164
LOC112055815,NW_019863623.1,-,MXE_exon2,0.030063929,-0.205,36316,36678,NW_019863623.1_36316_36678
LOC112052571,NW_019863159.1,-,MXE_exon2,0.008585436,-0.026,45747,45983,NW_019863159.1_45747_45983
LOC112046629,NW_019862864.1,+,MXE_exon2,0.037619777,-0.124,421685,422019,NW_019862864.1_421685_422019
LOC112047670,NW_019862900.1,+,MXE_exon2,0.034798808,-0.092,281486,281780,NW_019862900.1_281486_281780
LOC112049250,NW_019862965.1,-,MXE_exon2,0.048023399,0.088,333049,333343,NW_019862965.1_333049_333343
LOC112044745,NW_019862817.1,+,MXE_exon2,0,0.394,1014820,1015079,NW_019862817.1_1014820_1015079
LOC112049107,NW_019862958.1,+,MXE_exon2,8.56E-08,-0.1,277959,278410,NW_019862958.1_277959_278410
LOC112049286,NW_019862966.1,-,MXE_exon2,5.68E-14,0.468,42054,42514,NW_019862966.1_42054_42514
LOC112054785,NW_019863411.1,+,MXE_exon2,0.008662653,0.266,37204,37530,NW_019863411.1_37204_37530
LOC112054785,NW_019863411.1,+,MXE_exon2,0.008405249,0.19,37204,37530,NW_019863411.1_37204_37530
LOC112053362,NW_019863233.1,-,MXE_exon2,0.038805921,0.261,35657,36079,NW_019863233.1_35657_36079
LOC112051731,NW_019862758.1,+,MXE_exon2,0.00101969,0.145,1472801,1473237,NW_019862758.1_1472801_1473237
LOC112052990,NW_019863194.1,+,MXE_exon2,0.03329008,-0.487,62700,63078,NW_019863194.1_62700_63078
LOC112052987,NW_019863194.1,+,MXE_exon2,0,0.549,108457,108808,NW_019863194.1_108457_108808
LOC112049701,NW_019862756.1,-,MXE_exon2,5.37E-08,0.017,202804,203197,NW_019862756.1_202804_203197
LOC112049567,NW_019862978.1,-,MXE_exon2,0.00213173,-0.301,463838,464172,NW_019862978.1_463838_464172
LOC112054017,NW_019863306.1,-,MXE_exon2,0.02465471,0.08,132198,132434,NW_019863306.1_132198_132434
LOC112045903,NW_019862843.1,-,MXE_exon2,0.01013035,0.15,532635,532926,NW_019862843.1_532635_532926
LOC112055679,NW_019863585.1,-,MXE_exon2,1.27E-08,-0.072,34131,34516,NW_019863585.1_34131_34516
LOC112046205,NW_019862850.1,+,MXE_exon2,2.71E-06,0.103,369998,370432,NW_019862850.1_369998_370432
LOC112053327,NW_019863229.1,-,MXE_exon2,2.99E-05,-0.088,84133,84561,NW_019863229.1_84133_84561
LOC112052101,NW_019862758.1,+,MXE_exon2,2.08E-05,0.124,2328688,2329131,NW_019862758.1_2328688_2329131
LOC112051969,NW_019863116.1,-,MXE_exon2,0.019606488,0.185,52073,52339,NW_019863116.1_52073_52339
LOC112043851,NW_019862799.1,+,MXE_exon2,0.010621144,0.093,891793,892085,NW_019862799.1_891793_892085
LOC112058144,NW_019862772.1,-,MXE_exon2,0.001840045,-0.098,281695,281992,NW_019862772.1_281695_281992
LOC112058144,NW_019862772.1,-,MXE_exon2,0.001236774,0.119,288241,288610,NW_019862772.1_288241_288610
LOC112047825,NW_019862905.1,-,MXE_exon2,6.12E-06,-0.31,310851,311102,NW_019862905.1_310851_311102
LOC112052130,NW_019863128.1,-,MXE_exon2,0.004178722,0.304,186478,186772,NW_019863128.1_186478_186772
LOC112052130,NW_019863128.1,-,MXE_exon2,0.011342453,-0.238,186478,186772,NW_019863128.1_186478_186772
LOC112052130,NW_019863128.1,-,MXE_exon2,1.28E-06,-0.607,196092,196435,NW_019863128.1_196092_196435
LOC112052130,NW_019863128.1,-,MXE_exon2,3.92E-09,-0.603,196092,196435,NW_019863128.1_196092_196435
LOC112052130,NW_019863128.1,-,MXE_exon2,2.64E-05,-0.558,196092,196435,NW_019863128.1_196092_196435
LOC112052130,NW_019863128.1,-,MXE_exon2,5.45E-11,0.535,230839,231119,NW_019863128.1_230839_231119
LOC112052130,NW_019863128.1,-,MXE_exon2,3.70E-11,0.645,247688,247944,NW_019863128.1_247688_247944
LOC112052130,NW_019863128.1,-,MXE_exon2,3.16E-08,0.409,247688,247944,NW_019863128.1_247688_247944
LOC112052130,NW_019863128.1,-,MXE_exon2,0,-0.794,256923,257179,NW_019863128.1_256923_257179
LOC112052437,NW_019863148.1,-,MXE_exon2,0.02254353,-0.131,36247,36535,NW_019863148.1_36247_36535
LOC112052437,NW_019863148.1,-,MXE_exon2,8.95E-05,-0.138,38266,38582,NW_019863148.1_38266_38582
LOC112052437,NW_019863148.1,-,MXE_exon2,0.014302236,0.109,41882,42172,NW_019863148.1_41882_42172
LOC112044700,NW_019862816.1,+,MXE_exon2,0.018803753,-0.111,798792,799113,NW_019862816.1_798792_799113
LOC112054350,NW_019863349.1,+,MXE_exon2,0.000163228,0.342,188055,188423,NW_019863349.1_188055_188423
LOC112054350,NW_019863349.1,+,MXE_exon2,0.002088988,0.133,189033,189374,NW_019863349.1_189033_189374
LOC112043925,NW_019862800.1,+,MXE_exon2,0.000311919,-0.234,526920,527267,NW_019862800.1_526920_527267
LOC112050079,NW_019863005.1,+,MXE_exon2,1.18E-06,-0.297,98808,99343,NW_019863005.1_98808_99343
LOC112050079,NW_019863005.1,+,MXE_exon2,0.008557675,0.104,98808,99343,NW_019863005.1_98808_99343
LOC112043568,NW_019862792.1,+,MXE_exon2,2.97E-06,-0.029,837605,838177,NW_019862792.1_837605_838177
LOC112050624,NW_019863034.1,-,MXE_exon2,1.01E-06,0.254,354189,354588,NW_019863034.1_354189_354588
LOC112051465,NW_019863083.1,-,MXE_exon2,0,0.434,59669,60055,NW_019863083.1_59669_60055
LOC112051461,NW_019863083.1,+,MXE_exon2,0.002338823,-0.122,242278,242720,NW_019863083.1_242278_242720
LOC112052347,NW_019863142.1,-,MXE_exon2,0.020889397,0.203,187890,188213,NW_019863142.1_187890_188213
LOC112044343,NW_019862807.1,+,MXE_exon2,0.007829703,-0.136,33090,33434,NW_019862807.1_33090_33434
LOC112048138,NW_019862918.1,+,MXE_exon2,7.42E-05,-0.544,446219,446595,NW_019862918.1_446219_446595
LOC112047533,NW_019862896.1,+,MXE_exon2,6.81E-05,0.029,335256,335597,NW_019862896.1_335256_335597
LOC112054741,NW_019863404.1,+,MXE_exon2,0.000375809,0.041,115935,116301,NW_019863404.1_115935_116301
LOC112050384,NW_019862756.1,-,MXE_exon2,2.97E-06,-0.159,1797902,1798267,NW_019862756.1_1797902_1798267
LOC112054391,NW_019863354.1,-,MXE_exon2,0.005523269,0.22,184181,184530,NW_019863354.1_184181_184530
LOC112053233,NW_019863219.1,-,MXE_exon2,0.038994706,0.147,63965,64412,NW_019863219.1_63965_64412
LOC112044380,NW_019862807.1,+,MXE_exon2,0.047267266,0.062,304415,304666,NW_019862807.1_304415_304666
LOC112054394,NW_019863354.1,+,MXE_exon2,0.005575882,0.164,80788,81076,NW_019863354.1_80788_81076
LOC112050676,NW_019863037.1,+,MXE_exon2,0.044707961,0.149,285079,285376,NW_019863037.1_285079_285376
LOC112043790,NW_019862797.1,-,MXE_exon2,0.000331669,-0.111,103262,103547,NW_019862797.1_103262_103547
LOC112053517,NW_019863249.1,-,MXE_exon2,0.002119665,0.063,158004,158326,NW_019863249.1_158004_158326
LOC112053517,NW_019863249.1,-,MXE_exon2,0.006446825,0.072,158439,158667,NW_019863249.1_158439_158667
LOC112049390,NW_019862970.1,+,MXE_exon2,6.23E-12,-0.588,464188,464607,NW_019862970.1_464188_464607
LOC112046638,NW_019862864.1,+,MXE_exon2,0.006083007,0.078,296751,297081,NW_019862864.1_296751_297081
LOC112046626,NW_019862864.1,-,MXE_exon2,9.13E-05,0.137,371664,372407,NW_019862864.1_371664_372407
LOC112043252,NW_019862787.1,+,MXE_exon2,0,-0.585,1490524,1490823,NW_019862787.1_1490524_1490823
LOC112048448,NW_019862930.1,-,MXE_exon2,0.044337254,0.072,464667,465078,NW_019862930.1_464667_465078
LOC112057136,NW_019864366.1,-,MXE_exon2,2.55E-05,0.232,9705,10071,NW_019864366.1_9705_10071
LOC112049548,NW_019862978.1,-,MXE_exon2,0.017365278,0.119,390242,390524,NW_019862978.1_390242_390524
LOC112049566,NW_019862978.1,+,MXE_exon2,0.010072503,0.11,431488,431854,NW_019862978.1_431488_431854
LOC112049318,NW_019862968.1,+,MXE_exon2,0.043008674,-0.084,293631,293942,NW_019862968.1_293631_293942
LOC112045357,NW_019862829.1,-,MXE_exon2,2.99E-05,0.051,368534,369063,NW_019862829.1_368534_369063
LOC112050846,NW_019863046.1,-,MXE_exon2,3.07E-08,0.192,325816,326206,NW_019863046.1_325816_326206
LOC112050846,NW_019863046.1,-,MXE_exon2,1.84E-09,0.124,325816,326206,NW_019863046.1_325816_326206
LOC112055835,NW_019863631.1,-,MXE_exon2,0.036391793,0.061,52037,54328,NW_019863631.1_52037_54328
LOC112053557,NW_019863252.1,+,MXE_exon2,0.02501863,0.172,59794,60286,NW_019863252.1_59794_60286
LOC112056212,NW_019863735.1,+,MXE_exon2,1.70E-05,-0.333,33863,34240,NW_019863735.1_33863_34240
LOC112045909,NW_019862843.1,-,MXE_exon2,0.014839075,0.107,318638,319042,NW_019862843.1_318638_319042
LOC112048689,NW_019862940.1,+,MXE_exon2,5.95E-05,-0.432,596862,597281,NW_019862940.1_596862_597281
LOC112055471,NW_019863529.1,+,MXE_exon2,0.000405255,-0.448,76688,77107,NW_019863529.1_76688_77107
LOC112055471,NW_019863529.1,+,MXE_exon2,3.69E-08,-0.544,77517,77801,NW_019863529.1_77517_77801
LOC112049214,NW_019862755.1,+,MXE_exon2,0.01186113,-0.179,2563663,2563974,NW_019862755.1_2563663_2563974
LOC112049214,NW_019862755.1,+,MXE_exon2,0.013023281,-0.184,2563663,2563974,NW_019862755.1_2563663_2563974
LOC112049214,NW_019862755.1,+,MXE_exon2,0.014524589,-0.182,2563663,2563974,NW_019862755.1_2563663_2563974
LOC112049214,NW_019862755.1,+,MXE_exon2,0.019310828,-0.168,2563663,2563974,NW_019862755.1_2563663_2563974
LOC112049214,NW_019862755.1,+,MXE_exon2,0.03464008,0.154,2565500,2565871,NW_019862755.1_2565500_2565871
LOC112049214,NW_019862755.1,+,MXE_exon2,4.21E-06,0.205,2563904,2564215,NW_019862755.1_2563904_2564215
LOC112049214,NW_019862755.1,+,MXE_exon2,0.0006644,0.275,2564447,2564731,NW_019862755.1_2564447_2564731
LOC112049214,NW_019862755.1,+,MXE_exon2,0.018427681,0.137,2563904,2564215,NW_019862755.1_2563904_2564215
LOC112049214,NW_019862755.1,+,MXE_exon2,0.013653142,-0.111,2565744,2566115,NW_019862755.1_2565744_2566115
LOC112049214,NW_019862755.1,+,MXE_exon2,0.014275953,0.055,2565744,2566115,NW_019862755.1_2565744_2566115
LOC112049214,NW_019862755.1,+,MXE_exon2,0.008799662,0.069,2566063,2566434,NW_019862755.1_2566063_2566434
LOC112042995,NW_019862784.1,+,MXE_exon2,0.003060985,0.188,673110,673676,NW_019862784.1_673110_673676
LOC112044606,NW_019862813.1,-,MXE_exon2,0.011526701,0.072,900617,900986,NW_019862813.1_900617_900986
LOC112044451,NW_019862809.1,+,MXE_exon2,5.49E-12,0.111,973120,973690,NW_019862809.1_973120_973690
LOC112044451,NW_019862809.1,+,MXE_exon2,7.28E-12,0.108,973120,973743,NW_019862809.1_973120_973743
LOC112049178,NW_019862962.1,-,MXE_exon2,0.01959002,-0.025,197270,197614,NW_019862962.1_197270_197614
LOC112049178,NW_019862962.1,-,MXE_exon2,0.021021956,-0.025,197270,197614,NW_019862962.1_197270_197614
LOC112046669,NW_019862866.1,+,MXE_exon2,0.007718077,-0.057,745396,745812,NW_019862866.1_745396_745812
LOC112046671,NW_019862866.1,+,MXE_exon2,0.031507685,0.048,380739,381130,NW_019862866.1_380739_381130
LOC112054984,NW_019863443.1,+,MXE_exon2,0.000447236,-0.058,111182,111847,NW_019863443.1_111182_111847
LOC112054984,NW_019863443.1,+,MXE_exon2,0.000465229,-0.058,111452,111847,NW_019863443.1_111452_111847
LOC112054984,NW_019863443.1,+,MXE_exon2,0.025459261,-0.086,111182,111847,NW_019863443.1_111182_111847
LOC112054984,NW_019863443.1,+,MXE_exon2,0.026264687,-0.085,111452,111847,NW_019863443.1_111452_111847
LOC112051132,NW_019863064.1,+,MXE_exon2,6.17E-07,0.407,66750,67153,NW_019863064.1_66750_67153
LOC112051132,NW_019863064.1,+,MXE_exon2,0,0.711,66750,67153,NW_019863064.1_66750_67153
LOC112051132,NW_019863064.1,+,MXE_exon2,0.013803826,0.104,66752,67153,NW_019863064.1_66752_67153
LOC112051132,NW_019863064.1,+,MXE_exon2,6.17E-07,0.407,66750,67153,NW_019863064.1_66750_67153
LOC112051132,NW_019863064.1,+,MXE_exon2,0,0.618,66750,67153,NW_019863064.1_66750_67153
LOC112051132,NW_019863064.1,+,MXE_exon2,0.001777726,0.376,66752,67153,NW_019863064.1_66752_67153
LOC112051279,NW_019863071.1,-,MXE_exon2,0.000668319,-0.069,194524,194900,NW_019863071.1_194524_194900
LOC112043577,NW_019862792.1,+,MXE_exon2,0.000929332,0.063,1092975,1093286,NW_019862792.1_1092975_1093286
LOC112043577,NW_019862792.1,+,MXE_exon2,9.39E-07,0.074,1092975,1093286,NW_019862792.1_1092975_1093286
LOC112043577,NW_019862792.1,+,MXE_exon2,2.12E-05,-0.058,1093396,1093745,NW_019862792.1_1093396_1093745
LOC112043577,NW_019862792.1,+,MXE_exon2,2.26E-08,-0.074,1093396,1093749,NW_019862792.1_1093396_1093749
LOC112057917,NW_019862768.1,+,MXE_exon2,0.008867415,-0.031,1385768,1386205,NW_019862768.1_1385768_1386205
LOC112057917,NW_019862768.1,+,MXE_exon2,0.008744806,-0.031,1385768,1386205,NW_019862768.1_1385768_1386205
LOC112055733,NW_019863598.1,-,MXE_exon2,8.92E-06,-0.493,40243,40599,NW_019863598.1_40243_40599
LOC112051765,NW_019863101.1,+,MXE_exon2,0.009267127,0.113,244528,244832,NW_019863101.1_244528_244832
LOC112053646,NW_019863265.1,+,MXE_exon2,2.99E-05,-0.042,206950,207240,NW_019863265.1_206950_207240
LOC112053646,NW_019863265.1,+,MXE_exon2,0.002266356,0.012,211886,212475,NW_019863265.1_211886_212475
LOC112046470,NW_019862858.1,+,MXE_exon2,6.44E-06,-0.029,628584,628942,NW_019862858.1_628584_628942
LOC112046339,NW_019862855.1,-,MXE_exon2,1.36E-05,-0.287,671197,671602,NW_019862855.1_671197_671602
LOC112046339,NW_019862855.1,-,MXE_exon2,6.14E-08,-0.235,671197,671602,NW_019862855.1_671197_671602
LOC112046339,NW_019862855.1,-,MXE_exon2,8.11E-06,-0.31,671197,671602,NW_019862855.1_671197_671602
LOC112046339,NW_019862855.1,-,MXE_exon2,0.008216337,-0.344,671197,671602,NW_019862855.1_671197_671602
LOC112046339,NW_019862855.1,-,MXE_exon2,0.000632391,-0.297,671197,671602,NW_019862855.1_671197_671602
LOC112051702,NW_019863098.1,+,MXE_exon2,0.003681508,0.277,303240,303652,NW_019863098.1_303240_303652
LOC112051702,NW_019863098.1,+,MXE_exon2,0.000379378,0.362,303276,303652,NW_019863098.1_303276_303652
LOC112051691,NW_019863098.1,+,MXE_exon2,0.000636202,0.216,166023,166361,NW_019863098.1_166023_166361
LOC112058428,NW_019862776.1,-,MXE_exon2,0.007304044,0.07,1076732,1077055,NW_019862776.1_1076732_1077055
LOC112055338,NW_019863503.1,+,MXE_exon2,0.03365284,0.108,60703,61015,NW_019863503.1_60703_61015
LOC112050367,NW_019862748.1,+,MXE_exon2,0.003614414,-0.026,3442758,3443092,NW_019862748.1_3442758_3443092
LOC112051951,NW_019862758.1,-,MXE_exon2,0.008374903,0.057,2123181,2123444,NW_019862758.1_2123181_2123444
LOC112051951,NW_019862758.1,-,MXE_exon2,0.024417412,0.229,2123181,2123444,NW_019862758.1_2123181_2123444
LOC112043332,NW_019862749.1,-,MXE_exon2,0.000876483,-0.07,2339155,2339634,NW_019862749.1_2339155_2339634
LOC112054424,NW_019863356.1,+,MXE_exon2,5.23E-12,-0.706,75510,75796,NW_019863356.1_75510_75796
LOC112054424,NW_019863356.1,+,MXE_exon2,5.44E-10,-0.75,75510,75804,NW_019863356.1_75510_75804
LOC112045704,NW_019862838.1,+,MXE_exon2,1.25E-11,-0.136,612889,613280,NW_019862838.1_612889_613280
LOC112045704,NW_019862838.1,+,MXE_exon2,0.000121701,0.149,614764,615095,NW_019862838.1_614764_615095
LOC112043533,NW_019862792.1,-,MXE_exon2,0.048592158,0.014,40574,40926,NW_019862792.1_40574_40926
LOC112058170,NW_019862749.1,-,MXE_exon2,0.049323613,0.004,387269,387558,NW_019862749.1_387269_387558
LOC112058170,NW_019862749.1,-,MXE_exon2,0.000415756,-0.052,387269,387558,NW_019862749.1_387269_387558
LOC112052627,NW_019863164.1,+,MXE_exon2,2.03E-06,-0.054,82174,82451,NW_019863164.1_82174_82451
LOC112054853,NW_019863425.1,-,MXE_exon2,0.005199173,0.068,129481,129751,NW_019863425.1_129481_129751
LOC112053935,NW_019863297.1,-,MXE_exon2,0.005747672,0.403,151625,151960,NW_019863297.1_151625_151960
LOC112053935,NW_019863297.1,-,MXE_exon2,0.009987408,0.414,151625,151968,NW_019863297.1_151625_151968
LOC112050044,NW_019863003.1,-,MXE_exon2,0,0.032,179209,179633,NW_019863003.1_179209_179633
LOC112050044,NW_019863003.1,-,MXE_exon2,0,0.032,179260,179633,NW_019863003.1_179260_179633
LOC112050044,NW_019863003.1,-,MXE_exon2,0,0.032,179265,179633,NW_019863003.1_179265_179633
LOC112047918,NW_019862908.1,-,MXE_exon2,0.01013035,-0.053,387341,387665,NW_019862908.1_387341_387665
LOC112058145,NW_019862749.1,+,MXE_exon2,0.010621144,-0.076,363193,363741,NW_019862749.1_363193_363741
LOC112043322,NW_019862788.1,+,MXE_exon2,0.019149671,-0.068,1047991,1048301,NW_019862788.1_1047991_1048301
LOC112043322,NW_019862788.1,+,MXE_exon2,0.047236495,0.128,1047991,1048297,NW_019862788.1_1047991_1048297
LOC112052388,NW_019863145.1,-,MXE_exon2,0.000148693,0.302,49446,49856,NW_019863145.1_49446_49856
LOC112052388,NW_019863145.1,-,MXE_exon2,4.85E-05,0.324,49446,49856,NW_019863145.1_49446_49856
LOC112052388,NW_019863145.1,-,MXE_exon2,0.000153591,0.301,49446,49856,NW_019863145.1_49446_49856
LOC112049828,NW_019862993.1,-,MXE_exon2,0.000121704,0.358,321192,321503,NW_019862993.1_321192_321503
LOC112052601,NW_019863161.1,-,MXE_exon2,2.67E-08,-0.013,220393,220773,NW_019863161.1_220393_220773
LOC112048610,NW_019862748.1,-,MXE_exon2,0.030667571,0.276,2695162,2695464,NW_019862748.1_2695162_2695464
LOC112045957,NW_019862844.1,+,MXE_exon2,1.47E-07,0.424,975460,975750,NW_019862844.1_975460_975750
LOC112055597,NW_019862762.1,-,MXE_exon2,0.000124725,-0.057,1117918,1118265,NW_019862762.1_1117918_1118265
LOC112055597,NW_019862762.1,-,MXE_exon2,0.000783959,0.084,1381972,1382315,NW_019862762.1_1381972_1382315
LOC112055597,NW_019862762.1,-,MXE_exon2,1.65E-06,-0.156,1392096,1392401,NW_019862762.1_1392096_1392401
LOC112055429,NW_019862762.1,-,MXE_exon2,7.38E-08,-0.092,348237,348565,NW_019862762.1_348237_348565
LOC112055429,NW_019862762.1,-,MXE_exon2,0.000344631,-0.251,349587,349972,NW_019862762.1_349587_349972
LOC112055429,NW_019862762.1,-,MXE_exon2,0.005879076,-0.253,349587,349972,NW_019862762.1_349587_349972
LOC112048640,NW_019862938.1,-,MXE_exon2,0.022443373,0.059,150136,150468,NW_019862938.1_150136_150468
LOC112048640,NW_019862938.1,-,MXE_exon2,0.02225193,0.057,150136,150499,NW_019862938.1_150136_150499
LOC112048640,NW_019862938.1,-,MXE_exon2,0.01455141,-0.032,151637,151951,NW_019862938.1_151637_151951
LOC112045793,NW_019862752.1,+,MXE_exon2,0.005699643,-0.253,1291897,1292167,NW_019862752.1_1291897_1292167
LOC112044399,NW_019862808.1,-,MXE_exon2,0.000769192,-0.088,1229100,1230031,NW_019862808.1_1229100_1230031
LOC112045313,NW_019862829.1,-,MXE_exon2,6.53E-05,-0.088,303122,303354,NW_019862829.1_303122_303354
LOC112052089,NW_019863124.1,+,MXE_exon2,0.002070478,-0.08,306237,306590,NW_019863124.1_306237_306590
LOC112052089,NW_019863124.1,+,MXE_exon2,0.002070478,-0.08,306237,306590,NW_019863124.1_306237_306590
LOC112052089,NW_019863124.1,+,MXE_exon2,0.002070478,-0.08,306237,306590,NW_019863124.1_306237_306590
LOC112045055,NW_019862823.1,-,MXE_exon2,4.78E-06,0.017,395140,395636,NW_019862823.1_395140_395636
LOC112051619,NW_019862758.1,+,MXE_exon2,0.001544147,0.127,697842,698468,NW_019862758.1_697842_698468
LOC112053871,NW_019863290.1,-,MXE_exon2,0.000656825,-0.389,165617,166310,NW_019863290.1_165617_166310
LOC112053871,NW_019863290.1,-,MXE_exon2,4.15E-06,-0.498,166020,166310,NW_019863290.1_166020_166310
LOC112044489,NW_019862810.1,-,MXE_exon2,0.000146593,0.103,694843,695176,NW_019862810.1_694843_695176
LOC112052395,NW_019863145.1,+,MXE_exon2,6.04E-12,0.043,312908,313302,NW_019863145.1_312908_313302
LOC112052395,NW_019863145.1,+,MXE_exon2,0.035349697,0.292,312917,313302,NW_019863145.1_312917_313302
LOC112048916,NW_019862951.1,-,MXE_exon2,0.041940755,-0.105,200475,200797,NW_019862951.1_200475_200797
LOC112048077,NW_019862915.1,-,MXE_exon2,0.012663367,-0.05,615632,615959,NW_019862915.1_615632_615959
LOC112048077,NW_019862915.1,-,MXE_exon2,0.005332047,-0.026,615632,616130,NW_019862915.1_615632_616130
LOC112048077,NW_019862915.1,-,MXE_exon2,0.002244172,-0.054,615659,616130,NW_019862915.1_615659_616130
LOC112055541,NW_019863548.1,+,MXE_exon2,0.003953069,-0.078,23233,23529,NW_019863548.1_23233_23529
LOC112058369,NW_019862775.1,-,MXE_exon2,1.11E-11,0.506,1374872,1375165,NW_019862775.1_1374872_1375165
LOC112053443,NW_019862760.1,+,MXE_exon2,0.000740256,-0.471,55165,55478,NW_019862760.1_55165_55478
LOC112053443,NW_019862760.1,+,MXE_exon2,0.016463935,-0.128,52325,52574,NW_019862760.1_52325_52574
LOC112053443,NW_019862760.1,+,MXE_exon2,6.23E-12,-0.134,55165,55478,NW_019862760.1_55165_55478
LOC112053443,NW_019862760.1,+,MXE_exon2,0.019682667,-0.329,55165,55478,NW_019862760.1_55165_55478
LOC112053443,NW_019862760.1,+,MXE_exon2,6.11E-06,-0.15,55165,55478,NW_019862760.1_55165_55478
LOC112053443,NW_019862760.1,+,MXE_exon2,0.00050426,-0.206,52325,52574,NW_019862760.1_52325_52574
LOC112053443,NW_019862760.1,+,MXE_exon2,0.011195843,-0.287,52352,52574,NW_019862760.1_52352_52574
LOC112053443,NW_019862760.1,+,MXE_exon2,7.44E-08,-0.652,55165,55478,NW_019862760.1_55165_55478
LOC112053443,NW_019862760.1,+,MXE_exon2,9.04E-07,-0.658,55165,55397,NW_019862760.1_55165_55397
LOC112053443,NW_019862760.1,+,MXE_exon2,4.06E-13,-0.637,55165,55478,NW_019862760.1_55165_55478
LOC112053443,NW_019862760.1,+,MXE_exon2,0.000168676,-0.197,55165,55478,NW_019862760.1_55165_55478
LOC112053443,NW_019862760.1,+,MXE_exon2,0.033854579,-0.324,55165,55478,NW_019862760.1_55165_55478
LOC112053443,NW_019862760.1,+,MXE_exon2,0.001716236,-0.166,55165,55397,NW_019862760.1_55165_55397
LOC112053443,NW_019862760.1,+,MXE_exon2,1.31E-08,-0.321,55165,55478,NW_019862760.1_55165_55478
LOC112053443,NW_019862760.1,+,MXE_exon2,0.000194318,-0.194,55165,55478,NW_019862760.1_55165_55478
LOC112053443,NW_019862760.1,+,MXE_exon2,0.001976114,-0.296,55165,55478,NW_019862760.1_55165_55478
LOC112053443,NW_019862760.1,+,MXE_exon2,0.000828089,-0.021,80224,80475,NW_019862760.1_80224_80475
LOC112045354,NW_019862829.1,+,MXE_exon2,0.007685949,0.033,207884,208178,NW_019862829.1_207884_208178
LOC112055393,NW_019862762.1,+,MXE_exon2,2.49E-06,-0.057,282844,283142,NW_019862762.1_282844_283142
LOC112055393,NW_019862762.1,+,MXE_exon2,0.001224904,-0.052,282844,283142,NW_019862762.1_282844_283142
LOC112043861,NW_019862799.1,+,MXE_exon2,1.20E-05,-0.357,1083277,1083714,NW_019862799.1_1083277_1083714
LOC112054077,NW_019863315.1,+,MXE_exon2,0.015783459,-0.151,109047,109325,NW_019863315.1_109047_109325
LOC112054077,NW_019863315.1,+,MXE_exon2,4.06E-13,-0.337,109047,109325,NW_019863315.1_109047_109325
LOC112054077,NW_019863315.1,+,MXE_exon2,4.27E-13,-0.338,109047,109325,NW_019863315.1_109047_109325
LOC112053186,NW_019863215.1,+,MXE_exon2,0.007227369,0.373,11373,11747,NW_019863215.1_11373_11747
LOC112053186,NW_019863215.1,+,MXE_exon2,0.005045956,0.252,11373,11749,NW_019863215.1_11373_11749
LOC112053186,NW_019863215.1,+,MXE_exon2,0.010158604,0.254,11377,11749,NW_019863215.1_11377_11749
LOC112053186,NW_019863215.1,+,MXE_exon2,0.011516545,0.25,11404,11749,NW_019863215.1_11404_11749
LOC112053186,NW_019863215.1,+,MXE_exon2,0.02175079,0.139,11373,11749,NW_019863215.1_11373_11749
LOC112053186,NW_019863215.1,+,MXE_exon2,0.007668647,0.365,11373,11747,NW_019863215.1_11373_11747
LOC112053186,NW_019863215.1,+,MXE_exon2,0.008867415,0.27,11373,11749,NW_019863215.1_11373_11749
LOC112053186,NW_019863215.1,+,MXE_exon2,0.017079187,0.27,11377,11749,NW_019863215.1_11377_11749
LOC112053186,NW_019863215.1,+,MXE_exon2,0.019100209,0.266,11404,11749,NW_019863215.1_11404_11749
LOC112049588,NW_019862980.1,-,MXE_exon2,0.000131389,-0.275,90917,91279,NW_019862980.1_90917_91279
LOC112056560,NW_019863879.1,-,MXE_exon2,0.048709633,-0.111,7001,7320,NW_019863879.1_7001_7320
LOC112048729,NW_019862941.1,+,MXE_exon2,0.000229293,0.061,291034,291426,NW_019862941.1_291034_291426
LOC112049870,NW_019862756.1,-,MXE_exon2,0.017079187,0.026,648147,648437,NW_019862756.1_648147_648437
LOC112049870,NW_019862756.1,-,MXE_exon2,0.018792364,0.429,648147,648437,NW_019862756.1_648147_648437
LOC112051313,NW_019863074.1,+,MXE_exon2,0.005407058,0.07,162521,162784,NW_019863074.1_162521_162784
LOC112046878,NW_019862874.1,+,MXE_exon2,0.045355499,0.01,165683,166073,NW_019862874.1_165683_166073
LOC112046887,NW_019862874.1,-,MXE_exon2,3.46E-06,-0.145,20845,21197,NW_019862874.1_20845_21197
LOC112046887,NW_019862874.1,-,MXE_exon2,3.46E-06,-0.145,20845,21197,NW_019862874.1_20845_21197
LOC112046887,NW_019862874.1,-,MXE_exon2,0.000107463,-0.131,20845,21197,NW_019862874.1_20845_21197
LOC112046887,NW_019862874.1,-,MXE_exon2,8.33E-07,-0.359,20845,21197,NW_019862874.1_20845_21197
LOC112046887,NW_019862874.1,-,MXE_exon2,1.70E-06,-0.15,20845,21197,NW_019862874.1_20845_21197
LOC112046887,NW_019862874.1,-,MXE_exon2,3.46E-06,-0.145,20845,21197,NW_019862874.1_20845_21197
LOC112046887,NW_019862874.1,-,MXE_exon2,0.012844724,-0.14,20845,21197,NW_019862874.1_20845_21197
LOC112046887,NW_019862874.1,-,MXE_exon2,0.016433533,-0.131,20845,21197,NW_019862874.1_20845_21197
LOC112046887,NW_019862874.1,-,MXE_exon2,0.026832488,-0.126,20845,21197,NW_019862874.1_20845_21197
LOC112046887,NW_019862874.1,-,MXE_exon2,0.016889186,-0.13,20845,21197,NW_019862874.1_20845_21197
LOC112047356,NW_019862890.1,+,MXE_exon2,0.000634095,0.409,326214,326581,NW_019862890.1_326214_326581
LOC112047356,NW_019862890.1,+,MXE_exon2,2.59E-05,0.402,326214,326581,NW_019862890.1_326214_326581
LOC112047356,NW_019862890.1,+,MXE_exon2,0.013387789,0.274,326214,326581,NW_019862890.1_326214_326581
LOC112047356,NW_019862890.1,+,MXE_exon2,0.000121704,0.444,326214,326581,NW_019862890.1_326214_326581
LOC112047356,NW_019862890.1,+,MXE_exon2,8.08E-05,0.432,326214,326581,NW_019862890.1_326214_326581
LOC112045524,NW_019862834.1,-,MXE_exon2,6.96E-05,0.038,979194,979558,NW_019862834.1_979194_979558
LOC112045524,NW_019862834.1,-,MXE_exon2,5.87E-05,0.038,979194,979558,NW_019862834.1_979194_979558
LOC112058236,NW_019862773.1,+,MXE_exon2,0.036919635,0.104,183389,183720,NW_019862773.1_183389_183720
LOC112057044,NW_019864244.1,-,MXE_exon2,1.47E-05,-0.303,3469,3903,NW_019864244.1_3469_3903
LOC112056365,NW_019863789.1,-,MXE_exon2,0.002086439,0.594,52820,53152,NW_019863789.1_52820_53152
LOC112056365,NW_019863789.1,-,MXE_exon2,0.002091054,0.471,52820,53152,NW_019863789.1_52820_53152
LOC112056365,NW_019863789.1,-,MXE_exon2,0.000265906,-0.441,61558,61889,NW_019863789.1_61558_61889
LOC112058550,NW_019862778.1,-,MXE_exon2,0,-0.166,1103134,1103464,NW_019862778.1_1103134_1103464
LOC112058550,NW_019862778.1,-,MXE_exon2,0,-0.102,1103134,1103465,NW_019862778.1_1103134_1103465
LOC112058550,NW_019862778.1,-,MXE_exon2,0,-0.169,1103134,1103476,NW_019862778.1_1103134_1103476
LOC112058550,NW_019862778.1,-,MXE_exon2,0,-0.178,1103138,1103465,NW_019862778.1_1103138_1103465
LOC112058550,NW_019862778.1,-,MXE_exon2,0,-0.178,1103134,1103464,NW_019862778.1_1103134_1103464
LOC112058550,NW_019862778.1,-,MXE_exon2,0,-0.112,1103134,1103465,NW_019862778.1_1103134_1103465
LOC112058550,NW_019862778.1,-,MXE_exon2,0,-0.181,1103134,1103476,NW_019862778.1_1103134_1103476
LOC112058550,NW_019862778.1,-,MXE_exon2,0,-0.19,1103138,1103465,NW_019862778.1_1103138_1103465
LOC112058550,NW_019862778.1,-,MXE_exon2,0,-0.166,1103134,1103464,NW_019862778.1_1103134_1103464
LOC112058550,NW_019862778.1,-,MXE_exon2,0,-0.103,1103134,1103465,NW_019862778.1_1103134_1103465
LOC112058550,NW_019862778.1,-,MXE_exon2,0,-0.17,1103134,1103476,NW_019862778.1_1103134_1103476
LOC112058550,NW_019862778.1,-,MXE_exon2,0,-0.178,1103138,1103465,NW_019862778.1_1103138_1103465
LOC112058550,NW_019862778.1,-,MXE_exon2,8.36E-14,-0.228,1103134,1103464,NW_019862778.1_1103134_1103464
LOC112058550,NW_019862778.1,-,MXE_exon2,2.89E-13,-0.229,1103134,1103476,NW_019862778.1_1103134_1103476
LOC112058550,NW_019862778.1,-,MXE_exon2,0,-0.249,1103138,1103465,NW_019862778.1_1103138_1103465
LOC112058550,NW_019862778.1,-,MXE_exon2,0,-0.163,1103134,1103464,NW_019862778.1_1103134_1103464
LOC112058550,NW_019862778.1,-,MXE_exon2,0,-0.101,1103134,1103465,NW_019862778.1_1103134_1103465
LOC112058550,NW_019862778.1,-,MXE_exon2,0,-0.166,1103134,1103476,NW_019862778.1_1103134_1103476
LOC112058550,NW_019862778.1,-,MXE_exon2,0,-0.175,1103138,1103465,NW_019862778.1_1103138_1103465
LOC112058550,NW_019862778.1,-,MXE_exon2,0,-0.156,1103134,1103464,NW_019862778.1_1103134_1103464
LOC112058550,NW_019862778.1,-,MXE_exon2,0,-0.095,1103134,1103465,NW_019862778.1_1103134_1103465
LOC112058550,NW_019862778.1,-,MXE_exon2,0,-0.16,1103134,1103476,NW_019862778.1_1103134_1103476
LOC112058550,NW_019862778.1,-,MXE_exon2,0,-0.167,1103138,1103465,NW_019862778.1_1103138_1103465
LOC112058550,NW_019862778.1,-,MXE_exon2,6.29E-11,-0.081,1103134,1103464,NW_019862778.1_1103134_1103464
LOC112058550,NW_019862778.1,-,MXE_exon2,3.39E-12,-0.042,1103134,1103465,NW_019862778.1_1103134_1103465
LOC112058550,NW_019862778.1,-,MXE_exon2,7.96E-11,-0.083,1103134,1103476,NW_019862778.1_1103134_1103476
LOC112058550,NW_019862778.1,-,MXE_exon2,1.61E-13,-0.085,1103138,1103465,NW_019862778.1_1103138_1103465
LOC112058550,NW_019862778.1,-,MXE_exon2,0.023224332,-0.016,1103138,1103465,NW_019862778.1_1103138_1103465
LOC112052001,NW_019863118.1,-,MXE_exon2,0.001145864,0.071,162344,162589,NW_019863118.1_162344_162589
LOC112052001,NW_019863118.1,-,MXE_exon2,0.001145864,0.071,162344,162589,NW_019863118.1_162344_162589
LOC112052867,NW_019863182.1,-,MXE_exon2,1.81E-06,-0.163,232635,233037,NW_019863182.1_232635_233037
LOC112052867,NW_019863182.1,-,MXE_exon2,0.002494462,-0.135,232671,232976,NW_019863182.1_232671_232976
LOC112052867,NW_019863182.1,-,MXE_exon2,1.40E-05,-0.108,232671,233037,NW_019863182.1_232671_233037
LOC112052867,NW_019863182.1,-,MXE_exon2,2.84E-10,-0.063,232635,233037,NW_019863182.1_232635_233037
LOC112052867,NW_019863182.1,-,MXE_exon2,3.15E-06,-0.051,232671,232976,NW_019863182.1_232671_232976
LOC112052867,NW_019863182.1,-,MXE_exon2,1.31E-10,-0.091,232635,233037,NW_019863182.1_232635_233037
LOC112052867,NW_019863182.1,-,MXE_exon2,1.65E-06,-0.074,232671,232976,NW_019863182.1_232671_232976
LOC112052867,NW_019863182.1,-,MXE_exon2,7.87E-10,-0.127,232671,233037,NW_019863182.1_232671_233037
LOC112051523,NW_019863087.1,+,MXE_exon2,0.045131223,0.385,159662,160120,NW_019863087.1_159662_160120
LOC112051523,NW_019863087.1,+,MXE_exon2,0.001607513,0.147,159707,159949,NW_019863087.1_159707_159949
LOC112051523,NW_019863087.1,+,MXE_exon2,0.000448811,0.166,159707,160120,NW_019863087.1_159707_160120
LOC112051523,NW_019863087.1,+,MXE_exon2,0.031125835,0.302,159575,159949,NW_019863087.1_159575_159949
LOC112051523,NW_019863087.1,+,MXE_exon2,0.02355808,0.273,159575,160120,NW_019863087.1_159575_160120
LOC112051523,NW_019863087.1,+,MXE_exon2,0.018917359,0.461,159662,159949,NW_019863087.1_159662_159949
LOC112051523,NW_019863087.1,+,MXE_exon2,0.000813975,0.514,159662,160120,NW_019863087.1_159662_160120
LOC112051523,NW_019863087.1,+,MXE_exon2,5.44E-05,0.207,159707,159949,NW_019863087.1_159707_159949
LOC112051523,NW_019863087.1,+,MXE_exon2,4.66E-06,0.225,159707,160120,NW_019863087.1_159707_160120
LOC112051523,NW_019863087.1,+,MXE_exon2,0.008935951,0.061,159751,160323,NW_019863087.1_159751_160323
LOC112051523,NW_019863087.1,+,MXE_exon2,0.008917008,0.061,159776,160323,NW_019863087.1_159776_160323
LOC112051523,NW_019863087.1,+,MXE_exon2,0.00892196,0.061,159807,160323,NW_019863087.1_159807_160323
LOC112051523,NW_019863087.1,+,MXE_exon2,0.008882236,0.061,159814,160323,NW_019863087.1_159814_160323
LOC112051523,NW_019863087.1,+,MXE_exon2,0.008870016,0.061,159832,160323,NW_019863087.1_159832_160323
LOC112051523,NW_019863087.1,+,MXE_exon2,0.008984978,0.061,159842,160323,NW_019863087.1_159842_160323
LOC112051523,NW_019863087.1,+,MXE_exon2,0.008936098,0.061,159858,160323,NW_019863087.1_159858_160323
LOC112051523,NW_019863087.1,+,MXE_exon2,0.008990134,0.061,159877,160323,NW_019863087.1_159877_160323
LOC112051523,NW_019863087.1,+,MXE_exon2,0.00892196,0.061,159898,160323,NW_019863087.1_159898_160323
LOC112051523,NW_019863087.1,+,MXE_exon2,0.0088538,0.061,159925,160323,NW_019863087.1_159925_160323
LOC112051523,NW_019863087.1,+,MXE_exon2,0.00892196,0.061,159944,160323,NW_019863087.1_159944_160323
LOC112051523,NW_019863087.1,+,MXE_exon2,0.00892196,0.061,159976,160323,NW_019863087.1_159976_160323
LOC112051523,NW_019863087.1,+,MXE_exon2,0.008780035,0.061,159981,160323,NW_019863087.1_159981_160323
LOC112051523,NW_019863087.1,+,MXE_exon2,0.003779595,0.089,187387,187730,NW_019863087.1_187387_187730
LOC112051523,NW_019863087.1,+,MXE_exon2,0.007476857,0.075,187387,187730,NW_019863087.1_187387_187730
LOC112051523,NW_019863087.1,+,MXE_exon2,7.84E-07,0.105,190430,190675,NW_019863087.1_190430_190675
LOC112051523,NW_019863087.1,+,MXE_exon2,0.004253432,-0.103,182970,183186,NW_019863087.1_182970_183186
LOC112044491,NW_019862810.1,+,MXE_exon2,0.008434372,0.168,733670,733986,NW_019862810.1_733670_733986
LOC112044491,NW_019862810.1,+,MXE_exon2,0.036459969,0.194,733670,733986,NW_019862810.1_733670_733986
LOC112049219,NW_019862964.1,-,MXE_exon2,3.87E-13,-0.166,412465,412816,NW_019862964.1_412465_412816
LOC112046986,NW_019862879.1,-,MXE_exon2,0.003299459,0.026,320360,320599,NW_019862879.1_320360_320599
LOC112051371,NW_019863078.1,-,MXE_exon2,0.025663096,-0.045,45597,45973,NW_019863078.1_45597_45973
LOC112051371,NW_019863078.1,-,MXE_exon2,0.025663096,-0.045,45597,45976,NW_019863078.1_45597_45976
LOC112051307,NW_019863073.1,-,MXE_exon2,0.021632451,0.009,211868,212139,NW_019863073.1_211868_212139
LOC112052225,NW_019863134.1,-,MXE_exon2,6.90E-06,-0.052,128106,128392,NW_019863134.1_128106_128392
LOC112056544,NW_019863876.1,+,MXE_exon2,0.001457292,0.171,20093,20522,NW_019863876.1_20093_20522
LOC112058474,NW_019862777.1,-,MXE_exon2,8.87E-05,0.191,809682,810007,NW_019862777.1_809682_810007
LOC112046146,NW_019862849.1,+,MXE_exon2,0.00701825,-0.495,797525,797824,NW_019862849.1_797525_797824
LOC112055375,NW_019863509.1,-,MXE_exon2,0.004678294,0.024,85896,86345,NW_019863509.1_85896_86345
LOC112055375,NW_019863509.1,-,MXE_exon2,0.008730153,0.021,86031,86345,NW_019863509.1_86031_86345
LOC112055375,NW_019863509.1,-,MXE_exon2,0.009250096,0.021,85896,86345,NW_019863509.1_85896_86345
LOC112055375,NW_019863509.1,-,MXE_exon2,0.028703157,0.018,86031,86345,NW_019863509.1_86031_86345
LOC112055375,NW_019863509.1,-,MXE_exon2,0.030730474,0.017,86031,86345,NW_019863509.1_86031_86345
LOC112055375,NW_019863509.1,-,MXE_exon2,0.000509978,0.061,86031,86388,NW_019863509.1_86031_86388
LOC112044077,NW_019862803.1,+,MXE_exon2,0.000643152,-0.258,141389,141718,NW_019862803.1_141389_141718
LOC112044077,NW_019862803.1,+,MXE_exon2,0.000783257,-0.26,141389,141720,NW_019862803.1_141389_141720
LOC112044077,NW_019862803.1,+,MXE_exon2,7.07E-07,-0.169,141389,141723,NW_019862803.1_141389_141723
LOC112044077,NW_019862803.1,+,MXE_exon2,0.00091081,-0.263,141389,141754,NW_019862803.1_141389_141754
LOC112049759,NW_019862988.1,+,MXE_exon2,2.84E-06,0.254,260473,260829,NW_019862988.1_260473_260829
LOC112054011,NW_019863305.1,+,MXE_exon2,2.11E-05,-0.474,149254,149582,NW_019863305.1_149254_149582
LOC112053574,NW_019862760.1,-,MXE_exon2,0.000115025,-0.342,173342,173653,NW_019862760.1_173342_173653
LOC112052834,NW_019863180.1,-,MXE_exon2,0.000210219,0.203,221227,221618,NW_019863180.1_221227_221618
LOC112047449,NW_019862893.1,-,MXE_exon2,4.82E-07,0.411,411981,412277,NW_019862893.1_411981_412277
LOC112047449,NW_019862893.1,-,MXE_exon2,0.035305007,-0.39,411981,412274,NW_019862893.1_411981_412274
LOC112047449,NW_019862893.1,-,MXE_exon2,8.59E-07,0.518,411981,412277,NW_019862893.1_411981_412277
LOC112047449,NW_019862893.1,-,MXE_exon2,4.26E-06,0.422,411981,412277,NW_019862893.1_411981_412277
LOC112047434,NW_019862893.1,-,MXE_exon2,0.036820691,0.059,381650,381931,NW_019862893.1_381650_381931
LOC112058078,NW_019862771.1,+,MXE_exon2,7.42E-05,0.104,745424,746014,NW_019862771.1_745424_746014
LOC112058374,NW_019862775.1,+,MXE_exon2,0.017490391,0.024,1560060,1560408,NW_019862775.1_1560060_1560408
LOC112053274,NW_019863223.1,+,MXE_exon2,1.89E-06,-0.215,163412,163743,NW_019863223.1_163412_163743
LOC112051655,NW_019863094.1,-,MXE_exon2,0.015983558,-0.051,188882,189221,NW_019863094.1_188882_189221
LOC112046894,NW_019862874.1,+,MXE_exon2,0.000396571,-0.051,271770,272133,NW_019862874.1_271770_272133
LOC112046894,NW_019862874.1,+,MXE_exon2,4.45E-08,-0.063,271770,272397,NW_019862874.1_271770_272397
LOC112046894,NW_019862874.1,+,MXE_exon2,0.000359835,-0.054,272120,272397,NW_019862874.1_272120_272397
LOC112046894,NW_019862874.1,+,MXE_exon2,0.000403215,-0.032,272120,272397,NW_019862874.1_272120_272397
LOC112046894,NW_019862874.1,+,MXE_exon2,0.000359835,-0.054,272120,272397,NW_019862874.1_272120_272397
LOC112046894,NW_019862874.1,+,MXE_exon2,0.000358853,-0.055,272120,272397,NW_019862874.1_272120_272397
LOC112046894,NW_019862874.1,+,MXE_exon2,0.000377857,-0.054,272120,272397,NW_019862874.1_272120_272397
LOC112049491,NW_019862976.1,-,MXE_exon2,0.00222213,-0.135,66994,67287,NW_019862976.1_66994_67287
LOC112056342,NW_019863781.1,+,MXE_exon2,6.62E-05,0.303,17506,17914,NW_019863781.1_17506_17914
LOC112056342,NW_019863781.1,+,MXE_exon2,0.002220912,0.262,17538,17914,NW_019863781.1_17538_17914
LOC112051181,NW_019863067.1,-,MXE_exon2,0.011711652,0.122,305635,306143,NW_019863067.1_305635_306143
LOC112051181,NW_019863067.1,-,MXE_exon2,0.011711652,0.122,305635,306143,NW_019863067.1_305635_306143
LOC112051181,NW_019863067.1,-,MXE_exon2,0.011711652,0.122,305635,306143,NW_019863067.1_305635_306143
LOC112051181,NW_019863067.1,-,MXE_exon2,0.002345938,-0.28,307980,308227,NW_019863067.1_307980_308227
LOC112054571,NW_019863377.1,+,MXE_exon2,0.010918577,0.345,141504,141813,NW_019863377.1_141504_141813
LOC112056020,NW_019863685.1,-,MXE_exon2,1.10E-07,0.298,12742,13047,NW_019863685.1_12742_13047
LOC112047033,NW_019862881.1,-,MXE_exon2,0.001220863,-0.387,302395,302662,NW_019862881.1_302395_302662
LOC112049557,NW_019862978.1,+,MXE_exon2,0.049326953,0.147,95692,96024,NW_019862978.1_95692_96024
LOC112049557,NW_019862978.1,+,MXE_exon2,0.014220948,0.131,95692,96024,NW_019862978.1_95692_96024
LOC112049557,NW_019862978.1,+,MXE_exon2,0.023609871,0.11,95699,96024,NW_019862978.1_95699_96024
LOC112049557,NW_019862978.1,+,MXE_exon2,0.039335114,-0.026,97692,98024,NW_019862978.1_97692_98024
LOC112046143,NW_019862849.1,+,MXE_exon2,0.015823568,0.034,173591,173883,NW_019862849.1_173591_173883
LOC112055522,NW_019863545.1,+,MXE_exon2,0.012250507,-0.037,42522,42818,NW_019863545.1_42522_42818
LOC112049503,NW_019862976.1,-,MXE_exon2,3.16E-08,-0.056,436710,437236,NW_019862976.1_436710_437236
LOC112049503,NW_019862976.1,-,MXE_exon2,3.16E-08,-0.056,436827,437236,NW_019862976.1_436827_437236
LOC112049503,NW_019862976.1,-,MXE_exon2,2.45E-08,-0.015,436973,437236,NW_019862976.1_436973_437236
LOC112049503,NW_019862976.1,-,MXE_exon2,5.59E-08,-0.053,436973,437377,NW_019862976.1_436973_437377
LOC112049503,NW_019862976.1,-,MXE_exon2,4.54E-08,-0.042,436975,437236,NW_019862976.1_436975_437236
LOC112049503,NW_019862976.1,-,MXE_exon2,8.42E-09,-0.075,436710,437236,NW_019862976.1_436710_437236
LOC112049503,NW_019862976.1,-,MXE_exon2,8.42E-09,-0.075,436827,437236,NW_019862976.1_436827_437236
LOC112049503,NW_019862976.1,-,MXE_exon2,5.93E-09,-0.022,436973,437236,NW_019862976.1_436973_437236
LOC112049503,NW_019862976.1,-,MXE_exon2,1.55E-08,-0.071,436973,437377,NW_019862976.1_436973_437377
LOC112049503,NW_019862976.1,-,MXE_exon2,1.23E-08,-0.057,436975,437236,NW_019862976.1_436975_437236
LOC112049503,NW_019862976.1,-,MXE_exon2,5.33E-12,-0.07,436710,437236,NW_019862976.1_436710_437236
LOC112049503,NW_019862976.1,-,MXE_exon2,5.33E-12,-0.07,436827,437236,NW_019862976.1_436827_437236
LOC112049503,NW_019862976.1,-,MXE_exon2,3.84E-12,-0.019,436973,437236,NW_019862976.1_436973_437236
LOC112049503,NW_019862976.1,-,MXE_exon2,8.70E-12,-0.067,436973,437377,NW_019862976.1_436973_437377
LOC112049503,NW_019862976.1,-,MXE_exon2,7.50E-12,-0.053,436975,437236,NW_019862976.1_436975_437236
LOC112049503,NW_019862976.1,-,MXE_exon2,5.85E-06,-0.145,436710,437236,NW_019862976.1_436710_437236
LOC112049503,NW_019862976.1,-,MXE_exon2,5.85E-06,-0.145,436827,437236,NW_019862976.1_436827_437236
LOC112049503,NW_019862976.1,-,MXE_exon2,1.79E-07,-0.14,436973,437377,NW_019862976.1_436973_437377
LOC112049503,NW_019862976.1,-,MXE_exon2,2.03E-07,-0.124,436975,437236,NW_019862976.1_436975_437236
LOC112049503,NW_019862976.1,-,MXE_exon2,1.42E-11,-0.077,436710,437236,NW_019862976.1_436710_437236
LOC112049503,NW_019862976.1,-,MXE_exon2,1.42E-11,-0.077,436827,437236,NW_019862976.1_436827_437236
LOC112049503,NW_019862976.1,-,MXE_exon2,7.94E-12,-0.022,436973,437236,NW_019862976.1_436973_437236
LOC112049503,NW_019862976.1,-,MXE_exon2,2.53E-11,-0.074,436973,437377,NW_019862976.1_436973_437377
LOC112049503,NW_019862976.1,-,MXE_exon2,2.23E-11,-0.059,436975,437236,NW_019862976.1_436975_437236
LOC112049503,NW_019862976.1,-,MXE_exon2,5.28E-09,-0.072,436710,437236,NW_019862976.1_436710_437236
LOC112049503,NW_019862976.1,-,MXE_exon2,5.28E-09,-0.072,436827,437236,NW_019862976.1_436827_437236
LOC112049503,NW_019862976.1,-,MXE_exon2,3.73E-09,-0.021,436973,437236,NW_019862976.1_436973_437236
LOC112049503,NW_019862976.1,-,MXE_exon2,9.48E-09,-0.068,436973,437377,NW_019862976.1_436973_437377
LOC112049503,NW_019862976.1,-,MXE_exon2,7.67E-09,-0.055,436975,437236,NW_019862976.1_436975_437236
LOC112049503,NW_019862976.1,-,MXE_exon2,1.71E-06,0.143,441341,441940,NW_019862976.1_441341_441940
LOC112049503,NW_019862976.1,-,MXE_exon2,1.71E-06,0.143,441344,441940,NW_019862976.1_441344_441940
LOC112049503,NW_019862976.1,-,MXE_exon2,1.71E-06,0.143,441520,441940,NW_019862976.1_441520_441940
LOC112049503,NW_019862976.1,-,MXE_exon2,2.25E-07,0.133,441665,441940,NW_019862976.1_441665_441940
LOC112049503,NW_019862976.1,-,MXE_exon2,7.77E-07,0.137,441676,441940,NW_019862976.1_441676_441940
LOC112055942,NW_019863661.1,+,MXE_exon2,0.037240046,-0.222,20643,20964,NW_019863661.1_20643_20964
LOC112046842,NW_019862873.1,+,MXE_exon2,0.005699643,0.066,564212,564531,NW_019862873.1_564212_564531
LOC112056419,NW_019863807.1,-,MXE_exon2,0.000329714,0.064,18517,19081,NW_019863807.1_18517_19081
LOC112056419,NW_019863807.1,-,MXE_exon2,0.000343589,0.064,18517,19081,NW_019863807.1_18517_19081
LOC112055262,NW_019862762.1,-,MXE_exon2,0.025318718,0.021,188611,189086,NW_019862762.1_188611_189086
LOC112055262,NW_019862762.1,-,MXE_exon2,0.002338823,0.046,188754,189086,NW_019862762.1_188754_189086
LOC112055262,NW_019862762.1,-,MXE_exon2,0.02520976,0.013,188611,189086,NW_019862762.1_188611_189086
LOC112058168,NW_019862772.1,+,MXE_exon2,0.000353333,0.045,1629237,1629768,NW_019862772.1_1629237_1629768
LOC112055327,NW_019863501.1,+,MXE_exon2,0.005164114,0.057,64886,65294,NW_019863501.1_64886_65294
LOC112042935,NW_019862782.1,-,MXE_exon2,0.042206334,-0.028,1153148,1153444,NW_019862782.1_1153148_1153444
LOC112042935,NW_019862782.1,-,MXE_exon2,0.048987846,-0.096,1176743,1176978,NW_019862782.1_1176743_1176978
LOC112047844,NW_019862905.1,-,MXE_exon2,0,-0.027,641720,641984,NW_019862905.1_641720_641984
LOC112048050,NW_019862754.1,-,MXE_exon2,0.012844724,-0.069,1609421,1609745,NW_019862754.1_1609421_1609745
LOC112046122,NW_019862752.1,-,MXE_exon2,0.012139452,-0.153,1921119,1921419,NW_019862752.1_1921119_1921419
LOC112055365,NW_019863507.1,+,MXE_exon2,0.002213034,0.158,53297,53711,NW_019863507.1_53297_53711
LOC112043271,NW_019862788.1,-,MXE_exon2,8.04E-07,0.503,50609,51022,NW_019862788.1_50609_51022
LOC112045866,NW_019862842.1,+,MXE_exon2,0.002444228,-0.034,843856,844230,NW_019862842.1_843856_844230
LOC112045866,NW_019862842.1,+,MXE_exon2,0.000526572,-0.032,859825,860228,NW_019862842.1_859825_860228
LOC112052126,NW_019863128.1,+,MXE_exon2,5.83E-05,-0.292,163519,163756,NW_019863128.1_163519_163756
LOC112052126,NW_019863128.1,+,MXE_exon2,0.005161779,-0.04,163519,163756,NW_019863128.1_163519_163756
LOC112044961,NW_019862820.1,+,MXE_exon2,0.002876697,0.074,78484,78768,NW_019862820.1_78484_78768
LOC112044961,NW_019862820.1,+,MXE_exon2,0.011970501,0.104,78484,78768,NW_019862820.1_78484_78768
LOC112044961,NW_019862820.1,+,MXE_exon2,0.010600561,0.151,78484,78768,NW_019862820.1_78484_78768
LOC112043560,NW_019862792.1,-,MXE_exon2,0.000229293,-0.113,635327,635712,NW_019862792.1_635327_635712
LOC112058604,NW_019862778.1,+,MXE_exon2,0.016426,0.135,1085636,1086271,NW_019862778.1_1085636_1086271
LOC112046693,NW_019862867.1,+,MXE_exon2,6.68E-11,-0.081,675287,675529,NW_019862867.1_675287_675529
LOC112046693,NW_019862867.1,+,MXE_exon2,0,-0.105,675287,675619,NW_019862867.1_675287_675619
LOC112046693,NW_019862867.1,+,MXE_exon2,0.024320343,-0.125,675287,675529,NW_019862867.1_675287_675529
LOC112046693,NW_019862867.1,+,MXE_exon2,0.025355556,-0.077,675287,675619,NW_019862867.1_675287_675619
LOC112046693,NW_019862867.1,+,MXE_exon2,2.91E-09,0.076,677477,677770,NW_019862867.1_677477_677770
LOC112048334,NW_019862754.1,+,MXE_exon2,0.000952516,0.038,2466770,2467126,NW_019862754.1_2466770_2467126
LOC112054846,NW_019863425.1,+,MXE_exon2,0.004039628,0.364,95724,96132,NW_019863425.1_95724_96132
LOC112054188,NW_019863327.1,-,MXE_exon2,0.045921676,0.043,104400,104656,NW_019863327.1_104400_104656
LOC112054188,NW_019863327.1,-,MXE_exon2,0.00407311,0.042,109358,109661,NW_019863327.1_109358_109661
LOC112052849,NW_019863181.1,-,MXE_exon2,0.025318718,-0.007,160490,160795,NW_019863181.1_160490_160795
LOC112051410,NW_019863081.1,+,MXE_exon2,1.41E-11,-0.878,372813,373159,NW_019863081.1_372813_373159
LOC112051410,NW_019863081.1,+,MXE_exon2,6.49E-12,-0.89,372825,373159,NW_019863081.1_372825_373159
LOC112046979,NW_019862879.1,+,MXE_exon2,0.007821303,0.104,108199,108531,NW_019862879.1_108199_108531
LOC112046979,NW_019862879.1,+,MXE_exon2,0.003166906,0.11,108199,108531,NW_019862879.1_108199_108531
LOC112046979,NW_019862879.1,+,MXE_exon2,0.005094007,0.024,108932,109360,NW_019862879.1_108932_109360
LOC112046979,NW_019862879.1,+,MXE_exon2,0.004017202,0.025,108932,109360,NW_019862879.1_108932_109360
LOC112047770,NW_019862904.1,+,MXE_exon2,0.038938575,0.052,998639,998928,NW_019862904.1_998639_998928
LOC112046058,NW_019862846.1,+,MXE_exon2,2.21E-05,0.193,199277,199610,NW_019862846.1_199277_199610
LOC112050604,NW_019863032.1,-,MXE_exon2,0.000131876,0.022,121508,121791,NW_019863032.1_121508_121791
LOC112050604,NW_019863032.1,-,MXE_exon2,1.10E-07,0.035,121509,121791,NW_019863032.1_121509_121791
LOC112050604,NW_019863032.1,-,MXE_exon2,2.37E-05,0.024,121508,121791,NW_019863032.1_121508_121791
LOC112050604,NW_019863032.1,-,MXE_exon2,8.91E-08,0.039,121509,121791,NW_019863032.1_121509_121791
LOC112050604,NW_019863032.1,-,MXE_exon2,0,0.059,121508,121791,NW_019863032.1_121508_121791
LOC112050604,NW_019863032.1,-,MXE_exon2,0,0.093,121509,121791,NW_019863032.1_121509_121791
LOC112053291,NW_019863225.1,-,MXE_exon2,0.013157084,-0.067,122273,122601,NW_019863225.1_122273_122601
LOC112053291,NW_019863225.1,-,MXE_exon2,7.58E-10,0.151,122639,122964,NW_019863225.1_122639_122964
LOC112053291,NW_019863225.1,-,MXE_exon2,2.28E-07,0.156,122636,122964,NW_019863225.1_122636_122964
LOC112053291,NW_019863225.1,-,MXE_exon2,5.22E-06,0.176,122639,122964,NW_019863225.1_122639_122964
LOC112053291,NW_019863225.1,-,MXE_exon2,4.88E-11,0.15,122636,122964,NW_019863225.1_122636_122964
LOC112053291,NW_019863225.1,-,MXE_exon2,1.10E-08,0.172,122639,122964,NW_019863225.1_122639_122964
LOC112044618,NW_019862813.1,-,MXE_exon2,0.000305926,0.125,133445,133827,NW_019862813.1_133445_133827
LOC112046108,NW_019862848.1,+,MXE_exon2,0.008748294,-0.051,333419,333864,NW_019862848.1_333419_333864
LOC112046108,NW_019862848.1,+,MXE_exon2,0.006730894,-0.052,333419,333864,NW_019862848.1_333419_333864
LOC112053170,NW_019863214.1,-,MXE_exon2,0,-0.627,183209,183505,NW_019863214.1_183209_183505
LOC112053170,NW_019863214.1,-,MXE_exon2,0,-0.623,183209,183514,NW_019863214.1_183209_183514
LOC112053170,NW_019863214.1,-,MXE_exon2,0,-0.4,184195,184485,NW_019863214.1_184195_184485
LOC112053170,NW_019863214.1,-,MXE_exon2,0,-0.673,183209,183505,NW_019863214.1_183209_183505
LOC112053170,NW_019863214.1,-,MXE_exon2,0,-0.651,183209,183514,NW_019863214.1_183209_183514
LOC112053170,NW_019863214.1,-,MXE_exon2,1.37E-13,-0.557,183211,183514,NW_019863214.1_183211_183514
LOC112053170,NW_019863214.1,-,MXE_exon2,0,-0.303,184195,184485,NW_019863214.1_184195_184485
LOC112053170,NW_019863214.1,-,MXE_exon2,0,-0.47,184195,184494,NW_019863214.1_184195_184494
LOC112053170,NW_019863214.1,-,MXE_exon2,0,-0.207,184817,185110,NW_019863214.1_184817_185110
LOC112053170,NW_019863214.1,-,MXE_exon2,0,-0.131,184817,185119,NW_019863214.1_184817_185119
LOC112053170,NW_019863214.1,-,MXE_exon2,0,-0.615,183209,183505,NW_019863214.1_183209_183505
LOC112053170,NW_019863214.1,-,MXE_exon2,0,-0.568,183209,183514,NW_019863214.1_183209_183514
LOC112053170,NW_019863214.1,-,MXE_exon2,1.32E-09,-0.532,183211,183514,NW_019863214.1_183211_183514
LOC112053170,NW_019863214.1,-,MXE_exon2,0,-0.205,184195,184485,NW_019863214.1_184195_184485
LOC112053170,NW_019863214.1,-,MXE_exon2,0,-0.362,184195,184494,NW_019863214.1_184195_184494
LOC112053170,NW_019863214.1,-,MXE_exon2,1.02E-10,-0.13,184817,185110,NW_019863214.1_184817_185110
LOC112053170,NW_019863214.1,-,MXE_exon2,5.68E-14,-0.079,184817,185119,NW_019863214.1_184817_185119
LOC112053170,NW_019863214.1,-,MXE_exon2,0,-0.608,183209,183505,NW_019863214.1_183209_183505
LOC112053170,NW_019863214.1,-,MXE_exon2,0,-0.557,183209,183514,NW_019863214.1_183209_183514
LOC112053170,NW_019863214.1,-,MXE_exon2,2.64E-10,-0.533,183211,183514,NW_019863214.1_183211_183514
LOC112053170,NW_019863214.1,-,MXE_exon2,0,-0.195,184195,184485,NW_019863214.1_184195_184485
LOC112053170,NW_019863214.1,-,MXE_exon2,0,-0.349,184195,184494,NW_019863214.1_184195_184494
LOC112053170,NW_019863214.1,-,MXE_exon2,5.83E-11,-0.121,184817,185110,NW_019863214.1_184817_185110
LOC112053170,NW_019863214.1,-,MXE_exon2,3.03E-14,-0.074,184817,185119,NW_019863214.1_184817_185119
LOC112053170,NW_019863214.1,-,MXE_exon2,0.01186113,0.169,184195,184485,NW_019863214.1_184195_184485
LOC112053170,NW_019863214.1,-,MXE_exon2,1.18E-05,0.133,184195,184485,NW_019863214.1_184195_184485
LOC112053170,NW_019863214.1,-,MXE_exon2,0.005760436,0.179,184195,184494,NW_019863214.1_184195_184494
LOC112053170,NW_019863214.1,-,MXE_exon2,4.96E-11,0.146,184817,185110,NW_019863214.1_184817_185110
LOC112053170,NW_019863214.1,-,MXE_exon2,6.72E-09,0.07,184817,185119,NW_019863214.1_184817_185119
LOC112053170,NW_019863214.1,-,MXE_exon2,0.004973081,0.174,184195,184485,NW_019863214.1_184195_184485
LOC112053170,NW_019863214.1,-,MXE_exon2,3.78E-06,0.175,184195,184485,NW_019863214.1_184195_184485
LOC112053170,NW_019863214.1,-,MXE_exon2,0.003225864,0.21,184195,184494,NW_019863214.1_184195_184494
LOC112053170,NW_019863214.1,-,MXE_exon2,0,0.2,184817,185110,NW_019863214.1_184817_185110
LOC112053170,NW_019863214.1,-,MXE_exon2,6.72E-13,0.105,184817,185119,NW_019863214.1_184817_185119
LOC112053170,NW_019863214.1,-,MXE_exon2,0.003812804,0.047,184817,185110,NW_019863214.1_184817_185110
LOC112053170,NW_019863214.1,-,MXE_exon2,0.021512716,0.02,184817,185119,NW_019863214.1_184817_185119
LOC112053170,NW_019863214.1,-,MXE_exon2,0.03953139,0.088,184817,185110,NW_019863214.1_184817_185110
LOC112053170,NW_019863214.1,-,MXE_exon2,0.006083007,0.093,184817,185110,NW_019863214.1_184817_185110
LOC112044504,NW_019862810.1,-,MXE_exon2,1.67E-06,-0.055,1165025,1165315,NW_019862810.1_1165025_1165315
LOC112044504,NW_019862810.1,-,MXE_exon2,0.014916058,-0.016,1165910,1166244,NW_019862810.1_1165910_1166244
LOC112044504,NW_019862810.1,-,MXE_exon2,0.009938337,-0.096,1166031,1166244,NW_019862810.1_1166031_1166244
LOC112044504,NW_019862810.1,-,MXE_exon2,0.010684569,-0.02,1164921,1165315,NW_019862810.1_1164921_1165315
LOC112044504,NW_019862810.1,-,MXE_exon2,0.048669185,-0.008,1165025,1165315,NW_019862810.1_1165025_1165315
LOC112044504,NW_019862810.1,-,MXE_exon2,0.048669185,-0.008,1165025,1165315,NW_019862810.1_1165025_1165315
LOC112055996,NW_019863677.1,+,MXE_exon2,0.024125592,0.339,70308,70565,NW_019863677.1_70308_70565
LOC112055996,NW_019863677.1,+,MXE_exon2,0.001129025,0.423,70308,70598,NW_019863677.1_70308_70598
LOC112055996,NW_019863677.1,+,MXE_exon2,0.000613845,0.448,70309,70598,NW_019863677.1_70309_70598
LOC112055996,NW_019863677.1,+,MXE_exon2,0.01170871,0.374,70308,70598,NW_019863677.1_70308_70598
LOC112055996,NW_019863677.1,+,MXE_exon2,0.00938263,0.332,70308,70598,NW_019863677.1_70308_70598
LOC112055996,NW_019863677.1,+,MXE_exon2,0.00550339,0.344,70309,70598,NW_019863677.1_70309_70598
LOC112055996,NW_019863677.1,+,MXE_exon2,0.048382508,0.281,70308,70565,NW_019863677.1_70308_70565
LOC112055996,NW_019863677.1,+,MXE_exon2,0.010918577,0.306,70308,70598,NW_019863677.1_70308_70598
LOC112055996,NW_019863677.1,+,MXE_exon2,0.025459261,0.342,70308,70598,NW_019863677.1_70308_70598
LOC112052466,NW_019862759.1,+,MXE_exon2,0.014992776,-0.03,162117,162428,NW_019862759.1_162117_162428
LOC112050490,NW_019863025.1,+,MXE_exon2,0.000775185,0.094,187880,188197,NW_019863025.1_187880_188197
LOC112050490,NW_019863025.1,+,MXE_exon2,0.000692293,0.098,187884,188197,NW_019863025.1_187884_188197
LOC112053917,NW_019863295.1,-,MXE_exon2,2.24E-05,0.095,46062,46454,NW_019863295.1_46062_46454
LOC112053917,NW_019863295.1,-,MXE_exon2,6.28E-05,0.119,46062,46460,NW_019863295.1_46062_46460
LOC112048087,NW_019862916.1,-,MXE_exon2,0.022084283,0.265,148583,148839,NW_019862916.1_148583_148839
LOC112048087,NW_019862916.1,-,MXE_exon2,0.022014083,-0.094,149831,150454,NW_019862916.1_149831_150454
LOC112054561,NW_019863375.1,+,MXE_exon2,0.000332936,-0.492,167557,167852,NW_019863375.1_167557_167852
LOC112054561,NW_019863375.1,+,MXE_exon2,6.80E-06,-0.491,167557,167870,NW_019863375.1_167557_167870
LOC112054561,NW_019863375.1,+,MXE_exon2,0.031133994,-0.378,167557,168124,NW_019863375.1_167557_168124
LOC112054561,NW_019863375.1,+,MXE_exon2,0.043960192,-0.371,167557,168250,NW_019863375.1_167557_168250
LOC112054561,NW_019863375.1,+,MXE_exon2,0.000536056,-0.404,167570,167852,NW_019863375.1_167570_167852
LOC112054561,NW_019863375.1,+,MXE_exon2,0.005616218,-0.286,167570,167870,NW_019863375.1_167570_167870
LOC112054561,NW_019863375.1,+,MXE_exon2,0.015822733,-0.25,167570,168124,NW_019863375.1_167570_168124
LOC112054561,NW_019863375.1,+,MXE_exon2,0.000662368,-0.289,167570,168250,NW_019863375.1_167570_168250
LOC112054561,NW_019863375.1,+,MXE_exon2,0.002587483,-0.377,168903,169351,NW_019863375.1_168903_169351
LOC112054561,NW_019863375.1,+,MXE_exon2,1.73E-09,-0.69,168927,169351,NW_019863375.1_168927_169351
LOC112054561,NW_019863375.1,+,MXE_exon2,3.33E-09,-0.699,169015,169351,NW_019863375.1_169015_169351
LOC112054561,NW_019863375.1,+,MXE_exon2,0.004608836,-0.46,167557,167852,NW_019863375.1_167557_167852
LOC112054561,NW_019863375.1,+,MXE_exon2,5.30E-05,-0.489,167557,167870,NW_019863375.1_167557_167870
LOC112054561,NW_019863375.1,+,MXE_exon2,0.001877001,-0.432,167570,167852,NW_019863375.1_167570_167852
LOC112054561,NW_019863375.1,+,MXE_exon2,0.008846595,-0.272,167570,167870,NW_019863375.1_167570_167870
LOC112054561,NW_019863375.1,+,MXE_exon2,0.015124413,-0.25,167570,168124,NW_019863375.1_167570_168124
LOC112054561,NW_019863375.1,+,MXE_exon2,0.000799338,-0.287,167570,168250,NW_019863375.1_167570_168250
LOC112054561,NW_019863375.1,+,MXE_exon2,0.034696213,-0.341,168903,169351,NW_019863375.1_168903_169351
LOC112054561,NW_019863375.1,+,MXE_exon2,0.006345791,-0.402,167557,167852,NW_019863375.1_167557_167852
LOC112054561,NW_019863375.1,+,MXE_exon2,8.38E-05,-0.417,167557,167870,NW_019863375.1_167557_167870
LOC112054561,NW_019863375.1,+,MXE_exon2,0.002323355,-0.391,167570,167852,NW_019863375.1_167570_167852
LOC112054561,NW_019863375.1,+,MXE_exon2,0.010158604,-0.25,167570,167870,NW_019863375.1_167570_167870
LOC112054561,NW_019863375.1,+,MXE_exon2,0.015079058,-0.25,167570,168124,NW_019863375.1_167570_168124
LOC112054561,NW_019863375.1,+,MXE_exon2,0.000569024,-0.3,167570,168250,NW_019863375.1_167570_168250
LOC112054561,NW_019863375.1,+,MXE_exon2,0.014106686,-0.381,168903,169326,NW_019863375.1_168903_169326
LOC112054561,NW_019863375.1,+,MXE_exon2,0.029637378,-0.316,168903,169351,NW_019863375.1_168903_169351
LOC112054561,NW_019863375.1,+,MXE_exon2,0.000403787,-0.534,167557,167852,NW_019863375.1_167557_167852
LOC112054561,NW_019863375.1,+,MXE_exon2,5.46E-06,-0.575,167557,167870,NW_019863375.1_167557_167870
LOC112054561,NW_019863375.1,+,MXE_exon2,0.015454553,-0.43,167557,168124,NW_019863375.1_167557_168124
LOC112054561,NW_019863375.1,+,MXE_exon2,0.021546807,-0.443,167557,168250,NW_019863375.1_167557_168250
LOC112054561,NW_019863375.1,+,MXE_exon2,0.000499673,-0.478,167570,167852,NW_019863375.1_167570_167852
LOC112054561,NW_019863375.1,+,MXE_exon2,0.005161779,-0.286,167570,167870,NW_019863375.1_167570_167870
LOC112054561,NW_019863375.1,+,MXE_exon2,0.015079058,-0.25,167570,168124,NW_019863375.1_167570_168124
LOC112054561,NW_019863375.1,+,MXE_exon2,0.000422518,-0.308,167570,168250,NW_019863375.1_167570_168250
LOC112054561,NW_019863375.1,+,MXE_exon2,0.020131828,-0.422,168903,169326,NW_019863375.1_168903_169326
LOC112054561,NW_019863375.1,+,MXE_exon2,0.021086699,-0.347,168903,169351,NW_019863375.1_168903_169351
LOC112054561,NW_019863375.1,+,MXE_exon2,3.66E-07,-0.675,168927,169351,NW_019863375.1_168927_169351
LOC112054561,NW_019863375.1,+,MXE_exon2,1.22E-12,-0.75,169015,169326,NW_019863375.1_169015_169326
LOC112054561,NW_019863375.1,+,MXE_exon2,4.85E-07,-0.675,169015,169351,NW_019863375.1_169015_169351
LOC112054561,NW_019863375.1,+,MXE_exon2,1.67E-11,-0.694,169015,169522,NW_019863375.1_169015_169522
LOC112054561,NW_019863375.1,+,MXE_exon2,0.000745843,-0.561,169100,169522,NW_019863375.1_169100_169522
LOC112054561,NW_019863375.1,+,MXE_exon2,8.27E-05,-0.2,167557,167852,NW_019863375.1_167557_167852
LOC112054561,NW_019863375.1,+,MXE_exon2,8.78E-06,-0.169,167557,167870,NW_019863375.1_167557_167870
LOC112054561,NW_019863375.1,+,MXE_exon2,0.000107043,-0.165,167570,167852,NW_019863375.1_167570_167852
LOC112054561,NW_019863375.1,+,MXE_exon2,0.003329272,-0.157,167570,167870,NW_019863375.1_167570_167870
LOC112054561,NW_019863375.1,+,MXE_exon2,0.015437858,-0.249,167570,168124,NW_019863375.1_167570_168124
LOC112054561,NW_019863375.1,+,MXE_exon2,0.000602326,-0.289,167570,168250,NW_019863375.1_167570_168250
LOC112054561,NW_019863375.1,+,MXE_exon2,2.15E-05,-0.481,168927,169326,NW_019863375.1_168927_169326
LOC112054561,NW_019863375.1,+,MXE_exon2,5.22E-08,-0.64,168927,169351,NW_019863375.1_168927_169351
LOC112054561,NW_019863375.1,+,MXE_exon2,0.00407311,-0.263,168927,169362,NW_019863375.1_168927_169362
LOC112054561,NW_019863375.1,+,MXE_exon2,0.000139521,-0.417,168927,169522,NW_019863375.1_168927_169522
LOC112054561,NW_019863375.1,+,MXE_exon2,0.012919952,0.18,168928,169353,NW_019863375.1_168928_169353
LOC112054561,NW_019863375.1,+,MXE_exon2,1.63E-07,-0.395,169015,169326,NW_019863375.1_169015_169326
LOC112054561,NW_019863375.1,+,MXE_exon2,5.83E-05,-0.557,169015,169351,NW_019863375.1_169015_169351
LOC112054561,NW_019863375.1,+,MXE_exon2,0.002161691,-0.342,169015,169362,NW_019863375.1_169015_169362
LOC112054561,NW_019863375.1,+,MXE_exon2,1.55E-08,-0.555,169015,169522,NW_019863375.1_169015_169522
LOC112054561,NW_019863375.1,+,MXE_exon2,0.005467226,-0.471,167557,167852,NW_019863375.1_167557_167852
LOC112054561,NW_019863375.1,+,MXE_exon2,7.80E-05,-0.505,167557,167870,NW_019863375.1_167557_167870
LOC112054561,NW_019863375.1,+,MXE_exon2,0.001974449,-0.414,167570,167852,NW_019863375.1_167570_167852
LOC112054561,NW_019863375.1,+,MXE_exon2,0.005968618,-0.285,167570,167870,NW_019863375.1_167570_167870
LOC112054561,NW_019863375.1,+,MXE_exon2,0.015430218,-0.25,167570,168124,NW_019863375.1_167570_168124
LOC112054561,NW_019863375.1,+,MXE_exon2,0.001043371,-0.286,167570,168250,NW_019863375.1_167570_168250
LOC112054561,NW_019863375.1,+,MXE_exon2,0.002335622,-0.501,167557,167852,NW_019863375.1_167557_167852
LOC112054561,NW_019863375.1,+,MXE_exon2,2.91E-05,-0.553,167557,167870,NW_019863375.1_167557_167870
LOC112054561,NW_019863375.1,+,MXE_exon2,0.038567164,-0.407,167557,168124,NW_019863375.1_167557_168124
LOC112054561,NW_019863375.1,+,MXE_exon2,0.001062558,-0.453,167570,167852,NW_019863375.1_167570_167852
LOC112054561,NW_019863375.1,+,MXE_exon2,0.005347137,-0.286,167570,167870,NW_019863375.1_167570_167870
LOC112054561,NW_019863375.1,+,MXE_exon2,0.015079058,-0.25,167570,168124,NW_019863375.1_167570_168124
LOC112054561,NW_019863375.1,+,MXE_exon2,0.000759521,-0.289,167570,168250,NW_019863375.1_167570_168250
LOC112054561,NW_019863375.1,+,MXE_exon2,3.89E-08,-0.136,167557,167852,NW_019863375.1_167557_167852
LOC112054561,NW_019863375.1,+,MXE_exon2,1.68E-07,-0.104,167557,167870,NW_019863375.1_167557_167870
LOC112054561,NW_019863375.1,+,MXE_exon2,0.022084283,-0.094,167557,168124,NW_019863375.1_167557_168124
LOC112054561,NW_019863375.1,+,MXE_exon2,0.012080632,-0.11,167557,168250,NW_019863375.1_167557_168250
LOC112054561,NW_019863375.1,+,MXE_exon2,1.46E-06,-0.124,167570,167852,NW_019863375.1_167570_167852
LOC112054561,NW_019863375.1,+,MXE_exon2,0.00380805,-0.129,167570,167870,NW_019863375.1_167570_167870
LOC112054561,NW_019863375.1,+,MXE_exon2,0.015277276,-0.249,167570,168124,NW_019863375.1_167570_168124
LOC112054561,NW_019863375.1,+,MXE_exon2,0.00075242,-0.27,167570,168250,NW_019863375.1_167570_168250
LOC112054561,NW_019863375.1,+,MXE_exon2,1.80E-05,-0.43,168927,169326,NW_019863375.1_168927_169326
LOC112054561,NW_019863375.1,+,MXE_exon2,9.06E-12,-0.628,168927,169351,NW_019863375.1_168927_169351
LOC112054561,NW_019863375.1,+,MXE_exon2,0.003740055,-0.255,168927,169362,NW_019863375.1_168927_169362
LOC112054561,NW_019863375.1,+,MXE_exon2,8.17E-05,-0.326,168927,169522,NW_019863375.1_168927_169522
LOC112054561,NW_019863375.1,+,MXE_exon2,0.003580523,0.061,168928,169353,NW_019863375.1_168928_169353
LOC112054561,NW_019863375.1,+,MXE_exon2,3.61E-08,-0.275,169015,169326,NW_019863375.1_169015_169326
LOC112054561,NW_019863375.1,+,MXE_exon2,1.31E-07,-0.549,169015,169351,NW_019863375.1_169015_169351
LOC112054561,NW_019863375.1,+,MXE_exon2,0.000236804,-0.309,169015,169362,NW_019863375.1_169015_169362
LOC112054561,NW_019863375.1,+,MXE_exon2,3.08E-10,-0.422,169015,169522,NW_019863375.1_169015_169522
LOC112054561,NW_019863375.1,+,MXE_exon2,0.01390893,-0.064,169100,169522,NW_019863375.1_169100_169522
LOC112054561,NW_019863375.1,+,MXE_exon2,0.003963048,-0.503,167557,167852,NW_019863375.1_167557_167852
LOC112054561,NW_019863375.1,+,MXE_exon2,6.64E-05,-0.552,167557,167870,NW_019863375.1_167557_167870
LOC112054561,NW_019863375.1,+,MXE_exon2,0.001859616,-0.449,167570,167852,NW_019863375.1_167570_167852
LOC112054561,NW_019863375.1,+,MXE_exon2,0.006562704,-0.289,167570,167870,NW_019863375.1_167570_167870
LOC112054561,NW_019863375.1,+,MXE_exon2,0.015079058,-0.25,167570,168124,NW_019863375.1_167570_168124
LOC112054561,NW_019863375.1,+,MXE_exon2,0.000811214,-0.297,167570,168250,NW_019863375.1_167570_168250
LOC112054561,NW_019863375.1,+,MXE_exon2,0.002382321,-0.505,167557,167852,NW_019863375.1_167557_167852
LOC112054561,NW_019863375.1,+,MXE_exon2,3.40E-05,-0.559,167557,167870,NW_019863375.1_167557_167870
LOC112054561,NW_019863375.1,+,MXE_exon2,0.037612159,-0.431,167557,168124,NW_019863375.1_167557_168124
LOC112054561,NW_019863375.1,+,MXE_exon2,0.001315603,-0.44,167570,167852,NW_019863375.1_167570_167852
LOC112054561,NW_019863375.1,+,MXE_exon2,0.005525522,-0.297,167570,167870,NW_019863375.1_167570_167870
LOC112054561,NW_019863375.1,+,MXE_exon2,0.014419246,-0.25,167570,168124,NW_019863375.1_167570_168124
LOC112054561,NW_019863375.1,+,MXE_exon2,0.000439595,-0.316,167570,168250,NW_019863375.1_167570_168250
LOC112056355,NW_019863786.1,+,MXE_exon2,1.84E-09,0.192,40417,40751,NW_019863786.1_40417_40751
LOC112056355,NW_019863786.1,+,MXE_exon2,1.88E-07,0.279,40417,40751,NW_019863786.1_40417_40751
LOC112056355,NW_019863786.1,+,MXE_exon2,1.84E-07,0.279,40417,40751,NW_019863786.1_40417_40751
LOC112054235,NW_019863330.1,+,MXE_exon2,0.016444528,0.029,128509,128830,NW_019863330.1_128509_128830
LOC112054235,NW_019863330.1,+,MXE_exon2,0.022602471,0.063,128542,128830,NW_019863330.1_128542_128830
LOC112043675,NW_019862794.1,-,MXE_exon2,0.005835536,-0.053,1289764,1290109,NW_019862794.1_1289764_1290109
LOC112055155,NW_019863467.1,-,MXE_exon2,0.046721685,-0.242,105353,105608,NW_019863467.1_105353_105608
LOC112044245,NW_019862805.1,-,MXE_exon2,0.004529139,-0.023,1015065,1015345,NW_019862805.1_1015065_1015345
LOC112044245,NW_019862805.1,-,MXE_exon2,0.002763728,-0.061,1015065,1015395,NW_019862805.1_1015065_1015395
LOC112044245,NW_019862805.1,-,MXE_exon2,0.004529139,-0.023,1015065,1015345,NW_019862805.1_1015065_1015345
LOC112044245,NW_019862805.1,-,MXE_exon2,0.002763728,-0.061,1015065,1015395,NW_019862805.1_1015065_1015395
LOC112044245,NW_019862805.1,-,MXE_exon2,0.014336288,-0.149,1015065,1015395,NW_019862805.1_1015065_1015395
LOC112057549,NW_019866406.1,-,MXE_exon2,1.17E-05,-0.325,477,800,NW_019866406.1_477_800
LOC112057549,NW_019866406.1,-,MXE_exon2,5.77E-06,-0.153,477,800,NW_019866406.1_477_800
LOC112056072,NW_019863696.1,-,MXE_exon2,1.78E-09,-0.033,29563,29913,NW_019863696.1_29563_29913
LOC112056072,NW_019863696.1,-,MXE_exon2,5.64E-07,-0.018,29563,29914,NW_019863696.1_29563_29914
LOC112052870,NW_019863183.1,-,MXE_exon2,0,-0.408,115162,115482,NW_019863183.1_115162_115482
LOC112048533,NW_019862934.1,-,MXE_exon2,3.83E-05,-0.467,180719,181277,NW_019862934.1_180719_181277
LOC112051355,NW_019863077.1,-,MXE_exon2,2.37E-06,0.253,31590,31997,NW_019863077.1_31590_31997
LOC112051355,NW_019863077.1,-,MXE_exon2,1.70E-06,0.252,31725,31996,NW_019863077.1_31725_31996
LOC112051355,NW_019863077.1,-,MXE_exon2,0.000130002,0.398,31725,31997,NW_019863077.1_31725_31997
LOC112047476,NW_019862894.1,-,MXE_exon2,0.019682667,-0.258,1109512,1109745,NW_019862894.1_1109512_1109745
LOC112054795,NW_019863415.1,+,MXE_exon2,0.004313583,-0.181,120280,120490,NW_019863415.1_120280_120490
LOC112051386,NW_019863079.1,+,MXE_exon2,0.013424048,0.345,73377,74049,NW_019863079.1_73377_74049
LOC112051386,NW_019863079.1,+,MXE_exon2,0.014419246,0.343,73396,74049,NW_019863079.1_73396_74049
LOC112051386,NW_019863079.1,+,MXE_exon2,0.013842349,0.345,73424,74049,NW_019863079.1_73424_74049
LOC112051386,NW_019863079.1,+,MXE_exon2,0.013842349,0.345,73456,74049,NW_019863079.1_73456_74049
LOC112051386,NW_019863079.1,+,MXE_exon2,0.013842349,0.345,73512,74049,NW_019863079.1_73512_74049
LOC112054625,NW_019863386.1,-,MXE_exon2,0.009007442,0.08,44932,45307,NW_019863386.1_44932_45307
LOC112058407,NW_019862776.1,+,MXE_exon2,0.010962698,-0.017,484154,484450,NW_019862776.1_484154_484450
LOC112050705,NW_019863039.1,+,MXE_exon2,0.000762761,0.03,253673,253951,NW_019863039.1_253673_253951
LOC112050705,NW_019863039.1,+,MXE_exon2,0.008560674,0.046,253673,253951,NW_019863039.1_253673_253951
LOC112048859,NW_019862948.1,+,MXE_exon2,0.001145596,-0.02,154064,154419,NW_019862948.1_154064_154419
LOC112051648,NW_019863094.1,-,MXE_exon2,0.000372629,0.465,21378,21712,NW_019863094.1_21378_21712
LOC112051648,NW_019863094.1,-,MXE_exon2,0.000380227,0.463,21378,21721,NW_019863094.1_21378_21721
LOC112051648,NW_019863094.1,-,MXE_exon2,0.000236804,0.474,21378,21712,NW_019863094.1_21378_21712
LOC112051648,NW_019863094.1,-,MXE_exon2,0.000244042,0.471,21378,21721,NW_019863094.1_21378_21721
LOC112048047,NW_019862914.1,-,MXE_exon2,0.016018002,0.148,451407,451778,NW_019862914.1_451407_451778
LOC112045692,NW_019862838.1,+,MXE_exon2,0.024982117,-0.462,135803,136149,NW_019862838.1_135803_136149
LOC112057757,NW_019862766.1,+,MXE_exon2,0.00831606,0.017,166354,166774,NW_019862766.1_166354_166774
LOC112056791,NW_019862764.1,-,MXE_exon2,4.29E-05,0.036,147797,148165,NW_019862764.1_147797_148165
LOC112056791,NW_019862764.1,-,MXE_exon2,4.32E-07,0.109,147797,148184,NW_019862764.1_147797_148184
LOC112056791,NW_019862764.1,-,MXE_exon2,0.000407589,0.044,147799,148165,NW_019862764.1_147799_148165
LOC112056937,NW_019862764.1,+,MXE_exon2,0.03223593,-0.094,1063480,1063856,NW_019862764.1_1063480_1063856
LOC112056937,NW_019862764.1,+,MXE_exon2,0.032091011,-0.094,1063483,1063856,NW_019862764.1_1063483_1063856
LOC112052748,NW_019863172.1,+,MXE_exon2,0.001958257,0.142,262270,262588,NW_019863172.1_262270_262588
LOC112058156,NW_019862772.1,-,MXE_exon2,0.0196108,-0.25,1145928,1146367,NW_019862772.1_1145928_1146367
LOC112055427,NW_019863522.1,-,MXE_exon2,0.000120108,0.177,75203,75738,NW_019863522.1_75203_75738
LOC112055427,NW_019863522.1,-,MXE_exon2,1.41E-05,0.168,75356,75738,NW_019863522.1_75356_75738
LOC112055427,NW_019863522.1,-,MXE_exon2,0.003184195,0.156,75203,75738,NW_019863522.1_75203_75738
LOC112051756,NW_019863101.1,-,MXE_exon2,0.00085305,0.406,32274,32595,NW_019863101.1_32274_32595
LOC112053895,NW_019863292.1,-,MXE_exon2,0.010061642,0.282,34069,34395,NW_019863292.1_34069_34395
LOC112053895,NW_019863292.1,-,MXE_exon2,0.005711677,0.285,34069,34395,NW_019863292.1_34069_34395
LOC112053895,NW_019863292.1,-,MXE_exon2,0.008585436,0.069,34073,34395,NW_019863292.1_34073_34395
LOC112053886,NW_019863292.1,+,MXE_exon2,0.010918577,0.047,125503,126139,NW_019863292.1_125503_126139
LOC112053886,NW_019863292.1,+,MXE_exon2,3.72E-08,-0.058,127035,127340,NW_019863292.1_127035_127340
LOC112053886,NW_019863292.1,+,MXE_exon2,3.72E-08,-0.058,127035,127340,NW_019863292.1_127035_127340
LOC112053886,NW_019863292.1,+,MXE_exon2,3.72E-08,-0.058,127035,127340,NW_019863292.1_127035_127340
LOC112053886,NW_019863292.1,+,MXE_exon2,5.47E-08,-0.058,127035,127340,NW_019863292.1_127035_127340
LOC112053886,NW_019863292.1,+,MXE_exon2,2.67E-08,0.036,128175,128620,NW_019863292.1_128175_128620
LOC112045812,NW_019862841.1,+,MXE_exon2,5.44E-05,-0.429,283692,284030,NW_019862841.1_283692_284030
LOC112058419,NW_019862776.1,-,MXE_exon2,0.006507927,-0.017,779953,780204,NW_019862776.1_779953_780204
LOC112058419,NW_019862776.1,-,MXE_exon2,0.000613845,-0.016,779953,780204,NW_019862776.1_779953_780204
LOC112054150,NW_019863325.1,+,MXE_exon2,0,-0.701,281830,282195,NW_019863325.1_281830_282195
LOC112054150,NW_019863325.1,+,MXE_exon2,0.028945279,-0.455,299478,299781,NW_019863325.1_299478_299781
LOC112052373,NW_019862759.1,+,MXE_exon2,0.018978892,-0.118,2018833,2019093,NW_019862759.1_2018833_2019093
LOC112052373,NW_019862759.1,+,MXE_exon2,5.53E-08,0.112,2021387,2021825,NW_019862759.1_2021387_2021825
LOC112052373,NW_019862759.1,+,MXE_exon2,0.003519429,0.03,2021387,2021825,NW_019862759.1_2021387_2021825
LOC112052373,NW_019862759.1,+,MXE_exon2,0.026661799,0.077,2027595,2028199,NW_019862759.1_2027595_2028199
LOC112046267,NW_019862853.1,-,MXE_exon2,0.046930668,-0.062,844369,844639,NW_019862853.1_844369_844639
LOC112054900,NW_019863429.1,+,MXE_exon2,6.91E-10,0.684,84922,85184,NW_019863429.1_84922_85184
LOC112054900,NW_019863429.1,+,MXE_exon2,2.39E-13,0.526,84922,85185,NW_019863429.1_84922_85185
LOC112054900,NW_019863429.1,+,MXE_exon2,2.12E-06,0.207,84922,85610,NW_019863429.1_84922_85610
LOC112047003,NW_019862880.1,-,MXE_exon2,0.031242769,0.009,431525,431863,NW_019862880.1_431525_431863
LOC112049089,NW_019862958.1,+,MXE_exon2,8.36E-14,0.126,12546,12873,NW_019862958.1_12546_12873
LOC112049089,NW_019862958.1,+,MXE_exon2,0,0.076,12546,12877,NW_019862958.1_12546_12877
LOC112049089,NW_019862958.1,+,MXE_exon2,3.03E-14,0.126,12546,12883,NW_019862958.1_12546_12883
LOC112049089,NW_019862958.1,+,MXE_exon2,5.68E-14,0.13,12546,13032,NW_019862958.1_12546_13032
LOC112049089,NW_019862958.1,+,MXE_exon2,5.68E-14,0.13,12546,13202,NW_019862958.1_12546_13202
LOC112054484,NW_019863363.1,-,MXE_exon2,0.024145731,-0.088,24502,24789,NW_019863363.1_24502_24789
LOC112054484,NW_019863363.1,-,MXE_exon2,0.018700514,-0.091,24502,24801,NW_019863363.1_24502_24801
LOC112054126,NW_019863321.1,-,MXE_exon2,0.000589555,-0.079,120909,121265,NW_019863321.1_120909_121265
LOC112046714,NW_019862869.1,-,MXE_exon2,2.28E-08,0.31,204516,204951,NW_019862869.1_204516_204951
LOC112046714,NW_019862869.1,-,MXE_exon2,5.33E-07,0.028,204516,204951,NW_019862869.1_204516_204951
LOC112046714,NW_019862869.1,-,MXE_exon2,9.66E-08,0.023,204516,204951,NW_019862869.1_204516_204951
LOC112046714,NW_019862869.1,-,MXE_exon2,1.12E-07,0.023,204516,204951,NW_019862869.1_204516_204951
LOC112046714,NW_019862869.1,-,MXE_exon2,1.59E-07,0.022,204516,204951,NW_019862869.1_204516_204951
LOC112046714,NW_019862869.1,-,MXE_exon2,6.41E-05,0.287,204516,204951,NW_019862869.1_204516_204951
LOC112046714,NW_019862869.1,-,MXE_exon2,5.64E-07,0.028,204516,204951,NW_019862869.1_204516_204951
LOC112046714,NW_019862869.1,-,MXE_exon2,5.20E-07,0.028,204516,204951,NW_019862869.1_204516_204951
LOC112046740,NW_019862869.1,+,MXE_exon2,0.037874963,-0.069,345549,345885,NW_019862869.1_345549_345885
LOC112056170,NW_019863725.1,+,MXE_exon2,0.008545172,-0.124,18979,19402,NW_019863725.1_18979_19402
LOC112056170,NW_019863725.1,+,MXE_exon2,0.003733481,-0.044,18979,19402,NW_019863725.1_18979_19402
LOC112056170,NW_019863725.1,+,MXE_exon2,0,-0.318,18979,19402,NW_019863725.1_18979_19402
LOC112056170,NW_019863725.1,+,MXE_exon2,0,-0.373,18985,19402,NW_019863725.1_18985_19402
LOC112056170,NW_019863725.1,+,MXE_exon2,0,-0.373,19021,19402,NW_019863725.1_19021_19402
LOC112056170,NW_019863725.1,+,MXE_exon2,0,-0.179,18979,19402,NW_019863725.1_18979_19402
LOC112056170,NW_019863725.1,+,MXE_exon2,5.68E-14,-0.228,18985,19402,NW_019863725.1_18985_19402
LOC112056170,NW_019863725.1,+,MXE_exon2,5.68E-14,-0.228,19021,19402,NW_019863725.1_19021_19402
LOC112054431,NW_019863356.1,+,MXE_exon2,0.045938933,0.128,131457,132019,NW_019863356.1_131457_132019
LOC112055897,NW_019863653.1,+,MXE_exon2,1.42E-05,0.139,84604,84957,NW_019863653.1_84604_84957
LOC112055897,NW_019863653.1,+,MXE_exon2,0.000785521,0.26,85208,85652,NW_019863653.1_85208_85652
LOC112047355,NW_019862890.1,-,MXE_exon2,4.63E-08,0.153,331304,331857,NW_019862890.1_331304_331857
LOC112047355,NW_019862890.1,-,MXE_exon2,2.64E-10,0.242,331304,331857,NW_019862890.1_331304_331857
LOC112047355,NW_019862890.1,-,MXE_exon2,6.09E-08,0.152,331304,331857,NW_019862890.1_331304_331857
LOC112047355,NW_019862890.1,-,MXE_exon2,2.64E-10,0.242,331304,331857,NW_019862890.1_331304_331857
LOC112047355,NW_019862890.1,-,MXE_exon2,1.55E-08,0.159,331304,331857,NW_019862890.1_331304_331857
LOC112047355,NW_019862890.1,-,MXE_exon2,2.89E-10,0.241,331304,331857,NW_019862890.1_331304_331857
LOC112047355,NW_019862890.1,-,MXE_exon2,0.035181317,0.039,331304,331857,NW_019862890.1_331304_331857
LOC112047355,NW_019862890.1,-,MXE_exon2,0.02747031,0.04,331304,331857,NW_019862890.1_331304_331857
LOC112047355,NW_019862890.1,-,MXE_exon2,7.68E-09,0.235,331304,331857,NW_019862890.1_331304_331857
LOC112047254,NW_019862886.1,+,MXE_exon2,7.88E-07,-0.138,763570,763887,NW_019862886.1_763570_763887
LOC112055815,NW_019863623.1,-,MXE_exon2,0.002218474,0.122,16646,17131,NW_019863623.1_16646_17131
LOC112055815,NW_019863623.1,-,MXE_exon2,0.004751207,0.205,17982,18470,NW_019863623.1_17982_18470
LOC112055815,NW_019863623.1,-,MXE_exon2,0.014350307,0.188,18772,19266,NW_019863623.1_18772_19266
LOC112055815,NW_019863623.1,-,MXE_exon2,0.001075679,0.085,16646,17131,NW_019863623.1_16646_17131
LOC112055815,NW_019863623.1,-,MXE_exon2,0.003519429,0.162,18772,19266,NW_019863623.1_18772_19266
LOC112055815,NW_019863623.1,-,MXE_exon2,0.002218474,0.122,16646,17131,NW_019863623.1_16646_17131
LOC112055815,NW_019863623.1,-,MXE_exon2,0.004751207,0.205,17982,18470,NW_019863623.1_17982_18470
LOC112055815,NW_019863623.1,-,MXE_exon2,0.014350307,0.188,18772,19266,NW_019863623.1_18772_19266
LOC112055815,NW_019863623.1,-,MXE_exon2,0.002320926,0.177,16646,17131,NW_019863623.1_16646_17131
LOC112055815,NW_019863623.1,-,MXE_exon2,0.012377763,0.247,17982,18470,NW_019863623.1_17982_18470
LOC112055815,NW_019863623.1,-,MXE_exon2,0.035140443,0.228,18772,19266,NW_019863623.1_18772_19266
LOC112055815,NW_019863623.1,-,MXE_exon2,0.036679965,0.405,16646,17131,NW_019863623.1_16646_17131
LOC112055815,NW_019863623.1,-,MXE_exon2,0.007383047,0.253,16646,17131,NW_019863623.1_16646_17131
LOC112055815,NW_019863623.1,-,MXE_exon2,0.024855506,0.249,17982,18470,NW_019863623.1_17982_18470
LOC112055815,NW_019863623.1,-,MXE_exon2,0.0257814,0.268,16646,17131,NW_019863623.1_16646_17131
LOC112055815,NW_019863623.1,-,MXE_exon2,0.034696213,0.314,16646,17131,NW_019863623.1_16646_17131
LOC112055815,NW_019863623.1,-,MXE_exon2,0.002583499,0.337,16646,17131,NW_019863623.1_16646_17131
LOC112055815,NW_019863623.1,-,MXE_exon2,0.000455876,0.295,17982,18470,NW_019863623.1_17982_18470
LOC112055815,NW_019863623.1,-,MXE_exon2,0.001224904,0.268,18772,19266,NW_019863623.1_18772_19266
LOC112055815,NW_019863623.1,-,MXE_exon2,0.006400933,0.122,16646,17131,NW_019863623.1_16646_17131
LOC112055815,NW_019863623.1,-,MXE_exon2,0.008216337,0.44,16646,17131,NW_019863623.1_16646_17131
LOC112055815,NW_019863623.1,-,MXE_exon2,0.025355556,0.169,17982,18470,NW_019863623.1_17982_18470
LOC112055815,NW_019863623.1,-,MXE_exon2,0.037940424,0.153,18772,19266,NW_019863623.1_18772_19266
LOC112055815,NW_019863623.1,-,MXE_exon2,0.005168958,0.4,16646,17131,NW_019863623.1_16646_17131
LOC112055815,NW_019863623.1,-,MXE_exon2,0.000823238,0.326,17982,18470,NW_019863623.1_17982_18470
LOC112055815,NW_019863623.1,-,MXE_exon2,0.003825447,0.297,18772,19266,NW_019863623.1_18772_19266
LOC112055815,NW_019863623.1,-,MXE_exon2,0.017559833,0.395,16646,17131,NW_019863623.1_16646_17131
LOC112055815,NW_019863623.1,-,MXE_exon2,0.000286649,-0.431,17135,17623,NW_019863623.1_17135_17623
LOC112055815,NW_019863623.1,-,MXE_exon2,0.01211763,-0.127,17493,17981,NW_019863623.1_17493_17981
LOC112055815,NW_019863623.1,-,MXE_exon2,0.047236495,-0.145,18399,18887,NW_019863623.1_18399_18887
LOC112055815,NW_019863623.1,-,MXE_exon2,0.007339983,-0.089,19121,19615,NW_019863623.1_19121_19615
LOC112055815,NW_019863623.1,-,MXE_exon2,0.001506827,-0.238,19262,19615,NW_019863623.1_19262_19615
LOC112055815,NW_019863623.1,-,MXE_exon2,0.003674196,0.28,18772,19266,NW_019863623.1_18772_19266
LOC112055815,NW_019863623.1,-,MXE_exon2,0.02355808,-0.259,19262,19615,NW_019863623.1_19262_19615
LOC112055815,NW_019863623.1,-,MXE_exon2,0.032523615,-0.242,19262,19615,NW_019863623.1_19262_19615
LOC112055815,NW_019863623.1,-,MXE_exon2,0.042999935,-0.446,26357,26678,NW_019863623.1_26357_26678
LOC112055815,NW_019863623.1,-,MXE_exon2,0.00550954,-0.509,26357,26920,NW_019863623.1_26357_26920
LOC112055815,NW_019863623.1,-,MXE_exon2,0.015823568,0.229,27417,27741,NW_019863623.1_27417_27741
LOC112055815,NW_019863623.1,-,MXE_exon2,0.000337466,-0.575,29800,30124,NW_019863623.1_29800_30124
LOC112055815,NW_019863623.1,-,MXE_exon2,0.035939324,-0.373,29800,30459,NW_019863623.1_29800_30459
LOC112055815,NW_019863623.1,-,MXE_exon2,0.049315292,-0.379,29974,30459,NW_019863623.1_29974_30459
LOC112055815,NW_019863623.1,-,MXE_exon2,0.011905459,-0.388,30135,30674,NW_019863623.1_30135_30674
LOC112055815,NW_019863623.1,-,MXE_exon2,1.38E-05,-0.559,30546,30870,NW_019863623.1_30546_30870
LOC112055815,NW_019863623.1,-,MXE_exon2,0.00701825,-0.161,26357,26920,NW_019863623.1_26357_26920
LOC112055815,NW_019863623.1,-,MXE_exon2,0.014546878,0.092,27417,27908,NW_019863623.1_27417_27908
LOC112055815,NW_019863623.1,-,MXE_exon2,0.0007706,-0.171,26357,26920,NW_019863623.1_26357_26920
LOC112055815,NW_019863623.1,-,MXE_exon2,0.008185653,0.121,29289,29951,NW_019863623.1_29289_29951
LOC112055815,NW_019863623.1,-,MXE_exon2,0.00093462,-0.169,26357,26920,NW_019863623.1_26357_26920
LOC112055815,NW_019863623.1,-,MXE_exon2,0.02992246,-0.196,30135,30459,NW_019863623.1_30135_30459
LOC112055815,NW_019863623.1,-,MXE_exon2,0.026864188,-0.187,30135,30674,NW_019863623.1_30135_30674
LOC112055815,NW_019863623.1,-,MXE_exon2,0.011655722,0.114,29289,29951,NW_019863623.1_29289_29951
LOC112055815,NW_019863623.1,-,MXE_exon2,0.000652546,-0.178,26357,26920,NW_019863623.1_26357_26920
LOC112055815,NW_019863623.1,-,MXE_exon2,0.015944278,-0.168,29447,29771,NW_019863623.1_29447_29771
LOC112055815,NW_019863623.1,-,MXE_exon2,4.83E-05,-0.227,29800,30124,NW_019863623.1_29800_30124
LOC112055815,NW_019863623.1,-,MXE_exon2,0.026156544,-0.194,29800,30459,NW_019863623.1_29800_30459
LOC112055815,NW_019863623.1,-,MXE_exon2,0.021071341,-0.203,29974,30459,NW_019863623.1_29974_30459
LOC112055815,NW_019863623.1,-,MXE_exon2,0.044841242,-0.213,30135,30459,NW_019863623.1_30135_30459
LOC112055815,NW_019863623.1,-,MXE_exon2,0.000705237,-0.197,30135,30674,NW_019863623.1_30135_30674
LOC112055815,NW_019863623.1,-,MXE_exon2,1.18E-06,-0.263,30546,30870,NW_019863623.1_30546_30870
LOC112055815,NW_019863623.1,-,MXE_exon2,0.006583023,-0.189,26357,26920,NW_019863623.1_26357_26920
LOC112055815,NW_019863623.1,-,MXE_exon2,0.01707631,0.1,27417,27908,NW_019863623.1_27417_27908
LOC112055815,NW_019863623.1,-,MXE_exon2,0.00083537,-0.187,26357,26920,NW_019863623.1_26357_26920
LOC112055815,NW_019863623.1,-,MXE_exon2,0.00900005,0.13,29289,29951,NW_019863623.1_29289_29951
LOC112055815,NW_019863623.1,-,MXE_exon2,0.01186113,0.124,29289,29951,NW_019863623.1_29289_29951
LOC112055815,NW_019863623.1,-,MXE_exon2,0.004946727,-0.182,26357,26920,NW_019863623.1_26357_26920
LOC112055815,NW_019863623.1,-,MXE_exon2,0.000240237,-0.23,29800,30124,NW_019863623.1_29800_30124
LOC112055815,NW_019863623.1,-,MXE_exon2,0.00701825,-0.192,30135,30674,NW_019863623.1_30135_30674
LOC112055815,NW_019863623.1,-,MXE_exon2,7.30E-06,-0.27,30546,30870,NW_019863623.1_30546_30870
LOC112055815,NW_019863623.1,-,MXE_exon2,0.013842349,-0.347,26357,26920,NW_019863623.1_26357_26920
LOC112055815,NW_019863623.1,-,MXE_exon2,0.00069433,0.369,27417,27741,NW_019863623.1_27417_27741
LOC112055815,NW_019863623.1,-,MXE_exon2,0.008134692,-0.505,29800,30124,NW_019863623.1_29800_30124
LOC112055815,NW_019863623.1,-,MXE_exon2,0.010252431,-0.39,30546,30870,NW_019863623.1_30546_30870
LOC112055815,NW_019863623.1,-,MXE_exon2,0.028285951,0.514,26772,27283,NW_019863623.1_26772_27283
LOC112055815,NW_019863623.1,-,MXE_exon2,0.019682667,0.555,29289,29610,NW_019863623.1_29289_29610
LOC112055815,NW_019863623.1,-,MXE_exon2,0.003507677,0.559,29289,29951,NW_019863623.1_29289_29951
LOC112055815,NW_019863623.1,-,MXE_exon2,7.55E-05,0.641,27417,27908,NW_019863623.1_27417_27908
LOC112055815,NW_019863623.1,-,MXE_exon2,0.048611741,0.338,27256,27741,NW_019863623.1_27256_27741
LOC112055815,NW_019863623.1,-,MXE_exon2,0.003482668,0.561,27417,27908,NW_019863623.1_27417_27908
LOC112055815,NW_019863623.1,-,MXE_exon2,0.046930668,0.367,26772,27096,NW_019863623.1_26772_27096
LOC112055815,NW_019863623.1,-,MXE_exon2,0.002088988,0.6,26772,27283,NW_019863623.1_26772_27283
LOC112055815,NW_019863623.1,-,MXE_exon2,0.014992776,0.53,26959,27283,NW_019863623.1_26959_27283
LOC112055815,NW_019863623.1,-,MXE_exon2,0.037376505,0.452,27756,28258,NW_019863623.1_27756_28258
LOC112055815,NW_019863623.1,-,MXE_exon2,0.014409893,0.423,27934,28258,NW_019863623.1_27934_28258
LOC112055815,NW_019863623.1,-,MXE_exon2,0.01462016,0.461,28093,28417,NW_019863623.1_28093_28417
LOC112055815,NW_019863623.1,-,MXE_exon2,0.041191121,0.503,28566,29224,NW_019863623.1_28566_29224
LOC112055815,NW_019863623.1,-,MXE_exon2,0.001241593,0.642,29289,29610,NW_019863623.1_29289_29610
LOC112055815,NW_019863623.1,-,MXE_exon2,0.000138492,0.621,29289,29951,NW_019863623.1_29289_29951
LOC112055815,NW_019863623.1,-,MXE_exon2,0.031830675,0.39,30721,31391,NW_019863623.1_30721_31391
LOC112055815,NW_019863623.1,-,MXE_exon2,0.044089854,0.33,31067,31391,NW_019863623.1_31067_31391
LOC112055815,NW_019863623.1,-,MXE_exon2,0.000966054,0.372,27417,27908,NW_019863623.1_27417_27908
LOC112055815,NW_019863623.1,-,MXE_exon2,7.08E-06,0.403,27417,27741,NW_019863623.1_27417_27741
LOC112055815,NW_019863623.1,-,MXE_exon2,0.039334457,0.412,29289,29610,NW_019863623.1_29289_29610
LOC112055815,NW_019863623.1,-,MXE_exon2,0.005525522,0.386,29289,29951,NW_019863623.1_29289_29951
LOC112055815,NW_019863623.1,-,MXE_exon2,0.000169088,0.38,27417,27741,NW_019863623.1_27417_27741
LOC112055815,NW_019863623.1,-,MXE_exon2,0.03314033,0.327,29289,29951,NW_019863623.1_29289_29951
LOC112055815,NW_019863623.1,-,MXE_exon2,0.039280951,-0.334,30546,30870,NW_019863623.1_30546_30870
LOC112055815,NW_019863623.1,-,MXE_exon2,0.000216832,0.377,27417,27741,NW_019863623.1_27417_27741
LOC112055815,NW_019863623.1,-,MXE_exon2,0.031133994,0.328,29289,29951,NW_019863623.1_29289_29951
LOC112055815,NW_019863623.1,-,MXE_exon2,0.013171857,-0.318,30546,30870,NW_019863623.1_30546_30870
LOC112055815,NW_019863623.1,-,MXE_exon2,0.001457292,0.377,27417,27908,NW_019863623.1_27417_27908
LOC112055815,NW_019863623.1,-,MXE_exon2,0.000834213,0.287,27417,27741,NW_019863623.1_27417_27741
LOC112055815,NW_019863623.1,-,MXE_exon2,0.027691382,-0.412,29800,30124,NW_019863623.1_29800_30124
LOC112055815,NW_019863623.1,-,MXE_exon2,0.00680419,-0.407,30546,30870,NW_019863623.1_30546_30870
LOC112055815,NW_019863623.1,-,MXE_exon2,0.003296911,0.274,27417,27741,NW_019863623.1_27417_27741
LOC112055815,NW_019863623.1,-,MXE_exon2,0.015777093,-0.403,29800,30124,NW_019863623.1_29800_30124
LOC112055815,NW_019863623.1,-,MXE_exon2,0.001325064,-0.453,30546,30870,NW_019863623.1_30546_30870
LOC112055815,NW_019863623.1,-,MXE_exon2,0.034805696,-0.385,29447,29771,NW_019863623.1_29447_29771
LOC112055815,NW_019863623.1,-,MXE_exon2,0.000498262,-0.586,29800,30124,NW_019863623.1_29800_30124
LOC112055815,NW_019863623.1,-,MXE_exon2,0.01960827,-0.441,29800,30459,NW_019863623.1_29800_30459
LOC112055815,NW_019863623.1,-,MXE_exon2,0.017490391,-0.461,29974,30459,NW_019863623.1_29974_30459
LOC112055815,NW_019863623.1,-,MXE_exon2,0.013171857,-0.297,30135,30459,NW_019863623.1_30135_30459
LOC112055815,NW_019863623.1,-,MXE_exon2,0.003150076,-0.458,30135,30674,NW_019863623.1_30135_30674
LOC112055815,NW_019863623.1,-,MXE_exon2,3.97E-05,-0.564,30546,30870,NW_019863623.1_30546_30870
LOC112055815,NW_019863623.1,-,MXE_exon2,0.005407058,-0.567,29800,30124,NW_019863623.1_29800_30124
LOC112055815,NW_019863623.1,-,MXE_exon2,0.034652146,-0.404,30135,30674,NW_019863623.1_30135_30674
LOC112055815,NW_019863623.1,-,MXE_exon2,0.001315603,-0.507,30546,30870,NW_019863623.1_30546_30870
LOC112055815,NW_019863623.1,-,MXE_exon2,0.001648548,0.274,27417,27741,NW_019863623.1_27417_27741
LOC112055815,NW_019863623.1,-,MXE_exon2,0.040499443,-0.5,29800,30124,NW_019863623.1_29800_30124
LOC112055815,NW_019863623.1,-,MXE_exon2,0.026204171,-0.396,30546,30870,NW_019863623.1_30546_30870
LOC112055815,NW_019863623.1,-,MXE_exon2,0.023342949,0.364,27417,27908,NW_019863623.1_27417_27908
LOC112055815,NW_019863623.1,-,MXE_exon2,0.016797953,0.385,29289,29951,NW_019863623.1_29289_29951
LOC112055815,NW_019863623.1,-,MXE_exon2,0.007496319,-0.458,29800,30124,NW_019863623.1_29800_30124
LOC112055815,NW_019863623.1,-,MXE_exon2,0.013959056,-0.348,30546,30870,NW_019863623.1_30546_30870
LOC112055815,NW_019863623.1,-,MXE_exon2,0.001530985,-0.406,28566,29224,NW_019863623.1_28566_29224
LOC112055815,NW_019863623.1,-,MXE_exon2,0.036608796,-0.161,29289,29951,NW_019863623.1_29289_29951
LOC112055815,NW_019863623.1,-,MXE_exon2,0.000190237,-0.533,29447,29951,NW_019863623.1_29447_29951
LOC112055815,NW_019863623.1,-,MXE_exon2,0.000388745,-0.54,29630,30298,NW_019863623.1_29630_30298
LOC112055815,NW_019863623.1,-,MXE_exon2,8.52E-05,-0.484,29800,30459,NW_019863623.1_29800_30459
LOC112055815,NW_019863623.1,-,MXE_exon2,0.000178729,-0.48,29974,30459,NW_019863623.1_29974_30459
LOC112055815,NW_019863623.1,-,MXE_exon2,0.027004485,-0.187,30350,30674,NW_019863623.1_30350_30674
LOC112055815,NW_019863623.1,-,MXE_exon2,0.025318718,-0.209,30350,30870,NW_019863623.1_30350_30870
LOC112055815,NW_019863623.1,-,MXE_exon2,0.000683305,-0.329,30350,31045,NW_019863623.1_30350_31045
LOC112055815,NW_019863623.1,-,MXE_exon2,0.004043362,-0.279,30721,31391,NW_019863623.1_30721_31391
LOC112055815,NW_019863623.1,-,MXE_exon2,0.003922133,-0.304,30899,31391,NW_019863623.1_30899_31391
LOC112055815,NW_019863623.1,-,MXE_exon2,0.001614637,-0.25,31067,31391,NW_019863623.1_31067_31391
LOC112055815,NW_019863623.1,-,MXE_exon2,0.008986012,-0.463,29800,30124,NW_019863623.1_29800_30124
LOC112055815,NW_019863623.1,-,MXE_exon2,0.008043813,-0.382,30546,30870,NW_019863623.1_30546_30870
LOC112055815,NW_019863623.1,-,MXE_exon2,0.002598088,-0.546,29800,30124,NW_019863623.1_29800_30124
LOC112055815,NW_019863623.1,-,MXE_exon2,0.000804055,-0.473,30546,30870,NW_019863623.1_30546_30870
LOC112055815,NW_019863623.1,-,MXE_exon2,0.026692511,-0.352,30135,30674,NW_019863623.1_30135_30674
LOC112055815,NW_019863623.1,-,MXE_exon2,0.027737038,-0.484,29800,30124,NW_019863623.1_29800_30124
LOC112055815,NW_019863623.1,-,MXE_exon2,0.006495533,-0.474,30546,30870,NW_019863623.1_30546_30870
LOC112055815,NW_019863623.1,-,MXE_exon2,0.031005344,-0.387,30546,30870,NW_019863623.1_30546_30870
LOC112055815,NW_019863623.1,-,MXE_exon2,0.010136383,-0.493,29800,30124,NW_019863623.1_29800_30124
LOC112055815,NW_019863623.1,-,MXE_exon2,0.003216844,-0.445,30546,30870,NW_019863623.1_30546_30870
LOC112055815,NW_019863623.1,-,MXE_exon2,0.002190919,-0.589,29800,30124,NW_019863623.1_29800_30124
LOC112055815,NW_019863623.1,-,MXE_exon2,0.006142611,-0.439,30546,30870,NW_019863623.1_30546_30870
LOC112055815,NW_019863623.1,-,MXE_exon2,0.026432817,-0.437,29800,30459,NW_019863623.1_29800_30459
LOC112055815,NW_019863623.1,-,MXE_exon2,0.030063929,-0.445,29974,30459,NW_019863623.1_29974_30459
LOC112055815,NW_019863623.1,-,MXE_exon2,0.041620695,-0.352,30135,30459,NW_019863623.1_30135_30459
LOC112055815,NW_019863623.1,-,MXE_exon2,0.002583499,-0.493,30135,30674,NW_019863623.1_30135_30674
LOC112055815,NW_019863623.1,-,MXE_exon2,4.41E-06,-0.668,29800,30124,NW_019863623.1_29800_30124
LOC112055815,NW_019863623.1,-,MXE_exon2,0.00407311,-0.449,29800,30459,NW_019863623.1_29800_30459
LOC112055815,NW_019863623.1,-,MXE_exon2,0.013206043,-0.41,29974,30298,NW_019863623.1_29974_30298
LOC112055815,NW_019863623.1,-,MXE_exon2,0.005471127,-0.449,29974,30459,NW_019863623.1_29974_30459
LOC112055815,NW_019863623.1,-,MXE_exon2,0.004939177,-0.332,30135,30459,NW_019863623.1_30135_30459
LOC112055815,NW_019863623.1,-,MXE_exon2,0.000169657,-0.462,30135,30674,NW_019863623.1_30135_30674
LOC112055815,NW_019863623.1,-,MXE_exon2,1.41E-06,-0.595,30546,30870,NW_019863623.1_30546_30870
LOC112055815,NW_019863623.1,-,MXE_exon2,0.009697923,-0.345,30721,31045,NW_019863623.1_30721_31045
LOC112055815,NW_019863623.1,-,MXE_exon2,0.043626691,0.459,30350,30674,NW_019863623.1_30350_30674
LOC112055815,NW_019863623.1,-,MXE_exon2,0.017896329,0.427,30350,31045,NW_019863623.1_30350_31045
LOC112055815,NW_019863623.1,-,MXE_exon2,0.009627035,0.441,30721,31391,NW_019863623.1_30721_31391
LOC112055815,NW_019863623.1,-,MXE_exon2,0.014311164,0.364,30899,31391,NW_019863623.1_30899_31391
LOC112055815,NW_019863623.1,-,MXE_exon2,0.00154216,0.376,31067,31391,NW_019863623.1_31067_31391
LOC112055815,NW_019863623.1,-,MXE_exon2,0.016372451,-0.461,30546,30870,NW_019863623.1_30546_30870
LOC112055815,NW_019863623.1,-,MXE_exon2,0.00130346,0.445,30721,31391,NW_019863623.1_30721_31391
LOC112055815,NW_019863623.1,-,MXE_exon2,0.000710477,0.417,30899,31391,NW_019863623.1_30899_31391
LOC112055815,NW_019863623.1,-,MXE_exon2,0.000530893,0.381,31067,31391,NW_019863623.1_31067_31391
LOC112055815,NW_019863623.1,-,MXE_exon2,0.0020533,0.134,35803,36432,NW_019863623.1_35803_36432
LOC112055815,NW_019863623.1,-,MXE_exon2,0.002218474,0.217,35803,36432,NW_019863623.1_35803_36432
LOC112055815,NW_019863623.1,-,MXE_exon2,0.015015613,0.335,33923,34303,NW_019863623.1_33923_34303
LOC112055815,NW_019863623.1,-,MXE_exon2,0.00101969,0.373,35504,35866,NW_019863623.1_35504_35866
LOC112055815,NW_019863623.1,-,MXE_exon2,0.001220863,0.307,35803,36432,NW_019863623.1_35803_36432
LOC112055815,NW_019863623.1,-,MXE_exon2,0.036797979,0.331,33923,34303,NW_019863623.1_33923_34303
LOC112055815,NW_019863623.1,-,MXE_exon2,0.003311498,0.365,35504,35866,NW_019863623.1_35504_35866
LOC112055815,NW_019863623.1,-,MXE_exon2,0.0017087,0.317,35803,36432,NW_019863623.1_35803_36432
LOC112055815,NW_019863623.1,-,MXE_exon2,0.009736235,0.307,35504,35866,NW_019863623.1_35504_35866
LOC112055815,NW_019863623.1,-,MXE_exon2,0.000499673,0.285,35803,36432,NW_019863623.1_35803_36432
LOC112055815,NW_019863623.1,-,MXE_exon2,0.005762536,0.212,35803,36432,NW_019863623.1_35803_36432
LOC112055815,NW_019863623.1,-,MXE_exon2,0.015985204,0.293,35504,35866,NW_019863623.1_35504_35866
LOC112055815,NW_019863623.1,-,MXE_exon2,0.001018183,0.241,35803,36432,NW_019863623.1_35803_36432
LOC112055815,NW_019863623.1,-,MXE_exon2,0.000466797,0.259,35803,36432,NW_019863623.1_35803_36432
LOC112055815,NW_019863623.1,-,MXE_exon2,0.001757088,0.181,35803,36432,NW_019863623.1_35803_36432
LOC112055815,NW_019863623.1,-,MXE_exon2,0.023405302,0.139,35803,36432,NW_019863623.1_35803_36432
LOC112055815,NW_019863623.1,-,MXE_exon2,0.002937627,0.247,35803,36432,NW_019863623.1_35803_36432
LOC112055815,NW_019863623.1,-,MXE_exon2,0.005766036,0.295,35803,36432,NW_019863623.1_35803_36432
LOC112055815,NW_019863623.1,-,MXE_exon2,0.02304139,0.283,35803,36432,NW_019863623.1_35803_36432
LOC112055815,NW_019863623.1,-,MXE_exon2,0.001774416,0.261,35803,36432,NW_019863623.1_35803_36432
LOC112055815,NW_019863623.1,-,MXE_exon2,0.002583499,0.278,35803,36432,NW_019863623.1_35803_36432
LOC112055815,NW_019863623.1,-,MXE_exon2,0.008230728,0.342,35803,36432,NW_019863623.1_35803_36432
LOC112055815,NW_019863623.1,-,MXE_exon2,0.001986062,0.367,35803,36432,NW_019863623.1_35803_36432
LOC112055815,NW_019863623.1,-,MXE_exon2,0.016788802,0.305,35504,35866,NW_019863623.1_35504_35866
LOC112055815,NW_019863623.1,-,MXE_exon2,0.00085305,0.279,35803,36432,NW_019863623.1_35803_36432
LOC112055815,NW_019863623.1,-,MXE_exon2,0.000634095,0.274,35803,36432,NW_019863623.1_35803_36432
LOC112055815,NW_019863623.1,-,MXE_exon2,0.004921055,0.314,35803,36432,NW_019863623.1_35803_36432
LOC112055815,NW_019863623.1,-,MXE_exon2,0.02520976,0.141,35803,36432,NW_019863623.1_35803_36432
LOC112055815,NW_019863623.1,-,MXE_exon2,0.002583499,-0.241,36316,36667,NW_019863623.1_36316_36667
LOC112055815,NW_019863623.1,-,MXE_exon2,0.000189326,-0.179,36316,36678,NW_019863623.1_36316_36678
LOC112052571,NW_019863159.1,-,MXE_exon2,0.000437886,0.093,41532,41801,NW_019863159.1_41532_41801
LOC112048221,NW_019862921.1,+,MXE_exon2,0.002310761,0.008,362803,363150,NW_019862921.1_362803_363150
LOC112044745,NW_019862817.1,+,MXE_exon2,0.016623399,0.189,1016419,1016657,NW_019862817.1_1016419_1016657
LOC112055175,NW_019863471.1,-,MXE_exon2,3.36E-09,-0.029,135122,135485,NW_019863471.1_135122_135485
LOC112054785,NW_019863411.1,+,MXE_exon2,2.06E-09,-0.523,50254,50587,NW_019863411.1_50254_50587
LOC112054785,NW_019863411.1,+,MXE_exon2,2.91E-09,-0.522,50254,50650,NW_019863411.1_50254_50650
LOC112054785,NW_019863411.1,+,MXE_exon2,1.16E-09,-0.555,50254,50587,NW_019863411.1_50254_50587
LOC112054785,NW_019863411.1,+,MXE_exon2,1.30E-09,-0.553,50254,50650,NW_019863411.1_50254_50650
LOC112054785,NW_019863411.1,+,MXE_exon2,2.59E-08,-0.549,50254,50587,NW_019863411.1_50254_50587
LOC112054785,NW_019863411.1,+,MXE_exon2,2.26E-08,-0.546,50254,50650,NW_019863411.1_50254_50650
LOC112054785,NW_019863411.1,+,MXE_exon2,1.40E-08,-0.56,50254,50587,NW_019863411.1_50254_50587
LOC112054785,NW_019863411.1,+,MXE_exon2,1.19E-08,-0.557,50254,50650,NW_019863411.1_50254_50650
LOC112052608,NW_019862759.1,-,MXE_exon2,0.000735345,-0.035,370086,370382,NW_019862759.1_370086_370382
LOC112052608,NW_019862759.1,-,MXE_exon2,0.000245364,-0.038,370086,370523,NW_019862759.1_370086_370523
LOC112052608,NW_019862759.1,-,MXE_exon2,0.035722357,-0.015,370086,370382,NW_019862759.1_370086_370382
LOC112052608,NW_019862759.1,-,MXE_exon2,0.001629087,-0.017,370086,370523,NW_019862759.1_370086_370523
LOC112052608,NW_019862759.1,-,MXE_exon2,0,-0.115,378644,378982,NW_019862759.1_378644_378982
LOC112052608,NW_019862759.1,-,MXE_exon2,0,0.093,379483,380457,NW_019862759.1_379483_380457
LOC112052647,NW_019862759.1,-,MXE_exon2,0.019460443,0.239,528985,529289,NW_019862759.1_528985_529289
LOC112042930,NW_019862782.1,-,MXE_exon2,0.013803453,-0.024,1118133,1118545,NW_019862782.1_1118133_1118545
LOC112055679,NW_019863585.1,-,MXE_exon2,0,-0.628,37195,37452,NW_019863585.1_37195_37452
LOC112046205,NW_019862850.1,+,MXE_exon2,0,-0.177,371170,371507,NW_019862850.1_371170_371507
LOC112046205,NW_019862850.1,+,MXE_exon2,0,-0.212,371170,371507,NW_019862850.1_371170_371507
LOC112046205,NW_019862850.1,+,MXE_exon2,0,-0.614,371170,371507,NW_019862850.1_371170_371507
LOC112053327,NW_019863229.1,-,MXE_exon2,2.99E-05,-0.095,84079,84561,NW_019863229.1_84079_84561
LOC112053327,NW_019863229.1,-,MXE_exon2,0.012080632,-0.086,84133,84549,NW_019863229.1_84133_84549
LOC112053327,NW_019863229.1,-,MXE_exon2,0.012080632,-0.086,84133,84571,NW_019863229.1_84133_84571
LOC112053327,NW_019863229.1,-,MXE_exon2,0.012080632,-0.086,84133,84574,NW_019863229.1_84133_84574
LOC112053327,NW_019863229.1,-,MXE_exon2,0.012080632,-0.086,84133,84586,NW_019863229.1_84133_84586
LOC112053327,NW_019863229.1,-,MXE_exon2,2.82E-05,-0.095,84143,84561,NW_019863229.1_84143_84561
LOC112053327,NW_019863229.1,-,MXE_exon2,2.91E-05,-0.095,84204,84561,NW_019863229.1_84204_84561
LOC112043851,NW_019862799.1,+,MXE_exon2,0.035305007,0.095,891720,892085,NW_019862799.1_891720_892085
LOC112058144,NW_019862772.1,-,MXE_exon2,0.000627494,-0.027,288241,288610,NW_019862772.1_288241_288610
LOC112048366,NW_019862927.1,+,MXE_exon2,5.64E-10,-0.547,163808,164164,NW_019862927.1_163808_164164
LOC112052130,NW_019863128.1,-,MXE_exon2,7.53E-07,0.32,247693,247944,NW_019863128.1_247693_247944
LOC112052130,NW_019863128.1,-,MXE_exon2,1.42E-11,-0.67,256923,257179,NW_019863128.1_256923_257179
LOC112050069,NW_019863004.1,-,MXE_exon2,2.56E-10,-0.188,134771,135014,NW_019863004.1_134771_135014
LOC112050069,NW_019863004.1,-,MXE_exon2,0,-0.082,134771,135096,NW_019863004.1_134771_135096
LOC112050069,NW_019863004.1,-,MXE_exon2,3.03E-14,-0.152,134771,135123,NW_019863004.1_134771_135123
LOC112054350,NW_019863349.1,+,MXE_exon2,3.76E-07,-0.081,188055,188423,NW_019863349.1_188055_188423
LOC112054350,NW_019863349.1,+,MXE_exon2,3.64E-07,0.056,189033,189378,NW_019863349.1_189033_189378
LOC112043925,NW_019862800.1,+,MXE_exon2,0.000995514,-0.215,526920,527267,NW_019862800.1_526920_527267
LOC112043925,NW_019862800.1,+,MXE_exon2,0.000842217,-0.216,526920,527267,NW_019862800.1_526920_527267
LOC112055983,NW_019863673.1,+,MXE_exon2,0.048382508,0.117,42949,43311,NW_019863673.1_42949_43311
LOC112043568,NW_019862792.1,+,MXE_exon2,1.47E-07,0.035,841705,842055,NW_019862792.1_841705_842055
LOC112043568,NW_019862792.1,+,MXE_exon2,2.78E-07,0.034,841705,842055,NW_019862792.1_841705_842055
LOC112043568,NW_019862792.1,+,MXE_exon2,1.47E-07,0.035,841705,842055,NW_019862792.1_841705_842055
LOC112051472,NW_019863084.1,+,MXE_exon2,2.55E-05,-0.103,168789,169361,NW_019863084.1_168789_169361
LOC112048138,NW_019862918.1,+,MXE_exon2,4.71E-05,-0.564,446219,446595,NW_019862918.1_446219_446595
LOC112047533,NW_019862896.1,+,MXE_exon2,0.002466792,0.129,350450,350813,NW_019862896.1_350450_350813
LOC112054391,NW_019863354.1,-,MXE_exon2,0.000536056,0.226,184211,184530,NW_019863354.1_184211_184530
LOC112048149,NW_019862918.1,+,MXE_exon2,0.00815502,0.069,460193,461039,NW_019862918.1_460193_461039
LOC112048149,NW_019862918.1,+,MXE_exon2,0.000582591,0.077,460193,461039,NW_019862918.1_460193_461039
LOC112048149,NW_019862918.1,+,MXE_exon2,0.002430582,0.073,460193,461039,NW_019862918.1_460193_461039
LOC112048149,NW_019862918.1,+,MXE_exon2,0.000574276,0.079,460193,461039,NW_019862918.1_460193_461039
LOC112055014,NW_019863447.1,-,MXE_exon2,0.001198082,0.283,50947,51308,NW_019863447.1_50947_51308
LOC112055014,NW_019863447.1,-,MXE_exon2,6.71E-11,0.573,50831,51308,NW_019863447.1_50831_51308
LOC112055014,NW_019863447.1,-,MXE_exon2,0.000279589,0.419,50947,51308,NW_019863447.1_50947_51308
LOC112044285,NW_019862806.1,-,MXE_exon2,0.014106686,-0.068,534556,534877,NW_019862806.1_534556_534877
LOC112056309,NW_019863765.1,+,MXE_exon2,0.012760515,-0.208,35542,35820,NW_019863765.1_35542_35820
LOC112056309,NW_019863765.1,+,MXE_exon2,0.013157084,0.041,41659,41940,NW_019863765.1_41659_41940
LOC112056309,NW_019863765.1,+,MXE_exon2,1.40E-05,0.064,41659,41960,NW_019863765.1_41659_41960
LOC112056309,NW_019863765.1,+,MXE_exon2,1.43E-05,0.057,41659,41994,NW_019863765.1_41659_41994
LOC112056309,NW_019863765.1,+,MXE_exon2,1.47E-05,0.056,41659,42002,NW_019863765.1_41659_42002
LOC112056309,NW_019863765.1,+,MXE_exon2,4.50E-05,0.053,41659,42016,NW_019863765.1_41659_42016
LOC112045035,NW_019862822.1,+,MXE_exon2,0,-0.557,271624,272053,NW_019862822.1_271624_272053
LOC112056587,NW_019863891.1,-,MXE_exon2,0.000724686,0.065,31254,31570,NW_019863891.1_31254_31570
LOC112045029,NW_019862822.1,+,MXE_exon2,0.004145467,-0.294,1098110,1098446,NW_019862822.1_1098110_1098446
LOC112043252,NW_019862787.1,+,MXE_exon2,0,-0.46,1490524,1490822,NW_019862787.1_1490524_1490822
LOC112043252,NW_019862787.1,+,MXE_exon2,0,-0.762,1490524,1490822,NW_019862787.1_1490524_1490822
LOC112043252,NW_019862787.1,+,MXE_exon2,0,-0.828,1490524,1490823,NW_019862787.1_1490524_1490823
LOC112057136,NW_019864366.1,-,MXE_exon2,3.40E-06,0.188,9759,10071,NW_019864366.1_9759_10071
LOC112050519,NW_019863027.1,+,MXE_exon2,0.042780752,-0.105,146126,146418,NW_019863027.1_146126_146418
LOC112046080,NW_019862847.1,+,MXE_exon2,0.043719106,-0.066,462482,462745,NW_019862847.1_462482_462745
LOC112049566,NW_019862978.1,+,MXE_exon2,0.022096988,-0.117,439119,439500,NW_019862978.1_439119_439500
LOC112044298,NW_019862806.1,+,MXE_exon2,0.035442304,0.059,650773,651147,NW_019862806.1_650773_651147
LOC112044298,NW_019862806.1,+,MXE_exon2,0.035442304,0.059,650773,651147,NW_019862806.1_650773_651147
LOC112047321,NW_019862887.1,-,MXE_exon2,2.47E-09,-0.157,455949,456219,NW_019862887.1_455949_456219
LOC112047321,NW_019862887.1,-,MXE_exon2,2.67E-09,-0.157,455949,456219,NW_019862887.1_455949_456219
LOC112047321,NW_019862887.1,-,MXE_exon2,1.60E-05,-0.055,455949,456219,NW_019862887.1_455949_456219
LOC112045909,NW_019862843.1,-,MXE_exon2,3.20E-09,0.079,318638,319001,NW_019862843.1_318638_319001
LOC112053324,NW_019863229.1,-,MXE_exon2,0,-0.875,66167,66479,NW_019863229.1_66167_66479
LOC112053324,NW_019863229.1,-,MXE_exon2,0,-0.59,66176,66479,NW_019863229.1_66176_66479
LOC112053324,NW_019863229.1,-,MXE_exon2,0,-0.875,66167,66479,NW_019863229.1_66167_66479
LOC112053324,NW_019863229.1,-,MXE_exon2,0,-0.59,66176,66479,NW_019863229.1_66176_66479
LOC112053324,NW_019863229.1,-,MXE_exon2,0,-0.469,66167,66479,NW_019863229.1_66167_66479
LOC112053324,NW_019863229.1,-,MXE_exon2,0,-0.157,66176,66479,NW_019863229.1_66176_66479
LOC112053324,NW_019863229.1,-,MXE_exon2,0,-0.892,66167,66479,NW_019863229.1_66167_66479
LOC112053324,NW_019863229.1,-,MXE_exon2,0,-0.63,66176,66479,NW_019863229.1_66176_66479
LOC112054224,NW_019863330.1,-,MXE_exon2,3.08E-05,-0.262,43433,43723,NW_019863330.1_43433_43723
LOC112054224,NW_019863330.1,-,MXE_exon2,1.05E-09,-0.201,43433,43723,NW_019863330.1_43433_43723
LOC112049111,NW_019862959.1,+,MXE_exon2,0.014350307,0.108,376255,376536,NW_019862959.1_376255_376536
LOC112049141,NW_019862755.1,-,MXE_exon2,0.000388035,0.123,2452117,2452499,NW_019862755.1_2452117_2452499
LOC112049141,NW_019862755.1,-,MXE_exon2,0.00017787,0.123,2452117,2452499,NW_019862755.1_2452117_2452499
LOC112049214,NW_019862755.1,+,MXE_exon2,0.043479899,-0.267,2563663,2563974,NW_019862755.1_2563663_2563974
LOC112049214,NW_019862755.1,+,MXE_exon2,0.014350307,0.269,2563906,2564215,NW_019862755.1_2563906_2564215
LOC112049214,NW_019862755.1,+,MXE_exon2,0.001661165,0.272,2563906,2564215,NW_019862755.1_2563906_2564215
LOC112049214,NW_019862755.1,+,MXE_exon2,0.029100698,0.204,2563906,2564215,NW_019862755.1_2563906_2564215
LOC112049214,NW_019862755.1,+,MXE_exon2,0.035583087,0.035,2565764,2566115,NW_019862755.1_2565764_2566115
LOC112049214,NW_019862755.1,+,MXE_exon2,0.023926152,0.039,2565764,2566434,NW_019862755.1_2565764_2566434
LOC112049214,NW_019862755.1,+,MXE_exon2,0.036679965,0.035,2565749,2566115,NW_019862755.1_2565749_2566115
LOC112049214,NW_019862755.1,+,MXE_exon2,0.024724465,0.038,2565749,2566434,NW_019862755.1_2565749_2566434
LOC112049214,NW_019862755.1,+,MXE_exon2,0.035305007,0.035,2565764,2566115,NW_019862755.1_2565764_2566115
LOC112049214,NW_019862755.1,+,MXE_exon2,0.023284521,0.039,2565764,2566434,NW_019862755.1_2565764_2566434
LOC112049214,NW_019862755.1,+,MXE_exon2,0.035583087,0.035,2565764,2566115,NW_019862755.1_2565764_2566115
LOC112049214,NW_019862755.1,+,MXE_exon2,0.023926152,0.039,2565764,2566434,NW_019862755.1_2565764_2566434
LOC112049214,NW_019862755.1,+,MXE_exon2,0.035583087,0.035,2565744,2566115,NW_019862755.1_2565744_2566115
LOC112049214,NW_019862755.1,+,MXE_exon2,0.036679965,0.035,2565749,2566115,NW_019862755.1_2565749_2566115
LOC112049214,NW_019862755.1,+,MXE_exon2,0.024724465,0.038,2565749,2566434,NW_019862755.1_2565749_2566434
LOC112049214,NW_019862755.1,+,MXE_exon2,0.035305007,0.035,2565764,2566115,NW_019862755.1_2565764_2566115
LOC112049214,NW_019862755.1,+,MXE_exon2,0.023284521,0.039,2565764,2566434,NW_019862755.1_2565764_2566434
LOC112049214,NW_019862755.1,+,MXE_exon2,0.033963943,0.036,2565744,2566115,NW_019862755.1_2565744_2566115
LOC112049214,NW_019862755.1,+,MXE_exon2,0.024403982,0.038,2565744,2566115,NW_019862755.1_2565744_2566115
LOC112049214,NW_019862755.1,+,MXE_exon2,0.035583087,0.035,2565764,2566115,NW_019862755.1_2565764_2566115
LOC112049214,NW_019862755.1,+,MXE_exon2,0.023926152,0.039,2565764,2566434,NW_019862755.1_2565764_2566434
LOC112051554,NW_019863089.1,+,MXE_exon2,0.004235248,0.354,75819,76256,NW_019863089.1_75819_76256
LOC112050976,NW_019863054.1,-,A3SS_long,0.00473754,-0.023,50512,50883,NW_019863054.1_50512_50883
LOC112051279,NW_019863071.1,-,A3SS_long,7.86E-05,-0.051,181614,182006,NW_019863071.1_181614_182006
LOC112051279,NW_019863071.1,-,A3SS_long,0.003219588,-0.074,188600,188927,NW_019863071.1_188600_188927
LOC112051279,NW_019863071.1,-,A3SS_long,0.002692906,-0.055,191943,192273,NW_019863071.1_191943_192273
LOC112053898,NW_019863292.1,-,A3SS_long,0.000986496,0.147,189786,190143,NW_019863292.1_189786_190143
LOC112056190,NW_019863730.1,-,A3SS_long,0.017520121,-0.073,26488,26887,NW_019863730.1_26488_26887
LOC112049074,NW_019862958.1,-,A3SS_long,0.010262257,-0.057,65490,65828,NW_019862958.1_65490_65828
LOC112043322,NW_019862788.1,+,A3SS_long,0.002609853,0.147,1030976,1031330,NW_019862788.1_1030976_1031330
LOC112058008,NW_019862770.1,+,A3SS_long,0.001186291,-0.04,1629263,1629557,NW_019862770.1_1629263_1629557
LOC112046965,NW_019862879.1,-,A3SS_long,0.024194959,-0.166,117700,118022,NW_019862879.1_117700_118022
LOC112048640,NW_019862938.1,-,A3SS_long,7.51E-07,-0.057,56902,57233,NW_019862938.1_56902_57233
LOC112050417,NW_019862756.1,+,A3SS_long,0,-0.11,1860892,1861224,NW_019862756.1_1860892_1861224
LOC112050417,NW_019862756.1,+,A3SS_long,0,-0.121,1860892,1861224,NW_019862756.1_1860892_1861224
LOC112046144,NW_019862849.1,+,A3SS_long,0.002109008,-0.047,153978,154394,NW_019862849.1_153978_154394
LOC112058369,NW_019862775.1,-,A3SS_long,5.29E-05,-0.119,1376438,1376825,NW_019862775.1_1376438_1376825
LOC112053443,NW_019862760.1,+,A3SS_long,0.008655475,0.2,55165,55691,NW_019862760.1_55165_55691
LOC112053443,NW_019862760.1,+,A3SS_long,0.001346295,0.189,55165,55691,NW_019862760.1_55165_55691
LOC112053443,NW_019862760.1,+,A3SS_long,6.40E-06,0.31,55165,55691,NW_019862760.1_55165_55691
LOC112044395,NW_019862808.1,-,A3SS_long,8.73E-05,0.115,894259,894809,NW_019862808.1_894259_894809
LOC112055816,NW_019862762.1,-,A3SS_long,3.97E-06,-0.256,2073518,2073783,NW_019862762.1_2073518_2073783
LOC112051719,NW_019863099.1,+,A3SS_long,0.000772364,0.104,259509,260323,NW_019863099.1_259509_260323
LOC112058150,NW_019862772.1,-,A3SS_long,2.98E-05,0.036,1056871,1057186,NW_019862772.1_1056871_1057186
LOC112058367,NW_019862775.1,+,A3SS_long,0.000519485,0.092,1322078,1322405,NW_019862775.1_1322078_1322405
LOC112044045,NW_019862802.1,-,A3SS_long,3.05E-06,0.121,917268,917608,NW_019862802.1_917268_917608
LOC112051523,NW_019863087.1,+,A3SS_long,0,-0.048,180127,180414,NW_019863087.1_180127_180414
LOC112051523,NW_019863087.1,+,A3SS_long,4.64E-05,0.073,182891,183186,NW_019863087.1_182891_183186
LOC112052337,NW_019863141.1,-,A3SS_long,0.002442543,0.067,179558,179773,NW_019863141.1_179558_179773
LOC112054138,NW_019863323.1,+,A3SS_long,0.042045265,0.08,163536,163974,NW_019863323.1_163536_163974
LOC112053171,NW_019863214.1,+,A3SS_long,0.037030727,-0.052,49490,49852,NW_019863214.1_49490_49852
LOC112058378,NW_019862775.1,+,A3SS_long,6.17E-05,0.23,1756469,1756936,NW_019862775.1_1756469_1756936
LOC112052566,NW_019863158.1,-,A3SS_long,2.10E-09,-0.092,249846,250140,NW_019863158.1_249846_250140
LOC112048127,NW_019862917.1,-,A3SS_long,4.43E-05,0.181,580143,580481,NW_019862917.1_580143_580481
LOC112053308,NW_019863227.1,-,A3SS_long,0,0.917,94017,94770,NW_019863227.1_94017_94770
LOC112046137,NW_019862848.1,-,A3SS_long,0.005574681,0.054,258794,259371,NW_019862848.1_258794_259371
LOC112049925,NW_019862998.1,-,A3SS_long,0.000167663,-0.026,296471,297840,NW_019862998.1_296471_297840
LOC112044097,NW_019862803.1,+,A3SS_long,0.002345266,-0.375,1265565,1265916,NW_019862803.1_1265565_1265916
LOC112042799,NW_019862779.1,+,A3SS_long,0.044670792,0.072,1181763,1182178,NW_019862779.1_1181763_1182178
LOC112056518,NW_019862763.1,-,A3SS_long,5.49E-08,-0.112,2006751,2007008,NW_019862763.1_2006751_2007008
LOC112043669,NW_019862794.1,-,A3SS_long,3.61E-08,-0.179,1090789,1091257,NW_019862794.1_1090789_1091257
LOC112052049,NW_019863120.1,+,A3SS_long,0.037062447,-0.041,276375,276705,NW_019863120.1_276375_276705
LOC112052742,NW_019863172.1,+,A3SS_long,0.015112877,0.086,215532,215876,NW_019863172.1_215532_215876
LOC112057672,NW_019862765.1,+,A3SS_long,2.97E-09,0.202,891942,892306,NW_019862765.1_891942_892306
LOC112042895,NW_019862781.1,+,A3SS_long,0.022155997,0.141,1102157,1102556,NW_019862781.1_1102157_1102556
LOC112058024,NW_019862770.1,-,A3SS_long,1.51E-06,0.273,1666033,1666427,NW_019862770.1_1666033_1666427
LOC112045184,NW_019862825.1,+,A3SS_long,0.017354495,0.353,223188,224587,NW_019862825.1_223188_224587
LOC112045184,NW_019862825.1,+,A3SS_long,0.00494208,0.12,223188,224587,NW_019862825.1_223188_224587
LOC112052166,NW_019863132.1,+,A3SS_long,0.001087661,-0.148,149284,149701,NW_019863132.1_149284_149701
LOC112048570,NW_019862935.1,+,A3SS_long,0.006258249,0.048,7474,7893,NW_019862935.1_7474_7893
LOC112057803,NW_019862748.1,-,A3SS_long,0.04046085,-0.115,3825188,3825661,NW_019862748.1_3825188_3825661
LOC112046842,NW_019862873.1,+,A3SS_long,0,0.058,568479,568764,NW_019862873.1_568479_568764
LOC112057021,NW_019862764.1,+,A3SS_long,0.012540271,0.071,1518712,1519116,NW_019862764.1_1518712_1519116
LOC112050648,NW_019863035.1,+,A3SS_long,0.000447636,0.215,219075,219384,NW_019863035.1_219075_219384
LOC112053080,NW_019863204.1,+,A3SS_long,1.67E-05,0.051,267994,268444,NW_019863204.1_267994_268444
LOC112052655,NW_019863167.1,+,A3SS_long,0.02396993,-0.092,208868,209190,NW_019863167.1_208868_209190
LOC112050902,NW_019863049.1,-,A3SS_long,0.009638357,0.04,48831,49151,NW_019863049.1_48831_49151
LOC112046718,NW_019862869.1,+,A3SS_long,4.21E-06,-0.168,426095,426435,NW_019862869.1_426095_426435
LOC112055794,NW_019863615.1,+,A3SS_long,2.13E-07,-0.08,33284,33591,NW_019863615.1_33284_33591
LOC112055556,NW_019863549.1,+,A3SS_long,0.000959584,0.333,87167,87507,NW_019863549.1_87167_87507
LOC112054836,NW_019863423.1,+,A3SS_long,0.000648314,-0.168,51293,51615,NW_019863423.1_51293_51615
LOC112051964,NW_019863116.1,+,A3SS_long,0.00126511,-0.237,65876,66161,NW_019863116.1_65876_66161
LOC112050490,NW_019863025.1,+,A3SS_long,0.002613261,-0.034,187862,188197,NW_019863025.1_187862_188197
LOC112053737,NW_019863277.1,+,A3SS_long,0.040305981,0.075,27459,27998,NW_019863277.1_27459_27998
LOC112045726,NW_019862839.1,-,A3SS_long,7.28E-07,-0.149,807518,807928,NW_019862839.1_807518_807928
LOC112045728,NW_019862839.1,-,A3SS_long,0.026743289,0.076,860811,861321,NW_019862839.1_860811_861321
LOC112046576,NW_019862862.1,-,A3SS_long,7.37E-07,-0.223,451774,452084,NW_019862862.1_451774_452084
LOC112049687,NW_019862984.1,-,A3SS_long,0.041414157,0.126,489379,489729,NW_019862984.1_489379_489729
LOC112051648,NW_019863094.1,-,A3SS_long,0.000124664,0.054,21378,21713,NW_019863094.1_21378_21713
LOC112054475,NW_019862761.1,-,A3SS_long,3.47E-07,0.208,1159568,1162004,NW_019862761.1_1159568_1162004
LOC112047366,NW_019862890.1,-,A3SS_long,0.010000442,-0.086,599585,599905,NW_019862890.1_599585_599905
LOC112047068,NW_019862881.1,+,A3SS_long,0.002899669,0.358,108638,108992,NW_019862881.1_108638_108992
LOC112049660,NW_019862756.1,+,A3SS_long,0.014973953,-0.046,186521,186859,NW_019862756.1_186521_186859
LOC112053936,NW_019863297.1,-,A3SS_long,0.001795132,-0.157,124327,124751,NW_019863297.1_124327_124751
LOC112058156,NW_019862772.1,-,A3SS_long,0.000224477,0.152,1145428,1145742,NW_019862772.1_1145428_1145742
LOC112046692,NW_019862867.1,+,A3SS_long,0.000529988,0.057,285692,286000,NW_019862867.1_285692_286000
LOC112048594,NW_019862936.1,-,A3SS_long,4.16E-11,0.071,287088,287443,NW_019862936.1_287088_287443
LOC112058435,NW_019862776.1,-,A3SS_long,0.011376995,-0.079,1232497,1232847,NW_019862776.1_1232497_1232847
LOC112058449,NW_019862776.1,+,A3SS_long,0.016013807,-0.095,1714210,1714522,NW_019862776.1_1714210_1714522
LOC112057884,NW_019862768.1,+,A3SS_long,0.041449187,0.362,1040929,1041280,NW_019862768.1_1040929_1041280
LOC112057890,NW_019862768.1,+,A3SS_long,0.001524821,0.1,1245031,1245351,NW_019862768.1_1245031_1245351
LOC112048890,NW_019862950.1,-,A3SS_long,0.027803365,0.099,86106,86427,NW_019862950.1_86106_86427
LOC112047001,NW_019862880.1,+,A3SS_long,0.02474676,0.088,353656,353985,NW_019862880.1_353656_353985
LOC112043856,NW_019862799.1,-,A3SS_long,0.0492249,0.103,915797,916226,NW_019862799.1_915797_916226
LOC112052504,NW_019863154.1,-,A3SS_long,0.0452867,0.097,182658,183038,NW_019863154.1_182658_183038
LOC112046732,NW_019862869.1,-,A3SS_long,0.000236197,-0.024,33365,33829,NW_019862869.1_33365_33829
LOC112044971,NW_019862820.1,+,A3SS_long,2.24E-08,-0.05,100095,100409,NW_019862820.1_100095_100409
LOC112046888,NW_019862753.1,-,A3SS_long,1.85E-06,-0.023,1196881,1197281,NW_019862753.1_1196881_1197281
LOC112049547,NW_019862977.1,-,A3SS_long,0.008987452,0.092,126300,126646,NW_019862977.1_126300_126646
LOC112049107,NW_019862958.1,+,A3SS_long,1.73E-07,-0.132,251702,252467,NW_019862958.1_251702_252467
LOC112053300,NW_019862759.1,-,A3SS_long,0,0.774,154917,155258,NW_019862759.1_154917_155258
LOC112048387,NW_019862748.1,+,A3SS_long,0.001768775,0.174,2680432,2682873,NW_019862748.1_2680432_2682873
LOC112053444,NW_019863241.1,-,A3SS_long,0.000482562,-0.099,92359,92754,NW_019863241.1_92359_92754
LOC112051967,NW_019863116.1,+,A3SS_long,2.37E-06,0.156,171005,171376,NW_019863116.1_171005_171376
LOC112043773,NW_019862797.1,+,A3SS_long,0.026997569,-0.282,704800,706397,NW_019862797.1_704800_706397
LOC112048290,NW_019862924.1,+,A3SS_long,0.019980026,-0.106,387986,388316,NW_019862924.1_387986_388316
LOC112048176,NW_019862919.1,-,A3SS_long,0.022963854,-0.016,102685,103248,NW_019862919.1_102685_103248
LOC112054741,NW_019863404.1,+,A3SS_long,0.000344921,-0.034,114383,114758,NW_019863404.1_114383_114758
LOC112050384,NW_019862756.1,-,A3SS_long,0,-0.191,1797902,1798267,NW_019862756.1_1797902_1798267
LOC112050199,NW_019862756.1,-,A3SS_long,8.50E-06,0.346,1428506,1429156,NW_019862756.1_1428506_1429156
LOC112050199,NW_019862756.1,-,A3SS_long,5.36E-06,0.269,1428506,1429333,NW_019862756.1_1428506_1429333
LOC112044368,NW_019862807.1,-,A3SS_long,0.00037766,0.057,1126688,1127129,NW_019862807.1_1126688_1127129
LOC112050895,NW_019863049.1,+,A3SS_long,1.41E-08,0.149,152407,153849,NW_019863049.1_152407_153849
LOC112052289,NW_019863138.1,+,A3SS_long,0.002899669,-0.129,507254,507581,NW_019863138.1_507254_507581
LOC112051357,NW_019863077.1,-,A3SS_long,0.000347995,0.073,300841,301139,NW_019863077.1_300841_301139
LOC112047321,NW_019862887.1,-,A3SS_long,0,-0.37,455623,456219,NW_019862887.1_455623_456219
LOC112044663,NW_019862815.1,+,A3SS_long,0.000151319,0.105,1045562,1047513,NW_019862815.1_1045562_1047513
LOC112054223,NW_019863330.1,+,A3SS_long,0.004815195,0.035,93697,94065,NW_019863330.1_93697_94065
LOC112043038,NW_019862784.1,+,A3SS_long,0.031061792,0.064,1365377,1365745,NW_019862784.1_1365377_1365745
LOC112050976,NW_019863054.1,-,A3SS_long,0.001418225,-0.077,50512,50944,NW_019863054.1_50512_50944
LOC112050976,NW_019863054.1,-,A3SS_long,0.001553535,-0.091,50513,51212,NW_019863054.1_50513_51212
LOC112044451,NW_019862809.1,+,A3SS_long,0.039540292,0.026,974670,975077,NW_019862809.1_974670_975077
LOC112049178,NW_019862962.1,-,A3SS_long,0.002535774,0.319,175010,175303,NW_019862962.1_175010_175303
LOC112049178,NW_019862962.1,-,A3SS_long,0.030852288,-0.021,197270,197614,NW_019862962.1_197270_197614
LOC112049170,NW_019862962.1,+,A3SS_long,0.033971916,-0.057,87151,87483,NW_019862962.1_87151_87483
LOC112057456,NW_019865607.1,+,A3SS_long,9.02E-10,-0.052,2461,3082,NW_019865607.1_2461_3082
LOC112051132,NW_019863064.1,+,A3SS_long,0.002985924,0.084,51649,52046,NW_019863064.1_51649_52046
LOC112051279,NW_019863071.1,-,A3SS_long,0.044627439,-0.157,191943,192276,NW_019863071.1_191943_192276
LOC112051279,NW_019863071.1,-,A3SS_long,0.016013807,-0.124,191943,192317,NW_019863071.1_191943_192317
LOC112048469,NW_019862932.1,-,A3SS_long,0.021837762,-0.02,167973,168353,NW_019862932.1_167973_168353
LOC112048469,NW_019862932.1,-,A3SS_long,0.021517963,-0.021,167973,168374,NW_019862932.1_167973_168374
LOC112053753,NW_019863278.1,+,A3SS_long,0.021225592,-0.086,114739,115328,NW_019863278.1_114739_115328
LOC112053753,NW_019863278.1,+,A3SS_long,0.005994627,-0.192,114742,115309,NW_019863278.1_114742_115309
LOC112053753,NW_019863278.1,+,A3SS_long,0.000352614,-0.206,114749,115309,NW_019863278.1_114749_115309
LOC112053860,NW_019863289.1,+,A3SS_long,0.004529744,-0.205,168333,168764,NW_019863289.1_168333_168764
LOC112051888,NW_019863109.1,+,A3SS_long,0.003282098,-0.125,236946,237596,NW_019863109.1_236946_237596
LOC112051888,NW_019863109.1,+,A3SS_long,0.003120013,-0.134,237082,237596,NW_019863109.1_237082_237596
LOC112043577,NW_019862792.1,+,A3SS_long,0.00075157,0.035,1093873,1094468,NW_019862792.1_1093873_1094468
LOC112046886,NW_019862874.1,+,A3SS_long,0.027902104,0.473,124666,125009,NW_019862874.1_124666_125009
LOC112046886,NW_019862874.1,+,A3SS_long,0,0.227,133177,133466,NW_019862874.1_133177_133466
LOC112053646,NW_019863265.1,+,A3SS_long,0.00422088,-0.028,206771,207240,NW_019863265.1_206771_207240
LOC112042909,NW_019862749.1,+,A3SS_long,3.01E-07,0.039,2329588,2329910,NW_019862749.1_2329588_2329910
LOC112042909,NW_019862749.1,+,A3SS_long,3.21E-07,0.036,2329601,2329910,NW_019862749.1_2329601_2329910
LOC112042909,NW_019862749.1,+,A3SS_long,9.20E-08,0.044,2329611,2329910,NW_019862749.1_2329611_2329910
LOC112042909,NW_019862749.1,+,A3SS_long,7.16E-08,0.049,2329612,2329910,NW_019862749.1_2329612_2329910
LOC112052079,NW_019863123.1,+,A3SS_long,0.000151319,0.029,234104,234380,NW_019863123.1_234104_234380
LOC112052079,NW_019863123.1,+,A3SS_long,0.043393454,0.019,234106,234380,NW_019863123.1_234106_234380
LOC112052079,NW_019863123.1,+,A3SS_long,0.040566647,0.014,236384,236601,NW_019863123.1_236384_236601
LOC112051862,NW_019862748.1,-,A3SS_long,0.003533589,0.058,385522,385918,NW_019862748.1_385522_385918
LOC112049345,NW_019862968.1,-,A3SS_long,0.005569109,-0.065,563270,563719,NW_019862968.1_563270_563719
LOC112047808,NW_019862904.1,-,A3SS_long,0.013889412,0.066,1066627,1066950,NW_019862904.1_1066627_1066950
LOC112051702,NW_019863098.1,+,A3SS_long,0.000226798,0.052,303240,303648,NW_019863098.1_303240_303648
LOC112058570,NW_019862748.1,+,A3SS_long,0.000235944,0.063,675877,676272,NW_019862748.1_675877_676272
LOC112046364,NW_019862748.1,+,A3SS_long,2.95E-05,-0.03,251164,251575,NW_019862748.1_251164_251575
LOC112055441,NW_019863523.1,+,A3SS_long,0.001893531,0.125,89257,89638,NW_019863523.1_89257_89638
LOC112043653,NW_019862794.1,+,A3SS_long,0.008283521,-0.151,1134833,1135194,NW_019862794.1_1134833_1135194
LOC112046041,NW_019862846.1,-,A3SS_long,0.000280473,0.007,194713,195126,NW_019862846.1_194713_195126
LOC112044799,NW_019862817.1,+,A3SS_long,0.006833113,-0.021,994819,995095,NW_019862817.1_994819_995095
LOC112045704,NW_019862838.1,+,A3SS_long,8.19E-12,-0.061,609800,610138,NW_019862838.1_609800_610138
LOC112043533,NW_019862792.1,-,A3SS_long,2.46E-06,-0.154,40359,40911,NW_019862792.1_40359_40911
LOC112043533,NW_019862792.1,-,A3SS_long,1.06E-06,-0.157,40359,40919,NW_019862792.1_40359_40919
LOC112043533,NW_019862792.1,-,A3SS_long,2.48E-06,-0.138,40359,40926,NW_019862792.1_40359_40926
LOC112043533,NW_019862792.1,-,A3SS_long,9.47E-07,-0.163,40359,40937,NW_019862792.1_40359_40937
LOC112043533,NW_019862792.1,-,A3SS_long,9.31E-07,-0.198,40359,40995,NW_019862792.1_40359_40995
LOC112048265,NW_019862923.1,+,A3SS_long,8.38E-06,0.148,262352,262666,NW_019862923.1_262352_262666
LOC112054858,NW_019862761.1,+,A3SS_long,1.99E-11,0.103,2321211,2321589,NW_019862761.1_2321211_2321589
LOC112054227,NW_019863330.1,+,A3SS_long,0.010908998,0.345,65157,65740,NW_019863330.1_65157_65740
LOC112043473,NW_019862750.1,+,A3SS_long,0.013985243,0.107,371885,372295,NW_019862750.1_371885_372295
LOC112058011,NW_019862770.1,-,A3SS_long,0.000818543,-0.427,1718309,1718773,NW_019862770.1_1718309_1718773
LOC112049626,NW_019862981.1,+,A3SS_long,0.000680855,0.015,66848,67372,NW_019862981.1_66848_67372
LOC112044342,NW_019862807.1,-,A3SS_long,0.000629853,-0.079,102875,103235,NW_019862807.1_102875_103235
LOC112045528,NW_019862834.1,+,A3SS_long,0.023142901,-0.142,432627,432962,NW_019862834.1_432627_432962
LOC112050343,NW_019863018.1,+,A3SS_long,0.001766914,0.073,280524,280971,NW_019863018.1_280524_280971
LOC112048640,NW_019862938.1,-,A3SS_long,0.034265732,-0.146,56783,57229,NW_019862938.1_56783_57229
LOC112055028,NW_019862762.1,+,A3SS_long,7.38E-07,0.052,60452,60825,NW_019862762.1_60452_60825
LOC112046893,NW_019862874.1,-,A3SS_long,0.000931734,-0.34,182203,182647,NW_019862874.1_182203_182647
LOC112055990,NW_019863676.1,+,A3SS_long,0.002692906,-0.027,69750,70305,NW_019863676.1_69750_70305
LOC112055990,NW_019863676.1,+,A3SS_long,1.00E-09,-0.056,75194,75768,NW_019863676.1_75194_75768
LOC112046577,NW_019862862.1,-,A3SS_long,0.003115887,-0.068,818754,819148,NW_019862862.1_818754_819148
LOC112047547,NW_019862896.1,+,A3SS_long,4.09E-05,0.035,512482,512733,NW_019862896.1_512482_512733
LOC112050417,NW_019862756.1,+,A3SS_long,0.012926187,0.029,1853173,1853691,NW_019862756.1_1853173_1853691
LOC112050417,NW_019862756.1,+,A3SS_long,2.00E-05,-0.006,1853458,1854103,NW_019862756.1_1853458_1854103
LOC112050417,NW_019862756.1,+,A3SS_long,1.07E-06,-0.018,1860892,1861224,NW_019862756.1_1860892_1861224
LOC112051407,NW_019863081.1,+,A3SS_long,0.001575839,-0.527,12289,12779,NW_019863081.1_12289_12779
LOC112051407,NW_019863081.1,+,A3SS_long,0.037062447,0.279,12451,12779,NW_019863081.1_12451_12779
LOC112051407,NW_019863081.1,+,A3SS_long,0.000180161,0.28,12451,13083,NW_019863081.1_12451_13083
LOC112051407,NW_019863081.1,+,A3SS_long,0.035897671,0.259,12451,13083,NW_019863081.1_12451_13083
LOC112051144,NW_019863065.1,-,A3SS_long,0.016013807,0.128,237323,237992,NW_019863065.1_237323_237992
LOC112045984,NW_019862845.1,+,A3SS_long,0.002609853,0.044,348449,348844,NW_019862845.1_348449_348844
LOC112043857,NW_019862799.1,-,A3SS_long,0.001795132,-0.016,938619,939173,NW_019862799.1_938619_939173
LOC112058369,NW_019862775.1,-,A3SS_long,0.000959584,0.202,1374728,1375165,NW_019862775.1_1374728_1375165
LOC112053443,NW_019862760.1,+,A3SS_long,0,0.305,55165,55691,NW_019862760.1_55165_55691
LOC112053443,NW_019862760.1,+,A3SS_long,1.20E-05,0.204,55165,55691,NW_019862760.1_55165_55691
LOC112053443,NW_019862760.1,+,A3SS_long,7.04E-08,0.5,55165,55690,NW_019862760.1_55165_55690
LOC112053443,NW_019862760.1,+,A3SS_long,0.048483872,0.411,55169,55690,NW_019862760.1_55169_55690
LOC112053443,NW_019862760.1,+,A3SS_long,0.048483872,0.411,55178,55690,NW_019862760.1_55178_55690
LOC112053443,NW_019862760.1,+,A3SS_long,0.048334839,0.412,55224,55690,NW_019862760.1_55224_55690
LOC112053443,NW_019862760.1,+,A3SS_long,0.047665902,0.413,55256,55690,NW_019862760.1_55256_55690
LOC112053443,NW_019862760.1,+,A3SS_long,0.047445495,0.414,55267,55690,NW_019862760.1_55267_55690
LOC112053443,NW_019862760.1,+,A3SS_long,0.047408521,0.413,55271,55690,NW_019862760.1_55271_55690
LOC112053443,NW_019862760.1,+,A3SS_long,0.047013951,0.414,55283,55690,NW_019862760.1_55283_55690
LOC112053443,NW_019862760.1,+,A3SS_long,0.048245811,0.407,55351,55690,NW_019862760.1_55351_55690
LOC112055816,NW_019862762.1,-,A3SS_long,0.002029594,-0.501,2073341,2073764,NW_019862762.1_2073341_2073764
LOC112055816,NW_019862762.1,-,A3SS_long,0.008709986,-0.43,2073341,2073777,NW_019862762.1_2073341_2073777
LOC112058338,NW_019862774.1,+,A3SS_long,0.006778134,0.029,1899703,1900190,NW_019862774.1_1899703_1900190
LOC112046897,NW_019862874.1,+,A3SS_long,0.023860178,0.075,776503,776903,NW_019862874.1_776503_776903
LOC112043298,NW_019862788.1,+,A3SS_long,0.000276785,0.402,397909,398251,NW_019862788.1_397909_398251
LOC112043298,NW_019862788.1,+,A3SS_long,0.017070931,0.333,397909,398251,NW_019862788.1_397909_398251
LOC112048588,NW_019862935.1,-,A3SS_long,0.002330357,-0.253,3101,3467,NW_019862935.1_3101_3467
LOC112048240,NW_019862922.1,-,A3SS_long,4.02E-08,-0.18,564587,564973,NW_019862922.1_564587_564973
LOC112052453,NW_019863149.1,-,A3SS_long,6.19E-08,-0.091,307704,308050,NW_019863149.1_307704_308050
LOC112052453,NW_019863149.1,-,A3SS_long,9.61E-09,-0.082,307704,308058,NW_019863149.1_307704_308058
LOC112052453,NW_019863149.1,-,A3SS_long,4.03E-08,-0.086,307704,308070,NW_019863149.1_307704_308070
LOC112054387,NW_019863353.1,+,A3SS_long,0.00494208,-0.367,32897,33217,NW_019863353.1_32897_33217
LOC112054387,NW_019863353.1,+,A3SS_long,0.001326869,-0.251,32900,33217,NW_019863353.1_32900_33217
LOC112045524,NW_019862834.1,-,A3SS_long,0.000185102,-0.038,979194,979569,NW_019862834.1_979194_979569
LOC112048587,NW_019862935.1,+,A3SS_long,0.037143145,-0.014,436801,437170,NW_019862935.1_436801_437170
LOC112052988,NW_019862759.1,-,A3SS_long,0.000501341,0.012,1289993,1290474,NW_019862759.1_1289993_1290474
LOC112056453,NW_019863828.1,+,A3SS_long,1.81E-07,-0.166,19300,19633,NW_019863828.1_19300_19633
LOC112049479,NW_019862976.1,+,A3SS_long,0.000937683,0.448,187753,188228,NW_019862976.1_187753_188228
LOC112044080,NW_019862803.1,-,A3SS_long,0.016013807,-0.06,210790,211158,NW_019862803.1_210790_211158
LOC112044080,NW_019862803.1,-,A3SS_long,0.046852086,-0.133,210790,211175,NW_019862803.1_210790_211175
LOC112053680,NW_019863271.1,-,A3SS_long,4.53E-09,-0.089,112813,113372,NW_019863271.1_112813_113372
LOC112058550,NW_019862778.1,-,A3SS_long,0.000182233,-0.04,1102864,1103464,NW_019862778.1_1102864_1103464
LOC112058550,NW_019862778.1,-,A3SS_long,0,-0.234,1102864,1103465,NW_019862778.1_1102864_1103465
LOC112058550,NW_019862778.1,-,A3SS_long,0.000182233,-0.04,1102864,1103476,NW_019862778.1_1102864_1103476
LOC112045066,NW_019862823.1,-,A3SS_long,0.045756038,-0.021,121012,121404,NW_019862823.1_121012_121404
LOC112051523,NW_019863087.1,+,A3SS_long,0.017354495,0.017,159251,159949,NW_019863087.1_159251_159949
LOC112051523,NW_019863087.1,+,A3SS_long,0,0.105,159251,159949,NW_019863087.1_159251_159949
LOC112051523,NW_019863087.1,+,A3SS_long,0.017674651,0.016,159287,159949,NW_019863087.1_159287_159949
LOC112051523,NW_019863087.1,+,A3SS_long,0,0.104,159287,159949,NW_019863087.1_159287_159949
LOC112051523,NW_019863087.1,+,A3SS_long,0.017887997,0.016,159309,159949,NW_019863087.1_159309_159949
LOC112051523,NW_019863087.1,+,A3SS_long,0,0.104,159309,159949,NW_019863087.1_159309_159949
LOC112051523,NW_019863087.1,+,A3SS_long,0.017365128,0.017,159326,159949,NW_019863087.1_159326_159949
LOC112051523,NW_019863087.1,+,A3SS_long,0,0.105,159326,159949,NW_019863087.1_159326_159949
LOC112051523,NW_019863087.1,+,A3SS_long,0.01730837,0.017,159392,159949,NW_019863087.1_159392_159949
LOC112051523,NW_019863087.1,+,A3SS_long,0,0.105,159392,159949,NW_019863087.1_159392_159949
LOC112051523,NW_019863087.1,+,A3SS_long,0.01730837,0.017,159410,159949,NW_019863087.1_159410_159949
LOC112051523,NW_019863087.1,+,A3SS_long,0,0.105,159410,159949,NW_019863087.1_159410_159949
LOC112051523,NW_019863087.1,+,A3SS_long,0.027631217,0.01,159548,159949,NW_019863087.1_159548_159949
LOC112051523,NW_019863087.1,+,A3SS_long,0,0.056,159548,159949,NW_019863087.1_159548_159949
LOC112051523,NW_019863087.1,+,A3SS_long,0,0.098,159575,159949,NW_019863087.1_159575_159949
LOC112051523,NW_019863087.1,+,A3SS_long,0.002383602,0.042,159644,159949,NW_019863087.1_159644_159949
LOC112051523,NW_019863087.1,+,A3SS_long,0,0.143,159644,159949,NW_019863087.1_159644_159949
LOC112051523,NW_019863087.1,+,A3SS_long,3.20E-13,0.161,159662,159949,NW_019863087.1_159662_159949
LOC112051523,NW_019863087.1,+,A3SS_long,2.22E-10,-0.099,179157,179686,NW_019863087.1_179157_179686
LOC112051523,NW_019863087.1,+,A3SS_long,0.000304701,0.053,179157,179686,NW_019863087.1_179157_179686
LOC112051523,NW_019863087.1,+,A3SS_long,5.38E-08,-0.325,179881,180242,NW_019863087.1_179881_180242
LOC112051523,NW_019863087.1,+,A3SS_long,1.81E-07,-0.322,179895,180242,NW_019863087.1_179895_180242
LOC112051523,NW_019863087.1,+,A3SS_long,0.000165736,-0.011,179895,180242,NW_019863087.1_179895_180242
LOC112051523,NW_019863087.1,+,A3SS_long,0.011743071,-0.008,179895,180242,NW_019863087.1_179895_180242
LOC112043143,NW_019862749.1,+,A3SS_long,0.001120034,-0.056,2853136,2853750,NW_019862749.1_2853136_2853750
LOC112043143,NW_019862749.1,+,A3SS_long,0,-0.189,2853199,2853750,NW_019862749.1_2853199_2853750
LOC112049437,NW_019862973.1,-,A3SS_long,0.000178712,0.162,359630,360206,NW_019862973.1_359630_360206
LOC112049437,NW_019862973.1,-,A3SS_long,0.000701118,0.161,359630,360213,NW_019862973.1_359630_360213
LOC112049219,NW_019862964.1,-,A3SS_long,0.013985243,-0.125,417918,418378,NW_019862964.1_417918_418378
LOC112049703,NW_019862985.1,+,A3SS_long,0.048245811,-0.028,427190,427572,NW_019862985.1_427190_427572
LOC112049703,NW_019862985.1,+,A3SS_long,0.006188884,-0.018,427194,427572,NW_019862985.1_427194_427572
LOC112049703,NW_019862985.1,+,A3SS_long,0.010736929,-0.021,427223,427572,NW_019862985.1_427223_427572
LOC112047767,NW_019862904.1,-,A3SS_long,1.39E-08,-0.028,1056555,1057214,NW_019862904.1_1056555_1057214
LOC112048857,NW_019862948.1,+,A3SS_long,0.002322699,0.081,353760,354290,NW_019862948.1_353760_354290
LOC112048857,NW_019862948.1,+,A3SS_long,0.002150231,0.076,353828,354290,NW_019862948.1_353828_354290
LOC112051831,NW_019863107.1,+,A3SS_long,0.046964641,-0.305,125373,125742,NW_019863107.1_125373_125742
LOC112051831,NW_019863107.1,+,A3SS_long,0.045853156,-0.303,125377,125742,NW_019863107.1_125377_125742
LOC112047092,NW_019862882.1,+,A3SS_long,0.031936149,-0.025,705578,706094,NW_019862882.1_705578_706094
LOC112048127,NW_019862917.1,-,A3SS_long,0.007918319,0.171,580138,580508,NW_019862917.1_580138_580508
LOC112057804,NW_019862767.1,-,A3SS_long,0.018999008,0.033,270633,271198,NW_019862767.1_270633_271198
LOC112046942,NW_019862878.1,+,A3SS_long,0.013882281,-0.389,990233,990552,NW_019862878.1_990233_990552
LOC112047449,NW_019862893.1,-,A3SS_long,6.01E-06,0.463,411981,412277,NW_019862893.1_411981_412277
LOC112058374,NW_019862775.1,+,A3SS_long,0.045451364,-0.024,1559381,1559863,NW_019862775.1_1559381_1559863
LOC112043045,NW_019862784.1,+,A3SS_long,0.001229465,-0.067,1522774,1523118,NW_019862784.1_1522774_1523118
LOC112044843,NW_019862818.1,-,A3SS_long,0.034280511,-0.076,224314,224774,NW_019862818.1_224314_224774
LOC112044733,NW_019862816.1,-,A3SS_long,0.000703109,-0.202,266304,266653,NW_019862816.1_266304_266653
LOC112049491,NW_019862976.1,-,A3SS_long,1.77E-05,-0.281,66775,67119,NW_019862976.1_66775_67119
LOC112056518,NW_019862763.1,-,A3SS_long,0.005041803,-0.469,2006751,2007006,NW_019862763.1_2006751_2007006
LOC112050670,NW_019863036.1,+,A3SS_long,0.00123533,-0.022,110555,111123,NW_019863036.1_110555_111123
LOC112057846,NW_019862767.1,+,A3SS_long,0.02397411,-0.07,1703222,1703476,NW_019862767.1_1703222_1703476
LOC112057672,NW_019862765.1,+,A3SS_long,0.000700926,0.35,891941,892306,NW_019862765.1_891941_892306
LOC112048398,NW_019862929.1,+,A3SS_long,0.047408521,0.067,269770,270252,NW_019862929.1_269770_270252
LOC112049794,NW_019862756.1,-,A3SS_long,0.039067908,-0.013,377657,378041,NW_019862756.1_377657_378041
LOC112044839,NW_019862818.1,+,A3SS_long,8.73E-05,0.399,1025264,1025626,NW_019862818.1_1025264_1025626
LOC112049503,NW_019862976.1,-,A3SS_long,1.06E-08,-0.071,435331,435988,NW_019862976.1_435331_435988
LOC112055519,NW_019863544.1,-,A3SS_long,0.00573921,-0.052,116372,116647,NW_019863544.1_116372_116647
LOC112044372,NW_019862807.1,+,A3SS_long,0.015138701,-0.038,1095784,1096183,NW_019862807.1_1095784_1096183
LOC112045942,NW_019862844.1,+,A3SS_long,0.013985243,-0.306,54194,54912,NW_019862844.1_54194_54912
LOC112045949,NW_019862844.1,+,A3SS_long,0.015013842,0.053,544811,545137,NW_019862844.1_544811_545137
LOC112047755,NW_019862903.1,+,A3SS_long,0.002860694,0.171,210481,210847,NW_019862903.1_210481_210847
LOC112055863,NW_019863640.1,+,A3SS_long,0.003457381,0.096,7180,7555,NW_019863640.1_7180_7555
LOC112056419,NW_019863807.1,-,A3SS_long,3.02E-05,0.102,18517,19081,NW_019863807.1_18517_19081
LOC112058542,NW_019862778.1,-,A3SS_long,1.03E-05,-0.043,1048887,1049330,NW_019862778.1_1048887_1049330
LOC112048503,NW_019862933.1,+,A3SS_long,0.001006911,-0.079,115662,116186,NW_019862933.1_115662_116186
LOC112048503,NW_019862933.1,+,A3SS_long,0.000806608,-0.076,115682,116186,NW_019862933.1_115682_116186
LOC112052567,NW_019863158.1,-,A3SS_long,1.17E-05,0.467,256032,256659,NW_019863158.1_256032_256659
LOC112055449,NW_019863525.1,+,A3SS_long,0.017365128,0.008,123471,123824,NW_019863525.1_123471_123824
LOC112054293,NW_019863339.1,+,A3SS_long,0,-0.028,62924,63200,NW_019863339.1_62924_63200
LOC112043547,NW_019862792.1,-,A3SS_long,0.035596037,0.068,335079,335435,NW_019862792.1_335079_335435
LOC112053375,NW_019862759.1,-,A3SS_long,1.65E-07,0.271,1367666,1369453,NW_019862759.1_1367666_1369453
LOC112048440,NW_019862930.1,-,A3SS_long,0.004053607,0.246,407077,407499,NW_019862930.1_407077_407499
LOC112048440,NW_019862930.1,-,A3SS_long,0.002533491,0.104,407077,407499,NW_019862930.1_407077_407499
LOC112050252,NW_019863014.1,+,A3SS_long,0.021340701,-0.104,59089,59438,NW_019863014.1_59089_59438
LOC112052126,NW_019863128.1,+,A3SS_long,8.38E-06,0.055,165598,165962,NW_019863128.1_165598_165962
LOC112052126,NW_019863128.1,+,A3SS_long,0.0221201,0.017,165598,165962,NW_019863128.1_165598_165962
LOC112049893,NW_019862996.1,-,A3SS_long,1.06E-08,0.449,414401,414779,NW_019862996.1_414401_414779
LOC112057669,NW_019862765.1,+,A3SS_long,0.003684091,0.155,839477,839842,NW_019862765.1_839477_839842
LOC112049338,NW_019862968.1,+,A3SS_long,0.001677809,-0.106,58132,58433,NW_019862968.1_58132_58433
LOC112052399,NW_019863145.1,+,A3SS_long,2.30E-10,0.011,111150,111511,NW_019863145.1_111150_111511
LOC112043285,NW_019862788.1,+,A3SS_long,0.006490428,0.051,179674,180016,NW_019862788.1_179674_180016
LOC112055407,NW_019863516.1,+,A3SS_long,0.000906475,-0.076,10469,10863,NW_019863516.1_10469_10863
LOC112050585,NW_019863030.1,-,A3SS_long,6.18E-13,0.022,438271,438645,NW_019863030.1_438271_438645
LOC112047112,NW_019862882.1,-,A3SS_long,0.014719288,-0.026,254175,254537,NW_019862882.1_254175_254537
LOC112050902,NW_019863049.1,-,A3SS_long,0.000294399,0.346,48831,49181,NW_019863049.1_48831_49181
LOC112050902,NW_019863049.1,-,A3SS_long,0.00012413,0.023,48831,49181,NW_019863049.1_48831_49181
LOC112056457,NW_019863828.1,-,A3SS_long,2.48E-06,0.037,31282,31743,NW_019863828.1_31282_31743
LOC112056457,NW_019863828.1,-,A3SS_long,3.33E-05,0.028,31282,31745,NW_019863828.1_31282_31745
LOC112056457,NW_019863828.1,-,A3SS_long,9.06E-05,0.026,31282,31746,NW_019863828.1_31282_31746
LOC112056457,NW_019863828.1,-,A3SS_long,0.039540292,0.018,31282,31749,NW_019863828.1_31282_31749
LOC112056457,NW_019863828.1,-,A3SS_long,6.40E-05,0.035,31282,31754,NW_019863828.1_31282_31754
LOC112056457,NW_019863828.1,-,A3SS_long,0.000116339,0.033,31282,31773,NW_019863828.1_31282_31773
LOC112056206,NW_019863733.1,+,A3SS_long,0.006188884,-0.019,19738,20166,NW_019863733.1_19738_20166
LOC112048334,NW_019862754.1,+,A3SS_long,0.010000442,-0.023,2465662,2465967,NW_019862754.1_2465662_2465967
LOC112054929,NW_019863433.1,+,A3SS_long,1.55E-07,-0.039,120638,121262,NW_019863433.1_120638_121262
LOC112056839,NW_019864020.1,-,A3SS_long,0,0.152,11125,11502,NW_019864020.1_11125_11502
LOC112043342,NW_019862788.1,-,A3SS_long,0.022155997,-0.286,1333015,1333543,NW_019862788.1_1333015_1333543
LOC112054514,NW_019863368.1,+,A3SS_long,0.013886153,0.105,223010,223297,NW_019863368.1_223010_223297
LOC112046979,NW_019862879.1,+,A3SS_long,0.000155736,-0.183,100902,101363,NW_019862879.1_100902_101363
LOC112046979,NW_019862879.1,+,A3SS_long,0.037062447,0.164,108038,108531,NW_019862879.1_108038_108531
LOC112054313,NW_019863342.1,+,A3SS_long,0.000347995,0.043,125615,125986,NW_019863342.1_125615_125986
LOC112051272,NW_019862757.1,+,A3SS_long,0.003219588,-0.024,2254690,2254999,NW_019862757.1_2254690_2254999
LOC112058277,NW_019862773.1,-,A3SS_long,0.011027659,-0.383,800031,800521,NW_019862773.1_800031_800521
LOC112053291,NW_019863225.1,-,A3SS_long,3.84E-10,0.149,122276,122964,NW_019863225.1_122276_122964
LOC112044618,NW_019862813.1,-,A3SS_long,0.000648519,0.149,133445,133827,NW_019862813.1_133445_133827
LOC112056216,NW_019863736.1,+,A3SS_long,0.029688154,0.045,74268,74586,NW_019863736.1_74268_74586
LOC112051025,NW_019863057.1,-,A3SS_long,1.27E-11,-0.019,256992,257613,NW_019863057.1_256992_257613
LOC112045215,NW_019862826.1,+,A3SS_long,0.031061792,0.014,1076379,1076797,NW_019862826.1_1076379_1076797
LOC112053170,NW_019863214.1,-,A3SS_long,1.93E-05,-0.12,184817,185119,NW_019863214.1_184817_185119
LOC112050490,NW_019863025.1,+,A3SS_long,0.024560256,-0.329,187862,188197,NW_019863025.1_187862_188197
LOC112050490,NW_019863025.1,+,A3SS_long,2.20E-08,-0.053,185731,186195,NW_019863025.1_185731_186195
LOC112050490,NW_019863025.1,+,A3SS_long,1.44E-09,-0.084,185860,186195,NW_019863025.1_185860_186195
LOC112054561,NW_019863375.1,+,A3SS_long,1.00E-07,-0.03,168903,169326,NW_019863375.1_168903_169326
LOC112054561,NW_019863375.1,+,A3SS_long,9.85E-08,-0.027,168927,169326,NW_019863375.1_168927_169326
LOC112054561,NW_019863375.1,+,A3SS_long,9.42E-08,-0.027,168928,169326,NW_019863375.1_168928_169326
LOC112054561,NW_019863375.1,+,A3SS_long,0.024194959,0.19,167558,167810,NW_019863375.1_167558_167810
LOC112054561,NW_019863375.1,+,A3SS_long,4.52E-05,0.09,167558,167810,NW_019863375.1_167558_167810
LOC112054561,NW_019863375.1,+,A3SS_long,0.026335303,-0.103,168905,169326,NW_019863375.1_168905_169326
LOC112054561,NW_019863375.1,+,A3SS_long,1.69E-09,-0.176,168905,169326,NW_019863375.1_168905_169326
LOC112054561,NW_019863375.1,+,A3SS_long,2.00E-05,-0.075,168905,169326,NW_019863375.1_168905_169326
LOC112054561,NW_019863375.1,+,A3SS_long,0.000458724,0.479,170287,170973,NW_019863375.1_170287_170973
LOC112054561,NW_019863375.1,+,A3SS_long,0.004294813,0.019,170289,170973,NW_019863375.1_170289_170973
LOC112054561,NW_019863375.1,+,A3SS_long,0.000501341,-0.019,170289,170973,NW_019863375.1_170289_170973
LOC112054561,NW_019863375.1,+,A3SS_long,0.011808284,-0.099,170289,170973,NW_019863375.1_170289_170973
LOC112054561,NW_019863375.1,+,A3SS_long,1.05E-05,-0.395,170293,170973,NW_019863375.1_170293_170973
LOC112054561,NW_019863375.1,+,A3SS_long,3.91E-08,-0.492,170293,170973,NW_019863375.1_170293_170973
LOC112054561,NW_019863375.1,+,A3SS_long,0.002842934,-0.495,170293,170973,NW_019863375.1_170293_170973
LOC112052775,NW_019863175.1,+,A3SS_long,0.005494565,0.034,3038,3300,NW_019863175.1_3038_3300
LOC112057549,NW_019866406.1,-,A3SS_long,1.29E-05,-0.18,269,800,NW_019866406.1_269_800
LOC112056072,NW_019863696.1,-,A3SS_long,3.48E-06,-0.035,29378,29914,NW_019863696.1_29378_29914
LOC112048533,NW_019862934.1,-,A3SS_long,0.001267884,0.499,180184,180822,NW_019862934.1_180184_180822
LOC112047485,NW_019862894.1,-,A3SS_long,2.68E-10,-0.123,901513,901875,NW_019862894.1_901513_901875
LOC112056501,NW_019863852.1,-,A3SS_long,4.88E-05,0.153,20601,21108,NW_019863852.1_20601_21108
LOC112058097,NW_019862771.1,+,A3SS_long,1.68E-05,0.029,1757978,1758271,NW_019862771.1_1757978_1758271
LOC112043416,NW_019862790.1,+,A3SS_long,0.007767663,-0.087,565541,565948,NW_019862790.1_565541_565948
LOC112045740,NW_019862839.1,+,A3SS_long,0.000350336,-0.454,194790,195403,NW_019862839.1_194790_195403
LOC112045741,NW_019862839.1,-,A3SS_long,0.0237782,-0.055,293989,294501,NW_019862839.1_293989_294501
LOC112045726,NW_019862839.1,-,A3SS_long,0.013985243,0.054,807386,807928,NW_019862839.1_807386_807928
LOC112045726,NW_019862839.1,-,A3SS_long,0.047665902,0.06,807386,808070,NW_019862839.1_807386_808070
LOC112054767,NW_019863408.1,+,A3SS_long,0.023090939,-0.122,126853,127373,NW_019863408.1_126853_127373
LOC112046213,NW_019862850.1,+,A3SS_long,2.57E-05,0.167,510791,511449,NW_019862850.1_510791_511449
LOC112057757,NW_019862766.1,+,A3SS_long,0.017008683,-0.29,165684,166063,NW_019862766.1_165684_166063
LOC112057757,NW_019862766.1,+,A3SS_long,2.21E-13,-0.51,165684,166063,NW_019862766.1_165684_166063
LOC112057757,NW_019862766.1,+,A3SS_long,1.59E-12,-0.5,165723,166063,NW_019862766.1_165723_166063
LOC112056937,NW_019862764.1,+,A3SS_long,0.0452867,-0.018,1063480,1063856,NW_019862764.1_1063480_1063856
LOC112056937,NW_019862764.1,+,A3SS_long,0.007453132,-0.028,1063483,1063856,NW_019862764.1_1063483_1063856
LOC112056956,NW_019862764.1,-,A3SS_long,0.008650998,-0.045,1081559,1081923,NW_019862764.1_1081559_1081923
LOC112052747,NW_019862759.1,-,A3SS_long,0.0032821,0.022,617650,618141,NW_019862759.1_617650_618141
LOC112052747,NW_019862759.1,-,A3SS_long,0.011349286,0.107,621796,622425,NW_019862759.1_621796_622425
LOC112058415,NW_019862776.1,+,A3SS_long,0.035766161,0.037,659039,659461,NW_019862776.1_659039_659461
LOC112053936,NW_019863297.1,-,A3SS_long,0.008279158,0.034,121898,122374,NW_019863297.1_121898_122374
LOC112048697,NW_019862941.1,-,A3SS_long,0.047069264,0.247,166478,167162,NW_019862941.1_166478_167162
LOC112044001,NW_019862801.1,-,A3SS_long,0.001346295,-0.029,765768,766376,NW_019862801.1_765768_766376
LOC112056176,NW_019863728.1,+,A3SS_long,0.017674651,-0.111,67878,68281,NW_019863728.1_67878_68281
LOC112053895,NW_019863292.1,-,A3SS_long,0.022743756,0.012,29335,29708,NW_019863292.1_29335_29708
LOC112053895,NW_019863292.1,-,A3SS_long,0.000501341,0.286,32116,32724,NW_019863292.1_32116_32724
LOC112053895,NW_019863292.1,-,A3SS_long,5.00E-08,0.041,35429,36088,NW_019863292.1_35429_36088
LOC112053897,NW_019863292.1,+,A3SS_long,0.012161192,-0.227,45703,46395,NW_019863292.1_45703_46395
LOC112053897,NW_019863292.1,+,A3SS_long,0.010430867,-0.16,46029,46395,NW_019863292.1_46029_46395
LOC112053897,NW_019863292.1,+,A3SS_long,0.044864129,-0.028,46040,46395,NW_019863292.1_46040_46395
LOC112048594,NW_019862936.1,-,A3SS_long,5.86E-05,0.106,287088,287446,NW_019862936.1_287088_287446
LOC112054150,NW_019863325.1,+,A3SS_long,0.04454195,-0.131,314933,315217,NW_019863325.1_314933_315217
LOC112054150,NW_019863325.1,+,A3SS_long,0,-0.137,318112,318554,NW_019863325.1_318112_318554
LOC112052373,NW_019862759.1,+,A3SS_long,0.031936149,-0.048,2029538,2029973,NW_019862759.1_2029538_2029973
LOC112043856,NW_019862799.1,-,A3SS_long,0.008688816,0.128,914591,914891,NW_019862799.1_914591_914891
LOC112054484,NW_019863363.1,-,A3SS_long,0.001283874,0.019,22961,23343,NW_019863363.1_22961_23343
LOC112046714,NW_019862869.1,-,A3SS_long,3.30E-06,0.025,203820,204290,NW_019862869.1_203820_204290
LOC112046714,NW_019862869.1,-,A3SS_long,0.00422088,0.019,203820,204290,NW_019862869.1_203820_204290
LOC112051027,NW_019862757.1,+,A3SS_long,0.030852288,-0.016,518199,518599,NW_019862757.1_518199_518599
LOC112058299,NW_019862749.1,+,A3SS_long,0.027902104,0.08,524587,524943,NW_019862749.1_524587_524943
LOC112058299,NW_019862749.1,+,A3SS_long,0.026997569,0.078,524590,524943,NW_019862749.1_524590_524943
LOC112042907,NW_019862781.1,+,A3SS_long,0.00638992,-0.028,1620260,1620587,NW_019862781.1_1620260_1620587
LOC112052396,NW_019863145.1,-,A3SS_long,0.026981362,-0.212,117120,117782,NW_019863145.1_117120_117782
LOC112047796,NW_019862904.1,-,A3SS_long,0,-0.997,1305370,1305725,NW_019862904.1_1305370_1305725
LOC112047793,NW_019862904.1,-,A3SS_long,3.96E-06,0.04,1352514,1353010,NW_019862904.1_1352514_1353010
LOC112055815,NW_019863623.1,-,A3SS_long,0.03828562,0.45,33656,34303,NW_019863623.1_33656_34303
LOC112044926,NW_019862820.1,-,A3SS_long,0.030495383,-0.074,59956,60299,NW_019862820.1_59956_60299
LOC112056026,NW_019863687.1,+,A3SS_long,0.000445639,-0.366,55151,55846,NW_019863687.1_55151_55846
LOC112044971,NW_019862820.1,+,A3SS_long,0.00053917,-0.014,100084,100409,NW_019862820.1_100084_100409
LOC112044971,NW_019862820.1,+,A3SS_long,7.41E-05,-0.016,100087,100409,NW_019862820.1_100087_100409
LOC112052571,NW_019863159.1,-,A3SS_long,0.02113165,-0.073,22562,22953,NW_019863159.1_22562_22953
LOC112052571,NW_019863159.1,-,A3SS_long,0.001387788,0.07,41304,41801,NW_019863159.1_41304_41801
LOC112046721,NW_019862753.1,-,A3SS_long,0.000959584,-0.026,381730,382104,NW_019862753.1_381730_382104
LOC112046721,NW_019862753.1,-,A3SS_long,6.77E-05,0.098,381730,382166,NW_019862753.1_381730_382166
LOC112047441,NW_019862753.1,+,A3SS_long,0.000659914,-0.125,1165930,1166304,NW_019862753.1_1165930_1166304
LOC112047239,NW_019862753.1,+,A3SS_long,0.006874448,-0.054,2079453,2079791,NW_019862753.1_2079453_2079791
LOC112048221,NW_019862921.1,+,A3SS_long,5.98E-05,0.009,362551,362870,NW_019862921.1_362551_362870
LOC112048221,NW_019862921.1,+,A3SS_long,0.001244232,0.01,362552,362870,NW_019862921.1_362552_362870
LOC112055175,NW_019863471.1,-,A3SS_long,0.014719288,0.026,138467,138855,NW_019863471.1_138467_138855
LOC112055175,NW_019863471.1,-,A3SS_long,0.023142901,0.036,138467,138940,NW_019863471.1_138467_138940
LOC112053732,NW_019863277.1,-,A3SS_long,0.000226798,0.536,67178,67684,NW_019863277.1_67178_67684
LOC112052397,NW_019862759.1,-,A3SS_long,0.000420359,-0.032,107837,108265,NW_019862759.1_107837_108265
LOC112053300,NW_019862759.1,-,A3SS_long,0,0.768,154917,155487,NW_019862759.1_154917_155487
LOC112052674,NW_019862759.1,-,A3SS_long,3.30E-06,0.115,562427,562911,NW_019862759.1_562427_562911
LOC112051967,NW_019863116.1,+,A3SS_long,2.04E-05,0.359,170987,171376,NW_019863116.1_170987_171376
LOC112051967,NW_019863116.1,+,A3SS_long,0.000447636,0.38,171013,171376,NW_019863116.1_171013_171376
LOC112051828,NW_019863106.1,+,A3SS_long,0.017272362,-0.297,254693,255126,NW_019863106.1_254693_255126
LOC112051828,NW_019863106.1,+,A3SS_long,0.013772921,-0.287,254693,255126,NW_019863106.1_254693_255126
LOC112051828,NW_019863106.1,+,A3SS_long,0.021340701,-0.295,254697,255126,NW_019863106.1_254697_255126
LOC112051828,NW_019863106.1,+,A3SS_long,0.017156894,-0.284,254697,255126,NW_019863106.1_254697_255126
LOC112042930,NW_019862782.1,-,A3SS_long,0.003471633,-0.026,1118133,1118545,NW_019862782.1_1118133_1118545
LOC112048147,NW_019862918.1,+,A3SS_long,0.001605525,0.015,152234,152557,NW_019862918.1_152234_152557
LOC112044495,NW_019862810.1,-,A3SS_long,0.005041803,0.045,839744,840160,NW_019862810.1_839744_840160
LOC112054854,NW_019863425.1,-,A3SS_long,0.03917863,-0.03,125442,125845,NW_019863425.1_125442_125845
LOC112049701,NW_019862756.1,-,A3SS_long,0.003637842,0.222,202804,203306,NW_019862756.1_202804_203306
LOC112052274,NW_019863137.1,-,A3SS_long,0.002907769,0.158,116101,116447,NW_019863137.1_116101_116447
LOC112052274,NW_019863137.1,-,A3SS_long,0.000130104,0.113,116101,116459,NW_019863137.1_116101_116459
LOC112048283,NW_019862924.1,+,A3SS_long,0.008372056,-0.032,483969,484513,NW_019862924.1_483969_484513
LOC112050069,NW_019863004.1,-,A3SS_long,2.66E-11,-0.13,134610,135096,NW_019863004.1_134610_135096
LOC112054350,NW_019863349.1,+,A3SS_long,0.028298778,-0.034,190072,190401,NW_019863349.1_190072_190401
LOC112051627,NW_019863091.1,+,A3SS_long,0.007711739,-0.196,25899,26251,NW_019863091.1_25899_26251
LOC112053386,NW_019863237.1,-,A3SS_long,0.002470829,0.044,221474,221856,NW_019863237.1_221474_221856
LOC112057165,NW_019864431.1,-,A3SS_long,0.000232709,0.263,25189,25602,NW_019864431.1_25189_25602
LOC112051462,NW_019863083.1,-,A3SS_long,0.033794303,0.019,305898,306287,NW_019863083.1_305898_306287
LOC112051462,NW_019863083.1,-,A3SS_long,0.006383169,0.022,305898,306302,NW_019863083.1_305898_306302
LOC112051462,NW_019863083.1,-,A3SS_long,0.021361438,0.019,305898,306316,NW_019863083.1_305898_306316
LOC112051453,NW_019863083.1,-,A3SS_long,7.31E-07,0.117,355566,356160,NW_019863083.1_355566_356160
LOC112048138,NW_019862918.1,+,A3SS_long,3.21E-08,-0.64,441886,442199,NW_019862918.1_441886_442199
LOC112052591,NW_019863161.1,-,A3SS_long,0.009341532,0.108,184410,184787,NW_019863161.1_184410_184787
LOC112049719,NW_019862756.1,+,A3SS_long,0.016480243,-0.095,220600,221283,NW_019862756.1_220600_221283
LOC112049719,NW_019862756.1,+,A3SS_long,0.016768222,-0.094,220745,221283,NW_019862756.1_220745_221283
LOC112050384,NW_019862756.1,-,A3SS_long,1.83E-05,-0.045,1797902,1798286,NW_019862756.1_1797902_1798286
LOC112050679,NW_019862756.1,-,A3SS_long,0.000190344,-0.113,1840096,1840642,NW_019862756.1_1840096_1840642
LOC112050556,NW_019862756.1,+,A3SS_long,0.005485194,0.068,2539255,2539548,NW_019862756.1_2539255_2539548
LOC112048847,NW_019862947.1,-,A3SS_long,0.005037578,-0.013,379577,379962,NW_019862947.1_379577_379962
LOC112052979,NW_019863193.1,+,A3SS_long,0.009400593,-0.071,58985,59398,NW_019863193.1_58985_59398
LOC112049145,NW_019862961.1,-,A3SS_long,1.05E-11,-0.022,298596,299035,NW_019862961.1_298596_299035
LOC112044270,NW_019862806.1,-,A3SS_long,0.001766914,-0.079,833812,834168,NW_019862806.1_833812_834168
LOC112046598,NW_019862863.1,-,A3SS_long,0.000349927,0.04,807231,807679,NW_019862863.1_807231_807679
LOC112046598,NW_019862863.1,-,A3SS_long,0.006806739,-0.08,814473,814734,NW_019862863.1_814473_814734
LOC112052325,NW_019863140.1,+,A3SS_long,2.04E-10,0.087,263553,263992,NW_019863140.1_263553_263992
LOC112056587,NW_019863891.1,-,A3SS_long,0.001766914,-0.056,31254,31573,NW_019863891.1_31254_31573
LOC112050200,NW_019863012.1,+,A3SS_long,8.04E-06,-0.086,435357,435952,NW_019863012.1_435357_435952
LOC112056815,NW_019863997.1,-,A3SS_long,0.047665902,-0.106,17041,17486,NW_019863997.1_17041_17486
LOC112046207,NW_019862850.1,-,A3SS_long,0.027187597,0.044,596265,596803,NW_019862850.1_596265_596803
LOC112046207,NW_019862850.1,-,A3SS_long,0.027187597,0.044,596265,596820,NW_019862850.1_596265_596820
LOC112054546,NW_019862761.1,-,A3SS_long,0.041109966,-0.06,1258157,1258557,NW_019862761.1_1258157_1258557
LOC112054590,NW_019863380.1,-,A3SS_long,0.000336176,-0.085,101014,101448,NW_019863380.1_101014_101448
LOC112056837,NW_019864017.1,+,A3SS_long,0.01317319,-0.267,25601,25969,NW_019864017.1_25601_25969
LOC112046556,NW_019862861.1,-,A3SS_long,2.78E-05,0.054,204506,204766,NW_019862861.1_204506_204766
LOC112050253,NW_019863014.1,-,A3SS_long,0.002998064,0.181,298592,299227,NW_019863014.1_298592_299227
LOC112045909,NW_019862843.1,-,A3SS_long,3.35E-07,-0.102,318638,319042,NW_019862843.1_318638_319042
LOC112051546,NW_019863089.1,-,A3SS_long,0.04838053,-0.04,149471,149929,NW_019863089.1_149471_149929
LOC112054223,NW_019863330.1,+,A3SS_long,0.006188884,0.25,93566,94065,NW_019863330.1_93566_94065
LOC112054223,NW_019863330.1,+,A3SS_long,0.003471633,0.308,93688,94065,NW_019863330.1_93688_94065
LOC112051236,NW_019863069.1,+,A3SS_long,8.31E-12,-0.039,317806,318260,NW_019863069.1_317806_318260
LOC112049214,NW_019862755.1,+,A3SS_long,0.000135869,-0.332,2553924,2554296,NW_019862755.1_2553924_2554296
LOC112049214,NW_019862755.1,+,A3SS_long,0.013882281,-0.038,2565744,2566115,NW_019862755.1_2565744_2566115
LOC112050976,NW_019863054.1,-,A3SS_short,0.00473754,-0.023,50512,50850,NW_019863054.1_50512_50850
LOC112051279,NW_019863071.1,-,A3SS_short,7.86E-05,-0.051,181614,182003,NW_019863071.1_181614_182003
LOC112051279,NW_019863071.1,-,A3SS_short,0.003219588,-0.074,188600,188924,NW_019863071.1_188600_188924
LOC112051279,NW_019863071.1,-,A3SS_short,0.002692906,-0.055,191943,192264,NW_019863071.1_191943_192264
LOC112053898,NW_019863292.1,-,A3SS_short,0.000986496,0.147,189786,190128,NW_019863292.1_189786_190128
LOC112056190,NW_019863730.1,-,A3SS_short,0.017520121,-0.073,26488,26884,NW_019863730.1_26488_26884
LOC112049074,NW_019862958.1,-,A3SS_short,0.010262257,-0.057,65490,65816,NW_019862958.1_65490_65816
LOC112043322,NW_019862788.1,+,A3SS_short,0.002609853,0.147,1031000,1031330,NW_019862788.1_1031000_1031330
LOC112058008,NW_019862770.1,+,A3SS_short,0.001186291,-0.04,1629266,1629557,NW_019862770.1_1629266_1629557
LOC112046965,NW_019862879.1,-,A3SS_short,0.024194959,-0.166,117700,118019,NW_019862879.1_117700_118019
LOC112048640,NW_019862938.1,-,A3SS_short,7.51E-07,-0.057,56902,57215,NW_019862938.1_56902_57215
LOC112050417,NW_019862756.1,+,A3SS_short,0,-0.11,1860907,1861224,NW_019862756.1_1860907_1861224
LOC112050417,NW_019862756.1,+,A3SS_short,0,-0.121,1860907,1861224,NW_019862756.1_1860907_1861224
LOC112046144,NW_019862849.1,+,A3SS_short,0.002109008,-0.047,153982,154394,NW_019862849.1_153982_154394
LOC112058369,NW_019862775.1,-,A3SS_short,5.29E-05,-0.119,1376438,1376822,NW_019862775.1_1376438_1376822
LOC112053443,NW_019862760.1,+,A3SS_short,0.008655475,0.2,55370,55691,NW_019862760.1_55370_55691
LOC112053443,NW_019862760.1,+,A3SS_short,0.001346295,0.189,55370,55691,NW_019862760.1_55370_55691
LOC112053443,NW_019862760.1,+,A3SS_short,6.40E-06,0.31,55360,55691,NW_019862760.1_55360_55691
LOC112044395,NW_019862808.1,-,A3SS_short,8.73E-05,0.115,894259,894785,NW_019862808.1_894259_894785
LOC112055816,NW_019862762.1,-,A3SS_short,3.97E-06,-0.256,2073518,2073735,NW_019862762.1_2073518_2073735
LOC112051719,NW_019863099.1,+,A3SS_short,0.000772364,0.104,259512,260323,NW_019863099.1_259512_260323
LOC112058150,NW_019862772.1,-,A3SS_short,2.98E-05,0.036,1056871,1057177,NW_019862772.1_1056871_1057177
LOC112058367,NW_019862775.1,+,A3SS_short,0.000519485,0.092,1322084,1322405,NW_019862775.1_1322084_1322405
LOC112044045,NW_019862802.1,-,A3SS_short,3.05E-06,0.121,917268,917578,NW_019862802.1_917268_917578
LOC112051523,NW_019863087.1,+,A3SS_short,0,-0.048,180142,180414,NW_019863087.1_180142_180414
LOC112051523,NW_019863087.1,+,A3SS_short,4.64E-05,0.073,182906,183186,NW_019863087.1_182906_183186
LOC112052337,NW_019863141.1,-,A3SS_short,0.002442543,0.067,179558,179770,NW_019863141.1_179558_179770
LOC112054138,NW_019863323.1,+,A3SS_short,0.042045265,0.08,163593,163974,NW_019863323.1_163593_163974
LOC112053171,NW_019863214.1,+,A3SS_short,0.037030727,-0.052,49511,49852,NW_019863214.1_49511_49852
LOC112058378,NW_019862775.1,+,A3SS_short,6.17E-05,0.23,1756568,1756936,NW_019862775.1_1756568_1756936
LOC112052566,NW_019863158.1,-,A3SS_short,2.10E-09,-0.092,249846,250137,NW_019863158.1_249846_250137
LOC112048127,NW_019862917.1,-,A3SS_short,4.43E-05,0.181,580143,580454,NW_019862917.1_580143_580454
LOC112053308,NW_019863227.1,-,A3SS_short,0,0.917,94017,94765,NW_019863227.1_94017_94765
LOC112046137,NW_019862848.1,-,A3SS_short,0.005574681,0.054,258794,259353,NW_019862848.1_258794_259353
LOC112049925,NW_019862998.1,-,A3SS_short,0.000167663,-0.026,296471,297593,NW_019862998.1_296471_297593
LOC112044097,NW_019862803.1,+,A3SS_short,0.002345266,-0.375,1265568,1265916,NW_019862803.1_1265568_1265916
LOC112042799,NW_019862779.1,+,A3SS_short,0.044670792,0.072,1181787,1182178,NW_019862779.1_1181787_1182178
LOC112056518,NW_019862763.1,-,A3SS_short,5.49E-08,-0.112,2006751,2006993,NW_019862763.1_2006751_2006993
LOC112043669,NW_019862794.1,-,A3SS_short,3.61E-08,-0.179,1090789,1091240,NW_019862794.1_1090789_1091240
LOC112052049,NW_019863120.1,+,A3SS_short,0.037062447,-0.041,276390,276705,NW_019863120.1_276390_276705
LOC112052742,NW_019863172.1,+,A3SS_short,0.015112877,0.086,215537,215876,NW_019863172.1_215537_215876
LOC112057672,NW_019862765.1,+,A3SS_short,2.97E-09,0.202,891972,892306,NW_019862765.1_891972_892306
LOC112042895,NW_019862781.1,+,A3SS_short,0.022155997,0.141,1102163,1102556,NW_019862781.1_1102163_1102556
LOC112058024,NW_019862770.1,-,A3SS_short,1.51E-06,0.273,1666033,1666411,NW_019862770.1_1666033_1666411
LOC112045184,NW_019862825.1,+,A3SS_short,0.017354495,0.353,223200,224587,NW_019862825.1_223200_224587
LOC112045184,NW_019862825.1,+,A3SS_short,0.00494208,0.12,223203,224587,NW_019862825.1_223203_224587
LOC112052166,NW_019863132.1,+,A3SS_short,0.001087661,-0.148,149299,149701,NW_019863132.1_149299_149701
LOC112048570,NW_019862935.1,+,A3SS_short,0.006258249,0.048,7557,7893,NW_019862935.1_7557_7893
LOC112057803,NW_019862748.1,-,A3SS_short,0.04046085,-0.115,3825188,3825565,NW_019862748.1_3825188_3825565
LOC112046842,NW_019862873.1,+,A3SS_short,0,0.058,568494,568764,NW_019862873.1_568494_568764
LOC112057021,NW_019862764.1,+,A3SS_short,0.012540271,0.071,1518724,1519116,NW_019862764.1_1518724_1519116
LOC112050648,NW_019863035.1,+,A3SS_short,0.000447636,0.215,219087,219384,NW_019863035.1_219087_219384
LOC112053080,NW_019863204.1,+,A3SS_short,1.67E-05,0.051,268036,268444,NW_019863204.1_268036_268444
LOC112052655,NW_019863167.1,+,A3SS_short,0.02396993,-0.092,208871,209190,NW_019863167.1_208871_209190
LOC112050902,NW_019863049.1,-,A3SS_short,0.009638357,0.04,48831,49148,NW_019863049.1_48831_49148
LOC112046718,NW_019862869.1,+,A3SS_short,4.21E-06,-0.168,426104,426435,NW_019862869.1_426104_426435
LOC112055794,NW_019863615.1,+,A3SS_short,2.13E-07,-0.08,33302,33591,NW_019863615.1_33302_33591
LOC112055556,NW_019863549.1,+,A3SS_short,0.000959584,0.333,87222,87507,NW_019863549.1_87222_87507
LOC112054836,NW_019863423.1,+,A3SS_short,0.000648314,-0.168,51296,51615,NW_019863423.1_51296_51615
LOC112051964,NW_019863116.1,+,A3SS_short,0.00126511,-0.237,65887,66161,NW_019863116.1_65887_66161
LOC112050490,NW_019863025.1,+,A3SS_short,0.002613261,-0.034,187877,188197,NW_019863025.1_187877_188197
LOC112053737,NW_019863277.1,+,A3SS_short,0.040305981,0.075,27611,27998,NW_019863277.1_27611_27998
LOC112045726,NW_019862839.1,-,A3SS_short,7.28E-07,-0.149,807518,807886,NW_019862839.1_807518_807886
LOC112045728,NW_019862839.1,-,A3SS_short,0.026743289,0.076,860811,861283,NW_019862839.1_860811_861283
LOC112046576,NW_019862862.1,-,A3SS_short,7.37E-07,-0.223,451774,452081,NW_019862862.1_451774_452081
LOC112049687,NW_019862984.1,-,A3SS_short,0.041414157,0.126,489379,489720,NW_019862984.1_489379_489720
LOC112051648,NW_019863094.1,-,A3SS_short,0.000124664,0.054,21378,21710,NW_019863094.1_21378_21710
LOC112054475,NW_019862761.1,-,A3SS_short,3.47E-07,0.208,1159568,1161992,NW_019862761.1_1159568_1161992
LOC112047366,NW_019862890.1,-,A3SS_short,0.010000442,-0.086,599585,599902,NW_019862890.1_599585_599902
LOC112047068,NW_019862881.1,+,A3SS_short,0.002899669,0.358,108738,108992,NW_019862881.1_108738_108992
LOC112049660,NW_019862756.1,+,A3SS_short,0.014973953,-0.046,186524,186859,NW_019862756.1_186524_186859
LOC112053936,NW_019863297.1,-,A3SS_short,0.001795132,-0.157,124327,124696,NW_019863297.1_124327_124696
LOC112058156,NW_019862772.1,-,A3SS_short,0.000224477,0.152,1145428,1145739,NW_019862772.1_1145428_1145739
LOC112046692,NW_019862867.1,+,A3SS_short,0.000529988,0.057,285752,286000,NW_019862867.1_285752_286000
LOC112048594,NW_019862936.1,-,A3SS_short,4.16E-11,0.071,287088,287437,NW_019862936.1_287088_287437
LOC112058435,NW_019862776.1,-,A3SS_short,0.011376995,-0.079,1232497,1232823,NW_019862776.1_1232497_1232823
LOC112058449,NW_019862776.1,+,A3SS_short,0.016013807,-0.095,1714219,1714522,NW_019862776.1_1714219_1714522
LOC112057884,NW_019862768.1,+,A3SS_short,0.041449187,0.362,1040941,1041280,NW_019862768.1_1040941_1041280
LOC112057890,NW_019862768.1,+,A3SS_short,0.001524821,0.1,1245040,1245351,NW_019862768.1_1245040_1245351
LOC112048890,NW_019862950.1,-,A3SS_short,0.027803365,0.099,86106,86397,NW_019862950.1_86106_86397
LOC112047001,NW_019862880.1,+,A3SS_short,0.02474676,0.088,353659,353985,NW_019862880.1_353659_353985
LOC112043856,NW_019862799.1,-,A3SS_short,0.0492249,0.103,915797,916217,NW_019862799.1_915797_916217
LOC112052504,NW_019863154.1,-,A3SS_short,0.0452867,0.097,182658,183023,NW_019863154.1_182658_183023
LOC112046732,NW_019862869.1,-,A3SS_short,0.000236197,-0.024,33365,33826,NW_019862869.1_33365_33826
LOC112044971,NW_019862820.1,+,A3SS_short,2.24E-08,-0.05,100112,100409,NW_019862820.1_100112_100409
LOC112046888,NW_019862753.1,-,A3SS_short,1.85E-06,-0.023,1196881,1197264,NW_019862753.1_1196881_1197264
LOC112049547,NW_019862977.1,-,A3SS_short,0.008987452,0.092,126300,126631,NW_019862977.1_126300_126631
LOC112049107,NW_019862958.1,+,A3SS_short,1.73E-07,-0.132,251789,252467,NW_019862958.1_251789_252467
LOC112053300,NW_019862759.1,-,A3SS_short,0,0.774,154917,155199,NW_019862759.1_154917_155199
LOC112048387,NW_019862748.1,+,A3SS_short,0.001768775,0.174,2680447,2682873,NW_019862748.1_2680447_2682873
LOC112053444,NW_019863241.1,-,A3SS_short,0.000482562,-0.099,92359,92727,NW_019863241.1_92359_92727
LOC112051967,NW_019863116.1,+,A3SS_short,2.37E-06,0.156,171045,171376,NW_019863116.1_171045_171376
LOC112043773,NW_019862797.1,+,A3SS_short,0.026997569,-0.282,704842,706397,NW_019862797.1_704842_706397
LOC112048290,NW_019862924.1,+,A3SS_short,0.019980026,-0.106,388000,388316,NW_019862924.1_388000_388316
LOC112048176,NW_019862919.1,-,A3SS_short,0.022963854,-0.016,102685,103074,NW_019862919.1_102685_103074
LOC112054741,NW_019863404.1,+,A3SS_short,0.000344921,-0.034,114387,114758,NW_019863404.1_114387_114758
LOC112050384,NW_019862756.1,-,A3SS_short,0,-0.191,1797902,1798249,NW_019862756.1_1797902_1798249
LOC112050199,NW_019862756.1,-,A3SS_short,8.50E-06,0.346,1428506,1428901,NW_019862756.1_1428506_1428901
LOC112050199,NW_019862756.1,-,A3SS_short,5.36E-06,0.269,1428506,1428901,NW_019862756.1_1428506_1428901
LOC112044368,NW_019862807.1,-,A3SS_short,0.00037766,0.057,1126688,1127087,NW_019862807.1_1126688_1127087
LOC112050895,NW_019863049.1,+,A3SS_short,1.41E-08,0.149,152465,153849,NW_019863049.1_152465_153849
LOC112052289,NW_019863138.1,+,A3SS_short,0.002899669,-0.129,507266,507581,NW_019863138.1_507266_507581
LOC112051357,NW_019863077.1,-,A3SS_short,0.000347995,0.073,300841,301133,NW_019863077.1_300841_301133
LOC112047321,NW_019862887.1,-,A3SS_short,0,-0.37,455623,456079,NW_019862887.1_455623_456079
LOC112044663,NW_019862815.1,+,A3SS_short,0.000151319,0.105,1045878,1047513,NW_019862815.1_1045878_1047513
LOC112054223,NW_019863330.1,+,A3SS_short,0.004815195,0.035,93700,94065,NW_019863330.1_93700_94065
LOC112043038,NW_019862784.1,+,A3SS_short,0.031061792,0.064,1365410,1365745,NW_019862784.1_1365410_1365745
LOC112050976,NW_019863054.1,-,A3SS_short,0.001418225,-0.077,50512,50850,NW_019863054.1_50512_50850
LOC112050976,NW_019863054.1,-,A3SS_short,0.001553535,-0.091,50513,50850,NW_019863054.1_50513_50850
LOC112044451,NW_019862809.1,+,A3SS_short,0.039540292,0.026,974671,975077,NW_019862809.1_974671_975077
LOC112049178,NW_019862962.1,-,A3SS_short,0.002535774,0.319,175010,175300,NW_019862962.1_175010_175300
LOC112049178,NW_019862962.1,-,A3SS_short,0.030852288,-0.021,197270,197602,NW_019862962.1_197270_197602
LOC112049170,NW_019862962.1,+,A3SS_short,0.033971916,-0.057,87180,87483,NW_019862962.1_87180_87483
LOC112057456,NW_019865607.1,+,A3SS_short,9.02E-10,-0.052,2476,3082,NW_019865607.1_2476_3082
LOC112051132,NW_019863064.1,+,A3SS_short,0.002985924,0.084,51661,52046,NW_019863064.1_51661_52046
LOC112051279,NW_019863071.1,-,A3SS_short,0.044627439,-0.157,191943,192264,NW_019863071.1_191943_192264
LOC112051279,NW_019863071.1,-,A3SS_short,0.016013807,-0.124,191943,192264,NW_019863071.1_191943_192264
LOC112048469,NW_019862932.1,-,A3SS_short,0.021837762,-0.02,167973,168347,NW_019862932.1_167973_168347
LOC112048469,NW_019862932.1,-,A3SS_short,0.021517963,-0.021,167973,168347,NW_019862932.1_167973_168347
LOC112053753,NW_019863278.1,+,A3SS_short,0.021225592,-0.086,114996,115328,NW_019863278.1_114996_115328
LOC112053753,NW_019863278.1,+,A3SS_short,0.005994627,-0.192,114996,115309,NW_019863278.1_114996_115309
LOC112053753,NW_019863278.1,+,A3SS_short,0.000352614,-0.206,114996,115309,NW_019863278.1_114996_115309
LOC112053860,NW_019863289.1,+,A3SS_short,0.004529744,-0.205,168344,168764,NW_019863289.1_168344_168764
LOC112051888,NW_019863109.1,+,A3SS_short,0.003282098,-0.125,237252,237596,NW_019863109.1_237252_237596
LOC112051888,NW_019863109.1,+,A3SS_short,0.003120013,-0.134,237252,237596,NW_019863109.1_237252_237596
LOC112043577,NW_019862792.1,+,A3SS_short,0.00075157,0.035,1093892,1094468,NW_019862792.1_1093892_1094468
LOC112046886,NW_019862874.1,+,A3SS_short,0.027902104,0.473,124691,125009,NW_019862874.1_124691_125009
LOC112046886,NW_019862874.1,+,A3SS_short,0,0.227,133189,133466,NW_019862874.1_133189_133466
LOC112053646,NW_019863265.1,+,A3SS_short,0.00422088,-0.028,206950,207240,NW_019863265.1_206950_207240
LOC112042909,NW_019862749.1,+,A3SS_short,3.01E-07,0.039,2329622,2329910,NW_019862749.1_2329622_2329910
LOC112042909,NW_019862749.1,+,A3SS_short,3.21E-07,0.036,2329622,2329910,NW_019862749.1_2329622_2329910
LOC112042909,NW_019862749.1,+,A3SS_short,9.20E-08,0.044,2329622,2329910,NW_019862749.1_2329622_2329910
LOC112042909,NW_019862749.1,+,A3SS_short,7.16E-08,0.049,2329622,2329910,NW_019862749.1_2329622_2329910
LOC112052079,NW_019863123.1,+,A3SS_short,0.000151319,0.029,234111,234380,NW_019863123.1_234111_234380
LOC112052079,NW_019863123.1,+,A3SS_short,0.043393454,0.019,234111,234380,NW_019863123.1_234111_234380
LOC112052079,NW_019863123.1,+,A3SS_short,0.040566647,0.014,236385,236601,NW_019863123.1_236385_236601
LOC112051862,NW_019862748.1,-,A3SS_short,0.003533589,0.058,385522,385890,NW_019862748.1_385522_385890
LOC112049345,NW_019862968.1,-,A3SS_short,0.005569109,-0.065,563270,563694,NW_019862968.1_563270_563694
LOC112047808,NW_019862904.1,-,A3SS_short,0.013889412,0.066,1066627,1066908,NW_019862904.1_1066627_1066908
LOC112051702,NW_019863098.1,+,A3SS_short,0.000226798,0.052,303276,303648,NW_019863098.1_303276_303648
LOC112058570,NW_019862748.1,+,A3SS_short,0.000235944,0.063,675898,676272,NW_019862748.1_675898_676272
LOC112046364,NW_019862748.1,+,A3SS_short,2.95E-05,-0.03,251176,251575,NW_019862748.1_251176_251575
LOC112055441,NW_019863523.1,+,A3SS_short,0.001893531,0.125,89266,89638,NW_019863523.1_89266_89638
LOC112043653,NW_019862794.1,+,A3SS_short,0.008283521,-0.151,1134836,1135194,NW_019862794.1_1134836_1135194
LOC112046041,NW_019862846.1,-,A3SS_short,0.000280473,0.007,194713,195122,NW_019862846.1_194713_195122
LOC112044799,NW_019862817.1,+,A3SS_short,0.006833113,-0.021,994840,995095,NW_019862817.1_994840_995095
LOC112045704,NW_019862838.1,+,A3SS_short,8.19E-12,-0.061,609815,610138,NW_019862838.1_609815_610138
LOC112043533,NW_019862792.1,-,A3SS_short,2.46E-06,-0.154,40359,40889,NW_019862792.1_40359_40889
LOC112043533,NW_019862792.1,-,A3SS_short,1.06E-06,-0.157,40359,40889,NW_019862792.1_40359_40889
LOC112043533,NW_019862792.1,-,A3SS_short,2.48E-06,-0.138,40359,40889,NW_019862792.1_40359_40889
LOC112043533,NW_019862792.1,-,A3SS_short,9.47E-07,-0.163,40359,40889,NW_019862792.1_40359_40889
LOC112043533,NW_019862792.1,-,A3SS_short,9.31E-07,-0.198,40359,40889,NW_019862792.1_40359_40889
LOC112048265,NW_019862923.1,+,A3SS_short,8.38E-06,0.148,262370,262666,NW_019862923.1_262370_262666
LOC112054858,NW_019862761.1,+,A3SS_short,1.99E-11,0.103,2321241,2321589,NW_019862761.1_2321241_2321589
LOC112054227,NW_019863330.1,+,A3SS_short,0.010908998,0.345,65394,65740,NW_019863330.1_65394_65740
LOC112043473,NW_019862750.1,+,A3SS_short,0.013985243,0.107,372006,372295,NW_019862750.1_372006_372295
LOC112058011,NW_019862770.1,-,A3SS_short,0.000818543,-0.427,1718309,1718718,NW_019862770.1_1718309_1718718
LOC112049626,NW_019862981.1,+,A3SS_short,0.000680855,0.015,66850,67372,NW_019862981.1_66850_67372
LOC112044342,NW_019862807.1,-,A3SS_short,0.000629853,-0.079,102875,103232,NW_019862807.1_102875_103232
LOC112045528,NW_019862834.1,+,A3SS_short,0.023142901,-0.142,432630,432962,NW_019862834.1_432630_432962
LOC112050343,NW_019863018.1,+,A3SS_short,0.001766914,0.073,280563,280971,NW_019863018.1_280563_280971
LOC112048640,NW_019862938.1,-,A3SS_short,0.034265732,-0.146,56783,57215,NW_019862938.1_56783_57215
LOC112055028,NW_019862762.1,+,A3SS_short,7.38E-07,0.052,60533,60825,NW_019862762.1_60533_60825
LOC112046893,NW_019862874.1,-,A3SS_short,0.000931734,-0.34,182203,182644,NW_019862874.1_182203_182644
LOC112055990,NW_019863676.1,+,A3SS_short,0.002692906,-0.027,69775,70305,NW_019863676.1_69775_70305
LOC112055990,NW_019863676.1,+,A3SS_short,1.00E-09,-0.056,75247,75768,NW_019863676.1_75247_75768
LOC112046577,NW_019862862.1,-,A3SS_short,0.003115887,-0.068,818754,819130,NW_019862862.1_818754_819130
LOC112047547,NW_019862896.1,+,A3SS_short,4.09E-05,0.035,512491,512733,NW_019862896.1_512491_512733
LOC112050417,NW_019862756.1,+,A3SS_short,0.012926187,0.029,1853458,1853691,NW_019862756.1_1853458_1853691
LOC112050417,NW_019862756.1,+,A3SS_short,2.00E-05,-0.006,1853863,1854103,NW_019862756.1_1853863_1854103
LOC112050417,NW_019862756.1,+,A3SS_short,1.07E-06,-0.018,1860918,1861224,NW_019862756.1_1860918_1861224
LOC112051407,NW_019863081.1,+,A3SS_short,0.001575839,-0.527,12451,12779,NW_019863081.1_12451_12779
LOC112051407,NW_019863081.1,+,A3SS_short,0.037062447,0.279,12490,12779,NW_019863081.1_12490_12779
LOC112051407,NW_019863081.1,+,A3SS_short,0.000180161,0.28,12733,13083,NW_019863081.1_12733_13083
LOC112051407,NW_019863081.1,+,A3SS_short,0.035897671,0.259,12733,13083,NW_019863081.1_12733_13083
LOC112051144,NW_019863065.1,-,A3SS_short,0.016013807,0.128,237323,237695,NW_019863065.1_237323_237695
LOC112045984,NW_019862845.1,+,A3SS_short,0.002609853,0.044,348515,348844,NW_019862845.1_348515_348844
LOC112043857,NW_019862799.1,-,A3SS_short,0.001795132,-0.016,938619,939161,NW_019862799.1_938619_939161
LOC112058369,NW_019862775.1,-,A3SS_short,0.000959584,0.202,1374728,1375021,NW_019862775.1_1374728_1375021
LOC112053443,NW_019862760.1,+,A3SS_short,0,0.305,55370,55691,NW_019862760.1_55370_55691
LOC112053443,NW_019862760.1,+,A3SS_short,1.20E-05,0.204,55370,55691,NW_019862760.1_55370_55691
LOC112053443,NW_019862760.1,+,A3SS_short,7.04E-08,0.5,55342,55690,NW_019862760.1_55342_55690
LOC112053443,NW_019862760.1,+,A3SS_short,0.048483872,0.411,55360,55690,NW_019862760.1_55360_55690
LOC112053443,NW_019862760.1,+,A3SS_short,0.048483872,0.411,55360,55690,NW_019862760.1_55360_55690
LOC112053443,NW_019862760.1,+,A3SS_short,0.048334839,0.412,55360,55690,NW_019862760.1_55360_55690
LOC112053443,NW_019862760.1,+,A3SS_short,0.047665902,0.413,55360,55690,NW_019862760.1_55360_55690
LOC112053443,NW_019862760.1,+,A3SS_short,0.047445495,0.414,55360,55690,NW_019862760.1_55360_55690
LOC112053443,NW_019862760.1,+,A3SS_short,0.047408521,0.413,55360,55690,NW_019862760.1_55360_55690
LOC112053443,NW_019862760.1,+,A3SS_short,0.047013951,0.414,55360,55690,NW_019862760.1_55360_55690
LOC112053443,NW_019862760.1,+,A3SS_short,0.048245811,0.407,55360,55690,NW_019862760.1_55360_55690
LOC112055816,NW_019862762.1,-,A3SS_short,0.002029594,-0.501,2073341,2073735,NW_019862762.1_2073341_2073735
LOC112055816,NW_019862762.1,-,A3SS_short,0.008709986,-0.43,2073341,2073735,NW_019862762.1_2073341_2073735
LOC112058338,NW_019862774.1,+,A3SS_short,0.006778134,0.029,1899704,1900190,NW_019862774.1_1899704_1900190
LOC112046897,NW_019862874.1,+,A3SS_short,0.023860178,0.075,776518,776903,NW_019862874.1_776518_776903
LOC112043298,NW_019862788.1,+,A3SS_short,0.000276785,0.402,397934,398251,NW_019862788.1_397934_398251
LOC112043298,NW_019862788.1,+,A3SS_short,0.017070931,0.333,397937,398251,NW_019862788.1_397937_398251
LOC112048588,NW_019862935.1,-,A3SS_short,0.002330357,-0.253,3101,3464,NW_019862935.1_3101_3464
LOC112048240,NW_019862922.1,-,A3SS_short,4.02E-08,-0.18,564587,564964,NW_019862922.1_564587_564964
LOC112052453,NW_019863149.1,-,A3SS_short,6.19E-08,-0.091,307704,308043,NW_019863149.1_307704_308043
LOC112052453,NW_019863149.1,-,A3SS_short,9.61E-09,-0.082,307704,308043,NW_019863149.1_307704_308043
LOC112052453,NW_019863149.1,-,A3SS_short,4.03E-08,-0.086,307704,308043,NW_019863149.1_307704_308043
LOC112054387,NW_019863353.1,+,A3SS_short,0.00494208,-0.367,32903,33217,NW_019863353.1_32903_33217
LOC112054387,NW_019863353.1,+,A3SS_short,0.001326869,-0.251,32903,33217,NW_019863353.1_32903_33217
LOC112045524,NW_019862834.1,-,A3SS_short,0.000185102,-0.038,979194,979558,NW_019862834.1_979194_979558
LOC112048587,NW_019862935.1,+,A3SS_short,0.037143145,-0.014,436816,437170,NW_019862935.1_436816_437170
LOC112052988,NW_019862759.1,-,A3SS_short,0.000501341,0.012,1289993,1290323,NW_019862759.1_1289993_1290323
LOC112056453,NW_019863828.1,+,A3SS_short,1.81E-07,-0.166,19306,19633,NW_019863828.1_19306_19633
LOC112049479,NW_019862976.1,+,A3SS_short,0.000937683,0.448,187824,188228,NW_019862976.1_187824_188228
LOC112044080,NW_019862803.1,-,A3SS_short,0.016013807,-0.06,210790,211127,NW_019862803.1_210790_211127
LOC112044080,NW_019862803.1,-,A3SS_short,0.046852086,-0.133,210790,211127,NW_019862803.1_210790_211127
LOC112053680,NW_019863271.1,-,A3SS_short,4.53E-09,-0.089,112813,113146,NW_019863271.1_112813_113146
LOC112058550,NW_019862778.1,-,A3SS_short,0.000182233,-0.04,1102864,1103181,NW_019862778.1_1102864_1103181
LOC112058550,NW_019862778.1,-,A3SS_short,0,-0.234,1102864,1103181,NW_019862778.1_1102864_1103181
LOC112058550,NW_019862778.1,-,A3SS_short,0.000182233,-0.04,1102864,1103181,NW_019862778.1_1102864_1103181
LOC112045066,NW_019862823.1,-,A3SS_short,0.045756038,-0.021,121012,121401,NW_019862823.1_121012_121401
LOC112051523,NW_019863087.1,+,A3SS_short,0.017354495,0.017,159662,159949,NW_019863087.1_159662_159949
LOC112051523,NW_019863087.1,+,A3SS_short,0,0.105,159707,159949,NW_019863087.1_159707_159949
LOC112051523,NW_019863087.1,+,A3SS_short,0.017674651,0.016,159662,159949,NW_019863087.1_159662_159949
LOC112051523,NW_019863087.1,+,A3SS_short,0,0.104,159707,159949,NW_019863087.1_159707_159949
LOC112051523,NW_019863087.1,+,A3SS_short,0.017887997,0.016,159662,159949,NW_019863087.1_159662_159949
LOC112051523,NW_019863087.1,+,A3SS_short,0,0.104,159707,159949,NW_019863087.1_159707_159949
LOC112051523,NW_019863087.1,+,A3SS_short,0.017365128,0.017,159662,159949,NW_019863087.1_159662_159949
LOC112051523,NW_019863087.1,+,A3SS_short,0,0.105,159707,159949,NW_019863087.1_159707_159949
LOC112051523,NW_019863087.1,+,A3SS_short,0.01730837,0.017,159662,159949,NW_019863087.1_159662_159949
LOC112051523,NW_019863087.1,+,A3SS_short,0,0.105,159707,159949,NW_019863087.1_159707_159949
LOC112051523,NW_019863087.1,+,A3SS_short,0.01730837,0.017,159662,159949,NW_019863087.1_159662_159949
LOC112051523,NW_019863087.1,+,A3SS_short,0,0.105,159707,159949,NW_019863087.1_159707_159949
LOC112051523,NW_019863087.1,+,A3SS_short,0.027631217,0.01,159575,159949,NW_019863087.1_159575_159949
LOC112051523,NW_019863087.1,+,A3SS_short,0,0.056,159707,159949,NW_019863087.1_159707_159949
LOC112051523,NW_019863087.1,+,A3SS_short,0,0.098,159707,159949,NW_019863087.1_159707_159949
LOC112051523,NW_019863087.1,+,A3SS_short,0.002383602,0.042,159662,159949,NW_019863087.1_159662_159949
LOC112051523,NW_019863087.1,+,A3SS_short,0,0.143,159707,159949,NW_019863087.1_159707_159949
LOC112051523,NW_019863087.1,+,A3SS_short,3.20E-13,0.161,159707,159949,NW_019863087.1_159707_159949
LOC112051523,NW_019863087.1,+,A3SS_short,2.22E-10,-0.099,179358,179686,NW_019863087.1_179358_179686
LOC112051523,NW_019863087.1,+,A3SS_short,0.000304701,0.053,179382,179686,NW_019863087.1_179382_179686
LOC112051523,NW_019863087.1,+,A3SS_short,5.38E-08,-0.325,179909,180242,NW_019863087.1_179909_180242
LOC112051523,NW_019863087.1,+,A3SS_short,1.81E-07,-0.322,179909,180242,NW_019863087.1_179909_180242
LOC112051523,NW_019863087.1,+,A3SS_short,0.000165736,-0.011,179909,180242,NW_019863087.1_179909_180242
LOC112051523,NW_019863087.1,+,A3SS_short,0.011743071,-0.008,179909,180242,NW_019863087.1_179909_180242
LOC112043143,NW_019862749.1,+,A3SS_short,0.001120034,-0.056,2853333,2853750,NW_019862749.1_2853333_2853750
LOC112043143,NW_019862749.1,+,A3SS_short,0,-0.189,2853333,2853750,NW_019862749.1_2853333_2853750
LOC112049437,NW_019862973.1,-,A3SS_short,0.000178712,0.162,359630,360189,NW_019862973.1_359630_360189
LOC112049437,NW_019862973.1,-,A3SS_short,0.000701118,0.161,359630,360189,NW_019862973.1_359630_360189
LOC112049219,NW_019862964.1,-,A3SS_short,0.013985243,-0.125,417918,418369,NW_019862964.1_417918_418369
LOC112049703,NW_019862985.1,+,A3SS_short,0.048245811,-0.028,427266,427572,NW_019862985.1_427266_427572
LOC112049703,NW_019862985.1,+,A3SS_short,0.006188884,-0.018,427266,427572,NW_019862985.1_427266_427572
LOC112049703,NW_019862985.1,+,A3SS_short,0.010736929,-0.021,427266,427572,NW_019862985.1_427266_427572
LOC112047767,NW_019862904.1,-,A3SS_short,1.39E-08,-0.028,1056555,1057204,NW_019862904.1_1056555_1057204
LOC112048857,NW_019862948.1,+,A3SS_short,0.002322699,0.081,354007,354290,NW_019862948.1_354007_354290
LOC112048857,NW_019862948.1,+,A3SS_short,0.002150231,0.076,354007,354290,NW_019862948.1_354007_354290
LOC112051831,NW_019863107.1,+,A3SS_short,0.046964641,-0.305,125415,125742,NW_019863107.1_125415_125742
LOC112051831,NW_019863107.1,+,A3SS_short,0.045853156,-0.303,125415,125742,NW_019863107.1_125415_125742
LOC112047092,NW_019862882.1,+,A3SS_short,0.031936149,-0.025,705782,706094,NW_019862882.1_705782_706094
LOC112048127,NW_019862917.1,-,A3SS_short,0.007918319,0.171,580138,580454,NW_019862917.1_580138_580454
LOC112057804,NW_019862767.1,-,A3SS_short,0.018999008,0.033,270633,271160,NW_019862767.1_270633_271160
LOC112046942,NW_019862878.1,+,A3SS_short,0.013882281,-0.389,990235,990552,NW_019862878.1_990235_990552
LOC112047449,NW_019862893.1,-,A3SS_short,6.01E-06,0.463,411981,412274,NW_019862893.1_411981_412274
LOC112058374,NW_019862775.1,+,A3SS_short,0.045451364,-0.024,1559384,1559863,NW_019862775.1_1559384_1559863
LOC112043045,NW_019862784.1,+,A3SS_short,0.001229465,-0.067,1522777,1523118,NW_019862784.1_1522777_1523118
LOC112044843,NW_019862818.1,-,A3SS_short,0.034280511,-0.076,224314,224766,NW_019862818.1_224314_224766
LOC112044733,NW_019862816.1,-,A3SS_short,0.000703109,-0.202,266304,266629,NW_019862816.1_266304_266629
LOC112049491,NW_019862976.1,-,A3SS_short,1.77E-05,-0.281,66775,67110,NW_019862976.1_66775_67110
LOC112056518,NW_019862763.1,-,A3SS_short,0.005041803,-0.469,2006751,2006993,NW_019862763.1_2006751_2006993
LOC112050670,NW_019863036.1,+,A3SS_short,0.00123533,-0.022,110645,111123,NW_019863036.1_110645_111123
LOC112057846,NW_019862767.1,+,A3SS_short,0.02397411,-0.07,1703248,1703476,NW_019862767.1_1703248_1703476
LOC112057672,NW_019862765.1,+,A3SS_short,0.000700926,0.35,891972,892306,NW_019862765.1_891972_892306
LOC112048398,NW_019862929.1,+,A3SS_short,0.047408521,0.067,270034,270252,NW_019862929.1_270034_270252
LOC112049794,NW_019862756.1,-,A3SS_short,0.039067908,-0.013,377657,378038,NW_019862756.1_377657_378038
LOC112044839,NW_019862818.1,+,A3SS_short,8.73E-05,0.399,1025267,1025626,NW_019862818.1_1025267_1025626
LOC112049503,NW_019862976.1,-,A3SS_short,1.06E-08,-0.071,435331,435602,NW_019862976.1_435331_435602
LOC112055519,NW_019863544.1,-,A3SS_short,0.00573921,-0.052,116372,116643,NW_019863544.1_116372_116643
LOC112044372,NW_019862807.1,+,A3SS_short,0.015138701,-0.038,1095800,1096183,NW_019862807.1_1095800_1096183
LOC112045942,NW_019862844.1,+,A3SS_short,0.013985243,-0.306,54417,54912,NW_019862844.1_54417_54912
LOC112045949,NW_019862844.1,+,A3SS_short,0.015013842,0.053,544815,545137,NW_019862844.1_544815_545137
LOC112047755,NW_019862903.1,+,A3SS_short,0.002860694,0.171,210536,210847,NW_019862903.1_210536_210847
LOC112055863,NW_019863640.1,+,A3SS_short,0.003457381,0.096,7184,7555,NW_019863640.1_7184_7555
LOC112056419,NW_019863807.1,-,A3SS_short,3.02E-05,0.102,18517,18810,NW_019863807.1_18517_18810
LOC112058542,NW_019862778.1,-,A3SS_short,1.03E-05,-0.043,1048887,1049322,NW_019862778.1_1048887_1049322
LOC112048503,NW_019862933.1,+,A3SS_short,0.001006911,-0.079,115687,116186,NW_019862933.1_115687_116186
LOC112048503,NW_019862933.1,+,A3SS_short,0.000806608,-0.076,115687,116186,NW_019862933.1_115687_116186
LOC112052567,NW_019863158.1,-,A3SS_short,1.17E-05,0.467,256032,256422,NW_019863158.1_256032_256422
LOC112055449,NW_019863525.1,+,A3SS_short,0.017365128,0.008,123477,123824,NW_019863525.1_123477_123824
LOC112054293,NW_019863339.1,+,A3SS_short,0,-0.028,62932,63200,NW_019863339.1_62932_63200
LOC112043547,NW_019862792.1,-,A3SS_short,0.035596037,0.068,335079,335411,NW_019862792.1_335079_335411
LOC112053375,NW_019862759.1,-,A3SS_short,1.65E-07,0.271,1367666,1368183,NW_019862759.1_1367666_1368183
LOC112048440,NW_019862930.1,-,A3SS_short,0.004053607,0.246,407077,407480,NW_019862930.1_407077_407480
LOC112048440,NW_019862930.1,-,A3SS_short,0.002533491,0.104,407077,407485,NW_019862930.1_407077_407485
LOC112050252,NW_019863014.1,+,A3SS_short,0.021340701,-0.104,59098,59438,NW_019863014.1_59098_59438
LOC112052126,NW_019863128.1,+,A3SS_short,8.38E-06,0.055,165607,165962,NW_019863128.1_165607_165962
LOC112052126,NW_019863128.1,+,A3SS_short,0.0221201,0.017,165610,165962,NW_019863128.1_165610_165962
LOC112049893,NW_019862996.1,-,A3SS_short,1.06E-08,0.449,414401,414628,NW_019862996.1_414401_414628
LOC112057669,NW_019862765.1,+,A3SS_short,0.003684091,0.155,839516,839842,NW_019862765.1_839516_839842
LOC112049338,NW_019862968.1,+,A3SS_short,0.001677809,-0.106,58166,58433,NW_019862968.1_58166_58433
LOC112052399,NW_019863145.1,+,A3SS_short,2.30E-10,0.011,111169,111511,NW_019863145.1_111169_111511
LOC112043285,NW_019862788.1,+,A3SS_short,0.006490428,0.051,179675,180016,NW_019862788.1_179675_180016
LOC112055407,NW_019863516.1,+,A3SS_short,0.000906475,-0.076,10478,10863,NW_019863516.1_10478_10863
LOC112050585,NW_019863030.1,-,A3SS_short,6.18E-13,0.022,438271,438620,NW_019863030.1_438271_438620
LOC112047112,NW_019862882.1,-,A3SS_short,0.014719288,-0.026,254175,254534,NW_019862882.1_254175_254534
LOC112050902,NW_019863049.1,-,A3SS_short,0.000294399,0.346,48831,49148,NW_019863049.1_48831_49148
LOC112050902,NW_019863049.1,-,A3SS_short,0.00012413,0.023,48831,49151,NW_019863049.1_48831_49151
LOC112056457,NW_019863828.1,-,A3SS_short,2.48E-06,0.037,31282,31728,NW_019863828.1_31282_31728
LOC112056457,NW_019863828.1,-,A3SS_short,3.33E-05,0.028,31282,31728,NW_019863828.1_31282_31728
LOC112056457,NW_019863828.1,-,A3SS_short,9.06E-05,0.026,31282,31728,NW_019863828.1_31282_31728
LOC112056457,NW_019863828.1,-,A3SS_short,0.039540292,0.018,31282,31728,NW_019863828.1_31282_31728
LOC112056457,NW_019863828.1,-,A3SS_short,6.40E-05,0.035,31282,31749,NW_019863828.1_31282_31749
LOC112056457,NW_019863828.1,-,A3SS_short,0.000116339,0.033,31282,31749,NW_019863828.1_31282_31749
LOC112056206,NW_019863733.1,+,A3SS_short,0.006188884,-0.019,19856,20166,NW_019863733.1_19856_20166
LOC112048334,NW_019862754.1,+,A3SS_short,0.010000442,-0.023,2465665,2465967,NW_019862754.1_2465665_2465967
LOC112054929,NW_019863433.1,+,A3SS_short,1.55E-07,-0.039,121027,121262,NW_019863433.1_121027_121262
LOC112056839,NW_019864020.1,-,A3SS_short,0,0.152,11125,11496,NW_019864020.1_11125_11496
LOC112043342,NW_019862788.1,-,A3SS_short,0.022155997,-0.286,1333015,1333539,NW_019862788.1_1333015_1333539
LOC112054514,NW_019863368.1,+,A3SS_short,0.013886153,0.105,223035,223297,NW_019863368.1_223035_223297
LOC112046979,NW_019862879.1,+,A3SS_short,0.000155736,-0.183,100994,101363,NW_019862879.1_100994_101363
LOC112046979,NW_019862879.1,+,A3SS_short,0.037062447,0.164,108199,108531,NW_019862879.1_108199_108531
LOC112054313,NW_019863342.1,+,A3SS_short,0.000347995,0.043,125618,125986,NW_019863342.1_125618_125986
LOC112051272,NW_019862757.1,+,A3SS_short,0.003219588,-0.024,2254700,2254999,NW_019862757.1_2254700_2254999
LOC112058277,NW_019862773.1,-,A3SS_short,0.011027659,-0.383,800031,800405,NW_019862773.1_800031_800405
LOC112053291,NW_019863225.1,-,A3SS_short,3.84E-10,0.149,122276,122601,NW_019863225.1_122276_122601
LOC112044618,NW_019862813.1,-,A3SS_short,0.000648519,0.149,133445,133824,NW_019862813.1_133445_133824
LOC112056216,NW_019863736.1,+,A3SS_short,0.029688154,0.045,74271,74586,NW_019863736.1_74271_74586
LOC112051025,NW_019863057.1,-,A3SS_short,1.27E-11,-0.019,256992,257546,NW_019863057.1_256992_257546
LOC112045215,NW_019862826.1,+,A3SS_short,0.031061792,0.014,1076388,1076797,NW_019862826.1_1076388_1076797
LOC112053170,NW_019863214.1,-,A3SS_short,1.93E-05,-0.12,184817,185110,NW_019863214.1_184817_185110
LOC112050490,NW_019863025.1,+,A3SS_short,0.024560256,-0.329,187877,188197,NW_019863025.1_187877_188197
LOC112050490,NW_019863025.1,+,A3SS_short,2.20E-08,-0.053,185904,186195,NW_019863025.1_185904_186195
LOC112050490,NW_019863025.1,+,A3SS_short,1.44E-09,-0.084,185904,186195,NW_019863025.1_185904_186195
LOC112054561,NW_019863375.1,+,A3SS_short,1.00E-07,-0.03,169015,169326,NW_019863375.1_169015_169326
LOC112054561,NW_019863375.1,+,A3SS_short,9.85E-08,-0.027,169015,169326,NW_019863375.1_169015_169326
LOC112054561,NW_019863375.1,+,A3SS_short,9.42E-08,-0.027,169015,169326,NW_019863375.1_169015_169326
LOC112054561,NW_019863375.1,+,A3SS_short,0.024194959,0.19,167559,167810,NW_019863375.1_167559_167810
LOC112054561,NW_019863375.1,+,A3SS_short,4.52E-05,0.09,167560,167810,NW_019863375.1_167560_167810
LOC112054561,NW_019863375.1,+,A3SS_short,0.026335303,-0.103,168909,169326,NW_019863375.1_168909_169326
LOC112054561,NW_019863375.1,+,A3SS_short,1.69E-09,-0.176,168925,169326,NW_019863375.1_168925_169326
LOC112054561,NW_019863375.1,+,A3SS_short,2.00E-05,-0.075,168934,169326,NW_019863375.1_168934_169326
LOC112054561,NW_019863375.1,+,A3SS_short,0.000458724,0.479,170293,170973,NW_019863375.1_170293_170973
LOC112054561,NW_019863375.1,+,A3SS_short,0.004294813,0.019,170293,170973,NW_019863375.1_170293_170973
LOC112054561,NW_019863375.1,+,A3SS_short,0.000501341,-0.019,170308,170973,NW_019863375.1_170308_170973
LOC112054561,NW_019863375.1,+,A3SS_short,0.011808284,-0.099,170422,170973,NW_019863375.1_170422_170973
LOC112054561,NW_019863375.1,+,A3SS_short,1.05E-05,-0.395,170296,170973,NW_019863375.1_170296_170973
LOC112054561,NW_019863375.1,+,A3SS_short,3.91E-08,-0.492,170308,170973,NW_019863375.1_170308_170973
LOC112054561,NW_019863375.1,+,A3SS_short,0.002842934,-0.495,170317,170973,NW_019863375.1_170317_170973
LOC112052775,NW_019863175.1,+,A3SS_short,0.005494565,0.034,3072,3300,NW_019863175.1_3072_3300
LOC112057549,NW_019866406.1,-,A3SS_short,1.29E-05,-0.18,269,621,NW_019866406.1_269_621
LOC112056072,NW_019863696.1,-,A3SS_short,3.48E-06,-0.035,29378,29729,NW_019863696.1_29378_29729
LOC112048533,NW_019862934.1,-,A3SS_short,0.001267884,0.499,180184,180474,NW_019862934.1_180184_180474
LOC112047485,NW_019862894.1,-,A3SS_short,2.68E-10,-0.123,901513,901762,NW_019862894.1_901513_901762
LOC112056501,NW_019863852.1,-,A3SS_short,4.88E-05,0.153,20601,20971,NW_019863852.1_20601_20971
LOC112058097,NW_019862771.1,+,A3SS_short,1.68E-05,0.029,1758018,1758271,NW_019862771.1_1758018_1758271
LOC112043416,NW_019862790.1,+,A3SS_short,0.007767663,-0.087,565548,565948,NW_019862790.1_565548_565948
LOC112045740,NW_019862839.1,+,A3SS_short,0.000350336,-0.454,194793,195403,NW_019862839.1_194793_195403
LOC112045741,NW_019862839.1,-,A3SS_short,0.0237782,-0.055,293989,294485,NW_019862839.1_293989_294485
LOC112045726,NW_019862839.1,-,A3SS_short,0.013985243,0.054,807386,807750,NW_019862839.1_807386_807750
LOC112045726,NW_019862839.1,-,A3SS_short,0.047665902,0.06,807386,807750,NW_019862839.1_807386_807750
LOC112054767,NW_019863408.1,+,A3SS_short,0.023090939,-0.122,126856,127373,NW_019863408.1_126856_127373
LOC112046213,NW_019862850.1,+,A3SS_short,2.57E-05,0.167,510957,511449,NW_019862850.1_510957_511449
LOC112057757,NW_019862766.1,+,A3SS_short,0.017008683,-0.29,165785,166063,NW_019862766.1_165785_166063
LOC112057757,NW_019862766.1,+,A3SS_short,2.21E-13,-0.51,165785,166063,NW_019862766.1_165785_166063
LOC112057757,NW_019862766.1,+,A3SS_short,1.59E-12,-0.5,165785,166063,NW_019862766.1_165785_166063
LOC112056937,NW_019862764.1,+,A3SS_short,0.0452867,-0.018,1063501,1063856,NW_019862764.1_1063501_1063856
LOC112056937,NW_019862764.1,+,A3SS_short,0.007453132,-0.028,1063501,1063856,NW_019862764.1_1063501_1063856
LOC112056956,NW_019862764.1,-,A3SS_short,0.008650998,-0.045,1081559,1081920,NW_019862764.1_1081559_1081920
LOC112052747,NW_019862759.1,-,A3SS_short,0.0032821,0.022,617650,618135,NW_019862759.1_617650_618135
LOC112052747,NW_019862759.1,-,A3SS_short,0.011349286,0.107,621796,622191,NW_019862759.1_621796_622191
LOC112058415,NW_019862776.1,+,A3SS_short,0.035766161,0.037,659066,659461,NW_019862776.1_659066_659461
LOC112053936,NW_019863297.1,-,A3SS_short,0.008279158,0.034,121898,122331,NW_019863297.1_121898_122331
LOC112048697,NW_019862941.1,-,A3SS_short,0.047069264,0.247,166478,166922,NW_019862941.1_166478_166922
LOC112044001,NW_019862801.1,-,A3SS_short,0.001346295,-0.029,765768,766371,NW_019862801.1_765768_766371
LOC112056176,NW_019863728.1,+,A3SS_short,0.017674651,-0.111,67893,68281,NW_019863728.1_67893_68281
LOC112053895,NW_019863292.1,-,A3SS_short,0.022743756,0.012,29335,29670,NW_019863292.1_29335_29670
LOC112053895,NW_019863292.1,-,A3SS_short,0.000501341,0.286,32116,32581,NW_019863292.1_32116_32581
LOC112053895,NW_019863292.1,-,A3SS_short,5.00E-08,0.041,35429,35734,NW_019863292.1_35429_35734
LOC112053897,NW_019863292.1,+,A3SS_short,0.012161192,-0.227,46058,46395,NW_019863292.1_46058_46395
LOC112053897,NW_019863292.1,+,A3SS_short,0.010430867,-0.16,46058,46395,NW_019863292.1_46058_46395
LOC112053897,NW_019863292.1,+,A3SS_short,0.044864129,-0.028,46058,46395,NW_019863292.1_46058_46395
LOC112048594,NW_019862936.1,-,A3SS_short,5.86E-05,0.106,287088,287437,NW_019862936.1_287088_287437
LOC112054150,NW_019863325.1,+,A3SS_short,0.04454195,-0.131,314945,315217,NW_019863325.1_314945_315217
LOC112054150,NW_019863325.1,+,A3SS_short,0,-0.137,318127,318554,NW_019863325.1_318127_318554
LOC112052373,NW_019862759.1,+,A3SS_short,0.031936149,-0.048,2029707,2029973,NW_019862759.1_2029707_2029973
LOC112043856,NW_019862799.1,-,A3SS_short,0.008688816,0.128,914591,914877,NW_019862799.1_914591_914877
LOC112054484,NW_019863363.1,-,A3SS_short,0.001283874,0.019,22961,23338,NW_019863363.1_22961_23338
LOC112046714,NW_019862869.1,-,A3SS_short,3.30E-06,0.025,203820,204218,NW_019862869.1_203820_204218
LOC112046714,NW_019862869.1,-,A3SS_short,0.00422088,0.019,203820,204221,NW_019862869.1_203820_204221
LOC112051027,NW_019862757.1,+,A3SS_short,0.030852288,-0.016,518205,518599,NW_019862757.1_518205_518599
LOC112058299,NW_019862749.1,+,A3SS_short,0.027902104,0.08,524632,524943,NW_019862749.1_524632_524943
LOC112058299,NW_019862749.1,+,A3SS_short,0.026997569,0.078,524632,524943,NW_019862749.1_524632_524943
LOC112042907,NW_019862781.1,+,A3SS_short,0.00638992,-0.028,1620263,1620587,NW_019862781.1_1620263_1620587
LOC112052396,NW_019863145.1,-,A3SS_short,0.026981362,-0.212,117120,117503,NW_019863145.1_117120_117503
LOC112047796,NW_019862904.1,-,A3SS_short,0,-0.997,1305370,1305707,NW_019862904.1_1305370_1305707
LOC112047793,NW_019862904.1,-,A3SS_short,3.96E-06,0.04,1352514,1352998,NW_019862904.1_1352514_1352998
LOC112055815,NW_019863623.1,-,A3SS_short,0.03828562,0.45,33656,34033,NW_019863623.1_33656_34033
LOC112044926,NW_019862820.1,-,A3SS_short,0.030495383,-0.074,59956,60270,NW_019862820.1_59956_60270
LOC112056026,NW_019863687.1,+,A3SS_short,0.000445639,-0.366,55568,55846,NW_019863687.1_55568_55846
LOC112044971,NW_019862820.1,+,A3SS_short,0.00053917,-0.014,100112,100409,NW_019862820.1_100112_100409
LOC112044971,NW_019862820.1,+,A3SS_short,7.41E-05,-0.016,100112,100409,NW_019862820.1_100112_100409
LOC112052571,NW_019863159.1,-,A3SS_short,0.02113165,-0.073,22562,22944,NW_019863159.1_22562_22944
LOC112052571,NW_019863159.1,-,A3SS_short,0.001387788,0.07,41304,41558,NW_019863159.1_41304_41558
LOC112046721,NW_019862753.1,-,A3SS_short,0.000959584,-0.026,381730,382074,NW_019862753.1_381730_382074
LOC112046721,NW_019862753.1,-,A3SS_short,6.77E-05,0.098,381730,382104,NW_019862753.1_381730_382104
LOC112047441,NW_019862753.1,+,A3SS_short,0.000659914,-0.125,1165933,1166304,NW_019862753.1_1165933_1166304
LOC112047239,NW_019862753.1,+,A3SS_short,0.006874448,-0.054,2079456,2079791,NW_019862753.1_2079456_2079791
LOC112048221,NW_019862921.1,+,A3SS_short,5.98E-05,0.009,362552,362870,NW_019862921.1_362552_362870
LOC112048221,NW_019862921.1,+,A3SS_short,0.001244232,0.01,362560,362870,NW_019862921.1_362560_362870
LOC112055175,NW_019863471.1,-,A3SS_short,0.014719288,0.026,138467,138827,NW_019863471.1_138467_138827
LOC112055175,NW_019863471.1,-,A3SS_short,0.023142901,0.036,138467,138827,NW_019863471.1_138467_138827
LOC112053732,NW_019863277.1,-,A3SS_short,0.000226798,0.536,67178,67594,NW_019863277.1_67178_67594
LOC112052397,NW_019862759.1,-,A3SS_short,0.000420359,-0.032,107837,108259,NW_019862759.1_107837_108259
LOC112053300,NW_019862759.1,-,A3SS_short,0,0.768,154917,155199,NW_019862759.1_154917_155199
LOC112052674,NW_019862759.1,-,A3SS_short,3.30E-06,0.115,562427,562825,NW_019862759.1_562427_562825
LOC112051967,NW_019863116.1,+,A3SS_short,2.04E-05,0.359,171045,171376,NW_019863116.1_171045_171376
LOC112051967,NW_019863116.1,+,A3SS_short,0.000447636,0.38,171045,171376,NW_019863116.1_171045_171376
LOC112051828,NW_019863106.1,+,A3SS_short,0.017272362,-0.297,254822,255126,NW_019863106.1_254822_255126
LOC112051828,NW_019863106.1,+,A3SS_short,0.013772921,-0.287,254830,255126,NW_019863106.1_254830_255126
LOC112051828,NW_019863106.1,+,A3SS_short,0.021340701,-0.295,254822,255126,NW_019863106.1_254822_255126
LOC112051828,NW_019863106.1,+,A3SS_short,0.017156894,-0.284,254830,255126,NW_019863106.1_254830_255126
LOC112042930,NW_019862782.1,-,A3SS_short,0.003471633,-0.026,1118133,1118531,NW_019862782.1_1118133_1118531
LOC112048147,NW_019862918.1,+,A3SS_short,0.001605525,0.015,152238,152557,NW_019862918.1_152238_152557
LOC112044495,NW_019862810.1,-,A3SS_short,0.005041803,0.045,839744,840149,NW_019862810.1_839744_840149
LOC112054854,NW_019863425.1,-,A3SS_short,0.03917863,-0.03,125442,125828,NW_019863425.1_125442_125828
LOC112049701,NW_019862756.1,-,A3SS_short,0.003637842,0.222,202804,203243,NW_019862756.1_202804_203243
LOC112052274,NW_019863137.1,-,A3SS_short,0.002907769,0.158,116101,116444,NW_019863137.1_116101_116444
LOC112052274,NW_019863137.1,-,A3SS_short,0.000130104,0.113,116101,116444,NW_019863137.1_116101_116444
LOC112048283,NW_019862924.1,+,A3SS_short,0.008372056,-0.032,484198,484513,NW_019862924.1_484198_484513
LOC112050069,NW_019863004.1,-,A3SS_short,2.66E-11,-0.13,134610,134935,NW_019863004.1_134610_134935
LOC112054350,NW_019863349.1,+,A3SS_short,0.028298778,-0.034,190075,190401,NW_019863349.1_190075_190401
LOC112051627,NW_019863091.1,+,A3SS_short,0.007711739,-0.196,25911,26251,NW_019863091.1_25911_26251
LOC112053386,NW_019863237.1,-,A3SS_short,0.002470829,0.044,221474,221788,NW_019863237.1_221474_221788
LOC112057165,NW_019864431.1,-,A3SS_short,0.000232709,0.263,25189,25535,NW_019864431.1_25189_25535
LOC112051462,NW_019863083.1,-,A3SS_short,0.033794303,0.019,305898,306172,NW_019863083.1_305898_306172
LOC112051462,NW_019863083.1,-,A3SS_short,0.006383169,0.022,305898,306172,NW_019863083.1_305898_306172
LOC112051462,NW_019863083.1,-,A3SS_short,0.021361438,0.019,305898,306172,NW_019863083.1_305898_306172
LOC112051453,NW_019863083.1,-,A3SS_short,7.31E-07,0.117,355566,356077,NW_019863083.1_355566_356077
LOC112048138,NW_019862918.1,+,A3SS_short,3.21E-08,-0.64,441887,442199,NW_019862918.1_441887_442199
LOC112052591,NW_019863161.1,-,A3SS_short,0.009341532,0.108,184410,184778,NW_019863161.1_184410_184778
LOC112049719,NW_019862756.1,+,A3SS_short,0.016480243,-0.095,220950,221283,NW_019862756.1_220950_221283
LOC112049719,NW_019862756.1,+,A3SS_short,0.016768222,-0.094,220950,221283,NW_019862756.1_220950_221283
LOC112050384,NW_019862756.1,-,A3SS_short,1.83E-05,-0.045,1797902,1798249,NW_019862756.1_1797902_1798249
LOC112050679,NW_019862756.1,-,A3SS_short,0.000190344,-0.113,1840096,1840639,NW_019862756.1_1840096_1840639
LOC112050556,NW_019862756.1,+,A3SS_short,0.005485194,0.068,2539267,2539548,NW_019862756.1_2539267_2539548
LOC112048847,NW_019862947.1,-,A3SS_short,0.005037578,-0.013,379577,379957,NW_019862947.1_379577_379957
LOC112052979,NW_019863193.1,+,A3SS_short,0.009400593,-0.071,59066,59398,NW_019863193.1_59066_59398
LOC112049145,NW_019862961.1,-,A3SS_short,1.05E-11,-0.022,298596,299026,NW_019862961.1_298596_299026
LOC112044270,NW_019862806.1,-,A3SS_short,0.001766914,-0.079,833812,834159,NW_019862806.1_833812_834159
LOC112046598,NW_019862863.1,-,A3SS_short,0.000349927,0.04,807231,807604,NW_019862863.1_807231_807604
LOC112046598,NW_019862863.1,-,A3SS_short,0.006806739,-0.08,814473,814730,NW_019862863.1_814473_814730
LOC112052325,NW_019863140.1,+,A3SS_short,2.04E-10,0.087,263667,263992,NW_019863140.1_263667_263992
LOC112056587,NW_019863891.1,-,A3SS_short,0.001766914,-0.056,31254,31570,NW_019863891.1_31254_31570
LOC112050200,NW_019863012.1,+,A3SS_short,8.04E-06,-0.086,435487,435952,NW_019863012.1_435487_435952
LOC112056815,NW_019863997.1,-,A3SS_short,0.047665902,-0.106,17041,17477,NW_019863997.1_17041_17477
LOC112046207,NW_019862850.1,-,A3SS_short,0.027187597,0.044,596265,596538,NW_019862850.1_596265_596538
LOC112046207,NW_019862850.1,-,A3SS_short,0.027187597,0.044,596265,596538,NW_019862850.1_596265_596538
LOC112054546,NW_019862761.1,-,A3SS_short,0.041109966,-0.06,1258157,1258537,NW_019862761.1_1258157_1258537
LOC112054590,NW_019863380.1,-,A3SS_short,0.000336176,-0.085,101014,101445,NW_019863380.1_101014_101445
LOC112056837,NW_019864017.1,+,A3SS_short,0.01317319,-0.267,25625,25969,NW_019864017.1_25625_25969
LOC112046556,NW_019862861.1,-,A3SS_short,2.78E-05,0.054,204506,204762,NW_019862861.1_204506_204762
LOC112050253,NW_019863014.1,-,A3SS_short,0.002998064,0.181,298592,299195,NW_019863014.1_298592_299195
LOC112045909,NW_019862843.1,-,A3SS_short,3.35E-07,-0.102,318638,319001,NW_019862843.1_318638_319001
LOC112051546,NW_019863089.1,-,A3SS_short,0.04838053,-0.04,149471,149926,NW_019863089.1_149471_149926
LOC112054223,NW_019863330.1,+,A3SS_short,0.006188884,0.25,93700,94065,NW_019863330.1_93700_94065
LOC112054223,NW_019863330.1,+,A3SS_short,0.003471633,0.308,93700,94065,NW_019863330.1_93700_94065
LOC112051236,NW_019863069.1,+,A3SS_short,8.31E-12,-0.039,317900,318260,NW_019863069.1_317900_318260
LOC112049214,NW_019862755.1,+,A3SS_short,0.000135869,-0.332,2553927,2554296,NW_019862755.1_2553927_2554296
LOC112049214,NW_019862755.1,+,A3SS_short,0.013882281,-0.038,2565749,2566115,NW_019862755.1_2565749_2566115
LOC112056842,NW_019864021.1,-,A5SS_long,2.59E-12,0.14,31347,31699,NW_019864021.1_31347_31699
LOC112045908,NW_019862843.1,-,A5SS_long,0,-0.445,326037,326545,NW_019862843.1_326037_326545
LOC112053614,NW_019862760.1,-,A5SS_long,5.78E-07,0.151,266341,267076,NW_019862760.1_266341_267076
LOC112043976,NW_019862750.1,-,A5SS_long,0.0109246,0.183,2040986,2041514,NW_019862750.1_2040986_2041514
LOC112046157,NW_019862849.1,+,A5SS_long,9.78E-07,-0.124,337308,337683,NW_019862849.1_337308_337683
LOC112058428,NW_019862776.1,-,A5SS_long,4.33E-12,0.203,1076732,1077049,NW_019862776.1_1076732_1077049
LOC112052043,NW_019863120.1,-,A5SS_long,6.14E-06,0.104,90377,90787,NW_019863120.1_90377_90787
LOC112055727,NW_019862762.1,+,A5SS_long,0,-0.067,1911106,1911639,NW_019862762.1_1911106_1911639
LOC112055597,NW_019862762.1,-,A5SS_long,0.000105557,-0.135,1106495,1106821,NW_019862762.1_1106495_1106821
LOC112045428,NW_019862831.1,-,A5SS_long,8.00E-06,-0.078,414263,414706,NW_019862831.1_414263_414706
LOC112048826,NW_019862946.1,+,A5SS_long,0.001334643,-0.2,511163,511909,NW_019862946.1_511163_511909
LOC112048826,NW_019862946.1,+,A5SS_long,0.000430589,-0.231,511163,511933,NW_019862946.1_511163_511933
LOC112043019,NW_019862784.1,-,A5SS_long,0.00242159,-0.027,1111303,1111737,NW_019862784.1_1111303_1111737
LOC112046528,NW_019862860.1,+,A5SS_long,0.013652854,0.161,482490,482870,NW_019862860.1_482490_482870
LOC112055976,NW_019863672.1,-,A5SS_long,2.08E-05,-0.21,52529,52928,NW_019863672.1_52529_52928
LOC112054814,NW_019863416.1,+,A5SS_long,0.00491869,-0.137,33916,34292,NW_019863416.1_33916_34292
LOC112054138,NW_019863323.1,+,A5SS_long,0.039413672,0.051,146846,147208,NW_019863323.1_146846_147208
LOC112043930,NW_019862800.1,+,A5SS_long,0.021730196,-0.126,617044,617479,NW_019862800.1_617044_617479
LOC112056029,NW_019863688.1,-,A5SS_long,0.007304679,0.061,36476,36860,NW_019863688.1_36476_36860
LOC112056445,NW_019863824.1,-,A5SS_long,2.07E-07,0.078,26083,27998,NW_019863824.1_26083_27998
LOC112057979,NW_019862770.1,-,A5SS_long,0.000283044,-0.153,890497,890840,NW_019862770.1_890497_890840
LOC112050146,NW_019863008.1,+,A5SS_long,0.016871728,0.204,286132,286614,NW_019863008.1_286132_286614
LOC112049619,NW_019862981.1,-,A5SS_long,0.038257529,-0.209,74225,74734,NW_019862981.1_74225_74734
LOC112043669,NW_019862794.1,-,A5SS_long,0.020285321,0.171,1095197,1096016,NW_019862794.1_1095197_1096016
LOC112043669,NW_019862794.1,-,A5SS_long,0.000212653,0.24,1095197,1096016,NW_019862794.1_1095197_1096016
LOC112057939,NW_019862769.1,-,A5SS_long,0.00024523,-0.256,662457,662858,NW_019862769.1_662457_662858
LOC112052141,NW_019863130.1,-,A5SS_long,2.17E-07,0.083,98582,98889,NW_019863130.1_98582_98889
LOC112058024,NW_019862770.1,-,A5SS_long,2.08E-06,0.202,1666287,1666690,NW_019862770.1_1666287_1666690
LOC112050198,NW_019863012.1,-,A5SS_long,0.0058063,0.068,245995,247309,NW_019863012.1_245995_247309
LOC112046233,NW_019862752.1,+,A5SS_long,0.043933314,0.088,2592606,2593062,NW_019862752.1_2592606_2593062
LOC112042935,NW_019862782.1,-,A5SS_long,0.000515434,-0.386,1155888,1157414,NW_019862782.1_1155888_1157414
LOC112054724,NW_019863402.1,+,A5SS_long,0.005680198,-0.615,27961,28315,NW_019863402.1_27961_28315
LOC112053562,NW_019863253.1,+,A5SS_long,4.04E-10,-0.099,175457,175826,NW_019863253.1_175457_175826
LOC112054260,NW_019862761.1,-,A5SS_long,0.014232145,0.17,343275,343995,NW_019862761.1_343275_343995
LOC112055061,NW_019863453.1,-,A5SS_long,0.023823295,0.028,99906,100497,NW_019863453.1_99906_100497
LOC112055061,NW_019863453.1,-,A5SS_long,5.07E-13,0.116,102791,103402,NW_019863453.1_102791_103402
LOC112047494,NW_019862894.1,-,A5SS_long,5.13E-05,0.32,462665,463085,NW_019862894.1_462665_463085
LOC112055968,NW_019863669.1,-,A5SS_long,0.00051653,-0.034,17012,17358,NW_019863669.1_17012_17358
LOC112048434,NW_019862930.1,+,A5SS_long,0.008702263,-0.131,451550,451893,NW_019862930.1_451550_451893
LOC112057757,NW_019862766.1,+,A5SS_long,0.000341631,-0.065,165443,165907,NW_019862766.1_165443_165907
LOC112057757,NW_019862766.1,+,A5SS_long,0,-0.234,165443,165907,NW_019862766.1_165443_165907
LOC112047068,NW_019862881.1,+,A5SS_long,0.016871728,0.172,108107,108638,NW_019862881.1_108107_108638
LOC112044311,NW_019862806.1,+,A5SS_long,0.00418893,0.058,803851,804615,NW_019862806.1_803851_804615
LOC112048594,NW_019862936.1,-,A5SS_long,0.004006187,-0.033,293918,294247,NW_019862936.1_293918_294247
LOC112049011,NW_019862755.1,+,A5SS_long,0.000204338,0.084,2070031,2071815,NW_019862755.1_2070031_2071815
LOC112055831,NW_019863630.1,+,A5SS_long,0.044636955,-0.035,53493,53997,NW_019863630.1_53493_53997
LOC112047001,NW_019862880.1,+,A5SS_long,0.003767911,-0.11,349710,350034,NW_019862880.1_349710_350034
LOC112047183,NW_019862883.1,-,A5SS_long,0.000321123,0.484,621117,621441,NW_019862883.1_621117_621441
LOC112050345,NW_019863018.1,-,A5SS_long,3.74E-06,0.066,319987,320277,NW_019863018.1_319987_320277
LOC112046714,NW_019862869.1,-,A5SS_long,0,-0.109,199852,200217,NW_019862869.1_199852_200217
LOC112058072,NW_019862771.1,+,A5SS_long,1.73E-13,0.091,503506,503790,NW_019862771.1_503506_503790
LOC112047793,NW_019862904.1,-,A5SS_long,0.000733985,0.048,1353654,1353917,NW_019862904.1_1353654_1353917
LOC112043136,NW_019862786.1,+,A5SS_long,0.038186525,-0.059,342483,343094,NW_019862786.1_342483_343094
LOC112048189,NW_019862920.1,-,A5SS_long,0.032344836,-0.158,611213,611541,NW_019862920.1_611213_611541
LOC112051967,NW_019863116.1,+,A5SS_long,0.000636877,0.303,170291,170709,NW_019863116.1_170291_170709
LOC112044658,NW_019862815.1,-,A5SS_long,5.14E-11,-0.217,68078,68404,NW_019862815.1_68078_68404
LOC112055679,NW_019863585.1,-,A5SS_long,1.95E-12,-0.092,32953,33388,NW_019863585.1_32953_33388
LOC112043866,NW_019862799.1,+,A5SS_long,0.019939209,-0.071,1262731,1263227,NW_019862799.1_1262731_1263227
LOC112055094,NW_019863458.1,+,A5SS_long,0.003658899,0.076,2885,3179,NW_019863458.1_2885_3179
LOC112047260,NW_019862886.1,+,A5SS_long,0.003516478,-0.365,665594,666257,NW_019862886.1_665594_666257
LOC112047260,NW_019862886.1,+,A5SS_long,0.00923943,-0.295,665594,666268,NW_019862886.1_665594_666268
LOC112058494,NW_019862749.1,-,A5SS_long,0.007459725,0.033,1792875,1793918,NW_019862749.1_1792875_1793918
LOC112046228,NW_019862850.1,+,A5SS_long,0.00144896,-0.484,554619,555002,NW_019862850.1_554619_555002
LOC112052436,NW_019863148.1,-,A5SS_long,7.19E-05,0.489,64708,65016,NW_019863148.1_64708_65016
LOC112043721,NW_019862795.1,+,A5SS_long,0.002388527,0.573,1103212,1103667,NW_019862795.1_1103212_1103667
LOC112053364,NW_019863233.1,-,A5SS_long,0.00037592,0.174,156925,157260,NW_019863233.1_156925_157260
LOC112047533,NW_019862896.1,+,A5SS_long,0.001952938,0.182,344575,345412,NW_019862896.1_344575_345412
LOC112045981,NW_019862845.1,+,A5SS_long,8.45E-07,-0.072,907104,907810,NW_019862845.1_907104_907810
LOC112054176,NW_019863326.1,-,A5SS_long,2.04E-05,0.035,57800,58198,NW_019863326.1_57800_58198
LOC112054176,NW_019863326.1,-,A5SS_long,3.14E-08,0.058,57858,58198,NW_019863326.1_57858_58198
LOC112048134,NW_019862918.1,+,A5SS_long,5.90E-14,0.051,629359,629780,NW_019862918.1_629359_629780
LOC112047227,NW_019862884.1,+,A5SS_long,0.001881377,0.164,701312,701637,NW_019862884.1_701312_701637
LOC112045025,NW_019862822.1,-,A5SS_long,0.000818328,0.074,1037504,1037856,NW_019862822.1_1037504_1037856
LOC112048621,NW_019862937.1,-,A5SS_long,0.00023877,-0.031,224693,225102,NW_019862937.1_224693_225102
LOC112049212,NW_019862963.1,+,A5SS_long,0.045782151,0.114,375408,379100,NW_019862963.1_375408_379100
LOC112053485,NW_019863245.1,+,A5SS_long,0.034959771,-0.034,144720,145104,NW_019863245.1_144720_145104
LOC112053485,NW_019863245.1,+,A5SS_long,0.024302553,-0.116,144720,145104,NW_019863245.1_144720_145104
LOC112053485,NW_019863245.1,+,A5SS_long,0.04447973,-0.13,144720,145172,NW_019863245.1_144720_145172
LOC112043493,NW_019862791.1,+,A5SS_long,9.28E-08,-0.404,1449488,1450173,NW_019862791.1_1449488_1450173
LOC112043476,NW_019862791.1,-,A5SS_long,3.50E-09,-0.02,424497,424983,NW_019862791.1_424497_424983
LOC112056584,NW_019863889.1,-,A5SS_long,0.005445374,-0.263,19179,19509,NW_019863889.1_19179_19509
LOC112051137,NW_019863064.1,+,A5SS_long,8.27E-12,0.045,229676,230277,NW_019863064.1_229676_230277
LOC112051137,NW_019863064.1,+,A5SS_long,7.43E-12,0.119,238534,239033,NW_019863064.1_238534_239033
LOC112043629,NW_019862793.1,+,A5SS_long,0,0.955,1128270,1128807,NW_019862793.1_1128270_1128807
LOC112053753,NW_019863278.1,+,A5SS_long,0.023823295,-0.075,114326,115020,NW_019863278.1_114326_115020
LOC112053860,NW_019863289.1,+,A5SS_long,0.006952204,0.052,168333,168955,NW_019863289.1_168333_168955
LOC112052463,NW_019863150.1,+,A5SS_long,0.008690711,-0.439,300589,301049,NW_019863150.1_300589_301049
LOC112045908,NW_019862843.1,-,A5SS_long,0.004206863,-0.05,324622,325016,NW_019862843.1_324622_325016
LOC112051098,NW_019863063.1,+,A5SS_long,0.009527671,0.042,156600,157632,NW_019863063.1_156600_157632
LOC112051888,NW_019863109.1,+,A5SS_long,0.014554335,-0.329,236617,237231,NW_019863109.1_236617_237231
LOC112055605,NW_019863560.1,-,A5SS_long,0,-0.439,79274,79894,NW_019863560.1_79274_79894
LOC112050193,NW_019862748.1,+,A5SS_long,0,0.852,330842,331496,NW_019862748.1_330842_331496
LOC112051765,NW_019863101.1,+,A5SS_long,0,0.165,244093,244585,NW_019863101.1_244093_244585
LOC112051765,NW_019863101.1,+,A5SS_long,0,0.477,244093,244708,NW_019863101.1_244093_244708
LOC112051765,NW_019863101.1,+,A5SS_long,1.03E-12,-0.5,244385,244832,NW_019863101.1_244385_244832
LOC112051765,NW_019863101.1,+,A5SS_long,0.044438461,-0.325,244385,244959,NW_019863101.1_244385_244959
LOC112051765,NW_019863101.1,+,A5SS_long,8.61E-11,0.467,244385,244959,NW_019863101.1_244385_244959
LOC112053903,NW_019862760.1,-,A5SS_long,0.000895362,0.13,1789370,1789963,NW_019862760.1_1789370_1789963
LOC112053236,NW_019863219.1,+,A5SS_long,0.011775176,0.035,221634,222069,NW_019863219.1_221634_222069
LOC112051576,NW_019863090.1,-,A5SS_long,0.018106713,-0.038,57991,58286,NW_019863090.1_57991_58286
LOC112051576,NW_019863090.1,-,A5SS_long,0.020083733,-0.036,57993,58286,NW_019863090.1_57993_58286
LOC112051433,NW_019863082.1,+,A5SS_long,0.016278608,-0.205,333933,334454,NW_019863082.1_333933_334454
LOC112047372,NW_019862890.1,+,A5SS_long,6.61E-05,0.132,368580,369149,NW_019862890.1_368580_369149
LOC112050825,NW_019863045.1,+,A5SS_long,0.003047521,0.116,379480,379837,NW_019863045.1_379480_379837
LOC112043798,NW_019862798.1,+,A5SS_long,0.023454012,0.119,55186,55507,NW_019862798.1_55186_55507
LOC112051702,NW_019863098.1,+,A5SS_long,0.000186081,-0.047,303240,303652,NW_019863098.1_303240_303652
LOC112046720,NW_019862748.1,+,A5SS_long,0.000618828,0.034,1904594,1904922,NW_019862748.1_1904594_1904922
LOC112051042,NW_019862748.1,-,A5SS_long,1.93E-10,0.14,367185,368529,NW_019862748.1_367185_368529
LOC112051042,NW_019862748.1,-,A5SS_long,0,0.546,367185,368529,NW_019862748.1_367185_368529
LOC112058414,NW_019862776.1,-,A5SS_long,1.42E-06,-0.198,690055,690477,NW_019862776.1_690055_690477
LOC112053764,NW_019863280.1,+,A5SS_long,0.009786174,0.023,208647,208917,NW_019863280.1_208647_208917
LOC112047044,NW_019862881.1,+,A5SS_long,0.003495805,0.039,305747,306108,NW_019862881.1_305747_306108
LOC112047044,NW_019862881.1,+,A5SS_long,1.70E-11,0.127,315806,316288,NW_019862881.1_315806_316288
LOC112051951,NW_019862758.1,-,A5SS_long,1.18E-06,-0.095,2123052,2123444,NW_019862758.1_2123052_2123444
LOC112051951,NW_019862758.1,-,A5SS_long,1.61E-06,-0.185,2123053,2123444,NW_019862758.1_2123053_2123444
LOC112051951,NW_019862758.1,-,A5SS_long,1.73E-06,-0.184,2123054,2123444,NW_019862758.1_2123054_2123444
LOC112051951,NW_019862758.1,-,A5SS_long,1.75E-06,-0.174,2123088,2123444,NW_019862758.1_2123088_2123444
LOC112051951,NW_019862758.1,-,A5SS_long,6.71E-07,-0.157,2123092,2123444,NW_019862758.1_2123092_2123444
LOC112046043,NW_019862846.1,-,A5SS_long,0.001410638,0.028,293904,294216,NW_019862846.1_293904_294216
LOC112043332,NW_019862749.1,-,A5SS_long,0.023823295,0.187,2337375,2337825,NW_019862749.1_2337375_2337825
LOC112048265,NW_019862923.1,+,A5SS_long,6.04E-12,-0.295,258151,258498,NW_019862923.1_258151_258498
LOC112045388,NW_019862831.1,-,A5SS_long,0.028610678,0.32,71065,71628,NW_019862831.1_71065_71628
LOC112049761,NW_019862988.1,+,A5SS_long,3.40E-05,-0.063,57783,58396,NW_019862988.1_57783_58396
LOC112057797,NW_019862766.1,+,A5SS_long,0.023296968,-0.021,370268,370708,NW_019862766.1_370268_370708
LOC112050044,NW_019863003.1,-,A5SS_long,0.000123992,-0.046,178595,178992,NW_019863003.1_178595_178992
LOC112050044,NW_019863003.1,-,A5SS_long,0,-0.164,178595,178992,NW_019863003.1_178595_178992
LOC112050044,NW_019863003.1,-,A5SS_long,8.68E-07,-0.152,178595,178992,NW_019863003.1_178595_178992
LOC112050044,NW_019863003.1,-,A5SS_long,0.0008591,0.067,178596,178992,NW_019863003.1_178596_178992
LOC112048866,NW_019862948.1,-,A5SS_long,0.00025065,0.166,78188,78698,NW_019862948.1_78188_78698
LOC112048866,NW_019862948.1,-,A5SS_long,0.001324416,0.023,139482,140006,NW_019862948.1_139482_140006
LOC112046844,NW_019862873.1,+,A5SS_long,0.03189703,-0.033,171575,172094,NW_019862873.1_171575_172094
LOC112046844,NW_019862873.1,+,A5SS_long,0.026575516,0.045,178188,178727,NW_019862873.1_178188_178727
LOC112049074,NW_019862958.1,-,A5SS_long,0.007214573,-0.084,28276,28558,NW_019862958.1_28276_28558
LOC112049074,NW_019862958.1,-,A5SS_long,6.34E-10,-0.308,65710,66092,NW_019862958.1_65710_66092
LOC112052180,NW_019863132.1,-,A5SS_long,4.71E-05,-0.033,286514,286953,NW_019863132.1_286514_286953
LOC112052180,NW_019863132.1,-,A5SS_long,1.86E-11,-0.049,288962,289395,NW_019863132.1_288962_289395
LOC112047330,NW_019862888.1,+,A5SS_long,0.019457513,0.072,320157,320578,NW_019862888.1_320157_320578
LOC112043473,NW_019862750.1,+,A5SS_long,3.22E-06,0.259,370606,371116,NW_019862750.1_370606_371116
LOC112054536,NW_019863371.1,-,A5SS_long,5.78E-05,0.027,107060,107644,NW_019863371.1_107060_107644
LOC112053800,NW_019863283.1,-,A5SS_long,0,0.096,206359,206975,NW_019863283.1_206359_206975
LOC112045305,NW_019862828.1,+,A5SS_long,0.001411817,-0.209,735146,746348,NW_019862828.1_735146_746348
LOC112046722,NW_019862869.1,-,A5SS_long,0.000473951,-0.052,79024,79595,NW_019862869.1_79024_79595
LOC112058013,NW_019862770.1,-,A5SS_long,0.000796961,-0.092,1744429,1744836,NW_019862770.1_1744429_1744836
LOC112050771,NW_019863042.1,+,A5SS_long,1.24E-05,-0.14,323354,323799,NW_019863042.1_323354_323799
LOC112054510,NW_019863368.1,+,A5SS_long,0.001140838,-0.047,58589,59011,NW_019863368.1_58589_59011
LOC112052601,NW_019863161.1,-,A5SS_long,1.27E-06,-0.012,219775,220137,NW_019863161.1_219775_220137
LOC112050343,NW_019863018.1,+,A5SS_long,3.08E-05,-0.122,286874,287303,NW_019863018.1_286874_287303
LOC112055740,NW_019862762.1,-,A5SS_long,2.87E-10,0.429,1941076,1941596,NW_019862762.1_1941076_1941596
LOC112055740,NW_019862762.1,-,A5SS_long,0.000460378,0.043,1943988,1944289,NW_019862762.1_1943988_1944289
LOC112055727,NW_019862762.1,+,A5SS_long,0,-0.041,1911106,1911643,NW_019862762.1_1911106_1911643
LOC112049090,NW_019862958.1,+,A5SS_long,0.011781022,0.028,141742,142392,NW_019862958.1_141742_142392
LOC112046893,NW_019862874.1,-,A5SS_long,3.13E-08,0.091,182529,182866,NW_019862874.1_182529_182866
LOC112046634,NW_019862864.1,-,A5SS_long,0.033778799,0.042,664100,664636,NW_019862864.1_664100_664636
LOC112046309,NW_019862752.1,+,A5SS_long,0.041522336,-0.054,2671099,2671473,NW_019862752.1_2671099_2671473
LOC112045055,NW_019862823.1,-,A5SS_long,0.000551236,0.027,395062,395636,NW_019862823.1_395062_395636
LOC112045055,NW_019862823.1,-,A5SS_long,1.40E-05,0.246,395140,395636,NW_019862823.1_395140_395636
LOC112045055,NW_019862823.1,-,A5SS_long,0.00085549,-0.022,405251,405790,NW_019862823.1_405251_405790
LOC112045055,NW_019862823.1,-,A5SS_long,0.000685033,-0.024,405264,405790,NW_019862823.1_405264_405790
LOC112045055,NW_019862823.1,-,A5SS_long,0,0.081,420963,421446,NW_019862823.1_420963_421446
LOC112045759,NW_019862752.1,-,A5SS_long,0.000168437,-0.083,1186744,1187171,NW_019862752.1_1186744_1187171
LOC112045501,NW_019862752.1,-,A5SS_long,0.000253799,-0.325,548275,548954,NW_019862752.1_548275_548954
LOC112050084,NW_019863005.1,+,A5SS_long,0.006335343,0.324,245326,245942,NW_019863005.1_245326_245942
LOC112051559,NW_019862758.1,-,A5SS_long,0.047337109,0.44,553131,553648,NW_019862758.1_553131_553648
LOC112051559,NW_019862758.1,-,A5SS_long,0,0.767,668603,669072,NW_019862758.1_668603_669072
LOC112055832,NW_019862762.1,+,A5SS_long,0.004985543,0.018,2133034,2133493,NW_019862762.1_2133034_2133493
LOC112047547,NW_019862896.1,+,A5SS_long,0.000283044,-0.049,486665,487048,NW_019862896.1_486665_487048
LOC112053871,NW_019863290.1,-,A5SS_long,2.02E-12,0.08,153222,153841,NW_019863290.1_153222_153841
LOC112053472,NW_019863243.1,-,A5SS_long,0.002254288,-0.052,204529,205046,NW_019863243.1_204529_205046
LOC112044489,NW_019862810.1,-,A5SS_long,2.79E-11,0.021,693954,694328,NW_019862810.1_693954_694328
LOC112053282,NW_019863224.1,-,A5SS_long,0.014999944,-0.234,114681,115375,NW_019863224.1_114681_115375
LOC112050417,NW_019862756.1,+,A5SS_long,0.000248052,-0.047,1853173,1853701,NW_019862756.1_1853173_1853701
LOC112050417,NW_019862756.1,+,A5SS_long,8.42E-07,-0.64,1853173,1853871,NW_019862756.1_1853173_1853871
LOC112051407,NW_019863081.1,+,A5SS_long,0.00053969,-0.188,11752,12401,NW_019863081.1_11752_12401
LOC112055826,NW_019863625.1,-,A5SS_long,0.001400694,-0.077,36553,36931,NW_019863625.1_36553_36931
LOC112055826,NW_019863625.1,-,A5SS_long,0.008539442,-0.503,60928,61280,NW_019863625.1_60928_61280
LOC112044859,NW_019862751.1,-,A5SS_long,0.006988914,0.148,1556672,1556994,NW_019862751.1_1556672_1556994
LOC112044859,NW_019862751.1,-,A5SS_long,0.016871728,0.282,1556672,1556994,NW_019862751.1_1556672_1556994
LOC112044703,NW_019862751.1,+,A5SS_long,0,-0.029,1009448,1010136,NW_019862751.1_1009448_1010136
LOC112044703,NW_019862751.1,+,A5SS_long,0,-0.029,1009448,1010147,NW_019862751.1_1009448_1010147
LOC112056840,NW_019864020.1,+,A5SS_long,7.50E-08,0.014,20770,21109,NW_019864020.1_20770_21109
LOC112056840,NW_019864020.1,+,A5SS_long,0.000221405,0.248,20770,21109,NW_019864020.1_20770_21109
LOC112055739,NW_019863599.1,-,A5SS_long,0,0.679,112598,112925,NW_019863599.1_112598_112925
LOC112045119,NW_019862751.1,+,A5SS_long,0.036159753,0.065,2727090,2727448,NW_019862751.1_2727090_2727448
LOC112047899,NW_019862908.1,-,A5SS_long,0,0.238,454662,455206,NW_019862908.1_454662_455206
LOC112047899,NW_019862908.1,-,A5SS_long,0,0.299,454746,455213,NW_019862908.1_454746_455213
LOC112058369,NW_019862775.1,-,A5SS_long,1.97E-06,-0.288,1374728,1375165,NW_019862775.1_1374728_1375165
LOC112053443,NW_019862760.1,+,A5SS_long,0.045072112,0.132,52244,52574,NW_019862760.1_52244_52574
LOC112045850,NW_019862842.1,+,A5SS_long,0.000787061,0.102,589962,590441,NW_019862842.1_589962_590441
LOC112049588,NW_019862980.1,-,A5SS_long,9.64E-05,0.2,90912,91279,NW_019862980.1_90912_91279
LOC112050646,NW_019863035.1,+,A5SS_long,0.000824825,0.1,357359,358923,NW_019863035.1_357359_358923
LOC112054216,NW_019863330.1,-,A5SS_long,7.14E-07,-0.132,180134,180602,NW_019863330.1_180134_180602
LOC112045951,NW_019862844.1,-,A5SS_long,0,0.077,947581,948217,NW_019862844.1_947581_948217
LOC112049870,NW_019862756.1,-,A5SS_long,0.003883083,0.022,648118,648657,NW_019862756.1_648118_648657
LOC112050499,NW_019863026.1,+,A5SS_long,8.45E-06,-0.049,300164,300749,NW_019863026.1_300164_300749
LOC112046878,NW_019862874.1,+,A5SS_long,0.0027799,-0.019,164997,165411,NW_019862874.1_164997_165411
LOC112043853,NW_019862799.1,-,A5SS_long,0.000855057,-0.065,850351,850621,NW_019862799.1_850351_850621
LOC112052988,NW_019862759.1,-,A5SS_long,0.012563025,-0.095,1293692,1294272,NW_019862759.1_1293692_1294272
LOC112044316,NW_019862806.1,+,A5SS_long,1.76E-05,-0.109,1118842,1119220,NW_019862806.1_1118842_1119220
LOC112044316,NW_019862806.1,+,A5SS_long,2.43E-05,-0.095,1118842,1119490,NW_019862806.1_1118842_1119490
LOC112052165,NW_019863131.1,-,A5SS_long,0.022749477,-0.037,126349,126664,NW_019863131.1_126349_126664
LOC112052165,NW_019863131.1,-,A5SS_long,2.22E-09,-0.139,127547,127912,NW_019863131.1_127547_127912
LOC112044076,NW_019862803.1,-,A5SS_long,7.75E-06,-0.206,44758,45062,NW_019862803.1_44758_45062
LOC112044076,NW_019862803.1,-,A5SS_long,0.000212653,-0.191,44758,45367,NW_019862803.1_44758_45367
LOC112044076,NW_019862803.1,-,A5SS_long,0.004838819,-0.157,44763,45367,NW_019862803.1_44763_45367
LOC112044076,NW_019862803.1,-,A5SS_long,0.000211573,-0.189,44768,45367,NW_019862803.1_44768_45367
LOC112048433,NW_019862930.1,+,A5SS_long,1.41E-07,0.595,423446,423799,NW_019862930.1_423446_423799
LOC112048433,NW_019862930.1,+,A5SS_long,0.045738247,0.017,423446,423805,NW_019862930.1_423446_423805
LOC112046256,NW_019862852.1,+,A5SS_long,0.023823295,0.021,834913,835570,NW_019862852.1_834913_835570
LOC112053467,NW_019863243.1,+,A5SS_long,1.21E-09,0.659,167798,168411,NW_019863243.1_167798_168411
LOC112058550,NW_019862778.1,-,A5SS_long,0,0.108,1102868,1103464,NW_019862778.1_1102868_1103464
LOC112050612,NW_019863033.1,-,A5SS_long,2.15E-05,0.19,351145,352042,NW_019863033.1_351145_352042
LOC112051523,NW_019863087.1,+,A5SS_long,5.02E-12,-0.074,179021,179686,NW_019863087.1_179021_179686
LOC112051523,NW_019863087.1,+,A5SS_long,4.63E-12,-0.075,179021,179690,NW_019863087.1_179021_179690
LOC112051523,NW_019863087.1,+,A5SS_long,5.02E-12,-0.074,179021,179693,NW_019863087.1_179021_179693
LOC112057820,NW_019862767.1,+,A5SS_long,0.000107284,-0.467,237356,237986,NW_019862767.1_237356_237986
LOC112051946,NW_019863113.1,+,A5SS_long,4.90E-05,-0.206,277844,278341,NW_019863113.1_277844_278341
LOC112049622,NW_019862981.1,+,A5SS_long,0.046700676,0.044,113154,113444,NW_019862981.1_113154_113444
LOC112053160,NW_019863213.1,-,A5SS_long,3.34E-05,0.063,183815,184314,NW_019863213.1_183815_184314
LOC112056515,NW_019863856.1,-,A5SS_long,0.000476292,-0.061,33659,34326,NW_019863856.1_33659_34326
LOC112051195,NW_019863068.1,+,A5SS_long,0.028485863,-0.043,238895,239238,NW_019863068.1_238895_239238
LOC112051663,NW_019863094.1,+,A5SS_long,0.003143712,0.079,282150,282495,NW_019863094.1_282150_282495
LOC112053596,NW_019863259.1,+,A5SS_long,5.40E-07,0.485,293546,293832,NW_019863259.1_293546_293832
LOC112053997,NW_019863304.1,-,A5SS_long,0.000166565,-0.131,106046,106400,NW_019863304.1_106046_106400
LOC112053997,NW_019863304.1,-,A5SS_long,0.002209886,-0.053,106088,106400,NW_019863304.1_106088_106400
LOC112050425,NW_019863022.1,+,A5SS_long,1.74E-05,0.241,290790,291116,NW_019863022.1_290790_291116
LOC112058421,NW_019862749.1,+,A5SS_long,0.023624099,0.036,871797,872343,NW_019862749.1_871797_872343
LOC112044077,NW_019862803.1,+,A5SS_long,0.000860663,-0.065,138963,139644,NW_019862803.1_138963_139644
LOC112045883,NW_019862843.1,-,A5SS_long,0.014213571,-0.081,252408,252772,NW_019862843.1_252408_252772
LOC112042919,NW_019862749.1,+,A5SS_long,0.003772151,-0.037,2344799,2345285,NW_019862749.1_2344799_2345285
LOC112042919,NW_019862749.1,+,A5SS_long,0.015689186,-0.035,2344799,2345312,NW_019862749.1_2344799_2345312
LOC112057895,NW_019862768.1,-,A5SS_long,0.044225948,-0.026,1513669,1514190,NW_019862768.1_1513669_1514190
LOC112047329,NW_019862888.1,+,A5SS_long,0.031957146,-0.052,285474,285965,NW_019862888.1_285474_285965
nbis-pseudo124,NW_019863358.1,-,A5SS_long,0.014554335,-0.066,25611,26219,NW_019863358.1_25611_26219
LOC112052834,NW_019863180.1,-,A5SS_long,0.005038422,0.067,221227,221618,NW_019863180.1_221227_221618
LOC112046137,NW_019862848.1,-,A5SS_long,0.001324416,-0.471,259728,260127,NW_019862848.1_259728_260127
LOC112058078,NW_019862771.1,+,A5SS_long,0.013700038,-0.321,745424,746014,NW_019862771.1_745424_746014
LOC112047433,NW_019862893.1,-,A5SS_long,0.00138609,-0.046,376243,376676,NW_019862893.1_376243_376676
LOC112047433,NW_019862893.1,-,A5SS_long,2.09E-05,-0.117,376287,376676,NW_019862893.1_376287_376676
LOC112043045,NW_019862784.1,+,A5SS_long,0.000200856,0.177,1528914,1529408,NW_019862784.1_1528914_1529408
LOC112043045,NW_019862784.1,+,A5SS_long,6.71E-07,0.104,1528914,1529408,NW_019862784.1_1528914_1529408
LOC112049949,NW_019862998.1,-,A5SS_long,8.57E-05,0.248,127189,127847,NW_019862998.1_127189_127847
LOC112046947,NW_019862878.1,-,A5SS_long,0.042064384,0.02,1038492,1039105,NW_019862878.1_1038492_1039105
LOC112050798,NW_019863043.1,-,A5SS_long,0.019364292,0.014,349412,349916,NW_019863043.1_349412_349916
LOC112055476,NW_019863529.1,-,A5SS_long,3.72E-05,0.436,88758,89289,NW_019863529.1_88758_89289
LOC112045475,NW_019862752.1,-,A5SS_long,0.031637983,0.138,530787,531097,NW_019862752.1_530787_531097
LOC112045475,NW_019862752.1,-,A5SS_long,0.010884752,0.048,530791,531097,NW_019862752.1_530791_531097
LOC112045475,NW_019862752.1,-,A5SS_long,0.043933314,0.137,530792,531097,NW_019862752.1_530792_531097
LOC112044138,NW_019862804.1,+,A5SS_long,1.15E-09,-0.133,39455,40012,NW_019862804.1_39455_40012
LOC112046894,NW_019862874.1,+,A5SS_long,1.83E-06,0.05,271770,272397,NW_019862874.1_271770_272397
LOC112048012,NW_019862912.1,+,A5SS_long,0.026787384,-0.042,102062,102366,NW_019862912.1_102062_102366
LOC112058371,NW_019862775.1,-,A5SS_long,0,0.095,1415816,1416286,NW_019862775.1_1415816_1416286
LOC112050295,NW_019863016.1,-,A5SS_long,5.90E-14,0.16,419025,419331,NW_019863016.1_419025_419331
LOC112049491,NW_019862976.1,-,A5SS_long,0.001052544,-0.106,66775,67110,NW_019862976.1_66775_67110
LOC112055953,NW_019863664.1,+,A5SS_long,0.000277389,0.103,11374,11798,NW_019863664.1_11374_11798
LOC112046483,NW_019862858.1,-,A5SS_long,0.000187658,-0.043,133224,133769,NW_019862858.1_133224_133769
LOC112057881,NW_019862768.1,-,A5SS_long,0.00107266,0.038,955678,956203,NW_019862768.1_955678_956203
LOC112057881,NW_019862768.1,-,A5SS_long,4.56E-07,0.647,955678,956203,NW_019862768.1_955678_956203
LOC112057881,NW_019862768.1,-,A5SS_long,0.000195336,0.196,955683,956203,NW_019862768.1_955683_956203
LOC112057881,NW_019862768.1,-,A5SS_long,0,-0.422,955683,956203,NW_019862768.1_955683_956203
LOC112057881,NW_019862768.1,-,A5SS_long,4.21E-06,0.148,955788,956203,NW_019862768.1_955788_956203
LOC112057881,NW_019862768.1,-,A5SS_long,0,-0.447,955788,956203,NW_019862768.1_955788_956203
LOC112057881,NW_019862768.1,-,A5SS_long,0.014938276,0.353,955793,956203,NW_019862768.1_955793_956203
LOC112057881,NW_019862768.1,-,A5SS_long,0,-0.868,955899,956203,NW_019862768.1_955899_956203
LOC112057939,NW_019862769.1,-,A5SS_long,0.000187429,0.081,659368,659943,NW_019862769.1_659368_659943
LOC112057889,NW_019862768.1,+,A5SS_long,0.032062511,-0.153,1205465,1206137,NW_019862768.1_1205465_1206137
LOC112051694,NW_019863098.1,-,A5SS_long,0.000998792,0.023,352142,352442,NW_019863098.1_352142_352442
LOC112046487,NW_019862859.1,-,A5SS_long,3.00E-07,-0.622,290027,290681,NW_019862859.1_290027_290681
LOC112046487,NW_019862859.1,-,A5SS_long,8.11E-07,-0.723,290027,290681,NW_019862859.1_290027_290681
LOC112046487,NW_019862859.1,-,A5SS_long,0.000671088,-0.513,290027,290681,NW_019862859.1_290027_290681
LOC112046487,NW_019862859.1,-,A5SS_long,8.00E-06,0.513,290243,290681,NW_019862859.1_290243_290681
LOC112046487,NW_019862859.1,-,A5SS_long,3.58E-06,-0.594,290247,290681,NW_019862859.1_290247_290681
LOC112046487,NW_019862859.1,-,A5SS_long,0.001811294,-0.484,290247,290681,NW_019862859.1_290247_290681
LOC112057834,NW_019862767.1,+,A5SS_long,0.042236414,0.027,885969,886469,NW_019862767.1_885969_886469
LOC112053451,NW_019863242.1,-,A5SS_long,0,-0.181,164417,164838,NW_019863242.1_164417_164838
LOC112052141,NW_019863130.1,-,A5SS_long,0.007714393,0.224,98587,98889,NW_019863130.1_98587_98889
LOC112051202,NW_019863068.1,+,A5SS_long,0.004646576,0.049,361152,361756,NW_019863068.1_361152_361756
LOC112048398,NW_019862929.1,+,A5SS_long,0.002235655,0.069,269770,270462,NW_019862929.1_269770_270462
LOC112048398,NW_019862929.1,+,A5SS_long,0.002564288,0.069,269909,270487,NW_019862929.1_269909_270487
LOC112048398,NW_019862929.1,+,A5SS_long,0.002235655,0.069,269909,270497,NW_019862929.1_269909_270497
LOC112048544,NW_019862934.1,+,A5SS_long,0.000314079,-0.519,287939,288504,NW_019862934.1_287939_288504
LOC112043877,NW_019862799.1,+,A5SS_long,0.002209886,0.142,817943,818275,NW_019862799.1_817943_818275
LOC112043877,NW_019862799.1,+,A5SS_long,0.000257854,0.161,817943,818316,NW_019862799.1_817943_818316
LOC112043877,NW_019862799.1,+,A5SS_long,0.000946693,0.149,817943,818327,NW_019862799.1_817943_818327
LOC112045186,NW_019862825.1,-,A5SS_long,0.009690876,-0.013,214457,214937,NW_019862825.1_214457_214937
LOC112058539,NW_019862778.1,-,A5SS_long,0.016821003,-0.197,1035549,1035809,NW_019862778.1_1035549_1035809
LOC112049503,NW_019862976.1,-,A5SS_long,9.94E-06,-0.065,437518,438152,NW_019862976.1_437518_438152
LOC112057680,NW_019862765.1,+,A5SS_long,7.83E-06,-0.046,953448,953944,NW_019862765.1_953448_953944
LOC112051753,NW_019863101.1,+,A5SS_long,0.002585439,-0.03,17805,18415,NW_019863101.1_17805_18415
LOC112045952,NW_019862844.1,+,A5SS_long,1.27E-07,-0.267,279343,279984,NW_019862844.1_279343_279984
LOC112046481,NW_019862858.1,+,A5SS_long,4.35E-10,-0.064,148107,148629,NW_019862858.1_148107_148629
LOC112046481,NW_019862858.1,+,A5SS_long,0,-0.307,148107,148757,NW_019862858.1_148107_148757
LOC112046452,NW_019862857.1,-,A5SS_long,0.004361231,0.044,171573,172082,NW_019862857.1_171573_172082
LOC112045235,NW_019862827.1,+,A5SS_long,1.15E-05,0.066,904707,905236,NW_019862827.1_904707_905236
LOC112047844,NW_019862905.1,-,A5SS_long,0,0.02,640578,640994,NW_019862905.1_640578_640994
LOC112053371,NW_019863234.1,+,A5SS_long,0.000327371,0.248,138025,138620,NW_019863234.1_138025_138620
LOC112049025,NW_019862955.1,-,A5SS_long,0.046109069,-0.071,555537,556163,NW_019862955.1_555537_556163
LOC112049025,NW_019862955.1,-,A5SS_long,0.047855452,-0.071,555573,556163,NW_019862955.1_555573_556163
LOC112044884,NW_019862751.1,+,A5SS_long,4.90E-10,0.34,1680360,1680757,NW_019862751.1_1680360_1680757
LOC112045098,NW_019862823.1,-,A5SS_long,0.000232483,0.077,98027,98287,NW_019862823.1_98027_98287
LOC112045095,NW_019862823.1,-,A5SS_long,0.000671088,0.032,456991,457398,NW_019862823.1_456991_457398
LOC112054719,NW_019863402.1,-,A5SS_long,0.000190166,0.735,175071,175432,NW_019863402.1_175071_175432
LOC112049893,NW_019862996.1,-,A5SS_long,0.001266706,-0.035,423235,423535,NW_019862996.1_423235_423535
LOC112047440,NW_019862893.1,+,A5SS_long,0.039656363,0.037,386402,386855,NW_019862893.1_386402_386855
LOC112047440,NW_019862893.1,+,A5SS_long,0.039075445,0.037,386402,386903,NW_019862893.1_386402_386903
LOC112047440,NW_019862893.1,+,A5SS_long,0.039283303,0.037,386402,386937,NW_019862893.1_386402_386937
LOC112047440,NW_019862893.1,+,A5SS_long,0.042064384,0.036,386402,387078,NW_019862893.1_386402_387078
LOC112057963,NW_019862770.1,-,A5SS_long,0.02397202,0.265,46017,46623,NW_019862770.1_46017_46623
LOC112057896,NW_019862768.1,+,A5SS_long,0.005757185,-0.016,1518700,1519066,NW_019862768.1_1518700_1519066
LOC112055455,NW_019863526.1,-,A5SS_long,0,0.177,38633,39097,NW_019863526.1_38633_39097
LOC112047182,NW_019862883.1,+,A5SS_long,0.003940161,-0.303,59081,59430,NW_019862883.1_59081_59430
LOC112052328,NW_019863141.1,+,A5SS_long,4.10E-05,-0.192,50776,52464,NW_019863141.1_50776_52464
LOC112053642,NW_019863264.1,+,A5SS_long,0.00053969,-0.048,203351,204021,NW_019863264.1_203351_204021
LOC112053642,NW_019863264.1,+,A5SS_long,0.00880873,-0.044,203366,204331,NW_019863264.1_203366_204331
LOC112057716,NW_019862765.1,+,A5SS_long,0.033532386,-0.012,1727143,1727843,NW_019862765.1_1727143_1727843
LOC112053562,NW_019863253.1,+,A5SS_long,0.002440151,-0.242,175457,175826,NW_019863253.1_175457_175826
LOC112054297,NW_019863339.1,+,A5SS_long,0.013985843,-0.021,57286,57682,NW_019863339.1_57286_57682
LOC112045895,NW_019862843.1,+,A5SS_long,1.74E-05,0.035,351005,351693,NW_019862843.1_351005_351693
LOC112048334,NW_019862754.1,+,A5SS_long,0.000123568,0.03,2423179,2423544,NW_019862754.1_2423179_2423544
LOC112052594,NW_019863161.1,-,A5SS_long,0.017422371,0.035,305528,306223,NW_019863161.1_305528_306223
LOC112054929,NW_019863433.1,+,A5SS_long,0.000384727,-0.037,119589,119923,NW_019863433.1_119589_119923
LOC112055797,NW_019863615.1,-,A5SS_long,3.14E-06,-0.248,3025,3628,NW_019863615.1_3025_3628
LOC112055794,NW_019863615.1,+,A5SS_long,0.000244849,-0.119,34325,34660,NW_019863615.1_34325_34660
LOC112055794,NW_019863615.1,+,A5SS_long,0.00016983,-0.143,34325,34717,NW_019863615.1_34325_34717
LOC112044052,NW_019862802.1,+,A5SS_long,0.007423025,-0.046,974023,974417,NW_019862802.1_974023_974417
LOC112044052,NW_019862802.1,+,A5SS_long,1.17E-06,-0.249,974023,974672,NW_019862802.1_974023_974672
LOC112046441,NW_019862857.1,+,A5SS_long,0.01039145,0.147,288463,289071,NW_019862857.1_288463_289071
LOC112046504,NW_019862859.1,-,A5SS_long,1.46E-06,0.01,674533,674847,NW_019862859.1_674533_674847
LOC112043342,NW_019862788.1,-,A5SS_long,0.012105065,0.027,1323851,1324427,NW_019862788.1_1323851_1324427
LOC112046979,NW_019862879.1,+,A5SS_long,0.00569328,0.033,108932,109365,NW_019862879.1_108932_109365
LOC112047770,NW_019862904.1,+,A5SS_long,3.38E-05,-0.206,998382,998928,NW_019862904.1_998382_998928
LOC112046305,NW_019862854.1,+,A5SS_long,0.006403394,-0.034,516299,516870,NW_019862854.1_516299_516870
LOC112046305,NW_019862854.1,+,A5SS_long,0.023624099,0.061,516477,516888,NW_019862854.1_516477_516888
LOC112045809,NW_019862841.1,+,A5SS_long,0.014999944,0.124,810741,811218,NW_019862841.1_810741_811218
LOC112046247,NW_019862851.1,-,A5SS_long,0.003143712,0.011,677928,678522,NW_019862851.1_677928_678522
LOC112046711,NW_019862869.1,-,A5SS_long,1.79E-05,-0.035,188653,189204,NW_019862869.1_188653_189204
LOC112046314,NW_019862854.1,-,A5SS_long,0,0.039,537007,537443,NW_019862854.1_537007_537443
LOC112043215,NW_019862787.1,-,A5SS_long,0.004423266,-0.016,563292,563990,NW_019862787.1_563292_563990
LOC112043215,NW_019862787.1,-,A5SS_long,0.001881377,-0.021,563363,563990,NW_019862787.1_563363_563990
LOC112043215,NW_019862787.1,-,A5SS_long,0.0025166,-0.018,563364,563990,NW_019862787.1_563364_563990
LOC112046579,NW_019862862.1,+,A5SS_long,0.04840396,0.038,848573,849048,NW_019862862.1_848573_849048
LOC112053291,NW_019863225.1,-,A5SS_long,9.19E-05,-0.016,122276,122964,NW_019863225.1_122276_122964
LOC112052587,NW_019863160.1,+,A5SS_long,0.037345233,-0.024,129627,130114,NW_019863160.1_129627_130114
LOC112052587,NW_019863160.1,+,A5SS_long,0.046704409,-0.023,129627,130310,NW_019863160.1_129627_130310
LOC112052587,NW_019863160.1,+,A5SS_long,0.000248052,-0.406,129630,130078,NW_019863160.1_129630_130078
LOC112052587,NW_019863160.1,+,A5SS_long,0.000179603,-0.412,129630,130109,NW_019863160.1_129630_130109
LOC112052587,NW_019863160.1,+,A5SS_long,0.001036098,-0.343,129630,130118,NW_019863160.1_129630_130118
LOC112052587,NW_019863160.1,+,A5SS_long,0.000173189,-0.412,129630,130310,NW_019863160.1_129630_130310
LOC112052576,NW_019863160.1,-,A5SS_long,0.001881377,0.051,243576,244068,NW_019863160.1_243576_244068
LOC112051025,NW_019863057.1,-,A5SS_long,0.000422909,0.021,258576,259075,NW_019863057.1_258576_259075
LOC112052777,NW_019862759.1,-,A5SS_long,0.032282806,0.01,737200,737696,NW_019862759.1_737200_737696
LOC112049993,NW_019863001.1,+,A5SS_long,0.00024523,0.421,210881,211364,NW_019863001.1_210881_211364
LOC112051277,NW_019863071.1,+,A5SS_long,0.001893927,0.266,236418,236774,NW_019863071.1_236418_236774
LOC112054561,NW_019863375.1,+,A5SS_long,2.04E-05,0.046,163710,164081,NW_019863375.1_163710_164081
LOC112057549,NW_019866406.1,-,A5SS_long,0.00134487,0.543,1493,1941,NW_019866406.1_1493_1941
LOC112051386,NW_019863079.1,+,A5SS_long,0.007238179,0.005,69332,69948,NW_019863079.1_69332_69948
LOC112051386,NW_019863079.1,+,A5SS_long,4.38E-06,-0.021,69567,69944,NW_019863079.1_69567_69944
LOC112051386,NW_019863079.1,+,A5SS_long,0,-0.051,69567,69944,NW_019863079.1_69567_69944
LOC112053022,NW_019863197.1,+,A5SS_long,0.026689515,0.271,69936,72136,NW_019863197.1_69936_72136
LOC112045728,NW_019862839.1,-,A5SS_long,0.000714392,0.063,814002,814305,NW_019862839.1_814002_814305
LOC112049248,NW_019862965.1,-,A5SS_long,0.023823295,0.185,83554,83943,NW_019862965.1_83554_83943
LOC112055492,NW_019863535.1,-,A5SS_long,0.004838819,0.062,75952,76334,NW_019863535.1_75952_76334
LOC112058574,NW_019862778.1,-,A5SS_long,0.005861577,0.041,1350604,1350979,NW_019862778.1_1350604_1350979
LOC112043682,NW_019862794.1,+,A5SS_long,0,-0.066,1405006,1405555,NW_019862794.1_1405006_1405555
LOC112053525,NW_019863249.1,+,A5SS_long,2.27E-07,-0.293,80358,80777,NW_019863249.1_80358_80777
LOC112057752,NW_019862766.1,-,A5SS_long,0.000855057,-0.117,96326,96804,NW_019862766.1_96326_96804
LOC112051973,NW_019863117.1,-,A5SS_long,3.60E-07,-0.135,338594,338880,NW_019863117.1_338594_338880
LOC112051973,NW_019863117.1,-,A5SS_long,7.03E-05,0.04,340152,340618,NW_019863117.1_340152_340618
LOC112046468,NW_019862858.1,-,A5SS_long,2.08E-11,0.196,512179,512475,NW_019862858.1_512179_512475
LOC112056956,NW_019862764.1,-,A5SS_long,0.003097105,0.039,1083238,1083755,NW_019862764.1_1083238_1083755
LOC112047068,NW_019862881.1,+,A5SS_long,9.87E-11,0.246,106984,107395,NW_019862881.1_106984_107395
LOC112047068,NW_019862881.1,+,A5SS_long,0.024674682,-0.186,109927,110539,NW_019862881.1_109927_110539
LOC112047072,NW_019862881.1,+,A5SS_long,0.000216648,0.14,434668,434943,NW_019862881.1_434668_434943
LOC112049660,NW_019862756.1,+,A5SS_long,0.001282283,-0.086,183818,184515,NW_019862756.1_183818_184515
LOC112046682,NW_019862867.1,+,A5SS_long,0.004423266,0.071,16241,16554,NW_019862867.1_16241_16554
LOC112050047,NW_019863003.1,-,A5SS_long,1.47E-06,0.3,146746,147073,NW_019863003.1_146746_147073
LOC112050047,NW_019863003.1,-,A5SS_long,8.67E-07,0.065,146751,147073,NW_019863003.1_146751_147073
LOC112056176,NW_019863728.1,+,A5SS_long,1.45E-05,-0.069,72570,73085,NW_019863728.1_72570_73085
LOC112053895,NW_019863292.1,-,A5SS_long,0,0.046,29335,29670,NW_019863292.1_29335_29670
LOC112052373,NW_019862759.1,+,A5SS_long,0.00027013,-0.352,2029225,2029824,NW_019862759.1_2029225_2029824
LOC112046139,NW_019862849.1,+,A5SS_long,0.001742869,-0.513,752268,752755,NW_019862849.1_752268_752755
LOC112055153,NW_019863467.1,+,A5SS_long,0.00024523,-0.08,89882,90377,NW_019863467.1_89882_90377
LOC112051501,NW_019863086.1,-,A5SS_long,0.000708677,0.08,252263,252599,NW_019863086.1_252263_252599
LOC112057570,NW_019862748.1,-,A5SS_long,0.001219829,-0.025,511251,511692,NW_019862748.1_511251_511692
LOC112047188,NW_019862883.1,+,A5SS_long,1.03E-05,-0.046,915910,916505,NW_019862883.1_915910_916505
LOC112045707,NW_019862838.1,+,A5SS_long,0.038151481,0.403,143221,143668,NW_019862838.1_143221_143668
LOC112045707,NW_019862838.1,+,A5SS_long,0.000582344,-0.012,143221,143668,NW_019862838.1_143221_143668
LOC112045707,NW_019862838.1,+,A5SS_long,0.014554335,0.103,143458,144091,NW_019862838.1_143458_144091
LOC112043931,NW_019862800.1,-,A5SS_long,8.69E-05,0.034,633079,633594,NW_019862800.1_633079_633594
LOC112046714,NW_019862869.1,-,A5SS_long,1.79E-05,-0.199,205705,205988,NW_019862869.1_205705_205988
LOC112054344,NW_019863348.1,-,A5SS_long,0.000680721,-0.209,17266,17676,NW_019863348.1_17266_17676
LOC112044590,NW_019862813.1,-,A5SS_long,1.35E-11,0.226,832139,832636,NW_019862813.1_832139_832636
LOC112051287,NW_019862757.1,-,A5SS_long,0.023823295,0.027,2480611,2480947,NW_019862757.1_2480611_2480947
LOC112055966,NW_019863669.1,-,A5SS_long,0.035235446,0.022,65453,65886,NW_019863669.1_65453_65886
LOC112052396,NW_019863145.1,-,A5SS_long,0.010198346,-0.343,117463,117848,NW_019863145.1_117463_117848
LOC112047764,NW_019862904.1,-,A5SS_long,0.016128381,0.032,1018486,1018781,NW_019862904.1_1018486_1018781
LOC112053755,NW_019863279.1,+,A5SS_long,1.23E-05,-0.069,81379,81759,NW_019863279.1_81379_81759
LOC112054291,NW_019863338.1,-,A5SS_long,0.022654244,-0.603,128072,128716,NW_019863338.1_128072_128716
LOC112054291,NW_019863338.1,-,A5SS_long,1.41E-08,0.071,128128,128716,NW_019863338.1_128128_128716
LOC112053155,NW_019863213.1,+,A5SS_long,2.24E-06,-0.189,131192,131566,NW_019863213.1_131192_131566
LOC112050538,NW_019862756.1,-,A5SS_long,0.002607257,-0.061,2376699,2377074,NW_019862756.1_2376699_2377074
LOC112047257,NW_019862886.1,-,A5SS_long,1.02E-07,-0.125,149955,150169,NW_019862886.1_149955_150169
LOC112054839,NW_019863424.1,+,A5SS_long,0.000399601,-0.097,45948,46405,NW_019863424.1_45948_46405
LOC112055815,NW_019863623.1,-,A5SS_long,0.004646576,-0.402,27256,27741,NW_019863623.1_27256_27741
LOC112055815,NW_019863623.1,-,A5SS_long,0.016278608,-0.171,29800,30459,NW_019863623.1_29800_30459
LOC112044923,NW_019862820.1,-,A5SS_long,0.001068398,-0.235,924885,925551,NW_019862820.1_924885_925551
LOC112044923,NW_019862820.1,-,A5SS_long,0.00111284,-0.241,924961,925551,NW_019862820.1_924961_925551
LOC112047046,NW_019862753.1,-,A5SS_long,1.58E-07,0.013,1328489,1328887,NW_019862753.1_1328489_1328887
LOC112048221,NW_019862921.1,+,A5SS_long,1.38E-06,-0.031,362551,363149,NW_019862921.1_362551_363149
LOC112048221,NW_019862921.1,+,A5SS_long,1.61E-06,-0.031,362551,363154,NW_019862921.1_362551_363154
LOC112051088,NW_019863062.1,-,A5SS_long,0.010642297,-0.035,109843,110283,NW_019863062.1_109843_110283
LOC112049519,NW_019862977.1,+,A5SS_long,0.000142326,0.036,351006,351353,NW_019862977.1_351006_351353
LOC112046629,NW_019862864.1,+,A5SS_long,2.13E-10,0.253,445182,445547,NW_019862864.1_445182_445547
LOC112043005,NW_019862784.1,+,A5SS_long,2.69E-05,0.045,331803,332302,NW_019862784.1_331803_332302
LOC112044745,NW_019862817.1,+,A5SS_long,0.028815874,0.339,1016226,1016837,NW_019862817.1_1016226_1016837
LOC112051015,NW_019863056.1,+,A5SS_long,0.001152882,-0.061,202957,203442,NW_019863056.1_202957_203442
LOC112051963,NW_019863116.1,-,A5SS_long,0.014554335,0.383,81883,82382,NW_019863116.1_81883_82382
LOC112052932,NW_019862759.1,-,A5SS_long,0.04258207,-0.092,1245102,1245447,NW_019862759.1_1245102_1245447
LOC112053199,NW_019862759.1,+,A5SS_long,0.00569328,0.275,2241421,2241921,NW_019862759.1_2241421_2241921
LOC112050816,NW_019863044.1,+,A5SS_long,0.02498113,0.015,16921,17346,NW_019863044.1_16921_17346
LOC112054018,NW_019863306.1,-,A5SS_long,1.68E-05,0.174,64054,64547,NW_019863306.1_64054_64547
LOC112044658,NW_019862815.1,-,A5SS_long,0.001040266,-0.151,68080,68401,NW_019862815.1_68080_68401
LOC112055679,NW_019863585.1,-,A5SS_long,4.40E-06,-0.094,32817,33388,NW_019863585.1_32817_33388
LOC112055679,NW_019863585.1,-,A5SS_long,6.82E-06,-0.112,32908,33388,NW_019863585.1_32908_33388
LOC112055679,NW_019863585.1,-,A5SS_long,0.00923943,-0.043,32964,33388,NW_019863585.1_32964_33388
LOC112046876,NW_019862874.1,+,A5SS_long,6.89E-07,0.393,447326,447968,NW_019862874.1_447326_447968
LOC112046205,NW_019862850.1,+,A5SS_long,0,0.339,370836,371507,NW_019862850.1_370836_371507
LOC112047975,NW_019862910.1,-,A5SS_long,0.002663785,0.023,495896,496161,NW_019862910.1_495896_496161
LOC112053283,NW_019863224.1,+,A5SS_long,1.72E-06,-0.064,82459,83432,NW_019863224.1_82459_83432
LOC112043832,NW_019862799.1,+,A5SS_long,2.83E-07,-0.02,243661,244133,NW_019862799.1_243661_244133
LOC112043832,NW_019862799.1,+,A5SS_long,0,-0.653,243812,244133,NW_019862799.1_243812_244133
LOC112058144,NW_019862772.1,-,A5SS_long,0.000384727,0.029,283746,284323,NW_019862772.1_283746_284323
LOC112049668,NW_019862983.1,-,A5SS_long,0.02498113,-0.019,405463,405988,NW_019862983.1_405463_405988
LOC112046300,NW_019862853.1,+,A5SS_long,0.00096272,-0.072,153780,156963,NW_019862853.1_153780_156963
LOC112048301,NW_019862924.1,+,A5SS_long,0.024450118,-0.045,287183,287529,NW_019862924.1_287183_287529
LOC112048283,NW_019862924.1,+,A5SS_long,0.004589104,-0.033,483666,484265,NW_019862924.1_483666_484265
LOC112047260,NW_019862886.1,+,A5SS_long,0.004078649,-0.381,665594,666290,NW_019862886.1_665594_666290
LOC112047663,NW_019862900.1,+,A5SS_long,0.000102188,-0.158,597389,597676,NW_019862900.1_597389_597676
LOC112050069,NW_019863004.1,-,A5SS_long,5.90E-14,0.043,134610,135014,NW_019863004.1_134610_135014
LOC112053798,NW_019863282.1,-,A5SS_long,0.043933314,0.162,205082,205548,NW_019863282.1_205082_205548
LOC112053798,NW_019863282.1,-,A5SS_long,0.037033508,0.164,205086,205548,NW_019863282.1_205086_205548
LOC112053798,NW_019863282.1,-,A5SS_long,0.04697061,0.156,205164,205548,NW_019863282.1_205164_205548
LOC112053798,NW_019863282.1,-,A5SS_long,0.032282806,0.069,205185,205548,NW_019863282.1_205185_205548
LOC112053798,NW_019863282.1,-,A5SS_long,0.018404168,0.162,205185,205548,NW_019863282.1_205185_205548
LOC112053798,NW_019863282.1,-,A5SS_long,0.005823461,0.115,205203,205548,NW_019863282.1_205203_205548
LOC112053798,NW_019863282.1,-,A5SS_long,0.043933314,0.077,205218,205548,NW_019863282.1_205218_205548
LOC112052436,NW_019863148.1,-,A5SS_long,0.005121774,0.485,64685,65012,NW_019863148.1_64685_65012
LOC112048768,NW_019862944.1,+,A5SS_long,0.01654379,0.036,149686,150044,NW_019862944.1_149686_150044
LOC112057930,NW_019862769.1,-,A5SS_long,0.021543395,-0.015,401956,402573,NW_019862769.1_401956_402573
LOC112057930,NW_019862769.1,-,A5SS_long,0.020646722,-0.018,402132,402573,NW_019862769.1_402132_402573
LOC112044723,NW_019862816.1,-,A5SS_long,0.016667423,0.03,340248,340500,NW_019862816.1_340248_340500
LOC112043932,NW_019862800.1,+,A5SS_long,0.029279075,-0.285,636474,636788,NW_019862800.1_636474_636788
LOC112043932,NW_019862800.1,+,A5SS_long,0.037656718,-0.252,636474,636884,NW_019862800.1_636474_636884
LOC112050109,NW_019863005.1,+,A5SS_long,0.000736287,-0.556,666426,666722,NW_019863005.1_666426_666722
LOC112048676,NW_019862940.1,+,A5SS_long,0.000299789,-0.051,499946,500412,NW_019862940.1_499946_500412
LOC112055133,NW_019863465.1,-,A5SS_long,0.004838819,0.11,19488,19853,NW_019863465.1_19488_19853
LOC112045549,NW_019862752.1,+,A5SS_long,0.019283743,-0.034,706008,706556,NW_019862752.1_706008_706556
LOC112045549,NW_019862752.1,+,A5SS_long,1.93E-10,-0.047,706008,706702,NW_019862752.1_706008_706702
LOC112051454,NW_019863083.1,+,A5SS_long,0.038363398,-0.033,295873,296409,NW_019863083.1_295873_296409
LOC112054942,NW_019863435.1,-,A5SS_long,2.36E-07,0.319,81353,82044,NW_019863435.1_81353_82044
LOC112054942,NW_019863435.1,-,A5SS_long,2.71E-10,0.426,81480,82044,NW_019863435.1_81480_82044
LOC112048179,NW_019862919.1,+,A5SS_long,0.006364152,-0.129,493651,493922,NW_019862919.1_493651_493922
LOC112049719,NW_019862756.1,+,A5SS_long,0.004220466,0.022,216275,216701,NW_019862756.1_216275_216701
LOC112050351,NW_019862756.1,+,A5SS_long,0.017590436,-0.336,1752609,1753127,NW_019862756.1_1752609_1753127
LOC112052445,NW_019863149.1,-,A5SS_long,0.010892083,0.054,30307,30888,NW_019863149.1_30307_30888
LOC112049151,NW_019862961.1,-,A5SS_long,1.38E-06,-0.045,132216,132498,NW_019862961.1_132216_132498
LOC112052979,NW_019863193.1,+,A5SS_long,0.001646108,0.035,56914,57628,NW_019863193.1_56914_57628
LOC112044280,NW_019862806.1,+,A5SS_long,7.67E-05,-0.214,30159,30611,NW_019862806.1_30159_30611
LOC112044307,NW_019862806.1,-,A5SS_long,0.00455028,0.052,783187,783602,NW_019862806.1_783187_783602
LOC112046614,NW_019862863.1,+,A5SS_long,2.15E-08,0.202,823662,824301,NW_019862863.1_823662_824301
LOC112046614,NW_019862863.1,+,A5SS_long,5.02E-08,0.22,823663,824274,NW_019862863.1_823663_824274
LOC112048475,NW_019862932.1,-,A5SS_long,0.000344791,-0.472,261082,261501,NW_019862932.1_261082_261501
LOC112052325,NW_019863140.1,+,A5SS_long,8.42E-07,0.104,261975,262264,NW_019863140.1_261975_262264
LOC112045911,NW_019862843.1,-,A5SS_long,0.001334643,-0.281,479402,479705,NW_019862843.1_479402_479705
LOC112047227,NW_019862884.1,+,A5SS_long,0.007378392,0.171,688760,689040,NW_019862884.1_688760_689040
LOC112050218,NW_019863013.1,+,A5SS_long,0.004006187,-0.61,83598,83843,NW_019863013.1_83598_83843
LOC112050218,NW_019863013.1,+,A5SS_long,2.81E-07,-0.129,84294,84855,NW_019863013.1_84294_84855
LOC112046734,NW_019862869.1,-,A5SS_long,0.00094536,-0.035,400172,400608,NW_019862869.1_400172_400608
LOC112046734,NW_019862869.1,-,A5SS_long,0.00094536,-0.035,400223,400608,NW_019862869.1_400223_400608
LOC112046734,NW_019862869.1,-,A5SS_long,0.001130503,-0.034,400229,400608,NW_019862869.1_400229_400608
LOC112048621,NW_019862937.1,-,A5SS_long,0.000591546,-0.027,224687,225102,NW_019862937.1_224687_225102
LOC112046012,NW_019862845.1,-,A5SS_long,0.031637983,-0.032,159017,159702,NW_019862845.1_159017_159702
LOC112050001,NW_019863001.1,-,A5SS_long,0.00880873,-0.042,190171,190564,NW_019863001.1_190171_190564
LOC112049061,NW_019862957.1,+,A5SS_long,0.004589104,0.069,502875,503198,NW_019862957.1_502875_503198
LOC112054572,NW_019862761.1,-,A5SS_long,2.34E-05,-0.028,1286908,1287788,NW_019862761.1_1286908_1287788
LOC112050024,NW_019863002.1,-,A5SS_long,0.000301042,-0.04,355925,356171,NW_019863002.1_355925_356171
LOC112050024,NW_019863002.1,-,A5SS_long,0.011843873,-0.076,355962,356486,NW_019863002.1_355962_356486
LOC112052940,NW_019863189.1,+,A5SS_long,0.026618686,0.029,268797,269384,NW_019863189.1_268797_269384
LOC112058180,NW_019862749.1,+,A5SS_long,0.035243458,-0.101,391750,392244,NW_019862749.1_391750_392244
LOC112045836,NW_019862842.1,+,A5SS_long,0.031739834,0.08,283117,283553,NW_019862842.1_283117_283553
LOC112054224,NW_019863330.1,-,A5SS_long,6.35E-07,-0.217,43433,44080,NW_019863330.1_43433_44080
LOC112045658,NW_019862837.1,+,A5SS_long,0.008106409,-0.4,972814,973338,NW_019862837.1_972814_973338
LOC112048790,NW_019862755.1,+,A5SS_long,0,-0.044,1151550,1152366,NW_019862755.1_1151550_1152366
LOC112049214,NW_019862755.1,+,A5SS_long,0.043933314,-0.052,2565505,2566115,NW_019862755.1_2565505_2566115
LOC112055964,NW_019863667.1,-,A5SS_long,0.000141544,0.027,41453,41987,NW_019863667.1_41453_41987
LOC112055964,NW_019863667.1,-,A5SS_long,0.000141544,0.027,41456,41987,NW_019863667.1_41456_41987
LOC112056842,NW_019864021.1,-,A5SS_short,2.59E-12,0.14,31351,31699,NW_019864021.1_31351_31699
LOC112045908,NW_019862843.1,-,A5SS_short,0,-0.445,326187,326545,NW_019862843.1_326187_326545
LOC112053614,NW_019862760.1,-,A5SS_short,5.78E-07,0.151,266353,267076,NW_019862760.1_266353_267076
LOC112043976,NW_019862750.1,-,A5SS_short,0.0109246,0.183,2041073,2041514,NW_019862750.1_2041073_2041514
LOC112046157,NW_019862849.1,+,A5SS_short,9.78E-07,-0.124,337308,337669,NW_019862849.1_337308_337669
LOC112058428,NW_019862776.1,-,A5SS_short,4.33E-12,0.203,1076741,1077049,NW_019862776.1_1076741_1077049
LOC112052043,NW_019863120.1,-,A5SS_short,6.14E-06,0.104,90440,90787,NW_019863120.1_90440_90787
LOC112055727,NW_019862762.1,+,A5SS_short,0,-0.067,1911106,1911431,NW_019862762.1_1911106_1911431
LOC112055597,NW_019862762.1,-,A5SS_short,0.000105557,-0.135,1106501,1106821,NW_019862762.1_1106501_1106821
LOC112045428,NW_019862831.1,-,A5SS_short,8.00E-06,-0.078,414269,414706,NW_019862831.1_414269_414706
LOC112048826,NW_019862946.1,+,A5SS_short,0.001334643,-0.2,511163,511683,NW_019862946.1_511163_511683
LOC112048826,NW_019862946.1,+,A5SS_short,0.000430589,-0.231,511163,511683,NW_019862946.1_511163_511683
LOC112043019,NW_019862784.1,-,A5SS_short,0.00242159,-0.027,1111507,1111737,NW_019862784.1_1111507_1111737
LOC112046528,NW_019862860.1,+,A5SS_short,0.013652854,0.161,482490,482866,NW_019862860.1_482490_482866
LOC112055976,NW_019863672.1,-,A5SS_short,2.08E-05,-0.21,52559,52928,NW_019863672.1_52559_52928
LOC112054814,NW_019863416.1,+,A5SS_short,0.00491869,-0.137,33916,34265,NW_019863416.1_33916_34265
LOC112054138,NW_019863323.1,+,A5SS_short,0.039413672,0.051,146846,147190,NW_019863323.1_146846_147190
LOC112043930,NW_019862800.1,+,A5SS_short,0.021730196,-0.126,617044,617442,NW_019862800.1_617044_617442
LOC112056029,NW_019863688.1,-,A5SS_short,0.007304679,0.061,36494,36860,NW_019863688.1_36494_36860
LOC112056445,NW_019863824.1,-,A5SS_short,2.07E-07,0.078,26140,27998,NW_019863824.1_26140_27998
LOC112057979,NW_019862770.1,-,A5SS_short,0.000283044,-0.153,890503,890840,NW_019862770.1_890503_890840
LOC112050146,NW_019863008.1,+,A5SS_short,0.016871728,0.204,286132,286504,NW_019863008.1_286132_286504
LOC112049619,NW_019862981.1,-,A5SS_short,0.038257529,-0.209,74380,74734,NW_019862981.1_74380_74734
LOC112043669,NW_019862794.1,-,A5SS_short,0.020285321,0.171,1095340,1096016,NW_019862794.1_1095340_1096016
LOC112043669,NW_019862794.1,-,A5SS_short,0.000212653,0.24,1095340,1096016,NW_019862794.1_1095340_1096016
LOC112057939,NW_019862769.1,-,A5SS_short,0.00024523,-0.256,662463,662858,NW_019862769.1_662463_662858
LOC112052141,NW_019863130.1,-,A5SS_short,2.17E-07,0.083,98603,98889,NW_019863130.1_98603_98889
LOC112058024,NW_019862770.1,-,A5SS_short,2.08E-06,0.202,1666358,1666690,NW_019862770.1_1666358_1666690
LOC112050198,NW_019863012.1,-,A5SS_short,0.0058063,0.068,246340,247309,NW_019863012.1_246340_247309
LOC112046233,NW_019862752.1,+,A5SS_short,0.043933314,0.088,2592606,2592918,NW_019862752.1_2592606_2592918
LOC112042935,NW_019862782.1,-,A5SS_short,0.000515434,-0.386,1157028,1157414,NW_019862782.1_1157028_1157414
LOC112054724,NW_019863402.1,+,A5SS_short,0.005680198,-0.615,27961,28299,NW_019863402.1_27961_28299
LOC112053562,NW_019863253.1,+,A5SS_short,4.04E-10,-0.099,175457,175782,NW_019863253.1_175457_175782
LOC112054260,NW_019862761.1,-,A5SS_short,0.014232145,0.17,343303,343995,NW_019862761.1_343303_343995
LOC112055061,NW_019863453.1,-,A5SS_short,0.023823295,0.028,99921,100497,NW_019863453.1_99921_100497
LOC112055061,NW_019863453.1,-,A5SS_short,5.07E-13,0.116,102899,103402,NW_019863453.1_102899_103402
LOC112047494,NW_019862894.1,-,A5SS_short,5.13E-05,0.32,462680,463085,NW_019862894.1_462680_463085
LOC112055968,NW_019863669.1,-,A5SS_short,0.00051653,-0.034,17018,17358,NW_019863669.1_17018_17358
LOC112048434,NW_019862930.1,+,A5SS_short,0.008702263,-0.131,451550,451875,NW_019862930.1_451550_451875
LOC112057757,NW_019862766.1,+,A5SS_short,0.000341631,-0.065,165443,165767,NW_019862766.1_165443_165767
LOC112057757,NW_019862766.1,+,A5SS_short,0,-0.234,165443,165780,NW_019862766.1_165443_165780
LOC112047068,NW_019862881.1,+,A5SS_short,0.016871728,0.172,108107,108408,NW_019862881.1_108107_108408
LOC112044311,NW_019862806.1,+,A5SS_short,0.00418893,0.058,803851,804528,NW_019862806.1_803851_804528
LOC112048594,NW_019862936.1,-,A5SS_short,0.004006187,-0.033,293924,294247,NW_019862936.1_293924_294247
LOC112049011,NW_019862755.1,+,A5SS_short,0.000204338,0.084,2070031,2071806,NW_019862755.1_2070031_2071806
LOC112055831,NW_019863630.1,+,A5SS_short,0.044636955,-0.035,53493,53829,NW_019863630.1_53493_53829
LOC112047001,NW_019862880.1,+,A5SS_short,0.003767911,-0.11,349710,350016,NW_019862880.1_349710_350016
LOC112047183,NW_019862883.1,-,A5SS_short,0.000321123,0.484,621120,621441,NW_019862883.1_621120_621441
LOC112050345,NW_019863018.1,-,A5SS_short,3.74E-06,0.066,320017,320277,NW_019863018.1_320017_320277
LOC112046714,NW_019862869.1,-,A5SS_short,0,-0.109,199861,200217,NW_019862869.1_199861_200217
LOC112058072,NW_019862771.1,+,A5SS_short,1.73E-13,0.091,503506,503786,NW_019862771.1_503506_503786
LOC112047793,NW_019862904.1,-,A5SS_short,0.000733985,0.048,1353660,1353917,NW_019862904.1_1353660_1353917
LOC112043136,NW_019862786.1,+,A5SS_short,0.038186525,-0.059,342483,342822,NW_019862786.1_342483_342822
LOC112048189,NW_019862920.1,-,A5SS_short,0.032344836,-0.158,611219,611541,NW_019862920.1_611219_611541
LOC112051967,NW_019863116.1,+,A5SS_short,0.000636877,0.303,170291,170656,NW_019863116.1_170291_170656
LOC112044658,NW_019862815.1,-,A5SS_short,5.14E-11,-0.217,68093,68404,NW_019862815.1_68093_68404
LOC112055679,NW_019863585.1,-,A5SS_short,1.95E-12,-0.092,32967,33388,NW_019863585.1_32967_33388
LOC112043866,NW_019862799.1,+,A5SS_short,0.019939209,-0.071,1262731,1263223,NW_019862799.1_1262731_1263223
LOC112055094,NW_019863458.1,+,A5SS_short,0.003658899,0.076,2885,3173,NW_019863458.1_2885_3173
LOC112047260,NW_019862886.1,+,A5SS_short,0.003516478,-0.365,665594,666200,NW_019862886.1_665594_666200
LOC112047260,NW_019862886.1,+,A5SS_short,0.00923943,-0.295,665594,666200,NW_019862886.1_665594_666200
LOC112058494,NW_019862749.1,-,A5SS_short,0.007459725,0.033,1792890,1793918,NW_019862749.1_1792890_1793918
LOC112046228,NW_019862850.1,+,A5SS_short,0.00144896,-0.484,554619,554997,NW_019862850.1_554619_554997
LOC112052436,NW_019863148.1,-,A5SS_short,7.19E-05,0.489,64747,65016,NW_019863148.1_64747_65016
LOC112043721,NW_019862795.1,+,A5SS_short,0.002388527,0.573,1103212,1103637,NW_019862795.1_1103212_1103637
LOC112053364,NW_019863233.1,-,A5SS_short,0.00037592,0.174,156982,157260,NW_019863233.1_156982_157260
LOC112047533,NW_019862896.1,+,A5SS_short,0.001952938,0.182,344575,345385,NW_019862896.1_344575_345385
LOC112045981,NW_019862845.1,+,A5SS_short,8.45E-07,-0.072,907104,907753,NW_019862845.1_907104_907753
LOC112054176,NW_019863326.1,-,A5SS_short,2.04E-05,0.035,57868,58198,NW_019863326.1_57868_58198
LOC112054176,NW_019863326.1,-,A5SS_short,3.14E-08,0.058,57868,58198,NW_019863326.1_57868_58198
LOC112048134,NW_019862918.1,+,A5SS_short,5.90E-14,0.051,629359,629774,NW_019862918.1_629359_629774
LOC112047227,NW_019862884.1,+,A5SS_short,0.001881377,0.164,701312,701610,NW_019862884.1_701312_701610
LOC112045025,NW_019862822.1,-,A5SS_short,0.000818328,0.074,1037531,1037856,NW_019862822.1_1037531_1037856
LOC112048621,NW_019862937.1,-,A5SS_short,0.00023877,-0.031,224762,225102,NW_019862937.1_224762_225102
LOC112049212,NW_019862963.1,+,A5SS_short,0.045782151,0.114,375408,378959,NW_019862963.1_375408_378959
LOC112053485,NW_019863245.1,+,A5SS_short,0.034959771,-0.034,144720,145058,NW_019863245.1_144720_145058
LOC112053485,NW_019863245.1,+,A5SS_short,0.024302553,-0.116,144720,145058,NW_019863245.1_144720_145058
LOC112053485,NW_019863245.1,+,A5SS_short,0.04447973,-0.13,144720,145058,NW_019863245.1_144720_145058
LOC112043493,NW_019862791.1,+,A5SS_short,9.28E-08,-0.404,1449488,1449828,NW_019862791.1_1449488_1449828
LOC112043476,NW_019862791.1,-,A5SS_short,3.50E-09,-0.02,424692,424983,NW_019862791.1_424692_424983
LOC112056584,NW_019863889.1,-,A5SS_short,0.005445374,-0.263,19188,19509,NW_019863889.1_19188_19509
LOC112051137,NW_019863064.1,+,A5SS_short,8.27E-12,0.045,229676,230075,NW_019863064.1_229676_230075
LOC112051137,NW_019863064.1,+,A5SS_short,7.43E-12,0.119,238534,238918,NW_019863064.1_238534_238918
LOC112043629,NW_019862793.1,+,A5SS_short,0,0.955,1128270,1128630,NW_019862793.1_1128270_1128630
LOC112053753,NW_019863278.1,+,A5SS_short,0.023823295,-0.075,114326,114733,NW_019863278.1_114326_114733
LOC112053860,NW_019863289.1,+,A5SS_short,0.006952204,0.052,168333,168764,NW_019863289.1_168333_168764
LOC112052463,NW_019863150.1,+,A5SS_short,0.008690711,-0.439,300589,300912,NW_019863150.1_300589_300912
LOC112045908,NW_019862843.1,-,A5SS_short,0.004206863,-0.05,324626,325016,NW_019862843.1_324626_325016
LOC112051098,NW_019863063.1,+,A5SS_short,0.009527671,0.042,156600,157201,NW_019863063.1_156600_157201
LOC112051888,NW_019863109.1,+,A5SS_short,0.014554335,-0.329,236617,237042,NW_019863109.1_236617_237042
LOC112055605,NW_019863560.1,-,A5SS_short,0,-0.439,79400,79894,NW_019863560.1_79400_79894
LOC112050193,NW_019862748.1,+,A5SS_short,0,0.852,330842,331290,NW_019862748.1_330842_331290
LOC112051765,NW_019863101.1,+,A5SS_short,0,0.165,244093,244452,NW_019863101.1_244093_244452
LOC112051765,NW_019863101.1,+,A5SS_short,0,0.477,244093,244452,NW_019863101.1_244093_244452
LOC112051765,NW_019863101.1,+,A5SS_short,1.03E-12,-0.5,244385,244708,NW_019863101.1_244385_244708
LOC112051765,NW_019863101.1,+,A5SS_short,0.044438461,-0.325,244385,244708,NW_019863101.1_244385_244708
LOC112051765,NW_019863101.1,+,A5SS_short,8.61E-11,0.467,244385,244832,NW_019863101.1_244385_244832
LOC112053903,NW_019862760.1,-,A5SS_short,0.000895362,0.13,1789618,1789963,NW_019862760.1_1789618_1789963
LOC112053236,NW_019863219.1,+,A5SS_short,0.011775176,0.035,221634,222060,NW_019863219.1_221634_222060
LOC112051576,NW_019863090.1,-,A5SS_short,0.018106713,-0.038,58054,58286,NW_019863090.1_58054_58286
LOC112051576,NW_019863090.1,-,A5SS_short,0.020083733,-0.036,58054,58286,NW_019863090.1_58054_58286
LOC112051433,NW_019863082.1,+,A5SS_short,0.016278608,-0.205,333933,334337,NW_019863082.1_333933_334337
LOC112047372,NW_019862890.1,+,A5SS_short,6.61E-05,0.132,368580,369123,NW_019862890.1_368580_369123
LOC112050825,NW_019863045.1,+,A5SS_short,0.003047521,0.116,379480,379833,NW_019863045.1_379480_379833
LOC112043798,NW_019862798.1,+,A5SS_short,0.023454012,0.119,55186,55496,NW_019862798.1_55186_55496
LOC112051702,NW_019863098.1,+,A5SS_short,0.000186081,-0.047,303240,303648,NW_019863098.1_303240_303648
LOC112046720,NW_019862748.1,+,A5SS_short,0.000618828,0.034,1904594,1904916,NW_019862748.1_1904594_1904916
LOC112051042,NW_019862748.1,-,A5SS_short,1.93E-10,0.14,367861,368529,NW_019862748.1_367861_368529
LOC112051042,NW_019862748.1,-,A5SS_short,0,0.546,367982,368529,NW_019862748.1_367982_368529
LOC112058414,NW_019862776.1,-,A5SS_short,1.42E-06,-0.198,690129,690477,NW_019862776.1_690129_690477
LOC112053764,NW_019863280.1,+,A5SS_short,0.009786174,0.023,208647,208908,NW_019863280.1_208647_208908
LOC112047044,NW_019862881.1,+,A5SS_short,0.003495805,0.039,305747,306104,NW_019862881.1_305747_306104
LOC112047044,NW_019862881.1,+,A5SS_short,1.70E-11,0.127,315806,316158,NW_019862881.1_315806_316158
LOC112051951,NW_019862758.1,-,A5SS_short,1.18E-06,-0.095,2123181,2123444,NW_019862758.1_2123181_2123444
LOC112051951,NW_019862758.1,-,A5SS_short,1.61E-06,-0.185,2123181,2123444,NW_019862758.1_2123181_2123444
LOC112051951,NW_019862758.1,-,A5SS_short,1.73E-06,-0.184,2123181,2123444,NW_019862758.1_2123181_2123444
LOC112051951,NW_019862758.1,-,A5SS_short,1.75E-06,-0.174,2123181,2123444,NW_019862758.1_2123181_2123444
LOC112051951,NW_019862758.1,-,A5SS_short,6.71E-07,-0.157,2123181,2123444,NW_019862758.1_2123181_2123444
LOC112046043,NW_019862846.1,-,A5SS_short,0.001410638,0.028,293905,294216,NW_019862846.1_293905_294216
LOC112043332,NW_019862749.1,-,A5SS_short,0.023823295,0.187,2337491,2337825,NW_019862749.1_2337491_2337825
LOC112048265,NW_019862923.1,+,A5SS_short,6.04E-12,-0.295,258151,258471,NW_019862923.1_258151_258471
LOC112045388,NW_019862831.1,-,A5SS_short,0.028610678,0.32,71232,71628,NW_019862831.1_71232_71628
LOC112049761,NW_019862988.1,+,A5SS_short,3.40E-05,-0.063,57783,58297,NW_019862988.1_57783_58297
LOC112057797,NW_019862766.1,+,A5SS_short,0.023296968,-0.021,370268,370637,NW_019862766.1_370268_370637
LOC112050044,NW_019863003.1,-,A5SS_short,0.000123992,-0.046,178596,178992,NW_019863003.1_178596_178992
LOC112050044,NW_019863003.1,-,A5SS_short,0,-0.164,178597,178992,NW_019863003.1_178597_178992
LOC112050044,NW_019863003.1,-,A5SS_short,8.68E-07,-0.152,178649,178992,NW_019863003.1_178649_178992
LOC112050044,NW_019863003.1,-,A5SS_short,0.0008591,0.067,178649,178992,NW_019863003.1_178649_178992
LOC112048866,NW_019862948.1,-,A5SS_short,0.00025065,0.166,78353,78698,NW_019862948.1_78353_78698
LOC112048866,NW_019862948.1,-,A5SS_short,0.001324416,0.023,139684,140006,NW_019862948.1_139684_140006
LOC112046844,NW_019862873.1,+,A5SS_short,0.03189703,-0.033,171575,172067,NW_019862873.1_171575_172067
LOC112046844,NW_019862873.1,+,A5SS_short,0.026575516,0.045,178188,178719,NW_019862873.1_178188_178719
LOC112049074,NW_019862958.1,-,A5SS_short,0.007214573,-0.084,28283,28558,NW_019862958.1_28283_28558
LOC112049074,NW_019862958.1,-,A5SS_short,6.34E-10,-0.308,65728,66092,NW_019862958.1_65728_66092
LOC112052180,NW_019863132.1,-,A5SS_short,4.71E-05,-0.033,286515,286953,NW_019863132.1_286515_286953
LOC112052180,NW_019863132.1,-,A5SS_short,1.86E-11,-0.049,288968,289395,NW_019863132.1_288968_289395
LOC112047330,NW_019862888.1,+,A5SS_short,0.019457513,0.072,320157,320448,NW_019862888.1_320157_320448
LOC112043473,NW_019862750.1,+,A5SS_short,3.22E-06,0.259,370606,371017,NW_019862750.1_370606_371017
LOC112054536,NW_019863371.1,-,A5SS_short,5.78E-05,0.027,107204,107644,NW_019863371.1_107204_107644
LOC112053800,NW_019863283.1,-,A5SS_short,0,0.096,206565,206975,NW_019863283.1_206565_206975
LOC112045305,NW_019862828.1,+,A5SS_short,0.001411817,-0.209,735146,735824,NW_019862828.1_735146_735824
LOC112046722,NW_019862869.1,-,A5SS_short,0.000473951,-0.052,79310,79595,NW_019862869.1_79310_79595
LOC112058013,NW_019862770.1,-,A5SS_short,0.000796961,-0.092,1744435,1744836,NW_019862770.1_1744435_1744836
LOC112050771,NW_019863042.1,+,A5SS_short,1.24E-05,-0.14,323354,323686,NW_019863042.1_323354_323686
LOC112054510,NW_019863368.1,+,A5SS_short,0.001140838,-0.047,58589,59008,NW_019863368.1_58589_59008
LOC112052601,NW_019863161.1,-,A5SS_short,1.27E-06,-0.012,219798,220137,NW_019863161.1_219798_220137
LOC112050343,NW_019863018.1,+,A5SS_short,3.08E-05,-0.122,286874,287291,NW_019863018.1_286874_287291
LOC112055740,NW_019862762.1,-,A5SS_short,2.87E-10,0.429,1941226,1941596,NW_019862762.1_1941226_1941596
LOC112055740,NW_019862762.1,-,A5SS_short,0.000460378,0.043,1943994,1944289,NW_019862762.1_1943994_1944289
LOC112055727,NW_019862762.1,+,A5SS_short,0,-0.041,1911106,1911431,NW_019862762.1_1911106_1911431
LOC112049090,NW_019862958.1,+,A5SS_short,0.011781022,0.028,141742,142134,NW_019862958.1_141742_142134
LOC112046893,NW_019862874.1,-,A5SS_short,3.13E-08,0.091,182530,182866,NW_019862874.1_182530_182866
LOC112046634,NW_019862864.1,-,A5SS_short,0.033778799,0.042,664278,664636,NW_019862864.1_664278_664636
LOC112046309,NW_019862752.1,+,A5SS_short,0.041522336,-0.054,2671099,2671462,NW_019862752.1_2671099_2671462
LOC112045055,NW_019862823.1,-,A5SS_short,0.000551236,0.027,395387,395636,NW_019862823.1_395387_395636
LOC112045055,NW_019862823.1,-,A5SS_short,1.40E-05,0.246,395387,395636,NW_019862823.1_395387_395636
LOC112045055,NW_019862823.1,-,A5SS_short,0.00085549,-0.022,405265,405790,NW_019862823.1_405265_405790
LOC112045055,NW_019862823.1,-,A5SS_short,0.000685033,-0.024,405265,405790,NW_019862823.1_405265_405790
LOC112045055,NW_019862823.1,-,A5SS_short,0,0.081,420968,421446,NW_019862823.1_420968_421446
LOC112045759,NW_019862752.1,-,A5SS_short,0.000168437,-0.083,1186836,1187171,NW_019862752.1_1186836_1187171
LOC112045501,NW_019862752.1,-,A5SS_short,0.000253799,-0.325,548610,548954,NW_019862752.1_548610_548954
LOC112050084,NW_019863005.1,+,A5SS_short,0.006335343,0.324,245326,245652,NW_019863005.1_245326_245652
LOC112051559,NW_019862758.1,-,A5SS_short,0.047337109,0.44,553286,553648,NW_019862758.1_553286_553648
LOC112051559,NW_019862758.1,-,A5SS_short,0,0.767,668610,669072,NW_019862758.1_668610_669072
LOC112055832,NW_019862762.1,+,A5SS_short,0.004985543,0.018,2133034,2133294,NW_019862762.1_2133034_2133294
LOC112047547,NW_019862896.1,+,A5SS_short,0.000283044,-0.049,486665,486896,NW_019862896.1_486665_486896
LOC112053871,NW_019863290.1,-,A5SS_short,2.02E-12,0.08,153438,153841,NW_019863290.1_153438_153841
LOC112053472,NW_019863243.1,-,A5SS_short,0.002254288,-0.052,204665,205046,NW_019863243.1_204665_205046
LOC112044489,NW_019862810.1,-,A5SS_short,2.79E-11,0.021,693984,694328,NW_019862810.1_693984_694328
LOC112053282,NW_019863224.1,-,A5SS_short,0.014999944,-0.234,114986,115375,NW_019863224.1_114986_115375
LOC112050417,NW_019862756.1,+,A5SS_short,0.000248052,-0.047,1853173,1853396,NW_019862756.1_1853173_1853396
LOC112050417,NW_019862756.1,+,A5SS_short,8.42E-07,-0.64,1853173,1853396,NW_019862756.1_1853173_1853396
LOC112051407,NW_019863081.1,+,A5SS_short,0.00053969,-0.188,11752,12310,NW_019863081.1_11752_12310
LOC112055826,NW_019863625.1,-,A5SS_short,0.001400694,-0.077,36563,36931,NW_019863625.1_36563_36931
LOC112055826,NW_019863625.1,-,A5SS_short,0.008539442,-0.503,60974,61280,NW_019863625.1_60974_61280
LOC112044859,NW_019862751.1,-,A5SS_short,0.006988914,0.148,1556676,1556994,NW_019862751.1_1556676_1556994
LOC112044859,NW_019862751.1,-,A5SS_short,0.016871728,0.282,1556687,1556994,NW_019862751.1_1556687_1556994
LOC112044703,NW_019862751.1,+,A5SS_short,0,-0.029,1009448,1009842,NW_019862751.1_1009448_1009842
LOC112044703,NW_019862751.1,+,A5SS_short,0,-0.029,1009448,1009842,NW_019862751.1_1009448_1009842
LOC112056840,NW_019864020.1,+,A5SS_short,7.50E-08,0.014,20770,21040,NW_019864020.1_20770_21040
LOC112056840,NW_019864020.1,+,A5SS_short,0.000221405,0.248,20770,21073,NW_019864020.1_20770_21073
LOC112055739,NW_019863599.1,-,A5SS_short,0,0.679,112602,112925,NW_019863599.1_112602_112925
LOC112045119,NW_019862751.1,+,A5SS_short,0.036159753,0.065,2727090,2727429,NW_019862751.1_2727090_2727429
LOC112047899,NW_019862908.1,-,A5SS_short,0,0.238,454884,455206,NW_019862908.1_454884_455206
LOC112047899,NW_019862908.1,-,A5SS_short,0,0.299,454884,455213,NW_019862908.1_454884_455213
LOC112058369,NW_019862775.1,-,A5SS_short,1.97E-06,-0.288,1374872,1375165,NW_019862775.1_1374872_1375165
LOC112053443,NW_019862760.1,+,A5SS_short,0.045072112,0.132,52244,52525,NW_019862760.1_52244_52525
LOC112045850,NW_019862842.1,+,A5SS_short,0.000787061,0.102,589962,590355,NW_019862842.1_589962_590355
LOC112049588,NW_019862980.1,-,A5SS_short,9.64E-05,0.2,90917,91279,NW_019862980.1_90917_91279
LOC112050646,NW_019863035.1,+,A5SS_short,0.000824825,0.1,357359,357799,NW_019863035.1_357359_357799
LOC112054216,NW_019863330.1,-,A5SS_short,7.14E-07,-0.132,180290,180602,NW_019863330.1_180290_180602
LOC112045951,NW_019862844.1,-,A5SS_short,0,0.077,947901,948217,NW_019862844.1_947901_948217
LOC112049870,NW_019862756.1,-,A5SS_short,0.003883083,0.022,648354,648657,NW_019862756.1_648354_648657
LOC112050499,NW_019863026.1,+,A5SS_short,8.45E-06,-0.049,300164,300436,NW_019863026.1_300164_300436
LOC112046878,NW_019862874.1,+,A5SS_short,0.0027799,-0.019,164997,165306,NW_019862874.1_164997_165306
LOC112043853,NW_019862799.1,-,A5SS_short,0.000855057,-0.065,850355,850621,NW_019862799.1_850355_850621
LOC112052988,NW_019862759.1,-,A5SS_short,0.012563025,-0.095,1293747,1294272,NW_019862759.1_1293747_1294272
LOC112044316,NW_019862806.1,+,A5SS_short,1.76E-05,-0.109,1118842,1119111,NW_019862806.1_1118842_1119111
LOC112044316,NW_019862806.1,+,A5SS_short,2.43E-05,-0.095,1118842,1119111,NW_019862806.1_1118842_1119111
LOC112052165,NW_019863131.1,-,A5SS_short,0.022749477,-0.037,126409,126664,NW_019863131.1_126409_126664
LOC112052165,NW_019863131.1,-,A5SS_short,2.22E-09,-0.139,127570,127912,NW_019863131.1_127570_127912
LOC112044076,NW_019862803.1,-,A5SS_short,7.75E-06,-0.206,44763,45062,NW_019862803.1_44763_45062
LOC112044076,NW_019862803.1,-,A5SS_short,0.000212653,-0.191,44969,45367,NW_019862803.1_44969_45367
LOC112044076,NW_019862803.1,-,A5SS_short,0.004838819,-0.157,44969,45367,NW_019862803.1_44969_45367
LOC112044076,NW_019862803.1,-,A5SS_short,0.000211573,-0.189,44969,45367,NW_019862803.1_44969_45367
LOC112048433,NW_019862930.1,+,A5SS_short,1.41E-07,0.595,423446,423793,NW_019862930.1_423446_423793
LOC112048433,NW_019862930.1,+,A5SS_short,0.045738247,0.017,423446,423793,NW_019862930.1_423446_423793
LOC112046256,NW_019862852.1,+,A5SS_short,0.023823295,0.021,834913,835327,NW_019862852.1_834913_835327
LOC112053467,NW_019863243.1,+,A5SS_short,1.21E-09,0.659,167798,168153,NW_019863243.1_167798_168153
LOC112058550,NW_019862778.1,-,A5SS_short,0,0.108,1103134,1103464,NW_019862778.1_1103134_1103464
LOC112050612,NW_019863033.1,-,A5SS_short,2.15E-05,0.19,351499,352042,NW_019863033.1_351499_352042
LOC112051523,NW_019863087.1,+,A5SS_short,5.02E-12,-0.074,179021,179357,NW_019863087.1_179021_179357
LOC112051523,NW_019863087.1,+,A5SS_short,4.63E-12,-0.075,179021,179357,NW_019863087.1_179021_179357
LOC112051523,NW_019863087.1,+,A5SS_short,5.02E-12,-0.074,179021,179357,NW_019863087.1_179021_179357
LOC112057820,NW_019862767.1,+,A5SS_short,0.000107284,-0.467,237356,237738,NW_019862767.1_237356_237738
LOC112051946,NW_019863113.1,+,A5SS_short,4.90E-05,-0.206,277844,278206,NW_019863113.1_277844_278206
LOC112049622,NW_019862981.1,+,A5SS_short,0.046700676,0.044,113154,113440,NW_019862981.1_113154_113440
LOC112053160,NW_019863213.1,-,A5SS_short,3.34E-05,0.063,183827,184314,NW_019863213.1_183827_184314
LOC112056515,NW_019863856.1,-,A5SS_short,0.000476292,-0.061,33983,34326,NW_019863856.1_33983_34326
LOC112051195,NW_019863068.1,+,A5SS_short,0.028485863,-0.043,238895,239182,NW_019863068.1_238895_239182
LOC112051663,NW_019863094.1,+,A5SS_short,0.003143712,0.079,282150,282493,NW_019863094.1_282150_282493
LOC112053596,NW_019863259.1,+,A5SS_short,5.40E-07,0.485,293546,293823,NW_019863259.1_293546_293823
LOC112053997,NW_019863304.1,-,A5SS_short,0.000166565,-0.131,106139,106400,NW_019863304.1_106139_106400
LOC112053997,NW_019863304.1,-,A5SS_short,0.002209886,-0.053,106139,106400,NW_019863304.1_106139_106400
LOC112050425,NW_019863022.1,+,A5SS_short,1.74E-05,0.241,290790,291110,NW_019863022.1_290790_291110
LOC112058421,NW_019862749.1,+,A5SS_short,0.023624099,0.036,871797,872169,NW_019862749.1_871797_872169
LOC112044077,NW_019862803.1,+,A5SS_short,0.000860663,-0.065,138963,139386,NW_019862803.1_138963_139386
LOC112045883,NW_019862843.1,-,A5SS_short,0.014213571,-0.081,252412,252772,NW_019862843.1_252412_252772
LOC112042919,NW_019862749.1,+,A5SS_short,0.003772151,-0.037,2344799,2345115,NW_019862749.1_2344799_2345115
LOC112042919,NW_019862749.1,+,A5SS_short,0.015689186,-0.035,2344799,2345115,NW_019862749.1_2344799_2345115
LOC112057895,NW_019862768.1,-,A5SS_short,0.044225948,-0.026,1513670,1514190,NW_019862768.1_1513670_1514190
LOC112047329,NW_019862888.1,+,A5SS_short,0.031957146,-0.052,285474,285760,NW_019862888.1_285474_285760
nbis-pseudo124,NW_019863358.1,-,A5SS_short,0.014554335,-0.066,25741,26219,NW_019863358.1_25741_26219
LOC112052834,NW_019863180.1,-,A5SS_short,0.005038422,0.067,221323,221618,NW_019863180.1_221323_221618
LOC112046137,NW_019862848.1,-,A5SS_short,0.001324416,-0.471,259803,260127,NW_019862848.1_259803_260127
LOC112058078,NW_019862771.1,+,A5SS_short,0.013700038,-0.321,745424,745842,NW_019862771.1_745424_745842
LOC112047433,NW_019862893.1,-,A5SS_short,0.00138609,-0.046,376404,376676,NW_019862893.1_376404_376676
LOC112047433,NW_019862893.1,-,A5SS_short,2.09E-05,-0.117,376404,376676,NW_019862893.1_376404_376676
LOC112043045,NW_019862784.1,+,A5SS_short,0.000200856,0.177,1528914,1529343,NW_019862784.1_1528914_1529343
LOC112043045,NW_019862784.1,+,A5SS_short,6.71E-07,0.104,1528914,1529393,NW_019862784.1_1528914_1529393
LOC112049949,NW_019862998.1,-,A5SS_short,8.57E-05,0.248,127194,127847,NW_019862998.1_127194_127847
LOC112046947,NW_019862878.1,-,A5SS_short,0.042064384,0.02,1038763,1039105,NW_019862878.1_1038763_1039105
LOC112050798,NW_019863043.1,-,A5SS_short,0.019364292,0.014,349574,349916,NW_019863043.1_349574_349916
LOC112055476,NW_019863529.1,-,A5SS_short,3.72E-05,0.436,88909,89289,NW_019863529.1_88909_89289
LOC112045475,NW_019862752.1,-,A5SS_short,0.031637983,0.138,530802,531097,NW_019862752.1_530802_531097
LOC112045475,NW_019862752.1,-,A5SS_short,0.010884752,0.048,530802,531097,NW_019862752.1_530802_531097
LOC112045475,NW_019862752.1,-,A5SS_short,0.043933314,0.137,530802,531097,NW_019862752.1_530802_531097
LOC112044138,NW_019862804.1,+,A5SS_short,1.15E-09,-0.133,39455,39776,NW_019862804.1_39455_39776
LOC112046894,NW_019862874.1,+,A5SS_short,1.83E-06,0.05,271770,272133,NW_019862874.1_271770_272133
LOC112048012,NW_019862912.1,+,A5SS_short,0.026787384,-0.042,102062,102349,NW_019862912.1_102062_102349
LOC112058371,NW_019862775.1,-,A5SS_short,0,0.095,1415909,1416286,NW_019862775.1_1415909_1416286
LOC112050295,NW_019863016.1,-,A5SS_short,5.90E-14,0.16,419026,419331,NW_019863016.1_419026_419331
LOC112049491,NW_019862976.1,-,A5SS_short,0.001052544,-0.106,66783,67110,NW_019862976.1_66783_67110
LOC112055953,NW_019863664.1,+,A5SS_short,0.000277389,0.103,11374,11793,NW_019863664.1_11374_11793
LOC112046483,NW_019862858.1,-,A5SS_short,0.000187658,-0.043,133228,133769,NW_019862858.1_133228_133769
LOC112057881,NW_019862768.1,-,A5SS_short,0.00107266,0.038,955683,956203,NW_019862768.1_955683_956203
LOC112057881,NW_019862768.1,-,A5SS_short,4.56E-07,0.647,955899,956203,NW_019862768.1_955899_956203
LOC112057881,NW_019862768.1,-,A5SS_short,0.000195336,0.196,955899,956203,NW_019862768.1_955899_956203
LOC112057881,NW_019862768.1,-,A5SS_short,0,-0.422,955906,956203,NW_019862768.1_955906_956203
LOC112057881,NW_019862768.1,-,A5SS_short,4.21E-06,0.148,955899,956203,NW_019862768.1_955899_956203
LOC112057881,NW_019862768.1,-,A5SS_short,0,-0.447,955906,956203,NW_019862768.1_955906_956203
LOC112057881,NW_019862768.1,-,A5SS_short,0.014938276,0.353,955899,956203,NW_019862768.1_955899_956203
LOC112057881,NW_019862768.1,-,A5SS_short,0,-0.868,955906,956203,NW_019862768.1_955906_956203
LOC112057939,NW_019862769.1,-,A5SS_short,0.000187429,0.081,659373,659943,NW_019862769.1_659373_659943
LOC112057889,NW_019862768.1,+,A5SS_short,0.032062511,-0.153,1205465,1205809,NW_019862768.1_1205465_1205809
LOC112051694,NW_019863098.1,-,A5SS_short,0.000998792,0.023,352143,352442,NW_019863098.1_352143_352442
LOC112046487,NW_019862859.1,-,A5SS_short,3.00E-07,-0.622,290243,290681,NW_019862859.1_290243_290681
LOC112046487,NW_019862859.1,-,A5SS_short,8.11E-07,-0.723,290264,290681,NW_019862859.1_290264_290681
LOC112046487,NW_019862859.1,-,A5SS_short,0.000671088,-0.513,290400,290681,NW_019862859.1_290400_290681
LOC112046487,NW_019862859.1,-,A5SS_short,8.00E-06,0.513,290247,290681,NW_019862859.1_290247_290681
LOC112046487,NW_019862859.1,-,A5SS_short,3.58E-06,-0.594,290264,290681,NW_019862859.1_290264_290681
LOC112046487,NW_019862859.1,-,A5SS_short,0.001811294,-0.484,290400,290681,NW_019862859.1_290400_290681
LOC112057834,NW_019862767.1,+,A5SS_short,0.042236414,0.027,885969,886345,NW_019862767.1_885969_886345
LOC112053451,NW_019863242.1,-,A5SS_short,0,-0.181,164531,164838,NW_019863242.1_164531_164838
LOC112052141,NW_019863130.1,-,A5SS_short,0.007714393,0.224,98603,98889,NW_019863130.1_98603_98889
LOC112051202,NW_019863068.1,+,A5SS_short,0.004646576,0.049,361152,361489,NW_019863068.1_361152_361489
LOC112048398,NW_019862929.1,+,A5SS_short,0.002235655,0.069,269770,270197,NW_019862929.1_269770_270197
LOC112048398,NW_019862929.1,+,A5SS_short,0.002564288,0.069,269909,270197,NW_019862929.1_269909_270197
LOC112048398,NW_019862929.1,+,A5SS_short,0.002235655,0.069,269909,270197,NW_019862929.1_269909_270197
LOC112048544,NW_019862934.1,+,A5SS_short,0.000314079,-0.519,287939,288333,NW_019862934.1_287939_288333
LOC112043877,NW_019862799.1,+,A5SS_short,0.002209886,0.142,817943,818225,NW_019862799.1_817943_818225
LOC112043877,NW_019862799.1,+,A5SS_short,0.000257854,0.161,817943,818225,NW_019862799.1_817943_818225
LOC112043877,NW_019862799.1,+,A5SS_short,0.000946693,0.149,817943,818225,NW_019862799.1_817943_818225
LOC112045186,NW_019862825.1,-,A5SS_short,0.009690876,-0.013,214477,214937,NW_019862825.1_214477_214937
LOC112058539,NW_019862778.1,-,A5SS_short,0.016821003,-0.197,1035586,1035809,NW_019862778.1_1035586_1035809
LOC112049503,NW_019862976.1,-,A5SS_short,9.94E-06,-0.065,437867,438152,NW_019862976.1_437867_438152
LOC112057680,NW_019862765.1,+,A5SS_short,7.83E-06,-0.046,953448,953862,NW_019862765.1_953448_953862
LOC112051753,NW_019863101.1,+,A5SS_short,0.002585439,-0.03,17805,18204,NW_019863101.1_17805_18204
LOC112045952,NW_019862844.1,+,A5SS_short,1.27E-07,-0.267,279343,279712,NW_019862844.1_279343_279712
LOC112046481,NW_019862858.1,+,A5SS_short,4.35E-10,-0.064,148107,148501,NW_019862858.1_148107_148501
LOC112046481,NW_019862858.1,+,A5SS_short,0,-0.307,148107,148501,NW_019862858.1_148107_148501
LOC112046452,NW_019862857.1,-,A5SS_short,0.004361231,0.044,171679,172082,NW_019862857.1_171679_172082
LOC112045235,NW_019862827.1,+,A5SS_short,1.15E-05,0.066,904707,905119,NW_019862827.1_904707_905119
LOC112047844,NW_019862905.1,-,A5SS_short,0,0.02,640579,640994,NW_019862905.1_640579_640994
LOC112053371,NW_019863234.1,+,A5SS_short,0.000327371,0.248,138025,138483,NW_019863234.1_138025_138483
LOC112049025,NW_019862955.1,-,A5SS_short,0.046109069,-0.071,555860,556163,NW_019862955.1_555860_556163
LOC112049025,NW_019862955.1,-,A5SS_short,0.047855452,-0.071,555860,556163,NW_019862955.1_555860_556163
LOC112044884,NW_019862751.1,+,A5SS_short,4.90E-10,0.34,1680360,1680710,NW_019862751.1_1680360_1680710
LOC112045098,NW_019862823.1,-,A5SS_short,0.000232483,0.077,98031,98287,NW_019862823.1_98031_98287
LOC112045095,NW_019862823.1,-,A5SS_short,0.000671088,0.032,456996,457398,NW_019862823.1_456996_457398
LOC112054719,NW_019863402.1,-,A5SS_short,0.000190166,0.735,175130,175432,NW_019863402.1_175130_175432
LOC112049893,NW_019862996.1,-,A5SS_short,0.001266706,-0.035,423239,423535,NW_019862996.1_423239_423535
LOC112047440,NW_019862893.1,+,A5SS_short,0.039656363,0.037,386402,386670,NW_019862893.1_386402_386670
LOC112047440,NW_019862893.1,+,A5SS_short,0.039075445,0.037,386402,386670,NW_019862893.1_386402_386670
LOC112047440,NW_019862893.1,+,A5SS_short,0.039283303,0.037,386402,386670,NW_019862893.1_386402_386670
LOC112047440,NW_019862893.1,+,A5SS_short,0.042064384,0.036,386402,386670,NW_019862893.1_386402_386670
LOC112057963,NW_019862770.1,-,A5SS_short,0.02397202,0.265,46202,46623,NW_019862770.1_46202_46623
LOC112057896,NW_019862768.1,+,A5SS_short,0.005757185,-0.016,1518700,1519054,NW_019862768.1_1518700_1519054
LOC112055455,NW_019863526.1,-,A5SS_short,0,0.177,38759,39097,NW_019863526.1_38759_39097
LOC112047182,NW_019862883.1,+,A5SS_short,0.003940161,-0.303,59081,59405,NW_019862883.1_59081_59405
LOC112052328,NW_019863141.1,+,A5SS_short,4.10E-05,-0.192,50776,51386,NW_019863141.1_50776_51386
LOC112053642,NW_019863264.1,+,A5SS_short,0.00053969,-0.048,203351,203607,NW_019863264.1_203351_203607
LOC112053642,NW_019863264.1,+,A5SS_short,0.00880873,-0.044,203366,203607,NW_019863264.1_203366_203607
LOC112057716,NW_019862765.1,+,A5SS_short,0.033532386,-0.012,1727143,1727493,NW_019862765.1_1727143_1727493
LOC112053562,NW_019863253.1,+,A5SS_short,0.002440151,-0.242,175457,175771,NW_019863253.1_175457_175771
LOC112054297,NW_019863339.1,+,A5SS_short,0.013985843,-0.021,57286,57601,NW_019863339.1_57286_57601
LOC112045895,NW_019862843.1,+,A5SS_short,1.74E-05,0.035,351005,351501,NW_019862843.1_351005_351501
LOC112048334,NW_019862754.1,+,A5SS_short,0.000123568,0.03,2423179,2423443,NW_019862754.1_2423179_2423443
LOC112052594,NW_019863161.1,-,A5SS_short,0.017422371,0.035,305805,306223,NW_019863161.1_305805_306223
LOC112054929,NW_019863433.1,+,A5SS_short,0.000384727,-0.037,119589,119817,NW_019863433.1_119589_119817
LOC112055797,NW_019863615.1,-,A5SS_short,3.14E-06,-0.248,3239,3628,NW_019863615.1_3239_3628
LOC112055794,NW_019863615.1,+,A5SS_short,0.000244849,-0.119,34325,34657,NW_019863615.1_34325_34657
LOC112055794,NW_019863615.1,+,A5SS_short,0.00016983,-0.143,34325,34657,NW_019863615.1_34325_34657
LOC112044052,NW_019862802.1,+,A5SS_short,0.007423025,-0.046,974023,974413,NW_019862802.1_974023_974413
LOC112044052,NW_019862802.1,+,A5SS_short,1.17E-06,-0.249,974023,974413,NW_019862802.1_974023_974413
LOC112046441,NW_019862857.1,+,A5SS_short,0.01039145,0.147,288463,288729,NW_019862857.1_288463_288729
LOC112046504,NW_019862859.1,-,A5SS_short,1.46E-06,0.01,674537,674847,NW_019862859.1_674537_674847
LOC112043342,NW_019862788.1,-,A5SS_short,0.012105065,0.027,1324043,1324427,NW_019862788.1_1324043_1324427
LOC112046979,NW_019862879.1,+,A5SS_short,0.00569328,0.033,108932,109360,NW_019862879.1_108932_109360
LOC112047770,NW_019862904.1,+,A5SS_short,3.38E-05,-0.206,998382,998741,NW_019862904.1_998382_998741
LOC112046305,NW_019862854.1,+,A5SS_short,0.006403394,-0.034,516299,516676,NW_019862854.1_516299_516676
LOC112046305,NW_019862854.1,+,A5SS_short,0.023624099,0.061,516477,516870,NW_019862854.1_516477_516870
LOC112045809,NW_019862841.1,+,A5SS_short,0.014999944,0.124,810741,811021,NW_019862841.1_810741_811021
LOC112046247,NW_019862851.1,-,A5SS_short,0.003143712,0.011,678098,678522,NW_019862851.1_678098_678522
LOC112046711,NW_019862869.1,-,A5SS_short,1.79E-05,-0.035,188666,189204,NW_019862869.1_188666_189204
LOC112046314,NW_019862854.1,-,A5SS_short,0,0.039,537074,537443,NW_019862854.1_537074_537443
LOC112043215,NW_019862787.1,-,A5SS_short,0.004423266,-0.016,563632,563990,NW_019862787.1_563632_563990
LOC112043215,NW_019862787.1,-,A5SS_short,0.001881377,-0.021,563632,563990,NW_019862787.1_563632_563990
LOC112043215,NW_019862787.1,-,A5SS_short,0.0025166,-0.018,563632,563990,NW_019862787.1_563632_563990
LOC112046579,NW_019862862.1,+,A5SS_short,0.04840396,0.038,848573,849035,NW_019862862.1_848573_849035
LOC112053291,NW_019863225.1,-,A5SS_short,9.19E-05,-0.016,122636,122964,NW_019863225.1_122636_122964
LOC112052587,NW_019863160.1,+,A5SS_short,0.037345233,-0.024,129627,129972,NW_019863160.1_129627_129972
LOC112052587,NW_019863160.1,+,A5SS_short,0.046704409,-0.023,129627,129972,NW_019863160.1_129627_129972
LOC112052587,NW_019863160.1,+,A5SS_short,0.000248052,-0.406,129630,129895,NW_019863160.1_129630_129895
LOC112052587,NW_019863160.1,+,A5SS_short,0.000179603,-0.412,129630,129895,NW_019863160.1_129630_129895
LOC112052587,NW_019863160.1,+,A5SS_short,0.001036098,-0.343,129630,129895,NW_019863160.1_129630_129895
LOC112052587,NW_019863160.1,+,A5SS_short,0.000173189,-0.412,129630,129895,NW_019863160.1_129630_129895
LOC112052576,NW_019863160.1,-,A5SS_short,0.001881377,0.051,243779,244068,NW_019863160.1_243779_244068
LOC112051025,NW_019863057.1,-,A5SS_short,0.000422909,0.021,258749,259075,NW_019863057.1_258749_259075
LOC112052777,NW_019862759.1,-,A5SS_short,0.032282806,0.01,737205,737696,NW_019862759.1_737205_737696
LOC112049993,NW_019863001.1,+,A5SS_short,0.00024523,0.421,210881,211214,NW_019863001.1_210881_211214
LOC112051277,NW_019863071.1,+,A5SS_short,0.001893927,0.266,236418,236690,NW_019863071.1_236418_236690
LOC112054561,NW_019863375.1,+,A5SS_short,2.04E-05,0.046,163710,164065,NW_019863375.1_163710_164065
LOC112057549,NW_019866406.1,-,A5SS_short,0.00134487,0.543,1629,1941,NW_019866406.1_1629_1941
LOC112051386,NW_019863079.1,+,A5SS_short,0.007238179,0.005,69332,69647,NW_019863079.1_69332_69647
LOC112051386,NW_019863079.1,+,A5SS_short,4.38E-06,-0.021,69567,69807,NW_019863079.1_69567_69807
LOC112051386,NW_019863079.1,+,A5SS_short,0,-0.051,69567,69812,NW_019863079.1_69567_69812
LOC112053022,NW_019863197.1,+,A5SS_short,0.026689515,0.271,69936,70554,NW_019863197.1_69936_70554
LOC112045728,NW_019862839.1,-,A5SS_short,0.000714392,0.063,814057,814305,NW_019862839.1_814057_814305
LOC112049248,NW_019862965.1,-,A5SS_short,0.023823295,0.185,83570,83943,NW_019862965.1_83570_83943
LOC112055492,NW_019863535.1,-,A5SS_short,0.004838819,0.062,76090,76334,NW_019863535.1_76090_76334
LOC112058574,NW_019862778.1,-,A5SS_short,0.005861577,0.041,1350636,1350979,NW_019862778.1_1350636_1350979
LOC112043682,NW_019862794.1,+,A5SS_short,0,-0.066,1405006,1405218,NW_019862794.1_1405006_1405218
LOC112053525,NW_019863249.1,+,A5SS_short,2.27E-07,-0.293,80358,80724,NW_019863249.1_80358_80724
LOC112057752,NW_019862766.1,-,A5SS_short,0.000855057,-0.117,96338,96804,NW_019862766.1_96338_96804
LOC112051973,NW_019863117.1,-,A5SS_short,3.60E-07,-0.135,338606,338880,NW_019863117.1_338606_338880
LOC112051973,NW_019863117.1,-,A5SS_short,7.03E-05,0.04,340157,340618,NW_019863117.1_340157_340618
LOC112046468,NW_019862858.1,-,A5SS_short,2.08E-11,0.196,512187,512475,NW_019862858.1_512187_512475
LOC112056956,NW_019862764.1,-,A5SS_short,0.003097105,0.039,1083390,1083755,NW_019862764.1_1083390_1083755
LOC112047068,NW_019862881.1,+,A5SS_short,9.87E-11,0.246,106984,107391,NW_019862881.1_106984_107391
LOC112047068,NW_019862881.1,+,A5SS_short,0.024674682,-0.186,109927,110231,NW_019862881.1_109927_110231
LOC112047072,NW_019862881.1,+,A5SS_short,0.000216648,0.14,434668,434941,NW_019862881.1_434668_434941
LOC112049660,NW_019862756.1,+,A5SS_short,0.001282283,-0.086,183818,184184,NW_019862756.1_183818_184184
LOC112046682,NW_019862867.1,+,A5SS_short,0.004423266,0.071,16241,16550,NW_019862867.1_16241_16550
LOC112050047,NW_019863003.1,-,A5SS_short,1.47E-06,0.3,146792,147073,NW_019863003.1_146792_147073
LOC112050047,NW_019863003.1,-,A5SS_short,8.67E-07,0.065,146792,147073,NW_019863003.1_146792_147073
LOC112056176,NW_019863728.1,+,A5SS_short,1.45E-05,-0.069,72570,72946,NW_019863728.1_72570_72946
LOC112053895,NW_019863292.1,-,A5SS_short,0,0.046,29338,29670,NW_019863292.1_29338_29670
LOC112052373,NW_019862759.1,+,A5SS_short,0.00027013,-0.352,2029225,2029586,NW_019862759.1_2029225_2029586
LOC112046139,NW_019862849.1,+,A5SS_short,0.001742869,-0.513,752268,752613,NW_019862849.1_752268_752613
LOC112055153,NW_019863467.1,+,A5SS_short,0.00024523,-0.08,89882,90369,NW_019863467.1_89882_90369
LOC112051501,NW_019863086.1,-,A5SS_short,0.000708677,0.08,252311,252599,NW_019863086.1_252311_252599
LOC112057570,NW_019862748.1,-,A5SS_short,0.001219829,-0.025,511256,511692,NW_019862748.1_511256_511692
LOC112047188,NW_019862883.1,+,A5SS_short,1.03E-05,-0.046,915910,916328,NW_019862883.1_915910_916328
LOC112045707,NW_019862838.1,+,A5SS_short,0.038151481,0.403,143221,143520,NW_019862838.1_143221_143520
LOC112045707,NW_019862838.1,+,A5SS_short,0.000582344,-0.012,143221,143521,NW_019862838.1_143221_143521
LOC112045707,NW_019862838.1,+,A5SS_short,0.014554335,0.103,143458,143668,NW_019862838.1_143458_143668
LOC112043931,NW_019862800.1,-,A5SS_short,8.69E-05,0.034,633216,633594,NW_019862800.1_633216_633594
LOC112046714,NW_019862869.1,-,A5SS_short,1.79E-05,-0.199,205718,205988,NW_019862869.1_205718_205988
LOC112054344,NW_019863348.1,-,A5SS_short,0.000680721,-0.209,17349,17676,NW_019863348.1_17349_17676
LOC112044590,NW_019862813.1,-,A5SS_short,1.35E-11,0.226,832307,832636,NW_019862813.1_832307_832636
LOC112051287,NW_019862757.1,-,A5SS_short,0.023823295,0.027,2480655,2480947,NW_019862757.1_2480655_2480947
LOC112055966,NW_019863669.1,-,A5SS_short,0.035235446,0.022,65459,65886,NW_019863669.1_65459_65886
LOC112052396,NW_019863145.1,-,A5SS_short,0.010198346,-0.343,117606,117848,NW_019863145.1_117606_117848
LOC112047764,NW_019862904.1,-,A5SS_short,0.016128381,0.032,1018496,1018781,NW_019862904.1_1018496_1018781
LOC112053755,NW_019863279.1,+,A5SS_short,1.23E-05,-0.069,81379,81729,NW_019863279.1_81379_81729
LOC112054291,NW_019863338.1,-,A5SS_short,0.022654244,-0.603,128128,128716,NW_019863338.1_128128_128716
LOC112054291,NW_019863338.1,-,A5SS_short,1.41E-08,0.071,128395,128716,NW_019863338.1_128395_128716
LOC112053155,NW_019863213.1,+,A5SS_short,2.24E-06,-0.189,131192,131551,NW_019863213.1_131192_131551
LOC112050538,NW_019862756.1,-,A5SS_short,0.002607257,-0.061,2376723,2377074,NW_019862756.1_2376723_2377074
LOC112047257,NW_019862886.1,-,A5SS_short,1.02E-07,-0.125,149958,150169,NW_019862886.1_149958_150169
LOC112054839,NW_019863424.1,+,A5SS_short,0.000399601,-0.097,45948,46191,NW_019863424.1_45948_46191
LOC112055815,NW_019863623.1,-,A5SS_short,0.004646576,-0.402,27417,27741,NW_019863623.1_27417_27741
LOC112055815,NW_019863623.1,-,A5SS_short,0.016278608,-0.171,30135,30459,NW_019863623.1_30135_30459
LOC112044923,NW_019862820.1,-,A5SS_short,0.001068398,-0.235,925224,925551,NW_019862820.1_925224_925551
LOC112044923,NW_019862820.1,-,A5SS_short,0.00111284,-0.241,925224,925551,NW_019862820.1_925224_925551
LOC112047046,NW_019862753.1,-,A5SS_short,1.58E-07,0.013,1328579,1328887,NW_019862753.1_1328579_1328887
LOC112048221,NW_019862921.1,+,A5SS_short,1.38E-06,-0.031,362551,363144,NW_019862921.1_362551_363144
LOC112048221,NW_019862921.1,+,A5SS_short,1.61E-06,-0.031,362551,363144,NW_019862921.1_362551_363144
LOC112051088,NW_019863062.1,-,A5SS_short,0.010642297,-0.035,109852,110283,NW_019863062.1_109852_110283
LOC112049519,NW_019862977.1,+,A5SS_short,0.000142326,0.036,351006,351258,NW_019862977.1_351006_351258
LOC112046629,NW_019862864.1,+,A5SS_short,2.13E-10,0.253,445182,445541,NW_019862864.1_445182_445541
LOC112043005,NW_019862784.1,+,A5SS_short,2.69E-05,0.045,331803,332095,NW_019862784.1_331803_332095
LOC112044745,NW_019862817.1,+,A5SS_short,0.028815874,0.339,1016226,1016657,NW_019862817.1_1016226_1016657
LOC112051015,NW_019863056.1,+,A5SS_short,0.001152882,-0.061,202957,203399,NW_019863056.1_202957_203399
LOC112051963,NW_019863116.1,-,A5SS_short,0.014554335,0.383,82034,82382,NW_019863116.1_82034_82382
LOC112052932,NW_019862759.1,-,A5SS_short,0.04258207,-0.092,1245106,1245447,NW_019862759.1_1245106_1245447
LOC112053199,NW_019862759.1,+,A5SS_short,0.00569328,0.275,2241421,2241777,NW_019862759.1_2241421_2241777
LOC112050816,NW_019863044.1,+,A5SS_short,0.02498113,0.015,16921,17336,NW_019863044.1_16921_17336
LOC112054018,NW_019863306.1,-,A5SS_short,1.68E-05,0.174,64058,64547,NW_019863306.1_64058_64547
LOC112044658,NW_019862815.1,-,A5SS_short,0.001040266,-0.151,68093,68401,NW_019862815.1_68093_68401
LOC112055679,NW_019863585.1,-,A5SS_short,4.40E-06,-0.094,32967,33388,NW_019863585.1_32967_33388
LOC112055679,NW_019863585.1,-,A5SS_short,6.82E-06,-0.112,32967,33388,NW_019863585.1_32967_33388
LOC112055679,NW_019863585.1,-,A5SS_short,0.00923943,-0.043,32967,33388,NW_019863585.1_32967_33388
LOC112046876,NW_019862874.1,+,A5SS_short,6.89E-07,0.393,447326,447742,NW_019862874.1_447326_447742
LOC112046205,NW_019862850.1,+,A5SS_short,0,0.339,370836,371185,NW_019862850.1_370836_371185
LOC112047975,NW_019862910.1,-,A5SS_short,0.002663785,0.023,495916,496161,NW_019862910.1_495916_496161
LOC112053283,NW_019863224.1,+,A5SS_short,1.72E-06,-0.064,82459,83030,NW_019863224.1_82459_83030
LOC112043832,NW_019862799.1,+,A5SS_short,2.83E-07,-0.02,243661,243949,NW_019862799.1_243661_243949
LOC112043832,NW_019862799.1,+,A5SS_short,0,-0.653,243812,244126,NW_019862799.1_243812_244126
LOC112058144,NW_019862772.1,-,A5SS_short,0.000384727,0.029,283977,284323,NW_019862772.1_283977_284323
LOC112049668,NW_019862983.1,-,A5SS_short,0.02498113,-0.019,405677,405988,NW_019862983.1_405677_405988
LOC112046300,NW_019862853.1,+,A5SS_short,0.00096272,-0.072,153780,154219,NW_019862853.1_153780_154219
LOC112048301,NW_019862924.1,+,A5SS_short,0.024450118,-0.045,287183,287525,NW_019862924.1_287183_287525
LOC112048283,NW_019862924.1,+,A5SS_short,0.004589104,-0.033,483666,484090,NW_019862924.1_483666_484090
LOC112047260,NW_019862886.1,+,A5SS_short,0.004078649,-0.381,665594,666200,NW_019862886.1_665594_666200
LOC112047663,NW_019862900.1,+,A5SS_short,0.000102188,-0.158,597389,597666,NW_019862900.1_597389_597666
LOC112050069,NW_019863004.1,-,A5SS_short,5.90E-14,0.043,134771,135014,NW_019863004.1_134771_135014
LOC112053798,NW_019863282.1,-,A5SS_short,0.043933314,0.162,205286,205548,NW_019863282.1_205286_205548
LOC112053798,NW_019863282.1,-,A5SS_short,0.037033508,0.164,205286,205548,NW_019863282.1_205286_205548
LOC112053798,NW_019863282.1,-,A5SS_short,0.04697061,0.156,205286,205548,NW_019863282.1_205286_205548
LOC112053798,NW_019863282.1,-,A5SS_short,0.032282806,0.069,205218,205548,NW_019863282.1_205218_205548
LOC112053798,NW_019863282.1,-,A5SS_short,0.018404168,0.162,205286,205548,NW_019863282.1_205286_205548
LOC112053798,NW_019863282.1,-,A5SS_short,0.005823461,0.115,205286,205548,NW_019863282.1_205286_205548
LOC112053798,NW_019863282.1,-,A5SS_short,0.043933314,0.077,205286,205548,NW_019863282.1_205286_205548
LOC112052436,NW_019863148.1,-,A5SS_short,0.005121774,0.485,64747,65012,NW_019863148.1_64747_65012
LOC112048768,NW_019862944.1,+,A5SS_short,0.01654379,0.036,149686,150040,NW_019862944.1_149686_150040
LOC112057930,NW_019862769.1,-,A5SS_short,0.021543395,-0.015,402230,402573,NW_019862769.1_402230_402573
LOC112057930,NW_019862769.1,-,A5SS_short,0.020646722,-0.018,402230,402573,NW_019862769.1_402230_402573
LOC112044723,NW_019862816.1,-,A5SS_short,0.016667423,0.03,340250,340500,NW_019862816.1_340250_340500
LOC112043932,NW_019862800.1,+,A5SS_short,0.029279075,-0.285,636474,636762,NW_019862800.1_636474_636762
LOC112043932,NW_019862800.1,+,A5SS_short,0.037656718,-0.252,636474,636762,NW_019862800.1_636474_636762
LOC112050109,NW_019863005.1,+,A5SS_short,0.000736287,-0.556,666426,666719,NW_019863005.1_666426_666719
LOC112048676,NW_019862940.1,+,A5SS_short,0.000299789,-0.051,499946,500268,NW_019862940.1_499946_500268
LOC112055133,NW_019863465.1,-,A5SS_short,0.004838819,0.11,19524,19853,NW_019863465.1_19524_19853
LOC112045549,NW_019862752.1,+,A5SS_short,0.019283743,-0.034,706008,706337,NW_019862752.1_706008_706337
LOC112045549,NW_019862752.1,+,A5SS_short,1.93E-10,-0.047,706008,706337,NW_019862752.1_706008_706337
LOC112051454,NW_019863083.1,+,A5SS_short,0.038363398,-0.033,295873,296184,NW_019863083.1_295873_296184
LOC112054942,NW_019863435.1,-,A5SS_short,2.36E-07,0.319,81696,82044,NW_019863435.1_81696_82044
LOC112054942,NW_019863435.1,-,A5SS_short,2.71E-10,0.426,81696,82044,NW_019863435.1_81696_82044
LOC112048179,NW_019862919.1,+,A5SS_short,0.006364152,-0.129,493651,493918,NW_019862919.1_493651_493918
LOC112049719,NW_019862756.1,+,A5SS_short,0.004220466,0.022,216275,216696,NW_019862756.1_216275_216696
LOC112050351,NW_019862756.1,+,A5SS_short,0.017590436,-0.336,1752609,1752993,NW_019862756.1_1752609_1752993
LOC112052445,NW_019863149.1,-,A5SS_short,0.010892083,0.054,30311,30888,NW_019863149.1_30311_30888
LOC112049151,NW_019862961.1,-,A5SS_short,1.38E-06,-0.045,132228,132498,NW_019862961.1_132228_132498
LOC112052979,NW_019863193.1,+,A5SS_short,0.001646108,0.035,56914,57603,NW_019863193.1_56914_57603
LOC112044280,NW_019862806.1,+,A5SS_short,7.67E-05,-0.214,30159,30547,NW_019862806.1_30159_30547
LOC112044307,NW_019862806.1,-,A5SS_short,0.00455028,0.052,783393,783602,NW_019862806.1_783393_783602
LOC112046614,NW_019862863.1,+,A5SS_short,2.15E-08,0.202,823662,824055,NW_019862863.1_823662_824055
LOC112046614,NW_019862863.1,+,A5SS_short,5.02E-08,0.22,823663,824055,NW_019862863.1_823663_824055
LOC112048475,NW_019862932.1,-,A5SS_short,0.000344791,-0.472,261096,261501,NW_019862932.1_261096_261501
LOC112052325,NW_019863140.1,+,A5SS_short,8.42E-07,0.104,261975,262243,NW_019863140.1_261975_262243
LOC112045911,NW_019862843.1,-,A5SS_short,0.001334643,-0.281,479408,479705,NW_019862843.1_479408_479705
LOC112047227,NW_019862884.1,+,A5SS_short,0.007378392,0.171,688760,689004,NW_019862884.1_688760_689004
LOC112050218,NW_019863013.1,+,A5SS_short,0.004006187,-0.61,83598,83840,NW_019863013.1_83598_83840
LOC112050218,NW_019863013.1,+,A5SS_short,2.81E-07,-0.129,84294,84515,NW_019863013.1_84294_84515
LOC112046734,NW_019862869.1,-,A5SS_short,0.00094536,-0.035,400389,400608,NW_019862869.1_400389_400608
LOC112046734,NW_019862869.1,-,A5SS_short,0.00094536,-0.035,400389,400608,NW_019862869.1_400389_400608
LOC112046734,NW_019862869.1,-,A5SS_short,0.001130503,-0.034,400389,400608,NW_019862869.1_400389_400608
LOC112048621,NW_019862937.1,-,A5SS_short,0.000591546,-0.027,224762,225102,NW_019862937.1_224762_225102
LOC112046012,NW_019862845.1,-,A5SS_short,0.031637983,-0.032,159270,159702,NW_019862845.1_159270_159702
LOC112050001,NW_019863001.1,-,A5SS_short,0.00880873,-0.042,190279,190564,NW_019863001.1_190279_190564
LOC112049061,NW_019862957.1,+,A5SS_short,0.004589104,0.069,502875,503145,NW_019862957.1_502875_503145
LOC112054572,NW_019862761.1,-,A5SS_short,2.34E-05,-0.028,1287141,1287788,NW_019862761.1_1287141_1287788
LOC112050024,NW_019863002.1,-,A5SS_short,0.000301042,-0.04,355962,356171,NW_019863002.1_355962_356171
LOC112050024,NW_019863002.1,-,A5SS_short,0.011843873,-0.076,355971,356486,NW_019863002.1_355971_356486
LOC112052940,NW_019863189.1,+,A5SS_short,0.026618686,0.029,268797,269191,NW_019863189.1_268797_269191
LOC112058180,NW_019862749.1,+,A5SS_short,0.035243458,-0.101,391750,392235,NW_019862749.1_391750_392235
LOC112045836,NW_019862842.1,+,A5SS_short,0.031739834,0.08,283117,283486,NW_019862842.1_283117_283486
LOC112054224,NW_019863330.1,-,A5SS_short,6.35E-07,-0.217,43685,44080,NW_019863330.1_43685_44080
LOC112045658,NW_019862837.1,+,A5SS_short,0.008106409,-0.4,972814,973189,NW_019862837.1_972814_973189
LOC112048790,NW_019862755.1,+,A5SS_short,0,-0.044,1151550,1152205,NW_019862755.1_1151550_1152205
LOC112049214,NW_019862755.1,+,A5SS_short,0.043933314,-0.052,2565505,2565871,NW_019862755.1_2565505_2565871
LOC112055964,NW_019863667.1,-,A5SS_short,0.000141544,0.027,41607,41987,NW_019863667.1_41607_41987
LOC112055964,NW_019863667.1,-,A5SS_short,0.000141544,0.027,41607,41987,NW_019863667.1_41607_41987
LOC112049790,NW_019862991.1,-,RI,0.030768498,-0.217,33866,34321,NW_019862991.1_33866_34321
LOC112051888,NW_019863109.1,+,RI,0.000117464,-0.271,236912,237596,NW_019863109.1_236912_237596
LOC112057983,NW_019862770.1,-,RI,8.49E-09,-0.101,810690,811533,NW_019862770.1_810690_811533
LOC112050770,NW_019863042.1,-,RI,0.000294958,0.29,379026,381098,NW_019863042.1_379026_381098
LOC112044712,NW_019862816.1,+,RI,0.00018187,0.203,154490,155225,NW_019862816.1_154490_155225
LOC112048503,NW_019862933.1,+,RI,0.027914046,-0.045,113503,114034,NW_019862933.1_113503_114034
LOC112048337,NW_019862926.1,-,RI,0.000796513,-0.076,31959,35475,NW_019862926.1_31959_35475
LOC112057700,NW_019862765.1,+,RI,1.65E-11,0.222,1404553,1408142,NW_019862765.1_1404553_1408142
LOC112048140,NW_019862918.1,+,RI,0.0026211,-0.323,71233,71827,NW_019862918.1_71233_71827
LOC112055925,NW_019863657.1,-,RI,0,-0.333,15154,15944,NW_019863657.1_15154_15944
LOC112051364,NW_019863078.1,+,RI,0,-0.254,141233,148282,NW_019863078.1_141233_148282
LOC112050024,NW_019863002.1,-,RI,6.95E-11,-0.432,351031,351449,NW_019863002.1_351031_351449
LOC112053698,NW_019863273.1,+,RI,6.45E-10,0.186,161316,161803,NW_019863273.1_161316_161803
LOC112049178,NW_019862962.1,-,RI,0.002954869,-0.027,197021,197614,NW_019862962.1_197021_197614
LOC112043469,NW_019862791.1,+,RI,0.034201322,-0.026,306381,307067,NW_019862791.1_306381_307067
LOC112050905,NW_019863050.1,+,RI,0.001020674,-0.061,331097,331665,NW_019863050.1_331097_331665
LOC112043609,NW_019862793.1,+,RI,0.000179026,-0.144,198728,199323,NW_019862793.1_198728_199323
LOC112043609,NW_019862793.1,+,RI,0.022455967,0.079,199722,200369,NW_019862793.1_199722_200369
LOC112054834,NW_019863423.1,+,RI,1.49E-10,0.355,30399,31016,NW_019863423.1_30399_31016
LOC112054834,NW_019863423.1,+,RI,0,0.198,30390,31016,NW_019863423.1_30390_31016
LOC112044454,NW_019862751.1,-,RI,1.90E-08,-0.543,334270,334632,NW_019862751.1_334270_334632
LOC112051702,NW_019863098.1,+,RI,0.022858651,-0.064,302364,302861,NW_019863098.1_302364_302861
LOC112043653,NW_019862794.1,+,RI,0.00070245,0.112,1137759,1138342,NW_019862794.1_1137759_1138342
LOC112051118,NW_019862757.1,-,RI,0.019587033,0.012,1530317,1530930,NW_019862757.1_1530317_1530930
LOC112043533,NW_019862792.1,-,RI,2.66E-06,-0.058,40525,41192,NW_019862792.1_40525_41192
LOC112043066,NW_019862749.1,-,RI,0.001960276,-0.026,2745183,2745862,NW_019862749.1_2745183_2745862
LOC112044880,NW_019862819.1,-,RI,0.042290388,0.011,633645,634313,NW_019862819.1_633645_634313
LOC112054853,NW_019863425.1,-,RI,0.000228654,-0.128,129481,129926,NW_019863425.1_129481_129926
LOC112048821,NW_019862946.1,+,RI,0.032269822,0.146,467443,468134,NW_019862946.1_467443_468134
LOC112058008,NW_019862770.1,+,RI,0.005435236,-0.009,1631816,1632474,NW_019862770.1_1631816_1632474
LOC112043124,NW_019862748.1,+,RI,0.000293882,-0.547,696883,697432,NW_019862748.1_696883_697432
LOC112053211,NW_019863216.1,+,RI,0.006506422,-0.118,250469,251102,NW_019863216.1_250469_251102
LOC112056208,NW_019863733.1,-,RI,7.38E-05,0.033,53678,54327,NW_019863733.1_53678_54327
LOC112053871,NW_019863290.1,-,RI,4.00E-05,-0.465,161843,162528,NW_019863290.1_161843_162528
LOC112053871,NW_019863290.1,-,RI,0.0025962,0.124,187225,187908,NW_019863290.1_187225_187908
LOC112050417,NW_019862756.1,+,RI,0.000506597,-0.109,1853458,1854104,NW_019862756.1_1853458_1854104
LOC112051822,NW_019863106.1,-,RI,0.020309712,0.037,148136,148542,NW_019863106.1_148136_148542
LOC112046892,NW_019862874.1,-,RI,4.44E-09,-0.047,58126,58710,NW_019862874.1_58126_58710
LOC112044703,NW_019862751.1,+,RI,0.012756093,-0.094,1009448,1010136,NW_019862751.1_1009448_1010136
LOC112048026,NW_019862754.1,+,RI,0.000248018,-0.189,1449061,1449681,NW_019862754.1_1449061_1449681
LOC112049847,NW_019862994.1,-,RI,0.002819546,0.051,244085,244704,NW_019862994.1_244085_244704
LOC112045233,NW_019862751.1,+,RI,0.009602153,0.019,2567088,2567777,NW_019862751.1_2567088_2567777
LOC112051763,NW_019863101.1,-,RI,0.022276289,0.075,219622,220111,NW_019863101.1_219622_220111
LOC112058150,NW_019862772.1,-,RI,0.014724811,0.159,1056861,1057455,NW_019862772.1_1056861_1057455
LOC112050499,NW_019863026.1,+,RI,1.75E-05,0.061,300177,300749,NW_019863026.1_300177_300749
LOC112050499,NW_019863026.1,+,RI,0.002245401,0.052,300177,301854,NW_019863026.1_300177_301854
LOC112050499,NW_019863026.1,+,RI,6.69E-06,-0.035,300177,301854,NW_019863026.1_300177_301854
LOC112050499,NW_019863026.1,+,RI,0.00037451,0.051,300177,301854,NW_019863026.1_300177_301854
LOC112051208,NW_019863068.1,+,RI,7.13E-09,0.025,217083,217537,NW_019863068.1_217083_217537
LOC112046878,NW_019862874.1,+,RI,0.000572489,-0.258,164997,165671,NW_019862874.1_164997_165671
LOC112046878,NW_019862874.1,+,RI,0.023483526,-0.062,165441,166073,NW_019862874.1_165441_166073
LOC112043428,NW_019862790.1,+,RI,0.04184957,-0.49,661135,661589,NW_019862790.1_661135_661589
LOC112043822,NW_019862799.1,-,RI,0.000357081,0.03,647456,648016,NW_019862799.1_647456_648016
LOC112045502,NW_019862834.1,-,RI,0.043048353,-0.029,724687,725254,NW_019862834.1_724687_725254
LOC112052839,NW_019862748.1,-,RI,0.00775533,-0.249,4100141,4100634,NW_019862748.1_4100141_4100634
LOC112044076,NW_019862803.1,-,RI,9.76E-09,-0.045,44758,45367,NW_019862803.1_44758_45367
LOC112043407,NW_019862790.1,-,RI,0.000203006,-0.178,34141,34772,NW_019862790.1_34141_34772
LOC112053467,NW_019863243.1,+,RI,0.013598138,0.086,163220,163783,NW_019863243.1_163220_163783
LOC112051155,NW_019863066.1,-,RI,0.021750057,-0.04,98964,99554,NW_019863066.1_98964_99554
LOC112043309,NW_019862788.1,+,RI,0.002744416,-0.018,680967,681460,NW_019862788.1_680967_681460
LOC112047303,NW_019862887.1,+,RI,0.023430773,-0.007,461678,462164,NW_019862887.1_461678_462164
LOC112051523,NW_019863087.1,+,RI,0.007152483,-0.015,159644,160323,NW_019863087.1_159644_160323
LOC112051523,NW_019863087.1,+,RI,6.69E-06,0.107,179909,180413,NW_019863087.1_179909_180413
LOC112051523,NW_019863087.1,+,RI,0.000858881,-0.008,179909,180413,NW_019863087.1_179909_180413
LOC112051523,NW_019863087.1,+,RI,0.01868628,0.097,179881,180414,NW_019863087.1_179881_180414
LOC112052337,NW_019863141.1,-,RI,0.043048353,-0.126,179975,180551,NW_019863141.1_179975_180551
LOC112049437,NW_019862973.1,-,RI,0.001960276,0.153,359712,360376,NW_019862973.1_359712_360376
LOC112049437,NW_019862973.1,-,RI,4.62E-05,0.089,359712,360376,NW_019862973.1_359712_360376
LOC112049437,NW_019862973.1,-,RI,5.03E-08,0.019,359867,360443,NW_019862973.1_359867_360443
LOC112047846,NW_019862906.1,-,RI,0.017439815,0.02,91589,92211,NW_019862906.1_91589_92211
LOC112051391,NW_019862757.1,-,RI,0.035722146,0.029,1432843,1433463,NW_019862757.1_1432843_1433463
LOC112052404,NW_019863145.1,+,RI,0.000451501,-0.024,100585,100990,NW_019863145.1_100585_100990
LOC112052566,NW_019863158.1,-,RI,0.000203006,-0.055,249541,250140,NW_019863158.1_249541_250140
LOC112052566,NW_019863158.1,-,RI,0.000787128,0.098,255712,256247,NW_019863158.1_255712_256247
LOC112050715,NW_019863039.1,-,RI,0.005768782,-0.022,131711,132344,NW_019863039.1_131711_132344
LOC112044747,NW_019862817.1,-,RI,0.00658136,0.066,471489,471992,NW_019862817.1_471489_471992
LOC112056674,NW_019863937.1,-,RI,0.003434875,0.04,39690,40301,NW_019863937.1_39690_40301
LOC112042919,NW_019862749.1,+,RI,0.023746885,0.18,2344614,2345110,NW_019862749.1_2344614_2345110
LOC112049842,NW_019862994.1,+,RI,0.002202545,-0.034,97995,98496,NW_019862994.1_97995_98496
LOC112049842,NW_019862994.1,+,RI,0.007367519,-0.354,97995,98496,NW_019862994.1_97995_98496
LOC112049842,NW_019862994.1,+,RI,0.020965549,0.103,99037,99493,NW_019862994.1_99037_99493
LOC112047418,NW_019862892.1,-,RI,0.003982401,-0.074,106603,107103,NW_019862892.1_106603_107103
LOC112043549,NW_019862792.1,-,RI,0.025529376,-0.113,342394,342981,NW_019862792.1_342394_342981
LOC112052245,NW_019863135.1,-,RI,0.02011521,0.136,48632,49310,NW_019863135.1_48632_49310
LOC112055680,NW_019863585.1,+,RI,0.024622697,0.03,27584,28006,NW_019863585.1_27584_28006
LOC112049491,NW_019862976.1,-,RI,2.34E-06,-0.442,66783,67287,NW_019862976.1_66783_67287
LOC112056730,NW_019863959.1,+,RI,0.002561489,-0.025,37373,37909,NW_019863959.1_37373_37909
LOC112044361,NW_019862807.1,-,RI,0.000309458,-0.012,301255,301953,NW_019862807.1_301255_301953
LOC112058154,NW_019862772.1,+,RI,0.002015009,-0.104,1084870,1085517,NW_019862772.1_1084870_1085517
LOC112053074,NW_019863202.1,+,RI,0.035445681,0.02,212710,213330,NW_019863202.1_212710_213330
LOC112048503,NW_019862933.1,+,RI,0,-0.255,113723,114317,NW_019862933.1_113723_114317
LOC112054293,NW_019863339.1,+,RI,2.92E-06,-0.496,62535,63200,NW_019863339.1_62535_63200
LOC112055285,NW_019863491.1,-,RI,0.00471288,-0.026,39389,39938,NW_019863491.1_39389_39938
LOC112051839,NW_019863107.1,-,RI,3.78E-08,0.016,496809,497435,NW_019863107.1_496809_497435
LOC112048440,NW_019862930.1,-,RI,0.036134563,-0.353,407094,407780,NW_019862930.1_407094_407780
LOC112048440,NW_019862930.1,-,RI,0.000451501,-0.216,407094,407780,NW_019862930.1_407094_407780
LOC112048440,NW_019862930.1,-,RI,2.39E-06,-0.539,407094,407780,NW_019862930.1_407094_407780
LOC112045662,NW_019862837.1,-,RI,0.002298874,-0.102,35454,36033,NW_019862837.1_35454_36033
LOC112051732,NW_019863100.1,-,RI,2.51E-05,0.121,41775,42470,NW_019863100.1_41775_42470
LOC112043285,NW_019862788.1,+,RI,1.65E-11,-0.068,169426,169995,NW_019862788.1_169426_169995
LOC112050143,NW_019863008.1,-,RI,0.028438444,0.144,358781,359268,NW_019863008.1_358781_359268
LOC112053642,NW_019863264.1,+,RI,0.025562813,0.05,190298,190918,NW_019863264.1_190298_190918
LOC112056457,NW_019863828.1,-,RI,0.000375651,0.021,31282,31949,NW_019863828.1_31282_31949
LOC112056457,NW_019863828.1,-,RI,3.28E-05,0.047,31282,31949,NW_019863828.1_31282_31949
LOC112046375,NW_019862856.1,+,RI,0.026918531,0.062,907741,908256,NW_019862856.1_907741_908256
LOC112048504,NW_019862933.1,-,RI,0.013762856,0.153,145076,145733,NW_019862933.1_145076_145733
LOC112055794,NW_019863615.1,+,RI,1.47E-09,-0.855,40033,40667,NW_019863615.1_40033_40667
LOC112051884,NW_019863109.1,-,RI,2.91E-05,-0.482,222440,223047,NW_019863109.1_222440_223047
LOC112054272,NW_019863335.1,-,RI,4.44E-09,0.024,192200,192651,NW_019863335.1_192200_192651
LOC112055556,NW_019863549.1,+,RI,0.028661668,0.334,86879,87518,NW_019863549.1_86879_87518
LOC112058116,NW_019862771.1,+,RI,0.02011521,-0.019,885129,885734,NW_019862771.1_885129_885734
LOC112046435,NW_019862857.1,+,RI,0.003722671,-0.097,733558,734124,NW_019862857.1_733558_734124
LOC112046504,NW_019862859.1,-,RI,0.010616337,0.007,674152,674847,NW_019862859.1_674152_674847
LOC112046504,NW_019862859.1,-,RI,6.78E-08,0.219,674152,674847,NW_019862859.1_674152_674847
LOC112055667,NW_019863579.1,-,RI,7.57E-12,0.74,21245,21943,NW_019863579.1_21245_21943
LOC112043342,NW_019862788.1,-,RI,0.02299156,-0.391,1333074,1333764,NW_019862788.1_1333074_1333764
LOC112046979,NW_019862879.1,+,RI,9.77E-07,-0.101,100261,100948,NW_019862879.1_100261_100948
LOC112047770,NW_019862904.1,+,RI,0.000585621,0.183,998382,998928,NW_019862904.1_998382_998928
LOC112050003,NW_019863001.1,-,RI,9.38E-05,0.038,203360,203846,NW_019863001.1_203360_203846
LOC112044440,NW_019862809.1,+,RI,3.31E-07,0.342,506032,506686,NW_019862809.1_506032_506686
LOC112051272,NW_019862757.1,+,RI,0.000178072,-0.293,2254388,2254999,NW_019862757.1_2254388_2254999
LOC112058573,NW_019862778.1,-,RI,0.0111626,-0.219,1353429,1354086,NW_019862778.1_1353429_1354086
LOC112053231,NW_019863219.1,-,RI,0.009767496,0.157,70748,71192,NW_019863219.1_70748_71192
LOC112049278,NW_019862966.1,+,RI,0.01750791,-0.024,430556,431241,NW_019862966.1_430556_431241
LOC112046885,NW_019862874.1,-,RI,4.46E-07,-0.324,510102,510669,NW_019862874.1_510102_510669
LOC112044504,NW_019862810.1,-,RI,0.002303825,0.105,1164713,1165315,NW_019862810.1_1164713_1165315
nbis-pseudo177,NW_019862773.1,-,RI,0.036717656,0.014,708809,709502,NW_019862773.1_708809_709502
LOC112056355,NW_019863786.1,+,RI,1.38E-08,-0.329,31698,32289,NW_019863786.1_31698_32289
LOC112052775,NW_019863175.1,+,RI,0.002177259,-0.075,2608,3300,NW_019863175.1_2608_3300
LOC112055487,NW_019863535.1,+,RI,0.000581668,-0.374,98530,99154,NW_019863535.1_98530_99154
LOC112058105,NW_019862771.1,-,RI,3.21E-05,0.102,1850046,1850732,NW_019862771.1_1850046_1850732
LOC112045742,NW_019862839.1,+,RI,4.34E-05,0.093,772432,773007,NW_019862839.1_772432_773007
LOC112047876,NW_019862907.1,-,RI,0.013762856,-0.118,7628,8206,NW_019862907.1_7628_8206
LOC112057757,NW_019862766.1,+,RI,0.041462772,-0.153,165401,166067,NW_019862766.1_165401_166067
LOC112057757,NW_019862766.1,+,RI,0.002032739,-0.113,165443,166067,NW_019862766.1_165443_166067
LOC112057757,NW_019862766.1,+,RI,6.35E-13,-0.344,165443,166067,NW_019862766.1_165443_166067
LOC112051973,NW_019863117.1,-,RI,0.04184957,0.014,331516,332163,NW_019863117.1_331516_332163
LOC112043159,NW_019862786.1,-,RI,0.001551065,-0.035,1019602,1020172,NW_019862786.1_1019602_1020172
LOC112052747,NW_019862759.1,-,RI,0.019587033,-0.022,621796,622425,NW_019862759.1_621796_622425
LOC112047068,NW_019862881.1,+,RI,0.002679511,-0.065,107717,108408,NW_019862881.1_107717_108408
LOC112047072,NW_019862881.1,+,RI,0.006870367,0.045,433369,433956,NW_019862881.1_433369_433956
LOC112047072,NW_019862881.1,+,RI,0.01941892,0.094,434959,435583,NW_019862881.1_434959_435583
LOC112053945,NW_019863297.1,+,RI,2.39E-06,0.053,167124,167721,NW_019863297.1_167124_167721
LOC112050047,NW_019863003.1,-,RI,1.64E-06,0.354,146539,147073,NW_019863003.1_146539_147073
LOC112053897,NW_019863292.1,+,RI,0.019553774,-0.029,48086,48673,NW_019863292.1_48086_48673
LOC112058419,NW_019862776.1,-,RI,0.037939821,0.158,787532,788079,NW_019862776.1_787532_788079
LOC112047738,NW_019862903.1,+,RI,0.01941892,0.037,357594,358041,NW_019862903.1_357594_358041
LOC112054150,NW_019863325.1,+,RI,0.047489895,0.07,299472,299961,NW_019863325.1_299472_299961
LOC112052373,NW_019862759.1,+,RI,0.023634584,-0.013,2029225,2029824,NW_019862759.1_2029225_2029824
LOC112051501,NW_019863086.1,-,RI,8.25E-06,-0.022,251789,252247,NW_019863086.1_251789_252247
LOC112051501,NW_019863086.1,-,RI,1.43E-06,-0.064,251954,252599,NW_019863086.1_251954_252599
LOC112054217,NW_019863330.1,+,RI,0.015500625,-0.083,18259,18950,NW_019863330.1_18259_18950
LOC112053874,NW_019863290.1,-,RI,1.67E-07,0.137,200275,200861,NW_019863290.1_200275_200861
LOC112043329,NW_019862788.1,-,RI,0.022229823,-0.028,1185646,1186337,NW_019862788.1_1185646_1186337
LOC112055197,NW_019862762.1,-,RI,0.028534127,0.037,105537,106181,NW_019862762.1_105537_106181
LOC112047796,NW_019862904.1,-,RI,0,-0.064,1302048,1302693,NW_019862904.1_1302048_1302693
LOC112047793,NW_019862904.1,-,RI,0.001518817,0.199,1353363,1353908,NW_019862904.1_1353363_1353908
LOC112053793,NW_019863282.1,+,RI,0.002015009,0.06,246082,246673,NW_019863282.1_246082_246673
LOC112056026,NW_019863687.1,+,RI,1.69E-08,0.326,54866,55445,NW_019863687.1_54866_55445
LOC112048221,NW_019862921.1,+,RI,0.030768498,0.303,362551,363150,NW_019862921.1_362551_363150
LOC112055175,NW_019863471.1,-,RI,0.028661668,0.137,138468,138940,NW_019863471.1_138468_138940
LOC112053300,NW_019862759.1,-,RI,0.002033633,-0.096,156273,156824,NW_019862759.1_156273_156824
LOC112052630,NW_019862759.1,+,RI,1.16E-06,-0.206,462642,463122,NW_019862759.1_462642_463122
LOC112053333,NW_019863229.1,-,RI,0.028661668,-0.235,119446,120106,NW_019863229.1_119446_120106
LOC112050816,NW_019863044.1,+,RI,0.00040928,0.491,16709,17336,NW_019863044.1_16709_17336
LOC112049701,NW_019862756.1,-,RI,3.90E-06,-0.155,202854,203545,NW_019862756.1_202854_203545
LOC112049701,NW_019862756.1,-,RI,0.04184957,-0.075,203076,203558,NW_019862756.1_203076_203558
LOC112046869,NW_019862874.1,+,RI,0.004062709,-0.02,97278,97977,NW_019862874.1_97278_97977
LOC112046228,NW_019862850.1,+,RI,7.88E-06,-0.054,554619,555170,NW_019862850.1_554619_555170
LOC112055925,NW_019863657.1,-,RI,0.013087794,-0.21,15336,15921,NW_019863657.1_15336_15921
LOC112056714,NW_019863954.1,+,RI,0.004246116,-0.425,13928,14452,NW_019863954.1_13928_14452
LOC112055294,NW_019863493.1,-,RI,0.040355022,-0.375,69836,70463,NW_019863493.1_69836_70463
LOC112052767,NW_019863173.1,-,RI,0.006331224,-0.401,28086,28677,NW_019863173.1_28086_28677
LOC112044702,NW_019862816.1,-,RI,0.028566833,0.049,393943,394631,NW_019862816.1_393943_394631
LOC112043899,NW_019862800.1,-,RI,2.21E-05,0.031,95315,95969,NW_019862800.1_95315_95969
LOC112043899,NW_019862800.1,-,RI,6.25E-05,0.029,100923,101538,NW_019862800.1_100923_101538
LOC112050083,NW_019863005.1,+,RI,5.80E-07,0.079,128328,128824,NW_019863005.1_128328_128824
LOC112053348,NW_019863233.1,-,RI,0.000443247,-0.051,222537,223201,NW_019863233.1_222537_223201
LOC112056494,NW_019863849.1,-,RI,0.00017436,-0.024,20986,21681,NW_019863849.1_20986_21681
LOC112053364,NW_019863233.1,-,RI,3.50E-05,-0.109,156793,157269,NW_019863233.1_156793_157269
LOC112051461,NW_019863083.1,+,RI,0.000155887,0.053,244406,244894,NW_019863083.1_244406_244894
LOC112051461,NW_019863083.1,+,RI,0.013526138,-0.075,246080,246734,NW_019863083.1_246080_246734
LOC112051453,NW_019863083.1,-,RI,5.32E-10,0.111,355845,356313,NW_019863083.1_355845_356313
LOC112052347,NW_019863142.1,-,RI,0.023605888,0.049,198504,199195,NW_019863142.1_198504_199195
LOC112048015,NW_019862912.1,-,RI,0.012337685,0.033,129646,130081,NW_019862912.1_129646_130081
LOC112052591,NW_019863161.1,-,RI,0.003429927,0.315,181306,181880,NW_019863161.1_181306_181880
LOC112049719,NW_019862756.1,+,RI,1.43E-06,-0.142,220600,221283,NW_019862756.1_220600_221283
LOC112044349,NW_019862807.1,-,RI,0.008624011,0.069,187757,188260,NW_019862807.1_187757_188260
LOC112050423,NW_019863022.1,-,RI,1.21E-05,0.021,316373,316890,NW_019863022.1_316373_316890
LOC112049145,NW_019862961.1,-,RI,6.69E-06,-0.013,298596,299212,NW_019862961.1_298596_299212
LOC112053517,NW_019863249.1,-,RI,4.46E-07,0.014,157666,158269,NW_019863249.1_157666_158269
LOC112047997,NW_019862911.1,-,RI,0.016302706,-0.04,448083,448624,NW_019862911.1_448083_448624
LOC112050218,NW_019863013.1,+,RI,3.60E-09,-0.128,83240,83843,NW_019863013.1_83240_83843
LOC112050218,NW_019863013.1,+,RI,0.002131772,-0.192,83598,84126,NW_019863013.1_83598_84126
LOC112050218,NW_019863013.1,+,RI,7.57E-12,-0.04,85395,85839,NW_019863013.1_85395_85839
LOC112050218,NW_019863013.1,+,RI,2.26E-07,-0.019,86149,86807,NW_019863013.1_86149_86807
LOC112050218,NW_019863013.1,+,RI,4.66E-06,-0.031,86525,86983,NW_019863013.1_86525_86983
LOC112047618,NW_019862898.1,-,RI,0.035811902,0.42,675167,675723,NW_019862898.1_675167_675723
LOC112054416,NW_019862761.1,-,RI,0.002131772,-0.056,1142329,1143003,NW_019862761.1_1142329_1143003
LOC112054527,NW_019862761.1,+,RI,9.92E-06,-0.019,1232855,1233515,NW_019862761.1_1232855_1233515
LOC112054488,NW_019862761.1,-,RI,0.016302706,-0.033,1196173,1196809,NW_019862761.1_1196173_1196809
LOC112044516,NW_019862810.1,-,RI,0.047950689,-0.059,789330,790025,NW_019862810.1_789330_790025
LOC112054224,NW_019863330.1,-,RI,5.02E-06,0.185,43433,44080,NW_019863330.1_43433_44080
LOC112045641,NW_019862837.1,+,RI,0.006726257,-0.033,81566,82124,NW_019862837.1_81566_82124
LOC112049214,NW_019862755.1,+,RI,0.004062709,-0.103,2565749,2566434,NW_019862755.1_2565749_2566434
