GeneID,chr,strand,SplicingType,FDR,delta_PSI,start,end,SID
LOC112050976,NW_019863054.1,-,SE,0.024923142,-0.035,55060,55308,NW_019863054.1_55060_55308
LOC112052201,NW_019863133.1,-,SE,7.37E-05,-0.075,164445,164721,NW_019863133.1_164445_164721
LOC112046662,NW_019862866.1,+,SE,0.000551631,-0.234,273820,274116,NW_019862866.1_273820_274116
LOC112051285,NW_019863072.1,+,SE,0.034806836,-0.159,142440,142900,NW_019863072.1_142440_142900
LOC112051285,NW_019863072.1,+,SE,0.015499432,0.017,191663,191950,NW_019863072.1_191663_191950
LOC112043606,NW_019862793.1,-,SE,5.11E-05,0.158,89271,89642,NW_019862793.1_89271_89642
LOC112043605,NW_019862793.1,+,SE,2.72E-06,-0.139,72653,72943,NW_019862793.1_72653_72943
LOC112051279,NW_019863071.1,-,SE,0.029915383,-0.034,177081,177376,NW_019863071.1_177081_177376
LOC112053753,NW_019863278.1,+,SE,2.84E-12,-0.113,114739,115020,NW_019863278.1_114739_115020
LOC112051879,NW_019863109.1,-,SE,0.000185015,0.261,251682,251990,NW_019863109.1_251682_251990
LOC112051879,NW_019863109.1,-,SE,2.81E-05,0.355,251682,252002,NW_019863109.1_251682_252002
LOC112051879,NW_019863109.1,-,SE,0.019554552,-0.018,273788,274135,NW_019863109.1_273788_274135
LOC112048194,NW_019862920.1,+,SE,0,0.171,586667,587074,NW_019862920.1_586667_587074
LOC112048194,NW_019862920.1,+,SE,1.02E-09,0.222,586667,587074,NW_019862920.1_586667_587074
LOC112048194,NW_019862920.1,+,SE,0,-0.106,587385,589589,NW_019862920.1_587385_589589
LOC112043601,NW_019862793.1,+,SE,0.012189155,0.127,1193710,1194106,NW_019862793.1_1193710_1194106
LOC112046464,NW_019862858.1,+,SE,0.000804202,-0.297,802215,802487,NW_019862858.1_802215_802487
LOC112046292,NW_019862853.1,+,SE,3.02E-08,0.092,828820,829242,NW_019862853.1_828820_829242
LOC112050825,NW_019863045.1,+,SE,0.003859283,0.039,380356,380638,NW_019863045.1_380356_380638
LOC112056185,NW_019863730.1,+,SE,0,0.045,48740,49144,NW_019863730.1_48740_49144
LOC112058428,NW_019862776.1,-,SE,2.50E-08,0.526,1067666,1067908,NW_019862776.1_1067666_1067908
LOC112058428,NW_019862776.1,-,SE,3.31E-05,0.081,1076732,1077049,NW_019862776.1_1076732_1077049
LOC112058428,NW_019862776.1,-,SE,2.49E-05,0.054,1076732,1077049,NW_019862776.1_1076732_1077049
LOC112058428,NW_019862776.1,-,SE,1.23E-05,0.093,1076741,1077049,NW_019862776.1_1076741_1077049
LOC112058428,NW_019862776.1,-,SE,2.03E-05,0.056,1076741,1077049,NW_019862776.1_1076741_1077049
LOC112054078,NW_019863315.1,-,SE,7.49E-06,-0.206,144195,144467,NW_019863315.1_144195_144467
LOC112050367,NW_019862748.1,+,SE,2.21E-07,0.04,3442758,3443092,NW_019862748.1_3442758_3443092
LOC112050002,NW_019862748.1,+,SE,6.42E-06,-0.397,3393206,3393511,NW_019862748.1_3393206_3393511
LOC112046720,NW_019862748.1,+,SE,0,0.325,1902478,1902753,NW_019862748.1_1902478_1902753
LOC112046053,NW_019862748.1,-,SE,0.00025646,-0.025,1643072,1643379,NW_019862748.1_1643072_1643379
LOC112046466,NW_019862858.1,+,SE,0.049029304,0.069,691635,691922,NW_019862858.1_691635_691922
LOC112054469,NW_019863361.1,-,SE,4.98E-06,0.173,135325,135602,NW_019863361.1_135325_135602
LOC112052145,NW_019863130.1,-,SE,4.76E-13,0.154,131052,131393,NW_019863130.1_131052_131393
LOC112042896,NW_019862749.1,-,SE,9.27E-12,-0.039,2199971,2200196,NW_019862749.1_2199971_2200196
LOC112051118,NW_019862757.1,-,SE,0.002409701,0.083,1541784,1542041,NW_019862757.1_1541784_1542041
LOC112045704,NW_019862838.1,+,SE,0.035476953,-0.039,612889,613280,NW_019862838.1_612889_613280
LOC112051020,NW_019863057.1,-,SE,1.08E-06,0.619,141037,141289,NW_019863057.1_141037_141289
LOC112044806,NW_019862817.1,-,SE,0.041098889,0.033,148618,148915,NW_019862817.1_148618_148915
LOC112051535,NW_019863088.1,+,SE,0.001523767,0.011,360374,361283,NW_019863088.1_360374_361283
LOC112046844,NW_019862873.1,+,SE,2.68E-05,-0.069,181144,181540,NW_019862873.1_181144_181540
LOC112052394,NW_019863145.1,+,SE,0.041271287,-0.076,15070,15372,NW_019863145.1_15070_15372
LOC112058377,NW_019862775.1,-,SE,0.00083011,0.051,1671328,1671623,NW_019862775.1_1671328_1671623
LOC112051948,NW_019863114.1,-,SE,0,0.196,182507,182752,NW_019863114.1_182507_182752
LOC112046415,NW_019862857.1,-,SE,1.02E-08,0.099,568310,568645,NW_019862857.1_568310_568645
LOC112046415,NW_019862857.1,-,SE,1.54E-07,0.137,568310,568654,NW_019862857.1_568310_568654
LOC112045305,NW_019862828.1,+,SE,6.40E-10,0.048,718383,718667,NW_019862828.1_718383_718667
LOC112045305,NW_019862828.1,+,SE,0,-0.024,795846,796079,NW_019862828.1_795846_796079
LOC112045305,NW_019862828.1,+,SE,0.001504354,-0.339,795846,796079,NW_019862828.1_795846_796079
LOC112044496,NW_019862810.1,-,SE,0.000273379,-0.129,847541,847807,NW_019862810.1_847541_847807
LOC112048610,NW_019862748.1,-,SE,0.000107175,-0.037,2694779,2695116,NW_019862748.1_2694779_2695116
LOC112054218,NW_019862748.1,-,SE,0.032289264,-0.075,4573436,4573750,NW_019862748.1_4573436_4573750
LOC112045528,NW_019862834.1,+,SE,4.62E-08,0.435,395767,396111,NW_019862834.1_395767_396111
LOC112055813,NW_019862762.1,+,SE,5.06E-05,-0.104,2059977,2060315,NW_019862762.1_2059977_2060315
LOC112055740,NW_019862762.1,-,SE,0.020207948,-0.16,1937200,1937427,NW_019862762.1_1937200_1937427
LOC112048640,NW_019862938.1,-,SE,9.66E-06,-0.111,94029,94325,NW_019862938.1_94029_94325
LOC112048640,NW_019862938.1,-,SE,0.008882923,-0.084,94029,94325,NW_019862938.1_94029_94325
LOC112048640,NW_019862938.1,-,SE,1.27E-05,-0.066,151637,151951,NW_019862938.1_151637_151951
LOC112048640,NW_019862938.1,-,SE,0.009987063,0.021,153236,153550,NW_019862938.1_153236_153550
LOC112048640,NW_019862938.1,-,SE,4.52E-06,0.171,153236,153550,NW_019862938.1_153236_153550
LOC112055306,NW_019862762.1,-,SE,0.000119624,0.091,228199,228477,NW_019862762.1_228199_228477
LOC112045793,NW_019862752.1,+,SE,0.003486387,-0.269,1288851,1289209,NW_019862752.1_1288851_1289209
LOC112047743,NW_019862903.1,-,SE,0.004632491,0.036,404255,404506,NW_019862903.1_404255_404506
LOC112045364,NW_019862829.1,-,SE,0.039248733,0.266,595098,596483,NW_019862829.1_595098_596483
LOC112044486,NW_019862810.1,+,SE,2.71E-05,0.426,617113,617385,NW_019862810.1_617113_617385
LOC112046526,NW_019862860.1,+,SE,0.014291159,0.387,268884,269295,NW_019862860.1_268884_269295
LOC112046526,NW_019862860.1,+,SE,0.014291159,0.387,268940,269295,NW_019862860.1_268940_269295
LOC112045373,NW_019862752.1,-,SE,0.010032123,0.109,280974,281276,NW_019862752.1_280974_281276
LOC112048139,NW_019862918.1,+,SE,7.04E-06,0.064,509720,510044,NW_019862918.1_509720_510044
LOC112055865,NW_019863641.1,-,SE,1.07E-11,-0.187,65146,65505,NW_019863641.1_65146_65505
LOC112044505,NW_019862810.1,-,SE,0.002118259,0.198,1091853,1092116,NW_019862810.1_1091853_1092116
LOC112050417,NW_019862756.1,+,SE,0,0.582,1857553,1857816,NW_019862756.1_1857553_1857816
LOC112050417,NW_019862756.1,+,SE,0.000157282,0.031,1857553,1857816,NW_019862756.1_1857553_1857816
LOC112054363,NW_019863351.1,-,SE,0.001314064,0.108,116411,116713,NW_019863351.1_116411_116713
LOC112057179,NW_019864469.1,+,SE,8.59E-07,-0.045,5547,6007,NW_019864469.1_5547_6007
LOC112044894,NW_019862751.1,-,SE,0.028750476,-0.122,1713508,1713919,NW_019862751.1_1713508_1713919
LOC112044683,NW_019862751.1,-,SE,0.000975435,0.041,1005197,1005636,NW_019862751.1_1005197_1005636
LOC112045796,NW_019862841.1,-,SE,6.51E-05,0.26,313951,314244,NW_019862841.1_313951_314244
LOC112047022,NW_019862880.1,-,SE,0.010617833,-0.063,631526,631856,NW_019862880.1_631526_631856
LOC112048033,NW_019862754.1,-,SE,1.76E-06,-0.161,1464804,1465054,NW_019862754.1_1464804_1465054
LOC112048033,NW_019862754.1,-,SE,0,0.229,1468015,1468275,NW_019862754.1_1468015_1468275
LOC112048033,NW_019862754.1,-,SE,2.85E-11,0.181,1468015,1468275,NW_019862754.1_1468015_1468275
LOC112053443,NW_019862760.1,+,SE,3.08E-05,-0.072,55165,55691,NW_019862760.1_55165_55691
LOC112053443,NW_019862760.1,+,SE,9.88E-07,-0.106,55360,55691,NW_019862760.1_55360_55691
LOC112053443,NW_019862760.1,+,SE,5.65E-08,-0.099,55370,55691,NW_019862760.1_55370_55691
LOC112058272,NW_019862773.1,+,SE,0.002180129,0.116,645445,646582,NW_019862773.1_645445_646582
LOC112044395,NW_019862808.1,-,SE,4.67E-07,-0.302,888357,888695,NW_019862808.1_888357_888695
LOC112055393,NW_019862762.1,+,SE,2.57E-07,-0.23,275780,276098,NW_019862762.1_275780_276098
LOC112043861,NW_019862799.1,+,SE,0.011290646,-0.029,1081053,1081289,NW_019862799.1_1081053_1081289
LOC112043861,NW_019862799.1,+,SE,0,0.235,1084515,1085708,NW_019862799.1_1084515_1085708
LOC112054077,NW_019863315.1,+,SE,0.017642263,0.215,109047,109325,NW_019863315.1_109047_109325
LOC112048826,NW_019862946.1,+,SE,0.045931645,-0.108,522375,522641,NW_019862946.1_522375_522641
LOC112052382,NW_019863144.1,-,SE,0.001278459,-0.03,246707,247048,NW_019863144.1_246707_247048
LOC112056668,NW_019863935.1,+,SE,0.000286112,-0.054,26271,26661,NW_019863935.1_26271_26661
LOC112056668,NW_019863935.1,+,SE,1.66E-05,0.031,28737,29066,NW_019863935.1_28737_29066
LOC112056668,NW_019863935.1,+,SE,7.53E-10,0.567,28737,29066,NW_019863935.1_28737_29066
LOC112049870,NW_019862756.1,-,SE,0,-0.296,646951,647275,NW_019862756.1_646951_647275
LOC112046887,NW_019862874.1,-,SE,1.30E-06,-0.021,20845,21197,NW_019862874.1_20845_21197
LOC112046887,NW_019862874.1,-,SE,0,0.091,21101,21419,NW_019862874.1_21101_21419
LOC112046887,NW_019862874.1,-,SE,0.000353892,0.259,21101,21419,NW_019862874.1_21101_21419
LOC112046887,NW_019862874.1,-,SE,0.009892862,0.362,22190,22611,NW_019862874.1_22190_22611
LOC112046887,NW_019862874.1,-,SE,0,0.12,22190,22611,NW_019862874.1_22190_22611
LOC112046887,NW_019862874.1,-,SE,5.58E-09,0.452,22190,22611,NW_019862874.1_22190_22611
LOC112043130,NW_019862786.1,-,SE,0.000617778,0.329,1108378,1108698,NW_019862786.1_1108378_1108698
LOC112043130,NW_019862786.1,-,SE,0.010734692,0.246,1108390,1108698,NW_019862786.1_1108390_1108698
LOC112043822,NW_019862799.1,-,SE,0.000238113,0.04,647441,647716,NW_019862799.1_647441_647716
LOC112052165,NW_019863131.1,-,SE,0.003355896,-0.105,125165,125470,NW_019863131.1_125165_125470
LOC112053743,NW_019863277.1,-,SE,0.009071086,0.273,31035,31349,NW_019863277.1_31035_31349
LOC112053743,NW_019863277.1,-,SE,0.00152332,0.306,31369,31734,NW_019863277.1_31369_31734
LOC112052839,NW_019862748.1,-,SE,0.037641721,0.041,4100308,4100634,NW_019862748.1_4100308_4100634
LOC112044076,NW_019862803.1,-,SE,0.016816155,0.12,43313,43555,NW_019862803.1_43313_43555
LOC112044076,NW_019862803.1,-,SE,0.000265558,-0.04,44191,45062,NW_019862803.1_44191_45062
LOC112048433,NW_019862930.1,+,SE,0,-0.14,417761,417970,NW_019862930.1_417761_417970
LOC112054440,NW_019863357.1,+,SE,0.005189063,0.015,134183,134482,NW_019863357.1_134183_134482
LOC112054440,NW_019863357.1,+,SE,4.98E-14,-0.104,134896,135195,NW_019863357.1_134896_135195
LOC112043538,NW_019862792.1,-,SE,0.001868139,-0.248,113557,113940,NW_019862792.1_113557_113940
LOC112045150,NW_019862825.1,-,SE,0.008082186,0.038,851746,852107,NW_019862825.1_851746_852107
LOC112042788,NW_019862748.1,+,SE,2.63E-07,-0.088,4258,4611,NW_019862748.1_4258_4611
LOC112058550,NW_019862778.1,-,SE,4.98E-14,0.127,1102868,1103181,NW_019862778.1_1102868_1103181
LOC112058550,NW_019862778.1,-,SE,1.24E-05,-0.009,1103134,1103465,NW_019862778.1_1103134_1103465
LOC112058550,NW_019862778.1,-,SE,9.74E-14,-0.121,1103134,1103465,NW_019862778.1_1103134_1103465
LOC112052001,NW_019863118.1,-,SE,0.004943339,-0.047,161542,162366,NW_019863118.1_161542_162366
LOC112047231,NW_019862885.1,-,SE,0,0.223,592659,593054,NW_019862885.1_592659_593054
LOC112051523,NW_019863087.1,+,SE,0,0.162,159548,159951,NW_019863087.1_159548_159951
LOC112051523,NW_019863087.1,+,SE,8.82E-05,0.074,179021,179357,NW_019863087.1_179021_179357
LOC112051523,NW_019863087.1,+,SE,9.77E-11,-0.135,179358,179694,NW_019863087.1_179358_179694
LOC112052337,NW_019863141.1,-,SE,0.000917936,0.031,172618,172926,NW_019863141.1_172618_172926
LOC112043143,NW_019862749.1,+,SE,0.016846657,-0.14,2853199,2853445,NW_019862749.1_2853199_2853445
LOC112044491,NW_019862810.1,+,SE,0.003830735,-0.047,734430,734744,NW_019862810.1_734430_734744
LOC112049703,NW_019862985.1,+,SE,0.002366302,-0.038,428313,428609,NW_019862985.1_428313_428609
LOC112056771,NW_019863975.1,-,SE,0,-0.652,14764,15051,NW_019863975.1_14764_15051
LOC112058257,NW_019862773.1,-,SE,0.027491418,-0.159,336564,336990,NW_019862773.1_336564_336990
LOC112048542,NW_019862934.1,+,SE,5.51E-09,0.127,354474,354762,NW_019862934.1_354474_354762
LOC112058474,NW_019862777.1,-,SE,3.88E-12,-0.186,806358,806612,NW_019862777.1_806358_806612
LOC112053596,NW_019863259.1,+,SE,3.53E-07,0.04,294739,295002,NW_019863259.1_294739_295002
LOC112046039,NW_019862846.1,-,SE,0.002118259,0.036,83405,83783,NW_019862846.1_83405_83783
LOC112048517,NW_019862933.1,-,SE,0.003886009,-0.049,589989,590216,NW_019862933.1_589989_590216
nbis-pseudo47,NW_019862940.1,-,SE,3.03E-07,-0.234,37142,37420,NW_019862940.1_37142_37420
LOC112056844,NW_019864022.1,+,SE,0.009252381,0.018,16604,16975,NW_019864022.1_16604_16975
LOC112044077,NW_019862803.1,+,SE,0.001622467,-0.174,139309,139644,NW_019862803.1_139309_139644
LOC112044077,NW_019862803.1,+,SE,0.023049728,-0.398,139309,139644,NW_019862803.1_139309_139644
LOC112046929,NW_019862877.1,+,SE,5.50E-11,0.16,565725,565968,NW_019862877.1_565725_565968
LOC112051026,NW_019863057.1,+,SE,0.003139434,0.16,106993,107265,NW_019863057.1_106993_107265
LOC112049487,NW_019862976.1,-,SE,0.001163511,0.284,249996,250268,NW_019862976.1_249996_250268
LOC112046963,NW_019862879.1,+,SE,2.20E-07,0.064,51711,52009,NW_019862879.1_51711_52009
LOC112057754,NW_019862766.1,-,SE,0.010264142,0.17,143638,143874,NW_019862766.1_143638_143874
LOC112049052,NW_019862956.1,-,SE,0.026520988,-0.34,503823,504391,NW_019862956.1_503823_504391
LOC112047434,NW_019862893.1,-,SE,0,-0.354,382005,382675,NW_019862893.1_382005_382675
LOC112057979,NW_019862770.1,-,SE,3.10E-05,-0.099,887918,888220,NW_019862770.1_887918_888220
LOC112046194,NW_019862752.1,+,SE,0.000121084,0.031,2070017,2070621,NW_019862752.1_2070017_2070621
LOC112043196,NW_019862787.1,-,SE,0.00106483,0.06,1431820,1432041,NW_019862787.1_1431820_1432041
LOC112052850,NW_019863181.1,-,SE,0.000146775,0.049,57753,58052,NW_019863181.1_57753_58052
LOC112046874,NW_019862874.1,+,SE,3.75E-05,-0.172,41247,41519,NW_019862874.1_41247_41519
LOC112046874,NW_019862874.1,+,SE,9.92E-05,-0.223,42144,42697,NW_019862874.1_42144_42697
LOC112049937,NW_019862998.1,-,SE,0.000100561,0.191,465894,466172,NW_019862998.1_465894_466172
LOC112043045,NW_019862784.1,+,SE,3.12E-05,0.05,1522774,1523118,NW_019862784.1_1522774_1523118
LOC112056774,NW_019863976.1,+,SE,0.002210728,0.371,63250,63579,NW_019863976.1_63250_63579
LOC112051030,NW_019863058.1,-,SE,0.04070944,-0.039,181339,181708,NW_019863058.1_181339_181708
LOC112046226,NW_019862850.1,+,SE,2.02E-06,-0.17,552052,552388,NW_019862850.1_552052_552388
LOC112054600,NW_019863381.1,-,SE,1.06E-06,-0.062,53907,54176,NW_019863381.1_53907_54176
LOC112051526,NW_019863087.1,+,SE,0.000340046,-0.508,85875,86291,NW_019863087.1_85875_86291
LOC112046073,NW_019862847.1,+,SE,2.68E-05,-0.335,524993,525260,NW_019862847.1_524993_525260
LOC112046036,NW_019862846.1,-,SE,5.50E-11,-0.09,635987,636746,NW_019862846.1_635987_636746
LOC112051181,NW_019863067.1,-,SE,0.008621082,0.037,298657,299437,NW_019863067.1_298657_299437
LOC112051181,NW_019863067.1,-,SE,0.007752442,0.395,317601,317830,NW_019863067.1_317601_317830
LOC112050847,NW_019863046.1,-,SE,0,-0.113,229291,229569,NW_019863046.1_229291_229569
LOC112043032,NW_019862784.1,-,SE,0,0.193,1173581,1173841,NW_019862784.1_1173581_1173841
LOC112054036,NW_019863307.1,+,SE,2.04E-07,0.454,140541,140896,NW_019863307.1_140541_140896
LOC112051066,NW_019863061.1,-,SE,0,-0.367,258073,258351,NW_019863061.1_258073_258351
LOC112046143,NW_019862849.1,+,SE,0.006838598,-0.049,160343,160641,NW_019862849.1_160343_160641
LOC112049794,NW_019862756.1,-,SE,4.49E-09,-0.033,385647,385929,NW_019862756.1_385647_385929
LOC112045576,NW_019862752.1,+,SE,0.003275379,-0.42,860512,860768,NW_019862752.1_860512_860768
LOC112044786,NW_019862817.1,+,SE,4.14E-13,0.153,120956,121355,NW_019862817.1_120956_121355
LOC112049503,NW_019862976.1,-,SE,0,0.315,436098,436361,NW_019862976.1_436098_436361
LOC112049503,NW_019862976.1,-,SE,4.98E-14,-0.018,436973,437236,NW_019862976.1_436973_437236
LOC112049503,NW_019862976.1,-,SE,4.10E-07,0.056,436973,437236,NW_019862976.1_436973_437236
LOC112049503,NW_019862976.1,-,SE,0,-0.111,436973,437236,NW_019862976.1_436973_437236
LOC112049503,NW_019862976.1,-,SE,0.001878431,-0.095,440126,440397,NW_019862976.1_440126_440397
LOC112049503,NW_019862976.1,-,SE,0.016927448,0.14,441669,441940,NW_019862976.1_441669_441940
LOC112049503,NW_019862976.1,-,SE,0.005343438,0.055,441669,441940,NW_019862976.1_441669_441940
LOC112049503,NW_019862976.1,-,SE,0,0.226,441669,441940,NW_019862976.1_441669_441940
LOC112048417,NW_019862929.1,-,SE,0.02500105,0.038,267612,267900,NW_019862929.1_267612_267900
LOC112051905,NW_019863111.1,-,SE,4.98E-11,0.051,146720,147013,NW_019863111.1_146720_147013
LOC112046462,NW_019862858.1,+,SE,0,0.048,451202,451450,NW_019862858.1_451202_451450
LOC112043224,NW_019862787.1,-,SE,0.000385761,-0.078,835118,835559,NW_019862787.1_835118_835559
LOC112058154,NW_019862772.1,+,SE,0.014614553,0.062,1084870,1085147,NW_019862772.1_1084870_1085147
LOC112055566,NW_019863550.1,-,SE,0.032977239,-0.015,103016,103385,NW_019863550.1_103016_103385
LOC112055566,NW_019863550.1,-,SE,0.034443037,-0.013,103016,103391,NW_019863550.1_103016_103391
LOC112058542,NW_019862778.1,-,SE,1.04E-05,-0.186,1049804,1050167,NW_019862778.1_1049804_1050167
LOC112057654,NW_019862765.1,-,SE,0.003004146,0.11,51513,51792,NW_019862765.1_51513_51792
LOC112048503,NW_019862933.1,+,SE,0.01411311,0.227,113926,114322,NW_019862933.1_113926_114322
LOC112048503,NW_019862933.1,+,SE,0,0.22,113926,114322,NW_019862933.1_113926_114322
LOC112055327,NW_019863501.1,+,SE,0.00273861,0.066,66059,67207,NW_019863501.1_66059_67207
LOC112042929,NW_019862782.1,+,SE,6.62E-08,-0.096,926862,927113,NW_019862782.1_926862_927113
LOC112054606,NW_019863381.1,-,SE,0.017642263,0.131,116719,117053,NW_019863381.1_116719_117053
LOC112042935,NW_019862782.1,-,SE,0.001793217,0.252,1150792,1151036,NW_019862782.1_1150792_1151036
LOC112042935,NW_019862782.1,-,SE,7.77E-05,-0.227,1151710,1152090,NW_019862782.1_1151710_1152090
LOC112042935,NW_019862782.1,-,SE,4.30E-09,-0.058,1151710,1152090,NW_019862782.1_1151710_1152090
LOC112042935,NW_019862782.1,-,SE,9.86E-06,0.064,1173249,1173698,NW_019862782.1_1173249_1173698
LOC112042935,NW_019862782.1,-,SE,0.00016304,0.033,1175793,1176092,NW_019862782.1_1175793_1176092
LOC112046440,NW_019862857.1,-,SE,0.006838598,0.015,64682,65071,NW_019862857.1_64682_65071
LOC112046440,NW_019862857.1,-,SE,4.04E-11,0.027,64682,65071,NW_019862857.1_64682_65071
LOC112046440,NW_019862857.1,-,SE,1.47E-06,0.016,65638,66012,NW_019862857.1_65638_66012
LOC112044142,NW_019862748.1,-,SE,9.73E-08,-0.144,1108668,1108973,NW_019862748.1_1108668_1108973
LOC112048050,NW_019862754.1,-,SE,0.000144653,0.092,1606504,1606805,NW_019862754.1_1606504_1606805
LOC112048050,NW_019862754.1,-,SE,8.78E-09,-0.169,1606504,1606805,NW_019862754.1_1606504_1606805
LOC112048050,NW_019862754.1,-,SE,5.55E-08,-0.251,1609421,1609725,NW_019862754.1_1609421_1609725
LOC112048050,NW_019862754.1,-,SE,0.000191048,-0.072,1609421,1609725,NW_019862754.1_1609421_1609725
LOC112048050,NW_019862754.1,-,SE,2.59E-14,0.033,1610691,1610992,NW_019862754.1_1610691_1610992
LOC112048050,NW_019862754.1,-,SE,0,0.053,1610691,1610992,NW_019862754.1_1610691_1610992
LOC112045098,NW_019862823.1,-,SE,0.046572554,-0.102,98027,98287,NW_019862823.1_98027_98287
LOC112043271,NW_019862788.1,-,SE,0.000224437,-0.211,45684,47384,NW_019862788.1_45684_47384
LOC112057145,NW_019864371.1,-,SE,0.019339434,-0.207,10266,10534,NW_019864371.1_10266_10534
LOC112048557,NW_019862935.1,+,SE,0.000269377,0.178,33330,33735,NW_019862935.1_33330_33735
LOC112052860,NW_019863182.1,+,SE,7.53E-10,0.104,36504,36764,NW_019863182.1_36504_36764
LOC112058572,NW_019862778.1,+,SE,0.001241786,0.102,1382178,1382479,NW_019862778.1_1382178_1382479
LOC112048772,NW_019862755.1,-,SE,0.000157319,-0.062,1113824,1114054,NW_019862755.1_1113824_1114054
LOC112046859,NW_019862748.1,-,SE,0.003407288,0.129,1930884,1931240,NW_019862748.1_1930884_1931240
LOC112046190,NW_019862850.1,-,SE,2.04E-12,-0.072,415372,415665,NW_019862850.1_415372_415665
LOC112054615,NW_019863384.1,-,SE,0.000513643,-0.041,94661,94994,NW_019863384.1_94661_94994
LOC112045861,NW_019862842.1,-,SE,1.05E-07,-0.116,608758,609073,NW_019862842.1_608758_609073
LOC112046693,NW_019862867.1,+,SE,0,-0.141,672456,672719,NW_019862867.1_672456_672719
LOC112046693,NW_019862867.1,+,SE,5.19E-07,-0.206,672456,672719,NW_019862867.1_672456_672719
LOC112046693,NW_019862867.1,+,SE,3.98E-06,0.056,673743,674132,NW_019862867.1_673743_674132
LOC112046693,NW_019862867.1,+,SE,0,0.203,673743,674132,NW_019862867.1_673743_674132
LOC112053273,NW_019863223.1,-,SE,1.14E-05,-0.175,83333,83572,NW_019863223.1_83333_83572
LOC112048035,NW_019862913.1,-,SE,5.09E-08,-0.067,291440,291873,NW_019862913.1_291440_291873
LOC112048035,NW_019862913.1,-,SE,2.09E-05,-0.046,291440,291873,NW_019862913.1_291440_291873
LOC112048035,NW_019862913.1,-,SE,4.48E-10,-0.082,291440,291882,NW_019862913.1_291440_291882
LOC112048035,NW_019862913.1,-,SE,1.06E-06,-0.057,291440,291882,NW_019862913.1_291440_291882
LOC112048035,NW_019862913.1,-,SE,1.45E-07,-0.341,312890,313514,NW_019862913.1_312890_313514
LOC112048035,NW_019862913.1,-,SE,0.012528567,-0.117,312890,313514,NW_019862913.1_312890_313514
LOC112049613,NW_019862981.1,+,SE,0,-0.177,229513,229788,NW_019862981.1_229513_229788
LOC112049613,NW_019862981.1,+,SE,0,-0.298,233116,233364,NW_019862981.1_233116_233364
LOC112049613,NW_019862981.1,+,SE,0,-0.301,236496,236838,NW_019862981.1_236496_236838
LOC112052763,NW_019863173.1,+,SE,0.001635334,-0.045,78792,79122,NW_019863173.1_78792_79122
LOC112049399,NW_019862971.1,+,SE,2.59E-14,0.067,208769,209065,NW_019862971.1_208769_209065
LOC112053190,NW_019862759.1,+,SE,0.032721794,-0.179,2168402,2168794,NW_019862759.1_2168402_2168794
LOC112048215,NW_019862921.1,-,SE,0.000397835,-0.057,490452,490725,NW_019862921.1_490452_490725
LOC112044124,NW_019862804.1,-,SE,0.013796692,-0.232,514278,514584,NW_019862804.1_514278_514584
LOC112048202,NW_019862921.1,-,SE,3.16E-05,-0.136,323380,323669,NW_019862921.1_323380_323669
LOC112045257,NW_019862827.1,-,SE,0.001990049,-0.092,199979,200227,NW_019862827.1_199979_200227
LOC112057718,NW_019862765.1,+,SE,4.98E-14,0.219,1773779,1774045,NW_019862765.1_1773779_1774045
LOC112057718,NW_019862765.1,+,SE,4.09E-07,0.377,1773785,1774045,NW_019862765.1_1773785_1774045
LOC112051626,NW_019863091.1,-,SE,3.65E-06,-0.301,139982,140272,NW_019863091.1_139982_140272
LOC112043025,NW_019862784.1,-,SE,0.003545277,0.023,1127442,1127770,NW_019862784.1_1127442_1127770
LOC112051807,NW_019863105.1,-,SE,0.035481055,-0.018,82154,82504,NW_019863105.1_82154_82504
LOC112052587,NW_019863160.1,+,SE,4.47E-06,-0.051,177951,178229,NW_019863160.1_177951_178229
LOC112057756,NW_019862766.1,-,SE,7.00E-06,-0.015,160507,161032,NW_019862766.1_160507_161032
LOC112048155,NW_019862918.1,-,SE,0.000496465,0.272,619081,619467,NW_019862918.1_619081_619467
LOC112047134,NW_019862882.1,-,SE,0.002137115,-0.084,418692,419471,NW_019862882.1_418692_419471
LOC112054303,NW_019863340.1,-,SE,0.007764061,-0.199,167429,167743,NW_019863340.1_167429_167743
LOC112055996,NW_019863677.1,+,SE,0.001483069,0.047,63065,63401,NW_019863677.1_63065_63401
LOC112055996,NW_019863677.1,+,SE,0.030016968,-0.177,67143,67415,NW_019863677.1_67143_67415
LOC112051191,NW_019863068.1,+,SE,0.009056796,0.104,143774,144178,NW_019863068.1_143774_144178
LOC112052714,NW_019862759.1,-,SE,7.24E-12,0.051,609480,609777,NW_019862759.1_609480_609777
LOC112054727,NW_019863402.1,-,SE,0.026652038,0.116,71190,71471,NW_019863402.1_71190_71471
LOC112046777,NW_019862870.1,-,SE,5.98E-08,-0.151,654867,655160,NW_019862870.1_654867_655160
LOC112051327,NW_019863075.1,+,SE,0,-0.1,316110,316331,NW_019863075.1_316110_316331
LOC112048087,NW_019862916.1,-,SE,0.004883008,-0.244,148557,148839,NW_019862916.1_148557_148839
LOC112048087,NW_019862916.1,-,SE,0.000276256,-0.204,150201,150454,NW_019862916.1_150201_150454
LOC112058001,NW_019862770.1,-,SE,0.028687918,0.098,1515276,1515678,NW_019862770.1_1515276_1515678
LOC112056072,NW_019863696.1,-,SE,7.87E-07,-0.201,26291,26557,NW_019863696.1_26291_26557
LOC112054442,NW_019863357.1,+,SE,0.003843886,0.208,165184,165444,NW_019863357.1_165184_165444
LOC112048533,NW_019862934.1,-,SE,0.005244306,-0.083,176221,176499,NW_019862934.1_176221_176499
LOC112048533,NW_019862934.1,-,SE,1.35E-07,-0.359,176221,176499,NW_019862934.1_176221_176499
LOC112048533,NW_019862934.1,-,SE,0.000926222,-0.033,176635,176934,NW_019862934.1_176635_176934
LOC112048533,NW_019862934.1,-,SE,0.000888817,0.336,180523,180822,NW_019862934.1_180523_180822
LOC112048533,NW_019862934.1,-,SE,0.026744906,-0.052,180904,181203,NW_019862934.1_180904_181203
LOC112048533,NW_019862934.1,-,SE,0,0.034,181626,181913,NW_019862934.1_181626_181913
LOC112047485,NW_019862894.1,-,SE,0.000882814,0.059,901513,901762,NW_019862894.1_901513_901762
LOC112053737,NW_019863277.1,+,SE,0.019773021,0.172,17166,17396,NW_019863277.1_17166_17396
LOC112051386,NW_019863079.1,+,SE,1.92E-07,0.457,75555,75919,NW_019863079.1_75555_75919
LOC112045726,NW_019862839.1,-,SE,0.048173881,0.048,807518,807886,NW_019862839.1_807518_807886
LOC112045726,NW_019862839.1,-,SE,0.032343836,0.053,807518,807928,NW_019862839.1_807518_807928
LOC112058432,NW_019862776.1,-,SE,0.003621974,0.134,1161798,1162201,NW_019862776.1_1161798_1162201
LOC112047876,NW_019862907.1,-,SE,0.000154235,0.27,7628,8044,NW_019862907.1_7628_8044
LOC112043377,NW_019862789.1,+,SE,2.26E-08,0.06,846868,847209,NW_019862789.1_846868_847209
LOC112053401,NW_019863238.1,-,SE,2.58E-10,-0.105,205597,205875,NW_019863238.1_205597_205875
LOC112051981,NW_019863117.1,+,SE,0,0.055,258092,258418,NW_019863117.1_258092_258418
LOC112056937,NW_019862764.1,+,SE,0.030210795,-0.02,1063483,1063856,NW_019862764.1_1063483_1063856
LOC112043159,NW_019862786.1,-,SE,1.36E-06,0.058,1009063,1009454,NW_019862786.1_1009063_1009454
LOC112047079,NW_019862881.1,-,SE,8.54E-05,-0.536,232227,232653,NW_019862881.1_232227_232653
LOC112057117,NW_019862764.1,-,SE,0.000437452,0.13,1703724,1703987,NW_019862764.1_1703724_1703987
LOC112045217,NW_019862826.1,-,SE,1.10E-08,0.119,205683,206207,NW_019862826.1_205683_206207
LOC112056078,NW_019863697.1,+,SE,0.006187597,0.014,11605,11996,NW_019863697.1_11605_11996
LOC112050507,NW_019863027.1,+,SE,1.27E-05,0.055,22732,23203,NW_019863027.1_22732_23203
LOC112049660,NW_019862756.1,+,SE,0.006025079,0.104,185089,185471,NW_019862756.1_185089_185471
LOC112058156,NW_019862772.1,-,SE,3.01E-06,0.425,1144921,1145232,NW_019862772.1_1144921_1145232
LOC112058156,NW_019862772.1,-,SE,4.74E-06,0.421,1144921,1145235,NW_019862772.1_1144921_1145235
LOC112058156,NW_019862772.1,-,SE,5.04E-07,-0.572,1145428,1145742,NW_019862772.1_1145428_1145742
LOC112058156,NW_019862772.1,-,SE,0.000461487,-0.329,1145428,1145742,NW_019862772.1_1145428_1145742
LOC112053945,NW_019863297.1,+,SE,0.009071086,0.019,169336,169644,NW_019863297.1_169336_169644
LOC112057294,NW_019862764.1,-,SE,0.000943129,-0.273,2261433,2261749,NW_019862764.1_2261433_2261749
LOC112055427,NW_019863522.1,-,SE,2.25E-10,-0.196,74793,75175,NW_019863522.1_74793_75175
LOC112055427,NW_019863522.1,-,SE,2.38E-08,0.287,75356,75738,NW_019863522.1_75356_75738
LOC112048341,NW_019862926.1,-,SE,0.000153361,0.104,233150,234633,NW_019862926.1_233150_234633
LOC112053895,NW_019863292.1,-,SE,2.59E-14,0.12,32545,32847,NW_019863292.1_32545_32847
LOC112053886,NW_019863292.1,+,SE,0,0.048,127035,127340,NW_019863292.1_127035_127340
LOC112053886,NW_019863292.1,+,SE,6.29E-08,-0.066,155863,156202,NW_019863292.1_155863_156202
LOC112058397,NW_019862776.1,-,SE,0.001591545,0.016,325635,325996,NW_019862776.1_325635_325996
LOC112045812,NW_019862841.1,+,SE,0.000313678,-0.343,283223,283688,NW_019862841.1_283223_283688
LOC112058418,NW_019862776.1,-,SE,1.24E-05,0.021,802238,802642,NW_019862776.1_802238_802642
LOC112052044,NW_019862748.1,+,SE,6.40E-10,0.05,3964114,3964393,NW_019862748.1_3964114_3964393
LOC112057904,NW_019862768.1,+,SE,4.69E-07,-0.169,1829724,1829957,NW_019862768.1_1829724_1829957
LOC112057887,NW_019862768.1,+,SE,0.000151982,-0.05,1139339,1139641,NW_019862768.1_1139339_1139641
LOC112043022,NW_019862784.1,+,SE,0.002100821,-0.05,1095945,1096366,NW_019862784.1_1095945_1096366
LOC112048342,NW_019862926.1,+,SE,6.49E-06,0.026,213611,215064,NW_019862926.1_213611_215064
LOC112046732,NW_019862869.1,-,SE,0,-0.125,35511,35753,NW_019862869.1_35511_35753
LOC112058072,NW_019862771.1,+,SE,0.009776095,0.023,499915,500643,NW_019862771.1_499915_500643
LOC112056170,NW_019863725.1,+,SE,0.015993846,-0.04,29762,30045,NW_019863725.1_29762_30045
LOC112053862,NW_019863290.1,+,SE,6.09E-11,-0.095,191550,192003,NW_019863290.1_191550_192003
LOC112049644,NW_019862982.1,-,SE,0,-0.017,393097,393444,NW_019862982.1_393097_393444
LOC112051314,NW_019862757.1,-,SE,2.08E-09,0.303,2506529,2506903,NW_019862757.1_2506529_2506903
LOC112042916,NW_019862781.1,-,SE,0.002754582,0.061,998415,998852,NW_019862781.1_998415_998852
LOC112055966,NW_019863669.1,-,SE,0.003235633,0.032,43652,43993,NW_019863669.1_43652_43993
LOC112053155,NW_019863213.1,+,SE,0.032850043,0.03,136566,139499,NW_019863213.1_136566_139499
LOC112047355,NW_019862890.1,-,SE,1.09E-10,-0.113,330527,330880,NW_019862890.1_330527_330880
LOC112047355,NW_019862890.1,-,SE,0.000102728,-0.056,330527,330880,NW_019862890.1_330527_330880
LOC112055815,NW_019863623.1,-,SE,0.000542494,0.173,35802,36164,NW_019863623.1_35802_36164
LOC112047417,NW_019862753.1,-,SE,0.037068271,-0.038,321103,321453,NW_019862753.1_321103_321453
LOC112047055,NW_019862753.1,-,SE,5.99E-06,-0.028,1467003,1467278,NW_019862753.1_1467003_1467278
LOC112047286,NW_019862753.1,+,SE,0.004358607,-0.118,2124837,2125088,NW_019862753.1_2124837_2125088
LOC112043134,NW_019862786.1,-,SE,1.92E-05,-0.127,321897,322175,NW_019862786.1_321897_322175
LOC112043162,NW_019862786.1,-,SE,4.90E-05,0.131,1008007,1008272,NW_019862786.1_1008007_1008272
LOC112051494,NW_019863086.1,+,SE,4.76E-07,0.089,218802,219173,NW_019863086.1_218802_219173
LOC112058541,NW_019862778.1,+,SE,1.73E-06,-0.18,1039580,1039830,NW_019862778.1_1039580_1039830
LOC112058541,NW_019862778.1,+,SE,0.007622397,0.044,1039786,1040044,NW_019862778.1_1039786_1040044
LOC112052488,NW_019862759.1,+,SE,0.037932483,-0.03,191296,191598,NW_019862759.1_191296_191598
LOC112052488,NW_019862759.1,+,SE,0.041598074,-0.042,191296,191634,NW_019862759.1_191296_191634
LOC112052608,NW_019862759.1,-,SE,3.37E-08,0.122,378086,378361,NW_019862759.1_378086_378361
LOC112052663,NW_019862759.1,+,SE,6.46E-10,-0.228,536425,536768,NW_019862759.1_536425_536768
LOC112052990,NW_019863194.1,+,SE,0.002125424,0.095,60478,61008,NW_019863194.1_60478_61008
LOC112046593,NW_019862863.1,+,SE,1.63E-06,-0.162,284226,284618,NW_019862863.1_284226_284618
LOC112042794,NW_019862779.1,+,SE,0.001180595,0.017,1050610,1050978,NW_019862779.1_1050610_1050978
LOC112049977,NW_019863000.1,-,SE,0.018317205,-0.414,328739,329015,NW_019863000.1_328739_329015
LOC112049977,NW_019863000.1,-,SE,0.001483069,-0.283,328739,329015,NW_019863000.1_328739_329015
LOC112050124,NW_019863006.1,-,SE,1.49E-06,0.193,260976,261368,NW_019863006.1_260976_261368
LOC112052636,NW_019863165.1,+,SE,0.000324895,0.139,222339,222625,NW_019863165.1_222339_222625
LOC112052636,NW_019863165.1,+,SE,8.45E-05,-0.083,223472,223761,NW_019863165.1_223472_223761
LOC112049876,NW_019862995.1,+,SE,0.048041237,0.109,44087,44419,NW_019862995.1_44087_44419
LOC112049156,NW_019862755.1,+,SE,0.026625518,-0.207,2502092,2502533,NW_019862755.1_2502092_2502533
LOC112043821,NW_019862799.1,+,SE,0.001637427,-0.041,39314,39568,NW_019862799.1_39314_39568
LOC112043847,NW_019862799.1,-,SE,4.53E-07,0.037,703912,704343,NW_019862799.1_703912_704343
LOC112043847,NW_019862799.1,-,SE,2.10E-08,0.248,703912,704343,NW_019862799.1_703912_704343
LOC112043851,NW_019862799.1,+,SE,0.007720559,-0.179,888203,888617,NW_019862799.1_888203_888617
LOC112043866,NW_019862799.1,+,SE,1.63E-06,-0.089,1281212,1281511,NW_019862799.1_1281212_1281511
LOC112049142,NW_019862961.1,-,SE,1.00E-06,0.106,360842,361242,NW_019862961.1_360842_361242
LOC112055547,NW_019863549.1,-,SE,0.00220448,-0.403,43054,43427,NW_019863549.1_43054_43427
LOC112047309,NW_019862887.1,+,SE,2.89E-05,0.057,434793,435111,NW_019862887.1_434793_435111
LOC112055453,NW_019863525.1,-,SE,4.58E-12,-0.071,113982,114260,NW_019863525.1_113982_114260
LOC112048291,NW_019862924.1,-,SE,0.025376162,-0.013,325778,326110,NW_019862924.1_325778_326110
LOC112048291,NW_019862924.1,-,SE,0.001292589,-0.039,328025,328270,NW_019862924.1_328025_328270
LOC112048291,NW_019862924.1,-,SE,5.23E-06,-0.129,328412,328648,NW_019862924.1_328412_328648
LOC112042894,NW_019862781.1,+,SE,3.21E-05,-0.11,921441,921749,NW_019862781.1_921441_921749
LOC112042894,NW_019862781.1,+,SE,0.042416615,0.276,921804,922118,NW_019862781.1_921804_922118
LOC112042894,NW_019862781.1,+,SE,4.76E-07,-0.114,939130,939339,NW_019862781.1_939130_939339
LOC112042894,NW_019862781.1,+,SE,5.38E-11,-0.107,965520,965993,NW_019862781.1_965520_965993
LOC112056852,NW_019864031.1,-,SE,0.000231003,-0.305,4916,5211,NW_019864031.1_4916_5211
LOC112052437,NW_019863148.1,-,SE,2.07E-10,0.197,41882,42172,NW_019863148.1_41882_42172
LOC112055789,NW_019863614.1,-,SE,1.53E-05,-0.182,37515,37948,NW_019863614.1_37515_37948
LOC112044711,NW_019862816.1,-,SE,8.46E-07,-0.055,894499,894729,NW_019862816.1_894499_894729
LOC112043953,NW_019862800.1,+,SE,0.000636233,-0.044,1304681,1305058,NW_019862800.1_1304681_1305058
LOC112050412,NW_019863021.1,-,SE,0.001487116,0.085,185449,185759,NW_019863021.1_185449_185759
LOC112044902,NW_019862819.1,+,SE,2.34E-05,0.053,627497,627874,NW_019862819.1_627497_627874
LOC112044902,NW_019862819.1,+,SE,0.003114031,-0.087,627895,628272,NW_019862819.1_627895_628272
LOC112051454,NW_019863083.1,+,SE,0.000941443,-0.059,296376,296764,NW_019863083.1_296376_296764
LOC112050384,NW_019862756.1,-,SE,1.12E-06,-0.138,1796084,1796360,NW_019862756.1_1796084_1796360
LOC112050485,NW_019862756.1,-,SE,1.41E-05,-0.373,2095106,2095480,NW_019862756.1_2095106_2095480
LOC112044346,NW_019862807.1,-,SE,7.01E-10,-0.255,137981,138250,NW_019862807.1_137981_138250
LOC112051684,NW_019863097.1,-,SE,0.000468742,-0.197,180115,180360,NW_019863097.1_180115_180360
LOC112051684,NW_019863097.1,-,SE,0.044572979,0.146,195758,195976,NW_019863097.1_195758_195976
LOC112045981,NW_019862845.1,+,SE,0.032659459,-0.145,930072,930305,NW_019862845.1_930072_930305
LOC112046091,NW_019862847.1,+,SE,0.003859283,-0.097,412852,413557,NW_019862847.1_412852_413557
LOC112046641,NW_019862864.1,+,SE,0.048041237,0.336,675415,675711,NW_019862864.1_675415_675711
LOC112044285,NW_019862806.1,-,SE,1.27E-07,0.074,532780,533085,NW_019862806.1_532780_533085
LOC112046606,NW_019862863.1,-,SE,2.57E-07,0.014,860764,861176,NW_019862863.1_860764_861176
LOC112056309,NW_019863765.1,+,SE,1.76E-06,-0.105,41659,41961,NW_019863765.1_41659_41961
LOC112042854,NW_019862780.1,+,SE,5.90E-05,-0.121,808177,808419,NW_019862780.1_808177_808419
LOC112050806,NW_019863043.1,-,SE,9.28E-05,-0.181,428044,428342,NW_019863043.1_428044_428342
LOC112048704,NW_019862941.1,-,SE,4.24E-05,0.087,509145,509546,NW_019862941.1_509145_509546
LOC112048704,NW_019862941.1,-,SE,0.000624629,0.13,509145,509558,NW_019862941.1_509145_509558
LOC112049040,NW_019862955.1,+,SE,3.48E-07,-0.404,560387,560647,NW_019862955.1_560387_560647
LOC112048135,NW_019862918.1,-,SE,8.83E-12,0.241,484133,484424,NW_019862918.1_484133_484424
LOC112048135,NW_019862918.1,-,SE,0,0.272,484147,484424,NW_019862918.1_484147_484424
LOC112042858,NW_019862780.1,-,SE,6.60E-09,-0.158,974252,974527,NW_019862780.1_974252_974527
LOC112042875,NW_019862780.1,-,SE,0.022869054,0.026,1683013,1683290,NW_019862780.1_1683013_1683290
LOC112046638,NW_019862864.1,+,SE,0.004182854,-0.098,332160,332435,NW_019862864.1_332160_332435
LOC112056418,NW_019863807.1,-,SE,0.000910761,-0.058,9595,9954,NW_019863807.1_9595_9954
LOC112054590,NW_019863380.1,-,SE,6.48E-05,0.26,120412,120816,NW_019863380.1_120412_120816
LOC112050519,NW_019863027.1,+,SE,0,-0.066,138299,138669,NW_019863027.1_138299_138669
LOC112058620,NW_019862779.1,+,SE,8.67E-05,-0.052,555076,555393,NW_019862779.1_555076_555393
LOC112047618,NW_019862898.1,-,SE,0.021079148,0.053,567414,567734,NW_019862898.1_567414_567734
LOC112047618,NW_019862898.1,-,SE,3.27E-06,-0.131,573375,573824,NW_019862898.1_573375_573824
LOC112047618,NW_019862898.1,-,SE,1.41E-05,0.082,573375,573824,NW_019862898.1_573375_573824
LOC112047618,NW_019862898.1,-,SE,2.79E-06,0.037,573812,576496,NW_019862898.1_573812_576496
LOC112047618,NW_019862898.1,-,SE,1.22E-06,0.042,574142,576496,NW_019862898.1_574142_576496
LOC112047618,NW_019862898.1,-,SE,1.30E-06,0.041,575660,576496,NW_019862898.1_575660_576496
LOC112047618,NW_019862898.1,-,SE,0,-0.268,579498,579821,NW_019862898.1_579498_579821
LOC112051357,NW_019863077.1,-,SE,0,0.513,297596,297847,NW_019863077.1_297596_297847
LOC112047638,NW_019862899.1,-,SE,0.018758676,0.027,549270,549749,NW_019862899.1_549270_549749
LOC112049630,NW_019862981.1,-,SE,0.000129011,-0.182,90119,90775,NW_019862981.1_90119_90775
LOC112046560,NW_019862861.1,-,SE,0.000624629,0.493,564967,565191,NW_019862861.1_564967_565191
LOC112045706,NW_019862838.1,-,SE,0.000129011,-0.106,746758,747067,NW_019862838.1_746758_747067
LOC112055603,NW_019863559.1,-,SE,0.042387987,-0.178,14953,15309,NW_019863559.1_14953_15309
LOC112055477,NW_019863529.1,+,SE,2.78E-08,0.045,48249,48651,NW_019863529.1_48249_48651
LOC112049214,NW_019862755.1,+,SE,0.001835561,-0.121,2565500,2565871,NW_019862755.1_2565500_2565871
LOC112053239,NW_019863219.1,-,SE,8.40E-06,-0.07,17647,17969,NW_019863219.1_17647_17969
LOC112053239,NW_019863219.1,-,SE,0.029083343,0.048,20168,20549,NW_019863219.1_20168_20549
LOC112051640,NW_019863093.1,-,SE,0.018194292,-0.068,336040,337192,NW_019863093.1_336040_337192
LOC112050984,NW_019863054.1,+,SE,0.018101675,0.034,64831,65147,NW_019863054.1_64831_65147
LOC112052196,NW_019863133.1,+,SE,0.007167014,-0.017,201301,201581,NW_019863133.1_201301_201581
LOC112046662,NW_019862866.1,+,SE,0.002940924,-0.217,273822,274116,NW_019862866.1_273822_274116
LOC112046662,NW_019862866.1,+,SE,0.003488777,-0.215,273825,274116,NW_019862866.1_273825_274116
LOC112051279,NW_019863071.1,-,SE,0.017542631,-0.076,177081,177374,NW_019863071.1_177081_177374
LOC112053753,NW_019863278.1,+,SE,4.25E-09,-0.219,114742,115020,NW_019863278.1_114742_115020
LOC112053753,NW_019863278.1,+,SE,2.55E-09,-0.245,114749,115020,NW_019863278.1_114749_115020
LOC112051879,NW_019863109.1,-,SE,4.82E-05,0.345,251682,251988,NW_019863109.1_251682_251988
LOC112051888,NW_019863109.1,+,SE,0.000148769,-0.07,223641,223996,NW_019863109.1_223641_223996
LOC112043515,NW_019862792.1,-,SE,0,-0.129,1212134,1212392,NW_019862792.1_1212134_1212392
LOC112043515,NW_019862792.1,-,SE,8.54E-10,-0.041,1212134,1212460,NW_019862792.1_1212134_1212460
LOC112051425,NW_019863082.1,+,SE,0.001446684,0.073,320430,320719,NW_019863082.1_320430_320719
LOC112044206,NW_019862805.1,+,SE,4.98E-11,-0.035,222857,223365,NW_019862805.1_222857_223365
LOC112043577,NW_019862792.1,+,SE,0.010838913,-0.047,1093002,1093286,NW_019862792.1_1093002_1093286
LOC112048194,NW_019862920.1,+,SE,1.83E-06,0.248,586667,587073,NW_019862920.1_586667_587073
LOC112048194,NW_019862920.1,+,SE,4.42E-07,0.308,586706,587074,NW_019862920.1_586706_587074
LOC112048194,NW_019862920.1,+,SE,2.74E-10,0.256,586706,587074,NW_019862920.1_586706_587074
LOC112048194,NW_019862920.1,+,SE,8.56E-07,0.303,586709,587074,NW_019862920.1_586709_587074
LOC112048194,NW_019862920.1,+,SE,4.75E-10,0.254,586709,587074,NW_019862920.1_586709_587074
LOC112048194,NW_019862920.1,+,SE,4.76E-07,-0.069,590655,590911,NW_019862920.1_590655_590911
LOC112048194,NW_019862920.1,+,SE,1.67E-07,-0.087,590655,591081,NW_019862920.1_590655_591081
LOC112048194,NW_019862920.1,+,SE,9.93E-08,0.143,591280,591706,NW_019862920.1_591280_591706
LOC112052202,NW_019863133.1,+,SE,2.03E-08,0.331,163642,163928,NW_019863133.1_163642_163928
LOC112049386,NW_019862970.1,+,SE,0.002140625,-0.073,438134,438438,NW_019862970.1_438134_438438
LOC112053808,NW_019862760.1,+,SE,4.75E-06,-0.119,773457,773873,NW_019862760.1_773457_773873
LOC112043601,NW_019862793.1,+,SE,0.037009411,0.196,1193710,1194025,NW_019862793.1_1193710_1194025
LOC112043412,NW_019862790.1,+,SE,0.009659278,-0.023,178249,178693,NW_019862790.1_178249_178693
LOC112057970,NW_019862770.1,+,SE,0.000135769,0.119,171048,171490,NW_019862770.1_171048_171490
LOC112046464,NW_019862858.1,+,SE,3.30E-05,-0.422,802215,802483,NW_019862858.1_802215_802483
LOC112046464,NW_019862858.1,+,SE,0.003819465,-0.336,802221,802487,NW_019862858.1_802221_802487
LOC112046292,NW_019862853.1,+,SE,1.47E-08,0.157,828831,829242,NW_019862853.1_828831_829242
LOC112050825,NW_019863045.1,+,SE,9.87E-05,0.103,380334,380638,NW_019863045.1_380334_380638
LOC112050825,NW_019863045.1,+,SE,0.000147972,0.096,380342,380638,NW_019863045.1_380342_380638
LOC112049614,NW_019862748.1,+,SE,0.000476431,0.266,2997792,2998126,NW_019862748.1_2997792_2998126
LOC112049614,NW_019862748.1,+,SE,0.00043087,0.263,2997798,2998126,NW_019862748.1_2997798_2998126
LOC112049614,NW_019862748.1,+,SE,0.001224084,0.233,2997800,2998126,NW_019862748.1_2997800_2998126
LOC112049614,NW_019862748.1,+,SE,0.000458486,0.262,2997801,2998126,NW_019862748.1_2997801_2998126
LOC112050367,NW_019862748.1,+,SE,1.34E-08,0.072,3442747,3443092,NW_019862748.1_3442747_3443092
LOC112050367,NW_019862748.1,+,SE,1.24E-08,0.088,3442758,3443091,NW_019862748.1_3442758_3443091
LOC112050367,NW_019862748.1,+,SE,1.32E-08,0.07,3442760,3443092,NW_019862748.1_3442760_3443092
LOC112050002,NW_019862748.1,+,SE,0,0.651,3378857,3379124,NW_019862748.1_3378857_3379124
LOC112046720,NW_019862748.1,+,SE,0,0.49,1902466,1902753,NW_019862748.1_1902466_1902753
LOC112046720,NW_019862748.1,+,SE,0,0.517,1902478,1902752,NW_019862748.1_1902478_1902752
LOC112043544,NW_019862792.1,-,SE,0.019897047,0.009,231896,232161,NW_019862792.1_231896_232161
LOC112043544,NW_019862792.1,-,SE,0.005092225,0.01,231896,232180,NW_019862792.1_231896_232180
LOC112043544,NW_019862792.1,-,SE,0.00046568,0.012,231896,232229,NW_019862792.1_231896_232229
LOC112043544,NW_019862792.1,-,SE,5.88E-05,0.013,231896,232280,NW_019862792.1_231896_232280
LOC112043544,NW_019862792.1,-,SE,7.82E-05,0.013,231896,232285,NW_019862792.1_231896_232285
LOC112048678,NW_019862940.1,+,SE,0.011298016,-0.029,550790,551146,NW_019862940.1_550790_551146
LOC112051951,NW_019862758.1,-,SE,0.000135378,0.017,2123181,2123444,NW_019862758.1_2123181_2123444
LOC112054469,NW_019863361.1,-,SE,0.010747944,0.194,135315,135602,NW_019863361.1_135315_135602
LOC112054469,NW_019863361.1,-,SE,0.000650017,0.243,135325,135622,NW_019863361.1_135325_135622
LOC112052145,NW_019863130.1,-,SE,1.45E-09,0.261,131052,131370,NW_019863130.1_131052_131370
LOC112058469,NW_019862749.1,+,SE,5.47E-06,-0.183,1381965,1382269,NW_019862749.1_1381965_1382269
LOC112045704,NW_019862838.1,+,SE,0.040673359,-0.077,612889,613201,NW_019862838.1_612889_613201
LOC112043533,NW_019862792.1,-,SE,0.008853527,0.011,39848,40254,NW_019862792.1_39848_40254
LOC112058170,NW_019862749.1,-,SE,0.016846657,-0.118,387269,387558,NW_019862749.1_387269_387558
LOC112052627,NW_019863164.1,+,SE,3.54E-07,-0.212,78113,78788,NW_019863164.1_78113_78788
LOC112052627,NW_019863164.1,+,SE,4.26E-07,-0.211,78292,78788,NW_019863164.1_78292_78788
LOC112052627,NW_019863164.1,+,SE,4.63E-07,-0.206,78480,78788,NW_019863164.1_78480_78788
LOC112048265,NW_019862923.1,+,SE,0.032387758,0.034,242477,242734,NW_019862923.1_242477_242734
LOC112048693,NW_019862748.1,-,SE,0.001310308,-0.051,2730655,2730964,NW_019862748.1_2730655_2730964
LOC112048693,NW_019862748.1,-,SE,0.000117298,-0.057,2730655,2731000,NW_019862748.1_2730655_2731000
LOC112048693,NW_019862748.1,-,SE,0.000116426,-0.057,2730655,2731039,NW_019862748.1_2730655_2731039
LOC112056414,NW_019862763.1,-,SE,0.022703331,0.067,1581798,1582206,NW_019862763.1_1581798_1582206
LOC112044883,NW_019862819.1,+,SE,0.031379954,-0.032,818250,818574,NW_019862819.1_818250_818574
LOC112051535,NW_019863088.1,+,SE,0,0.028,254800,255044,NW_019863088.1_254800_255044
LOC112046844,NW_019862873.1,+,SE,2.84E-06,-0.13,181177,181540,NW_019862873.1_181177_181540
LOC112045063,NW_019862823.1,+,SE,0.001904993,-0.017,165919,166225,NW_019862823.1_165919_166225
LOC112051948,NW_019863114.1,-,SE,2.59E-14,0.304,182509,182752,NW_019863114.1_182509_182752
LOC112046415,NW_019862857.1,-,SE,8.59E-08,0.276,568310,568554,NW_019862857.1_568310_568554
LOC112046415,NW_019862857.1,-,SE,1.20E-07,0.144,568310,568666,NW_019862857.1_568310_568666
LOC112046415,NW_019862857.1,-,SE,4.54E-10,0.228,568317,568645,NW_019862857.1_568317_568645
LOC112050868,NW_019863047.1,+,SE,0.002586904,0.019,345382,345841,NW_019863047.1_345382_345841
LOC112057974,NW_019862770.1,+,SE,0.012146473,-0.115,544964,545505,NW_019862770.1_544964_545505
LOC112055212,NW_019863479.1,-,SE,0.001599948,-0.022,143982,144247,NW_019863479.1_143982_144247
LOC112055212,NW_019863479.1,-,SE,1.34E-06,-0.039,143982,144345,NW_019863479.1_143982_144345
LOC112056076,NW_019862763.1,+,SE,0.009987063,0.032,198046,198399,NW_019862763.1_198046_198399
LOC112045222,NW_019862826.1,-,SE,1.17E-05,0.039,647317,647633,NW_019862826.1_647317_647633
LOC112045222,NW_019862826.1,-,SE,1.21E-05,0.039,647318,647633,NW_019862826.1_647318_647633
LOC112045222,NW_019862826.1,-,SE,1.44E-05,0.038,647324,647633,NW_019862826.1_647324_647633
LOC112048610,NW_019862748.1,-,SE,2.34E-05,-0.534,2694548,2695103,NW_019862748.1_2694548_2695103
LOC112048610,NW_019862748.1,-,SE,9.14E-05,-0.074,2694548,2695116,NW_019862748.1_2694548_2695116
LOC112048610,NW_019862748.1,-,SE,2.34E-05,-0.534,2694548,2695230,NW_019862748.1_2694548_2695230
LOC112048610,NW_019862748.1,-,SE,0.000135162,-0.074,2694658,2695116,NW_019862748.1_2694658_2695116
LOC112048610,NW_019862748.1,-,SE,0.000197334,-0.073,2694779,2695103,NW_019862748.1_2694779_2695103
LOC112048610,NW_019862748.1,-,SE,0.000130717,-0.075,2694779,2695230,NW_019862748.1_2694779_2695230
LOC112048610,NW_019862748.1,-,SE,0.000132865,-0.075,2694790,2695116,NW_019862748.1_2694790_2695116
LOC112048610,NW_019862748.1,-,SE,0.000296791,-0.081,2694829,2695116,NW_019862748.1_2694829_2695116
LOC112045825,NW_019862841.1,+,SE,0.024722269,-0.256,219392,219783,NW_019862841.1_219392_219783
LOC112045825,NW_019862841.1,+,SE,0.023656142,-0.285,219392,219879,NW_019862841.1_219392_219879
LOC112045825,NW_019862841.1,+,SE,0.019876045,-0.29,219392,219975,NW_019862841.1_219392_219975
LOC112055813,NW_019862762.1,+,SE,9.90E-05,-0.165,2059957,2060315,NW_019862762.1_2059957_2060315
LOC112055740,NW_019862762.1,-,SE,0.025164447,-0.171,1937050,1937427,NW_019862762.1_1937050_1937427
LOC112055727,NW_019862762.1,+,SE,4.25E-05,-0.03,1911380,1911639,NW_019862762.1_1911380_1911639
LOC112055727,NW_019862762.1,+,SE,2.37E-05,-0.03,1911394,1911639,NW_019862762.1_1911394_1911639
LOC112055727,NW_019862762.1,+,SE,4.16E-05,-0.023,1911405,1911639,NW_019862762.1_1911405_1911639
LOC112055597,NW_019862762.1,-,SE,0.042387987,-0.241,1269791,1270048,NW_019862762.1_1269791_1270048
LOC112048640,NW_019862938.1,-,SE,0.000807153,-0.112,94029,94311,NW_019862938.1_94029_94311
LOC112048640,NW_019862938.1,-,SE,3.03E-05,-0.063,94029,94311,NW_019862938.1_94029_94311
LOC112048640,NW_019862938.1,-,SE,0.000158138,-0.124,94029,94322,NW_019862938.1_94029_94322
LOC112048640,NW_019862938.1,-,SE,1.91E-05,-0.065,94029,94322,NW_019862938.1_94029_94322
LOC112055306,NW_019862762.1,-,SE,1.08E-05,0.202,228199,228491,NW_019862762.1_228199_228491
LOC112052052,NW_019863121.1,-,SE,0.008375998,0.021,117178,117689,NW_019863121.1_117178_117689
LOC112052052,NW_019863121.1,-,SE,0.000375511,0.025,117317,117689,NW_019863121.1_117317_117689
LOC112046526,NW_019862860.1,+,SE,0.001799749,0.402,268984,269295,NW_019862860.1_268984_269295
LOC112045055,NW_019862823.1,-,SE,0.018041694,-0.023,405265,405835,NW_019862823.1_405265_405835
LOC112047541,NW_019862896.1,-,SE,0.000615076,0.045,484823,485104,NW_019862896.1_484823_485104
LOC112047541,NW_019862896.1,-,SE,0.000599084,0.049,484859,485119,NW_019862896.1_484859_485119
LOC112050417,NW_019862756.1,+,SE,4.00E-05,0.051,1857454,1857816,NW_019862756.1_1857454_1857816
LOC112050417,NW_019862756.1,+,SE,1.24E-05,0.01,1857454,1857816,NW_019862756.1_1857454_1857816
LOC112050417,NW_019862756.1,+,SE,0,0.591,1857553,1857864,NW_019862756.1_1857553_1857864
LOC112050417,NW_019862756.1,+,SE,1.20E-05,0.07,1857556,1857816,NW_019862756.1_1857556_1857816
LOC112050417,NW_019862756.1,+,SE,2.12E-05,0.013,1857556,1857816,NW_019862756.1_1857556_1857816
LOC112055980,NW_019863673.1,-,SE,0.000602584,-0.069,86335,86685,NW_019863673.1_86335_86685
LOC112044894,NW_019862751.1,-,SE,0.044153842,-0.099,1713508,1713833,NW_019862751.1_1713508_1713833
LOC112044894,NW_019862751.1,-,SE,0.042022628,-0.096,1713508,1713842,NW_019862751.1_1713508_1713842
LOC112044894,NW_019862751.1,-,SE,0.011565822,-0.111,1713508,1713929,NW_019862751.1_1713508_1713929
LOC112044894,NW_019862751.1,-,SE,0.002162109,-0.129,1713508,1713932,NW_019862751.1_1713508_1713932
LOC112044894,NW_019862751.1,-,SE,0.012154712,-0.11,1713508,1713936,NW_019862751.1_1713508_1713936
LOC112044894,NW_019862751.1,-,SE,0.013665589,-0.11,1713508,1713949,NW_019862751.1_1713508_1713949
LOC112044894,NW_019862751.1,-,SE,0.016021059,-0.107,1713508,1714022,NW_019862751.1_1713508_1714022
LOC112044894,NW_019862751.1,-,SE,0.016021059,-0.107,1713508,1714031,NW_019862751.1_1713508_1714031
LOC112044894,NW_019862751.1,-,SE,0.016021059,-0.107,1713508,1714060,NW_019862751.1_1713508_1714060
LOC112044894,NW_019862751.1,-,SE,0.016021059,-0.107,1713508,1714065,NW_019862751.1_1713508_1714065
LOC112044894,NW_019862751.1,-,SE,0.016021059,-0.107,1713508,1714094,NW_019862751.1_1713508_1714094
LOC112044894,NW_019862751.1,-,SE,0.016021059,-0.107,1713508,1714156,NW_019862751.1_1713508_1714156
LOC112044795,NW_019862751.1,+,SE,0.016504508,-0.285,1446903,1447237,NW_019862751.1_1446903_1447237
LOC112044795,NW_019862751.1,+,SE,0.013381048,-0.296,1446931,1447237,NW_019862751.1_1446931_1447237
LOC112055541,NW_019863548.1,+,SE,0.001713699,0.074,20529,20942,NW_019863548.1_20529_20942
LOC112055541,NW_019863548.1,+,SE,0.001617493,0.074,20559,20942,NW_019863548.1_20559_20942
LOC112055541,NW_019863548.1,+,SE,0.001617493,0.074,20581,20942,NW_019863548.1_20581_20942
LOC112055541,NW_019863548.1,+,SE,0.014660217,0.061,20678,20942,NW_019863548.1_20678_20942
LOC112045796,NW_019862841.1,-,SE,0.000109758,0.405,313916,314244,NW_019862841.1_313916_314244
LOC112045796,NW_019862841.1,-,SE,4.16E-05,0.387,313951,314202,NW_019862841.1_313951_314202
LOC112045796,NW_019862841.1,-,SE,0.000139026,0.39,313952,314244,NW_019862841.1_313952_314244
LOC112057845,NW_019862767.1,-,SE,1.38E-11,-0.062,1470131,1470417,NW_019862767.1_1470131_1470417
LOC112057845,NW_019862767.1,-,SE,0.000121387,-0.033,1470140,1470417,NW_019862767.1_1470140_1470417
LOC112053443,NW_019862760.1,+,SE,3.87E-08,0.156,52244,52574,NW_019862760.1_52244_52574
LOC112053443,NW_019862760.1,+,SE,0.001441768,0.093,52316,52574,NW_019862760.1_52316_52574
LOC112053443,NW_019862760.1,+,SE,0.002942422,0.094,52325,52574,NW_019862760.1_52325_52574
LOC112053443,NW_019862760.1,+,SE,0.000278827,0.087,55165,55397,NW_019862760.1_55165_55397
LOC112053443,NW_019862760.1,+,SE,7.33E-07,0.207,55165,55397,NW_019862760.1_55165_55397
LOC112053443,NW_019862760.1,+,SE,0.009659278,0.182,55165,55478,NW_019862760.1_55165_55478
LOC112053443,NW_019862760.1,+,SE,0.000144322,0.321,55165,55478,NW_019862760.1_55165_55478
LOC112053443,NW_019862760.1,+,SE,8.57E-05,0.323,55165,55478,NW_019862760.1_55165_55478
LOC112053443,NW_019862760.1,+,SE,0.000459926,0.496,55165,55478,NW_019862760.1_55165_55478
LOC112053443,NW_019862760.1,+,SE,1.03E-09,0.116,55165,55478,NW_019862760.1_55165_55478
LOC112053443,NW_019862760.1,+,SE,9.40E-05,0.548,55165,55478,NW_019862760.1_55165_55478
LOC112053443,NW_019862760.1,+,SE,1.47E-05,0.125,55165,55478,NW_019862760.1_55165_55478
LOC112053443,NW_019862760.1,+,SE,0.025726425,0.139,55165,55690,NW_019862760.1_55165_55690
LOC112053443,NW_019862760.1,+,SE,3.89E-06,-0.104,55169,55691,NW_019862760.1_55169_55691
LOC112053443,NW_019862760.1,+,SE,3.70E-06,-0.105,55178,55691,NW_019862760.1_55178_55691
LOC112053443,NW_019862760.1,+,SE,3.91E-06,-0.104,55202,55691,NW_019862760.1_55202_55691
LOC112053443,NW_019862760.1,+,SE,3.65E-06,-0.105,55279,55691,NW_019862760.1_55279_55691
LOC112053443,NW_019862760.1,+,SE,3.96E-06,-0.104,55283,55691,NW_019862760.1_55283_55691
LOC112053443,NW_019862760.1,+,SE,4.06E-06,-0.104,55298,55691,NW_019862760.1_55298_55691
LOC112053443,NW_019862760.1,+,SE,0.029294776,-0.137,55342,55690,NW_019862760.1_55342_55690
LOC112053443,NW_019862760.1,+,SE,0.010889816,-0.063,55342,55690,NW_019862760.1_55342_55690
LOC112053443,NW_019862760.1,+,SE,3.71E-06,-0.104,55342,55691,NW_019862760.1_55342_55691
LOC112053443,NW_019862760.1,+,SE,2.04E-06,-0.105,55351,55691,NW_019862760.1_55351_55691
LOC112053443,NW_019862760.1,+,SE,1.33E-06,-0.105,55359,55691,NW_019862760.1_55359_55691
LOC112053443,NW_019862760.1,+,SE,0.005806943,-0.143,55360,55690,NW_019862760.1_55360_55690
LOC112053443,NW_019862760.1,+,SE,4.80E-06,-0.204,55370,55690,NW_019862760.1_55370_55690
LOC112053443,NW_019862760.1,+,SE,9.35E-07,-0.105,55378,55691,NW_019862760.1_55378_55691
LOC112053443,NW_019862760.1,+,SE,1.00E-06,-0.107,55380,55691,NW_019862760.1_55380_55691
LOC112053443,NW_019862760.1,+,SE,1.34E-06,-0.108,55394,55691,NW_019862760.1_55394_55691
LOC112055393,NW_019862762.1,+,SE,2.59E-14,-0.27,260727,261055,NW_019862762.1_260727_261055
LOC112055393,NW_019862762.1,+,SE,1.99E-12,-0.254,260768,261055,NW_019862762.1_260768_261055
LOC112055393,NW_019862762.1,+,SE,0,-0.224,260844,261055,NW_019862762.1_260844_261055
LOC112044547,NW_019862811.1,+,SE,9.35E-07,-0.124,709253,709521,NW_019862811.1_709253_709521
LOC112044547,NW_019862811.1,+,SE,0.00051312,-0.083,709282,709521,NW_019862811.1_709282_709521
LOC112048826,NW_019862946.1,+,SE,5.00E-05,-0.189,522375,522637,NW_019862946.1_522375_522637
LOC112048826,NW_019862946.1,+,SE,0.028540859,-0.085,522377,522641,NW_019862946.1_522377_522641
LOC112058090,NW_019862771.1,-,SE,0.001816306,0.165,1511548,1511859,NW_019862771.1_1511548_1511859
LOC112052382,NW_019863144.1,-,SE,5.40E-06,-0.053,246386,247048,NW_019863144.1_246386_247048
LOC112052382,NW_019863144.1,-,SE,5.09E-06,-0.054,246441,247048,NW_019863144.1_246441_247048
LOC112052382,NW_019863144.1,-,SE,8.76E-06,-0.051,246512,247048,NW_019863144.1_246512_247048
LOC112052382,NW_019863144.1,-,SE,9.50E-06,-0.05,246611,247048,NW_019863144.1_246611_247048
LOC112051763,NW_019863101.1,-,SE,3.31E-13,-0.041,219284,219663,NW_019863101.1_219284_219663
LOC112051763,NW_019863101.1,-,SE,1.79E-09,-0.034,219284,219677,NW_019863101.1_219284_219677
LOC112051763,NW_019863101.1,-,SE,1.25E-07,-0.03,219284,219848,NW_019863101.1_219284_219848
LOC112051763,NW_019863101.1,-,SE,0.000149582,-0.024,219284,219981,NW_019863101.1_219284_219981
LOC112056668,NW_019863935.1,+,SE,2.03E-07,-0.04,26272,26661,NW_019863935.1_26272_26661
LOC112056668,NW_019863935.1,+,SE,2.74E-06,-0.036,26350,26661,NW_019863935.1_26350_26661
LOC112056668,NW_019863935.1,+,SE,0.000319999,-0.029,26370,26661,NW_019863935.1_26370_26661
LOC112058518,NW_019862778.1,-,SE,0.000458486,0.192,49532,50026,NW_019862778.1_49532_50026
LOC112058518,NW_019862778.1,-,SE,0.000252432,0.33,49702,50026,NW_019862778.1_49702_50026
LOC112049870,NW_019862756.1,-,SE,2.59E-14,-0.312,646951,647267,NW_019862756.1_646951_647267
LOC112050499,NW_019863026.1,+,SE,1.09E-08,-0.034,300440,300749,NW_019863026.1_300440_300749
LOC112046887,NW_019862874.1,-,SE,0.004584529,-0.012,17658,18227,NW_019862874.1_17658_18227
LOC112046887,NW_019862874.1,-,SE,7.30E-05,0.308,19301,19836,NW_019862874.1_19301_19836
LOC112046887,NW_019862874.1,-,SE,6.15E-05,0.264,19470,19836,NW_019862874.1_19470_19836
LOC112046887,NW_019862874.1,-,SE,0.004667659,0.365,19470,20127,NW_019862874.1_19470_20127
LOC112046887,NW_019862874.1,-,SE,5.85E-05,0.284,19539,19836,NW_019862874.1_19539_19836
LOC112046887,NW_019862874.1,-,SE,0.004677889,0.576,19539,20127,NW_019862874.1_19539_20127
LOC112046887,NW_019862874.1,-,SE,0.004067238,-0.012,19996,20422,NW_019862874.1_19996_20422
LOC112046887,NW_019862874.1,-,SE,0.009961129,-0.186,20845,21192,NW_019862874.1_20845_21192
LOC112046887,NW_019862874.1,-,SE,0.013031157,-0.014,20875,21419,NW_019862874.1_20875_21419
LOC112046887,NW_019862874.1,-,SE,3.28E-05,0.246,21101,21381,NW_019862874.1_21101_21381
LOC112046887,NW_019862874.1,-,SE,4.55E-05,0.152,21101,21419,NW_019862874.1_21101_21419
LOC112046887,NW_019862874.1,-,SE,6.24E-10,0.196,21105,21381,NW_019862874.1_21105_21381
LOC112046887,NW_019862874.1,-,SE,0.017269672,0.253,21105,21419,NW_019862874.1_21105_21419
LOC112046887,NW_019862874.1,-,SE,0,0.059,21105,21419,NW_019862874.1_21105_21419
LOC112046887,NW_019862874.1,-,SE,5.40E-11,0.255,21105,21419,NW_019862874.1_21105_21419
LOC112046887,NW_019862874.1,-,SE,0.007915687,0.339,22190,22601,NW_019862874.1_22190_22601
LOC112046887,NW_019862874.1,-,SE,0,0.103,22190,22601,NW_019862874.1_22190_22601
LOC112046887,NW_019862874.1,-,SE,1.15E-13,0.132,22190,22601,NW_019862874.1_22190_22601
LOC112046887,NW_019862874.1,-,SE,4.42E-05,0.043,22248,22601,NW_019862874.1_22248_22601
LOC112046887,NW_019862874.1,-,SE,0.001725914,0.386,22248,22611,NW_019862874.1_22248_22611
LOC112046887,NW_019862874.1,-,SE,0,0.028,22248,22611,NW_019862874.1_22248_22611
LOC112046887,NW_019862874.1,-,SE,3.30E-05,0.068,22248,22611,NW_019862874.1_22248_22611
LOC112043822,NW_019862799.1,-,SE,0.000146775,0.135,647441,647712,NW_019862799.1_647441_647712
LOC112043822,NW_019862799.1,-,SE,0.000174807,0.141,647441,647736,NW_019862799.1_647441_647736
LOC112043822,NW_019862799.1,-,SE,0.000185332,0.089,647456,647716,NW_019862799.1_647456_647716
LOC112052165,NW_019863131.1,-,SE,0.011330256,-0.227,125165,125466,NW_019863131.1_125165_125466
LOC112052165,NW_019863131.1,-,SE,0.0107738,-0.247,125165,125517,NW_019863131.1_125165_125517
LOC112053743,NW_019863277.1,-,SE,0.000120396,0.46,31035,31349,NW_019863277.1_31035_31349
LOC112053743,NW_019863277.1,-,SE,7.32E-06,0.496,31035,31349,NW_019863277.1_31035_31349
LOC112053743,NW_019863277.1,-,SE,0.011330256,0.28,31365,31734,NW_019863277.1_31365_31734
LOC112053743,NW_019863277.1,-,SE,5.52E-07,0.469,31369,31734,NW_019863277.1_31369_31734
LOC112053743,NW_019863277.1,-,SE,2.07E-05,0.568,31369,31734,NW_019863277.1_31369_31734
LOC112044084,NW_019862803.1,-,SE,0.042300157,-0.083,349002,349277,NW_019862803.1_349002_349277
LOC112044084,NW_019862803.1,-,SE,0.007941302,-0.543,349002,349277,NW_019862803.1_349002_349277
LOC112044084,NW_019862803.1,-,SE,0.008853527,-0.543,349002,349447,NW_019862803.1_349002_349447
LOC112044084,NW_019862803.1,-,SE,0.01195872,-0.536,349002,349449,NW_019862803.1_349002_349449
LOC112044084,NW_019862803.1,-,SE,0.008853527,-0.543,349002,349458,NW_019862803.1_349002_349458
LOC112044076,NW_019862803.1,-,SE,0.002494134,-0.084,44191,44613,NW_019862803.1_44191_44613
LOC112044076,NW_019862803.1,-,SE,0.001675762,-0.069,44758,45062,NW_019862803.1_44758_45062
LOC112044076,NW_019862803.1,-,SE,0.00260095,-0.067,44763,45062,NW_019862803.1_44763_45062
LOC112044076,NW_019862803.1,-,SE,0.002300678,-0.071,44768,45062,NW_019862803.1_44768_45062
LOC112042788,NW_019862748.1,+,SE,6.02E-08,-0.16,4239,4611,NW_019862748.1_4239_4611
LOC112051245,NW_019863070.1,-,SE,0.031703855,0.133,12046,12438,NW_019863070.1_12046_12438
LOC112058550,NW_019862778.1,-,SE,1.15E-13,-0.019,1102864,1103465,NW_019862778.1_1102864_1103465
LOC112058550,NW_019862778.1,-,SE,4.98E-14,0.121,1102868,1103156,NW_019862778.1_1102868_1103156
LOC112058550,NW_019862778.1,-,SE,1.15E-13,-0.019,1102898,1103465,NW_019862778.1_1102898_1103465
LOC112058550,NW_019862778.1,-,SE,1.15E-13,-0.019,1102955,1103465,NW_019862778.1_1102955_1103465
LOC112058550,NW_019862778.1,-,SE,1.15E-13,-0.019,1102972,1103465,NW_019862778.1_1102972_1103465
LOC112058550,NW_019862778.1,-,SE,2.59E-14,-0.021,1103134,1103464,NW_019862778.1_1103134_1103464
LOC112058550,NW_019862778.1,-,SE,2.59E-14,-0.022,1103134,1103476,NW_019862778.1_1103134_1103476
LOC112058550,NW_019862778.1,-,SE,1.15E-13,-0.018,1103138,1103465,NW_019862778.1_1103138_1103465
LOC112058550,NW_019862778.1,-,SE,1.15E-13,-0.116,1103158,1103465,NW_019862778.1_1103158_1103465
LOC112058550,NW_019862778.1,-,SE,1.37E-13,-0.116,1103159,1103465,NW_019862778.1_1103159_1103465
LOC112058550,NW_019862778.1,-,SE,3.31E-13,-0.106,1103176,1103465,NW_019862778.1_1103176_1103465
LOC112058550,NW_019862778.1,-,SE,1.05E-12,-0.037,1103251,1103465,NW_019862778.1_1103251_1103465
LOC112043309,NW_019862788.1,+,SE,0.0107738,0.044,688946,689343,NW_019862788.1_688946_689343
LOC112043309,NW_019862788.1,+,SE,0.0107738,0.044,688987,689343,NW_019862788.1_688987_689343
LOC112052001,NW_019863118.1,-,SE,0.009056796,-0.077,161542,161976,NW_019863118.1_161542_161976
LOC112052001,NW_019863118.1,-,SE,0.008864401,-0.078,161542,162186,NW_019863118.1_161542_162186
LOC112051523,NW_019863087.1,+,SE,2.89E-11,0.123,159287,159951,NW_019863087.1_159287_159951
LOC112051523,NW_019863087.1,+,SE,2.60E-11,0.124,159309,159951,NW_019863087.1_159309_159951
LOC112051523,NW_019863087.1,+,SE,2.62E-11,0.124,159326,159951,NW_019863087.1_159326_159951
LOC112051523,NW_019863087.1,+,SE,2.60E-11,0.124,159392,159951,NW_019863087.1_159392_159951
LOC112051523,NW_019863087.1,+,SE,2.62E-11,0.124,159410,159951,NW_019863087.1_159410_159951
LOC112051523,NW_019863087.1,+,SE,0,0.162,159548,159949,NW_019863087.1_159548_159949
LOC112051523,NW_019863087.1,+,SE,0,0.161,159548,160120,NW_019863087.1_159548_160120
LOC112051523,NW_019863087.1,+,SE,3.59E-11,0.123,159575,159951,NW_019863087.1_159575_159951
LOC112051523,NW_019863087.1,+,SE,3.59E-09,0.103,159644,159951,NW_019863087.1_159644_159951
LOC112051523,NW_019863087.1,+,SE,1.08E-07,0.092,159662,159951,NW_019863087.1_159662_159951
LOC112051523,NW_019863087.1,+,SE,0.011633971,-0.009,159707,159949,NW_019863087.1_159707_159949
LOC112051523,NW_019863087.1,+,SE,1.70E-05,0.077,159707,159951,NW_019863087.1_159707_159951
LOC112051523,NW_019863087.1,+,SE,3.71E-08,0.088,159709,159951,NW_019863087.1_159709_159951
LOC112051523,NW_019863087.1,+,SE,4.07E-08,0.085,159711,159951,NW_019863087.1_159711_159951
LOC112051523,NW_019863087.1,+,SE,0.000328783,-0.025,178768,179357,NW_019863087.1_178768_179357
LOC112051523,NW_019863087.1,+,SE,0.000811368,-0.022,179021,179345,NW_019863087.1_179021_179345
LOC112051523,NW_019863087.1,+,SE,8.87E-09,0.033,179021,179357,NW_019863087.1_179021_179357
LOC112051523,NW_019863087.1,+,SE,0.000699805,-0.022,179021,179686,NW_019863087.1_179021_179686
LOC112051523,NW_019863087.1,+,SE,0.000702,-0.022,179021,179690,NW_019863087.1_179021_179690
LOC112051523,NW_019863087.1,+,SE,0.000699805,-0.022,179021,179693,NW_019863087.1_179021_179693
LOC112051523,NW_019863087.1,+,SE,0.013796692,-0.015,179157,179694,NW_019863087.1_179157_179694
LOC112051523,NW_019863087.1,+,SE,1.08E-11,-0.141,179288,179694,NW_019863087.1_179288_179694
LOC112051523,NW_019863087.1,+,SE,4.95E-05,-0.021,179358,179686,NW_019863087.1_179358_179686
LOC112051523,NW_019863087.1,+,SE,7.73E-05,-0.021,179358,179690,NW_019863087.1_179358_179690
LOC112051523,NW_019863087.1,+,SE,7.72E-05,-0.02,179358,179693,NW_019863087.1_179358_179693
LOC112051523,NW_019863087.1,+,SE,4.38E-05,-0.021,179358,179913,NW_019863087.1_179358_179913
LOC112051523,NW_019863087.1,+,SE,1.67E-09,-0.703,179382,179686,NW_019863087.1_179382_179686
LOC112051523,NW_019863087.1,+,SE,2.29E-09,-0.698,179382,179690,NW_019863087.1_179382_179690
LOC112051523,NW_019863087.1,+,SE,6.91E-08,-0.669,179382,179693,NW_019863087.1_179382_179693
LOC112051523,NW_019863087.1,+,SE,0.017197633,-0.016,179382,179694,NW_019863087.1_179382_179694
LOC112051523,NW_019863087.1,+,SE,1.43E-10,-0.135,179382,179694,NW_019863087.1_179382_179694
LOC112051523,NW_019863087.1,+,SE,6.25E-08,-0.671,179382,179913,NW_019863087.1_179382_179913
LOC112051523,NW_019863087.1,+,SE,0.00532899,-0.017,179391,179694,NW_019863087.1_179391_179694
LOC112052337,NW_019863141.1,-,SE,0.002847922,0.06,180284,180551,NW_019863141.1_180284_180551
LOC112043143,NW_019862749.1,+,SE,0.00102952,-0.112,2852776,2853445,NW_019862749.1_2852776_2853445
LOC112043143,NW_019862749.1,+,SE,0.004586799,-0.106,2853136,2853445,NW_019862749.1_2853136_2853445
LOC112047558,NW_019862896.1,+,SE,0.008654476,-0.021,455181,455488,NW_019862896.1_455181_455488
LOC112049703,NW_019862985.1,+,SE,0.005947098,-0.099,428299,428609,NW_019862985.1_428299_428609
LOC112049703,NW_019862985.1,+,SE,0.008515615,-0.075,428313,428608,NW_019862985.1_428313_428608
LOC112049703,NW_019862985.1,+,SE,0.00432297,-0.1,428318,428609,NW_019862985.1_428318_428609
LOC112046986,NW_019862879.1,-,SE,7.01E-10,0.065,313983,314258,NW_019862879.1_313983_314258
LOC112053171,NW_019863214.1,+,SE,2.34E-09,0.058,41699,42364,NW_019863214.1_41699_42364
LOC112053171,NW_019863214.1,+,SE,1.09E-08,0.057,41955,42364,NW_019863214.1_41955_42364
LOC112053171,NW_019863214.1,+,SE,3.76E-09,0.057,42000,42364,NW_019863214.1_42000_42364
LOC112053171,NW_019863214.1,+,SE,0,0.175,42106,42364,NW_019863214.1_42106_42364
LOC112053171,NW_019863214.1,+,SE,3.61E-07,0.058,42106,42447,NW_019863214.1_42106_42447
LOC112052404,NW_019863145.1,+,SE,2.46E-07,0.478,102396,102677,NW_019863145.1_102396_102677
LOC112052404,NW_019863145.1,+,SE,4.59E-07,0.456,102414,102677,NW_019863145.1_102414_102677
LOC112052404,NW_019863145.1,+,SE,5.40E-07,0.452,102417,102677,NW_019863145.1_102417_102677
LOC112052404,NW_019863145.1,+,SE,2.39E-07,0.446,102423,102677,NW_019863145.1_102423_102677
LOC112052404,NW_019863145.1,+,SE,3.64E-07,0.468,102427,102677,NW_019863145.1_102427_102677
LOC112058361,NW_019862775.1,-,SE,0.000650017,0.03,659540,659839,NW_019862775.1_659540_659839
LOC112046330,NW_019862855.1,-,SE,0.047631712,0.021,270011,270322,NW_019862855.1_270011_270322
LOC112058257,NW_019862773.1,-,SE,0.029882143,-0.185,336564,337005,NW_019862773.1_336564_337005
LOC112058257,NW_019862773.1,-,SE,0.024779251,-0.188,336564,337032,NW_019862773.1_336564_337032
LOC112058257,NW_019862773.1,-,SE,0.042742259,-0.179,336564,337057,NW_019862773.1_336564_337057
LOC112047235,NW_019862885.1,+,SE,0.001106064,0.057,653589,654100,NW_019862885.1_653589_654100
LOC112052566,NW_019863158.1,-,SE,3.66E-07,0.068,256018,256422,NW_019863158.1_256018_256422
LOC112052566,NW_019863158.1,-,SE,0.010501048,0.028,256033,256247,NW_019863158.1_256033_256247
LOC112052566,NW_019863158.1,-,SE,3.06E-11,0.146,256033,256422,NW_019863158.1_256033_256422
LOC112052566,NW_019863158.1,-,SE,3.19E-09,0.117,256033,256438,NW_019863158.1_256033_256438
LOC112052566,NW_019863158.1,-,SE,3.19E-09,0.117,256033,256659,NW_019863158.1_256033_256659
LOC112056515,NW_019863856.1,-,SE,0.000464813,-0.165,33590,33948,NW_019863856.1_33590_33948
LOC112056515,NW_019863856.1,-,SE,0.00269071,-0.153,33590,34055,NW_019863856.1_33590_34055
LOC112048542,NW_019862934.1,+,SE,0.000273664,0.235,354489,354762,NW_019862934.1_354489_354762
LOC112058474,NW_019862777.1,-,SE,1.01E-07,-0.18,806354,806612,NW_019862777.1_806354_806612
LOC112045530,NW_019862834.1,-,SE,0.039793161,-0.082,303680,303986,NW_019862834.1_303680_303986
LOC112043769,NW_019862797.1,+,SE,0.003329038,0.027,162460,162798,NW_019862797.1_162460_162798
LOC112053596,NW_019863259.1,+,SE,0,0.056,294739,295002,NW_019863259.1_294739_295002
LOC112053596,NW_019863259.1,+,SE,8.43E-10,0.063,294741,295002,NW_019863259.1_294741_295002
LOC112046039,NW_019862846.1,-,SE,6.31E-05,0.067,83401,83783,NW_019862846.1_83401_83783
LOC112046039,NW_019862846.1,-,SE,0.000113819,0.067,83405,83776,NW_019862846.1_83405_83776
LOC112053997,NW_019863304.1,-,SE,0.013558056,0.039,105595,105983,NW_019863304.1_105595_105983
LOC112053997,NW_019863304.1,-,SE,0.013558056,0.039,105595,106114,NW_019863304.1_105595_106114
LOC112056844,NW_019864022.1,+,SE,0.000140364,0.065,16605,16975,NW_019864022.1_16605_16975
LOC112044077,NW_019862803.1,+,SE,2.18E-06,-0.056,118486,118827,NW_019862803.1_118486_118827
LOC112044077,NW_019862803.1,+,SE,0.028417571,-0.391,139309,139754,NW_019862803.1_139309_139754
LOC112044077,NW_019862803.1,+,SE,0.00386107,-0.103,139313,139644,NW_019862803.1_139313_139644
LOC112051026,NW_019863057.1,+,SE,0.048090173,0.104,106993,107243,NW_019863057.1_106993_107243
LOC112047449,NW_019862893.1,-,SE,0.001405528,0.079,408472,408801,NW_019862893.1_408472_408801
LOC112057754,NW_019862766.1,-,SE,0.022385447,0.066,143638,144088,NW_019862766.1_143638_144088
LOC112049052,NW_019862956.1,-,SE,0.026520988,-0.34,503823,504226,NW_019862956.1_503823_504226
LOC112047434,NW_019862893.1,-,SE,0,-0.245,382005,382608,NW_019862893.1_382005_382608
LOC112047434,NW_019862893.1,-,SE,0,-0.245,382005,382673,NW_019862893.1_382005_382673
LOC112047434,NW_019862893.1,-,SE,0,-0.245,382005,382684,NW_019862893.1_382005_382684
LOC112047434,NW_019862893.1,-,SE,0,-0.213,382006,382675,NW_019862893.1_382006_382675
LOC112047434,NW_019862893.1,-,SE,0,-0.213,382029,382675,NW_019862893.1_382029_382675
LOC112047434,NW_019862893.1,-,SE,0,-0.212,382051,382675,NW_019862893.1_382051_382675
LOC112046194,NW_019862752.1,+,SE,0.001340417,0.069,2070017,2070620,NW_019862752.1_2070017_2070620
LOC112052850,NW_019863181.1,-,SE,5.50E-07,0.124,57753,58047,NW_019863181.1_57753_58047
LOC112058374,NW_019862775.1,+,SE,0.000151871,-0.039,1558687,1559013,NW_019862775.1_1558687_1559013
LOC112058374,NW_019862775.1,+,SE,0.002992755,-0.028,1558733,1559013,NW_019862775.1_1558733_1559013
LOC112049937,NW_019862998.1,-,SE,0.00149393,0.171,465894,466149,NW_019862998.1_465894_466149
LOC112049937,NW_019862998.1,-,SE,0.001523093,0.172,465894,466154,NW_019862998.1_465894_466154
LOC112049937,NW_019862998.1,-,SE,0.001372953,0.162,465894,466187,NW_019862998.1_465894_466187
LOC112049937,NW_019862998.1,-,SE,0.005894832,0.154,465894,466218,NW_019862998.1_465894_466218
LOC112049937,NW_019862998.1,-,SE,0.014093004,0.138,465894,466293,NW_019862998.1_465894_466293
LOC112049937,NW_019862998.1,-,SE,0.014093004,0.138,465894,466301,NW_019862998.1_465894_466301
LOC112049937,NW_019862998.1,-,SE,0.000917936,0.165,465894,466329,NW_019862998.1_465894_466329
LOC112049937,NW_019862998.1,-,SE,0.035876997,0.143,465894,466362,NW_019862998.1_465894_466362
LOC112049937,NW_019862998.1,-,SE,0.014093004,0.138,465894,466381,NW_019862998.1_465894_466381
LOC112049937,NW_019862998.1,-,SE,0.014093004,0.138,465894,466469,NW_019862998.1_465894_466469
LOC112049937,NW_019862998.1,-,SE,0.014093004,0.138,465894,466489,NW_019862998.1_465894_466489
LOC112043045,NW_019862784.1,+,SE,0.002648907,0.146,1522777,1523118,NW_019862784.1_1522777_1523118
LOC112049356,NW_019862968.1,-,SE,0.001394469,-0.113,190921,191300,NW_019862968.1_190921_191300
LOC112056774,NW_019863976.1,+,SE,0.00321438,0.356,63230,63579,NW_019863976.1_63230_63579
LOC112056774,NW_019863976.1,+,SE,0.002561405,0.368,63262,63579,NW_019863976.1_63262_63579
LOC112053196,NW_019863216.1,+,SE,1.48E-07,-0.034,116270,116673,NW_019863216.1_116270_116673
LOC112053196,NW_019863216.1,+,SE,3.56E-07,-0.034,116280,116673,NW_019863216.1_116280_116673
LOC112053196,NW_019863216.1,+,SE,3.53E-07,-0.034,116291,116673,NW_019863216.1_116291_116673
LOC112045475,NW_019862752.1,-,SE,0.037434154,-0.114,528686,528915,NW_019862752.1_528686_528915
LOC112045475,NW_019862752.1,-,SE,0.031925284,-0.084,528689,528924,NW_019862752.1_528689_528924
LOC112045475,NW_019862752.1,-,SE,0.047994341,-0.074,530787,531097,NW_019862752.1_530787_531097
LOC112045475,NW_019862752.1,-,SE,0.022964465,-0.083,530802,531097,NW_019862752.1_530802_531097
LOC112054600,NW_019863381.1,-,SE,0.037196517,-0.254,53907,54176,NW_019863381.1_53907_54176
LOC112045508,NW_019862834.1,+,SE,0.009351284,0.099,756790,757317,NW_019862834.1_756790_757317
LOC112045508,NW_019862834.1,+,SE,0.009351284,0.099,756828,757317,NW_019862834.1_756828_757317
LOC112045508,NW_019862834.1,+,SE,0.04291467,0.487,757058,757309,NW_019862834.1_757058_757309
LOC112045508,NW_019862834.1,+,SE,0.031457685,0.502,757068,757309,NW_019862834.1_757068_757309
LOC112051526,NW_019863087.1,+,SE,0.01390631,-0.364,85875,86291,NW_019863087.1_85875_86291
LOC112055448,NW_019863525.1,+,SE,0.000460498,0.048,115827,116471,NW_019863525.1_115827_116471
LOC112055448,NW_019863525.1,+,SE,0.000460498,0.048,115925,116471,NW_019863525.1_115925_116471
LOC112055448,NW_019863525.1,+,SE,0.000763394,0.047,115969,116471,NW_019863525.1_115969_116471
LOC112055448,NW_019863525.1,+,SE,0.000389256,0.049,116109,116471,NW_019863525.1_116109_116471
LOC112055448,NW_019863525.1,+,SE,0.024012707,0.032,116205,116471,NW_019863525.1_116205_116471
LOC112055448,NW_019863525.1,+,SE,0.037617435,0.031,116247,116471,NW_019863525.1_116247_116471
LOC112046073,NW_019862847.1,+,SE,2.82E-05,-0.398,524937,525260,NW_019862847.1_524937_525260
LOC112043306,NW_019862788.1,-,SE,2.79E-05,0.052,662966,663243,NW_019862788.1_662966_663243
LOC112046036,NW_019862846.1,-,SE,2.09E-11,-0.119,635987,636308,NW_019862846.1_635987_636308
LOC112046036,NW_019862846.1,-,SE,2.44E-11,-0.117,635987,636323,NW_019862846.1_635987_636323
LOC112046036,NW_019862846.1,-,SE,2.35E-11,-0.112,635987,636327,NW_019862846.1_635987_636327
LOC112046036,NW_019862846.1,-,SE,2.77E-11,-0.104,635987,636337,NW_019862846.1_635987_636337
LOC112046036,NW_019862846.1,-,SE,2.42E-11,-0.106,635987,636450,NW_019862846.1_635987_636450
LOC112046036,NW_019862846.1,-,SE,2.42E-11,-0.106,635987,636472,NW_019862846.1_635987_636472
LOC112046036,NW_019862846.1,-,SE,2.52E-11,-0.105,635987,636484,NW_019862846.1_635987_636484
LOC112046036,NW_019862846.1,-,SE,2.42E-11,-0.106,635987,636557,NW_019862846.1_635987_636557
LOC112046036,NW_019862846.1,-,SE,2.42E-11,-0.106,635987,636606,NW_019862846.1_635987_636606
LOC112046036,NW_019862846.1,-,SE,2.42E-11,-0.106,635987,636621,NW_019862846.1_635987_636621
LOC112046036,NW_019862846.1,-,SE,1.11E-12,-0.362,636072,636746,NW_019862846.1_636072_636746
LOC112046036,NW_019862846.1,-,SE,1.85E-12,-0.364,636170,636746,NW_019862846.1_636170_636746
LOC112051181,NW_019863067.1,-,SE,0.007755851,0.073,298925,299437,NW_019863067.1_298925_299437
LOC112051181,NW_019863067.1,-,SE,0.007369012,0.075,298967,299437,NW_019863067.1_298967_299437
LOC112051181,NW_019863067.1,-,SE,0.034443037,0.203,304741,305122,NW_019863067.1_304741_305122
LOC112051181,NW_019863067.1,-,SE,0.049611542,0.198,304741,305304,NW_019863067.1_304741_305304
LOC112051181,NW_019863067.1,-,SE,0.032633316,0.206,304741,305436,NW_019863067.1_304741_305436
LOC112051181,NW_019863067.1,-,SE,0.041098889,0.039,317630,318053,NW_019863067.1_317630_318053
LOC112050847,NW_019863046.1,-,SE,1.10E-06,-0.023,229205,229569,NW_019863046.1_229205_229569
LOC112050847,NW_019863046.1,-,SE,1.45E-06,-0.025,229252,229569,NW_019863046.1_229252_229569
LOC112050847,NW_019863046.1,-,SE,0,-0.062,229291,229566,NW_019863046.1_229291_229566
LOC112053924,NW_019863295.1,+,SE,0.038596748,-0.012,90503,90905,NW_019863295.1_90503_90905
LOC112043032,NW_019862784.1,-,SE,3.95E-13,0.067,1173581,1173827,NW_019862784.1_1173581_1173827
LOC112056426,NW_019863810.1,+,SE,9.84E-05,-0.518,14152,14435,NW_019863810.1_14152_14435
LOC112051638,NW_019863093.1,-,SE,2.93E-10,-0.029,304445,304729,NW_019863093.1_304445_304729
LOC112051638,NW_019863093.1,-,SE,3.73E-06,-0.02,304445,304734,NW_019863093.1_304445_304734
LOC112051638,NW_019863093.1,-,SE,1.77E-08,-0.022,304445,304871,NW_019863093.1_304445_304871
LOC112054036,NW_019863307.1,+,SE,3.42E-05,0.46,140514,140896,NW_019863307.1_140514_140896
LOC112054036,NW_019863307.1,+,SE,1.87E-05,0.466,140559,140896,NW_019863307.1_140559_140896
LOC112046332,NW_019862855.1,-,SE,0.044107326,0.013,624596,625018,NW_019862855.1_624596_625018
LOC112046332,NW_019862855.1,-,SE,0.044110876,0.012,624702,625018,NW_019862855.1_624702_625018
LOC112046332,NW_019862855.1,-,SE,0,0.046,639326,639713,NW_019862855.1_639326_639713
LOC112046332,NW_019862855.1,-,SE,0,0.079,639342,639697,NW_019862855.1_639342_639697
LOC112046332,NW_019862855.1,-,SE,3.21E-08,0.11,639342,639713,NW_019862855.1_639342_639713
LOC112042895,NW_019862781.1,+,SE,1.08E-05,-0.334,1220254,1220827,NW_019862781.1_1220254_1220827
LOC112048398,NW_019862929.1,+,SE,0.001168738,-0.029,269770,270197,NW_019862929.1_269770_270197
LOC112049794,NW_019862756.1,-,SE,2.86E-09,-0.078,385632,385929,NW_019862756.1_385632_385929
LOC112049794,NW_019862756.1,-,SE,9.67E-08,-0.078,385647,385927,NW_019862756.1_385647_385927
LOC112044786,NW_019862817.1,+,SE,4.04E-11,0.22,120999,121355,NW_019862817.1_120999_121355
LOC112044786,NW_019862817.1,+,SE,2.78E-11,0.228,121002,121355,NW_019862817.1_121002_121355
LOC112043199,NW_019862787.1,-,SE,1.67E-05,-0.068,25748,26117,NW_019862787.1_25748_26117
LOC112043199,NW_019862787.1,-,SE,0.002098629,-0.022,25838,26117,NW_019862787.1_25838_26117
LOC112049503,NW_019862976.1,-,SE,1.43E-07,0.009,435755,436361,NW_019862976.1_435755_436361
LOC112049503,NW_019862976.1,-,SE,4.09E-07,0.011,436097,436361,NW_019862976.1_436097_436361
LOC112049503,NW_019862976.1,-,SE,0,0.332,436098,436419,NW_019862976.1_436098_436419
LOC112049503,NW_019862976.1,-,SE,5.26E-07,0.011,436102,436361,NW_019862976.1_436102_436361
LOC112049503,NW_019862976.1,-,SE,0.00011438,-0.017,436710,437236,NW_019862976.1_436710_437236
LOC112049503,NW_019862976.1,-,SE,0,-0.08,436710,437236,NW_019862976.1_436710_437236
LOC112049503,NW_019862976.1,-,SE,0.017565414,0.303,436729,437236,NW_019862976.1_436729_437236
LOC112049503,NW_019862976.1,-,SE,0,-0.08,436729,437236,NW_019862976.1_436729_437236
LOC112049503,NW_019862976.1,-,SE,0,-0.08,436751,437236,NW_019862976.1_436751_437236
LOC112049503,NW_019862976.1,-,SE,0,-0.08,436768,437236,NW_019862976.1_436768_437236
LOC112049503,NW_019862976.1,-,SE,0.000113774,-0.017,436827,437236,NW_019862976.1_436827_437236
LOC112049503,NW_019862976.1,-,SE,2.03E-05,-0.017,436973,437377,NW_019862976.1_436973_437377
LOC112049503,NW_019862976.1,-,SE,0.000328783,-0.013,436975,437236,NW_019862976.1_436975_437236
LOC112049503,NW_019862976.1,-,SE,0,-0.038,440794,441224,NW_019862976.1_440794_441224
LOC112049503,NW_019862976.1,-,SE,0.026834055,0.196,441341,441940,NW_019862976.1_441341_441940
LOC112049503,NW_019862976.1,-,SE,0.000624629,0.047,441341,441940,NW_019862976.1_441341_441940
LOC112049503,NW_019862976.1,-,SE,0.031154271,0.198,441344,441940,NW_019862976.1_441344_441940
LOC112049503,NW_019862976.1,-,SE,0.000609373,0.047,441344,441940,NW_019862976.1_441344_441940
LOC112049503,NW_019862976.1,-,SE,0.028084727,0.199,441520,441940,NW_019862976.1_441520_441940
LOC112049503,NW_019862976.1,-,SE,0.000588795,0.047,441520,441940,NW_019862976.1_441520_441940
LOC112049503,NW_019862976.1,-,SE,0.021356598,0.183,441665,441940,NW_019862976.1_441665_441940
LOC112049503,NW_019862976.1,-,SE,0.003469741,0.056,441665,441940,NW_019862976.1_441665_441940
LOC112049503,NW_019862976.1,-,SE,0.015103224,0.126,441669,441940,NW_019862976.1_441669_441940
LOC112049503,NW_019862976.1,-,SE,0.037876523,0.195,441676,441940,NW_019862976.1_441676_441940
LOC112049503,NW_019862976.1,-,SE,0.003219955,0.044,441676,441940,NW_019862976.1_441676_441940
LOC112049503,NW_019862976.1,-,SE,0,0.226,441676,441940,NW_019862976.1_441676_441940
LOC112048417,NW_019862929.1,-,SE,0.018805157,0.095,267612,267893,NW_019862929.1_267612_267893
LOC112048417,NW_019862929.1,-,SE,0.013796692,0.099,267612,267921,NW_019862929.1_267612_267921
LOC112051905,NW_019863111.1,-,SE,0.021679661,0.028,138925,139597,NW_019863111.1_138925_139597
LOC112051905,NW_019863111.1,-,SE,0.021679661,0.028,139090,139597,NW_019863111.1_139090_139597
LOC112051905,NW_019863111.1,-,SE,1.72E-09,0.114,146720,147002,NW_019863111.1_146720_147002
LOC112043224,NW_019862787.1,-,SE,0.000159787,-0.112,835104,835559,NW_019862787.1_835104_835559
LOC112043224,NW_019862787.1,-,SE,0.013763234,-0.08,835118,835575,NW_019862787.1_835118_835575
LOC112043224,NW_019862787.1,-,SE,8.63E-05,-0.113,835193,835559,NW_019862787.1_835193_835559
LOC112043224,NW_019862787.1,-,SE,0.000385761,0.033,835193,835839,NW_019862787.1_835193_835839
LOC112046842,NW_019862873.1,+,SE,8.83E-07,0.055,569123,569492,NW_019862873.1_569123_569492
LOC112053634,NW_019863264.1,-,SE,0.002473234,-0.191,149686,150156,NW_019863264.1_149686_150156
LOC112054025,NW_019863307.1,+,SE,0,-0.034,85656,85913,NW_019863307.1_85656_85913
LOC112055566,NW_019863550.1,-,SE,0.025057997,-0.018,103016,103382,NW_019863550.1_103016_103382
LOC112058542,NW_019862778.1,-,SE,1.85E-09,-0.173,1049804,1050172,NW_019862778.1_1049804_1050172
LOC112058542,NW_019862778.1,-,SE,9.73E-10,-0.169,1049804,1050476,NW_019862778.1_1049804_1050476
LOC112058542,NW_019862778.1,-,SE,4.05E-06,0.095,1051490,1052116,NW_019862778.1_1051490_1052116
LOC112048503,NW_019862933.1,+,SE,1.64E-11,0.099,113898,114322,NW_019862933.1_113898_114322
LOC112048503,NW_019862933.1,+,SE,2.62E-11,0.098,113905,114322,NW_019862933.1_113905_114322
LOC112048503,NW_019862933.1,+,SE,0.007793075,0.242,113926,114317,NW_019862933.1_113926_114317
LOC112048503,NW_019862933.1,+,SE,0,0.172,113926,114317,NW_019862933.1_113926_114317
LOC112048503,NW_019862933.1,+,SE,4.91E-08,0.401,113926,114322,NW_019862933.1_113926_114322
LOC112048503,NW_019862933.1,+,SE,0.007793075,0.242,113926,114393,NW_019862933.1_113926_114393
LOC112048503,NW_019862933.1,+,SE,0,0.172,113926,114393,NW_019862933.1_113926_114393
LOC112048503,NW_019862933.1,+,SE,0,0.172,113926,114539,NW_019862933.1_113926_114539
LOC112048503,NW_019862933.1,+,SE,8.65E-09,0.083,113999,114322,NW_019862933.1_113999_114322
LOC112055327,NW_019863501.1,+,SE,8.09E-08,0.009,66943,67207,NW_019863501.1_66943_67207
LOC112042935,NW_019862782.1,-,SE,0.013319342,-0.14,1151649,1152090,NW_019862782.1_1151649_1152090
LOC112042935,NW_019862782.1,-,SE,0.032289264,-0.133,1151653,1152090,NW_019862782.1_1151653_1152090
LOC112042935,NW_019862782.1,-,SE,1.50E-08,-0.056,1151710,1152089,NW_019862782.1_1151710_1152089
LOC112042935,NW_019862782.1,-,SE,0.020026455,-0.141,1151752,1152090,NW_019862782.1_1151752_1152090
LOC112043718,NW_019862795.1,+,SE,0,0.067,1014666,1015018,NW_019862795.1_1014666_1015018
LOC112043718,NW_019862795.1,+,SE,3.67E-05,0.16,1014666,1015022,NW_019862795.1_1014666_1015022
LOC112043718,NW_019862795.1,+,SE,0,0.067,1014670,1015018,NW_019862795.1_1014670_1015018
LOC112043718,NW_019862795.1,+,SE,6.16E-06,0.169,1014670,1015022,NW_019862795.1_1014670_1015022
LOC112043718,NW_019862795.1,+,SE,0,0.06,1014704,1015018,NW_019862795.1_1014704_1015018
LOC112043718,NW_019862795.1,+,SE,2.89E-05,0.171,1014704,1015022,NW_019862795.1_1014704_1015022
LOC112046440,NW_019862857.1,-,SE,7.92E-11,0.04,64386,65071,NW_019862857.1_64386_65071
LOC112046440,NW_019862857.1,-,SE,4.22E-10,0.037,64536,65071,NW_019862857.1_64536_65071
LOC112046440,NW_019862857.1,-,SE,9.92E-11,0.043,64684,65071,NW_019862857.1_64684_65071
LOC112046440,NW_019862857.1,-,SE,0.003553831,0.043,65244,65803,NW_019862857.1_65244_65803
LOC112046440,NW_019862857.1,-,SE,0.035164843,0.136,68683,69014,NW_019862857.1_68683_69014
LOC112047120,NW_019862882.1,-,SE,0.000985045,0.162,757632,758093,NW_019862882.1_757632_758093
LOC112047844,NW_019862905.1,-,SE,2.24E-13,0.272,640578,640994,NW_019862905.1_640578_640994
LOC112047844,NW_019862905.1,-,SE,1.80E-13,0.273,640578,641003,NW_019862905.1_640578_641003
LOC112047844,NW_019862905.1,-,SE,1.80E-13,0.273,640578,641007,NW_019862905.1_640578_641007
LOC112054293,NW_019863339.1,+,SE,0.000392671,0.047,64068,64718,NW_019863339.1_64068_64718
LOC112056239,NW_019863744.1,+,SE,6.46E-07,0.409,34688,35003,NW_019863744.1_34688_35003
LOC112044142,NW_019862748.1,-,SE,0.00020382,-0.046,1108663,1108937,NW_019862748.1_1108663_1108937
LOC112044142,NW_019862748.1,-,SE,0.000122424,-0.07,1108663,1108973,NW_019862748.1_1108663_1108973
LOC112044142,NW_019862748.1,-,SE,1.93E-11,-0.164,1108668,1108937,NW_019862748.1_1108668_1108937
LOC112044972,NW_019862820.1,+,SE,3.61E-05,-0.096,245516,245943,NW_019862820.1_245516_245943
LOC112044972,NW_019862820.1,+,SE,5.11E-12,-0.26,245516,245943,NW_019862820.1_245516_245943
LOC112045098,NW_019862823.1,-,SE,0,-0.261,57553,57834,NW_019862823.1_57553_57834
LOC112048557,NW_019862935.1,+,SE,0.001379491,0.219,33330,33734,NW_019862935.1_33330_33734
LOC112048557,NW_019862935.1,+,SE,0.000267731,0.338,33389,33735,NW_019862935.1_33389_33735
LOC112048557,NW_019862935.1,+,SE,0.000459926,0.337,33396,33735,NW_019862935.1_33396_33735
LOC112049338,NW_019862968.1,+,SE,0.001575779,-0.305,58132,58433,NW_019862968.1_58132_58433
LOC112049338,NW_019862968.1,+,SE,5.45E-05,-0.208,76307,76578,NW_019862968.1_76307_76578
LOC112049338,NW_019862968.1,+,SE,1.65E-07,-0.336,76311,76578,NW_019862968.1_76311_76578
LOC112049338,NW_019862968.1,+,SE,0.009071086,-0.16,76321,76578,NW_019862968.1_76321_76578
LOC112044961,NW_019862820.1,+,SE,3.42E-05,-0.148,78484,78768,NW_019862820.1_78484_78768
LOC112050048,NW_019863003.1,-,SE,0.008977438,0.227,396206,396501,NW_019863003.1_396206_396501
LOC112057896,NW_019862768.1,+,SE,0.000279962,0.047,1526727,1526967,NW_019862768.1_1526727_1526967
LOC112055104,NW_019863459.1,-,SE,2.15E-05,0.085,86926,87291,NW_019863459.1_86926_87291
LOC112043867,NW_019862750.1,+,SE,0.037932483,0.031,1854304,1854544,NW_019862750.1_1854304_1854544
LOC112054615,NW_019863384.1,-,SE,8.29E-08,-0.27,33212,33463,NW_019863384.1_33212_33463
LOC112054615,NW_019863384.1,-,SE,0.000251293,-0.296,41781,42056,NW_019863384.1_41781_42056
LOC112054615,NW_019863384.1,-,SE,4.93E-06,-0.084,94603,94994,NW_019863384.1_94603_94994
LOC112054615,NW_019863384.1,-,SE,2.06E-06,-0.101,94661,94982,NW_019863384.1_94661_94982
LOC112045408,NW_019862831.1,+,SE,0.001202105,0.336,799124,799392,NW_019862831.1_799124_799392
LOC112046748,NW_019862869.1,-,SE,0.040754019,-0.009,306852,307168,NW_019862869.1_306852_307168
LOC112045861,NW_019862842.1,-,SE,1.72E-07,-0.364,608758,609001,NW_019862842.1_608758_609001
LOC112046693,NW_019862867.1,+,SE,0,-0.16,601389,601900,NW_019862867.1_601389_601900
LOC112046693,NW_019862867.1,+,SE,0.000171392,0.118,673743,674011,NW_019862867.1_673743_674011
LOC112046693,NW_019862867.1,+,SE,0.000776944,0.074,673745,674132,NW_019862867.1_673745_674132
LOC112046693,NW_019862867.1,+,SE,0.000771201,0.074,673771,674132,NW_019862867.1_673771_674132
LOC112046693,NW_019862867.1,+,SE,7.91E-06,-0.096,675287,675529,NW_019862867.1_675287_675529
LOC112046693,NW_019862867.1,+,SE,0.000111161,-0.092,675287,675619,NW_019862867.1_675287_675619
LOC112045739,NW_019862839.1,-,SE,1.63E-05,-0.089,158318,158552,NW_019862839.1_158318_158552
LOC112053030,NW_019863197.1,-,SE,0.009252381,-0.267,49066,49411,NW_019863197.1_49066_49411
LOC112048035,NW_019862913.1,-,SE,8.72E-07,-0.058,291440,291806,NW_019862913.1_291440_291806
LOC112048035,NW_019862913.1,-,SE,3.79E-08,-0.097,291440,291906,NW_019862913.1_291440_291906
LOC112048035,NW_019862913.1,-,SE,0.001545894,-0.117,297572,298103,NW_019862913.1_297572_298103
LOC112048035,NW_019862913.1,-,SE,0.001630066,-0.117,297572,298109,NW_019862913.1_297572_298109
LOC112052885,NW_019862759.1,+,SE,0.048919024,-0.013,1128483,1128877,NW_019862759.1_1128483_1128877
LOC112052885,NW_019862759.1,+,SE,0.045211025,-0.014,1128537,1128877,NW_019862759.1_1128537_1128877
LOC112052885,NW_019862759.1,+,SE,0.004792996,-0.017,1128611,1128877,NW_019862759.1_1128611_1128877
LOC112049779,NW_019862748.1,+,SE,8.49E-13,0.013,3032290,3032674,NW_019862748.1_3032290_3032674
LOC112049779,NW_019862748.1,+,SE,8.49E-13,0.013,3032311,3032674,NW_019862748.1_3032311_3032674
LOC112049779,NW_019862748.1,+,SE,0,0.015,3032334,3032658,NW_019862748.1_3032334_3032658
LOC112049779,NW_019862748.1,+,SE,0,0.015,3032334,3032668,NW_019862748.1_3032334_3032668
LOC112049779,NW_019862748.1,+,SE,2.98E-11,0.013,3032366,3032674,NW_019862748.1_3032366_3032674
LOC112049779,NW_019862748.1,+,SE,0,0.016,3032397,3032674,NW_019862748.1_3032397_3032674
LOC112052594,NW_019863161.1,-,SE,0.002663815,0.176,305573,305819,NW_019863161.1_305573_305819
LOC112052594,NW_019863161.1,-,SE,0.004208192,0.181,305573,305837,NW_019863161.1_305573_305837
LOC112046796,NW_019862871.1,-,SE,0.02416238,0.053,455529,455860,NW_019862871.1_455529_455860
LOC112046796,NW_019862871.1,-,SE,0.006361876,0.068,455529,455942,NW_019862871.1_455529_455942
LOC112046796,NW_019862871.1,-,SE,0.010622673,0.061,455529,455951,NW_019862871.1_455529_455951
LOC112046796,NW_019862871.1,-,SE,0.006361876,0.068,455529,455962,NW_019862871.1_455529_455962
LOC112046796,NW_019862871.1,-,SE,0.013597803,0.056,455529,456053,NW_019862871.1_455529_456053
LOC112049613,NW_019862981.1,+,SE,0,-0.438,229513,230001,NW_019862981.1_229513_230001
LOC112049613,NW_019862981.1,+,SE,1.12E-11,-0.088,233116,233525,NW_019862981.1_233116_233525
LOC112049613,NW_019862981.1,+,SE,1.16E-09,-0.082,236390,236838,NW_019862981.1_236390_236838
LOC112052763,NW_019863173.1,+,SE,9.09E-05,-0.097,78792,79121,NW_019863173.1_78792_79121
LOC112049399,NW_019862971.1,+,SE,0,0.186,208742,209065,NW_019862971.1_208742_209065
LOC112044157,NW_019862804.1,+,SE,0.000151603,-0.027,658614,659105,NW_019862804.1_658614_659105
LOC112044157,NW_019862804.1,+,SE,0.000151671,-0.027,658763,659105,NW_019862804.1_658763_659105
LOC112044157,NW_019862804.1,+,SE,0.006274208,-0.023,658784,659105,NW_019862804.1_658784_659105
LOC112044157,NW_019862804.1,+,SE,0.000867525,-0.026,658813,659105,NW_019862804.1_658813_659105
LOC112044157,NW_019862804.1,+,SE,0.001009095,-0.026,658829,659105,NW_019862804.1_658829_659105
LOC112044157,NW_019862804.1,+,SE,1.41E-05,0.022,659334,659787,NW_019862804.1_659334_659787
LOC112044157,NW_019862804.1,+,SE,0.000879217,0.021,659334,659787,NW_019862804.1_659334_659787
LOC112044157,NW_019862804.1,+,SE,1.21E-05,0.025,659393,659787,NW_019862804.1_659393_659787
LOC112044157,NW_019862804.1,+,SE,8.78E-09,0.028,659393,659787,NW_019862804.1_659393_659787
LOC112044157,NW_019862804.1,+,SE,0.000558862,0.023,659393,659787,NW_019862804.1_659393_659787
LOC112044157,NW_019862804.1,+,SE,1.31E-06,0.026,659405,659787,NW_019862804.1_659405_659787
LOC112044157,NW_019862804.1,+,SE,1.92E-05,0.021,659405,659787,NW_019862804.1_659405_659787
LOC112044157,NW_019862804.1,+,SE,0.000879217,0.021,659405,659787,NW_019862804.1_659405_659787
LOC112044157,NW_019862804.1,+,SE,9.02E-06,0.024,659410,659787,NW_019862804.1_659410_659787
LOC112044157,NW_019862804.1,+,SE,0.000613692,0.022,659410,659787,NW_019862804.1_659410_659787
LOC112044157,NW_019862804.1,+,SE,7.49E-06,0.023,659414,659787,NW_019862804.1_659414_659787
LOC112044157,NW_019862804.1,+,SE,2.51E-05,0.023,659446,659787,NW_019862804.1_659446_659787
LOC112044157,NW_019862804.1,+,SE,0.002842322,0.02,659446,659787,NW_019862804.1_659446_659787
LOC112046933,NW_019862877.1,-,SE,0.000186828,-0.031,404940,405390,NW_019862877.1_404940_405390
LOC112045232,NW_019862827.1,+,SE,2.56E-06,0.154,109914,110121,NW_019862827.1_109914_110121
LOC112045232,NW_019862827.1,+,SE,0.000947707,0.02,109914,110538,NW_019862827.1_109914_110538
LOC112045232,NW_019862827.1,+,SE,0.001314064,0.02,109937,110539,NW_019862827.1_109937_110539
LOC112056106,NW_019863702.1,-,SE,0.032611858,0.071,31085,31495,NW_019863702.1_31085_31495
LOC112054313,NW_019863342.1,+,SE,0.000220696,-0.039,75506,76165,NW_019863342.1_75506_76165
LOC112054313,NW_019863342.1,+,SE,0.000220696,-0.039,75753,76165,NW_019863342.1_75753_76165
LOC112048202,NW_019862921.1,-,SE,0.009004027,-0.051,323124,323669,NW_019862921.1_323124_323669
LOC112057718,NW_019862765.1,+,SE,0.000180181,0.521,1773779,1773997,NW_019862765.1_1773779_1773997
LOC112057718,NW_019862765.1,+,SE,3.16E-07,0.377,1773780,1774045,NW_019862765.1_1773780_1774045
LOC112053231,NW_019863219.1,-,SE,0.002174024,0.157,70748,71023,NW_019863219.1_70748_71023
LOC112053231,NW_019863219.1,-,SE,0.002267359,0.097,70748,71055,NW_019863219.1_70748_71055
LOC112050604,NW_019863032.1,-,SE,0.047029536,0.026,64403,64703,NW_019863032.1_64403_64703
LOC112050604,NW_019863032.1,-,SE,7.06E-05,0.07,64458,64703,NW_019863032.1_64458_64703
LOC112048214,NW_019862754.1,-,SE,0.048919024,-0.016,2175459,2175789,NW_019862754.1_2175459_2175789
LOC112053070,NW_019863202.1,+,SE,0.004697806,-0.06,175427,175720,NW_019863202.1_175427_175720
LOC112053070,NW_019863202.1,+,SE,0.004790867,-0.071,175476,175720,NW_019863202.1_175476_175720
LOC112057756,NW_019862766.1,-,SE,0,-0.033,160503,161032,NW_019862766.1_160503_161032
LOC112057756,NW_019862766.1,-,SE,0,-0.033,160505,161032,NW_019862766.1_160505_161032
LOC112057756,NW_019862766.1,-,SE,0,-0.027,160507,160948,NW_019862766.1_160507_160948
LOC112057756,NW_019862766.1,-,SE,0,-0.027,160507,160960,NW_019862766.1_160507_160960
LOC112057756,NW_019862766.1,-,SE,0,-0.027,160507,161031,NW_019862766.1_160507_161031
LOC112057756,NW_019862766.1,-,SE,0,-0.033,160508,161032,NW_019862766.1_160508_161032
LOC112057756,NW_019862766.1,-,SE,0,-0.033,160682,161032,NW_019862766.1_160682_161032
LOC112057756,NW_019862766.1,-,SE,0,-0.056,160811,161032,NW_019862766.1_160811_161032
LOC112053170,NW_019863214.1,-,SE,1.10E-10,0.259,180920,181216,NW_019863214.1_180920_181216
LOC112053170,NW_019863214.1,-,SE,2.05E-06,-0.077,183209,183505,NW_019863214.1_183209_183505
LOC112053170,NW_019863214.1,-,SE,4.40E-07,-0.079,183209,183514,NW_019863214.1_183209_183514
LOC112053170,NW_019863214.1,-,SE,1.41E-05,-0.378,184817,185119,NW_019863214.1_184817_185119
LOC112047134,NW_019862882.1,-,SE,0.012961645,-0.058,419202,419471,NW_019862882.1_419202_419471
LOC112055996,NW_019863677.1,+,SE,0.020955318,0.105,63118,63401,NW_019863677.1_63118_63401
LOC112055996,NW_019863677.1,+,SE,6.62E-09,-0.187,67143,67415,NW_019863677.1_67143_67415
LOC112055996,NW_019863677.1,+,SE,4.07E-09,-0.309,67152,67415,NW_019863677.1_67152_67415
LOC112055996,NW_019863677.1,+,SE,7.21E-08,-0.297,67155,67415,NW_019863677.1_67155_67415
LOC112055996,NW_019863677.1,+,SE,5.01E-08,-0.3,67158,67415,NW_019863677.1_67158_67415
LOC112051327,NW_019863075.1,+,SE,1.26E-05,0.035,332072,332418,NW_019863075.1_332072_332418
LOC112051327,NW_019863075.1,+,SE,9.61E-05,0.029,332081,332420,NW_019863075.1_332081_332420
LOC112051327,NW_019863075.1,+,SE,7.20E-05,0.029,332084,332420,NW_019863075.1_332084_332420
LOC112048087,NW_019862916.1,-,SE,0.001052702,-0.19,148557,148765,NW_019862916.1_148557_148765
LOC112048087,NW_019862916.1,-,SE,5.49E-07,-0.338,149831,150454,NW_019862916.1_149831_150454
LOC112048087,NW_019862916.1,-,SE,0.00021831,-0.31,150140,150454,NW_019862916.1_150140_150454
LOC112048087,NW_019862916.1,-,SE,0.000783944,-0.343,150215,150454,NW_019862916.1_150215_150454
LOC112054260,NW_019862761.1,-,SE,0.017884257,-0.258,341218,341506,NW_019862761.1_341218_341506
LOC112043675,NW_019862794.1,-,SE,0.000498016,0.011,1270291,1270656,NW_019862794.1_1270291_1270656
LOC112043675,NW_019862794.1,-,SE,0.000495199,0.011,1270291,1270691,NW_019862794.1_1270291_1270691
LOC112043675,NW_019862794.1,-,SE,0.036809758,0.01,1270347,1270593,NW_019862794.1_1270347_1270593
LOC112043675,NW_019862794.1,-,SE,5.92E-06,-0.096,1273481,1274025,NW_019862794.1_1273481_1274025
LOC112044249,NW_019862805.1,-,SE,1.29E-10,0.039,1215207,1215572,NW_019862805.1_1215207_1215572
LOC112044249,NW_019862805.1,-,SE,0.007329865,0.021,1215207,1215600,NW_019862805.1_1215207_1215600
LOC112044249,NW_019862805.1,-,SE,0.036203297,0.019,1215211,1215572,NW_019862805.1_1215211_1215572
LOC112044249,NW_019862805.1,-,SE,0.001647147,0.024,1215249,1215572,NW_019862805.1_1215249_1215572
LOC112054442,NW_019863357.1,+,SE,0.004132808,0.456,165187,165444,NW_019863357.1_165187_165444
LOC112048533,NW_019862934.1,-,SE,4.86E-05,-0.076,176635,176928,NW_019862934.1_176635_176928
LOC112051355,NW_019863077.1,-,SE,0.01318461,-0.025,34266,34506,NW_019863077.1_34266_34506
LOC112047485,NW_019862894.1,-,SE,0.005975172,0.199,895040,895299,NW_019862894.1_895040_895299
LOC112047485,NW_019862894.1,-,SE,0.044562961,0.169,901513,901875,NW_019862894.1_901513_901875
LOC112047485,NW_019862894.1,-,SE,2.12E-05,-0.264,902310,902805,NW_019862894.1_902310_902805
LOC112051386,NW_019863079.1,+,SE,9.62E-09,0.688,75297,75919,NW_019863079.1_75297_75919
LOC112043416,NW_019862790.1,+,SE,0.023038887,-0.012,565286,565588,NW_019862790.1_565286_565588
LOC112043416,NW_019862790.1,+,SE,0.031943558,0.12,577977,578224,NW_019862790.1_577977_578224
LOC112045726,NW_019862839.1,-,SE,0.031656542,0.063,807518,808070,NW_019862839.1_807518_808070
LOC112045075,NW_019862751.1,-,SE,2.21E-05,0.254,2663075,2663401,NW_019862751.1_2663075_2663401
LOC112045075,NW_019862751.1,-,SE,5.29E-08,0.175,2663075,2663427,NW_019862751.1_2663075_2663427
LOC112058432,NW_019862776.1,-,SE,0.00213668,0.238,1161587,1162201,NW_019862776.1_1161587_1162201
LOC112058432,NW_019862776.1,-,SE,0.00213668,0.238,1161785,1162201,NW_019862776.1_1161785_1162201
LOC112043682,NW_019862794.1,+,SE,0.006836575,0.019,1405099,1405555,NW_019862794.1_1405099_1405555
LOC112043682,NW_019862794.1,+,SE,0.006818907,0.019,1405102,1405555,NW_019862794.1_1405102_1405555
LOC112047876,NW_019862907.1,-,SE,0.000693571,0.278,7628,8206,NW_019862907.1_7628_8206
LOC112050705,NW_019863039.1,+,SE,0.023204697,-0.067,246924,247353,NW_019863039.1_246924_247353
LOC112050705,NW_019863039.1,+,SE,5.46E-06,-0.067,247095,247357,NW_019863039.1_247095_247357
LOC112050705,NW_019863039.1,+,SE,0.00298032,-0.097,253511,253951,NW_019863039.1_253511_253951
LOC112050705,NW_019863039.1,+,SE,0.002974245,-0.298,253673,253951,NW_019863039.1_253673_253951
LOC112043377,NW_019862789.1,+,SE,2.18E-07,0.118,846513,847209,NW_019862789.1_846513_847209
LOC112043377,NW_019862789.1,+,SE,5.00E-08,0.129,846868,847156,NW_019862789.1_846868_847156
LOC112043377,NW_019862789.1,+,SE,4.74E-08,0.131,846868,847162,NW_019862789.1_846868_847162
LOC112043377,NW_019862789.1,+,SE,3.30E-08,0.11,846868,847205,NW_019862789.1_846868_847205
LOC112043377,NW_019862789.1,+,SE,2.24E-07,0.124,846886,847209,NW_019862789.1_846886_847209
LOC112057757,NW_019862766.1,+,SE,0.039793161,-0.133,165684,165907,NW_019862766.1_165684_165907
LOC112056777,NW_019862764.1,-,SE,0.021520554,-0.071,123793,124118,NW_019862764.1_123793_124118
LOC112056777,NW_019862764.1,-,SE,0.007838883,-0.077,123793,124154,NW_019862764.1_123793_124154
LOC112056791,NW_019862764.1,-,SE,1.29E-06,-0.096,146309,146695,NW_019862764.1_146309_146695
LOC112056791,NW_019862764.1,-,SE,9.40E-08,-0.143,146411,146695,NW_019862764.1_146411_146695
LOC112056791,NW_019862764.1,-,SE,5.81E-07,-0.091,146411,146697,NW_019862764.1_146411_146697
LOC112056791,NW_019862764.1,-,SE,4.67E-07,-0.09,146411,146707,NW_019862764.1_146411_146707
LOC112056937,NW_019862764.1,+,SE,0.000465716,-0.038,1060271,1060540,NW_019862764.1_1060271_1060540
LOC112056937,NW_019862764.1,+,SE,0.003510899,-0.026,1063481,1063856,NW_019862764.1_1063481_1063856
LOC112056937,NW_019862764.1,+,SE,0.003510899,-0.026,1063501,1063856,NW_019862764.1_1063501_1063856
LOC112043159,NW_019862786.1,-,SE,4.78E-08,0.141,1009063,1009438,NW_019862786.1_1009063_1009438
LOC112043159,NW_019862786.1,-,SE,4.78E-08,0.141,1009063,1009459,NW_019862786.1_1009063_1009459
LOC112043159,NW_019862786.1,-,SE,4.54E-08,0.141,1009063,1009472,NW_019862786.1_1009063_1009472
LOC112047079,NW_019862881.1,-,SE,5.77E-05,-0.536,232246,232653,NW_019862881.1_232246_232653
LOC112057117,NW_019862764.1,-,SE,0.001405528,0.05,1703697,1703987,NW_019862764.1_1703697_1703987
LOC112045217,NW_019862826.1,-,SE,2.15E-09,0.215,205557,206207,NW_019862826.1_205557_206207
LOC112045217,NW_019862826.1,-,SE,2.15E-09,0.215,205787,206207,NW_019862826.1_205787_206207
LOC112045217,NW_019862826.1,-,SE,3.19E-09,0.255,205923,206207,NW_019862826.1_205923_206207
LOC112056078,NW_019863697.1,+,SE,0.007228575,0.031,11607,11996,NW_019863697.1_11607_11996
LOC112056078,NW_019863697.1,+,SE,0.007433839,0.031,11612,11996,NW_019863697.1_11612_11996
LOC112052748,NW_019863172.1,+,SE,1.70E-05,0.029,259839,260433,NW_019863172.1_259839_260433
LOC112052748,NW_019863172.1,+,SE,0.000117298,0.054,259839,260433,NW_019863172.1_259839_260433
LOC112052748,NW_019863172.1,+,SE,5.65E-05,0.027,259919,260433,NW_019863172.1_259919_260433
LOC112052748,NW_019863172.1,+,SE,0.000100657,0.026,259949,260433,NW_019863172.1_259949_260433
LOC112052748,NW_019863172.1,+,SE,0.000224881,0.054,259949,260433,NW_019863172.1_259949_260433
LOC112052748,NW_019863172.1,+,SE,5.65E-05,0.027,259964,260433,NW_019863172.1_259964_260433
LOC112052748,NW_019863172.1,+,SE,3.13E-05,0.028,260012,260433,NW_019863172.1_260012_260433
LOC112052748,NW_019863172.1,+,SE,0.000117298,0.054,260012,260433,NW_019863172.1_260012_260433
LOC112052748,NW_019863172.1,+,SE,5.65E-05,0.027,260030,260433,NW_019863172.1_260030_260433
LOC112052748,NW_019863172.1,+,SE,0.000117298,0.054,260030,260433,NW_019863172.1_260030_260433
LOC112052748,NW_019863172.1,+,SE,0.000460259,0.024,260035,260433,NW_019863172.1_260035_260433
LOC112052748,NW_019863172.1,+,SE,3.50E-05,0.059,260035,260433,NW_019863172.1_260035_260433
LOC112052748,NW_019863172.1,+,SE,0.000117298,0.054,260067,260433,NW_019863172.1_260067_260433
LOC112052748,NW_019863172.1,+,SE,1.72E-05,0.029,260070,260433,NW_019863172.1_260070_260433
LOC112052748,NW_019863172.1,+,SE,0.000117298,0.054,260070,260433,NW_019863172.1_260070_260433
LOC112052748,NW_019863172.1,+,SE,9.14E-05,0.026,260090,260433,NW_019863172.1_260090_260433
LOC112052748,NW_019863172.1,+,SE,0.000117298,0.06,260090,260433,NW_019863172.1_260090_260433
LOC112052748,NW_019863172.1,+,SE,0.00132588,0.046,260107,260433,NW_019863172.1_260107_260433
LOC112050507,NW_019863027.1,+,SE,2.42E-07,0.107,22732,23211,NW_019863027.1_22732_23211
LOC112049660,NW_019862756.1,+,SE,0.003974793,0.158,185090,185471,NW_019862756.1_185090_185471
LOC112057294,NW_019862764.1,-,SE,0.01767834,-0.36,2261433,2261714,NW_019862764.1_2261433_2261714
LOC112057294,NW_019862764.1,-,SE,3.31E-08,-0.037,2263032,2263318,NW_019862764.1_2263032_2263318
LOC112057294,NW_019862764.1,-,SE,1.21E-07,-0.032,2263032,2263359,NW_019862764.1_2263032_2263359
LOC112057294,NW_019862764.1,-,SE,7.85E-08,-0.034,2263032,2263374,NW_019862764.1_2263032_2263374
LOC112057294,NW_019862764.1,-,SE,8.60E-08,-0.032,2263033,2263348,NW_019862764.1_2263033_2263348
LOC112057294,NW_019862764.1,-,SE,5.00E-08,-0.035,2263062,2263348,NW_019862764.1_2263062_2263348
LOC112057725,NW_019862765.1,-,SE,0.000645977,0.101,1960616,1961225,NW_019862765.1_1960616_1961225
LOC112057725,NW_019862765.1,-,SE,0.000769687,0.09,1960629,1961145,NW_019862765.1_1960629_1961145
LOC112057725,NW_019862765.1,-,SE,0.001027427,0.154,1960629,1961145,NW_019862765.1_1960629_1961145
LOC112057725,NW_019862765.1,-,SE,0.000918805,0.088,1960629,1961161,NW_019862765.1_1960629_1961161
LOC112057725,NW_019862765.1,-,SE,0.000917177,0.119,1960629,1961225,NW_019862765.1_1960629_1961225
LOC112057725,NW_019862765.1,-,SE,0.001071244,0.154,1960629,1961225,NW_019862765.1_1960629_1961225
LOC112057725,NW_019862765.1,-,SE,0.000624629,0.102,1960689,1961225,NW_019862765.1_1960689_1961225
LOC112055427,NW_019863522.1,-,SE,2.59E-14,-0.207,74793,75170,NW_019863522.1_74793_75170
LOC112055427,NW_019863522.1,-,SE,2.39E-12,-0.068,79002,79360,NW_019863522.1_79002_79360
LOC112043334,NW_019862788.1,+,SE,0.031072785,-0.063,1220913,1221507,NW_019862788.1_1220913_1221507
LOC112053895,NW_019863292.1,-,SE,0.007573421,0.033,32259,32847,NW_019863292.1_32259_32847
LOC112053895,NW_019863292.1,-,SE,1.52E-06,0.047,32402,32847,NW_019863292.1_32402_32847
LOC112053895,NW_019863292.1,-,SE,2.55E-07,0.052,32541,32847,NW_019863292.1_32541_32847
LOC112053895,NW_019863292.1,-,SE,2.78E-11,0.057,32545,32844,NW_019863292.1_32545_32844
LOC112053886,NW_019863292.1,+,SE,0.040097118,0.008,114694,115015,NW_019863292.1_114694_115015
LOC112053886,NW_019863292.1,+,SE,0,0.126,127018,127340,NW_019863292.1_127018_127340
LOC112053886,NW_019863292.1,+,SE,0,0.122,127027,127340,NW_019863292.1_127027_127340
LOC112053886,NW_019863292.1,+,SE,0,0.122,127028,127340,NW_019863292.1_127028_127340
LOC112053886,NW_019863292.1,+,SE,0,0.087,127035,127339,NW_019863292.1_127035_127339
LOC112053886,NW_019863292.1,+,SE,0,0.129,127049,127340,NW_019863292.1_127049_127340
LOC112053886,NW_019863292.1,+,SE,1.61E-06,-0.036,155655,156202,NW_019863292.1_155655_156202
LOC112053886,NW_019863292.1,+,SE,1.56E-06,-0.036,155715,156202,NW_019863292.1_155715_156202
LOC112053886,NW_019863292.1,+,SE,1.71E-06,-0.036,155734,156202,NW_019863292.1_155734_156202
LOC112053886,NW_019863292.1,+,SE,1.35E-06,-0.036,155762,156202,NW_019863292.1_155762_156202
LOC112053886,NW_019863292.1,+,SE,1.64E-06,-0.036,155790,156202,NW_019863292.1_155790_156202
LOC112053886,NW_019863292.1,+,SE,2.06E-06,-0.032,155890,156202,NW_019863292.1_155890_156202
LOC112058397,NW_019862776.1,-,SE,0.004297212,0.014,325635,326022,NW_019862776.1_325635_326022
LOC112058418,NW_019862776.1,-,SE,2.22E-05,0.031,802177,802642,NW_019862776.1_802177_802642
LOC112058418,NW_019862776.1,-,SE,6.14E-06,0.051,802238,802638,NW_019862776.1_802238_802638
LOC112058418,NW_019862776.1,-,SE,0.000130932,0.044,802392,802642,NW_019862776.1_802392_802642
LOC112052044,NW_019862748.1,+,SE,4.37E-10,0.126,3964101,3964393,NW_019862748.1_3964101_3964393
LOC112052373,NW_019862759.1,+,SE,0.000497031,-0.044,2029538,2029824,NW_019862759.1_2029538_2029824
LOC112047001,NW_019862880.1,+,SE,0.004300796,0.032,326283,326922,NW_019862880.1_326283_326922
LOC112043022,NW_019862784.1,+,SE,0.002269786,-0.088,1095726,1096366,NW_019862784.1_1095726_1096366
LOC112043022,NW_019862784.1,+,SE,0.002320753,-0.088,1095942,1096366,NW_019862784.1_1095942_1096366
LOC112058208,NW_019862772.1,+,SE,8.39E-08,-0.165,1759551,1759899,NW_019862772.1_1759551_1759899
LOC112048342,NW_019862926.1,+,SE,9.64E-08,0.056,213611,213902,NW_019862926.1_213611_213902
LOC112048342,NW_019862926.1,+,SE,1.49E-07,0.045,213611,213959,NW_019862926.1_213611_213959
LOC112048342,NW_019862926.1,+,SE,1.58E-07,0.045,213611,214010,NW_019862926.1_213611_214010
LOC112050340,NW_019863018.1,+,SE,2.59E-14,-0.182,403517,403781,NW_019863018.1_403517_403781
LOC112046732,NW_019862869.1,-,SE,4.96E-05,-0.019,35511,35744,NW_019862869.1_35511_35744
LOC112046732,NW_019862869.1,-,SE,0.00111513,-0.017,42446,42733,NW_019862869.1_42446_42733
LOC112054344,NW_019863348.1,-,SE,0.000425893,0.062,16704,17013,NW_019863348.1_16704_17013
LOC112053862,NW_019863290.1,+,SE,1.09E-10,-0.153,191550,191884,NW_019863290.1_191550_191884
LOC112053862,NW_019863290.1,+,SE,4.17E-11,-0.146,191550,191897,NW_019863290.1_191550_191897
LOC112053862,NW_019863290.1,+,SE,4.98E-11,-0.145,191550,191966,NW_019863290.1_191550_191966
LOC112053862,NW_019863290.1,+,SE,4.98E-11,-0.144,191550,192002,NW_019863290.1_191550_192002
LOC112055457,NW_019863526.1,-,SE,0.000691802,0.03,121469,122055,NW_019863526.1_121469_122055
LOC112055966,NW_019863669.1,-,SE,0.013661631,0.028,43647,43993,NW_019863669.1_43647_43993
LOC112052396,NW_019863145.1,-,SE,2.85E-11,-0.725,117463,117782,NW_019863145.1_117463_117782
LOC112047257,NW_019862886.1,-,SE,5.38E-13,0.045,149955,150177,NW_019862886.1_149955_150177
LOC112047257,NW_019862886.1,-,SE,7.42E-14,0.052,149958,150177,NW_019862886.1_149958_150177
LOC112047355,NW_019862890.1,-,SE,0.027201871,0.043,330231,330511,NW_019862890.1_330231_330511
LOC112047355,NW_019862890.1,-,SE,9.43E-05,-0.054,330231,330880,NW_019862890.1_330231_330880
LOC112047355,NW_019862890.1,-,SE,0.008569399,0.046,330233,330511,NW_019862890.1_330233_330511
LOC112047355,NW_019862890.1,-,SE,9.73E-05,-0.054,330233,330880,NW_019862890.1_330233_330880
LOC112047355,NW_019862890.1,-,SE,0.0067179,0.048,330244,330511,NW_019862890.1_330244_330511
LOC112047355,NW_019862890.1,-,SE,9.43E-05,-0.054,330244,330880,NW_019862890.1_330244_330880
LOC112047355,NW_019862890.1,-,SE,2.59E-14,0.114,331304,331857,NW_019862890.1_331304_331857
LOC112047355,NW_019862890.1,-,SE,0,0.242,331304,331857,NW_019862890.1_331304_331857
LOC112044926,NW_019862820.1,-,SE,0.001868139,-0.161,58833,59239,NW_019862820.1_58833_59239
LOC112044926,NW_019862820.1,-,SE,0.0044468,-0.156,58841,59239,NW_019862820.1_58841_59239
LOC112044941,NW_019862820.1,+,SE,0.016452043,0.015,696964,697184,NW_019862820.1_696964_697184
LOC112047417,NW_019862753.1,-,SE,0.031333583,-0.19,321211,321453,NW_019862753.1_321211_321453
LOC112046721,NW_019862753.1,-,SE,0.032813929,-0.035,387707,388020,NW_019862753.1_387707_388020
LOC112046721,NW_019862753.1,-,SE,0.00624874,0.127,387711,388020,NW_019862753.1_387711_388020
LOC112046721,NW_019862753.1,-,SE,0.008864401,0.121,387715,388020,NW_019862753.1_387715_388020
LOC112047055,NW_019862753.1,-,SE,2.04E-06,-0.078,1467003,1467290,NW_019862753.1_1467003_1467290
LOC112047055,NW_019862753.1,-,SE,2.10E-06,-0.096,1467003,1467384,NW_019862753.1_1467003_1467384
LOC112045656,NW_019862837.1,+,SE,1.13E-06,0.097,381998,382321,NW_019862837.1_381998_382321
LOC112045656,NW_019862837.1,+,SE,5.36E-07,0.097,381998,382351,NW_019862837.1_381998_382351
LOC112054769,NW_019863408.1,+,SE,0.032137237,0.013,31911,32142,NW_019863408.1_31911_32142
LOC112051506,NW_019863086.1,-,SE,2.22E-09,-0.017,20277,20562,NW_019863086.1_20277_20562
LOC112051494,NW_019863086.1,+,SE,3.66E-07,0.135,218802,219176,NW_019863086.1_218802_219176
LOC112050969,NW_019863053.1,+,SE,1.37E-11,-0.168,362245,362463,NW_019863053.1_362245_362463
LOC112058541,NW_019862778.1,+,SE,0.000734238,-0.418,1039474,1039830,NW_019862778.1_1039474_1039830
LOC112058541,NW_019862778.1,+,SE,0.000878309,-0.402,1039522,1039830,NW_019862778.1_1039522_1039830
LOC112058541,NW_019862778.1,+,SE,0.001541052,-0.382,1039574,1039830,NW_019862778.1_1039574_1039830
LOC112058541,NW_019862778.1,+,SE,0.005716706,-0.401,1039596,1039830,NW_019862778.1_1039596_1039830
LOC112053333,NW_019863229.1,-,SE,0.010831613,0.055,119462,119849,NW_019863229.1_119462_119849
LOC112051828,NW_019863106.1,+,SE,0,-0.249,254693,255126,NW_019863106.1_254693_255126
LOC112051828,NW_019863106.1,+,SE,0,-0.249,254697,255126,NW_019863106.1_254697_255126
LOC112051828,NW_019863106.1,+,SE,0,-0.251,254729,255126,NW_019863106.1_254729_255126
LOC112051828,NW_019863106.1,+,SE,3.09E-06,-0.014,254729,255133,NW_019863106.1_254729_255133
LOC112051828,NW_019863106.1,+,SE,0,-0.242,254799,255126,NW_019863106.1_254799_255126
LOC112051828,NW_019863106.1,+,SE,6.42E-05,-0.017,254799,255133,NW_019863106.1_254799_255133
LOC112051828,NW_019863106.1,+,SE,0,-0.221,254822,255126,NW_019863106.1_254822_255126
LOC112051828,NW_019863106.1,+,SE,2.05E-07,-0.019,254822,255133,NW_019863106.1_254822_255133
LOC112051828,NW_019863106.1,+,SE,0,-0.223,254830,255126,NW_019863106.1_254830_255126
LOC112051828,NW_019863106.1,+,SE,2.35E-09,-0.021,254830,255133,NW_019863106.1_254830_255133
LOC112051828,NW_019863106.1,+,SE,0,-0.148,254880,255126,NW_019863106.1_254880_255126
LOC112051828,NW_019863106.1,+,SE,0,-0.147,254882,255126,NW_019863106.1_254882_255126
LOC112052990,NW_019863194.1,+,SE,0.000114685,0.132,60478,61074,NW_019863194.1_60478_61074
LOC112042794,NW_019862779.1,+,SE,0.002034193,0.028,1050610,1050976,NW_019862779.1_1050610_1050976
LOC112042794,NW_019862779.1,+,SE,0.000829303,0.034,1050635,1050978,NW_019862779.1_1050635_1050978
LOC112051345,NW_019863076.1,-,SE,0.024237928,0.011,196970,197329,NW_019863076.1_196970_197329
LOC112053060,NW_019863202.1,-,SE,0.001814732,-0.277,229873,230373,NW_019863202.1_229873_230373
LOC112053060,NW_019863202.1,-,SE,0.001814732,-0.277,229940,230373,NW_019863202.1_229940_230373
LOC112050124,NW_019863006.1,-,SE,1.05E-06,0.271,260976,261349,NW_019863006.1_260976_261349
LOC112055679,NW_019863585.1,-,SE,0,-0.046,37195,37452,NW_019863585.1_37195_37452
LOC112043847,NW_019862799.1,-,SE,1.66E-08,0.025,703912,704298,NW_019862799.1_703912_704298
LOC112043847,NW_019862799.1,-,SE,1.02E-08,0.026,703912,704331,NW_019862799.1_703912_704331
LOC112043847,NW_019862799.1,-,SE,8.38E-09,0.026,703912,704360,NW_019862799.1_703912_704360
LOC112043847,NW_019862799.1,-,SE,0.000209251,0.016,703944,704343,NW_019862799.1_703944_704343
LOC112043847,NW_019862799.1,-,SE,0.000244473,0.016,703949,704343,NW_019862799.1_703949_704343
LOC112043847,NW_019862799.1,-,SE,1.15E-13,0.037,705327,705629,NW_019862799.1_705327_705629
LOC112043866,NW_019862799.1,+,SE,0.000144645,-0.184,1281236,1281511,NW_019862799.1_1281236_1281511
LOC112049142,NW_019862961.1,-,SE,5.33E-05,0.179,360851,361242,NW_019862961.1_360851_361242
LOC112049142,NW_019862961.1,-,SE,6.08E-05,0.192,360899,361242,NW_019862961.1_360899_361242
LOC112055547,NW_019863549.1,-,SE,0.00532899,-0.387,43054,43645,NW_019863549.1_43054_43645
LOC112058174,NW_019862772.1,+,SE,3.05E-09,0.584,1827809,1828341,NW_019862772.1_1827809_1828341
LOC112058174,NW_019862772.1,+,SE,0.000351194,0.469,1827849,1828341,NW_019862772.1_1827849_1828341
LOC112058174,NW_019862772.1,+,SE,3.98E-08,0.56,1827851,1828341,NW_019862772.1_1827851_1828341
LOC112058174,NW_019862772.1,+,SE,0.001096055,0.508,1827851,1828521,NW_019862772.1_1827851_1828521
LOC112058174,NW_019862772.1,+,SE,5.12E-07,0.508,1827861,1828341,NW_019862772.1_1827861_1828341
LOC112058174,NW_019862772.1,+,SE,4.88E-05,0.407,1827861,1828521,NW_019862772.1_1827861_1828521
LOC112058174,NW_019862772.1,+,SE,0,0.692,1828077,1828686,NW_019862772.1_1828077_1828686
LOC112058174,NW_019862772.1,+,SE,0.02650872,0.03,1830361,1830968,NW_019862772.1_1830361_1830968
LOC112047309,NW_019862887.1,+,SE,0.000138459,0.064,433277,433581,NW_019862887.1_433277_433581
LOC112047309,NW_019862887.1,+,SE,0.009353865,-0.023,434561,434810,NW_019862887.1_434561_434810
LOC112047309,NW_019862887.1,+,SE,1.08E-05,0.145,434561,435111,NW_019862887.1_434561_435111
LOC112046289,NW_019862853.1,+,SE,0.000929055,0.181,562954,563210,NW_019862853.1_562954_563210
LOC112055453,NW_019863525.1,-,SE,1.97E-07,-0.16,113982,114256,NW_019863525.1_113982_114256
LOC112048291,NW_019862924.1,-,SE,0.010778977,-0.149,328015,328270,NW_019862924.1_328015_328270
LOC112048291,NW_019862924.1,-,SE,0.010247244,-0.146,328020,328270,NW_019862924.1_328020_328270
LOC112048291,NW_019862924.1,-,SE,0.009892509,-0.213,328412,328630,NW_019862924.1_328412_328630
LOC112052130,NW_019863128.1,-,SE,0.006327109,0.025,229243,229529,NW_019863128.1_229243_229529
LOC112042894,NW_019862781.1,+,SE,0.009930791,-0.057,921441,921746,NW_019862781.1_921441_921746
LOC112042894,NW_019862781.1,+,SE,0.00026063,-0.057,921442,921749,NW_019862781.1_921442_921749
LOC112042894,NW_019862781.1,+,SE,1.72E-09,-0.07,965523,965993,NW_019862781.1_965523_965993
LOC112054485,NW_019863363.1,+,SE,0.03769553,0.031,70420,70859,NW_019863363.1_70420_70859
LOC112052026,NW_019863119.1,+,SE,0.036809758,-0.409,261262,261531,NW_019863119.1_261262_261531
LOC112050088,NW_019863005.1,+,SE,0.002513409,-0.095,520286,520605,NW_019863005.1_520286_520605
LOC112050088,NW_019863005.1,+,SE,0.001377841,-0.095,520286,520620,NW_019863005.1_520286_520620
LOC112050088,NW_019863005.1,+,SE,0.001377841,-0.137,520286,520735,NW_019863005.1_520286_520735
LOC112044702,NW_019862816.1,-,SE,0.0327919,0.089,395651,395918,NW_019862816.1_395651_395918
LOC112043953,NW_019862800.1,+,SE,4.42E-06,-0.099,1304681,1305343,NW_019862800.1_1304681_1305343
LOC112050113,NW_019863005.1,-,SE,0.004071939,-0.04,713248,713592,NW_019863005.1_713248_713592
LOC112053498,NW_019863247.1,-,SE,0.008758218,0.154,147476,148111,NW_019863247.1_147476_148111
LOC112053498,NW_019863247.1,-,SE,0.008138244,0.019,147476,148120,NW_019863247.1_147476_148120
LOC112053498,NW_019863247.1,-,SE,0.045614126,0.016,147584,148111,NW_019863247.1_147584_148111
LOC112053498,NW_019863247.1,-,SE,0.047806973,0.016,147584,148181,NW_019863247.1_147584_148181
LOC112053498,NW_019863247.1,-,SE,0.047686351,0.016,147584,148182,NW_019863247.1_147584_148182
LOC112053498,NW_019863247.1,-,SE,0.047806973,0.016,147584,148186,NW_019863247.1_147584_148186
LOC112053498,NW_019863247.1,-,SE,0.047806973,0.016,147584,148191,NW_019863247.1_147584_148191
LOC112053498,NW_019863247.1,-,SE,0.049063517,0.016,147584,148198,NW_019863247.1_147584_148198
LOC112053498,NW_019863247.1,-,SE,0.047012088,0.016,147584,148201,NW_019863247.1_147584_148201
LOC112053498,NW_019863247.1,-,SE,0.047686351,0.016,147584,148212,NW_019863247.1_147584_148212
LOC112053498,NW_019863247.1,-,SE,0.001084481,0.041,151237,151647,NW_019863247.1_151237_151647
LOC112043098,NW_019862785.1,+,SE,0.025848931,-0.008,968733,968975,NW_019862785.1_968733_968975
LOC112055589,NW_019863555.1,-,SE,0.00046568,-0.084,34266,34623,NW_019863555.1_34266_34623
LOC112044902,NW_019862819.1,+,SE,0.004584529,0.034,627497,627757,NW_019862819.1_627497_627757
LOC112053728,NW_019863277.1,-,SE,0.030013125,0.076,121256,121908,NW_019863277.1_121256_121908
LOC112051454,NW_019863083.1,+,SE,1.67E-05,-0.09,296137,296764,NW_019863083.1_296137_296764
LOC112051454,NW_019863083.1,+,SE,1.70E-05,-0.089,296381,296764,NW_019863083.1_296381_296764
LOC112051454,NW_019863083.1,+,SE,1.64E-05,-0.089,296411,296764,NW_019863083.1_296411_296764
LOC112051454,NW_019863083.1,+,SE,8.27E-06,-0.099,296434,296764,NW_019863083.1_296434_296764
LOC112051454,NW_019863083.1,+,SE,7.92E-06,-0.102,296450,296764,NW_019863083.1_296450_296764
LOC112051454,NW_019863083.1,+,SE,4.21E-05,-0.109,296473,296764,NW_019863083.1_296473_296764
LOC112047213,NW_019862884.1,+,SE,7.95E-05,-0.015,195410,195879,NW_019862884.1_195410_195879
LOC112047220,NW_019862884.1,+,SE,0.003393496,0.331,239585,240252,NW_019862884.1_239585_240252
LOC112047220,NW_019862884.1,+,SE,0.003393496,0.331,239624,240252,NW_019862884.1_239624_240252
LOC112047220,NW_019862884.1,+,SE,0.004148769,0.309,240011,240252,NW_019862884.1_240011_240252
LOC112049719,NW_019862756.1,+,SE,0.043745695,-0.015,216393,216696,NW_019862756.1_216393_216696
LOC112049719,NW_019862756.1,+,SE,1.08E-10,0.124,216393,216701,NW_019862756.1_216393_216701
LOC112050384,NW_019862756.1,-,SE,0.000238552,-0.236,1796034,1796360,NW_019862756.1_1796034_1796360
LOC112049344,NW_019862968.1,+,SE,0.002855977,0.248,242569,242891,NW_019862968.1_242569_242891
LOC112045512,NW_019862834.1,+,SE,1.58E-08,-0.082,996794,997114,NW_019862834.1_996794_997114
LOC112046776,NW_019862870.1,+,SE,0.016707487,-0.053,771990,772247,NW_019862870.1_771990_772247
LOC112055014,NW_019863447.1,-,SE,1.09E-10,-0.06,37744,38084,NW_019863447.1_37744_38084
LOC112055014,NW_019863447.1,-,SE,9.74E-14,-0.108,37750,38084,NW_019863447.1_37750_38084
LOC112044333,NW_019862806.1,+,SE,0.006068692,0.289,684965,685375,NW_019862806.1_684965_685375
LOC112044285,NW_019862806.1,-,SE,0.001084481,0.03,532763,533085,NW_019862806.1_532763_533085
LOC112044285,NW_019862806.1,-,SE,0.001084481,0.03,532768,533085,NW_019862806.1_532768_533085
LOC112044285,NW_019862806.1,-,SE,0.001083344,0.032,532779,533085,NW_019862806.1_532779_533085
LOC112044285,NW_019862806.1,-,SE,1.44E-05,0.038,532780,533112,NW_019862806.1_532780_533112
LOC112044285,NW_019862806.1,-,SE,0.015115275,0.02,532842,533085,NW_019862806.1_532842_533085
LOC112046614,NW_019862863.1,+,SE,0.009279673,0.121,823944,824261,NW_019862863.1_823944_824261
LOC112046614,NW_019862863.1,+,SE,0.032044184,0.096,823944,824261,NW_019862863.1_823944_824261
LOC112046614,NW_019862863.1,+,SE,0.001159651,-0.06,823944,824278,NW_019862863.1_823944_824278
LOC112046614,NW_019862863.1,+,SE,1.93E-05,-0.092,827779,828015,NW_019862863.1_827779_828015
LOC112046614,NW_019862863.1,+,SE,2.32E-05,-0.089,827789,828015,NW_019862863.1_827789_828015
LOC112046606,NW_019862863.1,-,SE,4.80E-08,0.031,860659,861176,NW_019862863.1_860659_861176
LOC112046606,NW_019862863.1,-,SE,4.44E-08,0.031,860765,861176,NW_019862863.1_860765_861176
LOC112050806,NW_019863043.1,-,SE,0.001446684,-0.399,427978,428342,NW_019863043.1_427978_428342
LOC112050806,NW_019863043.1,-,SE,0.000483421,-0.283,428044,428724,NW_019863043.1_428044_428724
LOC112050806,NW_019863043.1,-,SE,0.000551631,-0.467,428106,428342,NW_019863043.1_428106_428342
LOC112048704,NW_019862941.1,-,SE,2.60E-06,0.175,509161,509546,NW_019862941.1_509161_509546
LOC112052389,NW_019863145.1,-,SE,0.005399617,0.206,48107,48449,NW_019863145.1_48107_48449
LOC112048135,NW_019862918.1,-,SE,4.16E-07,0.072,484147,484815,NW_019862918.1_484147_484815
LOC112046638,NW_019862864.1,+,SE,0.024017417,-0.045,332108,332435,NW_019862864.1_332108_332435
LOC112046638,NW_019862864.1,+,SE,0.041723603,-0.051,332162,332435,NW_019862864.1_332162_332435
LOC112052118,NW_019863127.1,-,SE,6.95E-11,-0.113,13057,13442,NW_019863127.1_13057_13442
LOC112056418,NW_019863807.1,-,SE,0.000110937,-0.101,9653,9954,NW_019863807.1_9653_9954
LOC112048448,NW_019862930.1,-,SE,2.03E-05,0.064,515237,515588,NW_019862930.1_515237_515588
LOC112048448,NW_019862930.1,-,SE,2.03E-05,0.064,515237,515810,NW_019862930.1_515237_515810
LOC112054590,NW_019863380.1,-,SE,0.000115815,0.166,120406,120816,NW_019863380.1_120406_120816
LOC112054590,NW_019863380.1,-,SE,1.24E-05,0.227,120412,120808,NW_019863380.1_120412_120808
LOC112048203,NW_019862921.1,+,SE,0.00559499,-0.163,467943,468212,NW_019862921.1_467943_468212
LOC112048203,NW_019862921.1,+,SE,0,-0.334,469549,469882,NW_019862921.1_469549_469882
LOC112048203,NW_019862921.1,+,SE,0,-0.258,469552,469882,NW_019862921.1_469552_469882
LOC112050519,NW_019863027.1,+,SE,2.59E-14,-0.125,138299,138843,NW_019863027.1_138299_138843
LOC112050519,NW_019863027.1,+,SE,0,-0.114,138300,138669,NW_019863027.1_138300_138669
LOC112050519,NW_019863027.1,+,SE,0,-0.114,138301,138669,NW_019863027.1_138301_138669
LOC112047618,NW_019862898.1,-,SE,0.012432003,0.084,567414,567733,NW_019862898.1_567414_567733
LOC112047618,NW_019862898.1,-,SE,9.17E-07,0.044,576011,576496,NW_019862898.1_576011_576496
LOC112047618,NW_019862898.1,-,SE,0.000273664,0.067,576545,577213,NW_019862898.1_576545_577213
LOC112047618,NW_019862898.1,-,SE,0.000273664,0.067,576767,577213,NW_019862898.1_576767_577213
LOC112047618,NW_019862898.1,-,SE,0.000758638,-0.056,576767,577213,NW_019862898.1_576767_577213
LOC112047618,NW_019862898.1,-,SE,0.000300137,0.064,576857,577213,NW_019862898.1_576857_577213
LOC112047618,NW_019862898.1,-,SE,0.004457105,-0.051,576857,577213,NW_019862898.1_576857_577213
LOC112047618,NW_019862898.1,-,SE,0,-0.293,579327,579821,NW_019862898.1_579327_579821
LOC112047618,NW_019862898.1,-,SE,0,-0.293,579484,579821,NW_019862898.1_579484_579821
LOC112053422,NW_019863240.1,+,SE,0.024088478,-0.191,81276,81881,NW_019863240.1_81276_81881
LOC112051357,NW_019863077.1,-,SE,0,0.325,297603,297847,NW_019863077.1_297603_297847
LOC112049630,NW_019862981.1,-,SE,0.001583352,-0.254,90118,90775,NW_019862981.1_90118_90775
LOC112049630,NW_019862981.1,-,SE,0.002321302,-0.235,90453,90775,NW_019862981.1_90453_90775
LOC112045706,NW_019862838.1,-,SE,0.001377841,-0.21,746758,747043,NW_019862838.1_746758_747043
LOC112045706,NW_019862838.1,-,SE,0.001725914,-0.215,746758,747092,NW_019862838.1_746758_747092
LOC112055603,NW_019863559.1,-,SE,0.04341225,-0.322,14957,15309,NW_019863559.1_14957_15309
LOC112047321,NW_019862887.1,-,SE,4.49E-09,0.118,447040,447432,NW_019862887.1_447040_447432
LOC112047321,NW_019862887.1,-,SE,1.26E-07,-0.152,455949,456219,NW_019862887.1_455949_456219
LOC112045646,NW_019862837.1,+,SE,0.010808004,-0.06,279218,279444,NW_019862837.1_279218_279444
LOC112054224,NW_019863330.1,-,SE,0.000108954,-0.389,43111,43723,NW_019863330.1_43111_43723
LOC112054224,NW_019863330.1,-,SE,0.001725914,-0.396,43433,43723,NW_019863330.1_43433_43723
LOC112049214,NW_019862755.1,+,SE,0.001939398,-0.145,2565275,2565871,NW_019862755.1_2565275_2565871
LOC112049214,NW_019862755.1,+,SE,0.001840036,-0.147,2565505,2565871,NW_019862755.1_2565505_2565871
LOC112049214,NW_019862755.1,+,SE,0.001739528,-0.147,2565520,2565871,NW_019862755.1_2565520_2565871
LOC112053239,NW_019863219.1,-,SE,0.003775894,0.074,20157,20549,NW_019863219.1_20157_20549
LOC112051640,NW_019863093.1,-,SE,0.012457767,-0.1,336661,337192,NW_019863093.1_336661_337192
LOC112055964,NW_019863667.1,-,SE,0.016024809,0.028,41451,41738,NW_019863667.1_41451_41738
LOC112050976,NW_019863054.1,-,MXE_exon1,0.010954808,0.142,55060,55308,NW_019863054.1_55060_55308
LOC112050976,NW_019863054.1,-,MXE_exon1,0.000657873,0.043,55060,55308,NW_019863054.1_55060_55308
LOC112044457,NW_019862809.1,-,MXE_exon1,0.023170104,0.152,1217244,1217471,NW_019862809.1_1217244_1217471
LOC112048791,NW_019862945.1,-,MXE_exon1,0.021343553,0.078,484608,484883,NW_019862945.1_484608_484883
LOC112048780,NW_019862945.1,-,MXE_exon1,0.021816574,0.203,225624,226017,NW_019862945.1_225624_226017
LOC112051279,NW_019863071.1,-,MXE_exon1,0.029833272,-0.078,189578,189869,NW_019863071.1_189578_189869
LOC112054569,NW_019863377.1,-,MXE_exon1,0.03841274,0.141,30252,30644,NW_019863377.1_30252_30644
LOC112048194,NW_019862920.1,+,MXE_exon1,0,0.141,586667,587074,NW_019862920.1_586667_587074
LOC112048194,NW_019862920.1,+,MXE_exon1,3.68E-09,0.086,586667,587074,NW_019862920.1_586667_587074
LOC112056190,NW_019863730.1,-,MXE_exon1,0.001786122,-0.101,25577,25934,NW_019863730.1_25577_25934
LOC112058428,NW_019862776.1,-,MXE_exon1,0,0.085,1068261,1068521,NW_019862776.1_1068261_1068521
LOC112058428,NW_019862776.1,-,MXE_exon1,0,0.122,1068261,1068521,NW_019862776.1_1068261_1068521
LOC112046053,NW_019862748.1,-,MXE_exon1,1.99E-05,-0.032,1644525,1644871,NW_019862748.1_1644525_1644871
LOC112054305,NW_019863340.1,+,MXE_exon1,0.019621663,-0.087,73160,73486,NW_019863340.1_73160_73486
LOC112058076,NW_019862749.1,-,MXE_exon1,0.008651098,0.206,2880642,2881051,NW_019862749.1_2880642_2881051
LOC112051200,NW_019863068.1,-,MXE_exon1,0.015742943,0.21,155380,155643,NW_019863068.1_155380_155643
LOC112051200,NW_019863068.1,-,MXE_exon1,0.005663587,0.215,156350,156664,NW_019863068.1_156350_156664
LOC112048717,NW_019862941.1,-,MXE_exon1,1.62E-07,-0.233,257558,257918,NW_019862941.1_257558_257918
nbis-pseudo15,NW_019862809.1,-,MXE_exon1,0.048549369,0.108,1157552,1157997,NW_019862809.1_1157552_1157997
LOC112056031,NW_019863688.1,-,MXE_exon1,1.82E-13,0.256,17127,17473,NW_019863688.1_17127_17473
LOC112058377,NW_019862775.1,-,MXE_exon1,0.001312826,-0.021,1671328,1671623,NW_019862775.1_1671328_1671623
LOC112049830,NW_019862993.1,-,MXE_exon1,0.001658768,0.441,96550,96878,NW_019862993.1_96550_96878
LOC112049830,NW_019862993.1,-,MXE_exon1,0.03488469,0.302,96550,96878,NW_019862993.1_96550_96878
LOC112057974,NW_019862770.1,+,MXE_exon1,5.45E-05,0.067,577144,577394,NW_019862770.1_577144_577394
LOC112047748,NW_019862903.1,+,MXE_exon1,0.022322873,-0.116,36613,36951,NW_019862903.1_36613_36951
LOC112048827,NW_019862946.1,-,MXE_exon1,9.03E-07,0.49,498696,499049,NW_019862946.1_498696_499049
LOC112044055,NW_019862802.1,+,MXE_exon1,0.000256049,-0.063,308585,308899,NW_019862802.1_308585_308899
LOC112045222,NW_019862826.1,-,MXE_exon1,0.042433245,0.01,644089,644469,NW_019862826.1_644089_644469
LOC112045222,NW_019862826.1,-,MXE_exon1,0.005269093,0.014,646173,646490,NW_019862826.1_646173_646490
LOC112048610,NW_019862748.1,-,MXE_exon1,0.024257756,0.055,2694779,2695116,NW_019862748.1_2694779_2695116
LOC112050343,NW_019863018.1,+,MXE_exon1,5.75E-05,-0.153,290108,290473,NW_019863018.1_290108_290473
LOC112055597,NW_019862762.1,-,MXE_exon1,0.045306219,-0.103,1106501,1106821,NW_019862762.1_1106501_1106821
LOC112048640,NW_019862938.1,-,MXE_exon1,1.97E-10,-0.353,65275,65552,NW_019862938.1_65275_65552
LOC112048640,NW_019862938.1,-,MXE_exon1,7.85E-08,-0.109,65275,65552,NW_019862938.1_65275_65552
LOC112048640,NW_019862938.1,-,MXE_exon1,0.014782879,-0.038,66408,66755,NW_019862938.1_66408_66755
LOC112048640,NW_019862938.1,-,MXE_exon1,0.010019175,0.064,66408,66767,NW_019862938.1_66408_66767
LOC112048640,NW_019862938.1,-,MXE_exon1,0.000318301,0.101,94029,94325,NW_019862938.1_94029_94325
LOC112048640,NW_019862938.1,-,MXE_exon1,0.048212785,-0.065,94029,94325,NW_019862938.1_94029_94325
LOC112048640,NW_019862938.1,-,MXE_exon1,1.56E-05,0.11,94029,94325,NW_019862938.1_94029_94325
LOC112048640,NW_019862938.1,-,MXE_exon1,3.36E-09,0.105,94029,94325,NW_019862938.1_94029_94325
LOC112048640,NW_019862938.1,-,MXE_exon1,1.69E-07,-0.182,150136,150490,NW_019862938.1_150136_150490
LOC112048640,NW_019862938.1,-,MXE_exon1,7.37E-10,0.118,151637,151951,NW_019862938.1_151637_151951
LOC112045793,NW_019862752.1,+,MXE_exon1,7.28E-05,-0.208,1288851,1289209,NW_019862752.1_1288851_1289209
LOC112045714,NW_019862838.1,-,MXE_exon1,0.024912056,-0.268,728527,728853,NW_019862838.1_728527_728853
LOC112047743,NW_019862903.1,-,MXE_exon1,3.29E-05,-0.288,415306,415603,NW_019862903.1_415306_415603
LOC112053819,NW_019863285.1,+,MXE_exon1,0.001133722,-0.138,80047,80394,NW_019863285.1_80047_80394
LOC112046526,NW_019862860.1,+,MXE_exon1,0.002286166,-0.417,251814,252328,NW_019862860.1_251814_252328
LOC112044453,NW_019862809.1,+,MXE_exon1,0.014631789,0.152,1021477,1021936,NW_019862809.1_1021477_1021936
LOC112046488,NW_019862859.1,+,MXE_exon1,0.012609434,-0.062,410309,411311,NW_019862859.1_410309_411311
LOC112055865,NW_019863641.1,-,MXE_exon1,2.03E-12,0.1,65146,65505,NW_019863641.1_65146_65505
LOC112056840,NW_019864020.1,+,MXE_exon1,0.000626704,0.209,31120,31459,NW_019864020.1_31120_31459
LOC112047234,NW_019862885.1,-,MXE_exon1,0.029833272,-0.021,646904,647296,NW_019862885.1_646904_647296
LOC112047022,NW_019862880.1,-,MXE_exon1,1.65E-05,0.203,631526,631856,NW_019862880.1_631526_631856
LOC112053443,NW_019862760.1,+,MXE_exon1,4.97E-09,0.055,55165,55691,NW_019862760.1_55165_55691
LOC112053443,NW_019862760.1,+,MXE_exon1,0,0.136,55165,55691,NW_019862760.1_55165_55691
LOC112053443,NW_019862760.1,+,MXE_exon1,5.39E-08,-0.033,55360,55691,NW_019862760.1_55360_55691
LOC112053443,NW_019862760.1,+,MXE_exon1,0.007491417,-0.038,55370,55691,NW_019862760.1_55370_55691
LOC112053443,NW_019862760.1,+,MXE_exon1,5.69E-05,0.04,55370,55691,NW_019862760.1_55370_55691
LOC112053443,NW_019862760.1,+,MXE_exon1,0.001606059,0.017,80224,80475,NW_019862760.1_80224_80475
LOC112055393,NW_019862762.1,+,MXE_exon1,0.00104262,-0.211,275780,276098,NW_019862762.1_275780_276098
LOC112043861,NW_019862799.1,+,MXE_exon1,0.023128416,-0.024,1081053,1081289,NW_019862799.1_1081053_1081289
LOC112053944,NW_019863297.1,-,MXE_exon1,0.029496729,-0.1,101279,101576,NW_019863297.1_101279_101576
LOC112058448,NW_019862776.1,-,MXE_exon1,5.30E-05,0.056,1577781,1578110,NW_019862776.1_1577781_1578110
LOC112058448,NW_019862776.1,-,MXE_exon1,0.008527657,0.156,1577781,1578110,NW_019862776.1_1577781_1578110
LOC112047518,NW_019862895.1,-,MXE_exon1,0.002519909,0.083,761043,761494,NW_019862895.1_761043_761494
LOC112052382,NW_019863144.1,-,MXE_exon1,0.036666558,0.055,246707,247048,NW_019863144.1_246707_247048
LOC112054332,NW_019863346.1,+,MXE_exon1,0.00013794,-0.206,8629,8912,NW_019863346.1_8629_8912
LOC112043723,NW_019862795.1,+,MXE_exon1,0.001830147,0.095,1191512,1191764,NW_019862795.1_1191512_1191764
LOC112055422,NW_019863521.1,+,MXE_exon1,0.046007912,-0.055,10797,11444,NW_019863521.1_10797_11444
LOC112055422,NW_019863521.1,+,MXE_exon1,5.66E-07,0.138,13726,14194,NW_019863521.1_13726_14194
LOC112051313,NW_019863074.1,+,MXE_exon1,0.003862343,0.05,175194,175494,NW_019863074.1_175194_175494
LOC112046887,NW_019862874.1,-,MXE_exon1,0.000230182,-0.079,17658,17930,NW_019862874.1_17658_17930
LOC112046887,NW_019862874.1,-,MXE_exon1,2.98E-07,0.014,19540,19868,NW_019862874.1_19540_19868
LOC112046887,NW_019862874.1,-,MXE_exon1,0.000271899,-0.074,19540,19868,NW_019862874.1_19540_19868
LOC112043311,NW_019862788.1,-,MXE_exon1,0.028996312,-0.077,702025,702348,NW_019862788.1_702025_702348
LOC112055216,NW_019862748.1,-,MXE_exon1,0.034252423,0.084,4871673,4872017,NW_019862748.1_4871673_4872017
LOC112054440,NW_019863357.1,+,MXE_exon1,1.96E-13,0.043,134183,134482,NW_019863357.1_134183_134482
LOC112051565,NW_019863089.1,-,MXE_exon1,0.002493648,-0.183,162773,163128,NW_019863089.1_162773_163128
LOC112056262,NW_019862763.1,+,MXE_exon1,0.03905707,0.229,1307073,1307373,NW_019862763.1_1307073_1307373
LOC112058550,NW_019862778.1,-,MXE_exon1,4.40E-14,-0.145,1102868,1103181,NW_019862778.1_1102868_1103181
LOC112047231,NW_019862885.1,-,MXE_exon1,4.40E-14,-0.332,592659,593054,NW_019862885.1_592659_593054
LOC112051523,NW_019863087.1,+,MXE_exon1,4.03E-05,-0.075,160011,160323,NW_019863087.1_160011_160323
LOC112051523,NW_019863087.1,+,MXE_exon1,5.03E-09,0.109,179021,179357,NW_019863087.1_179021_179357
LOC112051523,NW_019863087.1,+,MXE_exon1,0.00103988,0.077,179021,179357,NW_019863087.1_179021_179357
LOC112051523,NW_019863087.1,+,MXE_exon1,1.28E-06,0.067,182891,183186,NW_019863087.1_182891_183186
LOC112054814,NW_019863416.1,+,MXE_exon1,0.031556648,0.093,36401,36798,NW_019863416.1_36401_36798
LOC112052337,NW_019863141.1,-,MXE_exon1,0.000303731,-0.044,172618,172926,NW_019863141.1_172618_172926
LOC112044491,NW_019862810.1,+,MXE_exon1,8.55E-08,-0.212,732145,732501,NW_019862810.1_732145_732501
LOC112047558,NW_019862896.1,+,MXE_exon1,0.000237743,-0.063,450348,450623,NW_019862896.1_450348_450623
LOC112053171,NW_019863214.1,+,MXE_exon1,1.41E-07,0.209,49511,49852,NW_019863214.1_49511_49852
LOC112056771,NW_019863975.1,-,MXE_exon1,4.40E-14,0.243,14764,15051,NW_019863975.1_14764_15051
LOC112048857,NW_019862948.1,+,MXE_exon1,0.014605641,-0.007,354003,354320,NW_019862948.1_354003_354320
LOC112048131,NW_019862917.1,-,MXE_exon1,0.009344795,-0.242,645991,646245,NW_019862917.1_645991_646245
LOC112052566,NW_019863158.1,-,MXE_exon1,0.002889547,0.055,249512,249859,NW_019863158.1_249512_249859
LOC112052566,NW_019863158.1,-,MXE_exon1,0.031681879,-0.068,249512,249859,NW_019863158.1_249512_249859
LOC112054441,NW_019863357.1,+,MXE_exon1,1.83E-07,0.194,100866,101132,NW_019863357.1_100866_101132
LOC112044050,NW_019862802.1,-,MXE_exon1,0.047845089,0.11,955885,956216,NW_019862802.1_955885_956216
LOC112046929,NW_019862877.1,+,MXE_exon1,1.88E-11,0.152,565725,565968,NW_019862877.1_565725_565968
LOC112042919,NW_019862749.1,+,MXE_exon1,0.008330787,0.14,2352411,2352773,NW_019862749.1_2352411_2352773
LOC112055092,NW_019863458.1,+,MXE_exon1,5.19E-05,-0.245,143457,143779,NW_019863458.1_143457_143779
LOC112052331,NW_019862759.1,-,MXE_exon1,0.008558803,-0.068,883394,883766,NW_019862759.1_883394_883766
LOC112055526,NW_019863545.1,-,MXE_exon1,1.14E-08,-0.076,76263,76547,NW_019863545.1_76263_76547
LOC112050999,NW_019863056.1,+,MXE_exon1,0.000640264,-0.222,173317,173631,NW_019863056.1_173317_173631
LOC112049052,NW_019862956.1,-,MXE_exon1,0.001276785,-0.12,480908,481281,NW_019862956.1_480908_481281
LOC112047113,NW_019862882.1,-,MXE_exon1,1.56E-08,0.186,101763,102296,NW_019862882.1_101763_102296
LOC112058374,NW_019862775.1,+,MXE_exon1,0.008648366,-0.039,1559381,1559863,NW_019862775.1_1559381_1559863
LOC112053274,NW_019863223.1,+,MXE_exon1,0.002136565,-0.463,161386,161792,NW_019863223.1_161386_161792
LOC112049718,NW_019862987.1,+,MXE_exon1,1.84E-05,-0.021,737789,738089,NW_019862987.1_737789_738089
LOC112054296,NW_019863339.1,-,MXE_exon1,0.006862775,-0.149,48532,48871,NW_019863339.1_48532_48871
LOC112045177,NW_019862825.1,-,MXE_exon1,0.005605496,0.161,534278,534635,NW_019862825.1_534278_534635
LOC112056331,NW_019863777.1,+,MXE_exon1,0.001302605,0.083,67988,68304,NW_019863777.1_67988_68304
LOC112046332,NW_019862855.1,-,MXE_exon1,1.54E-08,0.101,634760,635120,NW_019862855.1_634760_635120
LOC112049495,NW_019862976.1,-,MXE_exon1,0.001307627,0.271,83673,83932,NW_019862976.1_83673_83932
LOC112052049,NW_019863120.1,+,MXE_exon1,0.003067239,0.056,276390,276705,NW_019863120.1_276390_276705
LOC112045595,NW_019862836.1,-,MXE_exon1,0.012673935,-0.19,992713,993059,NW_019862836.1_992713_993059
LOC112052141,NW_019863130.1,-,MXE_exon1,0.001605537,0.13,89885,90171,NW_019863130.1_89885_90171
LOC112048544,NW_019862934.1,+,MXE_exon1,8.59E-06,-0.178,288460,288761,NW_019862934.1_288460_288761
LOC112043877,NW_019862799.1,+,MXE_exon1,0.000202683,0.109,788962,789375,NW_019862799.1_788962_789375
LOC112052060,NW_019863122.1,-,MXE_exon1,0.019363874,0.254,14288,14630,NW_019863122.1_14288_14630
LOC112044786,NW_019862817.1,+,MXE_exon1,0.01655483,-0.127,120489,120786,NW_019862817.1_120489_120786
LOC112049503,NW_019862976.1,-,MXE_exon1,0,-0.126,435332,435602,NW_019862976.1_435332_435602
LOC112049503,NW_019862976.1,-,MXE_exon1,0,-0.223,436098,436361,NW_019862976.1_436098_436361
LOC112049503,NW_019862976.1,-,MXE_exon1,0.028030345,0.096,440126,440397,NW_019862976.1_440126_440397
LOC112045952,NW_019862844.1,+,MXE_exon1,0.031780637,0.045,222627,222945,NW_019862844.1_222627_222945
LOC112043224,NW_019862787.1,-,MXE_exon1,0.001796418,-0.063,809226,809600,NW_019862787.1_809226_809600
LOC112043224,NW_019862787.1,-,MXE_exon1,0.002276793,-0.06,809917,812867,NW_019862787.1_809917_812867
LOC112055495,NW_019863535.1,+,MXE_exon1,1.12E-05,-0.352,58572,58952,NW_019863535.1_58572_58952
LOC112046842,NW_019862873.1,+,MXE_exon1,3.82E-08,-0.038,565257,565528,NW_019862873.1_565257_565528
LOC112054593,NW_019863380.1,+,MXE_exon1,0.022744887,0.265,169062,169423,NW_019863380.1_169062_169423
LOC112054593,NW_019863380.1,+,MXE_exon1,0.0294786,0.253,169062,169423,NW_019863380.1_169062_169423
LOC112058542,NW_019862778.1,-,MXE_exon1,5.02E-12,0.114,1049804,1050167,NW_019862778.1_1049804_1050167
LOC112057654,NW_019862765.1,-,MXE_exon1,2.57E-05,-0.04,51513,51792,NW_019862765.1_51513_51792
LOC112057654,NW_019862765.1,-,MXE_exon1,0.022607475,-0.244,71324,71668,NW_019862765.1_71324_71668
LOC112055555,NW_019863549.1,-,MXE_exon1,0.001644979,-0.21,71091,71417,NW_019863549.1_71091_71417
LOC112055327,NW_019863501.1,+,MXE_exon1,0.005614802,-0.005,64883,65294,NW_019863501.1_64883_65294
LOC112054606,NW_019863381.1,-,MXE_exon1,0.002847718,-0.057,116719,117053,NW_019863381.1_116719_117053
LOC112042935,NW_019862782.1,-,MXE_exon1,4.28E-10,0.085,1151710,1152090,NW_019862782.1_1151710_1152090
LOC112042935,NW_019862782.1,-,MXE_exon1,0.000906703,-0.099,1170439,1170750,NW_019862782.1_1170439_1170750
LOC112047120,NW_019862882.1,-,MXE_exon1,0.02487192,0.311,754873,755157,NW_019862882.1_754873_755157
LOC112050550,NW_019863028.1,-,MXE_exon1,0.000972716,0.344,367493,367810,NW_019863028.1_367493_367810
LOC112054124,NW_019863321.1,-,MXE_exon1,0.028196627,-0.121,89924,90265,NW_019863321.1_89924_90265
LOC112048050,NW_019862754.1,-,MXE_exon1,2.52E-05,-0.095,1606504,1606805,NW_019862754.1_1606504_1606805
LOC112048050,NW_019862754.1,-,MXE_exon1,0,0.082,1606504,1606805,NW_019862754.1_1606504_1606805
LOC112048050,NW_019862754.1,-,MXE_exon1,0,0.13,1609421,1609725,NW_019862754.1_1609421_1609725
LOC112056865,NW_019864039.1,+,MXE_exon1,0.000141245,-0.186,23174,23508,NW_019864039.1_23174_23508
LOC112045098,NW_019862823.1,-,MXE_exon1,9.03E-05,0.127,64392,64695,NW_019862823.1_64392_64695
LOC112050048,NW_019863003.1,-,MXE_exon1,0.014580621,0.255,290381,290640,NW_019863003.1_290381_290640
LOC112058532,NW_019862778.1,+,MXE_exon1,9.28E-07,0.516,681932,682264,NW_019862778.1_681932_682264
LOC112048898,NW_019862755.1,-,MXE_exon1,0.000497945,0.1,1301248,1301710,NW_019862755.1_1301248_1301710
LOC112046859,NW_019862748.1,-,MXE_exon1,0.002447497,-0.049,1930884,1931240,NW_019862748.1_1930884_1931240
LOC112045895,NW_019862843.1,+,MXE_exon1,0.005663587,0.101,404605,405001,NW_019862843.1_404605_405001
LOC112046693,NW_019862867.1,+,MXE_exon1,0,-0.185,672456,672719,NW_019862867.1_672456_672719
LOC112046693,NW_019862867.1,+,MXE_exon1,0,-0.191,672456,672719,NW_019862867.1_672456_672719
LOC112046693,NW_019862867.1,+,MXE_exon1,1.84E-11,-0.085,672456,672719,NW_019862867.1_672456_672719
LOC112046693,NW_019862867.1,+,MXE_exon1,1.19E-10,-0.078,672456,672719,NW_019862867.1_672456_672719
LOC112046693,NW_019862867.1,+,MXE_exon1,0.007572973,0.062,673743,674132,NW_019862867.1_673743_674132
LOC112046693,NW_019862867.1,+,MXE_exon1,0.002394958,0.066,673743,674132,NW_019862867.1_673743_674132
LOC112046693,NW_019862867.1,+,MXE_exon1,0.002277115,-0.023,675287,675631,NW_019862867.1_675287_675631
LOC112046693,NW_019862867.1,+,MXE_exon1,0,-0.098,675287,675631,NW_019862867.1_675287_675631
LOC112048035,NW_019862913.1,-,MXE_exon1,6.84E-05,-0.089,284053,284431,NW_019862913.1_284053_284431
LOC112048035,NW_019862913.1,-,MXE_exon1,1.28E-05,0.067,284053,284431,NW_019862913.1_284053_284431
LOC112055794,NW_019863615.1,+,MXE_exon1,0.02233778,-0.08,33284,33591,NW_019863615.1_33284_33591
LOC112055794,NW_019863615.1,+,MXE_exon1,0.000157017,0.069,33302,33591,NW_019863615.1_33302_33591
LOC112052849,NW_019863181.1,-,MXE_exon1,0.041424287,-0.155,175439,176007,NW_019863181.1_175439_176007
LOC112044124,NW_019862804.1,-,MXE_exon1,0.02804387,0.391,515153,515461,NW_019862804.1_515153_515461
LOC112044157,NW_019862804.1,+,MXE_exon1,0.001099712,-0.026,660341,660779,NW_019862804.1_660341_660779
LOC112050003,NW_019863001.1,-,MXE_exon1,0.002235368,-0.197,203360,203739,NW_019863001.1_203360_203739
LOC112047162,NW_019862883.1,-,MXE_exon1,0.025720993,-0.093,381714,382031,NW_019862883.1_381714_382031
LOC112057188,NW_019862764.1,-,MXE_exon1,0.012803645,0.119,1868472,1868879,NW_019862764.1_1868472_1868879
LOC112050410,NW_019863021.1,-,MXE_exon1,0.010184825,-0.179,194665,194992,NW_019863021.1_194665_194992
LOC112045504,NW_019862834.1,+,MXE_exon1,1.21E-06,-0.204,208014,208342,NW_019862834.1_208014_208342
LOC112045504,NW_019862834.1,+,MXE_exon1,0.000163523,-0.295,208014,208342,NW_019862834.1_208014_208342
LOC112055996,NW_019863677.1,+,MXE_exon1,5.57E-07,0.116,65305,65637,NW_019863677.1_65305_65637
LOC112047128,NW_019862882.1,-,MXE_exon1,0.0044164,0.475,800604,800912,NW_019862882.1_800604_800912
LOC112058286,NW_019862773.1,-,MXE_exon1,5.63E-05,-0.042,878545,878913,NW_019862773.1_878545_878913
LOC112054260,NW_019862761.1,-,MXE_exon1,0.021317522,-0.251,221831,222065,NW_019862761.1_221831_222065
LOC112052778,NW_019863175.1,-,MXE_exon1,0.01611241,0.108,70880,71270,NW_019863175.1_70880_71270
LOC112052778,NW_019863175.1,-,MXE_exon1,5.43E-05,-0.105,70880,71270,NW_019863175.1_70880_71270
LOC112052778,NW_019863175.1,-,MXE_exon1,0.005155698,-0.109,70880,71270,NW_019863175.1_70880_71270
LOC112048533,NW_019862934.1,-,MXE_exon1,2.37E-07,0.096,176221,176499,NW_019862934.1_176221_176499
LOC112048533,NW_019862934.1,-,MXE_exon1,7.81E-12,0.323,176221,176499,NW_019862934.1_176221_176499
LOC112048533,NW_019862934.1,-,MXE_exon1,1.90E-09,0.306,176221,176499,NW_019862934.1_176221_176499
LOC112048533,NW_019862934.1,-,MXE_exon1,0.047928095,-0.104,179229,179528,NW_019862934.1_179229_179528
LOC112048533,NW_019862934.1,-,MXE_exon1,0.01416466,-0.204,180523,180822,NW_019862934.1_180523_180822
LOC112048533,NW_019862934.1,-,MXE_exon1,0.000405547,-0.489,180523,180822,NW_019862934.1_180523_180822
LOC112048533,NW_019862934.1,-,MXE_exon1,0.015160947,-0.419,180719,181018,NW_019862934.1_180719_181018
LOC112048533,NW_019862934.1,-,MXE_exon1,0.033557128,-0.364,180719,181018,NW_019862934.1_180719_181018
LOC112045732,NW_019862839.1,-,MXE_exon1,0.000313742,-0.069,521329,521642,NW_019862839.1_521329_521642
LOC112047036,NW_019862881.1,-,MXE_exon1,0.00796722,-0.199,466757,467075,NW_019862881.1_466757_467075
LOC112047914,NW_019862908.1,-,MXE_exon1,0.045306219,-0.238,158384,158655,NW_019862908.1_158384_158655
LOC112051164,NW_019863066.1,+,MXE_exon1,0.049845129,-0.057,156290,156618,NW_019863066.1_156290_156618
LOC112050706,NW_019863039.1,+,MXE_exon1,0.012064971,0.285,274781,275051,NW_019863039.1_274781_275051
LOC112050166,NW_019863009.1,-,MXE_exon1,0.01061071,0.241,155400,155815,NW_019863009.1_155400_155815
LOC112043386,NW_019862789.1,-,MXE_exon1,0.001421612,0.139,1166681,1167001,NW_019862789.1_1166681_1167001
LOC112043093,NW_019862785.1,+,MXE_exon1,0.03841274,-0.01,899909,900207,NW_019862785.1_899909_900207
LOC112056937,NW_019862764.1,+,MXE_exon1,0.021816574,0.097,1062082,1062473,NW_019862764.1_1062082_1062473
LOC112056937,NW_019862764.1,+,MXE_exon1,0.021434195,0.098,1062082,1062473,NW_019862764.1_1062082_1062473
LOC112056956,NW_019862764.1,-,MXE_exon1,0.020425651,-0.073,1081559,1081923,NW_019862764.1_1081559_1081923
LOC112043159,NW_019862786.1,-,MXE_exon1,0.029110735,-0.088,1018917,1019265,NW_019862786.1_1018917_1019265
LOC112058156,NW_019862772.1,-,MXE_exon1,1.28E-05,-0.398,1144921,1145232,NW_019862772.1_1144921_1145232
LOC112058156,NW_019862772.1,-,MXE_exon1,2.56E-05,-0.233,1144921,1145232,NW_019862772.1_1144921_1145232
LOC112058156,NW_019862772.1,-,MXE_exon1,3.78E-06,-0.332,1144921,1145235,NW_019862772.1_1144921_1145235
LOC112058156,NW_019862772.1,-,MXE_exon1,2.50E-05,-0.197,1144921,1145235,NW_019862772.1_1144921_1145235
LOC112058156,NW_019862772.1,-,MXE_exon1,0.002452861,-0.053,1145928,1146233,NW_019862772.1_1145928_1146233
LOC112058156,NW_019862772.1,-,MXE_exon1,0.045706836,0.075,1146158,1146466,NW_019862772.1_1146158_1146466
LOC112058156,NW_019862772.1,-,MXE_exon1,0.042433245,0.074,1146158,1146469,NW_019862772.1_1146158_1146469
LOC112054875,NW_019863427.1,+,MXE_exon1,0.000156223,-0.094,107283,107617,NW_019863427.1_107283_107617
LOC112053406,NW_019863238.1,+,MXE_exon1,1.56E-05,-0.054,30999,31281,NW_019863238.1_30999_31281
LOC112047140,NW_019862883.1,+,MXE_exon1,0.010033061,-0.091,589907,590220,NW_019862883.1_589907_590220
LOC112055427,NW_019863522.1,-,MXE_exon1,0,0.253,74793,75175,NW_019863522.1_74793_75175
LOC112058418,NW_019862776.1,-,MXE_exon1,0.021816574,-0.186,802238,802642,NW_019862776.1_802238_802642
LOC112054150,NW_019863325.1,+,MXE_exon1,2.42E-06,0.55,290855,291157,NW_019863325.1_290855_291157
LOC112057884,NW_019862768.1,+,MXE_exon1,0.029381901,-0.153,1040941,1041280,NW_019862768.1_1040941_1041280
LOC112057884,NW_019862768.1,+,MXE_exon1,0.009337722,-0.188,1054629,1054980,NW_019862768.1_1054629_1054980
LOC112050121,NW_019863006.1,+,MXE_exon1,0.009854465,-0.065,278131,278391,NW_019863006.1_278131_278391
LOC112053720,NW_019863276.1,-,MXE_exon1,0.000943474,0.07,181058,181479,NW_019863276.1_181058_181479
LOC112050345,NW_019863018.1,-,MXE_exon1,1.42E-08,0.066,320017,320277,NW_019863018.1_320017_320277
LOC112046732,NW_019862869.1,-,MXE_exon1,1.11E-11,0.062,36566,36870,NW_019862869.1_36566_36870
LOC112051193,NW_019862757.1,-,MXE_exon1,8.31E-08,0.165,1821214,1821576,NW_019862757.1_1821214_1821576
LOC112057214,NW_019864537.1,+,MXE_exon1,0.002396134,0.105,10510,10797,NW_019864537.1_10510_10797
LOC112047800,NW_019862904.1,-,MXE_exon1,0.024148395,0.232,259841,260243,NW_019862904.1_259841_260243
LOC112055815,NW_019863623.1,-,MXE_exon1,0.003376135,-0.074,12376,12870,NW_019863623.1_12376_12870
LOC112055815,NW_019863623.1,-,MXE_exon1,0.005610341,-0.34,14226,14711,NW_019863623.1_14226_14711
LOC112055815,NW_019863623.1,-,MXE_exon1,8.67E-05,-0.267,19121,19615,NW_019863623.1_19121_19615
LOC112055815,NW_019863623.1,-,MXE_exon1,0.006962816,-0.232,35802,36164,NW_019863623.1_35802_36164
LOC112045656,NW_019862837.1,+,MXE_exon1,1.56E-05,-0.038,370147,370473,NW_019862837.1_370147_370473
LOC112049107,NW_019862958.1,+,MXE_exon1,0.000464077,-0.061,251702,252467,NW_019862958.1_251702_252467
LOC112053362,NW_019863233.1,-,MXE_exon1,0.015008381,-0.287,35086,35508,NW_019863233.1_35086_35508
LOC112052608,NW_019862759.1,-,MXE_exon1,0.005064911,-0.194,378086,378361,NW_019862759.1_378086_378361
LOC112052647,NW_019862759.1,-,MXE_exon1,0.011594021,-0.118,516971,517334,NW_019862759.1_516971_517334
LOC112046593,NW_019862863.1,+,MXE_exon1,0.013231042,-0.309,337548,337832,NW_019862863.1_337548_337832
LOC112049701,NW_019862756.1,-,MXE_exon1,0,0.02,199034,199371,NW_019862756.1_199034_199371
LOC112053060,NW_019863202.1,-,MXE_exon1,0.047390532,-0.119,230237,230554,NW_019863202.1_230237_230554
LOC112054017,NW_019863306.1,-,MXE_exon1,0.008045655,0.138,109280,109516,NW_019863306.1_109280_109516
LOC112052636,NW_019863165.1,+,MXE_exon1,2.40E-05,0.13,222339,222625,NW_019863165.1_222339_222625
LOC112055679,NW_019863585.1,-,MXE_exon1,0.03905707,-0.035,32967,33388,NW_019863585.1_32967_33388
LOC112050094,NW_019863005.1,+,MXE_exon1,0.005962279,-0.135,182934,183269,NW_019863005.1_182934_183269
LOC112043847,NW_019862799.1,-,MXE_exon1,4.28E-07,0.05,702169,702436,NW_019862799.1_702169_702436
LOC112043847,NW_019862799.1,-,MXE_exon1,0.000218252,0.029,703543,703937,NW_019862799.1_703543_703937
LOC112043847,NW_019862799.1,-,MXE_exon1,0.00016407,0.013,703543,703937,NW_019862799.1_703543_703937
LOC112043847,NW_019862799.1,-,MXE_exon1,1.37E-08,-0.021,703912,704343,NW_019862799.1_703912_704343
LOC112048291,NW_019862924.1,-,MXE_exon1,0.024257756,-0.083,328025,328270,NW_019862924.1_328025_328270
LOC112052437,NW_019863148.1,-,MXE_exon1,2.29E-05,-0.159,36247,36535,NW_019863148.1_36247_36535
LOC112043925,NW_019862800.1,+,MXE_exon1,0.006174037,0.038,537975,538399,NW_019862800.1_537975_538399
LOC112043927,NW_019862800.1,-,MXE_exon1,0.02068146,0.074,561548,561826,NW_019862800.1_561548_561826
LOC112043927,NW_019862800.1,-,MXE_exon1,0.012232989,0.089,561548,561826,NW_019862800.1_561548_561826
LOC112043927,NW_019862800.1,-,MXE_exon1,0.005650987,0.05,562674,564179,NW_019862800.1_562674_564179
LOC112043927,NW_019862800.1,-,MXE_exon1,0.028310272,0.044,562674,564179,NW_019862800.1_562674_564179
LOC112048666,NW_019862940.1,-,MXE_exon1,0.000243308,0.313,611539,611850,NW_019862940.1_611539_611850
LOC112043935,NW_019862800.1,-,MXE_exon1,0.004009162,-0.282,712608,712951,NW_019862800.1_712608_712951
LOC112052960,NW_019862759.1,-,MXE_exon1,0.041078358,-0.119,1269927,1270240,NW_019862759.1_1269927_1270240
LOC112050624,NW_019863034.1,-,MXE_exon1,0.004728215,0.198,351902,352221,NW_019863034.1_351902_352221
LOC112044902,NW_019862819.1,+,MXE_exon1,4.99E-06,0.074,627497,627874,NW_019862819.1_627497_627874
LOC112053364,NW_019863233.1,-,MXE_exon1,5.47E-07,-0.136,155810,156172,NW_019863233.1_155810_156172
LOC112053364,NW_019863233.1,-,MXE_exon1,0.001606059,-0.099,156925,157260,NW_019863233.1_156925_157260
LOC112053364,NW_019863233.1,-,MXE_exon1,1.19E-10,0.112,156982,157260,NW_019863233.1_156982_157260
LOC112048138,NW_019862918.1,+,MXE_exon1,1.02E-05,-0.24,441886,442199,NW_019862918.1_441886_442199
LOC112054741,NW_019863404.1,+,MXE_exon1,0.014733152,0.054,114387,114758,NW_019863404.1_114387_114758
LOC112049719,NW_019862756.1,+,MXE_exon1,5.70E-11,-0.064,219236,219515,NW_019862756.1_219236_219515
LOC112050384,NW_019862756.1,-,MXE_exon1,2.25E-05,0.195,1796084,1796360,NW_019862756.1_1796084_1796360
LOC112058517,NW_019862778.1,-,MXE_exon1,0.000721781,-0.243,15133,15547,NW_019862778.1_15133_15547
LOC112044364,NW_019862807.1,-,MXE_exon1,0.03902497,-0.273,447974,448368,NW_019862807.1_447974_448368
LOC112053836,NW_019863287.1,+,MXE_exon1,0.042433245,0.24,198868,199211,NW_019863287.1_198868_199211
LOC112043768,NW_019862750.1,-,MXE_exon1,0.005210942,0.181,1360127,1360522,NW_019862750.1_1360127_1360522
LOC112055071,NW_019863455.1,-,MXE_exon1,0.004728215,-0.244,136211,136484,NW_019863455.1_136211_136484
LOC112046091,NW_019862847.1,+,MXE_exon1,0.003474186,-0.198,412852,413557,NW_019862847.1_412852_413557
LOC112046606,NW_019862863.1,-,MXE_exon1,0.000352684,0.217,859285,859635,NW_019862863.1_859285_859635
LOC112056309,NW_019863765.1,+,MXE_exon1,3.48E-09,0.115,37750,38040,NW_019863765.1_37750_38040
LOC112056702,NW_019863948.1,-,MXE_exon1,0.003329418,-0.219,1636,2030,NW_019863948.1_1636_2030
LOC112056702,NW_019863948.1,-,MXE_exon1,0.000191765,-0.242,1636,2030,NW_019863948.1_1636_2030
LOC112048853,NW_019862755.1,+,MXE_exon1,0.01158465,0.135,1224321,1225015,NW_019862755.1_1224321_1225015
LOC112052289,NW_019863138.1,+,MXE_exon1,2.80E-10,0.318,507263,507581,NW_019863138.1_507263_507581
LOC112052289,NW_019863138.1,+,MXE_exon1,2.04E-08,0.101,507266,507581,NW_019863138.1_507266_507581
LOC112054829,NW_019863420.1,-,MXE_exon1,5.88E-05,0.043,97630,100720,NW_019863420.1_97630_100720
LOC112053910,NW_019863293.1,-,MXE_exon1,0.02233778,0.178,63731,64093,NW_019863293.1_63731_64093
LOC112048203,NW_019862921.1,+,MXE_exon1,4.19E-09,-0.324,460084,460455,NW_019862921.1_460084_460455
LOC112048203,NW_019862921.1,+,MXE_exon1,0.002063068,-0.152,466391,466718,NW_019862921.1_466391_466718
LOC112049548,NW_019862978.1,-,MXE_exon1,3.75E-06,0.249,387758,388017,NW_019862978.1_387758_388017
LOC112058620,NW_019862779.1,+,MXE_exon1,0.00051352,-0.047,555076,555393,NW_019862779.1_555076_555393
LOC112047618,NW_019862898.1,-,MXE_exon1,1.66E-07,0.085,573375,573824,NW_019862898.1_573375_573824
LOC112047618,NW_019862898.1,-,MXE_exon1,7.62E-05,0.09,573375,573824,NW_019862898.1_573375_573824
LOC112047618,NW_019862898.1,-,MXE_exon1,0.000173141,0.088,573375,573824,NW_019862898.1_573375_573824
LOC112047618,NW_019862898.1,-,MXE_exon1,0.001246582,0.055,579498,579821,NW_019862898.1_579498_579821
LOC112055895,NW_019863652.1,+,MXE_exon1,0.020481593,0.326,48867,49250,NW_019863652.1_48867_49250
LOC112049246,NW_019862965.1,-,MXE_exon1,7.34E-05,0.281,63838,64267,NW_019862965.1_63838_64267
LOC112049630,NW_019862981.1,-,MXE_exon1,0.01658095,-0.225,89573,89904,NW_019862981.1_89573_89904
LOC112053312,NW_019863227.1,-,MXE_exon1,0.042433245,0.064,200552,200916,NW_019863227.1_200552_200916
LOC112045357,NW_019862829.1,-,MXE_exon1,0.000634019,-0.036,358201,358536,NW_019862829.1_358201_358536
LOC112049214,NW_019862755.1,+,MXE_exon1,0.008312554,0.134,2553927,2554296,NW_019862755.1_2553927_2554296
LOC112049214,NW_019862755.1,+,MXE_exon1,0.005155698,-0.096,2563663,2563974,NW_019862755.1_2563663_2563974
LOC112049214,NW_019862755.1,+,MXE_exon1,0.000143556,0.086,2564447,2564731,NW_019862755.1_2564447_2564731
LOC112049214,NW_019862755.1,+,MXE_exon1,9.34E-05,0.09,2564447,2564731,NW_019862755.1_2564447_2564731
LOC112049214,NW_019862755.1,+,MXE_exon1,0.018147921,-0.113,2565500,2565871,NW_019862755.1_2565500_2565871
LOC112049175,NW_019862962.1,-,MXE_exon1,0.043016457,0.465,239128,239438,NW_019862962.1_239128_239438
LOC112052196,NW_019863133.1,+,MXE_exon1,0.042858535,-0.392,201301,201581,NW_019863133.1_201301_201581
LOC112052196,NW_019863133.1,+,MXE_exon1,0.002964466,-0.024,201301,201581,NW_019863133.1_201301_201581
LOC112054984,NW_019863443.1,+,MXE_exon1,0.035257002,0.069,110869,111177,NW_019863443.1_110869_111177
LOC112054984,NW_019863443.1,+,MXE_exon1,0.045578569,0.067,110869,111177,NW_019863443.1_110869_111177
LOC112051132,NW_019863064.1,+,MXE_exon1,0.000562631,-0.269,62968,63375,NW_019863064.1_62968_63375
LOC112051132,NW_019863064.1,+,MXE_exon1,0.002967628,-0.132,62968,63375,NW_019863064.1_62968_63375
LOC112051132,NW_019863064.1,+,MXE_exon1,0.010598636,-0.358,62970,63375,NW_019863064.1_62970_63375
LOC112048780,NW_019862945.1,-,MXE_exon1,0.017703599,0.172,225624,226008,NW_019862945.1_225624_226008
LOC112048780,NW_019862945.1,-,MXE_exon1,0.018801857,0.169,225624,226019,NW_019862945.1_225624_226019
LOC112048780,NW_019862945.1,-,MXE_exon1,0.016857298,0.173,225624,226020,NW_019862945.1_225624_226020
LOC112051279,NW_019863071.1,-,MXE_exon1,0.000344445,-0.043,189578,189833,NW_019863071.1_189578_189833
LOC112051279,NW_019863071.1,-,MXE_exon1,8.27E-05,-0.043,189578,189869,NW_019863071.1_189578_189869
LOC112051279,NW_019863071.1,-,MXE_exon1,0.000285959,0.192,191943,192153,NW_019863071.1_191943_192153
LOC112055290,NW_019863493.1,-,MXE_exon1,0.004035115,-0.14,120605,120945,NW_019863493.1_120605_120945
LOC112055290,NW_019863493.1,-,MXE_exon1,0.003881614,-0.128,120605,120945,NW_019863493.1_120605_120945
LOC112055290,NW_019863493.1,-,MXE_exon1,0.026776787,0.114,127785,128125,NW_019863493.1_127785_128125
LOC112056529,NW_019863862.1,+,MXE_exon1,0.000344737,-0.154,106808,107165,NW_019863862.1_106808_107165
LOC112043577,NW_019862792.1,+,MXE_exon1,0.012257441,0.028,1091937,1092286,NW_019862792.1_1091937_1092286
LOC112043577,NW_019862792.1,+,MXE_exon1,0.022107316,-0.027,1092975,1093286,NW_019862792.1_1092975_1093286
LOC112048194,NW_019862920.1,+,MXE_exon1,5.10E-08,0.228,586667,587073,NW_019862920.1_586667_587073
LOC112048194,NW_019862920.1,+,MXE_exon1,3.98E-06,0.084,586667,587074,NW_019862920.1_586667_587074
LOC112048194,NW_019862920.1,+,MXE_exon1,3.56E-05,0.034,586706,587073,NW_019862920.1_586706_587073
LOC112048194,NW_019862920.1,+,MXE_exon1,0,0.182,586706,587074,NW_019862920.1_586706_587074
LOC112048194,NW_019862920.1,+,MXE_exon1,0,0.181,586709,587074,NW_019862920.1_586709_587074
LOC112048194,NW_019862920.1,+,MXE_exon1,1.59E-09,-0.133,590646,591081,NW_019862920.1_590646_591081
LOC112048194,NW_019862920.1,+,MXE_exon1,2.42E-11,-0.1,590646,591081,NW_019862920.1_590646_591081
LOC112048194,NW_019862920.1,+,MXE_exon1,1.50E-09,-0.131,590646,591081,NW_019862920.1_590646_591081
LOC112048194,NW_019862920.1,+,MXE_exon1,7.62E-07,-0.099,590655,590911,NW_019862920.1_590655_590911
LOC112048194,NW_019862920.1,+,MXE_exon1,3.01E-07,-0.066,590655,590911,NW_019862920.1_590655_590911
LOC112048194,NW_019862920.1,+,MXE_exon1,2.76E-07,-0.094,590655,590911,NW_019862920.1_590655_590911
LOC112048194,NW_019862920.1,+,MXE_exon1,3.19E-09,-0.128,590655,591081,NW_019862920.1_590655_591081
LOC112048194,NW_019862920.1,+,MXE_exon1,2.12E-10,-0.122,590655,591081,NW_019862920.1_590655_591081
LOC112048194,NW_019862920.1,+,MXE_exon1,7.66E-09,-0.133,590655,591081,NW_019862920.1_590655_591081
LOC112053646,NW_019863265.1,+,MXE_exon1,3.72E-05,0.104,206771,207084,NW_019863265.1_206771_207084
LOC112053597,NW_019863259.1,-,MXE_exon1,1.58E-10,0.141,319039,319290,NW_019863259.1_319039_319290
LOC112049614,NW_019862748.1,+,MXE_exon1,0.002664879,-0.264,2995739,2996138,NW_019862748.1_2995739_2996138
LOC112049614,NW_019862748.1,+,MXE_exon1,1.10E-06,-0.173,2995758,2996138,NW_019862748.1_2995758_2996138
LOC112058428,NW_019862776.1,-,MXE_exon1,0,0.19,1068261,1068521,NW_019862776.1_1068261_1068521
LOC112058428,NW_019862776.1,-,MXE_exon1,3.65E-09,0.38,1068261,1068521,NW_019862776.1_1068261_1068521
LOC112046053,NW_019862748.1,-,MXE_exon1,0.00191543,0.022,1643072,1643379,NW_019862748.1_1643072_1643379
LOC112051951,NW_019862758.1,-,MXE_exon1,1.30E-06,0.076,2123052,2123342,NW_019862758.1_2123052_2123342
LOC112054660,NW_019863391.1,-,MXE_exon1,0.000987692,0.304,159876,160240,NW_019863391.1_159876_160240
LOC112054660,NW_019863391.1,-,MXE_exon1,0.000227153,0.342,159876,160240,NW_019863391.1_159876_160240
LOC112052082,NW_019863123.1,+,MXE_exon1,0.005995379,0.373,32622,32946,NW_019863123.1_32622_32946
LOC112058076,NW_019862749.1,-,MXE_exon1,0.011594021,0.17,2879525,2879910,NW_019862749.1_2879525_2879910
LOC112058076,NW_019862749.1,-,MXE_exon1,0.009344795,0.205,2880642,2881039,NW_019862749.1_2880642_2881039
LOC112043332,NW_019862749.1,-,MXE_exon1,0.012377492,-0.123,2337375,2337827,NW_019862749.1_2337375_2337827
LOC112051118,NW_019862757.1,-,MXE_exon1,0.007672399,0.113,1539757,1540137,NW_019862757.1_1539757_1540137
LOC112048717,NW_019862941.1,-,MXE_exon1,0.004728642,-0.111,257558,257918,NW_019862941.1_257558_257918
LOC112058170,NW_019862749.1,-,MXE_exon1,0.002262379,-0.082,386537,386938,NW_019862749.1_386537_386938
LOC112052627,NW_019863164.1,+,MXE_exon1,0.04961582,0.062,78113,78788,NW_019863164.1_78113_78788
LOC112052627,NW_019863164.1,+,MXE_exon1,0.003882147,-0.032,78113,78788,NW_019863164.1_78113_78788
LOC112051728,NW_019863099.1,-,MXE_exon1,0.042433245,-0.143,322882,323407,NW_019863099.1_322882_323407
LOC112056414,NW_019862763.1,-,MXE_exon1,0.006081761,0.403,1581802,1582222,NW_019862763.1_1581802_1582222
LOC112056414,NW_019862763.1,-,MXE_exon1,0.017339717,0.24,1581803,1582222,NW_019862763.1_1581803_1582222
LOC112054853,NW_019863425.1,-,MXE_exon1,7.12E-06,0.137,128922,129310,NW_019863425.1_128922_129310
LOC112053935,NW_019863297.1,-,MXE_exon1,0.003505839,0.36,149522,149865,NW_019863297.1_149522_149865
LOC112053935,NW_019863297.1,-,MXE_exon1,0.001219396,0.334,149522,149865,NW_019863297.1_149522_149865
LOC112053935,NW_019863297.1,-,MXE_exon1,0.000674613,0.268,158964,159311,NW_019863297.1_158964_159311
LOC112050044,NW_019863003.1,-,MXE_exon1,3.88E-12,0.032,178595,179001,NW_019863003.1_178595_179001
LOC112050044,NW_019863003.1,-,MXE_exon1,3.88E-12,0.032,178595,179001,NW_019863003.1_178595_179001
LOC112050044,NW_019863003.1,-,MXE_exon1,3.97E-12,0.032,178595,179001,NW_019863003.1_178595_179001
LOC112050044,NW_019863003.1,-,MXE_exon1,0.029867191,0.006,178649,179001,NW_019863003.1_178649_179001
LOC112050044,NW_019863003.1,-,MXE_exon1,0.02989904,0.006,178649,179001,NW_019863003.1_178649_179001
LOC112050044,NW_019863003.1,-,MXE_exon1,0.030130797,0.006,178649,179001,NW_019863003.1_178649_179001
LOC112058377,NW_019862775.1,-,MXE_exon1,0.002885088,-0.048,1671328,1671622,NW_019862775.1_1671328_1671622
LOC112058377,NW_019862775.1,-,MXE_exon1,0.00139191,-0.048,1671330,1671623,NW_019862775.1_1671330_1671623
LOC112052180,NW_019863132.1,-,MXE_exon1,2.27E-07,-0.024,284292,284665,NW_019863132.1_284292_284665
LOC112045305,NW_019862828.1,+,MXE_exon1,1.26E-05,0.125,786345,786772,NW_019862828.1_786345_786772
LOC112049828,NW_019862993.1,-,MXE_exon1,7.17E-06,0.538,317356,317667,NW_019862993.1_317356_317667
LOC112048610,NW_019862748.1,-,MXE_exon1,4.05E-07,0.402,2694548,2695116,NW_019862748.1_2694548_2695116
LOC112050343,NW_019863018.1,+,MXE_exon1,0.010310375,-0.288,290108,290473,NW_019863018.1_290108_290473
LOC112055597,NW_019862762.1,-,MXE_exon1,0.01367916,0.181,1269791,1270048,NW_019862762.1_1269791_1270048
LOC112048640,NW_019862938.1,-,MXE_exon1,8.11E-05,0.111,94029,94325,NW_019862938.1_94029_94325
LOC112048640,NW_019862938.1,-,MXE_exon1,2.25E-05,0.114,94029,94325,NW_019862938.1_94029_94325
LOC112045793,NW_019862752.1,+,MXE_exon1,0.000370034,-0.393,1288851,1289209,NW_019862752.1_1288851_1289209
LOC112045313,NW_019862829.1,-,MXE_exon1,0.001559126,-0.062,302036,302319,NW_019862829.1_302036_302319
LOC112046526,NW_019862860.1,+,MXE_exon1,0.009344795,-0.371,251814,252328,NW_019862860.1_251814_252328
LOC112046526,NW_019862860.1,+,MXE_exon1,0.013661115,-0.362,251814,252328,NW_019862860.1_251814_252328
LOC112046526,NW_019862860.1,+,MXE_exon1,0.000590352,-0.369,251814,252328,NW_019862860.1_251814_252328
LOC112044453,NW_019862809.1,+,MXE_exon1,0.042858535,0.124,1021477,1021911,NW_019862809.1_1021477_1021911
LOC112052395,NW_019863145.1,+,MXE_exon1,0.011255909,-0.029,310211,310562,NW_019863145.1_310211_310562
LOC112056840,NW_019864020.1,+,MXE_exon1,0.000293345,0.231,28938,29254,NW_019864020.1_28938_29254
LOC112049404,NW_019862971.1,-,MXE_exon1,0.000411488,-0.102,703681,704025,NW_019862971.1_703681_704025
LOC112049404,NW_019862971.1,-,MXE_exon1,0.002984423,-0.18,703681,704046,NW_019862971.1_703681_704046
LOC112049404,NW_019862971.1,-,MXE_exon1,0.021186283,-0.072,707245,707522,NW_019862971.1_707245_707522
LOC112047022,NW_019862880.1,-,MXE_exon1,0.000243436,0.112,631526,631856,NW_019862880.1_631526_631856
LOC112053443,NW_019862760.1,+,MXE_exon1,0.000527052,-0.12,52244,52525,NW_019862760.1_52244_52525
LOC112053443,NW_019862760.1,+,MXE_exon1,0.005008277,-0.401,52244,52525,NW_019862760.1_52244_52525
LOC112053443,NW_019862760.1,+,MXE_exon1,0.006934698,-0.105,52244,52525,NW_019862760.1_52244_52525
LOC112053443,NW_019862760.1,+,MXE_exon1,3.06E-05,-0.108,52244,52525,NW_019862760.1_52244_52525
LOC112053443,NW_019862760.1,+,MXE_exon1,0.01302101,-0.205,52244,52525,NW_019862760.1_52244_52525
LOC112053443,NW_019862760.1,+,MXE_exon1,0.001460775,-0.271,52316,52525,NW_019862760.1_52316_52525
LOC112053443,NW_019862760.1,+,MXE_exon1,5.11E-07,-0.248,52316,52525,NW_019862760.1_52316_52525
LOC112053443,NW_019862760.1,+,MXE_exon1,0.000238053,-0.336,52316,52525,NW_019862760.1_52316_52525
LOC112053443,NW_019862760.1,+,MXE_exon1,0.022622702,-0.212,52316,52525,NW_019862760.1_52316_52525
LOC112053443,NW_019862760.1,+,MXE_exon1,0.022720221,-0.263,52316,52574,NW_019862760.1_52316_52574
LOC112053443,NW_019862760.1,+,MXE_exon1,9.52E-06,-0.245,52316,52574,NW_019862760.1_52316_52574
LOC112053443,NW_019862760.1,+,MXE_exon1,0.012547374,-0.269,52325,52574,NW_019862760.1_52325_52574
LOC112058448,NW_019862776.1,-,MXE_exon1,0.000176492,0.066,1577781,1578110,NW_019862776.1_1577781_1578110
LOC112052382,NW_019863144.1,-,MXE_exon1,0.008527657,-0.018,246512,247048,NW_019863144.1_246512_247048
LOC112052382,NW_019863144.1,-,MXE_exon1,0.017187871,-0.017,246512,247048,NW_019863144.1_246512_247048
LOC112052382,NW_019863144.1,-,MXE_exon1,7.31E-10,-0.39,248668,249105,NW_019863144.1_248668_249105
LOC112052382,NW_019863144.1,-,MXE_exon1,0.000215118,-0.038,248764,249105,NW_019863144.1_248764_249105
LOC112048729,NW_019862941.1,+,MXE_exon1,2.36E-09,-0.169,290013,290265,NW_019862941.1_290013_290265
LOC112053999,NW_019862760.1,+,MXE_exon1,0.038710335,-0.06,2285694,2286193,NW_019862760.1_2285694_2286193
LOC112052803,NW_019863177.1,-,MXE_exon1,0.009952983,-0.017,104989,105283,NW_019863177.1_104989_105283
LOC112052803,NW_019863177.1,-,MXE_exon1,0.008106173,-0.019,104989,105283,NW_019863177.1_104989_105283
LOC112051208,NW_019863068.1,+,MXE_exon1,3.10E-05,0.382,226938,227250,NW_019863068.1_226938_227250
LOC112055843,NW_019863634.1,+,MXE_exon1,0.02318181,0.453,12070,12632,NW_019863634.1_12070_12632
LOC112055843,NW_019863634.1,+,MXE_exon1,0.005917017,-0.467,12842,13276,NW_019863634.1_12842_13276
LOC112046887,NW_019862874.1,-,MXE_exon1,0.000190987,-0.084,17658,18227,NW_019862874.1_17658_18227
LOC112046887,NW_019862874.1,-,MXE_exon1,1.09E-05,-0.494,19470,19836,NW_019862874.1_19470_19836
LOC112046887,NW_019862874.1,-,MXE_exon1,0.003005527,-0.378,19470,19836,NW_019862874.1_19470_19836
LOC112046887,NW_019862874.1,-,MXE_exon1,0.000218252,-0.413,19470,19836,NW_019862874.1_19470_19836
LOC112046887,NW_019862874.1,-,MXE_exon1,1.43E-05,-0.431,19470,19836,NW_019862874.1_19470_19836
LOC112046887,NW_019862874.1,-,MXE_exon1,0.00170273,-0.356,19470,19836,NW_019862874.1_19470_19836
LOC112046887,NW_019862874.1,-,MXE_exon1,0.000720019,-0.431,19470,19855,NW_019862874.1_19470_19855
LOC112046887,NW_019862874.1,-,MXE_exon1,0.03726663,-0.306,19470,19855,NW_019862874.1_19470_19855
LOC112046887,NW_019862874.1,-,MXE_exon1,0.004088457,-0.349,19470,19855,NW_019862874.1_19470_19855
LOC112046887,NW_019862874.1,-,MXE_exon1,0.000209503,-0.428,19470,19858,NW_019862874.1_19470_19858
LOC112046887,NW_019862874.1,-,MXE_exon1,0.016774002,-0.297,19470,19858,NW_019862874.1_19470_19858
LOC112046887,NW_019862874.1,-,MXE_exon1,0.001833604,-0.345,19470,19858,NW_019862874.1_19470_19858
LOC112046887,NW_019862874.1,-,MXE_exon1,0.000329317,-0.351,19470,19868,NW_019862874.1_19470_19868
LOC112046887,NW_019862874.1,-,MXE_exon1,0.035166679,-0.336,19470,19868,NW_019862874.1_19470_19868
LOC112046887,NW_019862874.1,-,MXE_exon1,5.95E-05,-0.423,19470,19868,NW_019862874.1_19470_19868
LOC112046887,NW_019862874.1,-,MXE_exon1,0.005573261,-0.32,19470,19868,NW_019862874.1_19470_19868
LOC112046887,NW_019862874.1,-,MXE_exon1,0.00071437,-0.343,19470,19868,NW_019862874.1_19470_19868
LOC112046887,NW_019862874.1,-,MXE_exon1,7.49E-05,-0.411,19470,19868,NW_019862874.1_19470_19868
LOC112046887,NW_019862874.1,-,MXE_exon1,0.005614566,-0.335,19470,19868,NW_019862874.1_19470_19868
LOC112046887,NW_019862874.1,-,MXE_exon1,0.001274552,-0.424,19470,20127,NW_019862874.1_19470_20127
LOC112046887,NW_019862874.1,-,MXE_exon1,0.006449152,-0.342,19470,20127,NW_019862874.1_19470_20127
LOC112046887,NW_019862874.1,-,MXE_exon1,5.25E-05,-0.084,19540,19836,NW_019862874.1_19540_19836
LOC112046887,NW_019862874.1,-,MXE_exon1,0.000199924,-0.076,19540,19855,NW_019862874.1_19540_19855
LOC112046887,NW_019862874.1,-,MXE_exon1,0.000228964,-0.075,19540,19858,NW_019862874.1_19540_19858
LOC112046887,NW_019862874.1,-,MXE_exon1,0.000278585,-0.075,19540,20127,NW_019862874.1_19540_20127
LOC112046887,NW_019862874.1,-,MXE_exon1,2.49E-12,0.735,20845,21366,NW_019862874.1_20845_21366
LOC112046887,NW_019862874.1,-,MXE_exon1,2.99E-10,0.573,20845,21366,NW_019862874.1_20845_21366
LOC112046887,NW_019862874.1,-,MXE_exon1,0.000956067,0.562,20875,21197,NW_019862874.1_20875_21197
LOC112046887,NW_019862874.1,-,MXE_exon1,0.043841381,0.365,20875,21197,NW_019862874.1_20875_21197
LOC112046887,NW_019862874.1,-,MXE_exon1,4.79E-12,-0.227,21101,21366,NW_019862874.1_21101_21366
LOC112046887,NW_019862874.1,-,MXE_exon1,0,-0.135,21101,21366,NW_019862874.1_21101_21366
LOC112046887,NW_019862874.1,-,MXE_exon1,0,-0.113,21101,21366,NW_019862874.1_21101_21366
LOC112046887,NW_019862874.1,-,MXE_exon1,0,-0.095,21101,21366,NW_019862874.1_21101_21366
LOC112046887,NW_019862874.1,-,MXE_exon1,0,-0.103,21101,21366,NW_019862874.1_21101_21366
LOC112046887,NW_019862874.1,-,MXE_exon1,0.036637444,-0.226,21101,21366,NW_019862874.1_21101_21366
LOC112046887,NW_019862874.1,-,MXE_exon1,0.005288503,0.259,21101,21419,NW_019862874.1_21101_21419
LOC112046887,NW_019862874.1,-,MXE_exon1,0.018735344,0.028,21101,21419,NW_019862874.1_21101_21419
LOC112046887,NW_019862874.1,-,MXE_exon1,0,-0.139,21105,21366,NW_019862874.1_21105_21366
LOC112046887,NW_019862874.1,-,MXE_exon1,0,-0.068,21105,21366,NW_019862874.1_21105_21366
LOC112046887,NW_019862874.1,-,MXE_exon1,0,-0.055,21105,21366,NW_019862874.1_21105_21366
LOC112046887,NW_019862874.1,-,MXE_exon1,0,-0.045,21105,21366,NW_019862874.1_21105_21366
LOC112046887,NW_019862874.1,-,MXE_exon1,0,-0.049,21105,21366,NW_019862874.1_21105_21366
LOC112046887,NW_019862874.1,-,MXE_exon1,0.018275424,-0.34,21105,21366,NW_019862874.1_21105_21366
LOC112046887,NW_019862874.1,-,MXE_exon1,0.000114717,-0.415,21105,21366,NW_019862874.1_21105_21366
LOC112052933,NW_019863187.1,+,MXE_exon1,0.049632245,0.013,52966,53240,NW_019863187.1_52966_53240
LOC112052933,NW_019863187.1,+,MXE_exon1,0.049577851,0.013,52966,53240,NW_019863187.1_52966_53240
LOC112043424,NW_019862790.1,+,MXE_exon1,0.035445203,0.008,626128,626501,NW_019862790.1_626128_626501
LOC112043424,NW_019862790.1,+,MXE_exon1,0.000888589,0.146,626128,626501,NW_019862790.1_626128_626501
LOC112043424,NW_019862790.1,+,MXE_exon1,0.046075245,0.012,626128,626501,NW_019862790.1_626128_626501
LOC112043424,NW_019862790.1,+,MXE_exon1,0.040038379,0.013,626128,626501,NW_019862790.1_626128_626501
LOC112051565,NW_019863089.1,-,MXE_exon1,0.002683431,-0.178,162773,163120,NW_019863089.1_162773_163120
LOC112058550,NW_019862778.1,-,MXE_exon1,0,-0.15,1102640,1103181,NW_019862778.1_1102640_1103181
LOC112058550,NW_019862778.1,-,MXE_exon1,2.33E-14,-0.125,1102640,1103181,NW_019862778.1_1102640_1103181
LOC112058550,NW_019862778.1,-,MXE_exon1,0,-0.15,1102640,1103181,NW_019862778.1_1102640_1103181
LOC112058550,NW_019862778.1,-,MXE_exon1,6.39E-14,-0.144,1102640,1103181,NW_019862778.1_1102640_1103181
LOC112058550,NW_019862778.1,-,MXE_exon1,0,-0.149,1102864,1103181,NW_019862778.1_1102864_1103181
LOC112058550,NW_019862778.1,-,MXE_exon1,2.33E-14,-0.13,1102864,1103181,NW_019862778.1_1102864_1103181
LOC112058550,NW_019862778.1,-,MXE_exon1,0,-0.148,1102864,1103181,NW_019862778.1_1102864_1103181
LOC112058550,NW_019862778.1,-,MXE_exon1,8.46E-14,-0.145,1102864,1103181,NW_019862778.1_1102864_1103181
LOC112058550,NW_019862778.1,-,MXE_exon1,2.33E-14,-0.147,1102868,1103180,NW_019862778.1_1102868_1103180
LOC112058550,NW_019862778.1,-,MXE_exon1,6.39E-14,-0.124,1102868,1103180,NW_019862778.1_1102868_1103180
LOC112058550,NW_019862778.1,-,MXE_exon1,2.33E-14,-0.147,1102868,1103180,NW_019862778.1_1102868_1103180
LOC112058550,NW_019862778.1,-,MXE_exon1,2.31E-13,-0.142,1102868,1103180,NW_019862778.1_1102868_1103180
LOC112058550,NW_019862778.1,-,MXE_exon1,2.33E-14,-0.12,1102868,1103181,NW_019862778.1_1102868_1103181
LOC112058550,NW_019862778.1,-,MXE_exon1,2.33E-14,-0.118,1102868,1103181,NW_019862778.1_1102868_1103181
LOC112058550,NW_019862778.1,-,MXE_exon1,1.23E-13,-0.122,1102868,1103181,NW_019862778.1_1102868_1103181
LOC112058550,NW_019862778.1,-,MXE_exon1,2.33E-14,-0.147,1102868,1103187,NW_019862778.1_1102868_1103187
LOC112058550,NW_019862778.1,-,MXE_exon1,6.39E-14,-0.123,1102868,1103187,NW_019862778.1_1102868_1103187
LOC112058550,NW_019862778.1,-,MXE_exon1,2.33E-14,-0.147,1102868,1103187,NW_019862778.1_1102868_1103187
LOC112058550,NW_019862778.1,-,MXE_exon1,2.31E-13,-0.142,1102868,1103187,NW_019862778.1_1102868_1103187
LOC112058550,NW_019862778.1,-,MXE_exon1,0,-0.151,1102898,1103181,NW_019862778.1_1102898_1103181
LOC112058550,NW_019862778.1,-,MXE_exon1,2.33E-14,-0.121,1102898,1103181,NW_019862778.1_1102898_1103181
LOC112058550,NW_019862778.1,-,MXE_exon1,0,-0.151,1102898,1103181,NW_019862778.1_1102898_1103181
LOC112058550,NW_019862778.1,-,MXE_exon1,6.39E-14,-0.144,1102898,1103181,NW_019862778.1_1102898_1103181
LOC112058550,NW_019862778.1,-,MXE_exon1,0,-0.123,1102955,1103181,NW_019862778.1_1102955_1103181
LOC112058550,NW_019862778.1,-,MXE_exon1,0,-0.072,1102955,1103181,NW_019862778.1_1102955_1103181
LOC112058550,NW_019862778.1,-,MXE_exon1,0,-0.124,1102955,1103181,NW_019862778.1_1102955_1103181
LOC112058550,NW_019862778.1,-,MXE_exon1,4.40E-14,-0.112,1102955,1103181,NW_019862778.1_1102955_1103181
LOC112058550,NW_019862778.1,-,MXE_exon1,4.40E-14,-0.038,1102972,1103181,NW_019862778.1_1102972_1103181
LOC112058550,NW_019862778.1,-,MXE_exon1,1.03E-13,-0.016,1102972,1103181,NW_019862778.1_1102972_1103181
LOC112058550,NW_019862778.1,-,MXE_exon1,4.40E-14,-0.039,1102972,1103181,NW_019862778.1_1102972_1103181
LOC112058550,NW_019862778.1,-,MXE_exon1,2.48E-13,-0.033,1102972,1103181,NW_019862778.1_1102972_1103181
LOC112052001,NW_019863118.1,-,MXE_exon1,0.00079448,0.044,161542,161997,NW_019863118.1_161542_161997
LOC112052001,NW_019863118.1,-,MXE_exon1,0.00079448,0.044,161542,162366,NW_019863118.1_161542_162366
LOC112047231,NW_019862885.1,-,MXE_exon1,1.54E-10,-0.194,592659,593054,NW_019862885.1_592659_593054
LOC112047231,NW_019862885.1,-,MXE_exon1,9.30E-13,-0.197,592659,593054,NW_019862885.1_592659_593054
LOC112047231,NW_019862885.1,-,MXE_exon1,0,-0.208,592659,593054,NW_019862885.1_592659_593054
LOC112051523,NW_019863087.1,+,MXE_exon1,1.01E-07,0.105,159548,159951,NW_019863087.1_159548_159951
LOC112051523,NW_019863087.1,+,MXE_exon1,1.01E-07,0.105,159548,159951,NW_019863087.1_159548_159951
LOC112051523,NW_019863087.1,+,MXE_exon1,1.01E-07,0.105,159548,159951,NW_019863087.1_159548_159951
LOC112051523,NW_019863087.1,+,MXE_exon1,1.01E-07,0.105,159548,159951,NW_019863087.1_159548_159951
LOC112051523,NW_019863087.1,+,MXE_exon1,1.01E-07,0.105,159548,159951,NW_019863087.1_159548_159951
LOC112051523,NW_019863087.1,+,MXE_exon1,1.01E-07,0.105,159548,159951,NW_019863087.1_159548_159951
LOC112051523,NW_019863087.1,+,MXE_exon1,1.01E-07,0.104,159548,159951,NW_019863087.1_159548_159951
LOC112051523,NW_019863087.1,+,MXE_exon1,1.02E-07,0.104,159548,159951,NW_019863087.1_159548_159951
LOC112051523,NW_019863087.1,+,MXE_exon1,1.02E-07,0.105,159548,159951,NW_019863087.1_159548_159951
LOC112051523,NW_019863087.1,+,MXE_exon1,1.01E-07,0.105,159548,159951,NW_019863087.1_159548_159951
LOC112051523,NW_019863087.1,+,MXE_exon1,9.99E-08,0.105,159548,159951,NW_019863087.1_159548_159951
LOC112051523,NW_019863087.1,+,MXE_exon1,1.03E-07,0.104,159548,159951,NW_019863087.1_159548_159951
LOC112051523,NW_019863087.1,+,MXE_exon1,1.05E-07,0.104,159548,159951,NW_019863087.1_159548_159951
LOC112051523,NW_019863087.1,+,MXE_exon1,3.17E-06,-0.014,159707,159951,NW_019863087.1_159707_159951
LOC112051523,NW_019863087.1,+,MXE_exon1,3.17E-06,-0.014,159707,159951,NW_019863087.1_159707_159951
LOC112051523,NW_019863087.1,+,MXE_exon1,3.17E-06,-0.014,159707,159951,NW_019863087.1_159707_159951
LOC112051523,NW_019863087.1,+,MXE_exon1,3.17E-06,-0.014,159707,159951,NW_019863087.1_159707_159951
LOC112051523,NW_019863087.1,+,MXE_exon1,3.17E-06,-0.014,159707,159951,NW_019863087.1_159707_159951
LOC112051523,NW_019863087.1,+,MXE_exon1,3.17E-06,-0.014,159707,159951,NW_019863087.1_159707_159951
LOC112051523,NW_019863087.1,+,MXE_exon1,3.19E-06,-0.014,159707,159951,NW_019863087.1_159707_159951
LOC112051523,NW_019863087.1,+,MXE_exon1,3.18E-06,-0.014,159707,159951,NW_019863087.1_159707_159951
LOC112051523,NW_019863087.1,+,MXE_exon1,3.17E-06,-0.014,159707,159951,NW_019863087.1_159707_159951
LOC112051523,NW_019863087.1,+,MXE_exon1,3.17E-06,-0.014,159707,159951,NW_019863087.1_159707_159951
LOC112051523,NW_019863087.1,+,MXE_exon1,3.18E-06,-0.014,159707,159951,NW_019863087.1_159707_159951
LOC112051523,NW_019863087.1,+,MXE_exon1,3.48E-06,-0.014,159707,159951,NW_019863087.1_159707_159951
LOC112051523,NW_019863087.1,+,MXE_exon1,4.58E-06,-0.014,159707,159951,NW_019863087.1_159707_159951
LOC112051523,NW_019863087.1,+,MXE_exon1,0.00031698,-0.011,159707,160323,NW_019863087.1_159707_160323
LOC112051523,NW_019863087.1,+,MXE_exon1,0.024179114,0.059,160011,160323,NW_019863087.1_160011_160323
LOC112051523,NW_019863087.1,+,MXE_exon1,7.13E-12,0.117,178768,179357,NW_019863087.1_178768_179357
LOC112051523,NW_019863087.1,+,MXE_exon1,0.000458411,0.082,178768,179357,NW_019863087.1_178768_179357
LOC112051523,NW_019863087.1,+,MXE_exon1,0.001219396,0.078,178768,179357,NW_019863087.1_178768_179357
LOC112051523,NW_019863087.1,+,MXE_exon1,0.001041754,0.077,178768,179357,NW_019863087.1_178768_179357
LOC112051523,NW_019863087.1,+,MXE_exon1,7.17E-08,0.071,178768,179357,NW_019863087.1_178768_179357
LOC112051523,NW_019863087.1,+,MXE_exon1,0.001143423,0.078,178768,179357,NW_019863087.1_178768_179357
LOC112051523,NW_019863087.1,+,MXE_exon1,7.21E-05,0.021,178768,179357,NW_019863087.1_178768_179357
LOC112051523,NW_019863087.1,+,MXE_exon1,0.00010046,0.02,178768,179357,NW_019863087.1_178768_179357
LOC112051523,NW_019863087.1,+,MXE_exon1,0.000169361,0.019,178768,179357,NW_019863087.1_178768_179357
LOC112051523,NW_019863087.1,+,MXE_exon1,6.72E-11,0.113,178768,179357,NW_019863087.1_178768_179357
LOC112051523,NW_019863087.1,+,MXE_exon1,0.00014599,0.018,178768,179357,NW_019863087.1_178768_179357
LOC112051523,NW_019863087.1,+,MXE_exon1,2.29E-10,0.114,178768,179357,NW_019863087.1_178768_179357
LOC112051523,NW_019863087.1,+,MXE_exon1,2.15E-13,0.134,179021,179345,NW_019863087.1_179021_179345
LOC112051523,NW_019863087.1,+,MXE_exon1,0.000319912,0.092,179021,179345,NW_019863087.1_179021_179345
LOC112051523,NW_019863087.1,+,MXE_exon1,0.000909362,0.088,179021,179345,NW_019863087.1_179021_179345
LOC112051523,NW_019863087.1,+,MXE_exon1,0.000749747,0.088,179021,179345,NW_019863087.1_179021_179345
LOC112051523,NW_019863087.1,+,MXE_exon1,4.25E-09,0.086,179021,179345,NW_019863087.1_179021_179345
LOC112051523,NW_019863087.1,+,MXE_exon1,0.000766838,0.089,179021,179345,NW_019863087.1_179021_179345
LOC112051523,NW_019863087.1,+,MXE_exon1,0.003414161,0.017,179021,179345,NW_019863087.1_179021_179345
LOC112051523,NW_019863087.1,+,MXE_exon1,0.004728215,0.017,179021,179345,NW_019863087.1_179021_179345
LOC112051523,NW_019863087.1,+,MXE_exon1,0.005982,0.016,179021,179345,NW_019863087.1_179021_179345
LOC112051523,NW_019863087.1,+,MXE_exon1,2.28E-12,0.129,179021,179345,NW_019863087.1_179021_179345
LOC112051523,NW_019863087.1,+,MXE_exon1,0.007179429,0.016,179021,179345,NW_019863087.1_179021_179345
LOC112051523,NW_019863087.1,+,MXE_exon1,8.43E-12,0.129,179021,179345,NW_019863087.1_179021_179345
LOC112051523,NW_019863087.1,+,MXE_exon1,1.96E-13,0.148,179021,179357,NW_019863087.1_179021_179357
LOC112051523,NW_019863087.1,+,MXE_exon1,0.000137338,0.087,179021,179357,NW_019863087.1_179021_179357
LOC112051523,NW_019863087.1,+,MXE_exon1,0.00043352,0.083,179021,179357,NW_019863087.1_179021_179357
LOC112051523,NW_019863087.1,+,MXE_exon1,0.000354913,0.083,179021,179357,NW_019863087.1_179021_179357
LOC112051523,NW_019863087.1,+,MXE_exon1,0.000330937,0.083,179021,179357,NW_019863087.1_179021_179357
LOC112051523,NW_019863087.1,+,MXE_exon1,2.32E-12,0.143,179021,179357,NW_019863087.1_179021_179357
LOC112051523,NW_019863087.1,+,MXE_exon1,8.92E-12,0.14,179021,179357,NW_019863087.1_179021_179357
LOC112051523,NW_019863087.1,+,MXE_exon1,6.19E-06,0.128,182891,183127,NW_019863087.1_182891_183127
LOC112051523,NW_019863087.1,+,MXE_exon1,0.040892861,0.072,182891,183185,NW_019863087.1_182891_183185
LOC112051523,NW_019863087.1,+,MXE_exon1,8.43E-06,0.096,182891,183186,NW_019863087.1_182891_183186
LOC112044491,NW_019862810.1,+,MXE_exon1,0.000734355,0.184,732143,732501,NW_019862810.1_732143_732501
LOC112044491,NW_019862810.1,+,MXE_exon1,0.00374881,0.042,733307,733986,NW_019862810.1_733307_733986
LOC112044491,NW_019862810.1,+,MXE_exon1,0.005535203,0.044,733653,733986,NW_019862810.1_733653_733986
LOC112044491,NW_019862810.1,+,MXE_exon1,0.007800049,0.046,733674,733986,NW_019862810.1_733674_733986
LOC112044491,NW_019862810.1,+,MXE_exon1,0.008144562,0.046,733678,733986,NW_019862810.1_733678_733986
LOC112058474,NW_019862777.1,-,MXE_exon1,8.46E-06,0.199,806358,806612,NW_019862777.1_806358_806612
LOC112049759,NW_019862988.1,+,MXE_exon1,0.045883968,0.123,252997,253353,NW_019862988.1_252997_253353
LOC112047434,NW_019862893.1,-,MXE_exon1,0,0.19,381552,381850,NW_019862893.1_381552_381850
LOC112047434,NW_019862893.1,-,MXE_exon1,1.63E-13,0.121,381552,381850,NW_019862893.1_381552_381850
LOC112047434,NW_019862893.1,-,MXE_exon1,3.60E-13,0.101,381552,381878,NW_019862893.1_381552_381878
LOC112043045,NW_019862784.1,+,MXE_exon1,1.60E-08,-0.481,1523581,1523936,NW_019862784.1_1523581_1523936
LOC112043045,NW_019862784.1,+,MXE_exon1,6.44E-05,-0.29,1523581,1523936,NW_019862784.1_1523581_1523936
LOC112046894,NW_019862874.1,+,MXE_exon1,4.82E-09,-0.045,262017,262406,NW_019862874.1_262017_262406
LOC112046894,NW_019862874.1,+,MXE_exon1,5.64E-07,-0.038,271770,272132,NW_019862874.1_271770_272132
LOC112046894,NW_019862874.1,+,MXE_exon1,3.44E-07,-0.027,271770,272133,NW_019862874.1_271770_272133
LOC112046894,NW_019862874.1,+,MXE_exon1,5.64E-07,-0.038,271770,272202,NW_019862874.1_271770_272202
LOC112046894,NW_019862874.1,+,MXE_exon1,5.64E-07,-0.038,271770,272304,NW_019862874.1_271770_272304
LOC112046894,NW_019862874.1,+,MXE_exon1,5.61E-07,-0.038,271770,272320,NW_019862874.1_271770_272320
LOC112046226,NW_019862850.1,+,MXE_exon1,0.000177236,0.167,551288,551641,NW_019862850.1_551288_551641
LOC112054600,NW_019863381.1,-,MXE_exon1,0.049835228,0.223,60234,60671,NW_019863381.1_60234_60671
LOC112056342,NW_019863781.1,+,MXE_exon1,6.18E-05,-0.115,15521,16083,NW_019863781.1_15521_16083
LOC112056342,NW_019863781.1,+,MXE_exon1,6.44E-05,-0.162,15521,16083,NW_019863781.1_15521_16083
LOC112045818,NW_019862841.1,-,MXE_exon1,0.003498067,0.116,852540,852970,NW_019862841.1_852540_852970
LOC112045818,NW_019862841.1,-,MXE_exon1,0.000545832,0.511,852540,852970,NW_019862841.1_852540_852970
LOC112045818,NW_019862841.1,-,MXE_exon1,4.33E-13,0.592,852540,853130,NW_019862841.1_852540_853130
LOC112045818,NW_019862841.1,-,MXE_exon1,1.09E-08,0.697,852540,853130,NW_019862841.1_852540_853130
LOC112045818,NW_019862841.1,-,MXE_exon1,0.042433245,0.246,852798,853130,NW_019862841.1_852798_853130
LOC112045818,NW_019862841.1,-,MXE_exon1,1.21E-09,0.573,852798,853130,NW_019862841.1_852798_853130
LOC112045818,NW_019862841.1,-,MXE_exon1,9.47E-07,0.411,852798,853130,NW_019862841.1_852798_853130
LOC112045818,NW_019862841.1,-,MXE_exon1,0.042370389,0.239,852798,853133,NW_019862841.1_852798_853133
LOC112045818,NW_019862841.1,-,MXE_exon1,4.67E-05,0.508,852798,853133,NW_019862841.1_852798_853133
LOC112050847,NW_019863046.1,-,MXE_exon1,3.36E-05,0.046,232456,232753,NW_019863046.1_232456_232753
LOC112050847,NW_019863046.1,-,MXE_exon1,0.002063953,0.029,232456,232753,NW_019863046.1_232456_232753
LOC112047033,NW_019862881.1,-,MXE_exon1,5.24E-06,-0.556,300795,301085,NW_019862881.1_300795_301085
LOC112047033,NW_019862881.1,-,MXE_exon1,0.003461758,-0.359,300795,301088,NW_019862881.1_300795_301088
LOC112046332,NW_019862855.1,-,MXE_exon1,0.000204533,0.056,624596,625018,NW_019862855.1_624596_625018
LOC112046332,NW_019862855.1,-,MXE_exon1,0.00050449,0.034,624702,625018,NW_019862855.1_624702_625018
LOC112046332,NW_019862855.1,-,MXE_exon1,3.90E-08,0.101,634760,635120,NW_019862855.1_634760_635120
LOC112046332,NW_019862855.1,-,MXE_exon1,0,0.067,636783,637207,NW_019862855.1_636783_637207
LOC112046332,NW_019862855.1,-,MXE_exon1,0,0.067,636783,637208,NW_019862855.1_636783_637208
LOC112046332,NW_019862855.1,-,MXE_exon1,0,0.04,636783,637209,NW_019862855.1_636783_637209
LOC112046332,NW_019862855.1,-,MXE_exon1,0,0.067,636783,637232,NW_019862855.1_636783_637232
LOC112046332,NW_019862855.1,-,MXE_exon1,1.41E-08,0.083,636793,637209,NW_019862855.1_636793_637209
LOC112058207,NW_019862772.1,+,MXE_exon1,0.024257756,0.001,1699352,1699832,NW_019862772.1_1699352_1699832
LOC112058207,NW_019862772.1,+,MXE_exon1,0.024257756,0.001,1699352,1699832,NW_019862772.1_1699352_1699832
LOC112058207,NW_019862772.1,+,MXE_exon1,1.78E-06,0.034,1699352,1699834,NW_019862772.1_1699352_1699834
LOC112058207,NW_019862772.1,+,MXE_exon1,1.78E-06,0.034,1699352,1699834,NW_019862772.1_1699352_1699834
LOC112058207,NW_019862772.1,+,MXE_exon1,0.024257756,0.001,1699352,1699838,NW_019862772.1_1699352_1699838
LOC112058207,NW_019862772.1,+,MXE_exon1,0.024257756,0.001,1699352,1699838,NW_019862772.1_1699352_1699838
LOC112058207,NW_019862772.1,+,MXE_exon1,0.040038379,0.326,1699353,1699834,NW_019862772.1_1699353_1699834
LOC112058207,NW_019862772.1,+,MXE_exon1,0.040038379,0.326,1699353,1699834,NW_019862772.1_1699353_1699834
LOC112058207,NW_019862772.1,+,MXE_exon1,0.042969331,0.324,1699359,1699834,NW_019862772.1_1699359_1699834
LOC112058207,NW_019862772.1,+,MXE_exon1,0.042969331,0.324,1699359,1699834,NW_019862772.1_1699359_1699834
LOC112058207,NW_019862772.1,+,MXE_exon1,0.021825383,-0.037,1700084,1700311,NW_019862772.1_1700084_1700311
LOC112058207,NW_019862772.1,+,MXE_exon1,0.015838752,-0.048,1700102,1700451,NW_019862772.1_1700102_1700451
LOC112052141,NW_019863130.1,-,MXE_exon1,0.000223923,0.186,89885,90171,NW_019863130.1_89885_90171
LOC112048398,NW_019862929.1,+,MXE_exon1,0.008106173,-0.104,269770,270197,NW_019862929.1_269770_270197
LOC112049794,NW_019862756.1,-,MXE_exon1,4.77E-08,0.039,385647,385929,NW_019862756.1_385647_385929
LOC112049503,NW_019862976.1,-,MXE_exon1,0,-0.223,435755,436361,NW_019862976.1_435755_436361
LOC112049503,NW_019862976.1,-,MXE_exon1,0,-0.223,435755,436361,NW_019862976.1_435755_436361
LOC112049503,NW_019862976.1,-,MXE_exon1,0,-0.332,435755,436361,NW_019862976.1_435755_436361
LOC112049503,NW_019862976.1,-,MXE_exon1,0,-0.242,435755,436361,NW_019862976.1_435755_436361
LOC112049503,NW_019862976.1,-,MXE_exon1,0,-0.259,435755,436361,NW_019862976.1_435755_436361
LOC112049503,NW_019862976.1,-,MXE_exon1,0,-0.186,436097,436361,NW_019862976.1_436097_436361
LOC112049503,NW_019862976.1,-,MXE_exon1,0,-0.186,436097,436361,NW_019862976.1_436097_436361
LOC112049503,NW_019862976.1,-,MXE_exon1,0,-0.332,436097,436361,NW_019862976.1_436097_436361
LOC112049503,NW_019862976.1,-,MXE_exon1,0,-0.203,436097,436361,NW_019862976.1_436097_436361
LOC112049503,NW_019862976.1,-,MXE_exon1,0,-0.222,436097,436361,NW_019862976.1_436097_436361
LOC112049503,NW_019862976.1,-,MXE_exon1,0,-0.229,436098,436328,NW_019862976.1_436098_436328
LOC112049503,NW_019862976.1,-,MXE_exon1,0,-0.229,436098,436328,NW_019862976.1_436098_436328
LOC112049503,NW_019862976.1,-,MXE_exon1,0,-0.329,436098,436328,NW_019862976.1_436098_436328
LOC112049503,NW_019862976.1,-,MXE_exon1,0,-0.247,436098,436328,NW_019862976.1_436098_436328
LOC112049503,NW_019862976.1,-,MXE_exon1,0,-0.264,436098,436328,NW_019862976.1_436098_436328
LOC112049503,NW_019862976.1,-,MXE_exon1,0,-0.074,436098,436361,NW_019862976.1_436098_436361
LOC112049503,NW_019862976.1,-,MXE_exon1,0,-0.074,436098,436361,NW_019862976.1_436098_436361
LOC112049503,NW_019862976.1,-,MXE_exon1,0,-0.082,436098,436361,NW_019862976.1_436098_436361
LOC112049503,NW_019862976.1,-,MXE_exon1,0,-0.095,436098,436361,NW_019862976.1_436098_436361
LOC112049503,NW_019862976.1,-,MXE_exon1,0,-0.189,436098,436419,NW_019862976.1_436098_436419
LOC112049503,NW_019862976.1,-,MXE_exon1,0,-0.189,436098,436419,NW_019862976.1_436098_436419
LOC112049503,NW_019862976.1,-,MXE_exon1,0,-0.327,436098,436419,NW_019862976.1_436098_436419
LOC112049503,NW_019862976.1,-,MXE_exon1,0,-0.206,436098,436419,NW_019862976.1_436098_436419
LOC112049503,NW_019862976.1,-,MXE_exon1,0,-0.225,436098,436419,NW_019862976.1_436098_436419
LOC112049503,NW_019862976.1,-,MXE_exon1,0,-0.194,436102,436361,NW_019862976.1_436102_436361
LOC112049503,NW_019862976.1,-,MXE_exon1,0,-0.194,436102,436361,NW_019862976.1_436102_436361
LOC112049503,NW_019862976.1,-,MXE_exon1,0,-0.332,436102,436361,NW_019862976.1_436102_436361
LOC112049503,NW_019862976.1,-,MXE_exon1,0,-0.212,436102,436361,NW_019862976.1_436102_436361
LOC112049503,NW_019862976.1,-,MXE_exon1,0,-0.23,436102,436361,NW_019862976.1_436102_436361
LOC112049503,NW_019862976.1,-,MXE_exon1,5.89E-09,0.018,436710,437236,NW_019862976.1_436710_437236
LOC112049503,NW_019862976.1,-,MXE_exon1,5.83E-09,0.018,436827,437236,NW_019862976.1_436827_437236
LOC112049503,NW_019862976.1,-,MXE_exon1,3.53E-10,0.018,436973,437377,NW_019862976.1_436973_437377
LOC112049503,NW_019862976.1,-,MXE_exon1,4.00E-09,0.013,436975,437236,NW_019862976.1_436975_437236
LOC112049503,NW_019862976.1,-,MXE_exon1,0.003376135,0.072,439962,440397,NW_019862976.1_439962_440397
LOC112049503,NW_019862976.1,-,MXE_exon1,0.003376135,0.072,439966,440397,NW_019862976.1_439966_440397
LOC112049503,NW_019862976.1,-,MXE_exon1,0.018722628,0.127,440008,440397,NW_019862976.1_440008_440397
LOC112049503,NW_019862976.1,-,MXE_exon1,0.003312835,0.073,440008,440397,NW_019862976.1_440008_440397
LOC112049503,NW_019862976.1,-,MXE_exon1,0.003376135,0.072,440013,440397,NW_019862976.1_440013_440397
LOC112049503,NW_019862976.1,-,MXE_exon1,0.00374881,0.073,440052,440397,NW_019862976.1_440052_440397
LOC112049503,NW_019862976.1,-,MXE_exon1,0.003984378,0.073,440055,440397,NW_019862976.1_440055_440397
LOC112049503,NW_019862976.1,-,MXE_exon1,0.016544456,0.09,440126,440385,NW_019862976.1_440126_440385
LOC112049503,NW_019862976.1,-,MXE_exon1,0.035388346,0.097,440126,440385,NW_019862976.1_440126_440385
LOC112049503,NW_019862976.1,-,MXE_exon1,0.003211522,0.093,440126,440385,NW_019862976.1_440126_440385
LOC112049503,NW_019862976.1,-,MXE_exon1,0.048088471,0.083,440126,440385,NW_019862976.1_440126_440385
LOC112049503,NW_019862976.1,-,MXE_exon1,0.000179558,0.047,440126,440397,NW_019862976.1_440126_440397
LOC112049503,NW_019862976.1,-,MXE_exon1,0.001323795,0.056,440126,440397,NW_019862976.1_440126_440397
LOC112049503,NW_019862976.1,-,MXE_exon1,0.001219879,0.044,440126,440397,NW_019862976.1_440126_440397
LOC112049503,NW_019862976.1,-,MXE_exon1,0,0.194,440794,441224,NW_019862976.1_440794_441224
LOC112049503,NW_019862976.1,-,MXE_exon1,0,0.194,440794,441224,NW_019862976.1_440794_441224
LOC112049503,NW_019862976.1,-,MXE_exon1,0,0.194,440794,441224,NW_019862976.1_440794_441224
LOC112049503,NW_019862976.1,-,MXE_exon1,0,0.169,440794,441224,NW_019862976.1_440794_441224
LOC112049503,NW_019862976.1,-,MXE_exon1,0,0.172,440794,441224,NW_019862976.1_440794_441224
LOC112049503,NW_019862976.1,-,MXE_exon1,0.008367624,-0.491,450171,450833,NW_019862976.1_450171_450833
LOC112051201,NW_019863068.1,-,MXE_exon1,0.003389707,0.082,185415,185704,NW_019863068.1_185415_185704
LOC112048417,NW_019862929.1,-,MXE_exon1,0.010772989,0.053,266889,267212,NW_019862929.1_266889_267212
LOC112055942,NW_019863661.1,+,MXE_exon1,0.028996312,0.169,15758,16109,NW_019863661.1_15758_16109
LOC112055942,NW_019863661.1,+,MXE_exon1,0.02504046,0.171,15758,16138,NW_019863661.1_15758_16138
LOC112055942,NW_019863661.1,+,MXE_exon1,0.028996312,0.169,15758,16157,NW_019863661.1_15758_16157
LOC112051905,NW_019863111.1,-,MXE_exon1,1.32E-09,0.079,142814,143377,NW_019863111.1_142814_143377
LOC112051905,NW_019863111.1,-,MXE_exon1,2.36E-08,0.077,142853,143377,NW_019863111.1_142853_143377
LOC112051905,NW_019863111.1,-,MXE_exon1,8.85E-06,0.066,143003,143377,NW_019863111.1_143003_143377
LOC112046462,NW_019862858.1,+,MXE_exon1,0.000166172,-0.035,420952,421181,NW_019862858.1_420952_421181
LOC112058542,NW_019862778.1,-,MXE_exon1,6.52E-05,0.229,1049804,1050167,NW_019862778.1_1049804_1050167
LOC112058542,NW_019862778.1,-,MXE_exon1,6.01E-07,0.218,1049804,1050167,NW_019862778.1_1049804_1050167
LOC112058542,NW_019862778.1,-,MXE_exon1,5.97E-07,0.217,1049804,1050167,NW_019862778.1_1049804_1050167
LOC112058542,NW_019862778.1,-,MXE_exon1,6.01E-07,0.218,1049804,1050167,NW_019862778.1_1049804_1050167
LOC112058542,NW_019862778.1,-,MXE_exon1,0.000167755,0.231,1049804,1050172,NW_019862778.1_1049804_1050172
LOC112058542,NW_019862778.1,-,MXE_exon1,4.95E-06,0.227,1049804,1050172,NW_019862778.1_1049804_1050172
LOC112058542,NW_019862778.1,-,MXE_exon1,4.95E-06,0.226,1049804,1050172,NW_019862778.1_1049804_1050172
LOC112058542,NW_019862778.1,-,MXE_exon1,9.71E-10,0.131,1049804,1050172,NW_019862778.1_1049804_1050172
LOC112058542,NW_019862778.1,-,MXE_exon1,4.95E-06,0.227,1049804,1050172,NW_019862778.1_1049804_1050172
LOC112055327,NW_019863501.1,+,MXE_exon1,0.002200393,0.173,64022,64412,NW_019863501.1_64022_64412
LOC112055327,NW_019863501.1,+,MXE_exon1,0.000838533,0.196,64024,64412,NW_019863501.1_64024_64412
LOC112055327,NW_019863501.1,+,MXE_exon1,0.000713172,-0.006,64883,65276,NW_019863501.1_64883_65276
LOC112055327,NW_019863501.1,+,MXE_exon1,6.81E-10,-0.024,64884,65294,NW_019863501.1_64884_65294
LOC112055327,NW_019863501.1,+,MXE_exon1,3.01E-09,-0.022,64886,65294,NW_019863501.1_64886_65294
LOC112055327,NW_019863501.1,+,MXE_exon1,0.004085347,-0.093,64889,65276,NW_019863501.1_64889_65276
LOC112055327,NW_019863501.1,+,MXE_exon1,5.08E-10,-0.024,64889,65294,NW_019863501.1_64889_65294
LOC112055327,NW_019863501.1,+,MXE_exon1,2.72E-10,-0.032,64994,65294,NW_019863501.1_64994_65294
LOC112042935,NW_019862782.1,-,MXE_exon1,0.020813502,-0.066,1150792,1151036,NW_019862782.1_1150792_1151036
LOC112042935,NW_019862782.1,-,MXE_exon1,0.040038379,-0.06,1150792,1151036,NW_019862782.1_1150792_1151036
LOC112042935,NW_019862782.1,-,MXE_exon1,0.023170104,-0.065,1150792,1151036,NW_019862782.1_1150792_1151036
LOC112042935,NW_019862782.1,-,MXE_exon1,1.73E-09,0.08,1151710,1152089,NW_019862782.1_1151710_1152089
LOC112042935,NW_019862782.1,-,MXE_exon1,1.34E-05,-0.045,1175793,1176092,NW_019862782.1_1175793_1176092
LOC112046298,NW_019862752.1,-,MXE_exon1,0.001251178,-0.412,2666877,2667193,NW_019862752.1_2666877_2667193
LOC112046298,NW_019862752.1,-,MXE_exon1,3.09E-05,-0.446,2666877,2667193,NW_019862752.1_2666877_2667193
LOC112046298,NW_019862752.1,-,MXE_exon1,3.09E-05,-0.446,2666877,2667193,NW_019862752.1_2666877_2667193
LOC112046298,NW_019862752.1,-,MXE_exon1,7.88E-05,-0.428,2666877,2667198,NW_019862752.1_2666877_2667198
LOC112046298,NW_019862752.1,-,MXE_exon1,5.00E-07,-0.461,2666877,2667198,NW_019862752.1_2666877_2667198
LOC112046298,NW_019862752.1,-,MXE_exon1,5.00E-07,-0.461,2666877,2667198,NW_019862752.1_2666877_2667198
LOC112046298,NW_019862752.1,-,MXE_exon1,0.043224787,-0.18,2666877,2667198,NW_019862752.1_2666877_2667198
LOC112046298,NW_019862752.1,-,MXE_exon1,0.001245811,-0.405,2666877,2667284,NW_019862752.1_2666877_2667284
LOC112046298,NW_019862752.1,-,MXE_exon1,2.28E-05,-0.437,2666877,2667284,NW_019862752.1_2666877_2667284
LOC112046298,NW_019862752.1,-,MXE_exon1,2.28E-05,-0.437,2666877,2667284,NW_019862752.1_2666877_2667284
LOC112046440,NW_019862857.1,-,MXE_exon1,4.93E-08,0.023,61681,62288,NW_019862857.1_61681_62288
LOC112046440,NW_019862857.1,-,MXE_exon1,1.07E-07,0.022,61910,62288,NW_019862857.1_61910_62288
LOC112046440,NW_019862857.1,-,MXE_exon1,0.042169694,-0.09,64536,65071,NW_019862857.1_64536_65071
LOC112046440,NW_019862857.1,-,MXE_exon1,1.96E-13,0.016,64536,65071,NW_019862857.1_64536_65071
LOC112046440,NW_019862857.1,-,MXE_exon1,2.98E-11,0.015,64536,65071,NW_019862857.1_64536_65071
LOC112046440,NW_019862857.1,-,MXE_exon1,8.79E-07,-0.019,64682,65071,NW_019862857.1_64682_65071
LOC112046440,NW_019862857.1,-,MXE_exon1,4.78E-05,-0.013,64682,65071,NW_019862857.1_64682_65071
LOC112046440,NW_019862857.1,-,MXE_exon1,1.48E-10,-0.02,64682,65071,NW_019862857.1_64682_65071
LOC112046440,NW_019862857.1,-,MXE_exon1,3.41E-05,-0.014,64682,65071,NW_019862857.1_64682_65071
LOC112046440,NW_019862857.1,-,MXE_exon1,0.034963572,-0.36,65506,66012,NW_019862857.1_65506_66012
LOC112046440,NW_019862857.1,-,MXE_exon1,0.00054232,-0.023,65638,66012,NW_019862857.1_65638_66012
LOC112053602,NW_019863259.1,-,MXE_exon1,0.017571433,0.43,238761,239092,NW_019863259.1_238761_239092
LOC112047844,NW_019862905.1,-,MXE_exon1,0,-0.02,640578,640995,NW_019862905.1_640578_640995
LOC112047612,NW_019862898.1,-,MXE_exon1,3.18E-06,-0.159,34626,35273,NW_019862898.1_34626_35273
LOC112057021,NW_019862764.1,+,MXE_exon1,0.000144643,0.063,1486634,1487002,NW_019862764.1_1486634_1487002
LOC112048050,NW_019862754.1,-,MXE_exon1,0.001774109,-0.059,1606504,1606805,NW_019862754.1_1606504_1606805
LOC112048050,NW_019862754.1,-,MXE_exon1,0,0.042,1606504,1606805,NW_019862754.1_1606504_1606805
LOC112048050,NW_019862754.1,-,MXE_exon1,0,0.068,1609421,1609725,NW_019862754.1_1609421_1609725
LOC112048050,NW_019862754.1,-,MXE_exon1,1.03E-13,0.148,1609421,1609745,NW_019862754.1_1609421_1609745
LOC112048050,NW_019862754.1,-,MXE_exon1,1.12E-06,0.237,1609421,1609745,NW_019862754.1_1609421_1609745
LOC112044972,NW_019862820.1,+,MXE_exon1,1.36E-12,0.236,164758,165034,NW_019862820.1_164758_165034
LOC112050534,NW_019863028.1,+,MXE_exon1,0.045540771,0.202,173755,173984,NW_019863028.1_173755_173984
LOC112047593,NW_019862897.1,-,MXE_exon1,0,-0.075,431018,431434,NW_019862897.1_431018_431434
LOC112047593,NW_019862897.1,-,MXE_exon1,0.00037896,-0.207,431018,431434,NW_019862897.1_431018_431434
LOC112052560,NW_019863158.1,-,MXE_exon1,1.26E-05,-0.067,95876,96293,NW_019863158.1_95876_96293
LOC112054102,NW_019863319.1,+,MXE_exon1,0.011772727,0.1,45757,46210,NW_019863319.1_45757_46210
LOC112054615,NW_019863384.1,-,MXE_exon1,0.00076948,0.162,33212,33463,NW_019863384.1_33212_33463
LOC112046693,NW_019862867.1,+,MXE_exon1,0,-0.185,672444,672719,NW_019862867.1_672444_672719
LOC112046693,NW_019862867.1,+,MXE_exon1,0,-0.09,672444,672719,NW_019862867.1_672444_672719
LOC112046693,NW_019862867.1,+,MXE_exon1,0,-0.129,672444,672719,NW_019862867.1_672444_672719
LOC112046693,NW_019862867.1,+,MXE_exon1,0,-0.129,672444,672719,NW_019862867.1_672444_672719
LOC112046693,NW_019862867.1,+,MXE_exon1,0,-0.19,672456,672719,NW_019862867.1_672456_672719
LOC112046693,NW_019862867.1,+,MXE_exon1,0,-0.262,672456,672719,NW_019862867.1_672456_672719
LOC112046693,NW_019862867.1,+,MXE_exon1,0,-0.212,672456,672719,NW_019862867.1_672456_672719
LOC112046693,NW_019862867.1,+,MXE_exon1,0,-0.212,672456,672719,NW_019862867.1_672456_672719
LOC112046693,NW_019862867.1,+,MXE_exon1,0,-0.179,672456,672750,NW_019862867.1_672456_672750
LOC112046693,NW_019862867.1,+,MXE_exon1,0,-0.092,672456,672750,NW_019862867.1_672456_672750
LOC112046693,NW_019862867.1,+,MXE_exon1,4.40E-14,-0.124,672456,672750,NW_019862867.1_672456_672750
LOC112046693,NW_019862867.1,+,MXE_exon1,2.33E-14,-0.124,672456,672750,NW_019862867.1_672456_672750
LOC112046693,NW_019862867.1,+,MXE_exon1,1.12E-08,0.066,673743,674132,NW_019862867.1_673743_674132
LOC112046693,NW_019862867.1,+,MXE_exon1,1.99E-07,0.072,673743,674132,NW_019862867.1_673743_674132
LOC112046693,NW_019862867.1,+,MXE_exon1,4.37E-06,-0.054,675287,675529,NW_019862867.1_675287_675529
LOC112046693,NW_019862867.1,+,MXE_exon1,0.006312956,-0.025,675287,675631,NW_019862867.1_675287_675631
LOC112046693,NW_019862867.1,+,MXE_exon1,0,-0.102,675287,675631,NW_019862867.1_675287_675631
LOC112045791,NW_019862841.1,+,MXE_exon1,0.041546706,-0.283,236642,236935,NW_019862841.1_236642_236935
LOC112049845,NW_019862994.1,-,MXE_exon1,0.012905638,-0.095,48870,49235,NW_019862994.1_48870_49235
LOC112049845,NW_019862994.1,-,MXE_exon1,0.009244541,-0.1,48870,49238,NW_019862994.1_48870_49238
LOC112049845,NW_019862994.1,-,MXE_exon1,0.022191787,-0.175,49221,49585,NW_019862994.1_49221_49585
LOC112048334,NW_019862754.1,+,MXE_exon1,0.000329035,0.016,2465665,2465975,NW_019862754.1_2465665_2465975
LOC112048035,NW_019862913.1,-,MXE_exon1,0.019496023,-0.045,284173,284431,NW_019862913.1_284173_284431
LOC112048035,NW_019862913.1,-,MXE_exon1,1.73E-05,-0.1,284173,284431,NW_019862913.1_284173_284431
LOC112049779,NW_019862748.1,+,MXE_exon1,9.03E-08,0.089,3032290,3032674,NW_019862748.1_3032290_3032674
LOC112049779,NW_019862748.1,+,MXE_exon1,6.91E-06,0.061,3032290,3032674,NW_019862748.1_3032290_3032674
LOC112049779,NW_019862748.1,+,MXE_exon1,1.18E-05,0.104,3032311,3032674,NW_019862748.1_3032311_3032674
LOC112049779,NW_019862748.1,+,MXE_exon1,4.63E-05,0.08,3032311,3032674,NW_019862748.1_3032311_3032674
LOC112049779,NW_019862748.1,+,MXE_exon1,1.82E-05,0.009,3032334,3032674,NW_019862748.1_3032334_3032674
LOC112049779,NW_019862748.1,+,MXE_exon1,3.92E-05,0.083,3032366,3032674,NW_019862748.1_3032366_3032674
LOC112049779,NW_019862748.1,+,MXE_exon1,0.000502618,0.06,3032366,3032674,NW_019862748.1_3032366_3032674
LOC112049779,NW_019862748.1,+,MXE_exon1,8.48E-06,0.092,3032397,3032674,NW_019862748.1_3032397_3032674
LOC112049779,NW_019862748.1,+,MXE_exon1,0.000192323,0.067,3032397,3032674,NW_019862748.1_3032397_3032674
LOC112052763,NW_019863173.1,+,MXE_exon1,0.002631367,0.043,78012,78364,NW_019863173.1_78012_78364
LOC112051410,NW_019863081.1,+,MXE_exon1,0.020265005,-0.091,371245,371591,NW_019863081.1_371245_371591
LOC112051410,NW_019863081.1,+,MXE_exon1,0.020773928,-0.093,371261,371591,NW_019863081.1_371261_371591
LOC112045821,NW_019862841.1,-,MXE_exon1,3.49E-07,-0.316,88775,89091,NW_019862841.1_88775_89091
LOC112044157,NW_019862804.1,+,MXE_exon1,2.44E-06,-0.495,658451,659105,NW_019862804.1_658451_659105
LOC112044157,NW_019862804.1,+,MXE_exon1,0.001251178,-0.42,658451,659105,NW_019862804.1_658451_659105
LOC112044157,NW_019862804.1,+,MXE_exon1,2.10E-05,-0.471,658451,659105,NW_019862804.1_658451_659105
LOC112044157,NW_019862804.1,+,MXE_exon1,8.97E-07,-0.504,658451,659105,NW_019862804.1_658451_659105
LOC112044157,NW_019862804.1,+,MXE_exon1,0.003376135,-0.434,658511,659105,NW_019862804.1_658511_659105
LOC112044157,NW_019862804.1,+,MXE_exon1,1.11E-06,-0.505,658511,659105,NW_019862804.1_658511_659105
LOC112044157,NW_019862804.1,+,MXE_exon1,3.92E-06,-0.485,658511,659105,NW_019862804.1_658511_659105
LOC112044157,NW_019862804.1,+,MXE_exon1,4.37E-06,-0.491,658511,659105,NW_019862804.1_658511_659105
LOC112044157,NW_019862804.1,+,MXE_exon1,1.04E-06,-0.502,658511,659105,NW_019862804.1_658511_659105
LOC112044157,NW_019862804.1,+,MXE_exon1,0.000587265,-0.431,658511,659105,NW_019862804.1_658511_659105
LOC112044157,NW_019862804.1,+,MXE_exon1,8.98E-06,-0.479,658511,659105,NW_019862804.1_658511_659105
LOC112044157,NW_019862804.1,+,MXE_exon1,3.55E-07,-0.511,658511,659105,NW_019862804.1_658511_659105
LOC112044157,NW_019862804.1,+,MXE_exon1,0.002099585,-0.445,658614,659105,NW_019862804.1_658614_659105
LOC112044157,NW_019862804.1,+,MXE_exon1,6.06E-07,-0.508,658614,659105,NW_019862804.1_658614_659105
LOC112044157,NW_019862804.1,+,MXE_exon1,2.05E-06,-0.491,658614,659105,NW_019862804.1_658614_659105
LOC112044157,NW_019862804.1,+,MXE_exon1,2.55E-06,-0.494,658614,659105,NW_019862804.1_658614_659105
LOC112044157,NW_019862804.1,+,MXE_exon1,4.33E-06,-0.49,658614,659105,NW_019862804.1_658614_659105
LOC112044157,NW_019862804.1,+,MXE_exon1,0.001929377,-0.415,658614,659105,NW_019862804.1_658614_659105
LOC112044157,NW_019862804.1,+,MXE_exon1,3.62E-05,-0.466,658614,659105,NW_019862804.1_658614_659105
LOC112044157,NW_019862804.1,+,MXE_exon1,1.60E-06,-0.499,658614,659105,NW_019862804.1_658614_659105
LOC112044157,NW_019862804.1,+,MXE_exon1,1.25E-06,-0.501,658614,659105,NW_019862804.1_658614_659105
LOC112044157,NW_019862804.1,+,MXE_exon1,2.32E-05,-0.474,658614,659105,NW_019862804.1_658614_659105
LOC112044157,NW_019862804.1,+,MXE_exon1,1.25E-06,-0.501,658614,659105,NW_019862804.1_658614_659105
LOC112044157,NW_019862804.1,+,MXE_exon1,1.21E-06,-0.502,658614,659105,NW_019862804.1_658614_659105
LOC112044157,NW_019862804.1,+,MXE_exon1,5.26E-06,-0.487,658614,659105,NW_019862804.1_658614_659105
LOC112044157,NW_019862804.1,+,MXE_exon1,0.001458413,-0.449,658634,659105,NW_019862804.1_658634_659105
LOC112044157,NW_019862804.1,+,MXE_exon1,3.65E-07,-0.514,658634,659105,NW_019862804.1_658634_659105
LOC112044157,NW_019862804.1,+,MXE_exon1,1.36E-06,-0.495,658634,659105,NW_019862804.1_658634_659105
LOC112044157,NW_019862804.1,+,MXE_exon1,1.57E-06,-0.5,658634,659105,NW_019862804.1_658634_659105
LOC112044157,NW_019862804.1,+,MXE_exon1,1.25E-06,-0.501,658634,659105,NW_019862804.1_658634_659105
LOC112044157,NW_019862804.1,+,MXE_exon1,0.000757184,-0.426,658634,659105,NW_019862804.1_658634_659105
LOC112044157,NW_019862804.1,+,MXE_exon1,1.11E-05,-0.477,658634,659105,NW_019862804.1_658634_659105
LOC112044157,NW_019862804.1,+,MXE_exon1,4.45E-07,-0.51,658634,659105,NW_019862804.1_658634_659105
LOC112044157,NW_019862804.1,+,MXE_exon1,0.003334897,-0.432,658763,659105,NW_019862804.1_658763_659105
LOC112044157,NW_019862804.1,+,MXE_exon1,1.12E-06,-0.502,658763,659105,NW_019862804.1_658763_659105
LOC112044157,NW_019862804.1,+,MXE_exon1,3.94E-06,-0.482,658763,659105,NW_019862804.1_658763_659105
LOC112044157,NW_019862804.1,+,MXE_exon1,4.37E-06,-0.488,658763,659105,NW_019862804.1_658763_659105
LOC112044157,NW_019862804.1,+,MXE_exon1,1.25E-06,-0.497,658763,659105,NW_019862804.1_658763_659105
LOC112044157,NW_019862804.1,+,MXE_exon1,0.00075347,-0.425,658763,659105,NW_019862804.1_658763_659105
LOC112044157,NW_019862804.1,+,MXE_exon1,1.12E-05,-0.473,658763,659105,NW_019862804.1_658763_659105
LOC112044157,NW_019862804.1,+,MXE_exon1,4.45E-07,-0.507,658763,659105,NW_019862804.1_658763_659105
LOC112044157,NW_019862804.1,+,MXE_exon1,1.25E-06,-0.497,658763,659105,NW_019862804.1_658763_659105
LOC112044157,NW_019862804.1,+,MXE_exon1,2.28E-05,-0.472,658763,659105,NW_019862804.1_658763_659105
LOC112044157,NW_019862804.1,+,MXE_exon1,1.25E-06,-0.497,658763,659105,NW_019862804.1_658763_659105
LOC112044157,NW_019862804.1,+,MXE_exon1,1.21E-06,-0.499,658763,659105,NW_019862804.1_658763_659105
LOC112044157,NW_019862804.1,+,MXE_exon1,5.26E-06,-0.484,658763,659105,NW_019862804.1_658763_659105
LOC112044157,NW_019862804.1,+,MXE_exon1,0.00244707,-0.417,658784,659105,NW_019862804.1_658784_659105
LOC112044157,NW_019862804.1,+,MXE_exon1,1.35E-06,-0.468,658784,659105,NW_019862804.1_658784_659105
LOC112044157,NW_019862804.1,+,MXE_exon1,4.71E-06,-0.448,658784,659105,NW_019862804.1_658784_659105
LOC112044157,NW_019862804.1,+,MXE_exon1,4.79E-06,-0.453,658784,659105,NW_019862804.1_658784_659105
LOC112044157,NW_019862804.1,+,MXE_exon1,2.06E-07,-0.499,658784,659105,NW_019862804.1_658784_659105
LOC112044157,NW_019862804.1,+,MXE_exon1,0.000172113,-0.444,658784,659105,NW_019862804.1_658784_659105
LOC112044157,NW_019862804.1,+,MXE_exon1,1.97E-06,-0.479,658784,659105,NW_019862804.1_658784_659105
LOC112044157,NW_019862804.1,+,MXE_exon1,5.70E-08,-0.508,658784,659105,NW_019862804.1_658784_659105
LOC112044157,NW_019862804.1,+,MXE_exon1,6.28E-05,-0.441,658784,659105,NW_019862804.1_658784_659105
LOC112044157,NW_019862804.1,+,MXE_exon1,0.00101214,-0.412,658784,659105,NW_019862804.1_658784_659105
LOC112044157,NW_019862804.1,+,MXE_exon1,6.28E-05,-0.441,658784,659105,NW_019862804.1_658784_659105
LOC112044157,NW_019862804.1,+,MXE_exon1,6.14E-05,-0.442,658784,659105,NW_019862804.1_658784_659105
LOC112044157,NW_019862804.1,+,MXE_exon1,0.000164065,-0.429,658784,659105,NW_019862804.1_658784_659105
LOC112044157,NW_019862804.1,+,MXE_exon1,0.001727213,-0.435,658798,659105,NW_019862804.1_658798_659105
LOC112044157,NW_019862804.1,+,MXE_exon1,3.27E-07,-0.509,658798,659105,NW_019862804.1_658798_659105
LOC112044157,NW_019862804.1,+,MXE_exon1,1.34E-06,-0.486,658798,659105,NW_019862804.1_658798_659105
LOC112044157,NW_019862804.1,+,MXE_exon1,1.39E-06,-0.494,658798,659105,NW_019862804.1_658798_659105
LOC112044157,NW_019862804.1,+,MXE_exon1,0.002204967,-0.43,658799,659105,NW_019862804.1_658799_659105
LOC112044157,NW_019862804.1,+,MXE_exon1,4.56E-07,-0.506,658799,659105,NW_019862804.1_658799_659105
LOC112044157,NW_019862804.1,+,MXE_exon1,1.83E-06,-0.483,658799,659105,NW_019862804.1_658799_659105
LOC112044157,NW_019862804.1,+,MXE_exon1,1.91E-06,-0.491,658799,659105,NW_019862804.1_658799_659105
LOC112044157,NW_019862804.1,+,MXE_exon1,0.00132023,-0.45,658813,659105,NW_019862804.1_658813_659105
LOC112044157,NW_019862804.1,+,MXE_exon1,2.39E-07,-0.51,658813,659105,NW_019862804.1_658813_659105
LOC112044157,NW_019862804.1,+,MXE_exon1,9.07E-07,-0.491,658813,659105,NW_019862804.1_658813_659105
LOC112044157,NW_019862804.1,+,MXE_exon1,1.04E-06,-0.494,658813,659105,NW_019862804.1_658813_659105
LOC112044157,NW_019862804.1,+,MXE_exon1,4.45E-07,-0.5,658813,659105,NW_019862804.1_658813_659105
LOC112044157,NW_019862804.1,+,MXE_exon1,0.000419617,-0.44,658813,659105,NW_019862804.1_658813_659105
LOC112044157,NW_019862804.1,+,MXE_exon1,3.98E-06,-0.479,658813,659105,NW_019862804.1_658813_659105
LOC112044157,NW_019862804.1,+,MXE_exon1,1.41E-07,-0.509,658813,659105,NW_019862804.1_658813_659105
LOC112044157,NW_019862804.1,+,MXE_exon1,8.35E-07,-0.493,658813,659105,NW_019862804.1_658813_659105
LOC112044157,NW_019862804.1,+,MXE_exon1,5.63E-05,-0.463,658813,659105,NW_019862804.1_658813_659105
LOC112044157,NW_019862804.1,+,MXE_exon1,8.35E-07,-0.493,658813,659105,NW_019862804.1_658813_659105
LOC112044157,NW_019862804.1,+,MXE_exon1,8.00E-07,-0.495,658813,659105,NW_019862804.1_658813_659105
LOC112044157,NW_019862804.1,+,MXE_exon1,3.36E-06,-0.479,658813,659105,NW_019862804.1_658813_659105
LOC112044157,NW_019862804.1,+,MXE_exon1,0.011884366,-0.393,658829,659105,NW_019862804.1_658829_659105
LOC112044157,NW_019862804.1,+,MXE_exon1,2.64E-06,-0.465,658829,659105,NW_019862804.1_658829_659105
LOC112044157,NW_019862804.1,+,MXE_exon1,1.06E-05,-0.442,658829,659105,NW_019862804.1_658829_659105
LOC112044157,NW_019862804.1,+,MXE_exon1,1.11E-05,-0.448,658829,659105,NW_019862804.1_658829_659105
LOC112044157,NW_019862804.1,+,MXE_exon1,7.78E-07,-0.496,658829,659105,NW_019862804.1_658829_659105
LOC112044157,NW_019862804.1,+,MXE_exon1,0.00134118,-0.419,658829,659105,NW_019862804.1_658829_659105
LOC112044157,NW_019862804.1,+,MXE_exon1,7.29E-06,-0.47,658829,659105,NW_019862804.1_658829_659105
LOC112044157,NW_019862804.1,+,MXE_exon1,3.01E-07,-0.506,658829,659105,NW_019862804.1_658829_659105
LOC112044157,NW_019862804.1,+,MXE_exon1,7.78E-07,-0.496,658829,659105,NW_019862804.1_658829_659105
LOC112044157,NW_019862804.1,+,MXE_exon1,6.44E-05,-0.463,658829,659105,NW_019862804.1_658829_659105
LOC112044157,NW_019862804.1,+,MXE_exon1,7.78E-07,-0.496,658829,659105,NW_019862804.1_658829_659105
LOC112044157,NW_019862804.1,+,MXE_exon1,7.40E-07,-0.498,658829,659105,NW_019862804.1_658829_659105
LOC112044157,NW_019862804.1,+,MXE_exon1,3.06E-06,-0.482,658829,659105,NW_019862804.1_658829_659105
LOC112044157,NW_019862804.1,+,MXE_exon1,0.006536657,-0.467,658845,659105,NW_019862804.1_658845_659105
LOC112044157,NW_019862804.1,+,MXE_exon1,9.79E-07,-0.571,658845,659105,NW_019862804.1_658845_659105
LOC112044157,NW_019862804.1,+,MXE_exon1,4.41E-06,-0.546,658845,659105,NW_019862804.1_658845_659105
LOC112044157,NW_019862804.1,+,MXE_exon1,4.93E-06,-0.554,658845,659105,NW_019862804.1_658845_659105
LOC112044157,NW_019862804.1,+,MXE_exon1,2.94E-06,-0.563,658852,659105,NW_019862804.1_658852_659105
LOC112044157,NW_019862804.1,+,MXE_exon1,0.001725451,-0.472,658852,659105,NW_019862804.1_658852_659105
LOC112044157,NW_019862804.1,+,MXE_exon1,2.42E-05,-0.535,658852,659105,NW_019862804.1_658852_659105
LOC112044157,NW_019862804.1,+,MXE_exon1,1.13E-06,-0.573,658852,659105,NW_019862804.1_658852_659105
LOC112046979,NW_019862879.1,+,MXE_exon1,2.00E-08,0.08,108038,108370,NW_019862879.1_108038_108370
LOC112046979,NW_019862879.1,+,MXE_exon1,1.28E-08,0.084,108038,108531,NW_019862879.1_108038_108531
LOC112046058,NW_019862846.1,+,MXE_exon1,0.011837368,0.244,199240,199469,NW_019862846.1_199240_199469
LOC112047845,NW_019862906.1,+,MXE_exon1,0.029069183,0.126,31325,31639,NW_019862906.1_31325_31639
LOC112047845,NW_019862906.1,+,MXE_exon1,0.036136302,0.134,31325,31639,NW_019862906.1_31325_31639
LOC112053231,NW_019863219.1,-,MXE_exon1,0.026448648,-0.115,69033,69466,NW_019863219.1_69033_69466
LOC112053231,NW_019863219.1,-,MXE_exon1,0.015160947,-0.126,69033,69618,NW_019863219.1_69033_69618
LOC112053170,NW_019863214.1,-,MXE_exon1,8.94E-10,-0.274,180920,181216,NW_019863214.1_180920_181216
LOC112053170,NW_019863214.1,-,MXE_exon1,1.31E-12,-0.303,180920,181216,NW_019863214.1_180920_181216
LOC112053170,NW_019863214.1,-,MXE_exon1,4.45E-09,-0.415,180920,181216,NW_019863214.1_180920_181216
LOC112053170,NW_019863214.1,-,MXE_exon1,5.17E-12,-0.273,180920,181216,NW_019863214.1_180920_181216
LOC112053170,NW_019863214.1,-,MXE_exon1,8.40E-11,-0.291,180920,181216,NW_019863214.1_180920_181216
LOC112053170,NW_019863214.1,-,MXE_exon1,0,-0.524,180920,181216,NW_019863214.1_180920_181216
LOC112053170,NW_019863214.1,-,MXE_exon1,3.31E-12,-0.404,180920,181216,NW_019863214.1_180920_181216
LOC112053170,NW_019863214.1,-,MXE_exon1,6.45E-05,-0.284,180920,181216,NW_019863214.1_180920_181216
LOC112053170,NW_019863214.1,-,MXE_exon1,0,-0.348,180920,181216,NW_019863214.1_180920_181216
LOC112053170,NW_019863214.1,-,MXE_exon1,1.97E-10,-0.343,180920,181235,NW_019863214.1_180920_181235
LOC112053170,NW_019863214.1,-,MXE_exon1,2.52E-08,-0.356,180920,181235,NW_019863214.1_180920_181235
LOC112053170,NW_019863214.1,-,MXE_exon1,0,-0.492,180920,181235,NW_019863214.1_180920_181235
LOC112053170,NW_019863214.1,-,MXE_exon1,1.49E-09,-0.454,180920,181235,NW_019863214.1_180920_181235
LOC112053170,NW_019863214.1,-,MXE_exon1,0.002556952,-0.223,180920,181235,NW_019863214.1_180920_181235
LOC112053170,NW_019863214.1,-,MXE_exon1,1.68E-12,-0.252,180920,181235,NW_019863214.1_180920_181235
LOC112053170,NW_019863214.1,-,MXE_exon1,8.20E-08,-0.358,180920,181285,NW_019863214.1_180920_181285
LOC112053170,NW_019863214.1,-,MXE_exon1,0,-0.477,180920,181285,NW_019863214.1_180920_181285
LOC112053170,NW_019863214.1,-,MXE_exon1,3.68E-09,-0.451,180920,181285,NW_019863214.1_180920_181285
LOC112053170,NW_019863214.1,-,MXE_exon1,0.004279478,-0.206,180920,181285,NW_019863214.1_180920_181285
LOC112053170,NW_019863214.1,-,MXE_exon1,4.26E-12,-0.233,180920,181285,NW_019863214.1_180920_181285
LOC112053170,NW_019863214.1,-,MXE_exon1,0.002277115,0.128,183209,183505,NW_019863214.1_183209_183505
LOC112053170,NW_019863214.1,-,MXE_exon1,0.001726328,0.14,183209,183505,NW_019863214.1_183209_183505
LOC112053170,NW_019863214.1,-,MXE_exon1,1.90E-06,0.201,183209,183505,NW_019863214.1_183209_183505
LOC112053170,NW_019863214.1,-,MXE_exon1,1.54E-06,0.094,183209,183505,NW_019863214.1_183209_183505
LOC112053170,NW_019863214.1,-,MXE_exon1,0.000776347,0.152,183209,183514,NW_019863214.1_183209_183514
LOC112053170,NW_019863214.1,-,MXE_exon1,0.002870966,0.181,183209,183514,NW_019863214.1_183209_183514
LOC112053170,NW_019863214.1,-,MXE_exon1,0.004680857,0.079,183209,183514,NW_019863214.1_183209_183514
LOC112053170,NW_019863214.1,-,MXE_exon1,0.000993774,0.284,184195,184485,NW_019863214.1_184195_184485
LOC112053170,NW_019863214.1,-,MXE_exon1,0.008184785,0.144,184195,184485,NW_019863214.1_184195_184485
LOC112053170,NW_019863214.1,-,MXE_exon1,0.014635293,0.209,184195,184494,NW_019863214.1_184195_184494
LOC112044504,NW_019862810.1,-,MXE_exon1,0.017936026,0.019,1164606,1165003,NW_019862810.1_1164606_1165003
LOC112044504,NW_019862810.1,-,MXE_exon1,0.002446527,-0.038,1164713,1165003,NW_019862810.1_1164713_1165003
LOC112044504,NW_019862810.1,-,MXE_exon1,0.002515273,-0.038,1164713,1165003,NW_019862810.1_1164713_1165003
LOC112049993,NW_019863001.1,+,MXE_exon1,0.001533748,0.151,209980,210313,NW_019863001.1_209980_210313
LOC112055996,NW_019863677.1,+,MXE_exon1,0.000857066,-0.317,67909,68166,NW_019863677.1_67909_68166
LOC112055996,NW_019863677.1,+,MXE_exon1,5.97E-05,-0.175,67909,68199,NW_019863677.1_67909_68199
LOC112052714,NW_019862759.1,-,MXE_exon1,3.17E-06,-0.045,609480,609777,NW_019862759.1_609480_609777
LOC112053917,NW_019863295.1,-,MXE_exon1,0.00015449,0.114,43739,44131,NW_019863295.1_43739_44131
LOC112053917,NW_019863295.1,-,MXE_exon1,0.014782879,0.145,43739,44131,NW_019863295.1_43739_44131
nbis-pseudo177,NW_019862773.1,-,MXE_exon1,0.024257756,0.037,708809,709164,NW_019862773.1_708809_709164
LOC112048087,NW_019862916.1,-,MXE_exon1,0.023134901,0.286,148557,148765,NW_019862916.1_148557_148765
LOC112048087,NW_019862916.1,-,MXE_exon1,0.00218665,0.274,148557,148765,NW_019862916.1_148557_148765
LOC112048087,NW_019862916.1,-,MXE_exon1,7.34E-05,-0.155,148583,148839,NW_019862916.1_148583_148839
LOC112043675,NW_019862794.1,-,MXE_exon1,0.016424381,0.365,1268468,1268779,NW_019862794.1_1268468_1268779
LOC112043675,NW_019862794.1,-,MXE_exon1,0.000339108,0.515,1268473,1268779,NW_019862794.1_1268473_1268779
LOC112043675,NW_019862794.1,-,MXE_exon1,0.003701264,0.495,1268473,1268779,NW_019862794.1_1268473_1268779
LOC112043675,NW_019862794.1,-,MXE_exon1,0.02654836,0.45,1268473,1268779,NW_019862794.1_1268473_1268779
LOC112043675,NW_019862794.1,-,MXE_exon1,0.010245045,0.477,1268473,1268779,NW_019862794.1_1268473_1268779
LOC112043675,NW_019862794.1,-,MXE_exon1,0.000208937,0.518,1268516,1268779,NW_019862794.1_1268516_1268779
LOC112043675,NW_019862794.1,-,MXE_exon1,0.004368855,0.486,1268516,1268779,NW_019862794.1_1268516_1268779
LOC112043675,NW_019862794.1,-,MXE_exon1,0.032749732,0.438,1268516,1268779,NW_019862794.1_1268516_1268779
LOC112043675,NW_019862794.1,-,MXE_exon1,0.012986333,0.468,1268516,1268779,NW_019862794.1_1268516_1268779
LOC112043675,NW_019862794.1,-,MXE_exon1,0.000938624,0.406,1288951,1289293,NW_019862794.1_1288951_1289293
LOC112043675,NW_019862794.1,-,MXE_exon1,0.000823948,0.404,1288951,1289293,NW_019862794.1_1288951_1289293
LOC112043675,NW_019862794.1,-,MXE_exon1,0.000831437,0.421,1288951,1289293,NW_019862794.1_1288951_1289293
LOC112052778,NW_019863175.1,-,MXE_exon1,0.025770203,0.138,77221,77467,NW_019863175.1_77221_77467
LOC112056072,NW_019863696.1,-,MXE_exon1,0.000315936,-0.032,29378,29729,NW_019863696.1_29378_29729
LOC112048533,NW_019862934.1,-,MXE_exon1,8.69E-08,0.247,176221,176499,NW_019862934.1_176221_176499
LOC112047462,NW_019862894.1,+,MXE_exon1,3.49E-07,0.241,519594,519951,NW_019862894.1_519594_519951
LOC112047485,NW_019862894.1,-,MXE_exon1,1.13E-06,-0.114,901513,901875,NW_019862894.1_901513_901875
LOC112047485,NW_019862894.1,-,MXE_exon1,2.59E-07,-0.161,901553,901762,NW_019862894.1_901553_901762
LOC112047476,NW_019862894.1,-,MXE_exon1,2.95E-05,0.272,1109324,1109677,NW_019862894.1_1109324_1109677
LOC112047476,NW_019862894.1,-,MXE_exon1,2.22E-07,0.061,1109324,1109677,NW_019862894.1_1109324_1109677
LOC112047476,NW_019862894.1,-,MXE_exon1,6.06E-07,0.101,1109324,1109677,NW_019862894.1_1109324_1109677
LOC112047476,NW_019862894.1,-,MXE_exon1,0.02283893,0.154,1109352,1109677,NW_019862894.1_1109352_1109677
LOC112047476,NW_019862894.1,-,MXE_exon1,0.017239843,0.026,1109352,1109677,NW_019862894.1_1109352_1109677
LOC112047476,NW_019862894.1,-,MXE_exon1,0.013596673,0.044,1109352,1109677,NW_019862894.1_1109352_1109677
LOC112050705,NW_019863039.1,+,MXE_exon1,7.26E-05,0.052,252818,253084,NW_019863039.1_252818_253084
LOC112050705,NW_019863039.1,+,MXE_exon1,0.005998333,0.072,252818,253173,NW_019863039.1_252818_253173
LOC112050705,NW_019863039.1,+,MXE_exon1,0.005547602,-0.137,253673,253951,NW_019863039.1_253673_253951
LOC112050705,NW_019863039.1,+,MXE_exon1,0.005414731,-0.138,253673,253951,NW_019863039.1_253673_253951
LOC112050705,NW_019863039.1,+,MXE_exon1,4.63E-05,-0.112,253673,253951,NW_019863039.1_253673_253951
LOC112051648,NW_019863094.1,-,MXE_exon1,0.023170104,0.183,15576,15846,NW_019863094.1_15576_15846
LOC112051648,NW_019863094.1,-,MXE_exon1,0.01416484,0.184,15576,15846,NW_019863094.1_15576_15846
LOC112051648,NW_019863094.1,-,MXE_exon1,0.020154187,0.182,15582,15846,NW_019863094.1_15582_15846
LOC112051648,NW_019863094.1,-,MXE_exon1,0.012133191,0.183,15582,15846,NW_019863094.1_15582_15846
LOC112045692,NW_019862838.1,+,MXE_exon1,0.000319912,-0.226,134651,134959,NW_019862838.1_134651_134959
LOC112056791,NW_019862764.1,-,MXE_exon1,7.43E-05,0.049,146411,146695,NW_019862764.1_146411_146695
LOC112056791,NW_019862764.1,-,MXE_exon1,1.22E-06,0.137,146411,146695,NW_019862764.1_146411_146695
LOC112056791,NW_019862764.1,-,MXE_exon1,0.000919657,0.058,146411,146695,NW_019862764.1_146411_146695
LOC112056937,NW_019862764.1,+,MXE_exon1,0.013024364,0.104,1062082,1062412,NW_019862764.1_1062082_1062412
LOC112056937,NW_019862764.1,+,MXE_exon1,0.013058316,0.105,1062082,1062412,NW_019862764.1_1062082_1062412
LOC112056078,NW_019863697.1,+,MXE_exon1,0.00218665,0.015,11605,11996,NW_019863697.1_11605_11996
LOC112049660,NW_019862756.1,+,MXE_exon1,0.001069256,-0.123,183818,184184,NW_019862756.1_183818_184184
LOC112049660,NW_019862756.1,+,MXE_exon1,0.003114958,-0.117,183860,184184,NW_019862756.1_183860_184184
LOC112045290,NW_019862828.1,+,MXE_exon1,0.008974426,-0.223,279783,280045,NW_019862828.1_279783_280045
LOC112053945,NW_019863297.1,+,MXE_exon1,0.006329022,-0.02,168616,169271,NW_019863297.1_168616_169271
LOC112053945,NW_019863297.1,+,MXE_exon1,0.001675438,-0.022,168948,169271,NW_019863297.1_168948_169271
LOC112053945,NW_019863297.1,+,MXE_exon1,0.00203876,-0.02,168949,169271,NW_019863297.1_168949_169271
LOC112054875,NW_019863427.1,+,MXE_exon1,7.35E-05,-0.323,101746,102113,NW_019863427.1_101746_102113
LOC112057294,NW_019862764.1,-,MXE_exon1,0.001670562,0.251,2261433,2261749,NW_019862764.1_2261433_2261749
LOC112057294,NW_019862764.1,-,MXE_exon1,0.018051758,0.016,2263032,2263348,NW_019862764.1_2263032_2263348
LOC112057725,NW_019862765.1,-,MXE_exon1,0.015477429,-0.116,1960629,1961145,NW_019862765.1_1960629_1961145
LOC112057725,NW_019862765.1,-,MXE_exon1,0.002026028,-0.112,1960629,1961145,NW_019862765.1_1960629_1961145
LOC112057725,NW_019862765.1,-,MXE_exon1,0.021344947,-0.115,1960629,1961145,NW_019862765.1_1960629_1961145
LOC112057725,NW_019862765.1,-,MXE_exon1,0.015922516,-0.116,1960629,1961225,NW_019862765.1_1960629_1961225
LOC112057725,NW_019862765.1,-,MXE_exon1,0.002021806,-0.112,1960629,1961225,NW_019862765.1_1960629_1961225
LOC112057725,NW_019862765.1,-,MXE_exon1,0.021871496,-0.116,1960629,1961225,NW_019862765.1_1960629_1961225
LOC112048712,NW_019862941.1,+,MXE_exon1,0.000101499,0.215,270658,270973,NW_019862941.1_270658_270973
LOC112055427,NW_019863522.1,-,MXE_exon1,2.76E-11,0.327,74793,75175,NW_019863522.1_74793_75175
LOC112055427,NW_019863522.1,-,MXE_exon1,0,0.287,74889,75175,NW_019863522.1_74889_75175
LOC112055427,NW_019863522.1,-,MXE_exon1,5.24E-13,0.361,74889,75175,NW_019863522.1_74889_75175
LOC112051953,NW_019863115.1,+,MXE_exon1,1.96E-13,-0.185,174231,174549,NW_019863115.1_174231_174549
LOC112051953,NW_019863115.1,+,MXE_exon1,0,-0.221,174231,174636,NW_019863115.1_174231_174636
LOC112053895,NW_019863292.1,-,MXE_exon1,0.000315936,-0.468,32116,32438,NW_019863292.1_32116_32438
LOC112053895,NW_019863292.1,-,MXE_exon1,0.000356517,-0.377,32116,32438,NW_019863292.1_32116_32438
LOC112053895,NW_019863292.1,-,MXE_exon1,2.30E-10,-0.069,32116,32438,NW_019863292.1_32116_32438
LOC112053895,NW_019863292.1,-,MXE_exon1,6.38E-08,-0.103,32116,32581,NW_019863292.1_32116_32581
LOC112053895,NW_019863292.1,-,MXE_exon1,0.00011856,-0.379,32116,32724,NW_019863292.1_32116_32724
LOC112053895,NW_019863292.1,-,MXE_exon1,9.13E-10,-0.053,32116,32724,NW_019863292.1_32116_32724
LOC112053895,NW_019863292.1,-,MXE_exon1,0.019160364,-0.052,32259,32581,NW_019863292.1_32259_32581
LOC112053895,NW_019863292.1,-,MXE_exon1,0.000722955,0.32,32259,32724,NW_019863292.1_32259_32724
LOC112053895,NW_019863292.1,-,MXE_exon1,0.000701917,0.027,32259,32724,NW_019863292.1_32259_32724
LOC112053886,NW_019863292.1,+,MXE_exon1,0,-0.067,125498,126139,NW_019863292.1_125498_126139
LOC112053886,NW_019863292.1,+,MXE_exon1,0,-0.067,125502,126139,NW_019863292.1_125502_126139
LOC112053886,NW_019863292.1,+,MXE_exon1,0,-0.067,125507,126139,NW_019863292.1_125507_126139
LOC112053886,NW_019863292.1,+,MXE_exon1,0,-0.067,125510,126139,NW_019863292.1_125510_126139
LOC112053886,NW_019863292.1,+,MXE_exon1,0,0.046,127035,127340,NW_019863292.1_127035_127340
LOC112053886,NW_019863292.1,+,MXE_exon1,1.12E-05,-0.052,155863,156202,NW_019863292.1_155863_156202
LOC112053886,NW_019863292.1,+,MXE_exon1,4.34E-09,-0.07,155863,156202,NW_019863292.1_155863_156202
LOC112053886,NW_019863292.1,+,MXE_exon1,4.00E-09,-0.071,155863,156202,NW_019863292.1_155863_156202
LOC112053886,NW_019863292.1,+,MXE_exon1,1.82E-05,-0.052,155863,156202,NW_019863292.1_155863_156202
LOC112058418,NW_019862776.1,-,MXE_exon1,4.89E-05,0.025,800904,801267,NW_019862776.1_800904_801267
LOC112058418,NW_019862776.1,-,MXE_exon1,0.00010225,0.025,800908,801267,NW_019862776.1_800908_801267
LOC112058418,NW_019862776.1,-,MXE_exon1,0.013216579,0.301,800912,801267,NW_019862776.1_800912_801267
LOC112058418,NW_019862776.1,-,MXE_exon1,0.000150456,0.024,800913,801267,NW_019862776.1_800913_801267
LOC112058418,NW_019862776.1,-,MXE_exon1,0.000103796,0.025,800918,801267,NW_019862776.1_800918_801267
LOC112058418,NW_019862776.1,-,MXE_exon1,2.44E-06,0.027,800957,801267,NW_019862776.1_800957_801267
LOC112054150,NW_019863325.1,+,MXE_exon1,0,-0.47,251445,251810,NW_019863325.1_251445_251810
LOC112047003,NW_019862880.1,-,MXE_exon1,0.007672399,0.017,430440,430912,NW_019862880.1_430440_430912
LOC112043022,NW_019862784.1,+,MXE_exon1,0.008780616,-0.051,1095945,1096366,NW_019862784.1_1095945_1096366
LOC112043022,NW_019862784.1,+,MXE_exon1,0.002200393,-0.053,1095945,1096366,NW_019862784.1_1095945_1096366
LOC112049089,NW_019862958.1,+,MXE_exon1,0.022670625,-0.04,7148,7481,NW_019862958.1_7148_7481
LOC112049089,NW_019862958.1,+,MXE_exon1,0.000893684,-0.026,7148,7481,NW_019862958.1_7148_7481
LOC112049089,NW_019862958.1,+,MXE_exon1,0.022233106,-0.041,7148,7481,NW_019862958.1_7148_7481
LOC112049089,NW_019862958.1,+,MXE_exon1,0.024631854,-0.042,7148,7481,NW_019862958.1_7148_7481
LOC112049089,NW_019862958.1,+,MXE_exon1,0.024631854,-0.042,7148,7481,NW_019862958.1_7148_7481
LOC112048342,NW_019862926.1,+,MXE_exon1,1.25E-06,-0.029,212353,212961,NW_019862926.1_212353_212961
LOC112048342,NW_019862926.1,+,MXE_exon1,4.23E-05,-0.101,212366,212961,NW_019862926.1_212366_212961
LOC112048342,NW_019862926.1,+,MXE_exon1,0.019170018,-0.035,212366,212961,NW_019862926.1_212366_212961
LOC112048342,NW_019862926.1,+,MXE_exon1,9.88E-07,-0.029,212468,212961,NW_019862926.1_212468_212961
LOC112048342,NW_019862926.1,+,MXE_exon1,0.000285311,-0.023,212468,212961,NW_019862926.1_212468_212961
LOC112048342,NW_019862926.1,+,MXE_exon1,1.36E-06,-0.029,212503,212961,NW_019862926.1_212503_212961
LOC112048342,NW_019862926.1,+,MXE_exon1,5.89E-09,-0.036,212522,212961,NW_019862926.1_212522_212961
LOC112048342,NW_019862926.1,+,MXE_exon1,0,-0.055,212587,212961,NW_019862926.1_212587_212961
LOC112048342,NW_019862926.1,+,MXE_exon1,1.28E-06,-0.029,212617,212961,NW_019862926.1_212617_212961
LOC112048342,NW_019862926.1,+,MXE_exon1,1.18E-06,-0.03,212617,212961,NW_019862926.1_212617_212961
LOC112048342,NW_019862926.1,+,MXE_exon1,8.99E-05,-0.025,212649,212961,NW_019862926.1_212649_212961
LOC112058072,NW_019862771.1,+,MXE_exon1,0.03193819,0.02,499915,500643,NW_019862771.1_499915_500643
LOC112056170,NW_019863725.1,+,MXE_exon1,0.013573252,-0.253,16199,16622,NW_019863725.1_16199_16622
LOC112056170,NW_019863725.1,+,MXE_exon1,0.014203161,-0.256,16199,16622,NW_019863725.1_16199_16622
LOC112056170,NW_019863725.1,+,MXE_exon1,0.015160947,-0.254,16199,16622,NW_019863725.1_16199_16622
LOC112056170,NW_019863725.1,+,MXE_exon1,0.013610151,-0.257,16241,16622,NW_019863725.1_16241_16622
LOC112056170,NW_019863725.1,+,MXE_exon1,0.011974943,-0.26,16241,16622,NW_019863725.1_16241_16622
LOC112056170,NW_019863725.1,+,MXE_exon1,0.011927277,-0.257,16241,16622,NW_019863725.1_16241_16622
LOC112055047,NW_019863452.1,+,MXE_exon1,0.006295205,0.023,14221,14708,NW_019863452.1_14221_14708
LOC112047818,NW_019862904.1,-,MXE_exon1,0.013677873,0.175,918499,919095,NW_019862904.1_918499_919095
LOC112047818,NW_019862904.1,-,MXE_exon1,0.013677873,0.175,918499,919095,NW_019862904.1_918499_919095
LOC112047818,NW_019862904.1,-,MXE_exon1,0.000724144,0.215,918581,919095,NW_019862904.1_918581_919095
LOC112047818,NW_019862904.1,-,MXE_exon1,0.000773025,0.215,918581,919095,NW_019862904.1_918581_919095
LOC112047355,NW_019862890.1,-,MXE_exon1,0.001721026,-0.026,330231,330511,NW_019862890.1_330231_330511
LOC112047355,NW_019862890.1,-,MXE_exon1,0.005479586,-0.024,330231,330511,NW_019862890.1_330231_330511
LOC112047355,NW_019862890.1,-,MXE_exon1,2.64E-06,-0.15,330231,330511,NW_019862890.1_330231_330511
LOC112047355,NW_019862890.1,-,MXE_exon1,3.21E-05,0.099,330231,330511,NW_019862890.1_330231_330511
LOC112047355,NW_019862890.1,-,MXE_exon1,0,0.241,330231,330880,NW_019862890.1_330231_330880
LOC112047355,NW_019862890.1,-,MXE_exon1,0.000717687,-0.029,330233,330511,NW_019862890.1_330233_330511
LOC112047355,NW_019862890.1,-,MXE_exon1,0.002382992,-0.027,330233,330511,NW_019862890.1_330233_330511
LOC112047355,NW_019862890.1,-,MXE_exon1,5.47E-06,-0.158,330233,330511,NW_019862890.1_330233_330511
LOC112047355,NW_019862890.1,-,MXE_exon1,0.000196111,0.092,330233,330511,NW_019862890.1_330233_330511
LOC112047355,NW_019862890.1,-,MXE_exon1,0,0.241,330233,330880,NW_019862890.1_330233_330880
LOC112047355,NW_019862890.1,-,MXE_exon1,0.000607559,-0.029,330244,330511,NW_019862890.1_330244_330511
LOC112047355,NW_019862890.1,-,MXE_exon1,0.002045855,-0.028,330244,330511,NW_019862890.1_330244_330511
LOC112047355,NW_019862890.1,-,MXE_exon1,4.93E-06,-0.16,330244,330511,NW_019862890.1_330244_330511
LOC112047355,NW_019862890.1,-,MXE_exon1,0.000291933,0.09,330244,330511,NW_019862890.1_330244_330511
LOC112047355,NW_019862890.1,-,MXE_exon1,0,0.241,330244,330880,NW_019862890.1_330244_330880
LOC112047355,NW_019862890.1,-,MXE_exon1,2.00E-10,0.046,330527,330870,NW_019862890.1_330527_330870
LOC112047355,NW_019862890.1,-,MXE_exon1,1.06E-09,0.045,330527,330877,NW_019862890.1_330527_330877
LOC112047355,NW_019862890.1,-,MXE_exon1,0,0.243,330527,330880,NW_019862890.1_330527_330880
LOC112055815,NW_019863623.1,-,MXE_exon1,0.020481593,0.123,12376,12749,NW_019863623.1_12376_12749
LOC112055815,NW_019863623.1,-,MXE_exon1,0.002620507,0.1,12376,12749,NW_019863623.1_12376_12749
LOC112055815,NW_019863623.1,-,MXE_exon1,0.004967953,-0.112,12376,12749,NW_019863623.1_12376_12749
LOC112055815,NW_019863623.1,-,MXE_exon1,0.013216579,0.081,12376,12870,NW_019863623.1_12376_12870
LOC112055815,NW_019863623.1,-,MXE_exon1,0.004100541,0.066,12376,12870,NW_019863623.1_12376_12870
LOC112055815,NW_019863623.1,-,MXE_exon1,0.019170018,0.123,12376,12886,NW_019863623.1_12376_12886
LOC112055815,NW_019863623.1,-,MXE_exon1,0.002493648,0.101,12376,12886,NW_019863623.1_12376_12886
LOC112055815,NW_019863623.1,-,MXE_exon1,0.005288503,-0.112,12376,12886,NW_019863623.1_12376_12886
LOC112055815,NW_019863623.1,-,MXE_exon1,0.011463741,0.209,12383,12870,NW_019863623.1_12383_12870
LOC112055815,NW_019863623.1,-,MXE_exon1,0.042433245,0.2,14226,14711,NW_019863623.1_14226_14711
LOC112055815,NW_019863623.1,-,MXE_exon1,0.000156614,-0.496,15893,16378,NW_019863623.1_15893_16378
LOC112055815,NW_019863623.1,-,MXE_exon1,0.000332547,-0.558,16646,17131,NW_019863623.1_16646_17131
LOC112055815,NW_019863623.1,-,MXE_exon1,1.21E-05,-0.607,16803,17131,NW_019863623.1_16803_17131
LOC112055815,NW_019863623.1,-,MXE_exon1,0.001108025,-0.393,17493,17981,NW_019863623.1_17493_17981
LOC112055815,NW_019863623.1,-,MXE_exon1,0.025145613,-0.316,18399,18887,NW_019863623.1_18399_18887
LOC112055815,NW_019863623.1,-,MXE_exon1,0.001688026,-0.424,19262,19615,NW_019863623.1_19262_19615
LOC112055815,NW_019863623.1,-,MXE_exon1,0.045322647,-0.348,32462,32842,NW_019863623.1_32462_32842
LOC112055815,NW_019863623.1,-,MXE_exon1,4.62E-05,0.414,32814,33191,NW_019863623.1_32814_33191
LOC112055815,NW_019863623.1,-,MXE_exon1,8.31E-06,0.553,32814,33499,NW_019863623.1_32814_33499
LOC112055815,NW_019863623.1,-,MXE_exon1,0.023779374,0.388,33391,34033,NW_019863623.1_33391_34033
LOC112055815,NW_019863623.1,-,MXE_exon1,0.040773653,0.151,33656,34303,NW_019863623.1_33656_34303
LOC112055815,NW_019863623.1,-,MXE_exon1,0.000961396,0.511,33923,34303,NW_019863623.1_33923_34303
LOC112055815,NW_019863623.1,-,MXE_exon1,0.000107938,0.468,33923,34568,NW_019863623.1_33923_34568
LOC112055815,NW_019863623.1,-,MXE_exon1,0.017455697,0.21,34206,34568,NW_019863623.1_34206_34568
LOC112055815,NW_019863623.1,-,MXE_exon1,0.041491523,0.347,35220,35866,NW_019863623.1_35220_35866
LOC112055815,NW_019863623.1,-,MXE_exon1,0.008879661,-0.294,35802,36164,NW_019863623.1_35802_36164
LOC112051636,NW_019863093.1,+,MXE_exon1,2.71E-05,-0.371,285224,285541,NW_019863093.1_285224_285541
LOC112054785,NW_019863411.1,+,MXE_exon1,0.001103092,-0.069,42983,43286,NW_019863411.1_42983_43286
LOC112054785,NW_019863411.1,+,MXE_exon1,0.000924153,-0.064,42983,43286,NW_019863411.1_42983_43286
LOC112054785,NW_019863411.1,+,MXE_exon1,0.046982232,-0.138,42983,43385,NW_019863411.1_42983_43385
LOC112054785,NW_019863411.1,+,MXE_exon1,0.046605732,-0.13,42983,43385,NW_019863411.1_42983_43385
LOC112054785,NW_019863411.1,+,MXE_exon1,0.005567857,-0.269,42998,43286,NW_019863411.1_42998_43286
LOC112054785,NW_019863411.1,+,MXE_exon1,0.005111802,-0.262,42998,43286,NW_019863411.1_42998_43286
LOC112054785,NW_019863411.1,+,MXE_exon1,0.007062522,-0.262,43001,43286,NW_019863411.1_43001_43286
LOC112054785,NW_019863411.1,+,MXE_exon1,0.006508316,-0.254,43001,43286,NW_019863411.1_43001_43286
LOC112052608,NW_019862759.1,-,MXE_exon1,8.05E-08,-0.162,378086,378361,NW_019862759.1_378086_378361
LOC112052608,NW_019862759.1,-,MXE_exon1,1.55E-06,0.263,378644,378982,NW_019862759.1_378644_378982
LOC112053199,NW_019862759.1,+,MXE_exon1,0.008192531,-0.121,2257164,2257523,NW_019862759.1_2257164_2257523
LOC112053060,NW_019863202.1,-,MXE_exon1,0.044787608,-0.119,230237,230554,NW_019863202.1_230237_230554
LOC112055679,NW_019863585.1,-,MXE_exon1,0.000407303,-0.491,35400,35720,NW_019863585.1_35400_35720
LOC112046205,NW_019862850.1,+,MXE_exon1,1.03E-13,-0.099,370836,371185,NW_019862850.1_370836_371185
LOC112046205,NW_019862850.1,+,MXE_exon1,2.98E-12,-0.108,370836,371346,NW_019862850.1_370836_371346
LOC112046205,NW_019862850.1,+,MXE_exon1,0.006332963,-0.409,370848,371185,NW_019862850.1_370848_371185
LOC112043847,NW_019862799.1,-,MXE_exon1,0.000120422,0.021,703543,703886,NW_019862799.1_703543_703886
LOC112043847,NW_019862799.1,-,MXE_exon1,1.65E-06,-0.057,703912,704343,NW_019862799.1_703912_704343
LOC112043847,NW_019862799.1,-,MXE_exon1,0.001514625,-0.013,705327,705632,NW_019862799.1_705327_705632
LOC112043847,NW_019862799.1,-,MXE_exon1,1.32E-07,-0.015,705327,705632,NW_019862799.1_705327_705632
LOC112043851,NW_019862799.1,+,MXE_exon1,0.027042425,0.215,890094,890502,NW_019862799.1_890094_890502
LOC112058174,NW_019862772.1,+,MXE_exon1,5.05E-09,0.25,1827809,1828342,NW_019862772.1_1827809_1828342
LOC112058174,NW_019862772.1,+,MXE_exon1,3.57E-08,0.325,1827809,1828342,NW_019862772.1_1827809_1828342
LOC112058174,NW_019862772.1,+,MXE_exon1,5.59E-05,0.284,1827809,1828342,NW_019862772.1_1827809_1828342
LOC112058174,NW_019862772.1,+,MXE_exon1,3.04E-08,0.325,1827809,1828342,NW_019862772.1_1827809_1828342
LOC112058174,NW_019862772.1,+,MXE_exon1,9.63E-09,0.248,1827849,1828342,NW_019862772.1_1827849_1828342
LOC112058174,NW_019862772.1,+,MXE_exon1,5.61E-08,0.323,1827849,1828342,NW_019862772.1_1827849_1828342
LOC112058174,NW_019862772.1,+,MXE_exon1,7.64E-05,0.281,1827849,1828342,NW_019862772.1_1827849_1828342
LOC112058174,NW_019862772.1,+,MXE_exon1,4.83E-08,0.323,1827849,1828342,NW_019862772.1_1827849_1828342
LOC112058174,NW_019862772.1,+,MXE_exon1,4.97E-09,0.244,1827851,1828342,NW_019862772.1_1827851_1828342
LOC112058174,NW_019862772.1,+,MXE_exon1,2.74E-08,0.319,1827851,1828342,NW_019862772.1_1827851_1828342
LOC112058174,NW_019862772.1,+,MXE_exon1,5.40E-05,0.277,1827851,1828342,NW_019862772.1_1827851_1828342
LOC112058174,NW_019862772.1,+,MXE_exon1,2.30E-08,0.32,1827851,1828342,NW_019862772.1_1827851_1828342
LOC112058174,NW_019862772.1,+,MXE_exon1,0,0.156,1827861,1828342,NW_019862772.1_1827861_1828342
LOC112058174,NW_019862772.1,+,MXE_exon1,0,0.208,1827861,1828342,NW_019862772.1_1827861_1828342
LOC112058174,NW_019862772.1,+,MXE_exon1,1.35E-11,0.17,1827861,1828342,NW_019862772.1_1827861_1828342
LOC112058174,NW_019862772.1,+,MXE_exon1,0,0.213,1827861,1828342,NW_019862772.1_1827861_1828342
LOC112058174,NW_019862772.1,+,MXE_exon1,0.000134193,0.395,1828077,1828342,NW_019862772.1_1828077_1828342
LOC112058174,NW_019862772.1,+,MXE_exon1,0.000119806,0.445,1828077,1828342,NW_019862772.1_1828077_1828342
LOC112058174,NW_019862772.1,+,MXE_exon1,0.007267242,0.376,1828077,1828342,NW_019862772.1_1828077_1828342
LOC112058174,NW_019862772.1,+,MXE_exon1,0.000110013,0.45,1828077,1828342,NW_019862772.1_1828077_1828342
LOC112048291,NW_019862924.1,-,MXE_exon1,0.005441794,-0.105,328015,328270,NW_019862924.1_328015_328270
LOC112048291,NW_019862924.1,-,MXE_exon1,0.003628136,-0.113,328020,328270,NW_019862924.1_328020_328270
LOC112048290,NW_019862924.1,+,MXE_exon1,0.040805562,-0.228,383564,383830,NW_019862924.1_383564_383830
LOC112043925,NW_019862800.1,+,MXE_exon1,0.000229157,0.073,537958,538399,NW_019862800.1_537958_538399
LOC112043925,NW_019862800.1,+,MXE_exon1,0.000221089,0.074,537981,538399,NW_019862800.1_537981_538399
LOC112043927,NW_019862800.1,-,MXE_exon1,0.020425651,0.074,561548,561826,NW_019862800.1_561548_561826
LOC112050113,NW_019863005.1,-,MXE_exon1,0.001406724,0.127,713248,713592,NW_019863005.1_713248_713592
LOC112050113,NW_019863005.1,-,MXE_exon1,0.001977633,0.168,713248,713592,NW_019863005.1_713248_713592
LOC112050113,NW_019863005.1,-,MXE_exon1,0.005454897,0.218,713248,713592,NW_019863005.1_713248_713592
LOC112051472,NW_019863084.1,+,MXE_exon1,0.000304934,-0.159,157692,158274,NW_019863084.1_157692_158274
LOC112044902,NW_019862819.1,+,MXE_exon1,0.000333459,0.036,627411,627874,NW_019862819.1_627411_627874
LOC112044902,NW_019862819.1,+,MXE_exon1,0.001606463,0.054,627411,627874,NW_019862819.1_627411_627874
LOC112044902,NW_019862819.1,+,MXE_exon1,0.000333156,0.093,627497,627874,NW_019862819.1_627497_627874
LOC112048138,NW_019862918.1,+,MXE_exon1,9.88E-06,-0.238,441886,442203,NW_019862918.1_441886_442203
LOC112050384,NW_019862756.1,-,MXE_exon1,3.16E-05,0.17,1796084,1796360,NW_019862756.1_1796084_1796360
LOC112046091,NW_019862847.1,+,MXE_exon1,0.031909884,-0.062,409646,410329,NW_019862847.1_409646_410329
LOC112046091,NW_019862847.1,+,MXE_exon1,0.041746569,0.079,412116,412400,NW_019862847.1_412116_412400
LOC112046091,NW_019862847.1,+,MXE_exon1,0.0381491,-0.185,412852,413557,NW_019862847.1_412852_413557
LOC112044285,NW_019862806.1,-,MXE_exon1,0.017178746,-0.051,533588,533933,NW_019862806.1_533588_533933
LOC112046606,NW_019862863.1,-,MXE_exon1,0.004309126,-0.01,860764,861176,NW_019862863.1_860764_861176
LOC112049390,NW_019862970.1,+,MXE_exon1,0.042560154,-0.241,462347,462766,NW_019862970.1_462347_462766
LOC112046734,NW_019862869.1,-,MXE_exon1,4.35E-05,0.292,400229,400584,NW_019862869.1_400229_400584
LOC112046734,NW_019862869.1,-,MXE_exon1,0.002200393,0.267,400229,400584,NW_019862869.1_400229_400584
LOC112046734,NW_019862869.1,-,MXE_exon1,4.42E-05,0.286,400229,400584,NW_019862869.1_400229_400584
LOC112045029,NW_019862822.1,+,MXE_exon1,0.002099585,0.086,1095639,1095975,NW_019862822.1_1095639_1095975
LOC112056418,NW_019863807.1,-,MXE_exon1,0.000402756,0.076,9595,9954,NW_019863807.1_9595_9954
LOC112048203,NW_019862921.1,+,MXE_exon1,2.67E-07,0.193,466391,466718,NW_019862921.1_466391_466718
LOC112056045,NW_019863691.1,-,MXE_exon1,0.003122671,-0.158,65685,65931,NW_019863691.1_65685_65931
LOC112049566,NW_019862978.1,+,MXE_exon1,1.70E-05,-0.256,434759,435140,NW_019862978.1_434759_435140
LOC112049566,NW_019862978.1,+,MXE_exon1,4.77E-05,-0.151,434759,435140,NW_019862978.1_434759_435140
LOC112049566,NW_019862978.1,+,MXE_exon1,0.000130976,-0.363,434771,435140,NW_019862978.1_434771_435140
LOC112049566,NW_019862978.1,+,MXE_exon1,0.00019736,-0.251,434771,435140,NW_019862978.1_434771_435140
LOC112047618,NW_019862898.1,-,MXE_exon1,5.79E-05,0.093,573375,573824,NW_019862898.1_573375_573824
LOC112047618,NW_019862898.1,-,MXE_exon1,5.59E-05,0.093,573375,573824,NW_019862898.1_573375_573824
LOC112047618,NW_019862898.1,-,MXE_exon1,0.000247001,0.166,573375,573824,NW_019862898.1_573375_573824
LOC112047618,NW_019862898.1,-,MXE_exon1,0.015167815,0.066,573375,573824,NW_019862898.1_573375_573824
LOC112047618,NW_019862898.1,-,MXE_exon1,0.012447695,0.067,573375,573824,NW_019862898.1_573375_573824
LOC112047618,NW_019862898.1,-,MXE_exon1,0.045720262,-0.028,573812,574077,NW_019862898.1_573812_574077
LOC112047618,NW_019862898.1,-,MXE_exon1,0.004672614,-0.076,573812,574077,NW_019862898.1_573812_574077
LOC112047618,NW_019862898.1,-,MXE_exon1,4.71E-05,-0.08,573812,576496,NW_019862898.1_573812_576496
LOC112047618,NW_019862898.1,-,MXE_exon1,0.008811939,-0.068,573812,576496,NW_019862898.1_573812_576496
LOC112047618,NW_019862898.1,-,MXE_exon1,0.008811939,-0.068,573812,576496,NW_019862898.1_573812_576496
LOC112047618,NW_019862898.1,-,MXE_exon1,0.003461758,-0.072,573812,576496,NW_019862898.1_573812_576496
LOC112047618,NW_019862898.1,-,MXE_exon1,0.034844374,-0.058,573812,576496,NW_019862898.1_573812_576496
LOC112047618,NW_019862898.1,-,MXE_exon1,0.00303904,-0.08,574142,576496,NW_019862898.1_574142_576496
LOC112047618,NW_019862898.1,-,MXE_exon1,0.011772727,-0.078,574142,576496,NW_019862898.1_574142_576496
LOC112047618,NW_019862898.1,-,MXE_exon1,0.011772727,-0.078,574142,576496,NW_019862898.1_574142_576496
LOC112047618,NW_019862898.1,-,MXE_exon1,0.005159594,-0.082,574142,576496,NW_019862898.1_574142_576496
LOC112047618,NW_019862898.1,-,MXE_exon1,0.004965015,-0.078,575660,576496,NW_019862898.1_575660_576496
LOC112047618,NW_019862898.1,-,MXE_exon1,0.007760845,-0.077,575660,576496,NW_019862898.1_575660_576496
LOC112047618,NW_019862898.1,-,MXE_exon1,0.007760845,-0.077,575660,576496,NW_019862898.1_575660_576496
LOC112047618,NW_019862898.1,-,MXE_exon1,0.003150681,-0.081,575660,576496,NW_019862898.1_575660_576496
LOC112047618,NW_019862898.1,-,MXE_exon1,0.002432794,-0.083,576011,576496,NW_019862898.1_576011_576496
LOC112047618,NW_019862898.1,-,MXE_exon1,0.000187899,-0.17,576011,576496,NW_019862898.1_576011_576496
LOC112047618,NW_019862898.1,-,MXE_exon1,0.006508316,-0.082,576011,576496,NW_019862898.1_576011_576496
LOC112047618,NW_019862898.1,-,MXE_exon1,0.006508316,-0.082,576011,576496,NW_019862898.1_576011_576496
LOC112047618,NW_019862898.1,-,MXE_exon1,0.002612955,-0.085,576011,576496,NW_019862898.1_576011_576496
LOC112047618,NW_019862898.1,-,MXE_exon1,0.021427452,-0.223,576011,576496,NW_019862898.1_576011_576496
LOC112047618,NW_019862898.1,-,MXE_exon1,0.027491523,-0.229,576011,576496,NW_019862898.1_576011_576496
LOC112047618,NW_019862898.1,-,MXE_exon1,0.002511281,-0.084,576013,576496,NW_019862898.1_576013_576496
LOC112047618,NW_019862898.1,-,MXE_exon1,0.000157368,-0.171,576013,576496,NW_019862898.1_576013_576496
LOC112047321,NW_019862887.1,-,MXE_exon1,1.18E-08,-0.26,455606,456079,NW_019862887.1_455606_456079
LOC112047321,NW_019862887.1,-,MXE_exon1,1.18E-08,-0.26,455621,456079,NW_019862887.1_455621_456079
LOC112047321,NW_019862887.1,-,MXE_exon1,1.38E-06,-0.1,455623,456079,NW_019862887.1_455623_456079
LOC112054224,NW_019863330.1,-,MXE_exon1,9.97E-06,-0.291,41586,41884,NW_019863330.1_41586_41884
LOC112054224,NW_019863330.1,-,MXE_exon1,1.26E-07,-0.243,41586,41889,NW_019863330.1_41586_41889
LOC112055477,NW_019863529.1,+,MXE_exon1,5.32E-09,0.073,48249,48651,NW_019863529.1_48249_48651
LOC112055477,NW_019863529.1,+,MXE_exon1,0.002158448,0.033,48249,48651,NW_019863529.1_48249_48651
LOC112049214,NW_019862755.1,+,MXE_exon1,0.006211027,-0.166,2563663,2563974,NW_019862755.1_2563663_2563974
LOC112049214,NW_019862755.1,+,MXE_exon1,0.030971366,-0.418,2563663,2563974,NW_019862755.1_2563663_2563974
LOC112049214,NW_019862755.1,+,MXE_exon1,0.000158306,0.073,2564309,2564731,NW_019862755.1_2564309_2564731
LOC112049214,NW_019862755.1,+,MXE_exon1,0.000144861,0.073,2564309,2564731,NW_019862755.1_2564309_2564731
LOC112049214,NW_019862755.1,+,MXE_exon1,0.000912254,0.051,2564309,2564731,NW_019862755.1_2564309_2564731
LOC112049214,NW_019862755.1,+,MXE_exon1,0.000144861,0.073,2564309,2564731,NW_019862755.1_2564309_2564731
LOC112043015,NW_019862784.1,-,MXE_exon1,1.24E-09,0.028,990163,990466,NW_019862784.1_990163_990466
LOC112051571,NW_019863089.1,-,MXE_exon1,1.51E-08,-0.039,356712,357082,NW_019863089.1_356712_357082
LOC112051640,NW_019863093.1,-,MXE_exon1,0.026681629,-0.069,335281,335553,NW_019863093.1_335281_335553
LOC112050976,NW_019863054.1,-,MXE_exon2,0.010954808,0.142,56017,56238,NW_019863054.1_56017_56238
LOC112050976,NW_019863054.1,-,MXE_exon2,0.000657873,0.043,56017,56238,NW_019863054.1_56017_56238
LOC112044457,NW_019862809.1,-,MXE_exon2,0.023170104,0.152,1220736,1221056,NW_019862809.1_1220736_1221056
LOC112048791,NW_019862945.1,-,MXE_exon2,0.021343553,0.078,486139,486410,NW_019862945.1_486139_486410
LOC112048780,NW_019862945.1,-,MXE_exon2,0.021816574,0.203,227327,227720,NW_019862945.1_227327_227720
LOC112051279,NW_019863071.1,-,MXE_exon2,0.029833272,-0.078,191943,192273,NW_019863071.1_191943_192273
LOC112054569,NW_019863377.1,-,MXE_exon2,0.03841274,0.141,31242,31587,NW_019863377.1_31242_31587
LOC112048194,NW_019862920.1,+,MXE_exon2,0,0.141,587385,589589,NW_019862920.1_587385_589589
LOC112048194,NW_019862920.1,+,MXE_exon2,3.68E-09,0.086,590072,590368,NW_019862920.1_590072_590368
LOC112056190,NW_019863730.1,-,MXE_exon2,0.001786122,-0.101,26488,26887,NW_019863730.1_26488_26887
LOC112058428,NW_019862776.1,-,MXE_exon2,0,0.085,1076732,1077049,NW_019862776.1_1076732_1077049
LOC112058428,NW_019862776.1,-,MXE_exon2,0,0.122,1076741,1077049,NW_019862776.1_1076741_1077049
LOC112046053,NW_019862748.1,-,MXE_exon2,1.99E-05,-0.032,1645458,1645772,NW_019862748.1_1645458_1645772
LOC112054305,NW_019863340.1,+,MXE_exon2,0.019621663,-0.087,74520,74790,NW_019863340.1_74520_74790
LOC112058076,NW_019862749.1,-,MXE_exon2,0.008651098,0.206,2899099,2899856,NW_019862749.1_2899099_2899856
LOC112051200,NW_019863068.1,-,MXE_exon2,0.015742943,0.21,158069,158334,NW_019863068.1_158069_158334
LOC112051200,NW_019863068.1,-,MXE_exon2,0.005663587,0.215,158069,158334,NW_019863068.1_158069_158334
LOC112048717,NW_019862941.1,-,MXE_exon2,1.62E-07,-0.233,259370,259719,NW_019862941.1_259370_259719
nbis-pseudo15,NW_019862809.1,-,MXE_exon2,0.048549369,0.108,1158385,1158695,NW_019862809.1_1158385_1158695
LOC112056031,NW_019863688.1,-,MXE_exon2,1.82E-13,0.256,18107,18396,NW_019863688.1_18107_18396
LOC112058377,NW_019862775.1,-,MXE_exon2,0.001312826,-0.021,1673071,1673366,NW_019862775.1_1673071_1673366
LOC112049830,NW_019862993.1,-,MXE_exon2,0.001658768,0.441,101678,101982,NW_019862993.1_101678_101982
LOC112049830,NW_019862993.1,-,MXE_exon2,0.03488469,0.302,101678,101982,NW_019862993.1_101678_101982
LOC112057974,NW_019862770.1,+,MXE_exon2,5.45E-05,0.067,602293,602653,NW_019862770.1_602293_602653
LOC112047748,NW_019862903.1,+,MXE_exon2,0.022322873,-0.116,38424,38713,NW_019862903.1_38424_38713
LOC112048827,NW_019862946.1,-,MXE_exon2,9.03E-07,0.49,499316,499670,NW_019862946.1_499316_499670
LOC112044055,NW_019862802.1,+,MXE_exon2,0.000256049,-0.063,309766,310080,NW_019862802.1_309766_310080
LOC112045222,NW_019862826.1,-,MXE_exon2,0.042433245,0.01,647322,647633,NW_019862826.1_647322_647633
LOC112045222,NW_019862826.1,-,MXE_exon2,0.005269093,0.014,647322,647633,NW_019862826.1_647322_647633
LOC112048610,NW_019862748.1,-,MXE_exon2,0.024257756,0.055,2695162,2695464,NW_019862748.1_2695162_2695464
LOC112050343,NW_019863018.1,+,MXE_exon2,5.75E-05,-0.153,292857,293189,NW_019863018.1_292857_293189
LOC112055597,NW_019862762.1,-,MXE_exon2,0.045306219,-0.103,1117918,1118265,NW_019862762.1_1117918_1118265
LOC112048640,NW_019862938.1,-,MXE_exon2,1.97E-10,-0.353,66408,66767,NW_019862938.1_66408_66767
LOC112048640,NW_019862938.1,-,MXE_exon2,7.85E-08,-0.109,94029,94325,NW_019862938.1_94029_94325
LOC112048640,NW_019862938.1,-,MXE_exon2,0.014782879,-0.038,150136,150490,NW_019862938.1_150136_150490
LOC112048640,NW_019862938.1,-,MXE_exon2,0.010019175,0.064,150136,150490,NW_019862938.1_150136_150490
LOC112048640,NW_019862938.1,-,MXE_exon2,0.000318301,0.101,150136,150490,NW_019862938.1_150136_150490
LOC112048640,NW_019862938.1,-,MXE_exon2,0.048212785,-0.065,151637,151951,NW_019862938.1_151637_151951
LOC112048640,NW_019862938.1,-,MXE_exon2,1.56E-05,0.11,150136,150490,NW_019862938.1_150136_150490
LOC112048640,NW_019862938.1,-,MXE_exon2,3.36E-09,0.105,153236,153550,NW_019862938.1_153236_153550
LOC112048640,NW_019862938.1,-,MXE_exon2,1.69E-07,-0.182,151637,151951,NW_019862938.1_151637_151951
LOC112048640,NW_019862938.1,-,MXE_exon2,7.37E-10,0.118,153236,153550,NW_019862938.1_153236_153550
LOC112045793,NW_019862752.1,+,MXE_exon2,7.28E-05,-0.208,1291897,1292169,NW_019862752.1_1291897_1292169
LOC112045714,NW_019862838.1,-,MXE_exon2,0.024912056,-0.268,729705,730021,NW_019862838.1_729705_730021
LOC112047743,NW_019862903.1,-,MXE_exon2,3.29E-05,-0.288,529151,529594,NW_019862903.1_529151_529594
LOC112053819,NW_019863285.1,+,MXE_exon2,0.001133722,-0.138,80586,81103,NW_019863285.1_80586_81103
LOC112046526,NW_019862860.1,+,MXE_exon2,0.002286166,-0.417,268884,269295,NW_019862860.1_268884_269295
LOC112044453,NW_019862809.1,+,MXE_exon2,0.014631789,0.152,1023065,1023527,NW_019862809.1_1023065_1023527
LOC112046488,NW_019862859.1,+,MXE_exon2,0.012609434,-0.062,437302,437664,NW_019862859.1_437302_437664
LOC112055865,NW_019863641.1,-,MXE_exon2,2.03E-12,0.1,74668,75011,NW_019863641.1_74668_75011
LOC112056840,NW_019864020.1,+,MXE_exon2,0.000626704,0.209,31764,32093,NW_019864020.1_31764_32093
LOC112047234,NW_019862885.1,-,MXE_exon2,0.029833272,-0.021,647594,648040,NW_019862885.1_647594_648040
LOC112047022,NW_019862880.1,-,MXE_exon2,1.65E-05,0.203,632486,632758,NW_019862880.1_632486_632758
LOC112053443,NW_019862760.1,+,MXE_exon2,4.97E-09,0.055,80224,80475,NW_019862760.1_80224_80475
LOC112053443,NW_019862760.1,+,MXE_exon2,0,0.136,80224,80475,NW_019862760.1_80224_80475
LOC112053443,NW_019862760.1,+,MXE_exon2,5.39E-08,-0.033,80224,80475,NW_019862760.1_80224_80475
LOC112053443,NW_019862760.1,+,MXE_exon2,0.007491417,-0.038,80224,80475,NW_019862760.1_80224_80475
LOC112053443,NW_019862760.1,+,MXE_exon2,5.69E-05,0.04,80224,80475,NW_019862760.1_80224_80475
LOC112053443,NW_019862760.1,+,MXE_exon2,0.001606059,0.017,85380,85726,NW_019862760.1_85380_85726
LOC112055393,NW_019862762.1,+,MXE_exon2,0.00104262,-0.211,279762,280095,NW_019862762.1_279762_280095
LOC112043861,NW_019862799.1,+,MXE_exon2,0.023128416,-0.024,1084515,1085708,NW_019862799.1_1084515_1085708
LOC112053944,NW_019863297.1,-,MXE_exon2,0.029496729,-0.1,101577,102052,NW_019863297.1_101577_102052
LOC112058448,NW_019862776.1,-,MXE_exon2,5.30E-05,0.056,1582405,1582737,NW_019862776.1_1582405_1582737
LOC112058448,NW_019862776.1,-,MXE_exon2,0.008527657,0.156,1584050,1584275,NW_019862776.1_1584050_1584275
LOC112047518,NW_019862895.1,-,MXE_exon2,0.002519909,0.083,761674,762117,NW_019862895.1_761674_762117
LOC112052382,NW_019863144.1,-,MXE_exon2,0.036666558,0.055,248764,249105,NW_019863144.1_248764_249105
LOC112054332,NW_019863346.1,+,MXE_exon2,0.00013794,-0.206,9622,10120,NW_019863346.1_9622_10120
LOC112043723,NW_019862795.1,+,MXE_exon2,0.001830147,0.095,1220427,1220710,NW_019862795.1_1220427_1220710
LOC112055422,NW_019863521.1,+,MXE_exon2,0.046007912,-0.055,13726,14194,NW_019863521.1_13726_14194
LOC112055422,NW_019863521.1,+,MXE_exon2,5.66E-07,0.138,19103,19403,NW_019863521.1_19103_19403
LOC112051313,NW_019863074.1,+,MXE_exon2,0.003862343,0.05,176038,176369,NW_019863074.1_176038_176369
LOC112046887,NW_019862874.1,-,MXE_exon2,0.000230182,-0.079,20845,21197,NW_019862874.1_20845_21197
LOC112046887,NW_019862874.1,-,MXE_exon2,2.98E-07,0.014,20845,21197,NW_019862874.1_20845_21197
LOC112046887,NW_019862874.1,-,MXE_exon2,0.000271899,-0.074,20845,21197,NW_019862874.1_20845_21197
LOC112043311,NW_019862788.1,-,MXE_exon2,0.028996312,-0.077,706157,706472,NW_019862788.1_706157_706472
LOC112055216,NW_019862748.1,-,MXE_exon2,0.034252423,0.084,4873669,4874004,NW_019862748.1_4873669_4874004
LOC112054440,NW_019863357.1,+,MXE_exon2,1.96E-13,0.043,134896,135195,NW_019863357.1_134896_135195
LOC112051565,NW_019863089.1,-,MXE_exon2,0.002493648,-0.183,164541,164916,NW_019863089.1_164541_164916
LOC112056262,NW_019862763.1,+,MXE_exon2,0.03905707,0.229,1308001,1308337,NW_019862763.1_1308001_1308337
LOC112058550,NW_019862778.1,-,MXE_exon2,4.40E-14,-0.145,1103134,1103465,NW_019862778.1_1103134_1103465
LOC112047231,NW_019862885.1,-,MXE_exon2,4.40E-14,-0.332,593345,593707,NW_019862885.1_593345_593707
LOC112051523,NW_019863087.1,+,MXE_exon2,4.03E-05,-0.075,169570,169964,NW_019863087.1_169570_169964
LOC112051523,NW_019863087.1,+,MXE_exon2,5.03E-09,0.109,179358,179694,NW_019863087.1_179358_179694
LOC112051523,NW_019863087.1,+,MXE_exon2,0.00103988,0.077,190330,190675,NW_019863087.1_190330_190675
LOC112051523,NW_019863087.1,+,MXE_exon2,1.28E-06,0.067,190330,190675,NW_019863087.1_190330_190675
LOC112054814,NW_019863416.1,+,MXE_exon2,0.031556648,0.093,39361,39728,NW_019863416.1_39361_39728
LOC112052337,NW_019863141.1,-,MXE_exon2,0.000303731,-0.044,174319,174685,NW_019863141.1_174319_174685
LOC112044491,NW_019862810.1,+,MXE_exon2,8.55E-08,-0.212,733672,733986,NW_019862810.1_733672_733986
LOC112047558,NW_019862896.1,+,MXE_exon2,0.000237743,-0.063,457179,457544,NW_019862896.1_457179_457544
LOC112053171,NW_019863214.1,+,MXE_exon2,1.41E-07,0.209,50047,50366,NW_019863214.1_50047_50366
LOC112056771,NW_019863975.1,-,MXE_exon2,4.40E-14,0.243,15744,16034,NW_019863975.1_15744_16034
LOC112048857,NW_019862948.1,+,MXE_exon2,0.014605641,-0.007,355277,355683,NW_019862948.1_355277_355683
LOC112048131,NW_019862917.1,-,MXE_exon2,0.009344795,-0.242,649401,649668,NW_019862917.1_649401_649668
LOC112052566,NW_019863158.1,-,MXE_exon2,0.002889547,0.055,249846,250137,NW_019863158.1_249846_250137
LOC112052566,NW_019863158.1,-,MXE_exon2,0.031681879,-0.068,249846,250140,NW_019863158.1_249846_250140
LOC112054441,NW_019863357.1,+,MXE_exon2,1.83E-07,0.194,101894,102228,NW_019863357.1_101894_102228
LOC112044050,NW_019862802.1,-,MXE_exon2,0.047845089,0.11,957109,957415,NW_019862802.1_957109_957415
LOC112046929,NW_019862877.1,+,MXE_exon2,1.88E-11,0.152,578784,579183,NW_019862877.1_578784_579183
LOC112042919,NW_019862749.1,+,MXE_exon2,0.008330787,0.14,2353199,2353508,NW_019862749.1_2353199_2353508
LOC112055092,NW_019863458.1,+,MXE_exon2,5.19E-05,-0.245,144497,144799,NW_019863458.1_144497_144799
LOC112052331,NW_019862759.1,-,MXE_exon2,0.008558803,-0.068,893796,894058,NW_019862759.1_893796_894058
LOC112055526,NW_019863545.1,-,MXE_exon2,1.14E-08,-0.076,77266,77547,NW_019863545.1_77266_77547
LOC112050999,NW_019863056.1,+,MXE_exon2,0.000640264,-0.222,176744,177236,NW_019863056.1_176744_177236
LOC112049052,NW_019862956.1,-,MXE_exon2,0.001276785,-0.12,481391,481790,NW_019862956.1_481391_481790
LOC112047113,NW_019862882.1,-,MXE_exon2,1.56E-08,0.186,103241,103632,NW_019862882.1_103241_103632
LOC112058374,NW_019862775.1,+,MXE_exon2,0.008648366,-0.039,1560060,1560408,NW_019862775.1_1560060_1560408
LOC112053274,NW_019863223.1,+,MXE_exon2,0.002136565,-0.463,164775,165141,NW_019863223.1_164775_165141
LOC112049718,NW_019862987.1,+,MXE_exon2,1.84E-05,-0.021,737938,738238,NW_019862987.1_737938_738238
LOC112054296,NW_019863339.1,-,MXE_exon2,0.006862775,-0.149,50059,50286,NW_019863339.1_50059_50286
LOC112045177,NW_019862825.1,-,MXE_exon2,0.005605496,0.161,536526,536948,NW_019862825.1_536526_536948
LOC112056331,NW_019863777.1,+,MXE_exon2,0.001302605,0.083,68619,68858,NW_019863777.1_68619_68858
LOC112046332,NW_019862855.1,-,MXE_exon2,1.54E-08,0.101,636783,637209,NW_019862855.1_636783_637209
LOC112049495,NW_019862976.1,-,MXE_exon2,0.001307627,0.271,83845,84140,NW_019862976.1_83845_84140
LOC112052049,NW_019863120.1,+,MXE_exon2,0.003067239,0.056,277960,278268,NW_019863120.1_277960_278268
LOC112045595,NW_019862836.1,-,MXE_exon2,0.012673935,-0.19,998335,998702,NW_019862836.1_998335_998702
LOC112052141,NW_019863130.1,-,MXE_exon2,0.001605537,0.13,90385,90666,NW_019863130.1_90385_90666
LOC112048544,NW_019862934.1,+,MXE_exon2,8.59E-06,-0.178,289128,289439,NW_019862934.1_289128_289439
LOC112043877,NW_019862799.1,+,MXE_exon2,0.000202683,0.109,791727,792111,NW_019862799.1_791727_792111
LOC112052060,NW_019863122.1,-,MXE_exon2,0.019363874,0.254,25290,25632,NW_019863122.1_25290_25632
LOC112044786,NW_019862817.1,+,MXE_exon2,0.01655483,-0.127,120956,121355,NW_019862817.1_120956_121355
LOC112049503,NW_019862976.1,-,MXE_exon2,0,-0.126,436973,437236,NW_019862976.1_436973_437236
LOC112049503,NW_019862976.1,-,MXE_exon2,0,-0.223,436973,437236,NW_019862976.1_436973_437236
LOC112049503,NW_019862976.1,-,MXE_exon2,0.028030345,0.096,441669,441940,NW_019862976.1_441669_441940
LOC112045952,NW_019862844.1,+,MXE_exon2,0.031780637,0.045,271464,271829,NW_019862844.1_271464_271829
LOC112043224,NW_019862787.1,-,MXE_exon2,0.001796418,-0.063,835118,835559,NW_019862787.1_835118_835559
LOC112043224,NW_019862787.1,-,MXE_exon2,0.002276793,-0.06,835118,835559,NW_019862787.1_835118_835559
LOC112055495,NW_019863535.1,+,MXE_exon2,1.12E-05,-0.352,59831,60211,NW_019863535.1_59831_60211
LOC112046842,NW_019862873.1,+,MXE_exon2,3.82E-08,-0.038,567091,567387,NW_019862873.1_567091_567387
LOC112054593,NW_019863380.1,+,MXE_exon2,0.022744887,0.265,170043,170329,NW_019863380.1_170043_170329
LOC112054593,NW_019863380.1,+,MXE_exon2,0.0294786,0.253,170043,170329,NW_019863380.1_170043_170329
LOC112058542,NW_019862778.1,-,MXE_exon2,5.02E-12,0.114,1051490,1052116,NW_019862778.1_1051490_1052116
LOC112057654,NW_019862765.1,-,MXE_exon2,2.57E-05,-0.04,51837,52116,NW_019862765.1_51837_52116
LOC112057654,NW_019862765.1,-,MXE_exon2,0.022607475,-0.244,71532,71876,NW_019862765.1_71532_71876
LOC112055555,NW_019863549.1,-,MXE_exon2,0.001644979,-0.21,72094,72453,NW_019863549.1_72094_72453
LOC112055327,NW_019863501.1,+,MXE_exon2,0.005614802,-0.005,66059,67207,NW_019863501.1_66059_67207
LOC112054606,NW_019863381.1,-,MXE_exon2,0.002847718,-0.057,121851,122221,NW_019863381.1_121851_122221
LOC112042935,NW_019862782.1,-,MXE_exon2,4.28E-10,0.085,1153148,1153444,NW_019862782.1_1153148_1153444
LOC112042935,NW_019862782.1,-,MXE_exon2,0.000906703,-0.099,1175793,1176092,NW_019862782.1_1175793_1176092
LOC112047120,NW_019862882.1,-,MXE_exon2,0.02487192,0.311,758643,759090,NW_019862882.1_758643_759090
LOC112050550,NW_019863028.1,-,MXE_exon2,0.000972716,0.344,368260,368567,NW_019863028.1_368260_368567
LOC112054124,NW_019863321.1,-,MXE_exon2,0.028196627,-0.121,97669,97959,NW_019863321.1_97669_97959
LOC112048050,NW_019862754.1,-,MXE_exon2,2.52E-05,-0.095,1609421,1609725,NW_019862754.1_1609421_1609725
LOC112048050,NW_019862754.1,-,MXE_exon2,0,0.082,1610691,1610992,NW_019862754.1_1610691_1610992
LOC112048050,NW_019862754.1,-,MXE_exon2,0,0.13,1610691,1610992,NW_019862754.1_1610691_1610992
LOC112056865,NW_019864039.1,+,MXE_exon2,0.000141245,-0.186,23882,24229,NW_019864039.1_23882_24229
LOC112045098,NW_019862823.1,-,MXE_exon2,9.03E-05,0.127,67097,67401,NW_019862823.1_67097_67401
LOC112050048,NW_019863003.1,-,MXE_exon2,0.014580621,0.255,348182,348417,NW_019863003.1_348182_348417
LOC112058532,NW_019862778.1,+,MXE_exon2,9.28E-07,0.516,685996,686328,NW_019862778.1_685996_686328
LOC112048898,NW_019862755.1,-,MXE_exon2,0.000497945,0.1,1307106,1307609,NW_019862755.1_1307106_1307609
LOC112046859,NW_019862748.1,-,MXE_exon2,0.002447497,-0.049,1931296,1931652,NW_019862748.1_1931296_1931652
LOC112045895,NW_019862843.1,+,MXE_exon2,0.005663587,0.101,405684,406047,NW_019862843.1_405684_406047
LOC112046693,NW_019862867.1,+,MXE_exon2,0,-0.185,673743,674132,NW_019862867.1_673743_674132
LOC112046693,NW_019862867.1,+,MXE_exon2,0,-0.191,673743,674132,NW_019862867.1_673743_674132
LOC112046693,NW_019862867.1,+,MXE_exon2,1.84E-11,-0.085,675284,675631,NW_019862867.1_675284_675631
LOC112046693,NW_019862867.1,+,MXE_exon2,1.19E-10,-0.078,675287,675631,NW_019862867.1_675287_675631
LOC112046693,NW_019862867.1,+,MXE_exon2,0.007572973,0.062,675284,675631,NW_019862867.1_675284_675631
LOC112046693,NW_019862867.1,+,MXE_exon2,0.002394958,0.066,675287,675631,NW_019862867.1_675287_675631
LOC112046693,NW_019862867.1,+,MXE_exon2,0.002277115,-0.023,677476,677770,NW_019862867.1_677476_677770
LOC112046693,NW_019862867.1,+,MXE_exon2,0,-0.098,677476,677770,NW_019862867.1_677476_677770
LOC112048035,NW_019862913.1,-,MXE_exon2,6.84E-05,-0.089,291440,291882,NW_019862913.1_291440_291882
LOC112048035,NW_019862913.1,-,MXE_exon2,1.28E-05,0.067,291440,291873,NW_019862913.1_291440_291873
LOC112055794,NW_019863615.1,+,MXE_exon2,0.02233778,-0.08,34325,34661,NW_019863615.1_34325_34661
LOC112055794,NW_019863615.1,+,MXE_exon2,0.000157017,0.069,34325,34661,NW_019863615.1_34325_34661
LOC112052849,NW_019863181.1,-,MXE_exon2,0.041424287,-0.155,176658,176967,NW_019863181.1_176658_176967
LOC112044124,NW_019862804.1,-,MXE_exon2,0.02804387,0.391,516094,516400,NW_019862804.1_516094_516400
LOC112044157,NW_019862804.1,+,MXE_exon2,0.001099712,-0.026,686043,686333,NW_019862804.1_686043_686333
LOC112050003,NW_019863001.1,-,MXE_exon2,0.002235368,-0.197,203621,203859,NW_019863001.1_203621_203859
LOC112047162,NW_019862883.1,-,MXE_exon2,0.025720993,-0.093,382684,383001,NW_019862883.1_382684_383001
LOC112057188,NW_019862764.1,-,MXE_exon2,0.012803645,0.119,1876132,1876512,NW_019862764.1_1876132_1876512
LOC112050410,NW_019863021.1,-,MXE_exon2,0.010184825,-0.179,196874,197237,NW_019863021.1_196874_197237
LOC112045504,NW_019862834.1,+,MXE_exon2,1.21E-06,-0.204,208660,209068,NW_019862834.1_208660_209068
LOC112045504,NW_019862834.1,+,MXE_exon2,0.000163523,-0.295,209425,209729,NW_019862834.1_209425_209729
LOC112055996,NW_019863677.1,+,MXE_exon2,5.57E-07,0.116,67143,67415,NW_019863677.1_67143_67415
LOC112047128,NW_019862882.1,-,MXE_exon2,0.0044164,0.475,804659,805001,NW_019862882.1_804659_805001
LOC112058286,NW_019862773.1,-,MXE_exon2,5.63E-05,-0.042,881930,882303,NW_019862773.1_881930_882303
LOC112054260,NW_019862761.1,-,MXE_exon2,0.021317522,-0.251,341222,341506,NW_019862761.1_341222_341506
LOC112052778,NW_019863175.1,-,MXE_exon2,0.01611241,0.108,77221,77683,NW_019863175.1_77221_77683
LOC112052778,NW_019863175.1,-,MXE_exon2,5.43E-05,-0.105,77221,77683,NW_019863175.1_77221_77683
LOC112052778,NW_019863175.1,-,MXE_exon2,0.005155698,-0.109,77221,77683,NW_019863175.1_77221_77683
LOC112048533,NW_019862934.1,-,MXE_exon2,2.37E-07,0.096,176635,176934,NW_019862934.1_176635_176934
LOC112048533,NW_019862934.1,-,MXE_exon2,7.81E-12,0.323,176978,177265,NW_019862934.1_176978_177265
LOC112048533,NW_019862934.1,-,MXE_exon2,1.90E-09,0.306,181626,181913,NW_019862934.1_181626_181913
LOC112048533,NW_019862934.1,-,MXE_exon2,0.047928095,-0.104,179550,179849,NW_019862934.1_179550_179849
LOC112048533,NW_019862934.1,-,MXE_exon2,0.01416466,-0.204,180719,181018,NW_019862934.1_180719_181018
LOC112048533,NW_019862934.1,-,MXE_exon2,0.000405547,-0.489,180904,181203,NW_019862934.1_180904_181203
LOC112048533,NW_019862934.1,-,MXE_exon2,0.015160947,-0.419,180904,181203,NW_019862934.1_180904_181203
LOC112048533,NW_019862934.1,-,MXE_exon2,0.033557128,-0.364,181077,181376,NW_019862934.1_181077_181376
LOC112045732,NW_019862839.1,-,MXE_exon2,0.000313742,-0.069,546055,546621,NW_019862839.1_546055_546621
LOC112047036,NW_019862881.1,-,MXE_exon2,0.00796722,-0.199,467446,467787,NW_019862881.1_467446_467787
LOC112047914,NW_019862908.1,-,MXE_exon2,0.045306219,-0.238,158539,158811,NW_019862908.1_158539_158811
LOC112051164,NW_019863066.1,+,MXE_exon2,0.049845129,-0.057,157424,157813,NW_019863066.1_157424_157813
LOC112050706,NW_019863039.1,+,MXE_exon2,0.012064971,0.285,275065,275409,NW_019863039.1_275065_275409
LOC112050166,NW_019863009.1,-,MXE_exon2,0.01061071,0.241,156388,156796,NW_019863009.1_156388_156796
LOC112043386,NW_019862789.1,-,MXE_exon2,0.001421612,0.139,1170996,1171385,NW_019862789.1_1170996_1171385
LOC112043093,NW_019862785.1,+,MXE_exon2,0.03841274,-0.01,900486,900929,NW_019862785.1_900486_900929
LOC112056937,NW_019862764.1,+,MXE_exon2,0.021816574,0.097,1063480,1063856,NW_019862764.1_1063480_1063856
LOC112056937,NW_019862764.1,+,MXE_exon2,0.021434195,0.098,1063483,1063856,NW_019862764.1_1063483_1063856
LOC112056956,NW_019862764.1,-,MXE_exon2,0.020425651,-0.073,1081978,1082256,NW_019862764.1_1081978_1082256
LOC112043159,NW_019862786.1,-,MXE_exon2,0.029110735,-0.088,1019611,1019912,NW_019862786.1_1019611_1019912
LOC112058156,NW_019862772.1,-,MXE_exon2,1.28E-05,-0.398,1145428,1145742,NW_019862772.1_1145428_1145742
LOC112058156,NW_019862772.1,-,MXE_exon2,2.56E-05,-0.233,1145428,1145742,NW_019862772.1_1145428_1145742
LOC112058156,NW_019862772.1,-,MXE_exon2,3.78E-06,-0.332,1145428,1145742,NW_019862772.1_1145428_1145742
LOC112058156,NW_019862772.1,-,MXE_exon2,2.50E-05,-0.197,1145428,1145742,NW_019862772.1_1145428_1145742
LOC112058156,NW_019862772.1,-,MXE_exon2,0.002452861,-0.053,1147105,1147413,NW_019862772.1_1147105_1147413
LOC112058156,NW_019862772.1,-,MXE_exon2,0.045706836,0.075,1146611,1146910,NW_019862772.1_1146611_1146910
LOC112058156,NW_019862772.1,-,MXE_exon2,0.042433245,0.074,1146611,1146910,NW_019862772.1_1146611_1146910
LOC112054875,NW_019863427.1,+,MXE_exon2,0.000156223,-0.094,114684,115043,NW_019863427.1_114684_115043
LOC112053406,NW_019863238.1,+,MXE_exon2,1.56E-05,-0.054,33575,33814,NW_019863238.1_33575_33814
LOC112047140,NW_019862883.1,+,MXE_exon2,0.010033061,-0.091,594569,594846,NW_019862883.1_594569_594846
LOC112055427,NW_019863522.1,-,MXE_exon2,0,0.253,75356,75738,NW_019863522.1_75356_75738
LOC112058418,NW_019862776.1,-,MXE_exon2,0.021816574,-0.186,803419,803673,NW_019862776.1_803419_803673
LOC112054150,NW_019863325.1,+,MXE_exon2,2.42E-06,0.55,295861,296163,NW_019863325.1_295861_296163
LOC112057884,NW_019862768.1,+,MXE_exon2,0.029381901,-0.153,1054629,1054980,NW_019862768.1_1054629_1054980
LOC112057884,NW_019862768.1,+,MXE_exon2,0.009337722,-0.188,1055336,1055798,NW_019862768.1_1055336_1055798
LOC112050121,NW_019863006.1,+,MXE_exon2,0.009854465,-0.065,278243,278503,NW_019863006.1_278243_278503
LOC112053720,NW_019863276.1,-,MXE_exon2,0.000943474,0.07,182753,183121,NW_019863276.1_182753_183121
LOC112050345,NW_019863018.1,-,MXE_exon2,1.42E-08,0.066,320732,321030,NW_019863018.1_320732_321030
LOC112046732,NW_019862869.1,-,MXE_exon2,1.11E-11,0.062,37237,37579,NW_019862869.1_37237_37579
LOC112051193,NW_019862757.1,-,MXE_exon2,8.31E-08,0.165,1821898,1822268,NW_019862757.1_1821898_1822268
LOC112057214,NW_019864537.1,+,MXE_exon2,0.002396134,0.105,11805,12172,NW_019864537.1_11805_12172
LOC112047800,NW_019862904.1,-,MXE_exon2,0.024148395,0.232,261434,261780,NW_019862904.1_261434_261780
LOC112055815,NW_019863623.1,-,MXE_exon2,0.003376135,-0.074,19519,20013,NW_019863623.1_19519_20013
LOC112055815,NW_019863623.1,-,MXE_exon2,0.005610341,-0.34,19519,20013,NW_019863623.1_19519_20013
LOC112055815,NW_019863623.1,-,MXE_exon2,8.67E-05,-0.267,19519,20013,NW_019863623.1_19519_20013
LOC112055815,NW_019863623.1,-,MXE_exon2,0.006962816,-0.232,36316,36678,NW_019863623.1_36316_36678
LOC112045656,NW_019862837.1,+,MXE_exon2,1.56E-05,-0.038,371164,371485,NW_019862837.1_371164_371485
LOC112049107,NW_019862958.1,+,MXE_exon2,0.000464077,-0.061,277959,278410,NW_019862958.1_277959_278410
LOC112053362,NW_019863233.1,-,MXE_exon2,0.015008381,-0.287,35657,36079,NW_019863233.1_35657_36079
LOC112052608,NW_019862759.1,-,MXE_exon2,0.005064911,-0.194,378644,378988,NW_019862759.1_378644_378988
LOC112052647,NW_019862759.1,-,MXE_exon2,0.011594021,-0.118,519090,519460,NW_019862759.1_519090_519460
LOC112046593,NW_019862863.1,+,MXE_exon2,0.013231042,-0.309,345287,345571,NW_019862863.1_345287_345571
LOC112049701,NW_019862756.1,-,MXE_exon2,0,0.02,202804,203197,NW_019862756.1_202804_203197
LOC112053060,NW_019863202.1,-,MXE_exon2,0.047390532,-0.119,230430,230797,NW_019863202.1_230430_230797
LOC112054017,NW_019863306.1,-,MXE_exon2,0.008045655,0.138,132198,132434,NW_019863306.1_132198_132434
LOC112052636,NW_019863165.1,+,MXE_exon2,2.40E-05,0.13,223472,223761,NW_019863165.1_223472_223761
LOC112055679,NW_019863585.1,-,MXE_exon2,0.03905707,-0.035,34131,34516,NW_019863585.1_34131_34516
LOC112050094,NW_019863005.1,+,MXE_exon2,0.005962279,-0.135,185560,185922,NW_019863005.1_185560_185922
LOC112043847,NW_019862799.1,-,MXE_exon2,4.28E-07,0.05,703543,703937,NW_019862799.1_703543_703937
LOC112043847,NW_019862799.1,-,MXE_exon2,0.000218252,0.029,703912,704343,NW_019862799.1_703912_704343
LOC112043847,NW_019862799.1,-,MXE_exon2,0.00016407,0.013,703912,704343,NW_019862799.1_703912_704343
LOC112043847,NW_019862799.1,-,MXE_exon2,1.37E-08,-0.021,705327,705632,NW_019862799.1_705327_705632
LOC112048291,NW_019862924.1,-,MXE_exon2,0.024257756,-0.083,328412,328648,NW_019862924.1_328412_328648
LOC112052437,NW_019863148.1,-,MXE_exon2,2.29E-05,-0.159,38266,38582,NW_019863148.1_38266_38582
LOC112043925,NW_019862800.1,+,MXE_exon2,0.006174037,0.038,539640,540061,NW_019862800.1_539640_540061
LOC112043927,NW_019862800.1,-,MXE_exon2,0.02068146,0.074,562674,564179,NW_019862800.1_562674_564179
LOC112043927,NW_019862800.1,-,MXE_exon2,0.012232989,0.089,590586,590909,NW_019862800.1_590586_590909
LOC112043927,NW_019862800.1,-,MXE_exon2,0.005650987,0.05,590586,590909,NW_019862800.1_590586_590909
LOC112043927,NW_019862800.1,-,MXE_exon2,0.028310272,0.044,592221,592616,NW_019862800.1_592221_592616
LOC112048666,NW_019862940.1,-,MXE_exon2,0.000243308,0.313,612858,613181,NW_019862940.1_612858_613181
LOC112043935,NW_019862800.1,-,MXE_exon2,0.004009162,-0.282,715384,716050,NW_019862800.1_715384_716050
LOC112052960,NW_019862759.1,-,MXE_exon2,0.041078358,-0.119,1270596,1271128,NW_019862759.1_1270596_1271128
LOC112050624,NW_019863034.1,-,MXE_exon2,0.004728215,0.198,354189,354588,NW_019863034.1_354189_354588
LOC112044902,NW_019862819.1,+,MXE_exon2,4.99E-06,0.074,627895,628272,NW_019862819.1_627895_628272
LOC112053364,NW_019863233.1,-,MXE_exon2,5.47E-07,-0.136,156793,157050,NW_019863233.1_156793_157050
LOC112053364,NW_019863233.1,-,MXE_exon2,0.001606059,-0.099,157834,158209,NW_019863233.1_157834_158209
LOC112053364,NW_019863233.1,-,MXE_exon2,1.19E-10,0.112,157834,158209,NW_019863233.1_157834_158209
LOC112048138,NW_019862918.1,+,MXE_exon2,1.02E-05,-0.24,446219,446595,NW_019862918.1_446219_446595
LOC112054741,NW_019863404.1,+,MXE_exon2,0.014733152,0.054,115935,116301,NW_019863404.1_115935_116301
LOC112049719,NW_019862756.1,+,MXE_exon2,5.70E-11,-0.064,220574,221020,NW_019862756.1_220574_221020
LOC112050384,NW_019862756.1,-,MXE_exon2,2.25E-05,0.195,1797902,1798249,NW_019862756.1_1797902_1798249
LOC112058517,NW_019862778.1,-,MXE_exon2,0.000721781,-0.243,17660,17948,NW_019862778.1_17660_17948
LOC112044364,NW_019862807.1,-,MXE_exon2,0.03902497,-0.273,449012,449377,NW_019862807.1_449012_449377
LOC112053836,NW_019863287.1,+,MXE_exon2,0.042433245,0.24,200466,200815,NW_019863287.1_200466_200815
LOC112043768,NW_019862750.1,-,MXE_exon2,0.005210942,0.181,1361071,1361486,NW_019862750.1_1361071_1361486
LOC112055071,NW_019863455.1,-,MXE_exon2,0.004728215,-0.244,136533,136831,NW_019863455.1_136533_136831
LOC112046091,NW_019862847.1,+,MXE_exon2,0.003474186,-0.198,415401,415740,NW_019862847.1_415401_415740
LOC112046606,NW_019862863.1,-,MXE_exon2,0.000352684,0.217,860764,861176,NW_019862863.1_860764_861176
LOC112056309,NW_019863765.1,+,MXE_exon2,3.48E-09,0.115,41659,41961,NW_019863765.1_41659_41961
LOC112056702,NW_019863948.1,-,MXE_exon2,0.003329418,-0.219,4157,4618,NW_019863948.1_4157_4618
LOC112056702,NW_019863948.1,-,MXE_exon2,0.000191765,-0.242,4157,4618,NW_019863948.1_4157_4618
LOC112048853,NW_019862755.1,+,MXE_exon2,0.01158465,0.135,1225632,1226137,NW_019862755.1_1225632_1226137
LOC112052289,NW_019863138.1,+,MXE_exon2,2.80E-10,0.318,508311,508592,NW_019863138.1_508311_508592
LOC112052289,NW_019863138.1,+,MXE_exon2,2.04E-08,0.101,508311,508592,NW_019863138.1_508311_508592
LOC112054829,NW_019863420.1,-,MXE_exon2,5.88E-05,0.043,125200,125644,NW_019863420.1_125200_125644
LOC112053910,NW_019863293.1,-,MXE_exon2,0.02233778,0.178,72439,72849,NW_019863293.1_72439_72849
LOC112048203,NW_019862921.1,+,MXE_exon2,4.19E-09,-0.324,466391,466718,NW_019862921.1_466391_466718
LOC112048203,NW_019862921.1,+,MXE_exon2,0.002063068,-0.152,469356,469680,NW_019862921.1_469356_469680
LOC112049548,NW_019862978.1,-,MXE_exon2,3.75E-06,0.249,390242,390524,NW_019862978.1_390242_390524
LOC112058620,NW_019862779.1,+,MXE_exon2,0.00051352,-0.047,556515,556805,NW_019862779.1_556515_556805
LOC112047618,NW_019862898.1,-,MXE_exon2,1.66E-07,0.085,573812,576496,NW_019862898.1_573812_576496
LOC112047618,NW_019862898.1,-,MXE_exon2,7.62E-05,0.09,574142,576496,NW_019862898.1_574142_576496
LOC112047618,NW_019862898.1,-,MXE_exon2,0.000173141,0.088,575660,576496,NW_019862898.1_575660_576496
LOC112047618,NW_019862898.1,-,MXE_exon2,0.001246582,0.055,579876,581132,NW_019862898.1_579876_581132
LOC112055895,NW_019863652.1,+,MXE_exon2,0.020481593,0.326,51060,51480,NW_019863652.1_51060_51480
LOC112049246,NW_019862965.1,-,MXE_exon2,7.34E-05,0.281,65935,66364,NW_019862965.1_65935_66364
LOC112049630,NW_019862981.1,-,MXE_exon2,0.01658095,-0.225,90119,90775,NW_019862981.1_90119_90775
LOC112053312,NW_019863227.1,-,MXE_exon2,0.042433245,0.064,209627,209919,NW_019863227.1_209627_209919
LOC112045357,NW_019862829.1,-,MXE_exon2,0.000634019,-0.036,368534,369063,NW_019862829.1_368534_369063
LOC112049214,NW_019862755.1,+,MXE_exon2,0.008312554,0.134,2554950,2555352,NW_019862755.1_2554950_2555352
LOC112049214,NW_019862755.1,+,MXE_exon2,0.005155698,-0.096,2563904,2564215,NW_019862755.1_2563904_2564215
LOC112049214,NW_019862755.1,+,MXE_exon2,0.000143556,0.086,2565500,2565871,NW_019862755.1_2565500_2565871
LOC112049214,NW_019862755.1,+,MXE_exon2,9.34E-05,0.09,2565500,2565871,NW_019862755.1_2565500_2565871
LOC112049214,NW_019862755.1,+,MXE_exon2,0.018147921,-0.113,2565744,2566115,NW_019862755.1_2565744_2566115
LOC112049175,NW_019862962.1,-,MXE_exon2,0.043016457,0.465,241580,241890,NW_019862962.1_241580_241890
LOC112052196,NW_019863133.1,+,MXE_exon2,0.042858535,-0.392,204191,204511,NW_019863133.1_204191_204511
LOC112052196,NW_019863133.1,+,MXE_exon2,0.002964466,-0.024,204192,204428,NW_019863133.1_204192_204428
LOC112054984,NW_019863443.1,+,MXE_exon2,0.035257002,0.069,111182,111847,NW_019863443.1_111182_111847
LOC112054984,NW_019863443.1,+,MXE_exon2,0.045578569,0.067,111452,111847,NW_019863443.1_111452_111847
LOC112051132,NW_019863064.1,+,MXE_exon2,0.000562631,-0.269,66750,67153,NW_019863064.1_66750_67153
LOC112051132,NW_019863064.1,+,MXE_exon2,0.002967628,-0.132,66752,67153,NW_019863064.1_66752_67153
LOC112051132,NW_019863064.1,+,MXE_exon2,0.010598636,-0.358,66750,67153,NW_019863064.1_66750_67153
LOC112048780,NW_019862945.1,-,MXE_exon2,0.017703599,0.172,227327,227720,NW_019862945.1_227327_227720
LOC112048780,NW_019862945.1,-,MXE_exon2,0.018801857,0.169,227327,227720,NW_019862945.1_227327_227720
LOC112048780,NW_019862945.1,-,MXE_exon2,0.016857298,0.173,227327,227720,NW_019862945.1_227327_227720
LOC112051279,NW_019863071.1,-,MXE_exon2,0.000344445,-0.043,191943,192276,NW_019863071.1_191943_192276
LOC112051279,NW_019863071.1,-,MXE_exon2,8.27E-05,-0.043,191943,192276,NW_019863071.1_191943_192276
LOC112051279,NW_019863071.1,-,MXE_exon2,0.000285959,0.192,192024,192264,NW_019863071.1_192024_192264
LOC112055290,NW_019863493.1,-,MXE_exon2,0.004035115,-0.14,127785,128125,NW_019863493.1_127785_128125
LOC112055290,NW_019863493.1,-,MXE_exon2,0.003881614,-0.128,127785,128125,NW_019863493.1_127785_128125
LOC112055290,NW_019863493.1,-,MXE_exon2,0.026776787,0.114,132697,132981,NW_019863493.1_132697_132981
LOC112056529,NW_019863862.1,+,MXE_exon2,0.000344737,-0.154,107988,108436,NW_019863862.1_107988_108436
LOC112043577,NW_019862792.1,+,MXE_exon2,0.012257441,0.028,1092975,1093286,NW_019862792.1_1092975_1093286
LOC112043577,NW_019862792.1,+,MXE_exon2,0.022107316,-0.027,1093396,1093749,NW_019862792.1_1093396_1093749
LOC112048194,NW_019862920.1,+,MXE_exon2,5.10E-08,0.228,587385,589589,NW_019862920.1_587385_589589
LOC112048194,NW_019862920.1,+,MXE_exon2,3.98E-06,0.084,590061,590368,NW_019862920.1_590061_590368
LOC112048194,NW_019862920.1,+,MXE_exon2,3.56E-05,0.034,587385,589589,NW_019862920.1_587385_589589
LOC112048194,NW_019862920.1,+,MXE_exon2,0,0.182,587385,589589,NW_019862920.1_587385_589589
LOC112048194,NW_019862920.1,+,MXE_exon2,0,0.181,587385,589589,NW_019862920.1_587385_589589
LOC112048194,NW_019862920.1,+,MXE_exon2,1.59E-09,-0.133,591280,591701,NW_019862920.1_591280_591701
LOC112048194,NW_019862920.1,+,MXE_exon2,2.42E-11,-0.1,591280,591706,NW_019862920.1_591280_591706
LOC112048194,NW_019862920.1,+,MXE_exon2,1.50E-09,-0.131,591337,591706,NW_019862920.1_591337_591706
LOC112048194,NW_019862920.1,+,MXE_exon2,7.62E-07,-0.099,591280,591701,NW_019862920.1_591280_591701
LOC112048194,NW_019862920.1,+,MXE_exon2,3.01E-07,-0.066,591280,591706,NW_019862920.1_591280_591706
LOC112048194,NW_019862920.1,+,MXE_exon2,2.76E-07,-0.094,591337,591706,NW_019862920.1_591337_591706
LOC112048194,NW_019862920.1,+,MXE_exon2,3.19E-09,-0.128,591280,591701,NW_019862920.1_591280_591701
LOC112048194,NW_019862920.1,+,MXE_exon2,2.12E-10,-0.122,591280,591706,NW_019862920.1_591280_591706
LOC112048194,NW_019862920.1,+,MXE_exon2,7.66E-09,-0.133,591337,591706,NW_019862920.1_591337_591706
LOC112053646,NW_019863265.1,+,MXE_exon2,3.72E-05,0.104,206950,207240,NW_019863265.1_206950_207240
LOC112053597,NW_019863259.1,-,MXE_exon2,1.58E-10,0.141,320070,320471,NW_019863259.1_320070_320471
LOC112049614,NW_019862748.1,+,MXE_exon2,0.002664879,-0.264,2997799,2998126,NW_019862748.1_2997799_2998126
LOC112049614,NW_019862748.1,+,MXE_exon2,1.10E-06,-0.173,2997799,2998126,NW_019862748.1_2997799_2998126
LOC112058428,NW_019862776.1,-,MXE_exon2,0,0.19,1076732,1077055,NW_019862776.1_1076732_1077055
LOC112058428,NW_019862776.1,-,MXE_exon2,3.65E-09,0.38,1076741,1077055,NW_019862776.1_1076741_1077055
LOC112046053,NW_019862748.1,-,MXE_exon2,0.00191543,0.022,1644525,1644865,NW_019862748.1_1644525_1644865
LOC112051951,NW_019862758.1,-,MXE_exon2,1.30E-06,0.076,2123181,2123444,NW_019862758.1_2123181_2123444
LOC112054660,NW_019863391.1,-,MXE_exon2,0.000987692,0.304,166497,166861,NW_019863391.1_166497_166861
LOC112054660,NW_019863391.1,-,MXE_exon2,0.000227153,0.342,166497,166861,NW_019863391.1_166497_166861
LOC112052082,NW_019863123.1,+,MXE_exon2,0.005995379,0.373,34536,34860,NW_019863123.1_34536_34860
LOC112058076,NW_019862749.1,-,MXE_exon2,0.011594021,0.17,2880642,2881039,NW_019862749.1_2880642_2881039
LOC112058076,NW_019862749.1,-,MXE_exon2,0.009344795,0.205,2899099,2899856,NW_019862749.1_2899099_2899856
LOC112043332,NW_019862749.1,-,MXE_exon2,0.012377492,-0.123,2339155,2339634,NW_019862749.1_2339155_2339634
LOC112051118,NW_019862757.1,-,MXE_exon2,0.007672399,0.113,1541784,1542041,NW_019862757.1_1541784_1542041
LOC112048717,NW_019862941.1,-,MXE_exon2,0.004728642,-0.111,259370,259716,NW_019862941.1_259370_259716
LOC112058170,NW_019862749.1,-,MXE_exon2,0.002262379,-0.082,387269,387558,NW_019862749.1_387269_387558
LOC112052627,NW_019863164.1,+,MXE_exon2,0.04961582,0.062,82174,82391,NW_019863164.1_82174_82391
LOC112052627,NW_019863164.1,+,MXE_exon2,0.003882147,-0.032,82174,82451,NW_019863164.1_82174_82451
LOC112051728,NW_019863099.1,-,MXE_exon2,0.042433245,-0.143,324809,325146,NW_019863099.1_324809_325146
LOC112056414,NW_019862763.1,-,MXE_exon2,0.006081761,0.403,1583171,1583803,NW_019862763.1_1583171_1583803
LOC112056414,NW_019862763.1,-,MXE_exon2,0.017339717,0.24,1583171,1583803,NW_019862763.1_1583171_1583803
LOC112054853,NW_019863425.1,-,MXE_exon2,7.12E-06,0.137,129481,129751,NW_019863425.1_129481_129751
LOC112053935,NW_019863297.1,-,MXE_exon2,0.003505839,0.36,151625,151960,NW_019863297.1_151625_151960
LOC112053935,NW_019863297.1,-,MXE_exon2,0.001219396,0.334,151625,151968,NW_019863297.1_151625_151968
LOC112053935,NW_019863297.1,-,MXE_exon2,0.000674613,0.268,159148,159495,NW_019863297.1_159148_159495
LOC112050044,NW_019863003.1,-,MXE_exon2,3.88E-12,0.032,179209,179633,NW_019863003.1_179209_179633
LOC112050044,NW_019863003.1,-,MXE_exon2,3.88E-12,0.032,179260,179633,NW_019863003.1_179260_179633
LOC112050044,NW_019863003.1,-,MXE_exon2,3.97E-12,0.032,179265,179633,NW_019863003.1_179265_179633
LOC112050044,NW_019863003.1,-,MXE_exon2,0.029867191,0.006,179209,179633,NW_019863003.1_179209_179633
LOC112050044,NW_019863003.1,-,MXE_exon2,0.02989904,0.006,179260,179633,NW_019863003.1_179260_179633
LOC112050044,NW_019863003.1,-,MXE_exon2,0.030130797,0.006,179265,179633,NW_019863003.1_179265_179633
LOC112058377,NW_019862775.1,-,MXE_exon2,0.002885088,-0.048,1673071,1673366,NW_019862775.1_1673071_1673366
LOC112058377,NW_019862775.1,-,MXE_exon2,0.00139191,-0.048,1673071,1673366,NW_019862775.1_1673071_1673366
LOC112052180,NW_019863132.1,-,MXE_exon2,2.27E-07,-0.024,285615,285985,NW_019863132.1_285615_285985
LOC112045305,NW_019862828.1,+,MXE_exon2,1.26E-05,0.125,787089,787416,NW_019862828.1_787089_787416
LOC112049828,NW_019862993.1,-,MXE_exon2,7.17E-06,0.538,321192,321503,NW_019862993.1_321192_321503
LOC112048610,NW_019862748.1,-,MXE_exon2,4.05E-07,0.402,2695162,2695464,NW_019862748.1_2695162_2695464
LOC112050343,NW_019863018.1,+,MXE_exon2,0.010310375,-0.288,292843,293189,NW_019863018.1_292843_293189
LOC112055597,NW_019862762.1,-,MXE_exon2,0.01367916,0.181,1392096,1392401,NW_019862762.1_1392096_1392401
LOC112048640,NW_019862938.1,-,MXE_exon2,8.11E-05,0.111,150136,150468,NW_019862938.1_150136_150468
LOC112048640,NW_019862938.1,-,MXE_exon2,2.25E-05,0.114,150136,150499,NW_019862938.1_150136_150499
LOC112045793,NW_019862752.1,+,MXE_exon2,0.000370034,-0.393,1291897,1292167,NW_019862752.1_1291897_1292167
LOC112045313,NW_019862829.1,-,MXE_exon2,0.001559126,-0.062,303122,303354,NW_019862829.1_303122_303354
LOC112046526,NW_019862860.1,+,MXE_exon2,0.009344795,-0.371,268832,269295,NW_019862860.1_268832_269295
LOC112046526,NW_019862860.1,+,MXE_exon2,0.013661115,-0.362,268914,269295,NW_019862860.1_268914_269295
LOC112046526,NW_019862860.1,+,MXE_exon2,0.000590352,-0.369,268984,269295,NW_019862860.1_268984_269295
LOC112044453,NW_019862809.1,+,MXE_exon2,0.042858535,0.124,1023065,1023527,NW_019862809.1_1023065_1023527
LOC112052395,NW_019863145.1,+,MXE_exon2,0.011255909,-0.029,312908,313302,NW_019863145.1_312908_313302
LOC112056840,NW_019864020.1,+,MXE_exon2,0.000293345,0.231,31193,31459,NW_019864020.1_31193_31459
LOC112049404,NW_019862971.1,-,MXE_exon2,0.000411488,-0.102,703873,704172,NW_019862971.1_703873_704172
LOC112049404,NW_019862971.1,-,MXE_exon2,0.002984423,-0.18,703873,704172,NW_019862971.1_703873_704172
LOC112049404,NW_019862971.1,-,MXE_exon2,0.021186283,-0.072,707530,707823,NW_019862971.1_707530_707823
LOC112047022,NW_019862880.1,-,MXE_exon2,0.000243436,0.112,632433,632758,NW_019862880.1_632433_632758
LOC112053443,NW_019862760.1,+,MXE_exon2,0.000527052,-0.12,52325,52574,NW_019862760.1_52325_52574
LOC112053443,NW_019862760.1,+,MXE_exon2,0.005008277,-0.401,55165,55478,NW_019862760.1_55165_55478
LOC112053443,NW_019862760.1,+,MXE_exon2,0.006934698,-0.105,52325,52574,NW_019862760.1_52325_52574
LOC112053443,NW_019862760.1,+,MXE_exon2,3.06E-05,-0.108,55165,55397,NW_019862760.1_55165_55397
LOC112053443,NW_019862760.1,+,MXE_exon2,0.01302101,-0.205,55165,55478,NW_019862760.1_55165_55478
LOC112053443,NW_019862760.1,+,MXE_exon2,0.001460775,-0.271,55165,55478,NW_019862760.1_55165_55478
LOC112053443,NW_019862760.1,+,MXE_exon2,5.11E-07,-0.248,55165,55478,NW_019862760.1_55165_55478
LOC112053443,NW_019862760.1,+,MXE_exon2,0.000238053,-0.336,55165,55478,NW_019862760.1_55165_55478
LOC112053443,NW_019862760.1,+,MXE_exon2,0.022622702,-0.212,55169,55478,NW_019862760.1_55169_55478
LOC112053443,NW_019862760.1,+,MXE_exon2,0.022720221,-0.263,55165,55478,NW_019862760.1_55165_55478
LOC112053443,NW_019862760.1,+,MXE_exon2,9.52E-06,-0.245,55165,55478,NW_019862760.1_55165_55478
LOC112053443,NW_019862760.1,+,MXE_exon2,0.012547374,-0.269,55165,55478,NW_019862760.1_55165_55478
LOC112058448,NW_019862776.1,-,MXE_exon2,0.000176492,0.066,1582409,1582737,NW_019862776.1_1582409_1582737
LOC112052382,NW_019863144.1,-,MXE_exon2,0.008527657,-0.018,248668,249105,NW_019863144.1_248668_249105
LOC112052382,NW_019863144.1,-,MXE_exon2,0.017187871,-0.017,248764,249105,NW_019863144.1_248764_249105
LOC112052382,NW_019863144.1,-,MXE_exon2,7.31E-10,-0.39,249876,250257,NW_019863144.1_249876_250257
LOC112052382,NW_019863144.1,-,MXE_exon2,0.000215118,-0.038,249876,250257,NW_019863144.1_249876_250257
LOC112048729,NW_019862941.1,+,MXE_exon2,2.36E-09,-0.169,291034,291426,NW_019862941.1_291034_291426
LOC112053999,NW_019862760.1,+,MXE_exon2,0.038710335,-0.06,2304988,2305291,NW_019862760.1_2304988_2305291
LOC112052803,NW_019863177.1,-,MXE_exon2,0.009952983,-0.017,105101,105448,NW_019863177.1_105101_105448
LOC112052803,NW_019863177.1,-,MXE_exon2,0.008106173,-0.019,105142,105446,NW_019863177.1_105142_105446
LOC112051208,NW_019863068.1,+,MXE_exon2,3.10E-05,0.382,228991,229303,NW_019863068.1_228991_229303
LOC112055843,NW_019863634.1,+,MXE_exon2,0.02318181,0.453,22281,22946,NW_019863634.1_22281_22946
LOC112055843,NW_019863634.1,+,MXE_exon2,0.005917017,-0.467,22861,23307,NW_019863634.1_22861_23307
LOC112046887,NW_019862874.1,-,MXE_exon2,0.000190987,-0.084,20845,21197,NW_019862874.1_20845_21197
LOC112046887,NW_019862874.1,-,MXE_exon2,1.09E-05,-0.494,20845,21209,NW_019862874.1_20845_21209
LOC112046887,NW_019862874.1,-,MXE_exon2,0.003005527,-0.378,20845,21212,NW_019862874.1_20845_21212
LOC112046887,NW_019862874.1,-,MXE_exon2,0.000218252,-0.413,20845,21218,NW_019862874.1_20845_21218
LOC112046887,NW_019862874.1,-,MXE_exon2,1.43E-05,-0.431,20845,21192,NW_019862874.1_20845_21192
LOC112046887,NW_019862874.1,-,MXE_exon2,0.00170273,-0.356,20845,21381,NW_019862874.1_20845_21381
LOC112046887,NW_019862874.1,-,MXE_exon2,0.000720019,-0.431,20845,21209,NW_019862874.1_20845_21209
LOC112046887,NW_019862874.1,-,MXE_exon2,0.03726663,-0.306,20845,21212,NW_019862874.1_20845_21212
LOC112046887,NW_019862874.1,-,MXE_exon2,0.004088457,-0.349,20845,21218,NW_019862874.1_20845_21218
LOC112046887,NW_019862874.1,-,MXE_exon2,0.000209503,-0.428,20845,21209,NW_019862874.1_20845_21209
LOC112046887,NW_019862874.1,-,MXE_exon2,0.016774002,-0.297,20845,21212,NW_019862874.1_20845_21212
LOC112046887,NW_019862874.1,-,MXE_exon2,0.001833604,-0.345,20845,21218,NW_019862874.1_20845_21218
LOC112046887,NW_019862874.1,-,MXE_exon2,0.000329317,-0.351,20845,21192,NW_019862874.1_20845_21192
LOC112046887,NW_019862874.1,-,MXE_exon2,0.035166679,-0.336,20845,21192,NW_019862874.1_20845_21192
LOC112046887,NW_019862874.1,-,MXE_exon2,5.95E-05,-0.423,20845,21209,NW_019862874.1_20845_21209
LOC112046887,NW_019862874.1,-,MXE_exon2,0.005573261,-0.32,20845,21212,NW_019862874.1_20845_21212
LOC112046887,NW_019862874.1,-,MXE_exon2,0.00071437,-0.343,20845,21218,NW_019862874.1_20845_21218
LOC112046887,NW_019862874.1,-,MXE_exon2,7.49E-05,-0.411,20845,21192,NW_019862874.1_20845_21192
LOC112046887,NW_019862874.1,-,MXE_exon2,0.005614566,-0.335,20845,21381,NW_019862874.1_20845_21381
LOC112046887,NW_019862874.1,-,MXE_exon2,0.001274552,-0.424,20845,21209,NW_019862874.1_20845_21209
LOC112046887,NW_019862874.1,-,MXE_exon2,0.006449152,-0.342,20845,21218,NW_019862874.1_20845_21218
LOC112046887,NW_019862874.1,-,MXE_exon2,5.25E-05,-0.084,20845,21197,NW_019862874.1_20845_21197
LOC112046887,NW_019862874.1,-,MXE_exon2,0.000199924,-0.076,20845,21197,NW_019862874.1_20845_21197
LOC112046887,NW_019862874.1,-,MXE_exon2,0.000228964,-0.075,20845,21197,NW_019862874.1_20845_21197
LOC112046887,NW_019862874.1,-,MXE_exon2,0.000278585,-0.075,20845,21197,NW_019862874.1_20845_21197
LOC112046887,NW_019862874.1,-,MXE_exon2,2.49E-12,0.735,22674,23026,NW_019862874.1_22674_23026
LOC112046887,NW_019862874.1,-,MXE_exon2,2.99E-10,0.573,22674,23037,NW_019862874.1_22674_23037
LOC112046887,NW_019862874.1,-,MXE_exon2,0.000956067,0.562,22674,23026,NW_019862874.1_22674_23026
LOC112046887,NW_019862874.1,-,MXE_exon2,0.043841381,0.365,22674,23037,NW_019862874.1_22674_23037
LOC112046887,NW_019862874.1,-,MXE_exon2,4.79E-12,-0.227,22778,22985,NW_019862874.1_22778_22985
LOC112046887,NW_019862874.1,-,MXE_exon2,0,-0.135,22778,23013,NW_019862874.1_22778_23013
LOC112046887,NW_019862874.1,-,MXE_exon2,0,-0.113,22778,23026,NW_019862874.1_22778_23026
LOC112046887,NW_019862874.1,-,MXE_exon2,0,-0.095,22778,23032,NW_019862874.1_22778_23032
LOC112046887,NW_019862874.1,-,MXE_exon2,0,-0.103,22778,23037,NW_019862874.1_22778_23037
LOC112046887,NW_019862874.1,-,MXE_exon2,0.036637444,-0.226,22813,23037,NW_019862874.1_22813_23037
LOC112046887,NW_019862874.1,-,MXE_exon2,0.005288503,0.259,22190,22601,NW_019862874.1_22190_22601
LOC112046887,NW_019862874.1,-,MXE_exon2,0.018735344,0.028,22248,22601,NW_019862874.1_22248_22601
LOC112046887,NW_019862874.1,-,MXE_exon2,0,-0.139,22778,22985,NW_019862874.1_22778_22985
LOC112046887,NW_019862874.1,-,MXE_exon2,0,-0.068,22778,23013,NW_019862874.1_22778_23013
LOC112046887,NW_019862874.1,-,MXE_exon2,0,-0.055,22778,23026,NW_019862874.1_22778_23026
LOC112046887,NW_019862874.1,-,MXE_exon2,0,-0.045,22778,23032,NW_019862874.1_22778_23032
LOC112046887,NW_019862874.1,-,MXE_exon2,0,-0.049,22778,23037,NW_019862874.1_22778_23037
LOC112046887,NW_019862874.1,-,MXE_exon2,0.018275424,-0.34,22813,23026,NW_019862874.1_22813_23026
LOC112046887,NW_019862874.1,-,MXE_exon2,0.000114717,-0.415,22813,23037,NW_019862874.1_22813_23037
LOC112052933,NW_019863187.1,+,MXE_exon2,0.049632245,0.013,53667,54070,NW_019863187.1_53667_54070
LOC112052933,NW_019863187.1,+,MXE_exon2,0.049577851,0.013,53688,54070,NW_019863187.1_53688_54070
LOC112043424,NW_019862790.1,+,MXE_exon2,0.035445203,0.008,628186,628470,NW_019862790.1_628186_628470
LOC112043424,NW_019862790.1,+,MXE_exon2,0.000888589,0.146,628186,628564,NW_019862790.1_628186_628564
LOC112043424,NW_019862790.1,+,MXE_exon2,0.046075245,0.012,628187,628470,NW_019862790.1_628187_628470
LOC112043424,NW_019862790.1,+,MXE_exon2,0.040038379,0.013,628197,628470,NW_019862790.1_628197_628470
LOC112051565,NW_019863089.1,-,MXE_exon2,0.002683431,-0.178,164541,164916,NW_019863089.1_164541_164916
LOC112058550,NW_019862778.1,-,MXE_exon2,0,-0.15,1103134,1103464,NW_019862778.1_1103134_1103464
LOC112058550,NW_019862778.1,-,MXE_exon2,2.33E-14,-0.125,1103134,1103465,NW_019862778.1_1103134_1103465
LOC112058550,NW_019862778.1,-,MXE_exon2,0,-0.15,1103134,1103476,NW_019862778.1_1103134_1103476
LOC112058550,NW_019862778.1,-,MXE_exon2,6.39E-14,-0.144,1103138,1103465,NW_019862778.1_1103138_1103465
LOC112058550,NW_019862778.1,-,MXE_exon2,0,-0.149,1103134,1103464,NW_019862778.1_1103134_1103464
LOC112058550,NW_019862778.1,-,MXE_exon2,2.33E-14,-0.13,1103134,1103465,NW_019862778.1_1103134_1103465
LOC112058550,NW_019862778.1,-,MXE_exon2,0,-0.148,1103134,1103476,NW_019862778.1_1103134_1103476
LOC112058550,NW_019862778.1,-,MXE_exon2,8.46E-14,-0.145,1103138,1103465,NW_019862778.1_1103138_1103465
LOC112058550,NW_019862778.1,-,MXE_exon2,2.33E-14,-0.147,1103134,1103464,NW_019862778.1_1103134_1103464
LOC112058550,NW_019862778.1,-,MXE_exon2,6.39E-14,-0.124,1103134,1103465,NW_019862778.1_1103134_1103465
LOC112058550,NW_019862778.1,-,MXE_exon2,2.33E-14,-0.147,1103134,1103476,NW_019862778.1_1103134_1103476
LOC112058550,NW_019862778.1,-,MXE_exon2,2.31E-13,-0.142,1103138,1103465,NW_019862778.1_1103138_1103465
LOC112058550,NW_019862778.1,-,MXE_exon2,2.33E-14,-0.12,1103134,1103464,NW_019862778.1_1103134_1103464
LOC112058550,NW_019862778.1,-,MXE_exon2,2.33E-14,-0.118,1103134,1103476,NW_019862778.1_1103134_1103476
LOC112058550,NW_019862778.1,-,MXE_exon2,1.23E-13,-0.122,1103138,1103465,NW_019862778.1_1103138_1103465
LOC112058550,NW_019862778.1,-,MXE_exon2,2.33E-14,-0.147,1103134,1103464,NW_019862778.1_1103134_1103464
LOC112058550,NW_019862778.1,-,MXE_exon2,6.39E-14,-0.123,1103134,1103465,NW_019862778.1_1103134_1103465
LOC112058550,NW_019862778.1,-,MXE_exon2,2.33E-14,-0.147,1103134,1103476,NW_019862778.1_1103134_1103476
LOC112058550,NW_019862778.1,-,MXE_exon2,2.31E-13,-0.142,1103138,1103465,NW_019862778.1_1103138_1103465
LOC112058550,NW_019862778.1,-,MXE_exon2,0,-0.151,1103134,1103464,NW_019862778.1_1103134_1103464
LOC112058550,NW_019862778.1,-,MXE_exon2,2.33E-14,-0.121,1103134,1103465,NW_019862778.1_1103134_1103465
LOC112058550,NW_019862778.1,-,MXE_exon2,0,-0.151,1103134,1103476,NW_019862778.1_1103134_1103476
LOC112058550,NW_019862778.1,-,MXE_exon2,6.39E-14,-0.144,1103138,1103465,NW_019862778.1_1103138_1103465
LOC112058550,NW_019862778.1,-,MXE_exon2,0,-0.123,1103134,1103464,NW_019862778.1_1103134_1103464
LOC112058550,NW_019862778.1,-,MXE_exon2,0,-0.072,1103134,1103465,NW_019862778.1_1103134_1103465
LOC112058550,NW_019862778.1,-,MXE_exon2,0,-0.124,1103134,1103476,NW_019862778.1_1103134_1103476
LOC112058550,NW_019862778.1,-,MXE_exon2,4.40E-14,-0.112,1103138,1103465,NW_019862778.1_1103138_1103465
LOC112058550,NW_019862778.1,-,MXE_exon2,4.40E-14,-0.038,1103134,1103464,NW_019862778.1_1103134_1103464
LOC112058550,NW_019862778.1,-,MXE_exon2,1.03E-13,-0.016,1103134,1103465,NW_019862778.1_1103134_1103465
LOC112058550,NW_019862778.1,-,MXE_exon2,4.40E-14,-0.039,1103134,1103476,NW_019862778.1_1103134_1103476
LOC112058550,NW_019862778.1,-,MXE_exon2,2.48E-13,-0.033,1103138,1103465,NW_019862778.1_1103138_1103465
LOC112052001,NW_019863118.1,-,MXE_exon2,0.00079448,0.044,162344,162589,NW_019863118.1_162344_162589
LOC112052001,NW_019863118.1,-,MXE_exon2,0.00079448,0.044,162344,162589,NW_019863118.1_162344_162589
LOC112047231,NW_019862885.1,-,MXE_exon2,1.54E-10,-0.194,593345,593741,NW_019862885.1_593345_593741
LOC112047231,NW_019862885.1,-,MXE_exon2,9.30E-13,-0.197,593345,593774,NW_019862885.1_593345_593774
LOC112047231,NW_019862885.1,-,MXE_exon2,0,-0.208,593345,593847,NW_019862885.1_593345_593847
LOC112051523,NW_019863087.1,+,MXE_exon2,1.01E-07,0.105,159751,160323,NW_019863087.1_159751_160323
LOC112051523,NW_019863087.1,+,MXE_exon2,1.01E-07,0.105,159776,160323,NW_019863087.1_159776_160323
LOC112051523,NW_019863087.1,+,MXE_exon2,1.01E-07,0.105,159807,160323,NW_019863087.1_159807_160323
LOC112051523,NW_019863087.1,+,MXE_exon2,1.01E-07,0.105,159814,160323,NW_019863087.1_159814_160323
LOC112051523,NW_019863087.1,+,MXE_exon2,1.01E-07,0.105,159832,160323,NW_019863087.1_159832_160323
LOC112051523,NW_019863087.1,+,MXE_exon2,1.01E-07,0.105,159842,160323,NW_019863087.1_159842_160323
LOC112051523,NW_019863087.1,+,MXE_exon2,1.01E-07,0.104,159858,160323,NW_019863087.1_159858_160323
LOC112051523,NW_019863087.1,+,MXE_exon2,1.02E-07,0.104,159877,160323,NW_019863087.1_159877_160323
LOC112051523,NW_019863087.1,+,MXE_exon2,1.02E-07,0.105,159898,160323,NW_019863087.1_159898_160323
LOC112051523,NW_019863087.1,+,MXE_exon2,1.01E-07,0.105,159925,160323,NW_019863087.1_159925_160323
LOC112051523,NW_019863087.1,+,MXE_exon2,9.99E-08,0.105,159944,160323,NW_019863087.1_159944_160323
LOC112051523,NW_019863087.1,+,MXE_exon2,1.03E-07,0.104,159976,160323,NW_019863087.1_159976_160323
LOC112051523,NW_019863087.1,+,MXE_exon2,1.05E-07,0.104,159981,160323,NW_019863087.1_159981_160323
LOC112051523,NW_019863087.1,+,MXE_exon2,3.17E-06,-0.014,159751,160323,NW_019863087.1_159751_160323
LOC112051523,NW_019863087.1,+,MXE_exon2,3.17E-06,-0.014,159776,160323,NW_019863087.1_159776_160323
LOC112051523,NW_019863087.1,+,MXE_exon2,3.17E-06,-0.014,159807,160323,NW_019863087.1_159807_160323
LOC112051523,NW_019863087.1,+,MXE_exon2,3.17E-06,-0.014,159814,160323,NW_019863087.1_159814_160323
LOC112051523,NW_019863087.1,+,MXE_exon2,3.17E-06,-0.014,159832,160323,NW_019863087.1_159832_160323
LOC112051523,NW_019863087.1,+,MXE_exon2,3.17E-06,-0.014,159842,160323,NW_019863087.1_159842_160323
LOC112051523,NW_019863087.1,+,MXE_exon2,3.19E-06,-0.014,159858,160323,NW_019863087.1_159858_160323
LOC112051523,NW_019863087.1,+,MXE_exon2,3.18E-06,-0.014,159877,160323,NW_019863087.1_159877_160323
LOC112051523,NW_019863087.1,+,MXE_exon2,3.17E-06,-0.014,159898,160323,NW_019863087.1_159898_160323
LOC112051523,NW_019863087.1,+,MXE_exon2,3.17E-06,-0.014,159925,160323,NW_019863087.1_159925_160323
LOC112051523,NW_019863087.1,+,MXE_exon2,3.18E-06,-0.014,159944,160323,NW_019863087.1_159944_160323
LOC112051523,NW_019863087.1,+,MXE_exon2,3.48E-06,-0.014,159976,160323,NW_019863087.1_159976_160323
LOC112051523,NW_019863087.1,+,MXE_exon2,4.58E-06,-0.014,159981,160323,NW_019863087.1_159981_160323
LOC112051523,NW_019863087.1,+,MXE_exon2,0.00031698,-0.011,169570,169964,NW_019863087.1_169570_169964
LOC112051523,NW_019863087.1,+,MXE_exon2,0.024179114,0.059,169700,169964,NW_019863087.1_169700_169964
LOC112051523,NW_019863087.1,+,MXE_exon2,7.13E-12,0.117,179157,179694,NW_019863087.1_179157_179694
LOC112051523,NW_019863087.1,+,MXE_exon2,0.000458411,0.082,179358,179686,NW_019863087.1_179358_179686
LOC112051523,NW_019863087.1,+,MXE_exon2,0.001219396,0.078,179358,179690,NW_019863087.1_179358_179690
LOC112051523,NW_019863087.1,+,MXE_exon2,0.001041754,0.077,179358,179693,NW_019863087.1_179358_179693
LOC112051523,NW_019863087.1,+,MXE_exon2,7.17E-08,0.071,179358,179694,NW_019863087.1_179358_179694
LOC112051523,NW_019863087.1,+,MXE_exon2,0.001143423,0.078,179358,179913,NW_019863087.1_179358_179913
LOC112051523,NW_019863087.1,+,MXE_exon2,7.21E-05,0.021,179382,179686,NW_019863087.1_179382_179686
LOC112051523,NW_019863087.1,+,MXE_exon2,0.00010046,0.02,179382,179690,NW_019863087.1_179382_179690
LOC112051523,NW_019863087.1,+,MXE_exon2,0.000169361,0.019,179382,179693,NW_019863087.1_179382_179693
LOC112051523,NW_019863087.1,+,MXE_exon2,6.72E-11,0.113,179382,179694,NW_019863087.1_179382_179694
LOC112051523,NW_019863087.1,+,MXE_exon2,0.00014599,0.018,179382,179913,NW_019863087.1_179382_179913
LOC112051523,NW_019863087.1,+,MXE_exon2,2.29E-10,0.114,179391,179694,NW_019863087.1_179391_179694
LOC112051523,NW_019863087.1,+,MXE_exon2,2.15E-13,0.134,179157,179694,NW_019863087.1_179157_179694
LOC112051523,NW_019863087.1,+,MXE_exon2,0.000319912,0.092,179358,179686,NW_019863087.1_179358_179686
LOC112051523,NW_019863087.1,+,MXE_exon2,0.000909362,0.088,179358,179690,NW_019863087.1_179358_179690
LOC112051523,NW_019863087.1,+,MXE_exon2,0.000749747,0.088,179358,179693,NW_019863087.1_179358_179693
LOC112051523,NW_019863087.1,+,MXE_exon2,4.25E-09,0.086,179358,179694,NW_019863087.1_179358_179694
LOC112051523,NW_019863087.1,+,MXE_exon2,0.000766838,0.089,179358,179913,NW_019863087.1_179358_179913
LOC112051523,NW_019863087.1,+,MXE_exon2,0.003414161,0.017,179382,179686,NW_019863087.1_179382_179686
LOC112051523,NW_019863087.1,+,MXE_exon2,0.004728215,0.017,179382,179690,NW_019863087.1_179382_179690
LOC112051523,NW_019863087.1,+,MXE_exon2,0.005982,0.016,179382,179693,NW_019863087.1_179382_179693
LOC112051523,NW_019863087.1,+,MXE_exon2,2.28E-12,0.129,179382,179694,NW_019863087.1_179382_179694
LOC112051523,NW_019863087.1,+,MXE_exon2,0.007179429,0.016,179382,179913,NW_019863087.1_179382_179913
LOC112051523,NW_019863087.1,+,MXE_exon2,8.43E-12,0.129,179391,179694,NW_019863087.1_179391_179694
LOC112051523,NW_019863087.1,+,MXE_exon2,1.96E-13,0.148,179157,179694,NW_019863087.1_179157_179694
LOC112051523,NW_019863087.1,+,MXE_exon2,0.000137338,0.087,179358,179686,NW_019863087.1_179358_179686
LOC112051523,NW_019863087.1,+,MXE_exon2,0.00043352,0.083,179358,179690,NW_019863087.1_179358_179690
LOC112051523,NW_019863087.1,+,MXE_exon2,0.000354913,0.083,179358,179693,NW_019863087.1_179358_179693
LOC112051523,NW_019863087.1,+,MXE_exon2,0.000330937,0.083,179358,179913,NW_019863087.1_179358_179913
LOC112051523,NW_019863087.1,+,MXE_exon2,2.32E-12,0.143,179382,179694,NW_019863087.1_179382_179694
LOC112051523,NW_019863087.1,+,MXE_exon2,8.92E-12,0.14,179391,179694,NW_019863087.1_179391_179694
LOC112051523,NW_019863087.1,+,MXE_exon2,6.19E-06,0.128,182970,183186,NW_019863087.1_182970_183186
LOC112051523,NW_019863087.1,+,MXE_exon2,0.040892861,0.072,187387,187730,NW_019863087.1_187387_187730
LOC112051523,NW_019863087.1,+,MXE_exon2,8.43E-06,0.096,190430,190675,NW_019863087.1_190430_190675
LOC112044491,NW_019862810.1,+,MXE_exon2,0.000734355,0.184,733670,733986,NW_019862810.1_733670_733986
LOC112044491,NW_019862810.1,+,MXE_exon2,0.00374881,0.042,734430,734744,NW_019862810.1_734430_734744
LOC112044491,NW_019862810.1,+,MXE_exon2,0.005535203,0.044,734430,734744,NW_019862810.1_734430_734744
LOC112044491,NW_019862810.1,+,MXE_exon2,0.007800049,0.046,734430,734744,NW_019862810.1_734430_734744
LOC112044491,NW_019862810.1,+,MXE_exon2,0.008144562,0.046,734430,734744,NW_019862810.1_734430_734744
LOC112058474,NW_019862777.1,-,MXE_exon2,8.46E-06,0.199,809682,810007,NW_019862777.1_809682_810007
LOC112049759,NW_019862988.1,+,MXE_exon2,0.045883968,0.123,260473,260829,NW_019862988.1_260473_260829
LOC112047434,NW_019862893.1,-,MXE_exon2,0,0.19,381650,381931,NW_019862893.1_381650_381931
LOC112047434,NW_019862893.1,-,MXE_exon2,1.63E-13,0.121,381715,381931,NW_019862893.1_381715_381931
LOC112047434,NW_019862893.1,-,MXE_exon2,3.60E-13,0.101,381715,381931,NW_019862893.1_381715_381931
LOC112043045,NW_019862784.1,+,MXE_exon2,1.60E-08,-0.481,1526941,1527296,NW_019862784.1_1526941_1527296
LOC112043045,NW_019862784.1,+,MXE_exon2,6.44E-05,-0.29,1526941,1527296,NW_019862784.1_1526941_1527296
LOC112046894,NW_019862874.1,+,MXE_exon2,4.82E-09,-0.045,271770,272397,NW_019862874.1_271770_272397
LOC112046894,NW_019862874.1,+,MXE_exon2,5.64E-07,-0.038,272120,272397,NW_019862874.1_272120_272397
LOC112046894,NW_019862874.1,+,MXE_exon2,3.44E-07,-0.027,272120,272397,NW_019862874.1_272120_272397
LOC112046894,NW_019862874.1,+,MXE_exon2,5.64E-07,-0.038,272120,272397,NW_019862874.1_272120_272397
LOC112046894,NW_019862874.1,+,MXE_exon2,5.64E-07,-0.038,272120,272397,NW_019862874.1_272120_272397
LOC112046894,NW_019862874.1,+,MXE_exon2,5.61E-07,-0.038,272120,272397,NW_019862874.1_272120_272397
LOC112046226,NW_019862850.1,+,MXE_exon2,0.000177236,0.167,552052,552388,NW_019862850.1_552052_552388
LOC112054600,NW_019863381.1,-,MXE_exon2,0.049835228,0.223,61519,61959,NW_019863381.1_61519_61959
LOC112056342,NW_019863781.1,+,MXE_exon2,6.18E-05,-0.115,17506,17914,NW_019863781.1_17506_17914
LOC112056342,NW_019863781.1,+,MXE_exon2,6.44E-05,-0.162,17538,17914,NW_019863781.1_17538_17914
LOC112045818,NW_019862841.1,-,MXE_exon2,0.003498067,0.116,852798,853290,NW_019862841.1_852798_853290
LOC112045818,NW_019862841.1,-,MXE_exon2,0.000545832,0.511,852958,853290,NW_019862841.1_852958_853290
LOC112045818,NW_019862841.1,-,MXE_exon2,4.33E-13,0.592,852958,853290,NW_019862841.1_852958_853290
LOC112045818,NW_019862841.1,-,MXE_exon2,1.09E-08,0.697,852958,853290,NW_019862841.1_852958_853290
LOC112045818,NW_019862841.1,-,MXE_exon2,0.042433245,0.246,852958,853281,NW_019862841.1_852958_853281
LOC112045818,NW_019862841.1,-,MXE_exon2,1.21E-09,0.573,852958,853290,NW_019862841.1_852958_853290
LOC112045818,NW_019862841.1,-,MXE_exon2,9.47E-07,0.411,852958,853290,NW_019862841.1_852958_853290
LOC112045818,NW_019862841.1,-,MXE_exon2,0.042370389,0.239,852958,853281,NW_019862841.1_852958_853281
LOC112045818,NW_019862841.1,-,MXE_exon2,4.67E-05,0.508,852958,853290,NW_019862841.1_852958_853290
LOC112050847,NW_019863046.1,-,MXE_exon2,3.36E-05,0.046,232576,232874,NW_019863046.1_232576_232874
LOC112050847,NW_019863046.1,-,MXE_exon2,0.002063953,0.029,232576,232937,NW_019863046.1_232576_232937
LOC112047033,NW_019862881.1,-,MXE_exon2,5.24E-06,-0.556,302395,302662,NW_019862881.1_302395_302662
LOC112047033,NW_019862881.1,-,MXE_exon2,0.003461758,-0.359,302395,302662,NW_019862881.1_302395_302662
LOC112046332,NW_019862855.1,-,MXE_exon2,0.000204533,0.056,630623,631016,NW_019862855.1_630623_631016
LOC112046332,NW_019862855.1,-,MXE_exon2,0.00050449,0.034,630623,631016,NW_019862855.1_630623_631016
LOC112046332,NW_019862855.1,-,MXE_exon2,3.90E-08,0.101,636793,637209,NW_019862855.1_636793_637209
LOC112046332,NW_019862855.1,-,MXE_exon2,0,0.067,639342,639713,NW_019862855.1_639342_639713
LOC112046332,NW_019862855.1,-,MXE_exon2,0,0.067,639342,639713,NW_019862855.1_639342_639713
LOC112046332,NW_019862855.1,-,MXE_exon2,0,0.04,639342,639713,NW_019862855.1_639342_639713
LOC112046332,NW_019862855.1,-,MXE_exon2,0,0.067,639342,639713,NW_019862855.1_639342_639713
LOC112046332,NW_019862855.1,-,MXE_exon2,1.41E-08,0.083,639342,639713,NW_019862855.1_639342_639713
LOC112058207,NW_019862772.1,+,MXE_exon2,0.024257756,0.001,1705440,1705920,NW_019862772.1_1705440_1705920
LOC112058207,NW_019862772.1,+,MXE_exon2,0.024257756,0.001,1705440,1706133,NW_019862772.1_1705440_1706133
LOC112058207,NW_019862772.1,+,MXE_exon2,1.78E-06,0.034,1705440,1705920,NW_019862772.1_1705440_1705920
LOC112058207,NW_019862772.1,+,MXE_exon2,1.78E-06,0.034,1705440,1706133,NW_019862772.1_1705440_1706133
LOC112058207,NW_019862772.1,+,MXE_exon2,0.024257756,0.001,1705440,1705920,NW_019862772.1_1705440_1705920
LOC112058207,NW_019862772.1,+,MXE_exon2,0.024257756,0.001,1705440,1706133,NW_019862772.1_1705440_1706133
LOC112058207,NW_019862772.1,+,MXE_exon2,0.040038379,0.326,1705440,1705920,NW_019862772.1_1705440_1705920
LOC112058207,NW_019862772.1,+,MXE_exon2,0.040038379,0.326,1705440,1706133,NW_019862772.1_1705440_1706133
LOC112058207,NW_019862772.1,+,MXE_exon2,0.042969331,0.324,1705440,1705920,NW_019862772.1_1705440_1705920
LOC112058207,NW_019862772.1,+,MXE_exon2,0.042969331,0.324,1705440,1706133,NW_019862772.1_1705440_1706133
LOC112058207,NW_019862772.1,+,MXE_exon2,0.021825383,-0.037,1705440,1705922,NW_019862772.1_1705440_1705922
LOC112058207,NW_019862772.1,+,MXE_exon2,0.015838752,-0.048,1706191,1706558,NW_019862772.1_1706191_1706558
LOC112052141,NW_019863130.1,-,MXE_exon2,0.000223923,0.186,90385,90663,NW_019863130.1_90385_90663
LOC112048398,NW_019862929.1,+,MXE_exon2,0.008106173,-0.104,270034,270280,NW_019862929.1_270034_270280
LOC112049794,NW_019862756.1,-,MXE_exon2,4.77E-08,0.039,399749,400378,NW_019862756.1_399749_400378
LOC112049503,NW_019862976.1,-,MXE_exon2,0,-0.223,436710,437236,NW_019862976.1_436710_437236
LOC112049503,NW_019862976.1,-,MXE_exon2,0,-0.223,436827,437236,NW_019862976.1_436827_437236
LOC112049503,NW_019862976.1,-,MXE_exon2,0,-0.332,436973,437236,NW_019862976.1_436973_437236
LOC112049503,NW_019862976.1,-,MXE_exon2,0,-0.242,436973,437377,NW_019862976.1_436973_437377
LOC112049503,NW_019862976.1,-,MXE_exon2,0,-0.259,436975,437236,NW_019862976.1_436975_437236
LOC112049503,NW_019862976.1,-,MXE_exon2,0,-0.186,436710,437236,NW_019862976.1_436710_437236
LOC112049503,NW_019862976.1,-,MXE_exon2,0,-0.186,436827,437236,NW_019862976.1_436827_437236
LOC112049503,NW_019862976.1,-,MXE_exon2,0,-0.332,436973,437236,NW_019862976.1_436973_437236
LOC112049503,NW_019862976.1,-,MXE_exon2,0,-0.203,436973,437377,NW_019862976.1_436973_437377
LOC112049503,NW_019862976.1,-,MXE_exon2,0,-0.222,436975,437236,NW_019862976.1_436975_437236
LOC112049503,NW_019862976.1,-,MXE_exon2,0,-0.229,436710,437236,NW_019862976.1_436710_437236
LOC112049503,NW_019862976.1,-,MXE_exon2,0,-0.229,436827,437236,NW_019862976.1_436827_437236
LOC112049503,NW_019862976.1,-,MXE_exon2,0,-0.329,436973,437236,NW_019862976.1_436973_437236
LOC112049503,NW_019862976.1,-,MXE_exon2,0,-0.247,436973,437377,NW_019862976.1_436973_437377
LOC112049503,NW_019862976.1,-,MXE_exon2,0,-0.264,436975,437236,NW_019862976.1_436975_437236
LOC112049503,NW_019862976.1,-,MXE_exon2,0,-0.074,436710,437236,NW_019862976.1_436710_437236
LOC112049503,NW_019862976.1,-,MXE_exon2,0,-0.074,436827,437236,NW_019862976.1_436827_437236
LOC112049503,NW_019862976.1,-,MXE_exon2,0,-0.082,436973,437377,NW_019862976.1_436973_437377
LOC112049503,NW_019862976.1,-,MXE_exon2,0,-0.095,436975,437236,NW_019862976.1_436975_437236
LOC112049503,NW_019862976.1,-,MXE_exon2,0,-0.189,436710,437236,NW_019862976.1_436710_437236
LOC112049503,NW_019862976.1,-,MXE_exon2,0,-0.189,436827,437236,NW_019862976.1_436827_437236
LOC112049503,NW_019862976.1,-,MXE_exon2,0,-0.327,436973,437236,NW_019862976.1_436973_437236
LOC112049503,NW_019862976.1,-,MXE_exon2,0,-0.206,436973,437377,NW_019862976.1_436973_437377
LOC112049503,NW_019862976.1,-,MXE_exon2,0,-0.225,436975,437236,NW_019862976.1_436975_437236
LOC112049503,NW_019862976.1,-,MXE_exon2,0,-0.194,436710,437236,NW_019862976.1_436710_437236
LOC112049503,NW_019862976.1,-,MXE_exon2,0,-0.194,436827,437236,NW_019862976.1_436827_437236
LOC112049503,NW_019862976.1,-,MXE_exon2,0,-0.332,436973,437236,NW_019862976.1_436973_437236
LOC112049503,NW_019862976.1,-,MXE_exon2,0,-0.212,436973,437377,NW_019862976.1_436973_437377
LOC112049503,NW_019862976.1,-,MXE_exon2,0,-0.23,436975,437236,NW_019862976.1_436975_437236
LOC112049503,NW_019862976.1,-,MXE_exon2,5.89E-09,0.018,437518,437781,NW_019862976.1_437518_437781
LOC112049503,NW_019862976.1,-,MXE_exon2,5.83E-09,0.018,437518,437781,NW_019862976.1_437518_437781
LOC112049503,NW_019862976.1,-,MXE_exon2,3.53E-10,0.018,437518,437781,NW_019862976.1_437518_437781
LOC112049503,NW_019862976.1,-,MXE_exon2,4.00E-09,0.013,437518,437781,NW_019862976.1_437518_437781
LOC112049503,NW_019862976.1,-,MXE_exon2,0.003376135,0.072,441669,441940,NW_019862976.1_441669_441940
LOC112049503,NW_019862976.1,-,MXE_exon2,0.003376135,0.072,441669,441940,NW_019862976.1_441669_441940
LOC112049503,NW_019862976.1,-,MXE_exon2,0.018722628,0.127,441520,441940,NW_019862976.1_441520_441940
LOC112049503,NW_019862976.1,-,MXE_exon2,0.003312835,0.073,441669,441940,NW_019862976.1_441669_441940
LOC112049503,NW_019862976.1,-,MXE_exon2,0.003376135,0.072,441669,441940,NW_019862976.1_441669_441940
LOC112049503,NW_019862976.1,-,MXE_exon2,0.00374881,0.073,441669,441940,NW_019862976.1_441669_441940
LOC112049503,NW_019862976.1,-,MXE_exon2,0.003984378,0.073,441669,441940,NW_019862976.1_441669_441940
LOC112049503,NW_019862976.1,-,MXE_exon2,0.016544456,0.09,441520,441940,NW_019862976.1_441520_441940
LOC112049503,NW_019862976.1,-,MXE_exon2,0.035388346,0.097,441665,441940,NW_019862976.1_441665_441940
LOC112049503,NW_019862976.1,-,MXE_exon2,0.003211522,0.093,441669,441940,NW_019862976.1_441669_441940
LOC112049503,NW_019862976.1,-,MXE_exon2,0.048088471,0.083,441676,441940,NW_019862976.1_441676_441940
LOC112049503,NW_019862976.1,-,MXE_exon2,0.000179558,0.047,441520,441940,NW_019862976.1_441520_441940
LOC112049503,NW_019862976.1,-,MXE_exon2,0.001323795,0.056,441665,441940,NW_019862976.1_441665_441940
LOC112049503,NW_019862976.1,-,MXE_exon2,0.001219879,0.044,441676,441940,NW_019862976.1_441676_441940
LOC112049503,NW_019862976.1,-,MXE_exon2,0,0.194,441341,441940,NW_019862976.1_441341_441940
LOC112049503,NW_019862976.1,-,MXE_exon2,0,0.194,441344,441940,NW_019862976.1_441344_441940
LOC112049503,NW_019862976.1,-,MXE_exon2,0,0.194,441520,441940,NW_019862976.1_441520_441940
LOC112049503,NW_019862976.1,-,MXE_exon2,0,0.169,441665,441940,NW_019862976.1_441665_441940
LOC112049503,NW_019862976.1,-,MXE_exon2,0,0.172,441676,441940,NW_019862976.1_441676_441940
LOC112049503,NW_019862976.1,-,MXE_exon2,0.008367624,-0.491,450748,451167,NW_019862976.1_450748_451167
LOC112051201,NW_019863068.1,-,MXE_exon2,0.003389707,0.082,185517,185792,NW_019863068.1_185517_185792
LOC112048417,NW_019862929.1,-,MXE_exon2,0.010772989,0.053,267612,267900,NW_019862929.1_267612_267900
LOC112055942,NW_019863661.1,+,MXE_exon2,0.028996312,0.169,16225,16624,NW_019863661.1_16225_16624
LOC112055942,NW_019863661.1,+,MXE_exon2,0.02504046,0.171,16225,16624,NW_019863661.1_16225_16624
LOC112055942,NW_019863661.1,+,MXE_exon2,0.028996312,0.169,16225,16624,NW_019863661.1_16225_16624
LOC112051905,NW_019863111.1,-,MXE_exon2,1.32E-09,0.079,146720,147013,NW_019863111.1_146720_147013
LOC112051905,NW_019863111.1,-,MXE_exon2,2.36E-08,0.077,146720,147013,NW_019863111.1_146720_147013
LOC112051905,NW_019863111.1,-,MXE_exon2,8.85E-06,0.066,146720,147013,NW_019863111.1_146720_147013
LOC112046462,NW_019862858.1,+,MXE_exon2,0.000166172,-0.035,451202,451450,NW_019862858.1_451202_451450
LOC112058542,NW_019862778.1,-,MXE_exon2,6.52E-05,0.229,1051490,1051781,NW_019862778.1_1051490_1051781
LOC112058542,NW_019862778.1,-,MXE_exon2,6.01E-07,0.218,1051490,1051872,NW_019862778.1_1051490_1051872
LOC112058542,NW_019862778.1,-,MXE_exon2,5.97E-07,0.217,1051490,1051883,NW_019862778.1_1051490_1051883
LOC112058542,NW_019862778.1,-,MXE_exon2,6.01E-07,0.218,1051490,1052132,NW_019862778.1_1051490_1052132
LOC112058542,NW_019862778.1,-,MXE_exon2,0.000167755,0.231,1051490,1051781,NW_019862778.1_1051490_1051781
LOC112058542,NW_019862778.1,-,MXE_exon2,4.95E-06,0.227,1051490,1051872,NW_019862778.1_1051490_1051872
LOC112058542,NW_019862778.1,-,MXE_exon2,4.95E-06,0.226,1051490,1051883,NW_019862778.1_1051490_1051883
LOC112058542,NW_019862778.1,-,MXE_exon2,9.71E-10,0.131,1051490,1052116,NW_019862778.1_1051490_1052116
LOC112058542,NW_019862778.1,-,MXE_exon2,4.95E-06,0.227,1051490,1052132,NW_019862778.1_1051490_1052132
LOC112055327,NW_019863501.1,+,MXE_exon2,0.002200393,0.173,64883,65276,NW_019863501.1_64883_65276
LOC112055327,NW_019863501.1,+,MXE_exon2,0.000838533,0.196,64883,65276,NW_019863501.1_64883_65276
LOC112055327,NW_019863501.1,+,MXE_exon2,0.000713172,-0.006,66059,67207,NW_019863501.1_66059_67207
LOC112055327,NW_019863501.1,+,MXE_exon2,6.81E-10,-0.024,66059,67207,NW_019863501.1_66059_67207
LOC112055327,NW_019863501.1,+,MXE_exon2,3.01E-09,-0.022,66059,67207,NW_019863501.1_66059_67207
LOC112055327,NW_019863501.1,+,MXE_exon2,0.004085347,-0.093,66059,67207,NW_019863501.1_66059_67207
LOC112055327,NW_019863501.1,+,MXE_exon2,5.08E-10,-0.024,66059,67207,NW_019863501.1_66059_67207
LOC112055327,NW_019863501.1,+,MXE_exon2,2.72E-10,-0.032,66059,67207,NW_019863501.1_66059_67207
LOC112042935,NW_019862782.1,-,MXE_exon2,0.020813502,-0.066,1151649,1152090,NW_019862782.1_1151649_1152090
LOC112042935,NW_019862782.1,-,MXE_exon2,0.040038379,-0.06,1151653,1152090,NW_019862782.1_1151653_1152090
LOC112042935,NW_019862782.1,-,MXE_exon2,0.023170104,-0.065,1151752,1152090,NW_019862782.1_1151752_1152090
LOC112042935,NW_019862782.1,-,MXE_exon2,1.73E-09,0.08,1153148,1153444,NW_019862782.1_1153148_1153444
LOC112042935,NW_019862782.1,-,MXE_exon2,1.34E-05,-0.045,1176464,1176977,NW_019862782.1_1176464_1176977
LOC112046298,NW_019862752.1,-,MXE_exon2,0.001251178,-0.412,2667110,2667360,NW_019862752.1_2667110_2667360
LOC112046298,NW_019862752.1,-,MXE_exon2,3.09E-05,-0.446,2667110,2667483,NW_019862752.1_2667110_2667483
LOC112046298,NW_019862752.1,-,MXE_exon2,3.09E-05,-0.446,2667110,2667545,NW_019862752.1_2667110_2667545
LOC112046298,NW_019862752.1,-,MXE_exon2,7.88E-05,-0.428,2667110,2667360,NW_019862752.1_2667110_2667360
LOC112046298,NW_019862752.1,-,MXE_exon2,5.00E-07,-0.461,2667110,2667483,NW_019862752.1_2667110_2667483
LOC112046298,NW_019862752.1,-,MXE_exon2,5.00E-07,-0.461,2667110,2667545,NW_019862752.1_2667110_2667545
LOC112046298,NW_019862752.1,-,MXE_exon2,0.043224787,-0.18,2667274,2667545,NW_019862752.1_2667274_2667545
LOC112046298,NW_019862752.1,-,MXE_exon2,0.001245811,-0.405,2667110,2667360,NW_019862752.1_2667110_2667360
LOC112046298,NW_019862752.1,-,MXE_exon2,2.28E-05,-0.437,2667110,2667483,NW_019862752.1_2667110_2667483
LOC112046298,NW_019862752.1,-,MXE_exon2,2.28E-05,-0.437,2667110,2667545,NW_019862752.1_2667110_2667545
LOC112046440,NW_019862857.1,-,MXE_exon2,4.93E-08,0.023,64682,65071,NW_019862857.1_64682_65071
LOC112046440,NW_019862857.1,-,MXE_exon2,1.07E-07,0.022,64682,65071,NW_019862857.1_64682_65071
LOC112046440,NW_019862857.1,-,MXE_exon2,0.042169694,-0.09,65638,66011,NW_019862857.1_65638_66011
LOC112046440,NW_019862857.1,-,MXE_exon2,1.96E-13,0.016,65638,66012,NW_019862857.1_65638_66012
LOC112046440,NW_019862857.1,-,MXE_exon2,2.98E-11,0.015,68683,69122,NW_019862857.1_68683_69122
LOC112046440,NW_019862857.1,-,MXE_exon2,8.79E-07,-0.019,68683,69014,NW_019862857.1_68683_69014
LOC112046440,NW_019862857.1,-,MXE_exon2,4.78E-05,-0.013,68683,69026,NW_019862857.1_68683_69026
LOC112046440,NW_019862857.1,-,MXE_exon2,1.48E-10,-0.02,68683,69114,NW_019862857.1_68683_69114
LOC112046440,NW_019862857.1,-,MXE_exon2,3.41E-05,-0.014,68683,69143,NW_019862857.1_68683_69143
LOC112046440,NW_019862857.1,-,MXE_exon2,0.034963572,-0.36,68683,69114,NW_019862857.1_68683_69114
LOC112046440,NW_019862857.1,-,MXE_exon2,0.00054232,-0.023,68683,69114,NW_019862857.1_68683_69114
LOC112053602,NW_019863259.1,-,MXE_exon2,0.017571433,0.43,239549,239915,NW_019863259.1_239549_239915
LOC112047844,NW_019862905.1,-,MXE_exon2,0,-0.02,641720,641984,NW_019862905.1_641720_641984
LOC112047612,NW_019862898.1,-,MXE_exon2,3.18E-06,-0.159,35436,35688,NW_019862898.1_35436_35688
LOC112057021,NW_019862764.1,+,MXE_exon2,0.000144643,0.063,1517095,1517431,NW_019862764.1_1517095_1517431
LOC112048050,NW_019862754.1,-,MXE_exon2,0.001774109,-0.059,1609421,1609745,NW_019862754.1_1609421_1609745
LOC112048050,NW_019862754.1,-,MXE_exon2,0,0.042,1610691,1610991,NW_019862754.1_1610691_1610991
LOC112048050,NW_019862754.1,-,MXE_exon2,0,0.068,1610691,1610991,NW_019862754.1_1610691_1610991
LOC112048050,NW_019862754.1,-,MXE_exon2,1.03E-13,0.148,1610691,1610991,NW_019862754.1_1610691_1610991
LOC112048050,NW_019862754.1,-,MXE_exon2,1.12E-06,0.237,1610691,1610992,NW_019862754.1_1610691_1610992
LOC112044972,NW_019862820.1,+,MXE_exon2,1.36E-12,0.236,245516,245943,NW_019862820.1_245516_245943
LOC112050534,NW_019863028.1,+,MXE_exon2,0.045540771,0.202,173784,174169,NW_019863028.1_173784_174169
LOC112047593,NW_019862897.1,-,MXE_exon2,0,-0.075,440022,440438,NW_019862897.1_440022_440438
LOC112047593,NW_019862897.1,-,MXE_exon2,0.00037896,-0.207,440022,440448,NW_019862897.1_440022_440448
LOC112052560,NW_019863158.1,-,MXE_exon2,1.26E-05,-0.067,171735,172157,NW_019863158.1_171735_172157
LOC112054102,NW_019863319.1,+,MXE_exon2,0.011772727,0.1,46032,46382,NW_019863319.1_46032_46382
LOC112054615,NW_019863384.1,-,MXE_exon2,0.00076948,0.162,41781,42056,NW_019863384.1_41781_42056
LOC112046693,NW_019862867.1,+,MXE_exon2,0,-0.185,673743,674011,NW_019862867.1_673743_674011
LOC112046693,NW_019862867.1,+,MXE_exon2,0,-0.09,673743,674132,NW_019862867.1_673743_674132
LOC112046693,NW_019862867.1,+,MXE_exon2,0,-0.129,673745,674132,NW_019862867.1_673745_674132
LOC112046693,NW_019862867.1,+,MXE_exon2,0,-0.129,673771,674132,NW_019862867.1_673771_674132
LOC112046693,NW_019862867.1,+,MXE_exon2,0,-0.19,673743,674127,NW_019862867.1_673743_674127
LOC112046693,NW_019862867.1,+,MXE_exon2,0,-0.262,673743,674011,NW_019862867.1_673743_674011
LOC112046693,NW_019862867.1,+,MXE_exon2,0,-0.212,673745,674132,NW_019862867.1_673745_674132
LOC112046693,NW_019862867.1,+,MXE_exon2,0,-0.212,673771,674132,NW_019862867.1_673771_674132
LOC112046693,NW_019862867.1,+,MXE_exon2,0,-0.179,673743,674011,NW_019862867.1_673743_674011
LOC112046693,NW_019862867.1,+,MXE_exon2,0,-0.092,673743,674132,NW_019862867.1_673743_674132
LOC112046693,NW_019862867.1,+,MXE_exon2,4.40E-14,-0.124,673745,674132,NW_019862867.1_673745_674132
LOC112046693,NW_019862867.1,+,MXE_exon2,2.33E-14,-0.124,673771,674132,NW_019862867.1_673771_674132
LOC112046693,NW_019862867.1,+,MXE_exon2,1.12E-08,0.066,675287,675529,NW_019862867.1_675287_675529
LOC112046693,NW_019862867.1,+,MXE_exon2,1.99E-07,0.072,675287,675619,NW_019862867.1_675287_675619
LOC112046693,NW_019862867.1,+,MXE_exon2,4.37E-06,-0.054,675354,675631,NW_019862867.1_675354_675631
LOC112046693,NW_019862867.1,+,MXE_exon2,0.006312956,-0.025,677477,677770,NW_019862867.1_677477_677770
LOC112046693,NW_019862867.1,+,MXE_exon2,0,-0.102,677478,677770,NW_019862867.1_677478_677770
LOC112045791,NW_019862841.1,+,MXE_exon2,0.041546706,-0.283,237050,237385,NW_019862841.1_237050_237385
LOC112049845,NW_019862994.1,-,MXE_exon2,0.012905638,-0.095,49221,49873,NW_019862994.1_49221_49873
LOC112049845,NW_019862994.1,-,MXE_exon2,0.009244541,-0.1,49221,49873,NW_019862994.1_49221_49873
LOC112049845,NW_019862994.1,-,MXE_exon2,0.022191787,-0.175,49473,49873,NW_019862994.1_49473_49873
LOC112048334,NW_019862754.1,+,MXE_exon2,0.000329035,0.016,2466770,2467126,NW_019862754.1_2466770_2467126
LOC112048035,NW_019862913.1,-,MXE_exon2,0.019496023,-0.045,291440,291873,NW_019862913.1_291440_291873
LOC112048035,NW_019862913.1,-,MXE_exon2,1.73E-05,-0.1,291440,291882,NW_019862913.1_291440_291882
LOC112049779,NW_019862748.1,+,MXE_exon2,9.03E-08,0.089,3036090,3036406,NW_019862748.1_3036090_3036406
LOC112049779,NW_019862748.1,+,MXE_exon2,6.91E-06,0.061,3036090,3036444,NW_019862748.1_3036090_3036444
LOC112049779,NW_019862748.1,+,MXE_exon2,1.18E-05,0.104,3036090,3036406,NW_019862748.1_3036090_3036406
LOC112049779,NW_019862748.1,+,MXE_exon2,4.63E-05,0.08,3036090,3036444,NW_019862748.1_3036090_3036444
LOC112049779,NW_019862748.1,+,MXE_exon2,1.82E-05,0.009,3036090,3036444,NW_019862748.1_3036090_3036444
LOC112049779,NW_019862748.1,+,MXE_exon2,3.92E-05,0.083,3036090,3036406,NW_019862748.1_3036090_3036406
LOC112049779,NW_019862748.1,+,MXE_exon2,0.000502618,0.06,3036090,3036444,NW_019862748.1_3036090_3036444
LOC112049779,NW_019862748.1,+,MXE_exon2,8.48E-06,0.092,3036090,3036406,NW_019862748.1_3036090_3036406
LOC112049779,NW_019862748.1,+,MXE_exon2,0.000192323,0.067,3036090,3036444,NW_019862748.1_3036090_3036444
LOC112052763,NW_019863173.1,+,MXE_exon2,0.002631367,0.043,78792,79122,NW_019863173.1_78792_79122
LOC112051410,NW_019863081.1,+,MXE_exon2,0.020265005,-0.091,372825,373159,NW_019863081.1_372825_373159
LOC112051410,NW_019863081.1,+,MXE_exon2,0.020773928,-0.093,372825,373159,NW_019863081.1_372825_373159
LOC112045821,NW_019862841.1,-,MXE_exon2,3.49E-07,-0.316,88919,89235,NW_019862841.1_88919_89235
LOC112044157,NW_019862804.1,+,MXE_exon2,2.44E-06,-0.495,659334,659787,NW_019862804.1_659334_659787
LOC112044157,NW_019862804.1,+,MXE_exon2,0.001251178,-0.42,659393,659787,NW_019862804.1_659393_659787
LOC112044157,NW_019862804.1,+,MXE_exon2,2.10E-05,-0.471,659405,659787,NW_019862804.1_659405_659787
LOC112044157,NW_019862804.1,+,MXE_exon2,8.97E-07,-0.504,659414,659787,NW_019862804.1_659414_659787
LOC112044157,NW_019862804.1,+,MXE_exon2,0.003376135,-0.434,659393,659787,NW_019862804.1_659393_659787
LOC112044157,NW_019862804.1,+,MXE_exon2,1.11E-06,-0.505,659405,659787,NW_019862804.1_659405_659787
LOC112044157,NW_019862804.1,+,MXE_exon2,3.92E-06,-0.485,659410,659787,NW_019862804.1_659410_659787
LOC112044157,NW_019862804.1,+,MXE_exon2,4.37E-06,-0.491,659446,659787,NW_019862804.1_659446_659787
LOC112044157,NW_019862804.1,+,MXE_exon2,1.04E-06,-0.502,659334,659787,NW_019862804.1_659334_659787
LOC112044157,NW_019862804.1,+,MXE_exon2,0.000587265,-0.431,659393,659787,NW_019862804.1_659393_659787
LOC112044157,NW_019862804.1,+,MXE_exon2,8.98E-06,-0.479,659405,659787,NW_019862804.1_659405_659787
LOC112044157,NW_019862804.1,+,MXE_exon2,3.55E-07,-0.511,659414,659787,NW_019862804.1_659414_659787
LOC112044157,NW_019862804.1,+,MXE_exon2,0.002099585,-0.445,659393,659787,NW_019862804.1_659393_659787
LOC112044157,NW_019862804.1,+,MXE_exon2,6.06E-07,-0.508,659405,659787,NW_019862804.1_659405_659787
LOC112044157,NW_019862804.1,+,MXE_exon2,2.05E-06,-0.491,659410,659787,NW_019862804.1_659410_659787
LOC112044157,NW_019862804.1,+,MXE_exon2,2.55E-06,-0.494,659446,659787,NW_019862804.1_659446_659787
LOC112044157,NW_019862804.1,+,MXE_exon2,4.33E-06,-0.49,659334,659787,NW_019862804.1_659334_659787
LOC112044157,NW_019862804.1,+,MXE_exon2,0.001929377,-0.415,659393,659787,NW_019862804.1_659393_659787
LOC112044157,NW_019862804.1,+,MXE_exon2,3.62E-05,-0.466,659405,659787,NW_019862804.1_659405_659787
LOC112044157,NW_019862804.1,+,MXE_exon2,1.60E-06,-0.499,659414,659787,NW_019862804.1_659414_659787
LOC112044157,NW_019862804.1,+,MXE_exon2,1.25E-06,-0.501,659334,659787,NW_019862804.1_659334_659787
LOC112044157,NW_019862804.1,+,MXE_exon2,2.32E-05,-0.474,659393,659787,NW_019862804.1_659393_659787
LOC112044157,NW_019862804.1,+,MXE_exon2,1.25E-06,-0.501,659405,659787,NW_019862804.1_659405_659787
LOC112044157,NW_019862804.1,+,MXE_exon2,1.21E-06,-0.502,659410,659787,NW_019862804.1_659410_659787
LOC112044157,NW_019862804.1,+,MXE_exon2,5.26E-06,-0.487,659446,659787,NW_019862804.1_659446_659787
LOC112044157,NW_019862804.1,+,MXE_exon2,0.001458413,-0.449,659393,659787,NW_019862804.1_659393_659787
LOC112044157,NW_019862804.1,+,MXE_exon2,3.65E-07,-0.514,659405,659787,NW_019862804.1_659405_659787
LOC112044157,NW_019862804.1,+,MXE_exon2,1.36E-06,-0.495,659410,659787,NW_019862804.1_659410_659787
LOC112044157,NW_019862804.1,+,MXE_exon2,1.57E-06,-0.5,659446,659787,NW_019862804.1_659446_659787
LOC112044157,NW_019862804.1,+,MXE_exon2,1.25E-06,-0.501,659334,659787,NW_019862804.1_659334_659787
LOC112044157,NW_019862804.1,+,MXE_exon2,0.000757184,-0.426,659393,659787,NW_019862804.1_659393_659787
LOC112044157,NW_019862804.1,+,MXE_exon2,1.11E-05,-0.477,659405,659787,NW_019862804.1_659405_659787
LOC112044157,NW_019862804.1,+,MXE_exon2,4.45E-07,-0.51,659414,659787,NW_019862804.1_659414_659787
LOC112044157,NW_019862804.1,+,MXE_exon2,0.003334897,-0.432,659393,659787,NW_019862804.1_659393_659787
LOC112044157,NW_019862804.1,+,MXE_exon2,1.12E-06,-0.502,659405,659787,NW_019862804.1_659405_659787
LOC112044157,NW_019862804.1,+,MXE_exon2,3.94E-06,-0.482,659410,659787,NW_019862804.1_659410_659787
LOC112044157,NW_019862804.1,+,MXE_exon2,4.37E-06,-0.488,659446,659787,NW_019862804.1_659446_659787
LOC112044157,NW_019862804.1,+,MXE_exon2,1.25E-06,-0.497,659334,659787,NW_019862804.1_659334_659787
LOC112044157,NW_019862804.1,+,MXE_exon2,0.00075347,-0.425,659393,659787,NW_019862804.1_659393_659787
LOC112044157,NW_019862804.1,+,MXE_exon2,1.12E-05,-0.473,659405,659787,NW_019862804.1_659405_659787
LOC112044157,NW_019862804.1,+,MXE_exon2,4.45E-07,-0.507,659414,659787,NW_019862804.1_659414_659787
LOC112044157,NW_019862804.1,+,MXE_exon2,1.25E-06,-0.497,659334,659787,NW_019862804.1_659334_659787
LOC112044157,NW_019862804.1,+,MXE_exon2,2.28E-05,-0.472,659393,659787,NW_019862804.1_659393_659787
LOC112044157,NW_019862804.1,+,MXE_exon2,1.25E-06,-0.497,659405,659787,NW_019862804.1_659405_659787
LOC112044157,NW_019862804.1,+,MXE_exon2,1.21E-06,-0.499,659410,659787,NW_019862804.1_659410_659787
LOC112044157,NW_019862804.1,+,MXE_exon2,5.26E-06,-0.484,659446,659787,NW_019862804.1_659446_659787
LOC112044157,NW_019862804.1,+,MXE_exon2,0.00244707,-0.417,659393,659787,NW_019862804.1_659393_659787
LOC112044157,NW_019862804.1,+,MXE_exon2,1.35E-06,-0.468,659405,659787,NW_019862804.1_659405_659787
LOC112044157,NW_019862804.1,+,MXE_exon2,4.71E-06,-0.448,659410,659787,NW_019862804.1_659410_659787
LOC112044157,NW_019862804.1,+,MXE_exon2,4.79E-06,-0.453,659446,659787,NW_019862804.1_659446_659787
LOC112044157,NW_019862804.1,+,MXE_exon2,2.06E-07,-0.499,659334,659787,NW_019862804.1_659334_659787
LOC112044157,NW_019862804.1,+,MXE_exon2,0.000172113,-0.444,659393,659787,NW_019862804.1_659393_659787
LOC112044157,NW_019862804.1,+,MXE_exon2,1.97E-06,-0.479,659405,659787,NW_019862804.1_659405_659787
LOC112044157,NW_019862804.1,+,MXE_exon2,5.70E-08,-0.508,659414,659787,NW_019862804.1_659414_659787
LOC112044157,NW_019862804.1,+,MXE_exon2,6.28E-05,-0.441,659334,659787,NW_019862804.1_659334_659787
LOC112044157,NW_019862804.1,+,MXE_exon2,0.00101214,-0.412,659393,659787,NW_019862804.1_659393_659787
LOC112044157,NW_019862804.1,+,MXE_exon2,6.28E-05,-0.441,659405,659787,NW_019862804.1_659405_659787
LOC112044157,NW_019862804.1,+,MXE_exon2,6.14E-05,-0.442,659410,659787,NW_019862804.1_659410_659787
LOC112044157,NW_019862804.1,+,MXE_exon2,0.000164065,-0.429,659446,659787,NW_019862804.1_659446_659787
LOC112044157,NW_019862804.1,+,MXE_exon2,0.001727213,-0.435,659393,659787,NW_019862804.1_659393_659787
LOC112044157,NW_019862804.1,+,MXE_exon2,3.27E-07,-0.509,659405,659787,NW_019862804.1_659405_659787
LOC112044157,NW_019862804.1,+,MXE_exon2,1.34E-06,-0.486,659410,659787,NW_019862804.1_659410_659787
LOC112044157,NW_019862804.1,+,MXE_exon2,1.39E-06,-0.494,659446,659787,NW_019862804.1_659446_659787
LOC112044157,NW_019862804.1,+,MXE_exon2,0.002204967,-0.43,659393,659787,NW_019862804.1_659393_659787
LOC112044157,NW_019862804.1,+,MXE_exon2,4.56E-07,-0.506,659405,659787,NW_019862804.1_659405_659787
LOC112044157,NW_019862804.1,+,MXE_exon2,1.83E-06,-0.483,659410,659787,NW_019862804.1_659410_659787
LOC112044157,NW_019862804.1,+,MXE_exon2,1.91E-06,-0.491,659446,659787,NW_019862804.1_659446_659787
LOC112044157,NW_019862804.1,+,MXE_exon2,0.00132023,-0.45,659393,659787,NW_019862804.1_659393_659787
LOC112044157,NW_019862804.1,+,MXE_exon2,2.39E-07,-0.51,659405,659787,NW_019862804.1_659405_659787
LOC112044157,NW_019862804.1,+,MXE_exon2,9.07E-07,-0.491,659410,659787,NW_019862804.1_659410_659787
LOC112044157,NW_019862804.1,+,MXE_exon2,1.04E-06,-0.494,659446,659787,NW_019862804.1_659446_659787
LOC112044157,NW_019862804.1,+,MXE_exon2,4.45E-07,-0.5,659334,659787,NW_019862804.1_659334_659787
LOC112044157,NW_019862804.1,+,MXE_exon2,0.000419617,-0.44,659393,659787,NW_019862804.1_659393_659787
LOC112044157,NW_019862804.1,+,MXE_exon2,3.98E-06,-0.479,659405,659787,NW_019862804.1_659405_659787
LOC112044157,NW_019862804.1,+,MXE_exon2,1.41E-07,-0.509,659414,659787,NW_019862804.1_659414_659787
LOC112044157,NW_019862804.1,+,MXE_exon2,8.35E-07,-0.493,659334,659787,NW_019862804.1_659334_659787
LOC112044157,NW_019862804.1,+,MXE_exon2,5.63E-05,-0.463,659393,659787,NW_019862804.1_659393_659787
LOC112044157,NW_019862804.1,+,MXE_exon2,8.35E-07,-0.493,659405,659787,NW_019862804.1_659405_659787
LOC112044157,NW_019862804.1,+,MXE_exon2,8.00E-07,-0.495,659410,659787,NW_019862804.1_659410_659787
LOC112044157,NW_019862804.1,+,MXE_exon2,3.36E-06,-0.479,659446,659787,NW_019862804.1_659446_659787
LOC112044157,NW_019862804.1,+,MXE_exon2,0.011884366,-0.393,659393,659787,NW_019862804.1_659393_659787
LOC112044157,NW_019862804.1,+,MXE_exon2,2.64E-06,-0.465,659405,659787,NW_019862804.1_659405_659787
LOC112044157,NW_019862804.1,+,MXE_exon2,1.06E-05,-0.442,659410,659787,NW_019862804.1_659410_659787
LOC112044157,NW_019862804.1,+,MXE_exon2,1.11E-05,-0.448,659446,659787,NW_019862804.1_659446_659787
LOC112044157,NW_019862804.1,+,MXE_exon2,7.78E-07,-0.496,659334,659787,NW_019862804.1_659334_659787
LOC112044157,NW_019862804.1,+,MXE_exon2,0.00134118,-0.419,659393,659787,NW_019862804.1_659393_659787
LOC112044157,NW_019862804.1,+,MXE_exon2,7.29E-06,-0.47,659405,659787,NW_019862804.1_659405_659787
LOC112044157,NW_019862804.1,+,MXE_exon2,3.01E-07,-0.506,659414,659787,NW_019862804.1_659414_659787
LOC112044157,NW_019862804.1,+,MXE_exon2,7.78E-07,-0.496,659334,659787,NW_019862804.1_659334_659787
LOC112044157,NW_019862804.1,+,MXE_exon2,6.44E-05,-0.463,659393,659787,NW_019862804.1_659393_659787
LOC112044157,NW_019862804.1,+,MXE_exon2,7.78E-07,-0.496,659405,659787,NW_019862804.1_659405_659787
LOC112044157,NW_019862804.1,+,MXE_exon2,7.40E-07,-0.498,659410,659787,NW_019862804.1_659410_659787
LOC112044157,NW_019862804.1,+,MXE_exon2,3.06E-06,-0.482,659446,659787,NW_019862804.1_659446_659787
LOC112044157,NW_019862804.1,+,MXE_exon2,0.006536657,-0.467,659393,659787,NW_019862804.1_659393_659787
LOC112044157,NW_019862804.1,+,MXE_exon2,9.79E-07,-0.571,659405,659787,NW_019862804.1_659405_659787
LOC112044157,NW_019862804.1,+,MXE_exon2,4.41E-06,-0.546,659410,659787,NW_019862804.1_659410_659787
LOC112044157,NW_019862804.1,+,MXE_exon2,4.93E-06,-0.554,659446,659787,NW_019862804.1_659446_659787
LOC112044157,NW_019862804.1,+,MXE_exon2,2.94E-06,-0.563,659334,659787,NW_019862804.1_659334_659787
LOC112044157,NW_019862804.1,+,MXE_exon2,0.001725451,-0.472,659393,659787,NW_019862804.1_659393_659787
LOC112044157,NW_019862804.1,+,MXE_exon2,2.42E-05,-0.535,659405,659787,NW_019862804.1_659405_659787
LOC112044157,NW_019862804.1,+,MXE_exon2,1.13E-06,-0.573,659414,659787,NW_019862804.1_659414_659787
LOC112046979,NW_019862879.1,+,MXE_exon2,2.00E-08,0.08,108932,109360,NW_019862879.1_108932_109360
LOC112046979,NW_019862879.1,+,MXE_exon2,1.28E-08,0.084,108932,109360,NW_019862879.1_108932_109360
LOC112046058,NW_019862846.1,+,MXE_exon2,0.011837368,0.244,199277,199610,NW_019862846.1_199277_199610
LOC112047845,NW_019862906.1,+,MXE_exon2,0.029069183,0.126,31501,31991,NW_019862906.1_31501_31991
LOC112047845,NW_019862906.1,+,MXE_exon2,0.036136302,0.134,31677,31991,NW_019862906.1_31677_31991
LOC112053231,NW_019863219.1,-,MXE_exon2,0.026448648,-0.115,70748,71055,NW_019863219.1_70748_71055
LOC112053231,NW_019863219.1,-,MXE_exon2,0.015160947,-0.126,70748,71055,NW_019863219.1_70748_71055
LOC112053170,NW_019863214.1,-,MXE_exon2,8.94E-10,-0.274,183209,183505,NW_019863214.1_183209_183505
LOC112053170,NW_019863214.1,-,MXE_exon2,1.31E-12,-0.303,183209,183514,NW_019863214.1_183209_183514
LOC112053170,NW_019863214.1,-,MXE_exon2,4.45E-09,-0.415,184195,184485,NW_019863214.1_184195_184485
LOC112053170,NW_019863214.1,-,MXE_exon2,5.17E-12,-0.273,183209,183505,NW_019863214.1_183209_183505
LOC112053170,NW_019863214.1,-,MXE_exon2,8.40E-11,-0.291,183209,183514,NW_019863214.1_183209_183514
LOC112053170,NW_019863214.1,-,MXE_exon2,0,-0.524,184195,184485,NW_019863214.1_184195_184485
LOC112053170,NW_019863214.1,-,MXE_exon2,3.31E-12,-0.404,184195,184494,NW_019863214.1_184195_184494
LOC112053170,NW_019863214.1,-,MXE_exon2,6.45E-05,-0.284,184817,185110,NW_019863214.1_184817_185110
LOC112053170,NW_019863214.1,-,MXE_exon2,0,-0.348,184817,185119,NW_019863214.1_184817_185119
LOC112053170,NW_019863214.1,-,MXE_exon2,1.97E-10,-0.343,183209,183505,NW_019863214.1_183209_183505
LOC112053170,NW_019863214.1,-,MXE_exon2,2.52E-08,-0.356,183209,183514,NW_019863214.1_183209_183514
LOC112053170,NW_019863214.1,-,MXE_exon2,0,-0.492,184195,184485,NW_019863214.1_184195_184485
LOC112053170,NW_019863214.1,-,MXE_exon2,1.49E-09,-0.454,184195,184494,NW_019863214.1_184195_184494
LOC112053170,NW_019863214.1,-,MXE_exon2,0.002556952,-0.223,184817,185110,NW_019863214.1_184817_185110
LOC112053170,NW_019863214.1,-,MXE_exon2,1.68E-12,-0.252,184817,185119,NW_019863214.1_184817_185119
LOC112053170,NW_019863214.1,-,MXE_exon2,8.20E-08,-0.358,183209,183514,NW_019863214.1_183209_183514
LOC112053170,NW_019863214.1,-,MXE_exon2,0,-0.477,184195,184485,NW_019863214.1_184195_184485
LOC112053170,NW_019863214.1,-,MXE_exon2,3.68E-09,-0.451,184195,184494,NW_019863214.1_184195_184494
LOC112053170,NW_019863214.1,-,MXE_exon2,0.004279478,-0.206,184817,185110,NW_019863214.1_184817_185110
LOC112053170,NW_019863214.1,-,MXE_exon2,4.26E-12,-0.233,184817,185119,NW_019863214.1_184817_185119
LOC112053170,NW_019863214.1,-,MXE_exon2,0.002277115,0.128,184195,184485,NW_019863214.1_184195_184485
LOC112053170,NW_019863214.1,-,MXE_exon2,0.001726328,0.14,184195,184494,NW_019863214.1_184195_184494
LOC112053170,NW_019863214.1,-,MXE_exon2,1.90E-06,0.201,184817,185110,NW_019863214.1_184817_185110
LOC112053170,NW_019863214.1,-,MXE_exon2,1.54E-06,0.094,184817,185119,NW_019863214.1_184817_185119
LOC112053170,NW_019863214.1,-,MXE_exon2,0.000776347,0.152,184195,184485,NW_019863214.1_184195_184485
LOC112053170,NW_019863214.1,-,MXE_exon2,0.002870966,0.181,184817,185110,NW_019863214.1_184817_185110
LOC112053170,NW_019863214.1,-,MXE_exon2,0.004680857,0.079,184817,185119,NW_019863214.1_184817_185119
LOC112053170,NW_019863214.1,-,MXE_exon2,0.000993774,0.284,184817,185110,NW_019863214.1_184817_185110
LOC112053170,NW_019863214.1,-,MXE_exon2,0.008184785,0.144,184817,185119,NW_019863214.1_184817_185119
LOC112053170,NW_019863214.1,-,MXE_exon2,0.014635293,0.209,184817,185110,NW_019863214.1_184817_185110
LOC112044504,NW_019862810.1,-,MXE_exon2,0.017936026,0.019,1166031,1166244,NW_019862810.1_1166031_1166244
LOC112044504,NW_019862810.1,-,MXE_exon2,0.002446527,-0.038,1164817,1165315,NW_019862810.1_1164817_1165315
LOC112044504,NW_019862810.1,-,MXE_exon2,0.002515273,-0.038,1164921,1165315,NW_019862810.1_1164921_1165315
LOC112049993,NW_019863001.1,+,MXE_exon2,0.001533748,0.151,210854,211214,NW_019863001.1_210854_211214
LOC112055996,NW_019863677.1,+,MXE_exon2,0.000857066,-0.317,70308,70565,NW_019863677.1_70308_70565
LOC112055996,NW_019863677.1,+,MXE_exon2,5.97E-05,-0.175,70308,70565,NW_019863677.1_70308_70565
LOC112052714,NW_019862759.1,-,MXE_exon2,3.17E-06,-0.045,610925,611220,NW_019862759.1_610925_611220
LOC112053917,NW_019863295.1,-,MXE_exon2,0.00015449,0.114,46062,46454,NW_019863295.1_46062_46454
LOC112053917,NW_019863295.1,-,MXE_exon2,0.014782879,0.145,46062,46460,NW_019863295.1_46062_46460
nbis-pseudo177,NW_019862773.1,-,MXE_exon2,0.024257756,0.037,709108,709502,NW_019862773.1_709108_709502
LOC112048087,NW_019862916.1,-,MXE_exon2,0.023134901,0.286,148583,148839,NW_019862916.1_148583_148839
LOC112048087,NW_019862916.1,-,MXE_exon2,0.00218665,0.274,148583,148839,NW_019862916.1_148583_148839
LOC112048087,NW_019862916.1,-,MXE_exon2,7.34E-05,-0.155,149831,150454,NW_019862916.1_149831_150454
LOC112043675,NW_019862794.1,-,MXE_exon2,0.016424381,0.365,1270291,1270592,NW_019862794.1_1270291_1270592
LOC112043675,NW_019862794.1,-,MXE_exon2,0.000339108,0.515,1270291,1270591,NW_019862794.1_1270291_1270591
LOC112043675,NW_019862794.1,-,MXE_exon2,0.003701264,0.495,1270291,1270592,NW_019862794.1_1270291_1270592
LOC112043675,NW_019862794.1,-,MXE_exon2,0.02654836,0.45,1270291,1270656,NW_019862794.1_1270291_1270656
LOC112043675,NW_019862794.1,-,MXE_exon2,0.010245045,0.477,1270291,1270691,NW_019862794.1_1270291_1270691
LOC112043675,NW_019862794.1,-,MXE_exon2,0.000208937,0.518,1270291,1270591,NW_019862794.1_1270291_1270591
LOC112043675,NW_019862794.1,-,MXE_exon2,0.004368855,0.486,1270291,1270592,NW_019862794.1_1270291_1270592
LOC112043675,NW_019862794.1,-,MXE_exon2,0.032749732,0.438,1270291,1270656,NW_019862794.1_1270291_1270656
LOC112043675,NW_019862794.1,-,MXE_exon2,0.012986333,0.468,1270291,1270691,NW_019862794.1_1270291_1270691
LOC112043675,NW_019862794.1,-,MXE_exon2,0.000938624,0.406,1289764,1290010,NW_019862794.1_1289764_1290010
LOC112043675,NW_019862794.1,-,MXE_exon2,0.000823948,0.404,1289764,1290080,NW_019862794.1_1289764_1290080
LOC112043675,NW_019862794.1,-,MXE_exon2,0.000831437,0.421,1289764,1290109,NW_019862794.1_1289764_1290109
LOC112052778,NW_019863175.1,-,MXE_exon2,0.025770203,0.138,77302,77683,NW_019863175.1_77302_77683
LOC112056072,NW_019863696.1,-,MXE_exon2,0.000315936,-0.032,29563,29913,NW_019863696.1_29563_29913
LOC112048533,NW_019862934.1,-,MXE_exon2,8.69E-08,0.247,176635,176928,NW_019862934.1_176635_176928
LOC112047462,NW_019862894.1,+,MXE_exon2,3.49E-07,0.241,519784,520129,NW_019862894.1_519784_520129
LOC112047485,NW_019862894.1,-,MXE_exon2,1.13E-06,-0.114,902310,902805,NW_019862894.1_902310_902805
LOC112047485,NW_019862894.1,-,MXE_exon2,2.59E-07,-0.161,902310,902805,NW_019862894.1_902310_902805
LOC112047476,NW_019862894.1,-,MXE_exon2,2.95E-05,0.272,1109512,1109745,NW_019862894.1_1109512_1109745
LOC112047476,NW_019862894.1,-,MXE_exon2,2.22E-07,0.061,1109512,1109865,NW_019862894.1_1109512_1109865
LOC112047476,NW_019862894.1,-,MXE_exon2,6.06E-07,0.101,1109512,1109889,NW_019862894.1_1109512_1109889
LOC112047476,NW_019862894.1,-,MXE_exon2,0.02283893,0.154,1109512,1109745,NW_019862894.1_1109512_1109745
LOC112047476,NW_019862894.1,-,MXE_exon2,0.017239843,0.026,1109512,1109865,NW_019862894.1_1109512_1109865
LOC112047476,NW_019862894.1,-,MXE_exon2,0.013596673,0.044,1109512,1109889,NW_019862894.1_1109512_1109889
LOC112050705,NW_019863039.1,+,MXE_exon2,7.26E-05,0.052,253673,253951,NW_019863039.1_253673_253951
LOC112050705,NW_019863039.1,+,MXE_exon2,0.005998333,0.072,253673,253951,NW_019863039.1_253673_253951
LOC112050705,NW_019863039.1,+,MXE_exon2,0.005547602,-0.137,261167,261590,NW_019863039.1_261167_261590
LOC112050705,NW_019863039.1,+,MXE_exon2,0.005414731,-0.138,261203,261590,NW_019863039.1_261203_261590
LOC112050705,NW_019863039.1,+,MXE_exon2,4.63E-05,-0.112,261310,261590,NW_019863039.1_261310_261590
LOC112051648,NW_019863094.1,-,MXE_exon2,0.023170104,0.183,21378,21712,NW_019863094.1_21378_21712
LOC112051648,NW_019863094.1,-,MXE_exon2,0.01416484,0.184,21378,21721,NW_019863094.1_21378_21721
LOC112051648,NW_019863094.1,-,MXE_exon2,0.020154187,0.182,21378,21712,NW_019863094.1_21378_21712
LOC112051648,NW_019863094.1,-,MXE_exon2,0.012133191,0.183,21378,21721,NW_019863094.1_21378_21721
LOC112045692,NW_019862838.1,+,MXE_exon2,0.000319912,-0.226,135803,136149,NW_019862838.1_135803_136149
LOC112056791,NW_019862764.1,-,MXE_exon2,7.43E-05,0.049,147797,148165,NW_019862764.1_147797_148165
LOC112056791,NW_019862764.1,-,MXE_exon2,1.22E-06,0.137,147797,148184,NW_019862764.1_147797_148184
LOC112056791,NW_019862764.1,-,MXE_exon2,0.000919657,0.058,147799,148165,NW_019862764.1_147799_148165
LOC112056937,NW_019862764.1,+,MXE_exon2,0.013024364,0.104,1063480,1063856,NW_019862764.1_1063480_1063856
LOC112056937,NW_019862764.1,+,MXE_exon2,0.013058316,0.105,1063483,1063856,NW_019862764.1_1063483_1063856
LOC112056078,NW_019863697.1,+,MXE_exon2,0.00218665,0.015,12813,13167,NW_019863697.1_12813_13167
LOC112049660,NW_019862756.1,+,MXE_exon2,0.001069256,-0.123,185145,185471,NW_019862756.1_185145_185471
LOC112049660,NW_019862756.1,+,MXE_exon2,0.003114958,-0.117,185145,185471,NW_019862756.1_185145_185471
LOC112045290,NW_019862828.1,+,MXE_exon2,0.008974426,-0.223,279937,280302,NW_019862828.1_279937_280302
LOC112053945,NW_019863297.1,+,MXE_exon2,0.006329022,-0.02,169336,169644,NW_019863297.1_169336_169644
LOC112053945,NW_019863297.1,+,MXE_exon2,0.001675438,-0.022,169336,169644,NW_019863297.1_169336_169644
LOC112053945,NW_019863297.1,+,MXE_exon2,0.00203876,-0.02,169336,169644,NW_019863297.1_169336_169644
LOC112054875,NW_019863427.1,+,MXE_exon2,7.35E-05,-0.323,106653,107062,NW_019863427.1_106653_107062
LOC112057294,NW_019862764.1,-,MXE_exon2,0.001670562,0.251,2265073,2265457,NW_019862764.1_2265073_2265457
LOC112057294,NW_019862764.1,-,MXE_exon2,0.018051758,0.016,2265073,2265457,NW_019862764.1_2265073_2265457
LOC112057725,NW_019862765.1,-,MXE_exon2,0.015477429,-0.116,1961438,1961721,NW_019862765.1_1961438_1961721
LOC112057725,NW_019862765.1,-,MXE_exon2,0.002026028,-0.112,1961438,1961722,NW_019862765.1_1961438_1961722
LOC112057725,NW_019862765.1,-,MXE_exon2,0.021344947,-0.115,1961438,1961746,NW_019862765.1_1961438_1961746
LOC112057725,NW_019862765.1,-,MXE_exon2,0.015922516,-0.116,1961438,1961721,NW_019862765.1_1961438_1961721
LOC112057725,NW_019862765.1,-,MXE_exon2,0.002021806,-0.112,1961438,1961722,NW_019862765.1_1961438_1961722
LOC112057725,NW_019862765.1,-,MXE_exon2,0.021871496,-0.116,1961438,1961746,NW_019862765.1_1961438_1961746
LOC112048712,NW_019862941.1,+,MXE_exon2,0.000101499,0.215,274865,275180,NW_019862941.1_274865_275180
LOC112055427,NW_019863522.1,-,MXE_exon2,2.76E-11,0.327,75203,75738,NW_019863522.1_75203_75738
LOC112055427,NW_019863522.1,-,MXE_exon2,0,0.287,75356,75738,NW_019863522.1_75356_75738
LOC112055427,NW_019863522.1,-,MXE_exon2,5.24E-13,0.361,75203,75738,NW_019863522.1_75203_75738
LOC112051953,NW_019863115.1,+,MXE_exon2,1.96E-13,-0.185,175088,175487,NW_019863115.1_175088_175487
LOC112051953,NW_019863115.1,+,MXE_exon2,0,-0.221,175088,175487,NW_019863115.1_175088_175487
LOC112053895,NW_019863292.1,-,MXE_exon2,0.000315936,-0.468,32259,32724,NW_019863292.1_32259_32724
LOC112053895,NW_019863292.1,-,MXE_exon2,0.000356517,-0.377,34069,34395,NW_019863292.1_34069_34395
LOC112053895,NW_019863292.1,-,MXE_exon2,2.30E-10,-0.069,34073,34395,NW_019863292.1_34073_34395
LOC112053895,NW_019863292.1,-,MXE_exon2,6.38E-08,-0.103,34073,34395,NW_019863292.1_34073_34395
LOC112053895,NW_019863292.1,-,MXE_exon2,0.00011856,-0.379,34069,34395,NW_019863292.1_34069_34395
LOC112053895,NW_019863292.1,-,MXE_exon2,9.13E-10,-0.053,34073,34395,NW_019863292.1_34073_34395
LOC112053895,NW_019863292.1,-,MXE_exon2,0.019160364,-0.052,34073,34395,NW_019863292.1_34073_34395
LOC112053895,NW_019863292.1,-,MXE_exon2,0.000722955,0.32,34069,34395,NW_019863292.1_34069_34395
LOC112053895,NW_019863292.1,-,MXE_exon2,0.000701917,0.027,34073,34395,NW_019863292.1_34073_34395
LOC112053886,NW_019863292.1,+,MXE_exon2,0,-0.067,127035,127340,NW_019863292.1_127035_127340
LOC112053886,NW_019863292.1,+,MXE_exon2,0,-0.067,127035,127340,NW_019863292.1_127035_127340
LOC112053886,NW_019863292.1,+,MXE_exon2,0,-0.067,127035,127340,NW_019863292.1_127035_127340
LOC112053886,NW_019863292.1,+,MXE_exon2,0,-0.067,127035,127340,NW_019863292.1_127035_127340
LOC112053886,NW_019863292.1,+,MXE_exon2,0,0.046,128175,128620,NW_019863292.1_128175_128620
LOC112053886,NW_019863292.1,+,MXE_exon2,1.12E-05,-0.052,159460,159819,NW_019863292.1_159460_159819
LOC112053886,NW_019863292.1,+,MXE_exon2,4.34E-09,-0.07,159467,159823,NW_019863292.1_159467_159823
LOC112053886,NW_019863292.1,+,MXE_exon2,4.00E-09,-0.071,159467,160113,NW_019863292.1_159467_160113
LOC112053886,NW_019863292.1,+,MXE_exon2,1.82E-05,-0.052,159476,159819,NW_019863292.1_159476_159819
LOC112058418,NW_019862776.1,-,MXE_exon2,4.89E-05,0.025,802392,802642,NW_019862776.1_802392_802642
LOC112058418,NW_019862776.1,-,MXE_exon2,0.00010225,0.025,802392,802642,NW_019862776.1_802392_802642
LOC112058418,NW_019862776.1,-,MXE_exon2,0.013216579,0.301,802392,802642,NW_019862776.1_802392_802642
LOC112058418,NW_019862776.1,-,MXE_exon2,0.000150456,0.024,802392,802642,NW_019862776.1_802392_802642
LOC112058418,NW_019862776.1,-,MXE_exon2,0.000103796,0.025,802392,802642,NW_019862776.1_802392_802642
LOC112058418,NW_019862776.1,-,MXE_exon2,2.44E-06,0.027,802392,802642,NW_019862776.1_802392_802642
LOC112054150,NW_019863325.1,+,MXE_exon2,0,-0.47,281830,282195,NW_019863325.1_281830_282195
LOC112047003,NW_019862880.1,-,MXE_exon2,0.007672399,0.017,431525,431863,NW_019862880.1_431525_431863
LOC112043022,NW_019862784.1,+,MXE_exon2,0.008780616,-0.051,1096651,1096975,NW_019862784.1_1096651_1096975
LOC112043022,NW_019862784.1,+,MXE_exon2,0.002200393,-0.053,1096651,1097058,NW_019862784.1_1096651_1097058
LOC112049089,NW_019862958.1,+,MXE_exon2,0.022670625,-0.04,12546,12873,NW_019862958.1_12546_12873
LOC112049089,NW_019862958.1,+,MXE_exon2,0.000893684,-0.026,12546,12877,NW_019862958.1_12546_12877
LOC112049089,NW_019862958.1,+,MXE_exon2,0.022233106,-0.041,12546,12883,NW_019862958.1_12546_12883
LOC112049089,NW_019862958.1,+,MXE_exon2,0.024631854,-0.042,12546,13032,NW_019862958.1_12546_13032
LOC112049089,NW_019862958.1,+,MXE_exon2,0.024631854,-0.042,12546,13202,NW_019862958.1_12546_13202
LOC112048342,NW_019862926.1,+,MXE_exon2,1.25E-06,-0.029,214599,215064,NW_019862926.1_214599_215064
LOC112048342,NW_019862926.1,+,MXE_exon2,4.23E-05,-0.101,214599,215064,NW_019862926.1_214599_215064
LOC112048342,NW_019862926.1,+,MXE_exon2,0.019170018,-0.035,214557,215064,NW_019862926.1_214557_215064
LOC112048342,NW_019862926.1,+,MXE_exon2,9.88E-07,-0.029,214599,215064,NW_019862926.1_214599_215064
LOC112048342,NW_019862926.1,+,MXE_exon2,0.000285311,-0.023,214557,215064,NW_019862926.1_214557_215064
LOC112048342,NW_019862926.1,+,MXE_exon2,1.36E-06,-0.029,214557,215064,NW_019862926.1_214557_215064
LOC112048342,NW_019862926.1,+,MXE_exon2,5.89E-09,-0.036,214557,215064,NW_019862926.1_214557_215064
LOC112048342,NW_019862926.1,+,MXE_exon2,0,-0.055,214557,215064,NW_019862926.1_214557_215064
LOC112048342,NW_019862926.1,+,MXE_exon2,1.28E-06,-0.029,214599,215064,NW_019862926.1_214599_215064
LOC112048342,NW_019862926.1,+,MXE_exon2,1.18E-06,-0.03,214557,215064,NW_019862926.1_214557_215064
LOC112048342,NW_019862926.1,+,MXE_exon2,8.99E-05,-0.025,214599,215064,NW_019862926.1_214599_215064
LOC112058072,NW_019862771.1,+,MXE_exon2,0.03193819,0.02,501501,502081,NW_019862771.1_501501_502081
LOC112056170,NW_019863725.1,+,MXE_exon2,0.013573252,-0.253,18979,19402,NW_019863725.1_18979_19402
LOC112056170,NW_019863725.1,+,MXE_exon2,0.014203161,-0.256,18985,19402,NW_019863725.1_18985_19402
LOC112056170,NW_019863725.1,+,MXE_exon2,0.015160947,-0.254,19021,19402,NW_019863725.1_19021_19402
LOC112056170,NW_019863725.1,+,MXE_exon2,0.013610151,-0.257,18979,19402,NW_019863725.1_18979_19402
LOC112056170,NW_019863725.1,+,MXE_exon2,0.011974943,-0.26,18985,19402,NW_019863725.1_18985_19402
LOC112056170,NW_019863725.1,+,MXE_exon2,0.011927277,-0.257,19021,19402,NW_019863725.1_19021_19402
LOC112055047,NW_019863452.1,+,MXE_exon2,0.006295205,0.023,14682,14965,NW_019863452.1_14682_14965
LOC112047818,NW_019862904.1,-,MXE_exon2,0.013677873,0.175,919444,919895,NW_019862904.1_919444_919895
LOC112047818,NW_019862904.1,-,MXE_exon2,0.013677873,0.175,919444,920119,NW_019862904.1_919444_920119
LOC112047818,NW_019862904.1,-,MXE_exon2,0.000724144,0.215,919444,919895,NW_019862904.1_919444_919895
LOC112047818,NW_019862904.1,-,MXE_exon2,0.000773025,0.215,919444,920119,NW_019862904.1_919444_920119
LOC112047355,NW_019862890.1,-,MXE_exon2,0.001721026,-0.026,330527,330870,NW_019862890.1_330527_330870
LOC112047355,NW_019862890.1,-,MXE_exon2,0.005479586,-0.024,330527,330877,NW_019862890.1_330527_330877
LOC112047355,NW_019862890.1,-,MXE_exon2,2.64E-06,-0.15,330527,330880,NW_019862890.1_330527_330880
LOC112047355,NW_019862890.1,-,MXE_exon2,3.21E-05,0.099,331304,331857,NW_019862890.1_331304_331857
LOC112047355,NW_019862890.1,-,MXE_exon2,0,0.241,331304,331857,NW_019862890.1_331304_331857
LOC112047355,NW_019862890.1,-,MXE_exon2,0.000717687,-0.029,330527,330870,NW_019862890.1_330527_330870
LOC112047355,NW_019862890.1,-,MXE_exon2,0.002382992,-0.027,330527,330877,NW_019862890.1_330527_330877
LOC112047355,NW_019862890.1,-,MXE_exon2,5.47E-06,-0.158,330527,330880,NW_019862890.1_330527_330880
LOC112047355,NW_019862890.1,-,MXE_exon2,0.000196111,0.092,331304,331857,NW_019862890.1_331304_331857
LOC112047355,NW_019862890.1,-,MXE_exon2,0,0.241,331304,331857,NW_019862890.1_331304_331857
LOC112047355,NW_019862890.1,-,MXE_exon2,0.000607559,-0.029,330527,330870,NW_019862890.1_330527_330870
LOC112047355,NW_019862890.1,-,MXE_exon2,0.002045855,-0.028,330527,330877,NW_019862890.1_330527_330877
LOC112047355,NW_019862890.1,-,MXE_exon2,4.93E-06,-0.16,330527,330880,NW_019862890.1_330527_330880
LOC112047355,NW_019862890.1,-,MXE_exon2,0.000291933,0.09,331304,331857,NW_019862890.1_331304_331857
LOC112047355,NW_019862890.1,-,MXE_exon2,0,0.241,331304,331857,NW_019862890.1_331304_331857
LOC112047355,NW_019862890.1,-,MXE_exon2,2.00E-10,0.046,331304,331857,NW_019862890.1_331304_331857
LOC112047355,NW_019862890.1,-,MXE_exon2,1.06E-09,0.045,331304,331857,NW_019862890.1_331304_331857
LOC112047355,NW_019862890.1,-,MXE_exon2,0,0.243,331304,331857,NW_019862890.1_331304_331857
LOC112055815,NW_019863623.1,-,MXE_exon2,0.020481593,0.123,15893,16378,NW_019863623.1_15893_16378
LOC112055815,NW_019863623.1,-,MXE_exon2,0.002620507,0.1,16803,17131,NW_019863623.1_16803_17131
LOC112055815,NW_019863623.1,-,MXE_exon2,0.004967953,-0.112,19519,20013,NW_019863623.1_19519_20013
LOC112055815,NW_019863623.1,-,MXE_exon2,0.013216579,0.081,15893,16378,NW_019863623.1_15893_16378
LOC112055815,NW_019863623.1,-,MXE_exon2,0.004100541,0.066,16803,17131,NW_019863623.1_16803_17131
LOC112055815,NW_019863623.1,-,MXE_exon2,0.019170018,0.123,15893,16378,NW_019863623.1_15893_16378
LOC112055815,NW_019863623.1,-,MXE_exon2,0.002493648,0.101,16803,17131,NW_019863623.1_16803_17131
LOC112055815,NW_019863623.1,-,MXE_exon2,0.005288503,-0.112,19519,20013,NW_019863623.1_19519_20013
LOC112055815,NW_019863623.1,-,MXE_exon2,0.011463741,0.209,16803,17131,NW_019863623.1_16803_17131
LOC112055815,NW_019863623.1,-,MXE_exon2,0.042433245,0.2,16803,17131,NW_019863623.1_16803_17131
LOC112055815,NW_019863623.1,-,MXE_exon2,0.000156614,-0.496,19519,20013,NW_019863623.1_19519_20013
LOC112055815,NW_019863623.1,-,MXE_exon2,0.000332547,-0.558,19519,20013,NW_019863623.1_19519_20013
LOC112055815,NW_019863623.1,-,MXE_exon2,1.21E-05,-0.607,19519,20013,NW_019863623.1_19519_20013
LOC112055815,NW_019863623.1,-,MXE_exon2,0.001108025,-0.393,19519,20013,NW_019863623.1_19519_20013
LOC112055815,NW_019863623.1,-,MXE_exon2,0.025145613,-0.316,19519,20013,NW_019863623.1_19519_20013
LOC112055815,NW_019863623.1,-,MXE_exon2,0.001688026,-0.424,19519,20013,NW_019863623.1_19519_20013
LOC112055815,NW_019863623.1,-,MXE_exon2,0.045322647,-0.348,32814,33499,NW_019863623.1_32814_33499
LOC112055815,NW_019863623.1,-,MXE_exon2,4.62E-05,0.414,35802,36164,NW_019863623.1_35802_36164
LOC112055815,NW_019863623.1,-,MXE_exon2,8.31E-06,0.553,35802,36164,NW_019863623.1_35802_36164
LOC112055815,NW_019863623.1,-,MXE_exon2,0.023779374,0.388,35802,36164,NW_019863623.1_35802_36164
LOC112055815,NW_019863623.1,-,MXE_exon2,0.040773653,0.151,35802,36164,NW_019863623.1_35802_36164
LOC112055815,NW_019863623.1,-,MXE_exon2,0.000961396,0.511,35802,36164,NW_019863623.1_35802_36164
LOC112055815,NW_019863623.1,-,MXE_exon2,0.000107938,0.468,35802,36164,NW_019863623.1_35802_36164
LOC112055815,NW_019863623.1,-,MXE_exon2,0.017455697,0.21,35802,36164,NW_019863623.1_35802_36164
LOC112055815,NW_019863623.1,-,MXE_exon2,0.041491523,0.347,35802,36164,NW_019863623.1_35802_36164
LOC112055815,NW_019863623.1,-,MXE_exon2,0.008879661,-0.294,36316,36667,NW_019863623.1_36316_36667
LOC112051636,NW_019863093.1,+,MXE_exon2,2.71E-05,-0.371,285361,285678,NW_019863093.1_285361_285678
LOC112054785,NW_019863411.1,+,MXE_exon2,0.001103092,-0.069,50254,50587,NW_019863411.1_50254_50587
LOC112054785,NW_019863411.1,+,MXE_exon2,0.000924153,-0.064,50254,50650,NW_019863411.1_50254_50650
LOC112054785,NW_019863411.1,+,MXE_exon2,0.046982232,-0.138,50254,50587,NW_019863411.1_50254_50587
LOC112054785,NW_019863411.1,+,MXE_exon2,0.046605732,-0.13,50254,50650,NW_019863411.1_50254_50650
LOC112054785,NW_019863411.1,+,MXE_exon2,0.005567857,-0.269,50254,50587,NW_019863411.1_50254_50587
LOC112054785,NW_019863411.1,+,MXE_exon2,0.005111802,-0.262,50254,50650,NW_019863411.1_50254_50650
LOC112054785,NW_019863411.1,+,MXE_exon2,0.007062522,-0.262,50254,50587,NW_019863411.1_50254_50587
LOC112054785,NW_019863411.1,+,MXE_exon2,0.006508316,-0.254,50254,50650,NW_019863411.1_50254_50650
LOC112052608,NW_019862759.1,-,MXE_exon2,8.05E-08,-0.162,378644,378982,NW_019862759.1_378644_378982
LOC112052608,NW_019862759.1,-,MXE_exon2,1.55E-06,0.263,379483,380457,NW_019862759.1_379483_380457
LOC112053199,NW_019862759.1,+,MXE_exon2,0.008192531,-0.121,2257954,2258254,NW_019862759.1_2257954_2258254
LOC112053060,NW_019863202.1,-,MXE_exon2,0.044787608,-0.119,230390,230797,NW_019863202.1_230390_230797
LOC112055679,NW_019863585.1,-,MXE_exon2,0.000407303,-0.491,37195,37452,NW_019863585.1_37195_37452
LOC112046205,NW_019862850.1,+,MXE_exon2,1.03E-13,-0.099,371170,371507,NW_019862850.1_371170_371507
LOC112046205,NW_019862850.1,+,MXE_exon2,2.98E-12,-0.108,371170,371507,NW_019862850.1_371170_371507
LOC112046205,NW_019862850.1,+,MXE_exon2,0.006332963,-0.409,371170,371507,NW_019862850.1_371170_371507
LOC112043847,NW_019862799.1,-,MXE_exon2,0.000120422,0.021,703912,704343,NW_019862799.1_703912_704343
LOC112043847,NW_019862799.1,-,MXE_exon2,1.65E-06,-0.057,705327,705629,NW_019862799.1_705327_705629
LOC112043847,NW_019862799.1,-,MXE_exon2,0.001514625,-0.013,708165,708474,NW_019862799.1_708165_708474
LOC112043847,NW_019862799.1,-,MXE_exon2,1.32E-07,-0.015,708165,708546,NW_019862799.1_708165_708546
LOC112043851,NW_019862799.1,+,MXE_exon2,0.027042425,0.215,891720,892085,NW_019862799.1_891720_892085
LOC112058174,NW_019862772.1,+,MXE_exon2,5.05E-09,0.25,1830360,1830689,NW_019862772.1_1830360_1830689
LOC112058174,NW_019862772.1,+,MXE_exon2,3.57E-08,0.325,1830360,1830716,NW_019862772.1_1830360_1830716
LOC112058174,NW_019862772.1,+,MXE_exon2,5.59E-05,0.284,1830360,1830968,NW_019862772.1_1830360_1830968
LOC112058174,NW_019862772.1,+,MXE_exon2,3.04E-08,0.325,1830360,1831059,NW_019862772.1_1830360_1831059
LOC112058174,NW_019862772.1,+,MXE_exon2,9.63E-09,0.248,1830360,1830689,NW_019862772.1_1830360_1830689
LOC112058174,NW_019862772.1,+,MXE_exon2,5.61E-08,0.323,1830360,1830716,NW_019862772.1_1830360_1830716
LOC112058174,NW_019862772.1,+,MXE_exon2,7.64E-05,0.281,1830360,1830968,NW_019862772.1_1830360_1830968
LOC112058174,NW_019862772.1,+,MXE_exon2,4.83E-08,0.323,1830360,1831059,NW_019862772.1_1830360_1831059
LOC112058174,NW_019862772.1,+,MXE_exon2,4.97E-09,0.244,1830360,1830689,NW_019862772.1_1830360_1830689
LOC112058174,NW_019862772.1,+,MXE_exon2,2.74E-08,0.319,1830360,1830716,NW_019862772.1_1830360_1830716
LOC112058174,NW_019862772.1,+,MXE_exon2,5.40E-05,0.277,1830360,1830968,NW_019862772.1_1830360_1830968
LOC112058174,NW_019862772.1,+,MXE_exon2,2.30E-08,0.32,1830360,1831059,NW_019862772.1_1830360_1831059
LOC112058174,NW_019862772.1,+,MXE_exon2,0,0.156,1830360,1830689,NW_019862772.1_1830360_1830689
LOC112058174,NW_019862772.1,+,MXE_exon2,0,0.208,1830360,1830716,NW_019862772.1_1830360_1830716
LOC112058174,NW_019862772.1,+,MXE_exon2,1.35E-11,0.17,1830360,1830968,NW_019862772.1_1830360_1830968
LOC112058174,NW_019862772.1,+,MXE_exon2,0,0.213,1830360,1831059,NW_019862772.1_1830360_1831059
LOC112058174,NW_019862772.1,+,MXE_exon2,0.000134193,0.395,1830360,1830689,NW_019862772.1_1830360_1830689
LOC112058174,NW_019862772.1,+,MXE_exon2,0.000119806,0.445,1830360,1830716,NW_019862772.1_1830360_1830716
LOC112058174,NW_019862772.1,+,MXE_exon2,0.007267242,0.376,1830360,1830968,NW_019862772.1_1830360_1830968
LOC112058174,NW_019862772.1,+,MXE_exon2,0.000110013,0.45,1830360,1831059,NW_019862772.1_1830360_1831059
LOC112048291,NW_019862924.1,-,MXE_exon2,0.005441794,-0.105,328412,328648,NW_019862924.1_328412_328648
LOC112048291,NW_019862924.1,-,MXE_exon2,0.003628136,-0.113,328412,328648,NW_019862924.1_328412_328648
LOC112048290,NW_019862924.1,+,MXE_exon2,0.040805562,-0.228,388000,388307,NW_019862924.1_388000_388307
LOC112043925,NW_019862800.1,+,MXE_exon2,0.000229157,0.073,539640,540061,NW_019862800.1_539640_540061
LOC112043925,NW_019862800.1,+,MXE_exon2,0.000221089,0.074,539640,540061,NW_019862800.1_539640_540061
LOC112043927,NW_019862800.1,-,MXE_exon2,0.020425651,0.074,563616,564179,NW_019862800.1_563616_564179
LOC112050113,NW_019863005.1,-,MXE_exon2,0.001406724,0.127,713415,713711,NW_019863005.1_713415_713711
LOC112050113,NW_019863005.1,-,MXE_exon2,0.001977633,0.168,713467,713711,NW_019863005.1_713467_713711
LOC112050113,NW_019863005.1,-,MXE_exon2,0.005454897,0.218,713486,713711,NW_019863005.1_713486_713711
LOC112051472,NW_019863084.1,+,MXE_exon2,0.000304934,-0.159,168789,169361,NW_019863084.1_168789_169361
LOC112044902,NW_019862819.1,+,MXE_exon2,0.000333459,0.036,627895,628272,NW_019862819.1_627895_628272
LOC112044902,NW_019862819.1,+,MXE_exon2,0.001606463,0.054,627895,628297,NW_019862819.1_627895_628297
LOC112044902,NW_019862819.1,+,MXE_exon2,0.000333156,0.093,627895,628297,NW_019862819.1_627895_628297
LOC112048138,NW_019862918.1,+,MXE_exon2,9.88E-06,-0.238,446219,446595,NW_019862918.1_446219_446595
LOC112050384,NW_019862756.1,-,MXE_exon2,3.16E-05,0.17,1797902,1798286,NW_019862756.1_1797902_1798286
LOC112046091,NW_019862847.1,+,MXE_exon2,0.031909884,-0.062,412116,412400,NW_019862847.1_412116_412400
LOC112046091,NW_019862847.1,+,MXE_exon2,0.041746569,0.079,412852,413557,NW_019862847.1_412852_413557
LOC112046091,NW_019862847.1,+,MXE_exon2,0.0381491,-0.185,415394,415740,NW_019862847.1_415394_415740
LOC112044285,NW_019862806.1,-,MXE_exon2,0.017178746,-0.051,534556,534877,NW_019862806.1_534556_534877
LOC112046606,NW_019862863.1,-,MXE_exon2,0.004309126,-0.01,861668,862045,NW_019862863.1_861668_862045
LOC112049390,NW_019862970.1,+,MXE_exon2,0.042560154,-0.241,464176,464607,NW_019862970.1_464176_464607
LOC112046734,NW_019862869.1,-,MXE_exon2,4.35E-05,0.292,400389,400645,NW_019862869.1_400389_400645
LOC112046734,NW_019862869.1,-,MXE_exon2,0.002200393,0.267,400389,400649,NW_019862869.1_400389_400649
LOC112046734,NW_019862869.1,-,MXE_exon2,4.42E-05,0.286,400389,400653,NW_019862869.1_400389_400653
LOC112045029,NW_019862822.1,+,MXE_exon2,0.002099585,0.086,1098110,1098446,NW_019862822.1_1098110_1098446
LOC112056418,NW_019863807.1,-,MXE_exon2,0.000402756,0.076,10634,11080,NW_019863807.1_10634_11080
LOC112048203,NW_019862921.1,+,MXE_exon2,2.67E-07,0.193,469356,469882,NW_019862921.1_469356_469882
LOC112056045,NW_019863691.1,-,MXE_exon2,0.003122671,-0.158,65757,66033,NW_019863691.1_65757_66033
LOC112049566,NW_019862978.1,+,MXE_exon2,1.70E-05,-0.256,439119,439500,NW_019862978.1_439119_439500
LOC112049566,NW_019862978.1,+,MXE_exon2,4.77E-05,-0.151,439119,439775,NW_019862978.1_439119_439775
LOC112049566,NW_019862978.1,+,MXE_exon2,0.000130976,-0.363,439119,439500,NW_019862978.1_439119_439500
LOC112049566,NW_019862978.1,+,MXE_exon2,0.00019736,-0.251,439119,439775,NW_019862978.1_439119_439775
LOC112047618,NW_019862898.1,-,MXE_exon2,5.79E-05,0.093,576011,576496,NW_019862898.1_576011_576496
LOC112047618,NW_019862898.1,-,MXE_exon2,5.59E-05,0.093,576013,576496,NW_019862898.1_576013_576496
LOC112047618,NW_019862898.1,-,MXE_exon2,0.000247001,0.166,573812,574077,NW_019862898.1_573812_574077
LOC112047618,NW_019862898.1,-,MXE_exon2,0.015167815,0.066,576011,576496,NW_019862898.1_576011_576496
LOC112047618,NW_019862898.1,-,MXE_exon2,0.012447695,0.067,576013,576496,NW_019862898.1_576013_576496
LOC112047618,NW_019862898.1,-,MXE_exon2,0.045720262,-0.028,576857,577213,NW_019862898.1_576857_577213
LOC112047618,NW_019862898.1,-,MXE_exon2,0.004672614,-0.076,577350,577661,NW_019862898.1_577350_577661
LOC112047618,NW_019862898.1,-,MXE_exon2,4.71E-05,-0.08,576857,577213,NW_019862898.1_576857_577213
LOC112047618,NW_019862898.1,-,MXE_exon2,0.008811939,-0.068,576545,577213,NW_019862898.1_576545_577213
LOC112047618,NW_019862898.1,-,MXE_exon2,0.008811939,-0.068,576767,577213,NW_019862898.1_576767_577213
LOC112047618,NW_019862898.1,-,MXE_exon2,0.003461758,-0.072,576857,577213,NW_019862898.1_576857_577213
LOC112047618,NW_019862898.1,-,MXE_exon2,0.034844374,-0.058,577350,577668,NW_019862898.1_577350_577668
LOC112047618,NW_019862898.1,-,MXE_exon2,0.00303904,-0.08,576857,577213,NW_019862898.1_576857_577213
LOC112047618,NW_019862898.1,-,MXE_exon2,0.011772727,-0.078,576545,577213,NW_019862898.1_576545_577213
LOC112047618,NW_019862898.1,-,MXE_exon2,0.011772727,-0.078,576767,577213,NW_019862898.1_576767_577213
LOC112047618,NW_019862898.1,-,MXE_exon2,0.005159594,-0.082,576857,577213,NW_019862898.1_576857_577213
LOC112047618,NW_019862898.1,-,MXE_exon2,0.004965015,-0.078,576857,577213,NW_019862898.1_576857_577213
LOC112047618,NW_019862898.1,-,MXE_exon2,0.007760845,-0.077,576545,577213,NW_019862898.1_576545_577213
LOC112047618,NW_019862898.1,-,MXE_exon2,0.007760845,-0.077,576767,577213,NW_019862898.1_576767_577213
LOC112047618,NW_019862898.1,-,MXE_exon2,0.003150681,-0.081,576857,577213,NW_019862898.1_576857_577213
LOC112047618,NW_019862898.1,-,MXE_exon2,0.002432794,-0.083,576857,577213,NW_019862898.1_576857_577213
LOC112047618,NW_019862898.1,-,MXE_exon2,0.000187899,-0.17,576857,577213,NW_019862898.1_576857_577213
LOC112047618,NW_019862898.1,-,MXE_exon2,0.006508316,-0.082,576545,577213,NW_019862898.1_576545_577213
LOC112047618,NW_019862898.1,-,MXE_exon2,0.006508316,-0.082,576767,577213,NW_019862898.1_576767_577213
LOC112047618,NW_019862898.1,-,MXE_exon2,0.002612955,-0.085,576857,577213,NW_019862898.1_576857_577213
LOC112047618,NW_019862898.1,-,MXE_exon2,0.021427452,-0.223,576857,577213,NW_019862898.1_576857_577213
LOC112047618,NW_019862898.1,-,MXE_exon2,0.027491523,-0.229,577350,577668,NW_019862898.1_577350_577668
LOC112047618,NW_019862898.1,-,MXE_exon2,0.002511281,-0.084,576857,577213,NW_019862898.1_576857_577213
LOC112047618,NW_019862898.1,-,MXE_exon2,0.000157368,-0.171,576857,577213,NW_019862898.1_576857_577213
LOC112047321,NW_019862887.1,-,MXE_exon2,1.18E-08,-0.26,455949,456219,NW_019862887.1_455949_456219
LOC112047321,NW_019862887.1,-,MXE_exon2,1.18E-08,-0.26,455949,456219,NW_019862887.1_455949_456219
LOC112047321,NW_019862887.1,-,MXE_exon2,1.38E-06,-0.1,455949,456219,NW_019862887.1_455949_456219
LOC112054224,NW_019863330.1,-,MXE_exon2,9.97E-06,-0.291,43433,43723,NW_019863330.1_43433_43723
LOC112054224,NW_019863330.1,-,MXE_exon2,1.26E-07,-0.243,43433,43723,NW_019863330.1_43433_43723
LOC112055477,NW_019863529.1,+,MXE_exon2,5.32E-09,0.073,49201,49518,NW_019863529.1_49201_49518
LOC112055477,NW_019863529.1,+,MXE_exon2,0.002158448,0.033,49201,49587,NW_019863529.1_49201_49587
LOC112049214,NW_019862755.1,+,MXE_exon2,0.006211027,-0.166,2563906,2564215,NW_019862755.1_2563906_2564215
LOC112049214,NW_019862755.1,+,MXE_exon2,0.030971366,-0.418,2563906,2564215,NW_019862755.1_2563906_2564215
LOC112049214,NW_019862755.1,+,MXE_exon2,0.000158306,0.073,2565275,2565871,NW_019862755.1_2565275_2565871
LOC112049214,NW_019862755.1,+,MXE_exon2,0.000144861,0.073,2565383,2565871,NW_019862755.1_2565383_2565871
LOC112049214,NW_019862755.1,+,MXE_exon2,0.000912254,0.051,2565500,2565871,NW_019862755.1_2565500_2565871
LOC112049214,NW_019862755.1,+,MXE_exon2,0.000144861,0.073,2565520,2565871,NW_019862755.1_2565520_2565871
LOC112043015,NW_019862784.1,-,MXE_exon2,1.24E-09,0.028,991954,992360,NW_019862784.1_991954_992360
LOC112051571,NW_019863089.1,-,MXE_exon2,1.51E-08,-0.039,357744,358162,NW_019863089.1_357744_358162
LOC112051640,NW_019863093.1,-,MXE_exon2,0.026681629,-0.069,336040,337192,NW_019863093.1_336040_337192
LOC112043488,NW_019862791.1,-,A3SS_long,0.005101191,-0.056,1315721,1316067,NW_019862791.1_1315721_1316067
LOC112051279,NW_019863071.1,-,A3SS_long,7.45E-07,-0.073,181614,182006,NW_019863071.1_181614_182006
LOC112051279,NW_019863071.1,-,A3SS_long,1.66E-06,-0.109,188600,188927,NW_019863071.1_188600_188927
LOC112051279,NW_019863071.1,-,A3SS_long,0.026397862,0.121,189578,189869,NW_019863071.1_189578_189869
LOC112051279,NW_019863071.1,-,A3SS_long,0.01730953,-0.047,191943,192273,NW_019863071.1_191943_192273
LOC112051879,NW_019863109.1,-,A3SS_long,0.002695775,0.163,259552,260023,NW_019863109.1_259552_260023
LOC112051888,NW_019863109.1,+,A3SS_long,0.004077808,-0.317,232104,232493,NW_019863109.1_232104_232493
LOC112052202,NW_019863133.1,+,A3SS_long,2.11E-10,0.157,163642,164161,NW_019863133.1_163642_164161
LOC112056190,NW_019863730.1,-,A3SS_long,0.001243351,-0.085,26488,26887,NW_019863730.1_26488_26887
LOC112046466,NW_019862858.1,+,A3SS_long,0.01858941,-0.119,693455,693719,NW_019862858.1_693455_693719
LOC112056402,NW_019862763.1,+,A3SS_long,2.25E-08,-0.15,1629908,1630239,NW_019862763.1_1629908_1630239
LOC112049074,NW_019862958.1,-,A3SS_long,4.25E-05,-0.105,65490,65828,NW_019862958.1_65490_65828
LOC112046415,NW_019862857.1,-,A3SS_long,2.57E-07,-0.154,568310,568654,NW_019862857.1_568310_568654
LOC112045572,NW_019862835.1,+,A3SS_long,0.014557009,-0.39,694056,694445,NW_019862835.1_694056_694445
LOC112045222,NW_019862826.1,-,A3SS_long,0.00888849,-0.017,647322,647636,NW_019862826.1_647322_647636
LOC112054218,NW_019862748.1,-,A3SS_long,1.23E-06,-0.136,4579672,4580037,NW_019862748.1_4579672_4580037
LOC112048640,NW_019862938.1,-,A3SS_long,0,-0.116,56902,57233,NW_019862938.1_56902_57233
LOC112048640,NW_019862938.1,-,A3SS_long,0.02571491,-0.056,66408,66767,NW_019862938.1_66408_66767
LOC112048640,NW_019862938.1,-,A3SS_long,0.048503927,-0.079,66408,66767,NW_019862938.1_66408_66767
LOC112053871,NW_019863290.1,-,A3SS_long,0.004323754,0.17,187225,187768,NW_019863290.1_187225_187768
LOC112055865,NW_019863641.1,-,A3SS_long,0.002116139,0.148,55415,55788,NW_019863641.1_55415_55788
LOC112050417,NW_019862756.1,+,A3SS_long,0,-0.162,1860892,1861224,NW_019862756.1_1860892_1861224
LOC112050417,NW_019862756.1,+,A3SS_long,0,-0.248,1860892,1861224,NW_019862756.1_1860892_1861224
LOC112053443,NW_019862760.1,+,A3SS_long,0.001429463,0.051,55165,55691,NW_019862760.1_55165_55691
LOC112053443,NW_019862760.1,+,A3SS_long,0.001243351,0.244,55165,55691,NW_019862760.1_55165_55691
LOC112053443,NW_019862760.1,+,A3SS_long,1.50E-11,0.104,55165,55691,NW_019862760.1_55165_55691
LOC112053443,NW_019862760.1,+,A3SS_long,0.000893568,0.24,55165,55691,NW_019862760.1_55165_55691
LOC112053443,NW_019862760.1,+,A3SS_long,2.29E-07,0.3,55165,55691,NW_019862760.1_55165_55691
LOC112053443,NW_019862760.1,+,A3SS_long,0.039427573,0.049,55165,55691,NW_019862760.1_55165_55691
LOC112044395,NW_019862808.1,-,A3SS_long,0.003268188,0.106,873020,873374,NW_019862808.1_873020_873374
LOC112044395,NW_019862808.1,-,A3SS_long,6.56E-08,0.379,903685,903918,NW_019862808.1_903685_903918
LOC112048373,NW_019862927.1,+,A3SS_long,0.018112628,-0.125,48237,48607,NW_019862927.1_48237_48607
LOC112043298,NW_019862788.1,+,A3SS_long,1.58E-06,-0.182,397925,398251,NW_019862788.1_397925_398251
LOC112051719,NW_019863099.1,+,A3SS_long,0,0.166,259509,260323,NW_019863099.1_259509_260323
LOC112058150,NW_019862772.1,-,A3SS_long,2.65E-11,0.062,1056871,1057186,NW_019862772.1_1056871_1057186
LOC112045951,NW_019862844.1,-,A3SS_long,0.045042311,-0.129,952970,953293,NW_019862844.1_952970_953293
LOC112058367,NW_019862775.1,+,A3SS_long,8.08E-05,0.109,1322078,1322405,NW_019862775.1_1322078_1322405
LOC112043853,NW_019862799.1,-,A3SS_long,0.036529559,0.133,848944,849219,NW_019862799.1_848944_849219
LOC112043311,NW_019862788.1,-,A3SS_long,0.000317962,0.12,697982,698591,NW_019862788.1_697982_698591
LOC112052705,NW_019863169.1,+,A3SS_long,0.044448747,-0.036,197321,197802,NW_019863169.1_197321_197802
LOC112047807,NW_019862904.1,-,A3SS_long,0.021525418,-0.391,1295212,1295589,NW_019862904.1_1295212_1295589
LOC112047807,NW_019862904.1,-,A3SS_long,0.000623289,-0.089,1295212,1295589,NW_019862904.1_1295212_1295589
LOC112055216,NW_019862748.1,-,A3SS_long,0.008043999,-0.114,4869236,4871225,NW_019862748.1_4869236_4871225
LOC112044045,NW_019862802.1,-,A3SS_long,0.026397862,0.058,917268,917608,NW_019862802.1_917268_917608
LOC112051523,NW_019863087.1,+,A3SS_long,0,-0.058,180127,180414,NW_019863087.1_180127_180414
LOC112051523,NW_019863087.1,+,A3SS_long,5.39E-11,0.092,182891,183186,NW_019863087.1_182891_183186
LOC112052337,NW_019863141.1,-,A3SS_long,0.000328307,-0.042,179558,179809,NW_019863141.1_179558_179809
LOC112053171,NW_019863214.1,+,A3SS_long,9.64E-11,-0.181,49490,49852,NW_019863214.1_49490_49852
LOC112058378,NW_019862775.1,+,A3SS_long,0.000243088,0.268,1756469,1756936,NW_019862775.1_1756469_1756936
LOC112052566,NW_019863158.1,-,A3SS_long,5.44E-09,-0.112,249846,250140,NW_019863158.1_249846_250140
LOC112052566,NW_019863158.1,-,A3SS_long,0.000858281,-0.064,260439,260946,NW_019863158.1_260439_260946
LOC112048127,NW_019862917.1,-,A3SS_long,2.83E-06,0.245,580143,580481,NW_019862917.1_580143_580481
LOC112058421,NW_019862749.1,+,A3SS_long,0.033439271,-0.127,869386,869721,NW_019862749.1_869386_869721
LOC112053308,NW_019863227.1,-,A3SS_long,3.65E-05,-0.513,94017,94770,NW_019863227.1_94017_94770
LOC112049937,NW_019862998.1,-,A3SS_long,0.048503927,0.05,465488,465965,NW_019862998.1_465488_465965
LOC112049937,NW_019862998.1,-,A3SS_long,0.044556191,0.052,465488,465981,NW_019862998.1_465488_465981
LOC112049937,NW_019862998.1,-,A3SS_long,0.035656557,0.055,465488,466054,NW_019862998.1_465488_466054
LOC112043669,NW_019862794.1,-,A3SS_long,2.01E-11,-0.135,1090789,1091257,NW_019862794.1_1090789_1091257
LOC112052049,NW_019863120.1,+,A3SS_long,0.000114797,-0.089,276375,276705,NW_019863120.1_276375_276705
LOC112052742,NW_019863172.1,+,A3SS_long,0.002026357,0.111,215532,215876,NW_019863172.1_215532_215876
LOC112054210,NW_019863329.1,-,A3SS_long,4.39E-09,-0.376,116441,116794,NW_019863329.1_116441_116794
LOC112049929,NW_019862998.1,+,A3SS_long,3.09E-07,-0.081,210054,210355,NW_019862998.1_210054_210355
LOC112049929,NW_019862998.1,+,A3SS_long,3.99E-09,-0.224,210054,210355,NW_019862998.1_210054_210355
LOC112052141,NW_019863130.1,-,A3SS_long,0.015731394,-0.121,77997,78310,NW_019863130.1_77997_78310
LOC112057672,NW_019862765.1,+,A3SS_long,0.001149125,0.179,891942,892306,NW_019862765.1_891942_892306
LOC112052166,NW_019863132.1,+,A3SS_long,0.000454014,-0.186,149284,149701,NW_019863132.1_149284_149701
LOC112046842,NW_019862873.1,+,A3SS_long,0,0.079,568479,568764,NW_019862873.1_568479_568764
LOC112047611,NW_019862898.1,+,A3SS_long,1.00E-09,-0.103,48439,48773,NW_019862898.1_48439_48773
LOC112049226,NW_019862964.1,-,A3SS_long,0.019981233,0.179,155000,155323,NW_019862964.1_155000_155323
LOC112050902,NW_019863049.1,-,A3SS_long,0.025539842,0.047,48831,49151,NW_019863049.1_48831_49151
LOC112046718,NW_019862869.1,+,A3SS_long,9.84E-07,-0.209,426095,426435,NW_019862869.1_426095_426435
LOC112048035,NW_019862913.1,-,A3SS_long,0.000433007,-0.157,291440,291882,NW_019862913.1_291440_291882
LOC112055794,NW_019863615.1,+,A3SS_long,3.87E-13,-0.148,33284,33591,NW_019863615.1_33284_33591
LOC112054836,NW_019863423.1,+,A3SS_long,0.013078577,-0.15,51293,51615,NW_019863423.1_51293_51615
LOC112044157,NW_019862804.1,+,A3SS_long,1.91E-06,-0.113,660318,660779,NW_019862804.1_660318_660779
LOC112044157,NW_019862804.1,+,A3SS_long,2.29E-07,-0.135,660341,660779,NW_019862804.1_660341_660779
LOC112053824,NW_019863285.1,-,A3SS_long,0.00213683,-0.129,63081,63495,NW_019863285.1_63081_63495
LOC112051626,NW_019863091.1,-,A3SS_long,0.000389961,-0.469,119694,120796,NW_019863091.1_119694_120796
LOC112053617,NW_019863262.1,-,A3SS_long,0.009627065,-0.052,200831,201216,NW_019863262.1_200831_201216
LOC112051558,NW_019863089.1,-,A3SS_long,2.01E-06,-0.521,211091,211500,NW_019863089.1_211091_211500
LOC112051558,NW_019863089.1,-,A3SS_long,4.56E-06,-0.413,211091,211505,NW_019863089.1_211091_211505
LOC112056142,NW_019863717.1,+,A3SS_long,0.024037112,-0.035,27395,27792,NW_019863717.1_27395_27792
LOC112044247,NW_019862805.1,+,A3SS_long,8.12E-05,-0.314,1129001,1129609,NW_019862805.1_1129001_1129609
LOC112044247,NW_019862805.1,+,A3SS_long,0.032451366,-0.295,1129001,1129609,NW_019862805.1_1129001_1129609
LOC112056072,NW_019863696.1,-,A3SS_long,9.76E-08,-0.08,30771,31150,NW_019863696.1_30771_31150
LOC112047494,NW_019862894.1,-,A3SS_long,0.002231058,0.485,459101,459369,NW_019862894.1_459101_459369
LOC112055201,NW_019863475.1,-,A3SS_long,0.011996942,-0.133,89618,89937,NW_019863475.1_89618_89937
LOC112046576,NW_019862862.1,-,A3SS_long,0,-0.424,451774,452084,NW_019862862.1_451774_452084
LOC112053537,NW_019863251.1,-,A3SS_long,0.002667467,-0.068,168665,169116,NW_019863251.1_168665_169116
LOC112051164,NW_019863066.1,+,A3SS_long,0.003089125,-0.119,158881,159301,NW_019863066.1_158881_159301
LOC112050114,NW_019863005.1,+,A3SS_long,0.000540024,0.194,159084,159414,NW_019863005.1_159084_159414
LOC112054475,NW_019862761.1,-,A3SS_long,3.54E-08,0.26,1159568,1162004,NW_019862761.1_1159568_1162004
LOC112047366,NW_019862890.1,-,A3SS_long,3.11E-06,-0.204,597927,598280,NW_019862890.1_597927_598280
LOC112044311,NW_019862806.1,+,A3SS_long,0.000636331,0.051,803851,804615,NW_019862806.1_803851_804615
LOC112048594,NW_019862936.1,-,A3SS_long,0.030774605,0.035,287088,287443,NW_019862936.1_287088_287443
LOC112058435,NW_019862776.1,-,A3SS_long,0.000954557,-0.065,1213683,1214091,NW_019862776.1_1213683_1214091
LOC112058449,NW_019862776.1,+,A3SS_long,2.90E-05,-0.183,1714210,1714522,NW_019862776.1_1714210_1714522
LOC112047020,NW_019862880.1,+,A3SS_long,1.30E-06,-0.175,311249,311780,NW_019862880.1_311249_311780
LOC112053720,NW_019863276.1,-,A3SS_long,0.021525418,0.111,170553,170807,NW_019863276.1_170553_170807
LOC112053720,NW_019863276.1,-,A3SS_long,4.81E-08,-0.142,182753,183124,NW_019863276.1_182753_183124
LOC112052504,NW_019863154.1,-,A3SS_long,7.49E-11,0.193,182658,183038,NW_019863154.1_182658_183038
LOC112056170,NW_019863725.1,+,A3SS_long,0.000433007,0.052,21342,21660,NW_019863725.1_21342_21660
LOC112046596,NW_019862863.1,+,A3SS_long,0.024037112,-0.057,775528,775941,NW_019862863.1_775528_775941
LOC112048213,NW_019862921.1,-,A3SS_long,6.81E-05,0.216,189600,190169,NW_019862921.1_189600_190169
LOC112047355,NW_019862890.1,-,A3SS_long,0.004868674,-0.068,329882,330880,NW_019862890.1_329882_330880
LOC112047254,NW_019862886.1,+,A3SS_long,0.017935752,-0.096,765600,765916,NW_019862886.1_765600_765916
LOC112044971,NW_019862820.1,+,A3SS_long,7.81E-13,-0.066,100095,100409,NW_019862820.1_100095_100409
LOC112044923,NW_019862820.1,-,A3SS_long,0.000471053,-0.127,917602,918028,NW_019862820.1_917602_918028
LOC112050527,NW_019863028.1,+,A3SS_long,5.12E-06,0.097,306754,307179,NW_019863028.1_306754_307179
LOC112053002,NW_019862759.1,-,A3SS_long,0.014231587,-0.109,1300461,1300755,NW_019862759.1_1300461_1300755
LOC112053333,NW_019863229.1,-,A3SS_long,4.06E-05,0.124,119427,119849,NW_019863229.1_119427_119849
LOC112053444,NW_019863241.1,-,A3SS_long,3.14E-08,-0.178,92359,92754,NW_019863241.1_92359_92754
LOC112052434,NW_019862759.1,-,A3SS_long,0.021477997,-0.084,127300,129650,NW_019862759.1_127300_129650
LOC112045921,NW_019862843.1,+,A3SS_long,2.51E-06,-0.159,873879,874310,NW_019862843.1_873879_874310
LOC112047975,NW_019862910.1,-,A3SS_long,7.97E-05,-0.44,493248,493688,NW_019862910.1_493248_493688
LOC112046029,NW_019862752.1,-,A3SS_long,0.022695011,-0.438,1866015,1866414,NW_019862752.1_1866015_1866414
LOC112054741,NW_019863404.1,+,A3SS_long,0.018083386,-0.044,114383,114758,NW_019863404.1_114383_114758
LOC112050384,NW_019862756.1,-,A3SS_long,0,-0.353,1797902,1798267,NW_019862756.1_1797902_1798267
LOC112050199,NW_019862756.1,-,A3SS_long,2.01E-07,0.354,1428506,1429156,NW_019862756.1_1428506_1429156
LOC112050199,NW_019862756.1,-,A3SS_long,9.33E-09,0.265,1428506,1429333,NW_019862756.1_1428506_1429333
LOC112044368,NW_019862807.1,-,A3SS_long,0.024491137,0.061,1126688,1127129,NW_019862807.1_1126688_1127129
LOC112050895,NW_019863049.1,+,A3SS_long,5.40E-06,0.253,152407,153849,NW_019863049.1_152407_153849
LOC112052289,NW_019863138.1,+,A3SS_long,6.73E-12,-0.32,507254,507581,NW_019863138.1_507254_507581
LOC112047321,NW_019862887.1,-,A3SS_long,0.009741827,-0.287,455623,456219,NW_019862887.1_455623_456219
LOC112043096,NW_019862785.1,+,A3SS_long,0.049509402,-0.149,908251,908551,NW_019862785.1_908251_908551
LOC112054223,NW_019863330.1,+,A3SS_long,3.10E-06,0.07,93697,94065,NW_019863330.1_93697_94065
LOC112049214,NW_019862755.1,+,A3SS_long,0.000402177,-0.163,2553924,2554296,NW_019862755.1_2553924_2554296
LOC112043028,NW_019862784.1,+,A3SS_long,0.000190714,-0.13,1224031,1224434,NW_019862784.1_1224031_1224434
LOC112053483,NW_019863245.1,-,A3SS_long,0.002036448,0.075,138538,138897,NW_019863245.1_138538_138897
LOC112050976,NW_019863054.1,-,A3SS_long,0.03076694,0.1,50512,50871,NW_019863054.1_50512_50871
LOC112050976,NW_019863054.1,-,A3SS_long,0.043713293,-0.267,50512,50883,NW_019863054.1_50512_50883
LOC112044438,NW_019862809.1,-,A3SS_long,0.009741827,0.143,319640,320014,NW_019862809.1_319640_320014
LOC112049170,NW_019862962.1,+,A3SS_long,0.020902517,-0.059,80788,81121,NW_019862962.1_80788_81121
LOC112057456,NW_019865607.1,+,A3SS_long,5.84E-13,-0.082,2461,3082,NW_019865607.1_2461_3082
LOC112048609,NW_019862937.1,-,A3SS_long,0.000446804,0.07,416469,416781,NW_019862937.1_416469_416781
LOC112048609,NW_019862937.1,-,A3SS_long,0.006481065,0.198,416469,416784,NW_019862937.1_416469_416784
LOC112051279,NW_019863071.1,-,A3SS_long,0.004496224,-0.046,184036,184577,NW_019863071.1_184036_184577
LOC112051279,NW_019863071.1,-,A3SS_long,0.00166891,0.083,189574,189856,NW_019863071.1_189574_189856
LOC112051279,NW_019863071.1,-,A3SS_long,0.007943182,0.073,189574,189944,NW_019863071.1_189574_189944
LOC112051279,NW_019863071.1,-,A3SS_long,0.045863325,-0.202,191943,192276,NW_019863071.1_191943_192276
LOC112051279,NW_019863071.1,-,A3SS_long,0.024258474,-0.03,191943,192276,NW_019863071.1_191943_192276
LOC112053753,NW_019863278.1,+,A3SS_long,1.31E-09,-0.199,114739,115328,NW_019863278.1_114739_115328
LOC112044454,NW_019862751.1,-,A3SS_long,0.037601718,-0.269,334396,334786,NW_019862751.1_334396_334786
LOC112046886,NW_019862874.1,+,A3SS_long,0,0.282,133177,133466,NW_019862874.1_133177_133466
LOC112051765,NW_019863101.1,+,A3SS_long,4.06E-06,-0.028,245147,245702,NW_019863101.1_245147_245702
LOC112053614,NW_019862760.1,-,A3SS_long,0.001920424,-0.045,263705,264014,NW_019862760.1_263705_264014
LOC112052079,NW_019863123.1,+,A3SS_long,0.018472849,0.067,234104,234380,NW_019863123.1_234104_234380
LOC112052079,NW_019863123.1,+,A3SS_long,0.043817071,0.053,234106,234380,NW_019863123.1_234106_234380
LOC112049345,NW_019862968.1,-,A3SS_long,0.000218425,0.064,554131,554584,NW_019862968.1_554131_554584
LOC112053600,NW_019863259.1,+,A3SS_long,0.000245652,0.375,231754,232087,NW_019863259.1_231754_232087
LOC112049614,NW_019862748.1,+,A3SS_long,0.000467484,0.009,2995708,2996058,NW_019862748.1_2995708_2996058
LOC112046364,NW_019862748.1,+,A3SS_long,0.000281052,-0.036,251164,251575,NW_019862748.1_251164_251575
LOC112046041,NW_019862846.1,-,A3SS_long,0.028015204,-0.069,194713,195126,NW_019862846.1_194713_195126
LOC112058076,NW_019862749.1,-,A3SS_long,0.00155939,-0.277,2880490,2881051,NW_019862749.1_2880490_2881051
LOC112048265,NW_019862923.1,+,A3SS_long,0.000180822,0.286,262352,262666,NW_019862923.1_262352_262666
LOC112054858,NW_019862761.1,+,A3SS_long,1.43E-11,0.143,2321211,2321589,NW_019862761.1_2321211_2321589
LOC112043737,NW_019862796.1,-,A3SS_long,1.23E-05,0.112,169520,169882,NW_019862796.1_169520_169882
LOC112053935,NW_019863297.1,-,A3SS_long,0.049858728,0.275,158964,159495,NW_019863297.1_158964_159495
LOC112052180,NW_019863132.1,-,A3SS_long,2.83E-06,-0.024,285615,285985,NW_019863132.1_285615_285985
LOC112046415,NW_019862857.1,-,A3SS_long,0.001248527,-0.072,568310,568666,NW_019862857.1_568310_568666
LOC112057995,NW_019862770.1,-,A3SS_long,9.76E-08,0.046,1320727,1321345,NW_019862770.1_1320727_1321345
LOC112057995,NW_019862770.1,-,A3SS_long,7.44E-08,0.048,1320727,1321355,NW_019862770.1_1320727_1321355
LOC112044055,NW_019862802.1,+,A3SS_long,6.43E-06,0.034,309752,309979,NW_019862802.1_309752_309979
LOC112050908,NW_019863050.1,+,A3SS_long,0.042890536,0.084,130730,131126,NW_019863050.1_130730_131126
LOC112044496,NW_019862810.1,-,A3SS_long,0.000593259,-0.101,847336,847807,NW_019862810.1_847336_847807
LOC112050343,NW_019863018.1,+,A3SS_long,0.011735264,0.069,280524,280971,NW_019863018.1_280524_280971
LOC112055825,NW_019862762.1,-,A3SS_long,0.001203375,-0.087,2130238,2130643,NW_019862762.1_2130238_2130643
LOC112048640,NW_019862938.1,-,A3SS_long,0.010399308,-0.14,56783,57229,NW_019862938.1_56783_57229
LOC112055028,NW_019862762.1,+,A3SS_long,0.001226529,0.045,60452,60825,NW_019862762.1_60452_60825
LOC112053752,NW_019863278.1,+,A3SS_long,0.002432452,-0.525,44374,44814,NW_019863278.1_44374_44814
LOC112055990,NW_019863676.1,+,A3SS_long,0.022339821,-0.023,69750,70305,NW_019863676.1_69750_70305
LOC112055990,NW_019863676.1,+,A3SS_long,0.039491903,0.034,75801,76253,NW_019863676.1_75801_76253
LOC112055990,NW_019863676.1,+,A3SS_long,0,-0.153,81211,81819,NW_019863676.1_81211_81819
LOC112046577,NW_019862862.1,-,A3SS_long,3.55E-10,-0.164,818754,819148,NW_019862862.1_818754_819148
LOC112047547,NW_019862896.1,+,A3SS_long,0.00108834,-0.021,511983,512346,NW_019862896.1_511983_512346
LOC112047547,NW_019862896.1,+,A3SS_long,2.60E-06,0.047,512482,512733,NW_019862896.1_512482_512733
LOC112049684,NW_019862984.1,-,A3SS_long,0,0.151,382170,382534,NW_019862984.1_382170_382534
LOC112049684,NW_019862984.1,-,A3SS_long,0,0.159,382170,382546,NW_019862984.1_382170_382546
LOC112053871,NW_019863290.1,-,A3SS_long,0.004228025,0.171,187225,187840,NW_019863290.1_187225_187840
LOC112050417,NW_019862756.1,+,A3SS_long,0.025562196,0.035,1853516,1854103,NW_019862756.1_1853516_1854103
LOC112050417,NW_019862756.1,+,A3SS_long,0.025234875,0.035,1853696,1854103,NW_019862756.1_1853696_1854103
LOC112050417,NW_019862756.1,+,A3SS_long,0.023928812,0.036,1853862,1854103,NW_019862756.1_1853862_1854103
LOC112051407,NW_019863081.1,+,A3SS_long,0.00551047,0.223,12289,12779,NW_019863081.1_12289_12779
LOC112051822,NW_019863106.1,-,A3SS_long,0.000211517,-0.234,120300,120907,NW_019863106.1_120300_120907
LOC112045121,NW_019862824.1,+,A3SS_long,0.012399486,-0.159,499842,500192,NW_019862824.1_499842_500192
LOC112045121,NW_019862824.1,+,A3SS_long,0.000676677,-0.043,499862,500192,NW_019862824.1_499862_500192
LOC112044894,NW_019862751.1,-,A3SS_long,2.81E-05,-0.113,1713508,1713932,NW_019862751.1_1713508_1713932
LOC112057769,NW_019862766.1,-,A3SS_long,0.003042694,0.019,368425,368794,NW_019862766.1_368425_368794
LOC112051577,NW_019863090.1,-,A3SS_long,0.013170273,-0.026,41447,41734,NW_019863090.1_41447_41734
LOC112048355,NW_019862754.1,-,A3SS_long,0.013017935,0.034,2500300,2500618,NW_019862754.1_2500300_2500618
LOC112053443,NW_019862760.1,+,A3SS_long,5.41E-08,0.166,55165,55691,NW_019862760.1_55165_55691
LOC112053443,NW_019862760.1,+,A3SS_long,0.006295299,0.116,55165,55690,NW_019862760.1_55165_55690
LOC112053443,NW_019862760.1,+,A3SS_long,0.006172766,0.096,55165,55690,NW_019862760.1_55165_55690
LOC112053443,NW_019862760.1,+,A3SS_long,0.000113825,0.388,55169,55690,NW_019862760.1_55169_55690
LOC112053443,NW_019862760.1,+,A3SS_long,0.000557128,0.383,55178,55690,NW_019862760.1_55178_55690
LOC112053443,NW_019862760.1,+,A3SS_long,0.000217643,0.401,55202,55690,NW_019862760.1_55202_55690
LOC112053443,NW_019862760.1,+,A3SS_long,0.000380998,0.353,55279,55690,NW_019862760.1_55279_55690
LOC112053443,NW_019862760.1,+,A3SS_long,0.000147664,0.367,55283,55690,NW_019862760.1_55283_55690
LOC112053443,NW_019862760.1,+,A3SS_long,0.000126237,0.36,55298,55690,NW_019862760.1_55298_55690
LOC112053443,NW_019862760.1,+,A3SS_long,0.000323056,0.295,55342,55690,NW_019862760.1_55342_55690
LOC112053443,NW_019862760.1,+,A3SS_long,0.003065876,0.387,55351,55690,NW_019862760.1_55351_55690
LOC112053443,NW_019862760.1,+,A3SS_long,0,0.307,55165,55691,NW_019862760.1_55165_55691
LOC112053443,NW_019862760.1,+,A3SS_long,0.018803882,0.057,55165,55690,NW_019862760.1_55165_55690
LOC112053443,NW_019862760.1,+,A3SS_long,0.000273138,0.509,55169,55690,NW_019862760.1_55169_55690
LOC112053443,NW_019862760.1,+,A3SS_long,0.04683123,0.072,55169,55690,NW_019862760.1_55169_55690
LOC112053443,NW_019862760.1,+,A3SS_long,0.000339533,0.502,55178,55690,NW_019862760.1_55178_55690
LOC112053443,NW_019862760.1,+,A3SS_long,0.049855057,0.071,55178,55690,NW_019862760.1_55178_55690
LOC112053443,NW_019862760.1,+,A3SS_long,0.000276199,0.508,55224,55690,NW_019862760.1_55224_55690
LOC112053443,NW_019862760.1,+,A3SS_long,0.04683123,0.072,55224,55690,NW_019862760.1_55224_55690
LOC112053443,NW_019862760.1,+,A3SS_long,0.000328307,0.502,55256,55690,NW_019862760.1_55256_55690
LOC112053443,NW_019862760.1,+,A3SS_long,0.000281052,0.505,55267,55690,NW_019862760.1_55267_55690
LOC112053443,NW_019862760.1,+,A3SS_long,0.000281052,0.505,55271,55690,NW_019862760.1_55271_55690
LOC112053443,NW_019862760.1,+,A3SS_long,0.000458355,0.482,55279,55690,NW_019862760.1_55279_55690
LOC112053443,NW_019862760.1,+,A3SS_long,0.000281052,0.504,55283,55690,NW_019862760.1_55283_55690
LOC112053443,NW_019862760.1,+,A3SS_long,0.000307894,0.499,55298,55690,NW_019862760.1_55298_55690
LOC112053443,NW_019862760.1,+,A3SS_long,0.001032811,0.458,55342,55690,NW_019862760.1_55342_55690
LOC112053443,NW_019862760.1,+,A3SS_long,0.002291666,0.475,55351,55690,NW_019862760.1_55351_55690
LOC112053443,NW_019862760.1,+,A3SS_long,0.042889957,0.273,55351,55690,NW_019862760.1_55351_55690
LOC112045850,NW_019862842.1,+,A3SS_long,0.049858728,-0.084,585551,585919,NW_019862842.1_585551_585919
LOC112054185,NW_019862760.1,+,A3SS_long,0.020973551,-0.018,906545,906958,NW_019862760.1_906545_906958
LOC112054185,NW_019862760.1,+,A3SS_long,9.89E-05,-0.144,911425,911813,NW_019862760.1_911425_911813
LOC112053078,NW_019863203.1,-,A3SS_long,0.023508536,-0.215,264726,265121,NW_019863203.1_264726_265121
LOC112043411,NW_019862790.1,-,A3SS_long,5.11E-10,0.246,160605,160999,NW_019862790.1_160605_160999
LOC112043411,NW_019862790.1,-,A3SS_long,2.72E-09,0.058,160605,161005,NW_019862790.1_160605_161005
LOC112043716,NW_019862795.1,-,A3SS_long,0.019744025,-0.116,914052,914484,NW_019862795.1_914052_914484
LOC112052382,NW_019863144.1,-,A3SS_long,1.23E-06,0.039,245680,246248,NW_019863144.1_245680_246248
LOC112052382,NW_019863144.1,-,A3SS_long,0.010794715,-0.018,249648,250257,NW_019863144.1_249648_250257
LOC112058150,NW_019862772.1,-,A3SS_long,0.000198991,0.402,1056861,1057196,NW_019862772.1_1056861_1057196
LOC112048333,NW_019862925.1,+,A3SS_long,4.77E-05,-0.012,603562,604115,NW_019862925.1_603562_604115
LOC112046887,NW_019862874.1,-,A3SS_long,0.015335734,-0.057,19301,19855,NW_019862874.1_19301_19855
LOC112046887,NW_019862874.1,-,A3SS_long,0.022754445,-0.049,19301,19858,NW_019862874.1_19301_19858
LOC112046887,NW_019862874.1,-,A3SS_long,0.000257731,0.133,19301,19858,NW_019862874.1_19301_19858
LOC112046887,NW_019862874.1,-,A3SS_long,9.73E-07,0.111,19470,20127,NW_019862874.1_19470_20127
LOC112046887,NW_019862874.1,-,A3SS_long,1.62E-05,0.089,19470,20127,NW_019862874.1_19470_20127
LOC112046887,NW_019862874.1,-,A3SS_long,0.006564171,0.056,20845,21197,NW_019862874.1_20845_21197
LOC112046887,NW_019862874.1,-,A3SS_long,0,-0.407,20875,21419,NW_019862874.1_20875_21419
LOC112046887,NW_019862874.1,-,A3SS_long,0.000342232,-0.116,20875,21419,NW_019862874.1_20875_21419
LOC112046887,NW_019862874.1,-,A3SS_long,0.003972003,-0.263,19470,20127,NW_019862874.1_19470_20127
LOC112046887,NW_019862874.1,-,A3SS_long,5.26E-05,0.138,20875,21419,NW_019862874.1_20875_21419
LOC112046887,NW_019862874.1,-,A3SS_long,3.84E-08,0.062,20875,21419,NW_019862874.1_20875_21419
LOC112046887,NW_019862874.1,-,A3SS_long,8.89E-07,-0.125,22674,23037,NW_019862874.1_22674_23037
LOC112046887,NW_019862874.1,-,A3SS_long,0.000471053,-0.073,22778,23032,NW_019862874.1_22778_23032
LOC112048587,NW_019862935.1,+,A3SS_long,1.07E-05,-0.029,436801,437170,NW_019862935.1_436801_437170
LOC112053623,NW_019863262.1,+,A3SS_long,0.00075725,0.112,64501,64837,NW_019863262.1_64501_64837
LOC112046971,NW_019862879.1,-,A3SS_long,0.014546676,0.054,735002,735353,NW_019862879.1_735002_735353
LOC112047241,NW_019862885.1,+,A3SS_long,6.33E-06,0.031,543053,543465,NW_019862885.1_543053_543465
LOC112043407,NW_019862790.1,-,A3SS_long,4.16E-05,-0.129,33781,34455,NW_019862790.1_33781_34455
LOC112058550,NW_019862778.1,-,A3SS_long,3.94E-12,-0.123,1102864,1103465,NW_019862778.1_1102864_1103465
LOC112043455,NW_019862750.1,+,A3SS_long,6.71E-06,0.041,235274,235746,NW_019862750.1_235274_235746
LOC112045066,NW_019862823.1,-,A3SS_long,0.006875833,0.036,121012,121404,NW_019862823.1_121012_121404
LOC112051523,NW_019863087.1,+,A3SS_long,0,0.14,159251,159949,NW_019863087.1_159251_159949
LOC112051523,NW_019863087.1,+,A3SS_long,0,0.14,159287,159949,NW_019863087.1_159287_159949
LOC112051523,NW_019863087.1,+,A3SS_long,0,0.14,159309,159949,NW_019863087.1_159309_159949
LOC112051523,NW_019863087.1,+,A3SS_long,0,0.14,159326,159949,NW_019863087.1_159326_159949
LOC112051523,NW_019863087.1,+,A3SS_long,0,0.14,159392,159949,NW_019863087.1_159392_159949
LOC112051523,NW_019863087.1,+,A3SS_long,0,0.14,159410,159949,NW_019863087.1_159410_159949
LOC112051523,NW_019863087.1,+,A3SS_long,0,0.07,159548,159949,NW_019863087.1_159548_159949
LOC112051523,NW_019863087.1,+,A3SS_long,0,0.132,159575,159949,NW_019863087.1_159575_159949
LOC112051523,NW_019863087.1,+,A3SS_long,0,0.183,159644,159949,NW_019863087.1_159644_159949
LOC112051523,NW_019863087.1,+,A3SS_long,3.87E-13,0.197,159662,159949,NW_019863087.1_159662_159949
LOC112051523,NW_019863087.1,+,A3SS_long,8.45E-06,0.022,179021,179686,NW_019863087.1_179021_179686
LOC112051523,NW_019863087.1,+,A3SS_long,0.000454014,-0.056,179157,179686,NW_019863087.1_179157_179686
LOC112051523,NW_019863087.1,+,A3SS_long,0.014358198,0.046,179157,179686,NW_019863087.1_179157_179686
LOC112051523,NW_019863087.1,+,A3SS_long,0.020909391,-0.382,179881,180242,NW_019863087.1_179881_180242
LOC112051523,NW_019863087.1,+,A3SS_long,0.015731394,-0.378,179895,180242,NW_019863087.1_179895_180242
LOC112051523,NW_019863087.1,+,A3SS_long,8.52E-14,-0.488,179288,179686,NW_019863087.1_179288_179686
LOC112052337,NW_019863141.1,-,A3SS_long,0.000696063,-0.04,179558,179827,NW_019863141.1_179558_179827
LOC112052337,NW_019863141.1,-,A3SS_long,8.04E-05,-0.047,179558,179837,NW_019863141.1_179558_179837
LOC112052337,NW_019863141.1,-,A3SS_long,7.52E-06,-0.052,179558,179847,NW_019863141.1_179558_179847
LOC112052337,NW_019863141.1,-,A3SS_long,2.26E-06,-0.053,179558,179865,NW_019863141.1_179558_179865
LOC112052337,NW_019863141.1,-,A3SS_long,4.61E-07,-0.056,179558,179868,NW_019863141.1_179558_179868
LOC112047846,NW_019862906.1,-,A3SS_long,0.000485877,0.052,84259,84507,NW_019862906.1_84259_84507
LOC112047846,NW_019862906.1,-,A3SS_long,0.005344212,0.049,84259,84517,NW_019862906.1_84259_84517
LOC112049703,NW_019862985.1,+,A3SS_long,0.018665439,-0.08,426447,426824,NW_019862985.1_426447_426824
LOC112049703,NW_019862985.1,+,A3SS_long,0.047489097,-0.021,426447,426824,NW_019862985.1_426447_426824
LOC112044006,NW_019862750.1,-,A3SS_long,0.03846516,0.03,2057797,2058137,NW_019862750.1_2057797_2058137
LOC112043308,NW_019862788.1,+,A3SS_long,0.048159427,0.023,670459,670806,NW_019862788.1_670459_670806
LOC112058474,NW_019862777.1,-,A3SS_long,0.036695842,0.096,812335,812638,NW_019862777.1_812335_812638
LOC112058474,NW_019862777.1,-,A3SS_long,0.025562196,0.023,812335,812767,NW_019862777.1_812335_812767
LOC112053596,NW_019863259.1,+,A3SS_long,5.84E-13,-0.223,301144,301435,NW_019863259.1_301144_301435
LOC112047092,NW_019862882.1,+,A3SS_long,0.04683123,-0.035,705578,706094,NW_019862882.1_705578_706094
LOC112048127,NW_019862917.1,-,A3SS_long,0.032829917,0.225,580138,580508,NW_019862917.1_580138_580508
LOC112047113,NW_019862882.1,-,A3SS_long,0.006941322,-0.427,99717,100275,NW_019862882.1_99717_100275
LOC112058374,NW_019862775.1,+,A3SS_long,0.003131662,0.025,1561112,1561676,NW_019862775.1_1561112_1561676
LOC112049937,NW_019862998.1,-,A3SS_long,0.046712917,0.052,465488,465969,NW_019862998.1_465488_465969
LOC112049937,NW_019862998.1,-,A3SS_long,0.039971809,0.055,465488,465994,NW_019862998.1_465488_465994
LOC112049937,NW_019862998.1,-,A3SS_long,0.035534848,0.06,465488,466024,NW_019862998.1_465488_466024
LOC112049937,NW_019862998.1,-,A3SS_long,0.031716786,0.063,465488,466047,NW_019862998.1_465488_466047
LOC112049937,NW_019862998.1,-,A3SS_long,0.036695842,0.056,465488,466056,NW_019862998.1_465488_466056
LOC112049937,NW_019862998.1,-,A3SS_long,0.036695842,0.056,465488,466063,NW_019862998.1_465488_466063
LOC112049937,NW_019862998.1,-,A3SS_long,0.036825702,0.056,465488,466071,NW_019862998.1_465488_466071
LOC112049937,NW_019862998.1,-,A3SS_long,0.036973685,0.056,465488,466074,NW_019862998.1_465488_466074
LOC112049937,NW_019862998.1,-,A3SS_long,0.036695842,0.056,465488,466080,NW_019862998.1_465488_466080
LOC112049937,NW_019862998.1,-,A3SS_long,0.035294465,0.056,465488,466094,NW_019862998.1_465488_466094
LOC112049937,NW_019862998.1,-,A3SS_long,0.03700834,0.056,465488,466149,NW_019862998.1_465488_466149
LOC112049937,NW_019862998.1,-,A3SS_long,0.037187573,0.056,465488,466154,NW_019862998.1_465488_466154
LOC112049937,NW_019862998.1,-,A3SS_long,0.036695842,0.056,465488,466187,NW_019862998.1_465488_466187
LOC112044097,NW_019862803.1,+,A3SS_long,0.002250088,0.104,1261719,1262026,NW_019862803.1_1261719_1262026
LOC112051655,NW_019863094.1,-,A3SS_long,0.004779155,0.124,195055,195491,NW_019863094.1_195055_195491
LOC112043283,NW_019862788.1,-,A3SS_long,0.003926172,0.114,81918,82459,NW_019862788.1_81918_82459
LOC112043283,NW_019862788.1,-,A3SS_long,0.005788308,0.088,81918,82474,NW_019862788.1_81918_82474
LOC112043283,NW_019862788.1,-,A3SS_long,0.005136422,0.09,81918,82479,NW_019862788.1_81918_82479
LOC112043283,NW_019862788.1,-,A3SS_long,0.005414786,0.09,81918,82481,NW_019862788.1_81918_82481
LOC112043283,NW_019862788.1,-,A3SS_long,0.004293853,0.036,81961,82471,NW_019862788.1_81961_82471
LOC112049491,NW_019862976.1,-,A3SS_long,8.96E-08,-0.449,66775,67119,NW_019862976.1_66775_67119
LOC112053817,NW_019863284.1,-,A3SS_long,0.000206915,-0.019,9948,10744,NW_019863284.1_9948_10744
LOC112045818,NW_019862841.1,-,A3SS_long,8.11E-07,0.048,823760,824315,NW_019862841.1_823760_824315
LOC112045818,NW_019862841.1,-,A3SS_long,2.74E-06,0.165,823760,824318,NW_019862841.1_823760_824318
LOC112045818,NW_019862841.1,-,A3SS_long,0,0.644,852798,853290,NW_019862841.1_852798_853290
LOC112050670,NW_019863036.1,+,A3SS_long,0.001591453,-0.021,110555,111123,NW_019863036.1_110555_111123
LOC112043669,NW_019862794.1,-,A3SS_long,0.002211914,0.041,1090789,1091240,NW_019862794.1_1090789_1091240
LOC112058339,NW_019862774.1,-,A3SS_long,0.016522307,-0.023,1957159,1957520,NW_019862774.1_1957159_1957520
LOC112046143,NW_019862849.1,+,A3SS_long,3.08E-05,-0.041,172486,173033,NW_019862849.1_172486_173033
LOC112049720,NW_019862987.1,-,A3SS_long,0.000128671,0.075,790676,790909,NW_019862987.1_790676_790909
LOC112058207,NW_019862772.1,+,A3SS_long,0.0217755,0.012,1706192,1706515,NW_019862772.1_1706192_1706515
LOC112051179,NW_019862748.1,+,A3SS_long,0.013680324,0.01,3848797,3849129,NW_019862748.1_3848797_3849129
LOC112045016,NW_019862751.1,-,A3SS_long,0.002465618,-0.054,2448520,2449045,NW_019862751.1_2448520_2449045
LOC112057727,NW_019862765.1,+,A3SS_long,0.002267151,-0.107,2181431,2181834,NW_019862765.1_2181431_2181834
LOC112051840,NW_019863107.1,+,A3SS_long,0.02867492,-0.027,460769,461361,NW_019863107.1_460769_461361
LOC112049503,NW_019862976.1,-,A3SS_long,3.30E-13,-0.011,435331,435988,NW_019862976.1_435331_435988
LOC112049503,NW_019862976.1,-,A3SS_long,1.18E-09,0.047,435331,435988,NW_019862976.1_435331_435988
LOC112049503,NW_019862976.1,-,A3SS_long,4.06E-05,0.097,435755,436419,NW_019862976.1_435755_436419
LOC112055327,NW_019863501.1,+,A3SS_long,0.036472177,0.367,64022,64412,NW_019863501.1_64022_64412
LOC112055327,NW_019863501.1,+,A3SS_long,0.000181395,0.057,64886,65276,NW_019863501.1_64886_65276
LOC112055449,NW_019863525.1,+,A3SS_long,0.004011296,0.01,123471,123824,NW_019863525.1_123471_123824
LOC112054293,NW_019863339.1,+,A3SS_long,0.009833075,-0.095,64068,64718,NW_019863339.1_64068_64718
LOC112053375,NW_019862759.1,-,A3SS_long,1.05E-06,0.272,1367666,1369453,NW_019862759.1_1367666_1369453
LOC112050534,NW_019863028.1,+,A3SS_long,0.008553952,-0.269,168699,168982,NW_019863028.1_168699_168982
LOC112050252,NW_019863014.1,+,A3SS_long,1.96E-09,-0.138,50432,50765,NW_019863014.1_50432_50765
LOC112052126,NW_019863128.1,+,A3SS_long,0.000520193,-0.052,165598,165962,NW_019863128.1_165598_165962
LOC112052560,NW_019863158.1,-,A3SS_long,0.005506577,0.034,171735,172160,NW_019863158.1_171735_172160
LOC112049338,NW_019862968.1,+,A3SS_long,0.000111803,-0.154,58132,58433,NW_019862968.1_58132_58433
LOC112052399,NW_019863145.1,+,A3SS_long,2.15E-05,0.007,111150,111511,NW_019863145.1_111150_111511
LOC112052399,NW_019863145.1,+,A3SS_long,4.30E-06,0.039,111053,111511,NW_019863145.1_111053_111511
LOC112058605,NW_019862778.1,+,A3SS_long,0.013732308,0.117,1597316,1597703,NW_019862778.1_1597316_1597703
LOC112046859,NW_019862748.1,-,A3SS_long,1.58E-06,0.099,1930553,1931240,NW_019862748.1_1930553_1931240
LOC112055407,NW_019863516.1,+,A3SS_long,0.031960145,-0.152,10469,10863,NW_019863516.1_10469_10863
LOC112050902,NW_019863049.1,-,A3SS_long,1.17E-05,0.365,38936,39424,NW_019863049.1_38936_39424
LOC112050902,NW_019863049.1,-,A3SS_long,9.21E-06,0.175,38936,39424,NW_019863049.1_38936_39424
LOC112048334,NW_019862754.1,+,A3SS_long,0.000110608,-0.013,2465662,2465967,NW_019862754.1_2465662_2465967
LOC112058406,NW_019862776.1,-,A3SS_long,0.015588186,0.023,419280,419694,NW_019862776.1_419280_419694
LOC112043296,NW_019862788.1,+,A3SS_long,0.000101373,-0.087,328177,328563,NW_019862788.1_328177_328563
LOC112045821,NW_019862841.1,-,A3SS_long,0.000221632,-0.375,88775,89235,NW_019862841.1_88775_89235
LOC112046504,NW_019862859.1,-,A3SS_long,0.016256695,-0.009,672354,672747,NW_019862859.1_672354_672747
LOC112056839,NW_019864020.1,-,A3SS_long,5.44E-09,0.115,11125,11502,NW_019864020.1_11125_11502
LOC112044157,NW_019862804.1,+,A3SS_long,0.022555226,-0.402,660232,660779,NW_019862804.1_660232_660779
LOC112044157,NW_019862804.1,+,A3SS_long,1.02E-08,-0.095,660232,660779,NW_019862804.1_660232_660779
LOC112044157,NW_019862804.1,+,A3SS_long,4.85E-08,-0.093,660237,660779,NW_019862804.1_660237_660779
LOC112044157,NW_019862804.1,+,A3SS_long,0.024037112,-0.375,660296,660779,NW_019862804.1_660296_660779
LOC112044157,NW_019862804.1,+,A3SS_long,4.71E-08,-0.111,660296,660779,NW_019862804.1_660296_660779
LOC112044157,NW_019862804.1,+,A3SS_long,1.02E-07,-0.12,660330,660779,NW_019862804.1_660330_660779
LOC112044157,NW_019862804.1,+,A3SS_long,0.004269959,-0.257,660341,660779,NW_019862804.1_660341_660779
LOC112046979,NW_019862879.1,+,A3SS_long,0.017870385,0.177,100902,101363,NW_019862879.1_100902_101363
LOC112058237,NW_019862773.1,-,A3SS_long,8.98E-06,0.06,185778,186328,NW_019862773.1_185778_186328
LOC112051272,NW_019862757.1,+,A3SS_long,4.76E-09,-0.1,2254690,2255147,NW_019862757.1_2254690_2255147
LOC112051272,NW_019862757.1,+,A3SS_long,3.22E-05,-0.259,2254700,2255147,NW_019862757.1_2254700_2255147
LOC112051272,NW_019862757.1,+,A3SS_long,1.89E-05,-0.244,2254727,2255147,NW_019862757.1_2254727_2255147
LOC112047258,NW_019862886.1,+,A3SS_long,0.000782221,-0.229,643914,644231,NW_019862886.1_643914_644231
LOC112055433,NW_019862748.1,-,A3SS_long,0.027906995,-0.065,531301,531625,NW_019862748.1_531301_531625
LOC112058277,NW_019862773.1,-,A3SS_long,0.000557128,-0.496,800031,800521,NW_019862773.1_800031_800521
LOC112051025,NW_019863057.1,-,A3SS_long,0.003114407,-0.015,256992,257613,NW_019863057.1_256992_257613
LOC112053170,NW_019863214.1,-,A3SS_long,0.000298778,-0.238,184817,185119,NW_019863214.1_184817_185119
LOC112044504,NW_019862810.1,-,A3SS_long,0.007067131,-0.036,1164713,1165315,NW_019862810.1_1164713_1165315
LOC112048087,NW_019862916.1,-,A3SS_long,2.49E-05,-0.361,148557,149083,NW_019862916.1_148557_149083
LOC112054561,NW_019863375.1,+,A3SS_long,0.031907798,0.017,170286,170973,NW_019863375.1_170286_170973
LOC112043675,NW_019862794.1,-,A3SS_long,4.05E-06,-0.192,1270212,1270656,NW_019862794.1_1270212_1270656
LOC112043675,NW_019862794.1,-,A3SS_long,6.43E-06,-0.209,1270212,1270691,NW_019862794.1_1270212_1270691
LOC112044247,NW_019862805.1,+,A3SS_long,0.042819148,-0.279,1128993,1129609,NW_019862805.1_1128993_1129609
LOC112056069,NW_019863696.1,-,A3SS_long,0.046358177,-0.03,72507,72892,NW_019863696.1_72507_72892
LOC112048533,NW_019862934.1,-,A3SS_long,0.000676643,0.365,180184,180822,NW_019862934.1_180184_180822
LOC112047485,NW_019862894.1,-,A3SS_long,0.026540187,-0.029,901513,901875,NW_019862894.1_901513_901875
LOC112047476,NW_019862894.1,-,A3SS_long,0.003182874,0.108,1109324,1109865,NW_019862894.1_1109324_1109865
LOC112045726,NW_019862839.1,-,A3SS_long,5.38E-05,0.084,807386,807886,NW_019862839.1_807386_807886
LOC112045726,NW_019862839.1,-,A3SS_long,3.43E-05,0.095,807386,807928,NW_019862839.1_807386_807928
LOC112045726,NW_019862839.1,-,A3SS_long,3.72E-05,0.117,807386,808070,NW_019862839.1_807386_808070
LOC112058574,NW_019862778.1,-,A3SS_long,0.000507104,0.101,1349203,1349689,NW_019862778.1_1349203_1349689
LOC112043682,NW_019862794.1,+,A3SS_long,0.00200479,-0.064,1405102,1405802,NW_019862794.1_1405102_1405802
LOC112043682,NW_019862794.1,+,A3SS_long,0.006941322,0.007,1405422,1405802,NW_019862794.1_1405422_1405802
LOC112050705,NW_019863039.1,+,A3SS_long,0.004952806,-0.065,248549,249017,NW_019863039.1_248549_249017
LOC112050705,NW_019863039.1,+,A3SS_long,0.00503512,-0.081,248671,249017,NW_019863039.1_248671_249017
LOC112045692,NW_019862838.1,+,A3SS_long,0.014358198,-0.152,134651,134959,NW_019862838.1_134651_134959
LOC112050114,NW_019863005.1,+,A3SS_long,0.029864037,0.274,159001,159414,NW_019863005.1_159001_159414
LOC112050114,NW_019863005.1,+,A3SS_long,0.022339821,0.283,159021,159414,NW_019863005.1_159021_159414
LOC112050114,NW_019863005.1,+,A3SS_long,0.014231587,0.279,159090,159414,NW_019863005.1_159090_159414
LOC112052598,NW_019863161.1,-,A3SS_long,0,0.058,208139,208518,NW_019863161.1_208139_208518
LOC112045287,NW_019862828.1,+,A3SS_long,0.009743851,0.372,848274,848570,NW_019862828.1_848274_848570
LOC112053936,NW_019863297.1,-,A3SS_long,0.003034942,0.029,121898,122374,NW_019863297.1_121898_122374
LOC112053936,NW_019863297.1,-,A3SS_long,4.71E-06,-0.081,124327,124720,NW_019863297.1_124327_124720
LOC112053936,NW_019863297.1,-,A3SS_long,0.000326043,0.045,124327,124751,NW_019863297.1_124327_124751
LOC112053945,NW_019863297.1,+,A3SS_long,0.048906083,-0.022,167451,167721,NW_019863297.1_167451_167721
LOC112043471,NW_019862791.1,-,A3SS_long,0.000327932,0.012,379918,380270,NW_019862791.1_379918_380270
LOC112048697,NW_019862941.1,-,A3SS_long,7.16E-05,0.481,166478,167162,NW_019862941.1_166478_167162
LOC112055427,NW_019863522.1,-,A3SS_long,0.001205906,-0.037,77250,77574,NW_019863522.1_77250_77574
LOC112050223,NW_019863013.1,-,A3SS_long,0.033430218,0.25,237116,237417,NW_019863013.1_237116_237417
LOC112055515,NW_019863543.1,+,A3SS_long,0.034748741,-0.036,5177,5489,NW_019863543.1_5177_5489
LOC112056176,NW_019863728.1,+,A3SS_long,1.18E-07,-0.203,67878,68281,NW_019863728.1_67878_68281
LOC112051953,NW_019863115.1,+,A3SS_long,1.81E-11,-0.314,174231,174549,NW_019863115.1_174231_174549
LOC112058313,NW_019862774.1,+,A3SS_long,0.028205766,-0.037,150365,150662,NW_019862774.1_150365_150662
LOC112053886,NW_019863292.1,+,A3SS_long,0.000228035,-0.403,149900,150517,NW_019863292.1_149900_150517
LOC112058466,NW_019862776.1,-,A3SS_long,0.01655017,0.032,821360,821798,NW_019862776.1_821360_821798
LOC112054150,NW_019863325.1,+,A3SS_long,3.21E-05,-0.144,318112,318554,NW_019863325.1_318112_318554
LOC112052373,NW_019862759.1,+,A3SS_long,0.007080233,-0.033,2029538,2029973,NW_019862759.1_2029538_2029973
LOC112056694,NW_019863946.1,+,A3SS_long,0.000370952,0.035,20682,21057,NW_019863946.1_20682_21057
LOC112048342,NW_019862926.1,+,A3SS_long,0.000695618,0.129,212366,212961,NW_019862926.1_212366_212961
LOC112048342,NW_019862926.1,+,A3SS_long,2.79E-07,0.338,212366,212961,NW_019862926.1_212366_212961
LOC112054954,NW_019863436.1,-,A3SS_long,0.000759727,-0.091,133453,134084,NW_019863436.1_133453_134084
LOC112050725,NW_019863039.1,-,A3SS_long,0.013594922,0.046,157256,157906,NW_019863039.1_157256_157906
LOC112048213,NW_019862921.1,-,A3SS_long,3.22E-05,0.278,189600,190201,NW_019862921.1_189600_190201
LOC112048213,NW_019862921.1,-,A3SS_long,4.76E-05,0.305,189600,190246,NW_019862921.1_189600_190246
LOC112052396,NW_019863145.1,-,A3SS_long,3.16E-06,-0.451,117120,117782,NW_019863145.1_117120_117782
LOC112047818,NW_019862904.1,-,A3SS_long,0.013017935,0.453,916670,917070,NW_019862904.1_916670_917070
LOC112047355,NW_019862890.1,-,A3SS_long,0.006564171,0.08,329961,330514,NW_019862890.1_329961_330514
LOC112050834,NW_019863045.1,+,A3SS_long,0.000312684,-0.015,169193,169610,NW_019863045.1_169193_169610
LOC112044926,NW_019862820.1,-,A3SS_long,0.000161033,-0.085,59956,60299,NW_019862820.1_59956_60299
LOC112044971,NW_019862820.1,+,A3SS_long,0.000326043,-0.022,100084,100409,NW_019862820.1_100084_100409
LOC112044971,NW_019862820.1,+,A3SS_long,0.000301514,-0.023,100087,100409,NW_019862820.1_100087_100409
LOC112044923,NW_019862820.1,-,A3SS_long,0.000160469,-0.053,917602,918031,NW_019862820.1_917602_918031
LOC112044923,NW_019862820.1,-,A3SS_long,0.000883679,-0.035,917602,918120,NW_019862820.1_917602_918120
LOC112058060,NW_019862749.1,-,A3SS_long,0.038157655,0.114,2309724,2310074,NW_019862749.1_2309724_2310074
LOC112046721,NW_019862753.1,-,A3SS_long,0,-0.045,381730,382104,NW_019862753.1_381730_382104
LOC112047441,NW_019862753.1,+,A3SS_long,0.004193293,-0.132,1165930,1166304,NW_019862753.1_1165930_1166304
LOC112047239,NW_019862753.1,+,A3SS_long,0.004174195,-0.079,2079453,2079791,NW_019862753.1_2079453_2079791
LOC112048221,NW_019862921.1,+,A3SS_long,0.002014938,-0.027,362551,362870,NW_019862921.1_362551_362870
LOC112046094,NW_019862752.1,-,A3SS_long,0.001013969,-0.127,1893416,1893913,NW_019862752.1_1893416_1893913
LOC112045656,NW_019862837.1,+,A3SS_long,1.58E-06,0.04,382603,382962,NW_019862837.1_382603_382962
LOC112049532,NW_019862977.1,-,A3SS_long,0.021194668,-0.014,107639,107969,NW_019862977.1_107639_107969
LOC112050138,NW_019863008.1,-,A3SS_long,6.21E-05,-0.029,103917,104362,NW_019863008.1_103917_104362
LOC112043911,NW_019862800.1,+,A3SS_long,7.38E-09,0.262,233903,234342,NW_019862800.1_233903_234342
LOC112050527,NW_019863028.1,+,A3SS_long,8.74E-05,0.106,306663,307179,NW_019863028.1_306663_307179
LOC112050527,NW_019863028.1,+,A3SS_long,4.22E-05,0.165,306684,307179,NW_019863028.1_306684_307179
LOC112051636,NW_019863093.1,+,A3SS_long,0.000100874,-0.432,285224,285678,NW_019863093.1_285224_285678
LOC112045393,NW_019862831.1,+,A3SS_long,0.000614804,0.076,419129,419578,NW_019862831.1_419129_419578
LOC112058541,NW_019862778.1,+,A3SS_long,1.47E-05,-0.202,1039474,1040044,NW_019862778.1_1039474_1040044
LOC112058541,NW_019862778.1,+,A3SS_long,1.47E-05,-0.202,1039522,1040044,NW_019862778.1_1039522_1040044
LOC112058541,NW_019862778.1,+,A3SS_long,1.47E-05,-0.202,1039574,1040044,NW_019862778.1_1039574_1040044
LOC112058541,NW_019862778.1,+,A3SS_long,1.47E-05,-0.202,1039596,1040044,NW_019862778.1_1039596_1040044
LOC112058541,NW_019862778.1,+,A3SS_long,0.000637759,-0.534,1039729,1040044,NW_019862778.1_1039729_1040044
LOC112043155,NW_019862786.1,+,A3SS_long,0.020453196,-0.126,960008,960509,NW_019862786.1_960008_960509
LOC112053199,NW_019862759.1,+,A3SS_long,0.016436756,-0.069,2257164,2257523,NW_019862759.1_2257164_2257523
LOC112053199,NW_019862759.1,+,A3SS_long,0.001874311,-0.264,2258889,2259185,NW_019862759.1_2258889_2259185
LOC112051828,NW_019863106.1,+,A3SS_long,0.006450439,-0.324,254693,255126,NW_019863106.1_254693_255126
LOC112051828,NW_019863106.1,+,A3SS_long,0.000326043,-0.248,254693,255126,NW_019863106.1_254693_255126
LOC112051828,NW_019863106.1,+,A3SS_long,0.005591209,-0.293,254693,255126,NW_019863106.1_254693_255126
LOC112051828,NW_019863106.1,+,A3SS_long,7.91E-05,-0.11,254693,255126,NW_019863106.1_254693_255126
LOC112051828,NW_019863106.1,+,A3SS_long,0.006740095,-0.327,254697,255126,NW_019863106.1_254697_255126
LOC112051828,NW_019863106.1,+,A3SS_long,0.000339813,-0.25,254697,255126,NW_019863106.1_254697_255126
LOC112051828,NW_019863106.1,+,A3SS_long,0.00588956,-0.295,254697,255126,NW_019863106.1_254697_255126
LOC112051828,NW_019863106.1,+,A3SS_long,7.91E-05,-0.11,254697,255126,NW_019863106.1_254697_255126
LOC112051828,NW_019863106.1,+,A3SS_long,0.000193541,-0.101,254729,255126,NW_019863106.1_254729_255126
LOC112051828,NW_019863106.1,+,A3SS_long,0.00097706,-0.08,254799,255126,NW_019863106.1_254799_255126
LOC112051828,NW_019863106.1,+,A3SS_long,0.012304819,-0.052,254822,255126,NW_019863106.1_254822_255126
LOC112051828,NW_019863106.1,+,A3SS_long,0.017403255,-0.053,254830,255126,NW_019863106.1_254830_255126
LOC112051828,NW_019863106.1,+,A3SS_long,0.049858728,-0.008,255273,255743,NW_019863106.1_255273_255743
LOC112048147,NW_019862918.1,+,A3SS_long,0.012175721,-0.019,152234,152557,NW_019862918.1_152234_152557
LOC112054854,NW_019863425.1,-,A3SS_long,0.01942971,-0.08,127543,127961,NW_019863425.1_127543_127961
LOC112047701,NW_019862901.1,+,A3SS_long,0.000110608,0.036,679697,680142,NW_019862901.1_679697_680142
LOC112043852,NW_019862799.1,+,A3SS_long,0.004594978,-0.05,877298,877591,NW_019862799.1_877298_877591
LOC112052274,NW_019863137.1,-,A3SS_long,9.84E-07,-0.15,107613,108050,NW_019863137.1_107613_108050
LOC112052274,NW_019863137.1,-,A3SS_long,0.002651231,0.099,116101,116459,NW_019863137.1_116101_116459
LOC112058172,NW_019862772.1,-,A3SS_long,0.039971809,0.121,1772186,1772716,NW_019862772.1_1772186_1772716
LOC112058335,NW_019862774.1,-,A3SS_long,3.27E-05,0.051,680023,680521,NW_019862774.1_680023_680521
LOC112058335,NW_019862774.1,-,A3SS_long,2.51E-06,0.064,680023,680550,NW_019862774.1_680023_680550
LOC112058174,NW_019862772.1,+,A3SS_long,0.024461023,-0.252,1832799,1833257,NW_019862772.1_1832799_1833257
LOC112058174,NW_019862772.1,+,A3SS_long,0.004594978,-0.045,1832832,1833257,NW_019862772.1_1832832_1833257
LOC112047309,NW_019862887.1,+,A3SS_long,0.037844509,-0.018,434561,435111,NW_019862887.1_434561_435111
LOC112056775,NW_019863977.1,-,A3SS_long,0.002769455,0.263,25155,25672,NW_019863977.1_25155_25672
LOC112048291,NW_019862924.1,-,A3SS_long,0.007433679,-0.193,328015,328630,NW_019862924.1_328015_328630
LOC112048291,NW_019862924.1,-,A3SS_long,4.71E-05,-0.147,328015,328648,NW_019862924.1_328015_328648
LOC112048291,NW_019862924.1,-,A3SS_long,0.007579826,-0.192,328015,328650,NW_019862924.1_328015_328650
LOC112052272,NW_019863137.1,+,A3SS_long,0.02014396,-0.17,211989,212450,NW_019863137.1_211989_212450
LOC112052272,NW_019863137.1,+,A3SS_long,0.005253453,-0.18,211992,212450,NW_019863137.1_211992_212450
LOC112055281,NW_019863491.1,+,A3SS_long,0.011631984,-0.118,9120,9536,NW_019863491.1_9120_9536
LOC112049646,NW_019862982.1,-,A3SS_long,0.001271837,0.07,82161,82576,NW_019862982.1_82161_82576
LOC112045600,NW_019862836.1,+,A3SS_long,0.000228035,-0.055,615127,615550,NW_019862836.1_615127_615550
LOC112050412,NW_019863021.1,-,A3SS_long,0.009627065,0.105,185449,185759,NW_019863021.1_185449_185759
LOC112053740,NW_019863277.1,+,A3SS_long,0.000485877,0.044,89542,89873,NW_019863277.1_89542_89873
LOC112051454,NW_019863083.1,+,A3SS_long,0.000134538,-0.069,296137,296764,NW_019863083.1_296137_296764
LOC112048138,NW_019862918.1,+,A3SS_long,0.001721415,-0.353,441886,442199,NW_019862918.1_441886_442199
LOC112050384,NW_019862756.1,-,A3SS_long,7.28E-11,-0.089,1797902,1798286,NW_019862756.1_1797902_1798286
LOC112050679,NW_019862756.1,-,A3SS_long,9.76E-08,0.293,1847287,1847631,NW_019862756.1_1847287_1847631
LOC112056553,NW_019863878.1,+,A3SS_long,0.000228035,-0.095,23585,24016,NW_019863878.1_23585_24016
LOC112044367,NW_019862807.1,+,A3SS_long,3.10E-06,0.04,1068544,1069172,NW_019862807.1_1068544_1069172
LOC112049145,NW_019862961.1,-,A3SS_long,0.008539366,-0.01,296457,296794,NW_019862961.1_296457_296794
LOC112049145,NW_019862961.1,-,A3SS_long,0.008845813,-0.009,296457,296809,NW_019862961.1_296457_296809
LOC112049145,NW_019862961.1,-,A3SS_long,0,0.055,298596,299035,NW_019862961.1_298596_299035
LOC112044771,NW_019862748.1,-,A3SS_long,0.021525418,-0.206,1496357,1497044,NW_019862748.1_1496357_1497044
LOC112045047,NW_019862822.1,-,A3SS_long,1.23E-06,0.035,67402,68028,NW_019862822.1_67402_68028
LOC112048612,NW_019862937.1,-,A3SS_long,6.33E-11,0.1,402486,402817,NW_019862937.1_402486_402817
LOC112044270,NW_019862806.1,-,A3SS_long,0.014060417,0.072,825786,826133,NW_019862806.1_825786_826133
LOC112044270,NW_019862806.1,-,A3SS_long,0.005430695,-0.105,833812,834168,NW_019862806.1_833812_834168
LOC112046598,NW_019862863.1,-,A3SS_long,0.004765928,0.029,807231,807679,NW_019862863.1_807231_807679
LOC112046598,NW_019862863.1,-,A3SS_long,0.011226979,-0.09,814473,814734,NW_019862863.1_814473_814734
LOC112052325,NW_019863140.1,+,A3SS_long,0,0.176,263553,263992,NW_019863140.1_263553_263992
LOC112049016,NW_019862955.1,-,A3SS_long,0.0003104,0.386,319769,320338,NW_019862955.1_319769_320338
LOC112046562,NW_019862861.1,-,A3SS_long,4.57E-06,0.015,96891,97274,NW_019862861.1_96891_97274
LOC112051539,NW_019863088.1,-,A3SS_long,0.001138053,0.137,154545,154859,NW_019863088.1_154545_154859
LOC112051539,NW_019863088.1,-,A3SS_long,0.005416061,0.582,154545,154873,NW_019863088.1_154545_154873
LOC112055881,NW_019863649.1,+,A3SS_long,0.044448747,0.311,20093,20445,NW_019863649.1_20093_20445
LOC112057460,NW_019862764.1,+,A3SS_long,0.012050245,0.084,1269366,1269799,NW_019862764.1_1269366_1269799
LOC112048203,NW_019862921.1,+,A3SS_long,3.93E-07,-0.181,469549,470224,NW_019862921.1_469549_470224
LOC112056045,NW_019863691.1,-,A3SS_long,0.00065713,-0.07,65683,66033,NW_019863691.1_65683_66033
LOC112042951,NW_019862782.1,-,A3SS_long,0.035515819,-0.099,1566221,1566605,NW_019862782.1_1566221_1566605
LOC112056467,NW_019863831.1,+,A3SS_long,0.043176193,-0.165,39214,39823,NW_019863831.1_39214_39823
LOC112051221,NW_019863069.1,+,A3SS_long,0.001243351,0.123,109453,109818,NW_019863069.1_109453_109818
LOC112051221,NW_019863069.1,+,A3SS_long,0.000623289,0.069,109465,109818,NW_019863069.1_109465_109818
LOC112047321,NW_019862887.1,-,A3SS_long,1.58E-06,-0.061,445566,446106,NW_019862887.1_445566_446106
LOC112051546,NW_019863089.1,-,A3SS_long,7.14E-05,-0.063,149471,149929,NW_019863089.1_149471_149929
LOC112049111,NW_019862959.1,+,A3SS_long,0.014358198,0.103,428061,428493,NW_019862959.1_428061_428493
LOC112051554,NW_019863089.1,+,A3SS_long,0.049118471,0.325,71441,71891,NW_019863089.1_71441_71891
LOC112043488,NW_019862791.1,-,A3SS_short,0.005101191,-0.056,1315721,1316064,NW_019862791.1_1315721_1316064
LOC112051279,NW_019863071.1,-,A3SS_short,7.45E-07,-0.073,181614,182003,NW_019863071.1_181614_182003
LOC112051279,NW_019863071.1,-,A3SS_short,1.66E-06,-0.109,188600,188924,NW_019863071.1_188600_188924
LOC112051279,NW_019863071.1,-,A3SS_short,0.026397862,0.121,189578,189833,NW_019863071.1_189578_189833
LOC112051279,NW_019863071.1,-,A3SS_short,0.01730953,-0.047,191943,192264,NW_019863071.1_191943_192264
LOC112051879,NW_019863109.1,-,A3SS_short,0.002695775,0.163,259552,260011,NW_019863109.1_259552_260011
LOC112051888,NW_019863109.1,+,A3SS_short,0.004077808,-0.317,232107,232493,NW_019863109.1_232107_232493
LOC112052202,NW_019863133.1,+,A3SS_short,2.11E-10,0.157,163808,164161,NW_019863133.1_163808_164161
LOC112056190,NW_019863730.1,-,A3SS_short,0.001243351,-0.085,26488,26884,NW_019863730.1_26488_26884
LOC112046466,NW_019862858.1,+,A3SS_short,0.01858941,-0.119,693458,693719,NW_019862858.1_693458_693719
LOC112056402,NW_019862763.1,+,A3SS_short,2.25E-08,-0.15,1629911,1630239,NW_019862763.1_1629911_1630239
LOC112049074,NW_019862958.1,-,A3SS_short,4.25E-05,-0.105,65490,65816,NW_019862958.1_65490_65816
LOC112046415,NW_019862857.1,-,A3SS_short,2.57E-07,-0.154,568310,568645,NW_019862857.1_568310_568645
LOC112045572,NW_019862835.1,+,A3SS_short,0.014557009,-0.39,694071,694445,NW_019862835.1_694071_694445
LOC112045222,NW_019862826.1,-,A3SS_short,0.00888849,-0.017,647322,647633,NW_019862826.1_647322_647633
LOC112054218,NW_019862748.1,-,A3SS_short,1.23E-06,-0.136,4579672,4580025,NW_019862748.1_4579672_4580025
LOC112048640,NW_019862938.1,-,A3SS_short,0,-0.116,56902,57215,NW_019862938.1_56902_57215
LOC112048640,NW_019862938.1,-,A3SS_short,0.02571491,-0.056,66408,66755,NW_019862938.1_66408_66755
LOC112048640,NW_019862938.1,-,A3SS_short,0.048503927,-0.079,66408,66755,NW_019862938.1_66408_66755
LOC112053871,NW_019863290.1,-,A3SS_short,0.004323754,0.17,187225,187616,NW_019863290.1_187225_187616
LOC112055865,NW_019863641.1,-,A3SS_short,0.002116139,0.148,55415,55737,NW_019863641.1_55415_55737
LOC112050417,NW_019862756.1,+,A3SS_short,0,-0.162,1860907,1861224,NW_019862756.1_1860907_1861224
LOC112050417,NW_019862756.1,+,A3SS_short,0,-0.248,1860907,1861224,NW_019862756.1_1860907_1861224
LOC112053443,NW_019862760.1,+,A3SS_short,0.001429463,0.051,55360,55691,NW_019862760.1_55360_55691
LOC112053443,NW_019862760.1,+,A3SS_short,0.001243351,0.244,55370,55691,NW_019862760.1_55370_55691
LOC112053443,NW_019862760.1,+,A3SS_short,1.50E-11,0.104,55360,55691,NW_019862760.1_55360_55691
LOC112053443,NW_019862760.1,+,A3SS_short,0.000893568,0.24,55370,55691,NW_019862760.1_55370_55691
LOC112053443,NW_019862760.1,+,A3SS_short,2.29E-07,0.3,55360,55691,NW_019862760.1_55360_55691
LOC112053443,NW_019862760.1,+,A3SS_short,0.039427573,0.049,55360,55691,NW_019862760.1_55360_55691
LOC112044395,NW_019862808.1,-,A3SS_short,0.003268188,0.106,873020,873365,NW_019862808.1_873020_873365
LOC112044395,NW_019862808.1,-,A3SS_short,6.56E-08,0.379,903685,903916,NW_019862808.1_903685_903916
LOC112048373,NW_019862927.1,+,A3SS_short,0.018112628,-0.125,48240,48607,NW_019862927.1_48240_48607
LOC112043298,NW_019862788.1,+,A3SS_short,1.58E-06,-0.182,397928,398251,NW_019862788.1_397928_398251
LOC112051719,NW_019863099.1,+,A3SS_short,0,0.166,259512,260323,NW_019863099.1_259512_260323
LOC112058150,NW_019862772.1,-,A3SS_short,2.65E-11,0.062,1056871,1057177,NW_019862772.1_1056871_1057177
LOC112045951,NW_019862844.1,-,A3SS_short,0.045042311,-0.129,952970,953278,NW_019862844.1_952970_953278
LOC112058367,NW_019862775.1,+,A3SS_short,8.08E-05,0.109,1322084,1322405,NW_019862775.1_1322084_1322405
LOC112043853,NW_019862799.1,-,A3SS_short,0.036529559,0.133,848944,849210,NW_019862799.1_848944_849210
LOC112043311,NW_019862788.1,-,A3SS_short,0.000317962,0.12,697982,698390,NW_019862788.1_697982_698390
LOC112052705,NW_019863169.1,+,A3SS_short,0.044448747,-0.036,197334,197802,NW_019863169.1_197334_197802
LOC112047807,NW_019862904.1,-,A3SS_short,0.021525418,-0.391,1295212,1295564,NW_019862904.1_1295212_1295564
LOC112047807,NW_019862904.1,-,A3SS_short,0.000623289,-0.089,1295212,1295564,NW_019862904.1_1295212_1295564
LOC112055216,NW_019862748.1,-,A3SS_short,0.008043999,-0.114,4869236,4871222,NW_019862748.1_4869236_4871222
LOC112044045,NW_019862802.1,-,A3SS_short,0.026397862,0.058,917268,917578,NW_019862802.1_917268_917578
LOC112051523,NW_019863087.1,+,A3SS_short,0,-0.058,180142,180414,NW_019863087.1_180142_180414
LOC112051523,NW_019863087.1,+,A3SS_short,5.39E-11,0.092,182906,183186,NW_019863087.1_182906_183186
LOC112052337,NW_019863141.1,-,A3SS_short,0.000328307,-0.042,179558,179773,NW_019863141.1_179558_179773
LOC112053171,NW_019863214.1,+,A3SS_short,9.64E-11,-0.181,49511,49852,NW_019863214.1_49511_49852
LOC112058378,NW_019862775.1,+,A3SS_short,0.000243088,0.268,1756568,1756936,NW_019862775.1_1756568_1756936
LOC112052566,NW_019863158.1,-,A3SS_short,5.44E-09,-0.112,249846,250137,NW_019863158.1_249846_250137
LOC112052566,NW_019863158.1,-,A3SS_short,0.000858281,-0.064,260439,260943,NW_019863158.1_260439_260943
LOC112048127,NW_019862917.1,-,A3SS_short,2.83E-06,0.245,580143,580454,NW_019862917.1_580143_580454
LOC112058421,NW_019862749.1,+,A3SS_short,0.033439271,-0.127,869398,869721,NW_019862749.1_869398_869721
LOC112053308,NW_019863227.1,-,A3SS_short,3.65E-05,-0.513,94017,94765,NW_019863227.1_94017_94765
LOC112049937,NW_019862998.1,-,A3SS_short,0.048503927,0.05,465488,465883,NW_019862998.1_465488_465883
LOC112049937,NW_019862998.1,-,A3SS_short,0.044556191,0.052,465488,465883,NW_019862998.1_465488_465883
LOC112049937,NW_019862998.1,-,A3SS_short,0.035656557,0.055,465488,465883,NW_019862998.1_465488_465883
LOC112043669,NW_019862794.1,-,A3SS_short,2.01E-11,-0.135,1090789,1091240,NW_019862794.1_1090789_1091240
LOC112052049,NW_019863120.1,+,A3SS_short,0.000114797,-0.089,276390,276705,NW_019863120.1_276390_276705
LOC112052742,NW_019863172.1,+,A3SS_short,0.002026357,0.111,215537,215876,NW_019863172.1_215537_215876
LOC112054210,NW_019863329.1,-,A3SS_short,4.39E-09,-0.376,116441,116779,NW_019863329.1_116441_116779
LOC112049929,NW_019862998.1,+,A3SS_short,3.09E-07,-0.081,210066,210355,NW_019862998.1_210066_210355
LOC112049929,NW_019862998.1,+,A3SS_short,3.99E-09,-0.224,210069,210355,NW_019862998.1_210069_210355
LOC112052141,NW_019863130.1,-,A3SS_short,0.015731394,-0.121,77997,78307,NW_019863130.1_77997_78307
LOC112057672,NW_019862765.1,+,A3SS_short,0.001149125,0.179,891972,892306,NW_019862765.1_891972_892306
LOC112052166,NW_019863132.1,+,A3SS_short,0.000454014,-0.186,149299,149701,NW_019863132.1_149299_149701
LOC112046842,NW_019862873.1,+,A3SS_short,0,0.079,568494,568764,NW_019862873.1_568494_568764
LOC112047611,NW_019862898.1,+,A3SS_short,1.00E-09,-0.103,48442,48773,NW_019862898.1_48442_48773
LOC112049226,NW_019862964.1,-,A3SS_short,0.019981233,0.179,155000,155305,NW_019862964.1_155000_155305
LOC112050902,NW_019863049.1,-,A3SS_short,0.025539842,0.047,48831,49148,NW_019863049.1_48831_49148
LOC112046718,NW_019862869.1,+,A3SS_short,9.84E-07,-0.209,426104,426435,NW_019862869.1_426104_426435
LOC112048035,NW_019862913.1,-,A3SS_short,0.000433007,-0.157,291440,291873,NW_019862913.1_291440_291873
LOC112055794,NW_019863615.1,+,A3SS_short,3.87E-13,-0.148,33302,33591,NW_019863615.1_33302_33591
LOC112054836,NW_019863423.1,+,A3SS_short,0.013078577,-0.15,51296,51615,NW_019863423.1_51296_51615
LOC112044157,NW_019862804.1,+,A3SS_short,1.91E-06,-0.113,660384,660779,NW_019862804.1_660384_660779
LOC112044157,NW_019862804.1,+,A3SS_short,2.29E-07,-0.135,660384,660779,NW_019862804.1_660384_660779
LOC112053824,NW_019863285.1,-,A3SS_short,0.00213683,-0.129,63081,63483,NW_019863285.1_63081_63483
LOC112051626,NW_019863091.1,-,A3SS_short,0.000389961,-0.469,119694,120775,NW_019863091.1_119694_120775
LOC112053617,NW_019863262.1,-,A3SS_short,0.009627065,-0.052,200831,201213,NW_019863262.1_200831_201213
LOC112051558,NW_019863089.1,-,A3SS_short,2.01E-06,-0.521,211091,211471,NW_019863089.1_211091_211471
LOC112051558,NW_019863089.1,-,A3SS_short,4.56E-06,-0.413,211091,211471,NW_019863089.1_211091_211471
LOC112056142,NW_019863717.1,+,A3SS_short,0.024037112,-0.035,27398,27792,NW_019863717.1_27398_27792
LOC112044247,NW_019862805.1,+,A3SS_short,8.12E-05,-0.314,1129024,1129609,NW_019862805.1_1129024_1129609
LOC112044247,NW_019862805.1,+,A3SS_short,0.032451366,-0.295,1129055,1129609,NW_019862805.1_1129055_1129609
LOC112056072,NW_019863696.1,-,A3SS_short,9.76E-08,-0.08,30771,31132,NW_019863696.1_30771_31132
LOC112047494,NW_019862894.1,-,A3SS_short,0.002231058,0.485,459101,459364,NW_019862894.1_459101_459364
LOC112055201,NW_019863475.1,-,A3SS_short,0.011996942,-0.133,89618,89925,NW_019863475.1_89618_89925
LOC112046576,NW_019862862.1,-,A3SS_short,0,-0.424,451774,452081,NW_019862862.1_451774_452081
LOC112053537,NW_019863251.1,-,A3SS_short,0.002667467,-0.068,168665,169095,NW_019863251.1_168665_169095
LOC112051164,NW_019863066.1,+,A3SS_short,0.003089125,-0.119,158956,159301,NW_019863066.1_158956_159301
LOC112050114,NW_019863005.1,+,A3SS_short,0.000540024,0.194,159150,159414,NW_019863005.1_159150_159414
LOC112054475,NW_019862761.1,-,A3SS_short,3.54E-08,0.26,1159568,1161992,NW_019862761.1_1159568_1161992
LOC112047366,NW_019862890.1,-,A3SS_short,3.11E-06,-0.204,597927,598277,NW_019862890.1_597927_598277
LOC112044311,NW_019862806.1,+,A3SS_short,0.000636331,0.051,803854,804615,NW_019862806.1_803854_804615
LOC112048594,NW_019862936.1,-,A3SS_short,0.030774605,0.035,287088,287437,NW_019862936.1_287088_287437
LOC112058435,NW_019862776.1,-,A3SS_short,0.000954557,-0.065,1213683,1214079,NW_019862776.1_1213683_1214079
LOC112058449,NW_019862776.1,+,A3SS_short,2.90E-05,-0.183,1714219,1714522,NW_019862776.1_1714219_1714522
LOC112047020,NW_019862880.1,+,A3SS_short,1.30E-06,-0.175,311264,311780,NW_019862880.1_311264_311780
LOC112053720,NW_019863276.1,-,A3SS_short,0.021525418,0.111,170553,170795,NW_019863276.1_170553_170795
LOC112053720,NW_019863276.1,-,A3SS_short,4.81E-08,-0.142,182753,183121,NW_019863276.1_182753_183121
LOC112052504,NW_019863154.1,-,A3SS_short,7.49E-11,0.193,182658,183023,NW_019863154.1_182658_183023
LOC112056170,NW_019863725.1,+,A3SS_short,0.000433007,0.052,21345,21660,NW_019863725.1_21345_21660
LOC112046596,NW_019862863.1,+,A3SS_short,0.024037112,-0.057,775530,775941,NW_019862863.1_775530_775941
LOC112048213,NW_019862921.1,-,A3SS_short,6.81E-05,0.216,189600,190130,NW_019862921.1_189600_190130
LOC112047355,NW_019862890.1,-,A3SS_short,0.004868674,-0.068,329882,330511,NW_019862890.1_329882_330511
LOC112047254,NW_019862886.1,+,A3SS_short,0.017935752,-0.096,765603,765916,NW_019862886.1_765603_765916
LOC112044971,NW_019862820.1,+,A3SS_short,7.81E-13,-0.066,100112,100409,NW_019862820.1_100112_100409
LOC112044923,NW_019862820.1,-,A3SS_short,0.000471053,-0.127,917602,918010,NW_019862820.1_917602_918010
LOC112050527,NW_019863028.1,+,A3SS_short,5.12E-06,0.097,306826,307179,NW_019863028.1_306826_307179
LOC112053002,NW_019862759.1,-,A3SS_short,0.014231587,-0.109,1300461,1300752,NW_019862759.1_1300461_1300752
LOC112053333,NW_019863229.1,-,A3SS_short,4.06E-05,0.124,119427,119827,NW_019863229.1_119427_119827
LOC112053444,NW_019863241.1,-,A3SS_short,3.14E-08,-0.178,92359,92727,NW_019863241.1_92359_92727
LOC112052434,NW_019862759.1,-,A3SS_short,0.021477997,-0.084,127300,129638,NW_019862759.1_127300_129638
LOC112045921,NW_019862843.1,+,A3SS_short,2.51E-06,-0.159,873948,874310,NW_019862843.1_873948_874310
LOC112047975,NW_019862910.1,-,A3SS_short,7.97E-05,-0.44,493248,493652,NW_019862910.1_493248_493652
LOC112046029,NW_019862752.1,-,A3SS_short,0.022695011,-0.438,1866015,1866398,NW_019862752.1_1866015_1866398
LOC112054741,NW_019863404.1,+,A3SS_short,0.018083386,-0.044,114387,114758,NW_019863404.1_114387_114758
LOC112050384,NW_019862756.1,-,A3SS_short,0,-0.353,1797902,1798249,NW_019862756.1_1797902_1798249
LOC112050199,NW_019862756.1,-,A3SS_short,2.01E-07,0.354,1428506,1428901,NW_019862756.1_1428506_1428901
LOC112050199,NW_019862756.1,-,A3SS_short,9.33E-09,0.265,1428506,1428901,NW_019862756.1_1428506_1428901
LOC112044368,NW_019862807.1,-,A3SS_short,0.024491137,0.061,1126688,1127087,NW_019862807.1_1126688_1127087
LOC112050895,NW_019863049.1,+,A3SS_short,5.40E-06,0.253,152465,153849,NW_019863049.1_152465_153849
LOC112052289,NW_019863138.1,+,A3SS_short,6.73E-12,-0.32,507266,507581,NW_019863138.1_507266_507581
LOC112047321,NW_019862887.1,-,A3SS_short,0.009741827,-0.287,455623,456079,NW_019862887.1_455623_456079
LOC112043096,NW_019862785.1,+,A3SS_short,0.049509402,-0.149,908266,908551,NW_019862785.1_908266_908551
LOC112054223,NW_019863330.1,+,A3SS_short,3.10E-06,0.07,93700,94065,NW_019863330.1_93700_94065
LOC112049214,NW_019862755.1,+,A3SS_short,0.000402177,-0.163,2553927,2554296,NW_019862755.1_2553927_2554296
LOC112043028,NW_019862784.1,+,A3SS_short,0.000190714,-0.13,1224040,1224434,NW_019862784.1_1224040_1224434
LOC112053483,NW_019863245.1,-,A3SS_short,0.002036448,0.075,138538,138882,NW_019863245.1_138538_138882
LOC112050976,NW_019863054.1,-,A3SS_short,0.03076694,0.1,50512,50850,NW_019863054.1_50512_50850
LOC112050976,NW_019863054.1,-,A3SS_short,0.043713293,-0.267,50512,50871,NW_019863054.1_50512_50871
LOC112044438,NW_019862809.1,-,A3SS_short,0.009741827,0.143,319640,319976,NW_019862809.1_319640_319976
LOC112049170,NW_019862962.1,+,A3SS_short,0.020902517,-0.059,80801,81121,NW_019862962.1_80801_81121
LOC112057456,NW_019865607.1,+,A3SS_short,5.84E-13,-0.082,2476,3082,NW_019865607.1_2476_3082
LOC112048609,NW_019862937.1,-,A3SS_short,0.000446804,0.07,416469,416756,NW_019862937.1_416469_416756
LOC112048609,NW_019862937.1,-,A3SS_short,0.006481065,0.198,416469,416756,NW_019862937.1_416469_416756
LOC112051279,NW_019863071.1,-,A3SS_short,0.004496224,-0.046,184036,184481,NW_019863071.1_184036_184481
LOC112051279,NW_019863071.1,-,A3SS_short,0.00166891,0.083,189574,189833,NW_019863071.1_189574_189833
LOC112051279,NW_019863071.1,-,A3SS_short,0.007943182,0.073,189574,189833,NW_019863071.1_189574_189833
LOC112051279,NW_019863071.1,-,A3SS_short,0.045863325,-0.202,191943,192264,NW_019863071.1_191943_192264
LOC112051279,NW_019863071.1,-,A3SS_short,0.024258474,-0.03,191943,192273,NW_019863071.1_191943_192273
LOC112053753,NW_019863278.1,+,A3SS_short,1.31E-09,-0.199,114996,115328,NW_019863278.1_114996_115328
LOC112044454,NW_019862751.1,-,A3SS_short,0.037601718,-0.269,334396,334674,NW_019862751.1_334396_334674
LOC112046886,NW_019862874.1,+,A3SS_short,0,0.282,133189,133466,NW_019862874.1_133189_133466
LOC112051765,NW_019863101.1,+,A3SS_short,4.06E-06,-0.028,245177,245702,NW_019863101.1_245177_245702
LOC112053614,NW_019862760.1,-,A3SS_short,0.001920424,-0.045,263705,264008,NW_019862760.1_263705_264008
LOC112052079,NW_019863123.1,+,A3SS_short,0.018472849,0.067,234111,234380,NW_019863123.1_234111_234380
LOC112052079,NW_019863123.1,+,A3SS_short,0.043817071,0.053,234111,234380,NW_019863123.1_234111_234380
LOC112049345,NW_019862968.1,-,A3SS_short,0.000218425,0.064,554131,554571,NW_019862968.1_554131_554571
LOC112053600,NW_019863259.1,+,A3SS_short,0.000245652,0.375,231755,232087,NW_019863259.1_231755_232087
LOC112049614,NW_019862748.1,+,A3SS_short,0.000467484,0.009,2995739,2996058,NW_019862748.1_2995739_2996058
LOC112046364,NW_019862748.1,+,A3SS_short,0.000281052,-0.036,251176,251575,NW_019862748.1_251176_251575
LOC112046041,NW_019862846.1,-,A3SS_short,0.028015204,-0.069,194713,195122,NW_019862846.1_194713_195122
LOC112058076,NW_019862749.1,-,A3SS_short,0.00155939,-0.277,2880490,2881039,NW_019862749.1_2880490_2881039
LOC112048265,NW_019862923.1,+,A3SS_short,0.000180822,0.286,262370,262666,NW_019862923.1_262370_262666
LOC112054858,NW_019862761.1,+,A3SS_short,1.43E-11,0.143,2321241,2321589,NW_019862761.1_2321241_2321589
LOC112043737,NW_019862796.1,-,A3SS_short,1.23E-05,0.112,169520,169873,NW_019862796.1_169520_169873
LOC112053935,NW_019863297.1,-,A3SS_short,0.049858728,0.275,158964,159311,NW_019863297.1_158964_159311
LOC112052180,NW_019863132.1,-,A3SS_short,2.83E-06,-0.024,285615,285983,NW_019863132.1_285615_285983
LOC112046415,NW_019862857.1,-,A3SS_short,0.001248527,-0.072,568310,568645,NW_019862857.1_568310_568645
LOC112057995,NW_019862770.1,-,A3SS_short,9.76E-08,0.046,1320727,1321306,NW_019862770.1_1320727_1321306
LOC112057995,NW_019862770.1,-,A3SS_short,7.44E-08,0.048,1320727,1321306,NW_019862770.1_1320727_1321306
LOC112044055,NW_019862802.1,+,A3SS_short,6.43E-06,0.034,309766,309979,NW_019862802.1_309766_309979
LOC112050908,NW_019863050.1,+,A3SS_short,0.042890536,0.084,130731,131126,NW_019863050.1_130731_131126
LOC112044496,NW_019862810.1,-,A3SS_short,0.000593259,-0.101,847336,847654,NW_019862810.1_847336_847654
LOC112050343,NW_019863018.1,+,A3SS_short,0.011735264,0.069,280563,280971,NW_019863018.1_280563_280971
LOC112055825,NW_019862762.1,-,A3SS_short,0.001203375,-0.087,2130238,2130630,NW_019862762.1_2130238_2130630
LOC112048640,NW_019862938.1,-,A3SS_short,0.010399308,-0.14,56783,57215,NW_019862938.1_56783_57215
LOC112055028,NW_019862762.1,+,A3SS_short,0.001226529,0.045,60533,60825,NW_019862762.1_60533_60825
LOC112053752,NW_019863278.1,+,A3SS_short,0.002432452,-0.525,44513,44814,NW_019863278.1_44513_44814
LOC112055990,NW_019863676.1,+,A3SS_short,0.022339821,-0.023,69775,70305,NW_019863676.1_69775_70305
LOC112055990,NW_019863676.1,+,A3SS_short,0.039491903,0.034,75830,76253,NW_019863676.1_75830_76253
LOC112055990,NW_019863676.1,+,A3SS_short,0,-0.153,81280,81819,NW_019863676.1_81280_81819
LOC112046577,NW_019862862.1,-,A3SS_short,3.55E-10,-0.164,818754,819130,NW_019862862.1_818754_819130
LOC112047547,NW_019862896.1,+,A3SS_short,0.00108834,-0.021,511986,512346,NW_019862896.1_511986_512346
LOC112047547,NW_019862896.1,+,A3SS_short,2.60E-06,0.047,512491,512733,NW_019862896.1_512491_512733
LOC112049684,NW_019862984.1,-,A3SS_short,0,0.151,382170,382517,NW_019862984.1_382170_382517
LOC112049684,NW_019862984.1,-,A3SS_short,0,0.159,382170,382517,NW_019862984.1_382170_382517
LOC112053871,NW_019863290.1,-,A3SS_short,0.004228025,0.171,187225,187616,NW_019863290.1_187225_187616
LOC112050417,NW_019862756.1,+,A3SS_short,0.025562196,0.035,1853864,1854103,NW_019862756.1_1853864_1854103
LOC112050417,NW_019862756.1,+,A3SS_short,0.025234875,0.035,1853864,1854103,NW_019862756.1_1853864_1854103
LOC112050417,NW_019862756.1,+,A3SS_short,0.023928812,0.036,1853864,1854103,NW_019862756.1_1853864_1854103
LOC112051407,NW_019863081.1,+,A3SS_short,0.00551047,0.223,12451,12779,NW_019863081.1_12451_12779
LOC112051822,NW_019863106.1,-,A3SS_short,0.000211517,-0.234,120300,120904,NW_019863106.1_120300_120904
LOC112045121,NW_019862824.1,+,A3SS_short,0.012399486,-0.159,499883,500192,NW_019862824.1_499883_500192
LOC112045121,NW_019862824.1,+,A3SS_short,0.000676677,-0.043,499883,500192,NW_019862824.1_499883_500192
LOC112044894,NW_019862751.1,-,A3SS_short,2.81E-05,-0.113,1713508,1713919,NW_019862751.1_1713508_1713919
LOC112057769,NW_019862766.1,-,A3SS_short,0.003042694,0.019,368425,368759,NW_019862766.1_368425_368759
LOC112051577,NW_019863090.1,-,A3SS_short,0.013170273,-0.026,41447,41731,NW_019863090.1_41447_41731
LOC112048355,NW_019862754.1,-,A3SS_short,0.013017935,0.034,2500300,2500614,NW_019862754.1_2500300_2500614
LOC112053443,NW_019862760.1,+,A3SS_short,5.41E-08,0.166,55370,55691,NW_019862760.1_55370_55691
LOC112053443,NW_019862760.1,+,A3SS_short,0.006295299,0.116,55342,55690,NW_019862760.1_55342_55690
LOC112053443,NW_019862760.1,+,A3SS_short,0.006172766,0.096,55342,55690,NW_019862760.1_55342_55690
LOC112053443,NW_019862760.1,+,A3SS_short,0.000113825,0.388,55360,55690,NW_019862760.1_55360_55690
LOC112053443,NW_019862760.1,+,A3SS_short,0.000557128,0.383,55360,55690,NW_019862760.1_55360_55690
LOC112053443,NW_019862760.1,+,A3SS_short,0.000217643,0.401,55360,55690,NW_019862760.1_55360_55690
LOC112053443,NW_019862760.1,+,A3SS_short,0.000380998,0.353,55360,55690,NW_019862760.1_55360_55690
LOC112053443,NW_019862760.1,+,A3SS_short,0.000147664,0.367,55360,55690,NW_019862760.1_55360_55690
LOC112053443,NW_019862760.1,+,A3SS_short,0.000126237,0.36,55360,55690,NW_019862760.1_55360_55690
LOC112053443,NW_019862760.1,+,A3SS_short,0.000323056,0.295,55360,55690,NW_019862760.1_55360_55690
LOC112053443,NW_019862760.1,+,A3SS_short,0.003065876,0.387,55360,55690,NW_019862760.1_55360_55690
LOC112053443,NW_019862760.1,+,A3SS_short,0,0.307,55370,55691,NW_019862760.1_55370_55691
LOC112053443,NW_019862760.1,+,A3SS_short,0.018803882,0.057,55378,55690,NW_019862760.1_55378_55690
LOC112053443,NW_019862760.1,+,A3SS_short,0.000273138,0.509,55360,55690,NW_019862760.1_55360_55690
LOC112053443,NW_019862760.1,+,A3SS_short,0.04683123,0.072,55378,55690,NW_019862760.1_55378_55690
LOC112053443,NW_019862760.1,+,A3SS_short,0.000339533,0.502,55360,55690,NW_019862760.1_55360_55690
LOC112053443,NW_019862760.1,+,A3SS_short,0.049855057,0.071,55378,55690,NW_019862760.1_55378_55690
LOC112053443,NW_019862760.1,+,A3SS_short,0.000276199,0.508,55360,55690,NW_019862760.1_55360_55690
LOC112053443,NW_019862760.1,+,A3SS_short,0.04683123,0.072,55378,55690,NW_019862760.1_55378_55690
LOC112053443,NW_019862760.1,+,A3SS_short,0.000328307,0.502,55360,55690,NW_019862760.1_55360_55690
LOC112053443,NW_019862760.1,+,A3SS_short,0.000281052,0.505,55360,55690,NW_019862760.1_55360_55690
LOC112053443,NW_019862760.1,+,A3SS_short,0.000281052,0.505,55360,55690,NW_019862760.1_55360_55690
LOC112053443,NW_019862760.1,+,A3SS_short,0.000458355,0.482,55360,55690,NW_019862760.1_55360_55690
LOC112053443,NW_019862760.1,+,A3SS_short,0.000281052,0.504,55360,55690,NW_019862760.1_55360_55690
LOC112053443,NW_019862760.1,+,A3SS_short,0.000307894,0.499,55360,55690,NW_019862760.1_55360_55690
LOC112053443,NW_019862760.1,+,A3SS_short,0.001032811,0.458,55360,55690,NW_019862760.1_55360_55690
LOC112053443,NW_019862760.1,+,A3SS_short,0.002291666,0.475,55360,55690,NW_019862760.1_55360_55690
LOC112053443,NW_019862760.1,+,A3SS_short,0.042889957,0.273,55360,55690,NW_019862760.1_55360_55690
LOC112045850,NW_019862842.1,+,A3SS_short,0.049858728,-0.084,585555,585919,NW_019862842.1_585555_585919
LOC112054185,NW_019862760.1,+,A3SS_short,0.020973551,-0.018,906548,906958,NW_019862760.1_906548_906958
LOC112054185,NW_019862760.1,+,A3SS_short,9.89E-05,-0.144,911455,911813,NW_019862760.1_911455_911813
LOC112053078,NW_019863203.1,-,A3SS_short,0.023508536,-0.215,264726,265088,NW_019863203.1_264726_265088
LOC112043411,NW_019862790.1,-,A3SS_short,5.11E-10,0.246,160605,160936,NW_019862790.1_160605_160936
LOC112043411,NW_019862790.1,-,A3SS_short,2.72E-09,0.058,160605,160936,NW_019862790.1_160605_160936
LOC112043716,NW_019862795.1,-,A3SS_short,0.019744025,-0.116,914052,914387,NW_019862795.1_914052_914387
LOC112052382,NW_019863144.1,-,A3SS_short,1.23E-06,0.039,245680,246209,NW_019863144.1_245680_246209
LOC112052382,NW_019863144.1,-,A3SS_short,0.010794715,-0.018,249648,250145,NW_019863144.1_249648_250145
LOC112058150,NW_019862772.1,-,A3SS_short,0.000198991,0.402,1056861,1057177,NW_019862772.1_1056861_1057177
LOC112048333,NW_019862925.1,+,A3SS_short,4.77E-05,-0.012,603722,604115,NW_019862925.1_603722_604115
LOC112046887,NW_019862874.1,-,A3SS_short,0.015335734,-0.057,19301,19836,NW_019862874.1_19301_19836
LOC112046887,NW_019862874.1,-,A3SS_short,0.022754445,-0.049,19301,19836,NW_019862874.1_19301_19836
LOC112046887,NW_019862874.1,-,A3SS_short,0.000257731,0.133,19301,19855,NW_019862874.1_19301_19855
LOC112046887,NW_019862874.1,-,A3SS_short,9.73E-07,0.111,19470,19855,NW_019862874.1_19470_19855
LOC112046887,NW_019862874.1,-,A3SS_short,1.62E-05,0.089,19470,19858,NW_019862874.1_19470_19858
LOC112046887,NW_019862874.1,-,A3SS_short,0.006564171,0.056,20845,21192,NW_019862874.1_20845_21192
LOC112046887,NW_019862874.1,-,A3SS_short,0,-0.407,20875,21197,NW_019862874.1_20875_21197
LOC112046887,NW_019862874.1,-,A3SS_short,0.000342232,-0.116,20875,21197,NW_019862874.1_20875_21197
LOC112046887,NW_019862874.1,-,A3SS_short,0.003972003,-0.263,19470,19868,NW_019862874.1_19470_19868
LOC112046887,NW_019862874.1,-,A3SS_short,5.26E-05,0.138,20875,21192,NW_019862874.1_20875_21192
LOC112046887,NW_019862874.1,-,A3SS_short,3.84E-08,0.062,20875,21197,NW_019862874.1_20875_21197
LOC112046887,NW_019862874.1,-,A3SS_short,8.89E-07,-0.125,22674,23026,NW_019862874.1_22674_23026
LOC112046887,NW_019862874.1,-,A3SS_short,0.000471053,-0.073,22778,23026,NW_019862874.1_22778_23026
LOC112048587,NW_019862935.1,+,A3SS_short,1.07E-05,-0.029,436816,437170,NW_019862935.1_436816_437170
LOC112053623,NW_019863262.1,+,A3SS_short,0.00075725,0.112,64564,64837,NW_019863262.1_64564_64837
LOC112046971,NW_019862879.1,-,A3SS_short,0.014546676,0.054,735002,735314,NW_019862879.1_735002_735314
LOC112047241,NW_019862885.1,+,A3SS_short,6.33E-06,0.031,543056,543465,NW_019862885.1_543056_543465
LOC112043407,NW_019862790.1,-,A3SS_short,4.16E-05,-0.129,33781,34363,NW_019862790.1_33781_34363
LOC112058550,NW_019862778.1,-,A3SS_short,3.94E-12,-0.123,1102864,1103181,NW_019862778.1_1102864_1103181
LOC112043455,NW_019862750.1,+,A3SS_short,6.71E-06,0.041,235280,235746,NW_019862750.1_235280_235746
LOC112045066,NW_019862823.1,-,A3SS_short,0.006875833,0.036,121012,121401,NW_019862823.1_121012_121401
LOC112051523,NW_019863087.1,+,A3SS_short,0,0.14,159707,159949,NW_019863087.1_159707_159949
LOC112051523,NW_019863087.1,+,A3SS_short,0,0.14,159707,159949,NW_019863087.1_159707_159949
LOC112051523,NW_019863087.1,+,A3SS_short,0,0.14,159707,159949,NW_019863087.1_159707_159949
LOC112051523,NW_019863087.1,+,A3SS_short,0,0.14,159707,159949,NW_019863087.1_159707_159949
LOC112051523,NW_019863087.1,+,A3SS_short,0,0.14,159707,159949,NW_019863087.1_159707_159949
LOC112051523,NW_019863087.1,+,A3SS_short,0,0.14,159707,159949,NW_019863087.1_159707_159949
LOC112051523,NW_019863087.1,+,A3SS_short,0,0.07,159707,159949,NW_019863087.1_159707_159949
LOC112051523,NW_019863087.1,+,A3SS_short,0,0.132,159707,159949,NW_019863087.1_159707_159949
LOC112051523,NW_019863087.1,+,A3SS_short,0,0.183,159707,159949,NW_019863087.1_159707_159949
LOC112051523,NW_019863087.1,+,A3SS_short,3.87E-13,0.197,159707,159949,NW_019863087.1_159707_159949
LOC112051523,NW_019863087.1,+,A3SS_short,8.45E-06,0.022,179382,179686,NW_019863087.1_179382_179686
LOC112051523,NW_019863087.1,+,A3SS_short,0.000454014,-0.056,179358,179686,NW_019863087.1_179358_179686
LOC112051523,NW_019863087.1,+,A3SS_short,0.014358198,0.046,179382,179686,NW_019863087.1_179382_179686
LOC112051523,NW_019863087.1,+,A3SS_short,0.020909391,-0.382,179909,180242,NW_019863087.1_179909_180242
LOC112051523,NW_019863087.1,+,A3SS_short,0.015731394,-0.378,179909,180242,NW_019863087.1_179909_180242
LOC112051523,NW_019863087.1,+,A3SS_short,8.52E-14,-0.488,179358,179686,NW_019863087.1_179358_179686
LOC112052337,NW_019863141.1,-,A3SS_short,0.000696063,-0.04,179558,179773,NW_019863141.1_179558_179773
LOC112052337,NW_019863141.1,-,A3SS_short,8.04E-05,-0.047,179558,179773,NW_019863141.1_179558_179773
LOC112052337,NW_019863141.1,-,A3SS_short,7.52E-06,-0.052,179558,179773,NW_019863141.1_179558_179773
LOC112052337,NW_019863141.1,-,A3SS_short,2.26E-06,-0.053,179558,179773,NW_019863141.1_179558_179773
LOC112052337,NW_019863141.1,-,A3SS_short,4.61E-07,-0.056,179558,179773,NW_019863141.1_179558_179773
LOC112047846,NW_019862906.1,-,A3SS_short,0.000485877,0.052,84259,84473,NW_019862906.1_84259_84473
LOC112047846,NW_019862906.1,-,A3SS_short,0.005344212,0.049,84259,84473,NW_019862906.1_84259_84473
LOC112049703,NW_019862985.1,+,A3SS_short,0.018665439,-0.08,426448,426824,NW_019862985.1_426448_426824
LOC112049703,NW_019862985.1,+,A3SS_short,0.047489097,-0.021,426449,426824,NW_019862985.1_426449_426824
LOC112044006,NW_019862750.1,-,A3SS_short,0.03846516,0.03,2057797,2058132,NW_019862750.1_2057797_2058132
LOC112043308,NW_019862788.1,+,A3SS_short,0.048159427,0.023,670461,670806,NW_019862788.1_670461_670806
LOC112058474,NW_019862777.1,-,A3SS_short,0.036695842,0.096,812335,812623,NW_019862777.1_812335_812623
LOC112058474,NW_019862777.1,-,A3SS_short,0.025562196,0.023,812335,812623,NW_019862777.1_812335_812623
LOC112053596,NW_019863259.1,+,A3SS_short,5.84E-13,-0.223,301147,301435,NW_019863259.1_301147_301435
LOC112047092,NW_019862882.1,+,A3SS_short,0.04683123,-0.035,705782,706094,NW_019862882.1_705782_706094
LOC112048127,NW_019862917.1,-,A3SS_short,0.032829917,0.225,580138,580454,NW_019862917.1_580138_580454
LOC112047113,NW_019862882.1,-,A3SS_short,0.006941322,-0.427,99717,100089,NW_019862882.1_99717_100089
LOC112058374,NW_019862775.1,+,A3SS_short,0.003131662,0.025,1561321,1561676,NW_019862775.1_1561321_1561676
LOC112049937,NW_019862998.1,-,A3SS_short,0.046712917,0.052,465488,465883,NW_019862998.1_465488_465883
LOC112049937,NW_019862998.1,-,A3SS_short,0.039971809,0.055,465488,465883,NW_019862998.1_465488_465883
LOC112049937,NW_019862998.1,-,A3SS_short,0.035534848,0.06,465488,465883,NW_019862998.1_465488_465883
LOC112049937,NW_019862998.1,-,A3SS_short,0.031716786,0.063,465488,465883,NW_019862998.1_465488_465883
LOC112049937,NW_019862998.1,-,A3SS_short,0.036695842,0.056,465488,465883,NW_019862998.1_465488_465883
LOC112049937,NW_019862998.1,-,A3SS_short,0.036695842,0.056,465488,465883,NW_019862998.1_465488_465883
LOC112049937,NW_019862998.1,-,A3SS_short,0.036825702,0.056,465488,465883,NW_019862998.1_465488_465883
LOC112049937,NW_019862998.1,-,A3SS_short,0.036973685,0.056,465488,465883,NW_019862998.1_465488_465883
LOC112049937,NW_019862998.1,-,A3SS_short,0.036695842,0.056,465488,465883,NW_019862998.1_465488_465883
LOC112049937,NW_019862998.1,-,A3SS_short,0.035294465,0.056,465488,465883,NW_019862998.1_465488_465883
LOC112049937,NW_019862998.1,-,A3SS_short,0.03700834,0.056,465488,465883,NW_019862998.1_465488_465883
LOC112049937,NW_019862998.1,-,A3SS_short,0.037187573,0.056,465488,465883,NW_019862998.1_465488_465883
LOC112049937,NW_019862998.1,-,A3SS_short,0.036695842,0.056,465488,465883,NW_019862998.1_465488_465883
LOC112044097,NW_019862803.1,+,A3SS_short,0.002250088,0.104,1261751,1262026,NW_019862803.1_1261751_1262026
LOC112051655,NW_019863094.1,-,A3SS_short,0.004779155,0.124,195055,195485,NW_019863094.1_195055_195485
LOC112043283,NW_019862788.1,-,A3SS_short,0.003926172,0.114,81918,82432,NW_019862788.1_81918_82432
LOC112043283,NW_019862788.1,-,A3SS_short,0.005788308,0.088,81918,82432,NW_019862788.1_81918_82432
LOC112043283,NW_019862788.1,-,A3SS_short,0.005136422,0.09,81918,82432,NW_019862788.1_81918_82432
LOC112043283,NW_019862788.1,-,A3SS_short,0.005414786,0.09,81918,82432,NW_019862788.1_81918_82432
LOC112043283,NW_019862788.1,-,A3SS_short,0.004293853,0.036,81961,82432,NW_019862788.1_81961_82432
LOC112049491,NW_019862976.1,-,A3SS_short,8.96E-08,-0.449,66775,67110,NW_019862976.1_66775_67110
LOC112053817,NW_019863284.1,-,A3SS_short,0.000206915,-0.019,9948,10530,NW_019863284.1_9948_10530
LOC112045818,NW_019862841.1,-,A3SS_short,8.11E-07,0.048,823760,824292,NW_019862841.1_823760_824292
LOC112045818,NW_019862841.1,-,A3SS_short,2.74E-06,0.165,823760,824292,NW_019862841.1_823760_824292
LOC112045818,NW_019862841.1,-,A3SS_short,0,0.644,852798,853130,NW_019862841.1_852798_853130
LOC112050670,NW_019863036.1,+,A3SS_short,0.001591453,-0.021,110645,111123,NW_019863036.1_110645_111123
LOC112043669,NW_019862794.1,-,A3SS_short,0.002211914,0.041,1090789,1091235,NW_019862794.1_1090789_1091235
LOC112058339,NW_019862774.1,-,A3SS_short,0.016522307,-0.023,1957159,1957502,NW_019862774.1_1957159_1957502
LOC112046143,NW_019862849.1,+,A3SS_short,3.08E-05,-0.041,172655,173033,NW_019862849.1_172655_173033
LOC112049720,NW_019862987.1,-,A3SS_short,0.000128671,0.075,790676,790906,NW_019862987.1_790676_790906
LOC112058207,NW_019862772.1,+,A3SS_short,0.0217755,0.012,1706220,1706515,NW_019862772.1_1706220_1706515
LOC112051179,NW_019862748.1,+,A3SS_short,0.013680324,0.01,3848803,3849129,NW_019862748.1_3848803_3849129
LOC112045016,NW_019862751.1,-,A3SS_short,0.002465618,-0.054,2448520,2449029,NW_019862751.1_2448520_2449029
LOC112057727,NW_019862765.1,+,A3SS_short,0.002267151,-0.107,2181445,2181834,NW_019862765.1_2181445_2181834
LOC112051840,NW_019863107.1,+,A3SS_short,0.02867492,-0.027,461042,461361,NW_019863107.1_461042_461361
LOC112049503,NW_019862976.1,-,A3SS_short,3.30E-13,-0.011,435331,435602,NW_019862976.1_435331_435602
LOC112049503,NW_019862976.1,-,A3SS_short,1.18E-09,0.047,435331,435602,NW_019862976.1_435331_435602
LOC112049503,NW_019862976.1,-,A3SS_short,4.06E-05,0.097,435755,436361,NW_019862976.1_435755_436361
LOC112055327,NW_019863501.1,+,A3SS_short,0.036472177,0.367,64032,64412,NW_019863501.1_64032_64412
LOC112055327,NW_019863501.1,+,A3SS_short,0.000181395,0.057,64889,65276,NW_019863501.1_64889_65276
LOC112055449,NW_019863525.1,+,A3SS_short,0.004011296,0.01,123477,123824,NW_019863525.1_123477_123824
LOC112054293,NW_019863339.1,+,A3SS_short,0.009833075,-0.095,64157,64718,NW_019863339.1_64157_64718
LOC112053375,NW_019862759.1,-,A3SS_short,1.05E-06,0.272,1367666,1368183,NW_019862759.1_1367666_1368183
LOC112050534,NW_019863028.1,+,A3SS_short,0.008553952,-0.269,168702,168982,NW_019863028.1_168702_168982
LOC112050252,NW_019863014.1,+,A3SS_short,1.96E-09,-0.138,50435,50765,NW_019863014.1_50435_50765
LOC112052126,NW_019863128.1,+,A3SS_short,0.000520193,-0.052,165607,165962,NW_019863128.1_165607_165962
LOC112052560,NW_019863158.1,-,A3SS_short,0.005506577,0.034,171735,172157,NW_019863158.1_171735_172157
LOC112049338,NW_019862968.1,+,A3SS_short,0.000111803,-0.154,58166,58433,NW_019862968.1_58166_58433
LOC112052399,NW_019863145.1,+,A3SS_short,2.15E-05,0.007,111169,111511,NW_019863145.1_111169_111511
LOC112052399,NW_019863145.1,+,A3SS_short,4.30E-06,0.039,111169,111511,NW_019863145.1_111169_111511
LOC112058605,NW_019862778.1,+,A3SS_short,0.013732308,0.117,1597331,1597703,NW_019862778.1_1597331_1597703
LOC112046859,NW_019862748.1,-,A3SS_short,1.58E-06,0.099,1930553,1930810,NW_019862748.1_1930553_1930810
LOC112055407,NW_019863516.1,+,A3SS_short,0.031960145,-0.152,10478,10863,NW_019863516.1_10478_10863
LOC112050902,NW_019863049.1,-,A3SS_short,1.17E-05,0.365,38936,39415,NW_019863049.1_38936_39415
LOC112050902,NW_019863049.1,-,A3SS_short,9.21E-06,0.175,38936,39418,NW_019863049.1_38936_39418
LOC112048334,NW_019862754.1,+,A3SS_short,0.000110608,-0.013,2465665,2465967,NW_019862754.1_2465665_2465967
LOC112058406,NW_019862776.1,-,A3SS_short,0.015588186,0.023,419280,419676,NW_019862776.1_419280_419676
LOC112043296,NW_019862788.1,+,A3SS_short,0.000101373,-0.087,328178,328563,NW_019862788.1_328178_328563
LOC112045821,NW_019862841.1,-,A3SS_short,0.000221632,-0.375,88775,89091,NW_019862841.1_88775_89091
LOC112046504,NW_019862859.1,-,A3SS_short,0.016256695,-0.009,672354,672730,NW_019862859.1_672354_672730
LOC112056839,NW_019864020.1,-,A3SS_short,5.44E-09,0.115,11125,11496,NW_019864020.1_11125_11496
LOC112044157,NW_019862804.1,+,A3SS_short,0.022555226,-0.402,660369,660779,NW_019862804.1_660369_660779
LOC112044157,NW_019862804.1,+,A3SS_short,1.02E-08,-0.095,660384,660779,NW_019862804.1_660384_660779
LOC112044157,NW_019862804.1,+,A3SS_short,4.85E-08,-0.093,660384,660779,NW_019862804.1_660384_660779
LOC112044157,NW_019862804.1,+,A3SS_short,0.024037112,-0.375,660369,660779,NW_019862804.1_660369_660779
LOC112044157,NW_019862804.1,+,A3SS_short,4.71E-08,-0.111,660384,660779,NW_019862804.1_660384_660779
LOC112044157,NW_019862804.1,+,A3SS_short,1.02E-07,-0.12,660384,660779,NW_019862804.1_660384_660779
LOC112044157,NW_019862804.1,+,A3SS_short,0.004269959,-0.257,660369,660779,NW_019862804.1_660369_660779
LOC112046979,NW_019862879.1,+,A3SS_short,0.017870385,0.177,100994,101363,NW_019862879.1_100994_101363
LOC112058237,NW_019862773.1,-,A3SS_short,8.98E-06,0.06,185778,186216,NW_019862773.1_185778_186216
LOC112051272,NW_019862757.1,+,A3SS_short,4.76E-09,-0.1,2254850,2255147,NW_019862757.1_2254850_2255147
LOC112051272,NW_019862757.1,+,A3SS_short,3.22E-05,-0.259,2254850,2255147,NW_019862757.1_2254850_2255147
LOC112051272,NW_019862757.1,+,A3SS_short,1.89E-05,-0.244,2254850,2255147,NW_019862757.1_2254850_2255147
LOC112047258,NW_019862886.1,+,A3SS_short,0.000782221,-0.229,643932,644231,NW_019862886.1_643932_644231
LOC112055433,NW_019862748.1,-,A3SS_short,0.027906995,-0.065,531301,531622,NW_019862748.1_531301_531622
LOC112058277,NW_019862773.1,-,A3SS_short,0.000557128,-0.496,800031,800405,NW_019862773.1_800031_800405
LOC112051025,NW_019863057.1,-,A3SS_short,0.003114407,-0.015,256992,257546,NW_019863057.1_256992_257546
LOC112053170,NW_019863214.1,-,A3SS_short,0.000298778,-0.238,184817,185110,NW_019863214.1_184817_185110
LOC112044504,NW_019862810.1,-,A3SS_short,0.007067131,-0.036,1164713,1165003,NW_019862810.1_1164713_1165003
LOC112048087,NW_019862916.1,-,A3SS_short,2.49E-05,-0.361,148557,148839,NW_019862916.1_148557_148839
LOC112054561,NW_019863375.1,+,A3SS_short,0.031907798,0.017,170289,170973,NW_019863375.1_170289_170973
LOC112043675,NW_019862794.1,-,A3SS_short,4.05E-06,-0.192,1270212,1270592,NW_019862794.1_1270212_1270592
LOC112043675,NW_019862794.1,-,A3SS_short,6.43E-06,-0.209,1270212,1270592,NW_019862794.1_1270212_1270592
LOC112044247,NW_019862805.1,+,A3SS_short,0.042819148,-0.279,1129055,1129609,NW_019862805.1_1129055_1129609
LOC112056069,NW_019863696.1,-,A3SS_short,0.046358177,-0.03,72507,72866,NW_019863696.1_72507_72866
LOC112048533,NW_019862934.1,-,A3SS_short,0.000676643,0.365,180184,180474,NW_019862934.1_180184_180474
LOC112047485,NW_019862894.1,-,A3SS_short,0.026540187,-0.029,901513,901762,NW_019862894.1_901513_901762
LOC112047476,NW_019862894.1,-,A3SS_short,0.003182874,0.108,1109324,1109677,NW_019862894.1_1109324_1109677
LOC112045726,NW_019862839.1,-,A3SS_short,5.38E-05,0.084,807386,807750,NW_019862839.1_807386_807750
LOC112045726,NW_019862839.1,-,A3SS_short,3.43E-05,0.095,807386,807750,NW_019862839.1_807386_807750
LOC112045726,NW_019862839.1,-,A3SS_short,3.72E-05,0.117,807386,807750,NW_019862839.1_807386_807750
LOC112058574,NW_019862778.1,-,A3SS_short,0.000507104,0.101,1349203,1349560,NW_019862778.1_1349203_1349560
LOC112043682,NW_019862794.1,+,A3SS_short,0.00200479,-0.064,1405422,1405802,NW_019862794.1_1405422_1405802
LOC112043682,NW_019862794.1,+,A3SS_short,0.006941322,0.007,1405424,1405802,NW_019862794.1_1405424_1405802
LOC112050705,NW_019863039.1,+,A3SS_short,0.004952806,-0.065,248745,249017,NW_019863039.1_248745_249017
LOC112050705,NW_019863039.1,+,A3SS_short,0.00503512,-0.081,248745,249017,NW_019863039.1_248745_249017
LOC112045692,NW_019862838.1,+,A3SS_short,0.014358198,-0.152,134662,134959,NW_019862838.1_134662_134959
LOC112050114,NW_019863005.1,+,A3SS_short,0.029864037,0.274,159150,159414,NW_019863005.1_159150_159414
LOC112050114,NW_019863005.1,+,A3SS_short,0.022339821,0.283,159150,159414,NW_019863005.1_159150_159414
LOC112050114,NW_019863005.1,+,A3SS_short,0.014231587,0.279,159150,159414,NW_019863005.1_159150_159414
LOC112052598,NW_019863161.1,-,A3SS_short,0,0.058,208139,208495,NW_019863161.1_208139_208495
LOC112045287,NW_019862828.1,+,A3SS_short,0.009743851,0.372,848278,848570,NW_019862828.1_848278_848570
LOC112053936,NW_019863297.1,-,A3SS_short,0.003034942,0.029,121898,122331,NW_019863297.1_121898_122331
LOC112053936,NW_019863297.1,-,A3SS_short,4.71E-06,-0.081,124327,124696,NW_019863297.1_124327_124696
LOC112053936,NW_019863297.1,-,A3SS_short,0.000326043,0.045,124327,124720,NW_019863297.1_124327_124720
LOC112053945,NW_019863297.1,+,A3SS_short,0.048906083,-0.022,167467,167721,NW_019863297.1_167467_167721
LOC112043471,NW_019862791.1,-,A3SS_short,0.000327932,0.012,379918,380168,NW_019862791.1_379918_380168
LOC112048697,NW_019862941.1,-,A3SS_short,7.16E-05,0.481,166478,167043,NW_019862941.1_166478_167043
LOC112055427,NW_019863522.1,-,A3SS_short,0.001205906,-0.037,77250,77564,NW_019863522.1_77250_77564
LOC112050223,NW_019863013.1,-,A3SS_short,0.033430218,0.25,237116,237413,NW_019863013.1_237116_237413
LOC112055515,NW_019863543.1,+,A3SS_short,0.034748741,-0.036,5183,5489,NW_019863543.1_5183_5489
LOC112056176,NW_019863728.1,+,A3SS_short,1.18E-07,-0.203,67893,68281,NW_019863728.1_67893_68281
LOC112051953,NW_019863115.1,+,A3SS_short,1.81E-11,-0.314,174237,174549,NW_019863115.1_174237_174549
LOC112058313,NW_019862774.1,+,A3SS_short,0.028205766,-0.037,150380,150662,NW_019862774.1_150380_150662
LOC112053886,NW_019863292.1,+,A3SS_short,0.000228035,-0.403,150229,150517,NW_019863292.1_150229_150517
LOC112058466,NW_019862776.1,-,A3SS_short,0.01655017,0.032,821360,821733,NW_019862776.1_821360_821733
LOC112054150,NW_019863325.1,+,A3SS_short,3.21E-05,-0.144,318127,318554,NW_019863325.1_318127_318554
LOC112052373,NW_019862759.1,+,A3SS_short,0.007080233,-0.033,2029707,2029973,NW_019862759.1_2029707_2029973
LOC112056694,NW_019863946.1,+,A3SS_short,0.000370952,0.035,20686,21057,NW_019863946.1_20686_21057
LOC112048342,NW_019862926.1,+,A3SS_short,0.000695618,0.129,212522,212961,NW_019862926.1_212522_212961
LOC112048342,NW_019862926.1,+,A3SS_short,2.79E-07,0.338,212587,212961,NW_019862926.1_212587_212961
LOC112054954,NW_019863436.1,-,A3SS_short,0.000759727,-0.091,133453,134038,NW_019863436.1_133453_134038
LOC112050725,NW_019863039.1,-,A3SS_short,0.013594922,0.046,157256,157885,NW_019863039.1_157256_157885
LOC112048213,NW_019862921.1,-,A3SS_short,3.22E-05,0.278,189600,190130,NW_019862921.1_189600_190130
LOC112048213,NW_019862921.1,-,A3SS_short,4.76E-05,0.305,189600,190130,NW_019862921.1_189600_190130
LOC112052396,NW_019863145.1,-,A3SS_short,3.16E-06,-0.451,117120,117503,NW_019863145.1_117120_117503
LOC112047818,NW_019862904.1,-,A3SS_short,0.013017935,0.453,916670,917043,NW_019862904.1_916670_917043
LOC112047355,NW_019862890.1,-,A3SS_short,0.006564171,0.08,329961,330349,NW_019862890.1_329961_330349
LOC112050834,NW_019863045.1,+,A3SS_short,0.000312684,-0.015,169220,169610,NW_019863045.1_169220_169610
LOC112044926,NW_019862820.1,-,A3SS_short,0.000161033,-0.085,59956,60270,NW_019862820.1_59956_60270
LOC112044971,NW_019862820.1,+,A3SS_short,0.000326043,-0.022,100112,100409,NW_019862820.1_100112_100409
LOC112044971,NW_019862820.1,+,A3SS_short,0.000301514,-0.023,100112,100409,NW_019862820.1_100112_100409
LOC112044923,NW_019862820.1,-,A3SS_short,0.000160469,-0.053,917602,918010,NW_019862820.1_917602_918010
LOC112044923,NW_019862820.1,-,A3SS_short,0.000883679,-0.035,917602,918010,NW_019862820.1_917602_918010
LOC112058060,NW_019862749.1,-,A3SS_short,0.038157655,0.114,2309724,2310071,NW_019862749.1_2309724_2310071
LOC112046721,NW_019862753.1,-,A3SS_short,0,-0.045,381730,382074,NW_019862753.1_381730_382074
LOC112047441,NW_019862753.1,+,A3SS_short,0.004193293,-0.132,1165933,1166304,NW_019862753.1_1165933_1166304
LOC112047239,NW_019862753.1,+,A3SS_short,0.004174195,-0.079,2079456,2079791,NW_019862753.1_2079456_2079791
LOC112048221,NW_019862921.1,+,A3SS_short,0.002014938,-0.027,362552,362870,NW_019862921.1_362552_362870
LOC112046094,NW_019862752.1,-,A3SS_short,0.001013969,-0.127,1893416,1893902,NW_019862752.1_1893416_1893902
LOC112045656,NW_019862837.1,+,A3SS_short,1.58E-06,0.04,382613,382962,NW_019862837.1_382613_382962
LOC112049532,NW_019862977.1,-,A3SS_short,0.021194668,-0.014,107639,107895,NW_019862977.1_107639_107895
LOC112050138,NW_019863008.1,-,A3SS_short,6.21E-05,-0.029,103917,104249,NW_019863008.1_103917_104249
LOC112043911,NW_019862800.1,+,A3SS_short,7.38E-09,0.262,233995,234342,NW_019862800.1_233995_234342
LOC112050527,NW_019863028.1,+,A3SS_short,8.74E-05,0.106,306826,307179,NW_019863028.1_306826_307179
LOC112050527,NW_019863028.1,+,A3SS_short,4.22E-05,0.165,306826,307179,NW_019863028.1_306826_307179
LOC112051636,NW_019863093.1,+,A3SS_short,0.000100874,-0.432,285361,285678,NW_019863093.1_285361_285678
LOC112045393,NW_019862831.1,+,A3SS_short,0.000614804,0.076,419253,419578,NW_019862831.1_419253_419578
LOC112058541,NW_019862778.1,+,A3SS_short,1.47E-05,-0.202,1039786,1040044,NW_019862778.1_1039786_1040044
LOC112058541,NW_019862778.1,+,A3SS_short,1.47E-05,-0.202,1039786,1040044,NW_019862778.1_1039786_1040044
LOC112058541,NW_019862778.1,+,A3SS_short,1.47E-05,-0.202,1039786,1040044,NW_019862778.1_1039786_1040044
LOC112058541,NW_019862778.1,+,A3SS_short,1.47E-05,-0.202,1039786,1040044,NW_019862778.1_1039786_1040044
LOC112058541,NW_019862778.1,+,A3SS_short,0.000637759,-0.534,1039786,1040044,NW_019862778.1_1039786_1040044
LOC112043155,NW_019862786.1,+,A3SS_short,0.020453196,-0.126,960160,960509,NW_019862786.1_960160_960509
LOC112053199,NW_019862759.1,+,A3SS_short,0.016436756,-0.069,2257167,2257523,NW_019862759.1_2257167_2257523
LOC112053199,NW_019862759.1,+,A3SS_short,0.001874311,-0.264,2258901,2259185,NW_019862759.1_2258901_2259185
LOC112051828,NW_019863106.1,+,A3SS_short,0.006450439,-0.324,254799,255126,NW_019863106.1_254799_255126
LOC112051828,NW_019863106.1,+,A3SS_short,0.000326043,-0.248,254822,255126,NW_019863106.1_254822_255126
LOC112051828,NW_019863106.1,+,A3SS_short,0.005591209,-0.293,254830,255126,NW_019863106.1_254830_255126
LOC112051828,NW_019863106.1,+,A3SS_short,7.91E-05,-0.11,254880,255126,NW_019863106.1_254880_255126
LOC112051828,NW_019863106.1,+,A3SS_short,0.006740095,-0.327,254799,255126,NW_019863106.1_254799_255126
LOC112051828,NW_019863106.1,+,A3SS_short,0.000339813,-0.25,254822,255126,NW_019863106.1_254822_255126
LOC112051828,NW_019863106.1,+,A3SS_short,0.00588956,-0.295,254830,255126,NW_019863106.1_254830_255126
LOC112051828,NW_019863106.1,+,A3SS_short,7.91E-05,-0.11,254880,255126,NW_019863106.1_254880_255126
LOC112051828,NW_019863106.1,+,A3SS_short,0.000193541,-0.101,254880,255126,NW_019863106.1_254880_255126
LOC112051828,NW_019863106.1,+,A3SS_short,0.00097706,-0.08,254880,255126,NW_019863106.1_254880_255126
LOC112051828,NW_019863106.1,+,A3SS_short,0.012304819,-0.052,254880,255126,NW_019863106.1_254880_255126
LOC112051828,NW_019863106.1,+,A3SS_short,0.017403255,-0.053,254880,255126,NW_019863106.1_254880_255126
LOC112051828,NW_019863106.1,+,A3SS_short,0.049858728,-0.008,255342,255743,NW_019863106.1_255342_255743
LOC112048147,NW_019862918.1,+,A3SS_short,0.012175721,-0.019,152238,152557,NW_019862918.1_152238_152557
LOC112054854,NW_019863425.1,-,A3SS_short,0.01942971,-0.08,127543,127958,NW_019863425.1_127543_127958
LOC112047701,NW_019862901.1,+,A3SS_short,0.000110608,0.036,679776,680142,NW_019862901.1_679776_680142
LOC112043852,NW_019862799.1,+,A3SS_short,0.004594978,-0.05,877320,877591,NW_019862799.1_877320_877591
LOC112052274,NW_019863137.1,-,A3SS_short,9.84E-07,-0.15,107613,108035,NW_019863137.1_107613_108035
LOC112052274,NW_019863137.1,-,A3SS_short,0.002651231,0.099,116101,116444,NW_019863137.1_116101_116444
LOC112058172,NW_019862772.1,-,A3SS_short,0.039971809,0.121,1772186,1772698,NW_019862772.1_1772186_1772698
LOC112058335,NW_019862774.1,-,A3SS_short,3.27E-05,0.051,680023,680519,NW_019862774.1_680023_680519
LOC112058335,NW_019862774.1,-,A3SS_short,2.51E-06,0.064,680023,680519,NW_019862774.1_680023_680519
LOC112058174,NW_019862772.1,+,A3SS_short,0.024461023,-0.252,1832832,1833257,NW_019862772.1_1832832_1833257
LOC112058174,NW_019862772.1,+,A3SS_short,0.004594978,-0.045,1832856,1833257,NW_019862772.1_1832856_1833257
LOC112047309,NW_019862887.1,+,A3SS_short,0.037844509,-0.018,434793,435111,NW_019862887.1_434793_435111
LOC112056775,NW_019863977.1,-,A3SS_short,0.002769455,0.263,25155,25663,NW_019863977.1_25155_25663
LOC112048291,NW_019862924.1,-,A3SS_short,0.007433679,-0.193,328015,328270,NW_019862924.1_328015_328270
LOC112048291,NW_019862924.1,-,A3SS_short,4.71E-05,-0.147,328015,328270,NW_019862924.1_328015_328270
LOC112048291,NW_019862924.1,-,A3SS_short,0.007579826,-0.192,328015,328270,NW_019862924.1_328015_328270
LOC112052272,NW_019863137.1,+,A3SS_short,0.02014396,-0.17,212129,212450,NW_019863137.1_212129_212450
LOC112052272,NW_019863137.1,+,A3SS_short,0.005253453,-0.18,212129,212450,NW_019863137.1_212129_212450
LOC112055281,NW_019863491.1,+,A3SS_short,0.011631984,-0.118,9131,9536,NW_019863491.1_9131_9536
LOC112049646,NW_019862982.1,-,A3SS_short,0.001271837,0.07,82161,82552,NW_019862982.1_82161_82552
LOC112045600,NW_019862836.1,+,A3SS_short,0.000228035,-0.055,615177,615550,NW_019862836.1_615177_615550
LOC112050412,NW_019863021.1,-,A3SS_short,0.009627065,0.105,185449,185722,NW_019863021.1_185449_185722
LOC112053740,NW_019863277.1,+,A3SS_short,0.000485877,0.044,89544,89873,NW_019863277.1_89544_89873
LOC112051454,NW_019863083.1,+,A3SS_short,0.000134538,-0.069,296376,296764,NW_019863083.1_296376_296764
LOC112048138,NW_019862918.1,+,A3SS_short,0.001721415,-0.353,441887,442199,NW_019862918.1_441887_442199
LOC112050384,NW_019862756.1,-,A3SS_short,7.28E-11,-0.089,1797902,1798249,NW_019862756.1_1797902_1798249
LOC112050679,NW_019862756.1,-,A3SS_short,9.76E-08,0.293,1847287,1847626,NW_019862756.1_1847287_1847626
LOC112056553,NW_019863878.1,+,A3SS_short,0.000228035,-0.095,23606,24016,NW_019863878.1_23606_24016
LOC112044367,NW_019862807.1,+,A3SS_short,3.10E-06,0.04,1068556,1069172,NW_019862807.1_1068556_1069172
LOC112049145,NW_019862961.1,-,A3SS_short,0.008539366,-0.01,296457,296776,NW_019862961.1_296457_296776
LOC112049145,NW_019862961.1,-,A3SS_short,0.008845813,-0.009,296457,296776,NW_019862961.1_296457_296776
LOC112049145,NW_019862961.1,-,A3SS_short,0,0.055,298596,299026,NW_019862961.1_298596_299026
LOC112044771,NW_019862748.1,-,A3SS_short,0.021525418,-0.206,1496357,1496657,NW_019862748.1_1496357_1496657
LOC112045047,NW_019862822.1,-,A3SS_short,1.23E-06,0.035,67402,68024,NW_019862822.1_67402_68024
LOC112048612,NW_019862937.1,-,A3SS_short,6.33E-11,0.1,402486,402803,NW_019862937.1_402486_402803
LOC112044270,NW_019862806.1,-,A3SS_short,0.014060417,0.072,825786,826127,NW_019862806.1_825786_826127
LOC112044270,NW_019862806.1,-,A3SS_short,0.005430695,-0.105,833812,834159,NW_019862806.1_833812_834159
LOC112046598,NW_019862863.1,-,A3SS_short,0.004765928,0.029,807231,807604,NW_019862863.1_807231_807604
LOC112046598,NW_019862863.1,-,A3SS_short,0.011226979,-0.09,814473,814730,NW_019862863.1_814473_814730
LOC112052325,NW_019863140.1,+,A3SS_short,0,0.176,263667,263992,NW_019863140.1_263667_263992
LOC112049016,NW_019862955.1,-,A3SS_short,0.0003104,0.386,319769,320329,NW_019862955.1_319769_320329
LOC112046562,NW_019862861.1,-,A3SS_short,4.57E-06,0.015,96891,97247,NW_019862861.1_96891_97247
LOC112051539,NW_019863088.1,-,A3SS_short,0.001138053,0.137,154545,154843,NW_019863088.1_154545_154843
LOC112051539,NW_019863088.1,-,A3SS_short,0.005416061,0.582,154545,154843,NW_019863088.1_154545_154843
LOC112055881,NW_019863649.1,+,A3SS_short,0.044448747,0.311,20108,20445,NW_019863649.1_20108_20445
LOC112057460,NW_019862764.1,+,A3SS_short,0.012050245,0.084,1269414,1269799,NW_019862764.1_1269414_1269799
LOC112048203,NW_019862921.1,+,A3SS_short,3.93E-07,-0.181,469947,470224,NW_019862921.1_469947_470224
LOC112056045,NW_019863691.1,-,A3SS_short,0.00065713,-0.07,65683,66011,NW_019863691.1_65683_66011
LOC112042951,NW_019862782.1,-,A3SS_short,0.035515819,-0.099,1566221,1566584,NW_019862782.1_1566221_1566584
LOC112056467,NW_019863831.1,+,A3SS_short,0.043176193,-0.165,39471,39823,NW_019863831.1_39471_39823
LOC112051221,NW_019863069.1,+,A3SS_short,0.001243351,0.123,109468,109818,NW_019863069.1_109468_109818
LOC112051221,NW_019863069.1,+,A3SS_short,0.000623289,0.069,109468,109818,NW_019863069.1_109468_109818
LOC112047321,NW_019862887.1,-,A3SS_short,1.58E-06,-0.061,445566,445992,NW_019862887.1_445566_445992
LOC112051546,NW_019863089.1,-,A3SS_short,7.14E-05,-0.063,149471,149926,NW_019863089.1_149471_149926
LOC112049111,NW_019862959.1,+,A3SS_short,0.014358198,0.103,428070,428493,NW_019862959.1_428070_428493
LOC112051554,NW_019863089.1,+,A3SS_short,0.049118471,0.325,71501,71891,NW_019863089.1_71501_71891
LOC112056842,NW_019864021.1,-,A5SS_long,0,0.171,31347,31699,NW_019864021.1_31347_31699
LOC112048477,NW_019862932.1,+,A5SS_long,0.009167524,0.144,208895,209272,NW_019862932.1_208895_209272
LOC112053614,NW_019862760.1,-,A5SS_long,0.000157094,0.129,266341,267076,NW_019862760.1_266341_267076
LOC112051862,NW_019862748.1,-,A5SS_long,1.24E-05,-0.036,379068,379425,NW_019862748.1_379068_379425
LOC112047808,NW_019862904.1,-,A5SS_long,0.000226119,-0.266,1084769,1085058,NW_019862904.1_1084769_1085058
LOC112046157,NW_019862849.1,+,A5SS_long,0.000160295,-0.157,337308,337683,NW_019862849.1_337308_337683
LOC112058428,NW_019862776.1,-,A5SS_long,0.048481173,0.065,1076732,1077049,NW_019862776.1_1076732_1077049
LOC112044870,NW_019862819.1,-,A5SS_long,0.005567627,-0.121,806762,807341,NW_019862819.1_806762_807341
LOC112053935,NW_019863297.1,-,A5SS_long,0.032603843,0.1,156777,157309,NW_019863297.1_156777_157309
LOC112055642,NW_019863572.1,-,A5SS_long,1.12E-07,-0.25,68053,68386,NW_019863572.1_68053_68386
LOC112052043,NW_019863120.1,-,A5SS_long,0.004099936,0.087,90377,90787,NW_019863120.1_90377_90787
LOC112055727,NW_019862762.1,+,A5SS_long,0.000179304,-0.047,1911106,1911639,NW_019862762.1_1911106_1911639
LOC112043800,NW_019862798.1,+,A5SS_long,0.022935804,-0.105,489067,489424,NW_019862798.1_489067_489424
LOC112053036,NW_019863198.1,+,A5SS_long,0.008841248,-0.256,228034,228477,NW_019863198.1_228034_228477
LOC112045428,NW_019862831.1,-,A5SS_long,0,-0.27,414263,414706,NW_019862831.1_414263_414706
LOC112052189,NW_019863132.1,-,A5SS_long,0.044007047,-0.134,157629,157988,NW_019863132.1_157629_157988
LOC112053443,NW_019862760.1,+,A5SS_long,0.008691545,0.169,35967,36351,NW_019862760.1_35967_36351
LOC112053443,NW_019862760.1,+,A5SS_long,0.019173718,0.188,52278,52574,NW_019862760.1_52278_52574
LOC112058448,NW_019862776.1,-,A5SS_long,0.001268682,0.099,1577778,1578110,NW_019862776.1_1577778_1578110
LOC112044316,NW_019862806.1,+,A5SS_long,0.011379944,-0.112,1118842,1119114,NW_019862806.1_1118842_1119114
LOC112046335,NW_019862855.1,-,A5SS_long,0.006565863,-0.185,175881,176299,NW_019862855.1_175881_176299
LOC112047231,NW_019862885.1,-,A5SS_long,0,-0.485,598005,598320,NW_019862885.1_598005_598320
LOC112054814,NW_019863416.1,+,A5SS_long,0.003675426,-0.149,33916,34292,NW_019863416.1_33916_34292
LOC112054138,NW_019863323.1,+,A5SS_long,0,0.096,146846,147208,NW_019863323.1_146846_147208
LOC112051946,NW_019863113.1,+,A5SS_long,0.004695071,-0.294,278740,279073,NW_019863113.1_278740_279073
LOC112056029,NW_019863688.1,-,A5SS_long,0.031916532,0.093,36476,36860,NW_019863688.1_36476_36860
LOC112047418,NW_019862892.1,-,A5SS_long,0.014373992,-0.151,67439,67874,NW_019862892.1_67439_67874
LOC112049619,NW_019862981.1,-,A5SS_long,0.002625042,-0.344,74225,74734,NW_019862981.1_74225_74734
LOC112043669,NW_019862794.1,-,A5SS_long,9.65E-08,0.167,1095197,1096016,NW_019862794.1_1095197_1096016
LOC112043669,NW_019862794.1,-,A5SS_long,3.78E-07,0.188,1095197,1096016,NW_019862794.1_1095197_1096016
LOC112058326,NW_019862774.1,-,A5SS_long,0.020335422,-0.164,1357857,1358159,NW_019862774.1_1357857_1358159
LOC112044751,NW_019862817.1,-,A5SS_long,0.000684636,-0.131,874676,875149,NW_019862817.1_874676_875149
LOC112055898,NW_019863653.1,+,A5SS_long,0.018135508,-0.092,26857,27459,NW_019863653.1_26857_27459
LOC112051468,NW_019863084.1,+,A5SS_long,0.003394833,-0.081,86808,87188,NW_019863084.1_86808_87188
LOC112050048,NW_019863003.1,-,A5SS_long,0.002552953,0.146,396206,396969,NW_019863003.1_396206_396969
LOC112053562,NW_019863253.1,+,A5SS_long,1.28E-10,-0.056,175457,175826,NW_019863253.1_175457_175826
LOC112047512,NW_019862895.1,+,A5SS_long,1.34E-12,0.14,180003,180295,NW_019862895.1_180003_180295
LOC112053231,NW_019863219.1,-,A5SS_long,0.001127838,0.063,70748,71192,NW_019863219.1_70748_71192
LOC112046777,NW_019862870.1,-,A5SS_long,4.35E-05,0.224,658013,658515,NW_019862870.1_658013_658515
LOC112048087,NW_019862916.1,-,A5SS_long,7.92E-06,-0.073,147236,147628,NW_019862916.1_147236_147628
LOC112052778,NW_019863175.1,-,A5SS_long,8.10E-09,0.233,91180,91595,NW_019863175.1_91180_91595
LOC112052778,NW_019863175.1,-,A5SS_long,3.76E-06,0.247,91180,91595,NW_019863175.1_91180_91595
LOC112058365,NW_019862775.1,-,A5SS_long,0.041234356,-0.02,964759,965249,NW_019862775.1_964759_965249
LOC112049982,NW_019863001.1,-,A5SS_long,0.024387563,0.091,349590,350093,NW_019863001.1_349590_350093
LOC112055201,NW_019863475.1,-,A5SS_long,4.08E-08,-0.147,91487,91800,NW_019863475.1_91487_91800
LOC112057757,NW_019862766.1,+,A5SS_long,9.96E-05,-0.045,165443,165907,NW_019862766.1_165443_165907
LOC112044311,NW_019862806.1,+,A5SS_long,0.023516523,0.125,803851,804615,NW_019862806.1_803851_804615
LOC112054869,NW_019863427.1,-,A5SS_long,1.29E-05,0.079,60076,60461,NW_019863427.1_60076_60461
LOC112044442,NW_019862809.1,+,A5SS_long,0.002337891,-0.052,819790,820115,NW_019862809.1_819790_820115
LOC112055428,NW_019863522.1,-,A5SS_long,0.040078669,0.188,108027,108437,NW_019863522.1_108027_108437
LOC112048594,NW_019862936.1,-,A5SS_long,7.86E-07,-0.111,293918,294247,NW_019862936.1_293918_294247
LOC112047021,NW_019862880.1,+,A5SS_long,0.006585386,0.128,608072,608389,NW_019862880.1_608072_608389
LOC112050345,NW_019863018.1,-,A5SS_long,0,0.125,319987,320277,NW_019863018.1_319987_320277
LOC112046714,NW_019862869.1,-,A5SS_long,0,-0.158,199852,200217,NW_019862869.1_199852_200217
LOC112054217,NW_019863330.1,+,A5SS_long,0.024581982,0.115,18259,18705,NW_019863330.1_18259_18705
LOC112049644,NW_019862982.1,-,A5SS_long,0.003812741,-0.011,393729,394140,NW_019862982.1_393729_394140
LOC112051193,NW_019862757.1,-,A5SS_long,1.56E-08,0.089,1821208,1821576,NW_019862757.1_1821208_1821576
LOC112047793,NW_019862904.1,-,A5SS_long,0.003579023,0.047,1353654,1353917,NW_019862904.1_1353654_1353917
LOC112046101,NW_019862848.1,+,A5SS_long,4.17E-05,-0.081,664603,664969,NW_019862848.1_664603_664969
LOC112046721,NW_019862753.1,-,A5SS_long,0.040839954,-0.086,387875,388339,NW_019862753.1_387875_388339
LOC112048189,NW_019862920.1,-,A5SS_long,1.97E-05,-0.297,611213,611541,NW_019862920.1_611213_611541
LOC112044658,NW_019862815.1,-,A5SS_long,6.62E-09,-0.231,68078,68404,NW_019862815.1_68078_68404
LOC112044658,NW_019862815.1,-,A5SS_long,1.69E-06,0.133,75009,75347,NW_019862815.1_75009_75347
LOC112055679,NW_019863585.1,-,A5SS_long,8.53E-05,-0.063,32953,33388,NW_019863585.1_32953_33388
LOC112052436,NW_019863148.1,-,A5SS_long,0.001142699,-0.43,64708,65016,NW_019863148.1_64708_65016
LOC112053498,NW_019863247.1,-,A5SS_long,0.049811475,0.018,151237,151895,NW_019863247.1_151237_151895
LOC112053364,NW_019863233.1,-,A5SS_long,0,0.29,156925,157260,NW_019863233.1_156925_157260
LOC112047533,NW_019862896.1,+,A5SS_long,0.029231718,0.176,344575,345412,NW_019862896.1_344575_345412
LOC112045981,NW_019862845.1,+,A5SS_long,0.013638249,-0.017,907104,907810,NW_019862845.1_907104_907810
LOC112045981,NW_019862845.1,+,A5SS_long,0.019173718,-0.096,907104,907810,NW_019862845.1_907104_907810
LOC112051154,NW_019863066.1,+,A5SS_long,0.011076123,0.202,394979,395342,NW_019863066.1_394979_395342
LOC112046614,NW_019862863.1,+,A5SS_long,4.24E-07,-0.153,823861,824278,NW_019862863.1_823861_824278
LOC112054176,NW_019863326.1,-,A5SS_long,8.35E-07,0.049,57858,58198,NW_019863326.1_57858_58198
LOC112048134,NW_019862918.1,+,A5SS_long,0,0.077,629359,629780,NW_019862918.1_629359_629780
LOC112048422,NW_019862929.1,+,A5SS_long,2.14E-07,-0.214,62969,63441,NW_019862929.1_62969_63441
LOC112056263,NW_019863751.1,-,A5SS_long,3.77E-05,-0.145,43010,43390,NW_019863751.1_43010_43390
LOC112045025,NW_019862822.1,-,A5SS_long,1.09E-09,0.106,1037504,1037856,NW_019862822.1_1037504_1037856
LOC112051564,NW_019863089.1,+,A5SS_long,0.003615061,-0.09,337165,337617,NW_019863089.1_337165_337617
LOC112047618,NW_019862898.1,-,A5SS_long,1.46E-05,0.027,573812,576496,NW_019862898.1_573812_576496
LOC112047618,NW_019862898.1,-,A5SS_long,1.39E-06,0.037,574142,576496,NW_019862898.1_574142_576496
LOC112044298,NW_019862806.1,+,A5SS_long,0.021357511,-0.1,670852,671225,NW_019862806.1_670852_671225
LOC112043015,NW_019862784.1,-,A5SS_long,6.30E-09,-0.035,990163,990475,NW_019862784.1_990163_990475
LOC112053485,NW_019863245.1,+,A5SS_long,0.008841248,-0.317,144720,145104,NW_019863245.1_144720_145104
LOC112052204,NW_019863133.1,+,A5SS_long,0.000188479,-0.04,132465,132808,NW_019863133.1_132465_132808
LOC112048791,NW_019862945.1,-,A5SS_long,4.75E-10,-0.147,486139,486410,NW_019862945.1_486139_486410
LOC112048791,NW_019862945.1,-,A5SS_long,0.000337545,0.027,486139,486410,NW_019862945.1_486139_486410
LOC112048791,NW_019862945.1,-,A5SS_long,0.046241631,-0.16,486142,486410,NW_019862945.1_486142_486410
LOC112048791,NW_019862945.1,-,A5SS_long,0.024801631,0.379,486142,486410,NW_019862945.1_486142_486410
LOC112048791,NW_019862945.1,-,A5SS_long,8.35E-07,0.435,486145,486410,NW_019862945.1_486145_486410
LOC112048787,NW_019862945.1,+,A5SS_long,4.91E-08,0.526,435164,435669,NW_019862945.1_435164_435669
LOC112048787,NW_019862945.1,+,A5SS_long,1.09E-09,0.423,435164,435674,NW_019862945.1_435164_435674
LOC112048787,NW_019862945.1,+,A5SS_long,3.30E-06,0.433,435164,435679,NW_019862945.1_435164_435679
LOC112048787,NW_019862945.1,+,A5SS_long,3.30E-06,0.444,435164,435835,NW_019862945.1_435164_435835
LOC112048787,NW_019862945.1,+,A5SS_long,0.047060867,0.357,435164,435674,NW_019862945.1_435164_435674
LOC112048778,NW_019862945.1,-,A5SS_long,0.000330028,0.065,347636,348169,NW_019862945.1_347636_348169
LOC112048480,NW_019862932.1,-,A5SS_long,0.025889755,-0.331,269797,270300,NW_019862932.1_269797_270300
LOC112053753,NW_019863278.1,+,A5SS_long,1.49E-09,-0.173,114326,115020,NW_019863278.1_114326_115020
LOC112053860,NW_019863289.1,+,A5SS_long,0.0007827,-0.053,168333,168955,NW_019863289.1_168333_168955
LOC112058245,NW_019862773.1,-,A5SS_long,0.004804203,-0.292,256933,257205,NW_019862773.1_256933_257205
LOC112052411,NW_019863146.1,-,A5SS_long,0.000764822,0.183,30692,31169,NW_019863146.1_30692_31169
LOC112046902,NW_019862874.1,-,A5SS_long,0.020944495,-0.138,517575,518105,NW_019862874.1_517575_518105
LOC112046886,NW_019862874.1,+,A5SS_long,1.72E-08,0.063,123849,124257,NW_019862874.1_123849_124257
LOC112051765,NW_019863101.1,+,A5SS_long,0.001042771,0.073,227767,228178,NW_019863101.1_227767_228178
LOC112051765,NW_019863101.1,+,A5SS_long,0,-0.055,244093,244585,NW_019863101.1_244093_244585
LOC112051765,NW_019863101.1,+,A5SS_long,2.21E-07,-0.257,244093,244708,NW_019863101.1_244093_244708
LOC112051765,NW_019863101.1,+,A5SS_long,2.36E-06,-0.45,244093,244708,NW_019863101.1_244093_244708
LOC112051765,NW_019863101.1,+,A5SS_long,6.67E-06,0.442,244385,244832,NW_019863101.1_244385_244832
LOC112051765,NW_019863101.1,+,A5SS_long,0,0.625,244385,244959,NW_019863101.1_244385_244959
LOC112053903,NW_019862760.1,-,A5SS_long,0.000200612,0.063,1789370,1789963,NW_019862760.1_1789370_1789963
LOC112051365,NW_019863078.1,+,A5SS_long,0.024475015,-0.011,127894,128562,NW_019863078.1_127894_128562
LOC112049345,NW_019862968.1,-,A5SS_long,0.01070205,-0.051,556795,557308,NW_019862968.1_556795_557308
LOC112051433,NW_019863082.1,+,A5SS_long,0.001127838,-0.157,333933,334454,NW_019863082.1_333933_334454
LOC112050825,NW_019863045.1,+,A5SS_long,0.016435352,0.123,379480,379837,NW_019863045.1_379480_379837
LOC112053597,NW_019863259.1,-,A5SS_long,5.39E-10,0.168,318809,319286,NW_019863259.1_318809_319286
LOC112043798,NW_019862798.1,+,A5SS_long,0.000127748,0.177,55186,55507,NW_019862798.1_55186_55507
LOC112049614,NW_019862748.1,+,A5SS_long,0.004099936,-0.01,2997792,2998258,NW_019862748.1_2997792_2998258
LOC112049614,NW_019862748.1,+,A5SS_long,0.004099804,-0.01,2997792,2998302,NW_019862748.1_2997792_2998302
LOC112050002,NW_019862748.1,+,A5SS_long,1.23E-09,0.512,3378577,3379124,NW_019862748.1_3378577_3379124
LOC112058267,NW_019862748.1,-,A5SS_long,0.031161562,0.058,623239,623535,NW_019862748.1_623239_623535
LOC112051042,NW_019862748.1,-,A5SS_long,7.05E-14,0.371,367185,368529,NW_019862748.1_367185_368529
LOC112051042,NW_019862748.1,-,A5SS_long,1.50E-07,0.321,367861,368529,NW_019862748.1_367861_368529
LOC112058414,NW_019862776.1,-,A5SS_long,0.018265105,0.224,690055,690477,NW_019862776.1_690055_690477
LOC112047044,NW_019862881.1,+,A5SS_long,0.001022778,0.057,305747,306108,NW_019862881.1_305747_306108
LOC112046832,NW_019862872.1,+,A5SS_long,0.001255886,-0.046,403749,404209,NW_019862872.1_403749_404209
LOC112051951,NW_019862758.1,-,A5SS_long,5.48E-13,-0.099,2123052,2123444,NW_019862758.1_2123052_2123444
LOC112051951,NW_019862758.1,-,A5SS_long,6.23E-11,-0.206,2123053,2123444,NW_019862758.1_2123053_2123444
LOC112051951,NW_019862758.1,-,A5SS_long,5.86E-11,-0.206,2123054,2123444,NW_019862758.1_2123054_2123444
LOC112051951,NW_019862758.1,-,A5SS_long,2.98E-11,-0.189,2123088,2123444,NW_019862758.1_2123088_2123444
LOC112051951,NW_019862758.1,-,A5SS_long,3.82E-11,-0.167,2123092,2123444,NW_019862758.1_2123092_2123444
LOC112049721,NW_019862987.1,+,A5SS_long,0.000226308,-0.494,396106,396652,NW_019862987.1_396106_396652
LOC112046043,NW_019862846.1,-,A5SS_long,0.002915189,-0.021,293904,294216,NW_019862846.1_293904_294216
LOC112043341,NW_019862749.1,+,A5SS_long,0.004932991,0.033,2688937,2689332,NW_019862749.1_2688937_2689332
LOC112043332,NW_019862749.1,-,A5SS_long,0.044870314,0.249,2337375,2337825,NW_019862749.1_2337375_2337825
LOC112048265,NW_019862923.1,+,A5SS_long,7.66E-09,-0.533,258151,258498,NW_019862923.1_258151_258498
LOC112050869,NW_019863047.1,-,A5SS_long,0.015568594,0.098,343008,343659,NW_019863047.1_343008_343659
LOC112057797,NW_019862766.1,+,A5SS_long,5.90E-07,-0.032,370268,370708,NW_019862766.1_370268_370708
LOC112044870,NW_019862819.1,-,A5SS_long,0.048481173,-0.213,806744,807341,NW_019862819.1_806744_807341
LOC112058271,NW_019862749.1,-,A5SS_long,0.01070205,0.168,506336,506867,NW_019862749.1_506336_506867
LOC112050044,NW_019863003.1,-,A5SS_long,0,-0.124,178595,178992,NW_019863003.1_178595_178992
LOC112050044,NW_019863003.1,-,A5SS_long,6.43E-09,0.039,178597,178992,NW_019863003.1_178597_178992
LOC112058385,NW_019862775.1,+,A5SS_long,0.021689145,-0.422,169166,169557,NW_019862775.1_169166_169557
LOC112052180,NW_019863132.1,-,A5SS_long,0,0.156,286514,286953,NW_019863132.1_286514_286953
LOC112052180,NW_019863132.1,-,A5SS_long,0,-0.068,288962,289395,NW_019863132.1_288962_289395
LOC112044645,NW_019862814.1,+,A5SS_long,0.000160295,0.24,957236,957490,NW_019862814.1_957236_957490
LOC112045305,NW_019862828.1,+,A5SS_long,0.003407658,0.137,624085,624428,NW_019862828.1_624085_624428
LOC112045305,NW_019862828.1,+,A5SS_long,0.020625993,0.394,624085,624476,NW_019862828.1_624085_624476
LOC112045305,NW_019862828.1,+,A5SS_long,1.31E-05,0.101,717997,718667,NW_019862828.1_717997_718667
LOC112045305,NW_019862828.1,+,A5SS_long,0.034624477,0.032,735146,735473,NW_019862828.1_735146_735473
LOC112045305,NW_019862828.1,+,A5SS_long,0.037397307,0.033,735146,735612,NW_019862828.1_735146_735612
LOC112045305,NW_019862828.1,+,A5SS_long,0.000194371,0.137,735146,746348,NW_019862828.1_735146_746348
LOC112043184,NW_019862787.1,+,A5SS_long,0.000176902,-0.139,210332,210715,NW_019862787.1_210332_210715
LOC112055545,NW_019863549.1,+,A5SS_long,0.040839954,0.225,32984,33554,NW_019863549.1_32984_33554
LOC112045805,NW_019862841.1,+,A5SS_long,7.05E-14,-0.067,514054,514661,NW_019862841.1_514054_514661
LOC112057966,NW_019862770.1,+,A5SS_long,0.018278873,-0.02,89669,90228,NW_019862770.1_89669_90228
LOC112046993,NW_019862879.1,-,A5SS_long,0.00442572,-0.448,659959,660566,NW_019862879.1_659959_660566
LOC112046993,NW_019862879.1,-,A5SS_long,0.000359952,0.459,660055,660566,NW_019862879.1_660055_660566
LOC112048610,NW_019862748.1,-,A5SS_long,0.002089792,-0.021,2694548,2695103,NW_019862748.1_2694548_2695103
LOC112048610,NW_019862748.1,-,A5SS_long,0.010176836,-0.354,2694790,2695464,NW_019862748.1_2694790_2695464
LOC112048610,NW_019862748.1,-,A5SS_long,0.007248532,-0.365,2694829,2695464,NW_019862748.1_2694829_2695464
LOC112048610,NW_019862748.1,-,A5SS_long,0.037587475,-0.213,2695675,2696088,NW_019862748.1_2695675_2696088
LOC112050833,NW_019863045.1,-,A5SS_long,0.003859115,0.074,156171,156478,NW_019863045.1_156171_156478
LOC112050343,NW_019863018.1,+,A5SS_long,0.008148518,-0.126,286874,287303,NW_019863018.1_286874_287303
LOC112055727,NW_019862762.1,+,A5SS_long,0.003825443,-0.026,1911106,1911643,NW_019862762.1_1911106_1911643
LOC112055189,NW_019862762.1,-,A5SS_long,0.000484207,0.092,99844,100304,NW_019862762.1_99844_100304
LOC112046893,NW_019862874.1,-,A5SS_long,0.000444867,-0.075,182529,182866,NW_019862874.1_182529_182866
LOC112045055,NW_019862823.1,-,A5SS_long,5.41E-06,-0.012,395062,395636,NW_019862823.1_395062_395636
LOC112045055,NW_019862823.1,-,A5SS_long,0.00072496,-0.015,395062,395636,NW_019862823.1_395062_395636
LOC112045055,NW_019862823.1,-,A5SS_long,3.18E-10,0.072,420963,421446,NW_019862823.1_420963_421446
LOC112045759,NW_019862752.1,-,A5SS_long,7.49E-08,-0.107,1186744,1187171,NW_019862752.1_1186744_1187171
LOC112052526,NW_019863155.1,-,A5SS_long,7.21E-05,-0.068,211999,212558,NW_019863155.1_211999_212558
LOC112053036,NW_019863198.1,+,A5SS_long,0.01691803,-0.273,228034,228492,NW_019863198.1_228034_228492
LOC112058531,NW_019862778.1,-,A5SS_long,0.020618133,-0.065,511572,511976,NW_019862778.1_511572_511976
LOC112053871,NW_019863290.1,-,A5SS_long,0.011341635,0.441,187585,188095,NW_019863290.1_187585_188095
LOC112053871,NW_019863290.1,-,A5SS_long,0.004246148,0.47,187641,188095,NW_019863290.1_187641_188095
LOC112053871,NW_019863290.1,-,A5SS_long,0.005631332,0.46,187644,188095,NW_019863290.1_187644_188095
LOC112053871,NW_019863290.1,-,A5SS_long,0.006945532,0.448,187702,188095,NW_019863290.1_187702_188095
LOC112044859,NW_019862751.1,-,A5SS_long,0.013209128,0.265,1556676,1556994,NW_019862751.1_1556676_1556994
LOC112052787,NW_019863176.1,-,A5SS_long,0.046309233,0.04,155276,155916,NW_019863176.1_155276_155916
LOC112056840,NW_019864020.1,+,A5SS_long,7.65E-09,0.028,20770,21073,NW_019864020.1_20770_21073
LOC112056840,NW_019864020.1,+,A5SS_long,0,0.142,20770,21109,NW_019864020.1_20770_21109
LOC112056840,NW_019864020.1,+,A5SS_long,0.009061058,0.112,20770,21109,NW_019864020.1_20770_21109
LOC112045796,NW_019862841.1,-,A5SS_long,0.000147114,0.342,313951,314361,NW_019862841.1_313951_314361
LOC112045119,NW_019862751.1,+,A5SS_long,0.009435923,0.106,2727090,2727595,NW_019862751.1_2727090_2727595
LOC112045119,NW_019862751.1,+,A5SS_long,0.01070205,0.242,2727090,2727595,NW_019862751.1_2727090_2727595
LOC112043722,NW_019862795.1,-,A5SS_long,0.007966633,0.02,1136519,1136842,NW_019862795.1_1136519_1136842
LOC112050057,NW_019863003.1,+,A5SS_long,0.006692863,0.022,476155,476706,NW_019863003.1_476155_476706
LOC112052088,NW_019863124.1,-,A5SS_long,0.007929347,0.113,199383,199803,NW_019863124.1_199383_199803
LOC112053443,NW_019862760.1,+,A5SS_long,4.14E-06,0.154,35967,36347,NW_019862760.1_35967_36347
LOC112053443,NW_019862760.1,+,A5SS_long,6.16E-07,0.149,35967,36351,NW_019862760.1_35967_36351
LOC112053443,NW_019862760.1,+,A5SS_long,1.67E-05,0.174,52244,52574,NW_019862760.1_52244_52574
LOC112055393,NW_019862762.1,+,A5SS_long,9.43E-13,-0.163,260517,260972,NW_019862762.1_260517_260972
LOC112044502,NW_019862810.1,-,A5SS_long,0.026641026,0.17,1136729,1136985,NW_019862810.1_1136729_1136985
LOC112045145,NW_019862825.1,+,A5SS_long,8.57E-09,-0.6,826932,827512,NW_019862825.1_826932_827512
LOC112050746,NW_019863040.1,-,A5SS_long,0.02528299,-0.251,34584,34874,NW_019863040.1_34584_34874
LOC112044126,NW_019862804.1,+,A5SS_long,0.000157094,0.064,710569,711058,NW_019862804.1_710569_711058
LOC112049588,NW_019862980.1,-,A5SS_long,0.007602994,0.238,90912,91279,NW_019862980.1_90912_91279
LOC112052382,NW_019863144.1,-,A5SS_long,1.02E-08,0.276,246512,247048,NW_019863144.1_246512_247048
LOC112052382,NW_019863144.1,-,A5SS_long,5.08E-07,0.031,246512,247048,NW_019863144.1_246512_247048
LOC112048968,NW_019862953.1,-,A5SS_long,6.14E-05,-0.164,361026,361395,NW_019862953.1_361026_361395
LOC112051763,NW_019863101.1,-,A5SS_long,2.67E-06,-0.069,219622,220111,NW_019863101.1_219622_220111
LOC112051763,NW_019863101.1,-,A5SS_long,0.000151779,-0.046,219659,220111,NW_019863101.1_219659_220111
LOC112046370,NW_019862856.1,-,A5SS_long,4.62E-07,-0.036,737665,738082,NW_019862856.1_737665_738082
LOC112049101,NW_019862958.1,-,A5SS_long,0.003080393,0.232,141034,141446,NW_019862958.1_141034_141446
LOC112053999,NW_019862760.1,+,A5SS_long,0.00058299,0.172,2207394,2207860,NW_019862760.1_2207394_2207860
LOC112053999,NW_019862760.1,+,A5SS_long,2.45E-05,0.223,2207394,2207874,NW_019862760.1_2207394_2207874
LOC112053999,NW_019862760.1,+,A5SS_long,0.001487773,0.247,2207394,2207874,NW_019862760.1_2207394_2207874
LOC112052803,NW_019863177.1,-,A5SS_long,0.007194323,0.011,104989,105446,NW_019863177.1_104989_105446
LOC112050499,NW_019863026.1,+,A5SS_long,3.01E-05,0.09,300164,300749,NW_019863026.1_300164_300749
LOC112051208,NW_019863068.1,+,A5SS_long,0.000642533,0.021,222745,223283,NW_019863068.1_222745_223283
LOC112046887,NW_019862874.1,-,A5SS_long,0.0419028,-0.142,21101,21366,NW_019862874.1_21101_21366
LOC112046887,NW_019862874.1,-,A5SS_long,0,0.157,22674,22985,NW_019862874.1_22674_22985
LOC112049885,NW_019862996.1,-,A5SS_long,0.001657202,-0.411,174295,174931,NW_019862996.1_174295_174931
LOC112049885,NW_019862996.1,-,A5SS_long,0.001208951,0.277,174548,174931,NW_019862996.1_174548_174931
LOC112044316,NW_019862806.1,+,A5SS_long,0.017638444,-0.075,1118842,1119220,NW_019862806.1_1118842_1119220
LOC112044316,NW_019862806.1,+,A5SS_long,0.021106628,-0.066,1118842,1119490,NW_019862806.1_1118842_1119490
LOC112044105,NW_019862803.1,-,A5SS_long,3.04E-06,0.098,289448,289962,NW_019862803.1_289448_289962
LOC112044076,NW_019862803.1,-,A5SS_long,0.003353254,-0.214,44758,45367,NW_019862803.1_44758_45367
LOC112044076,NW_019862803.1,-,A5SS_long,0.014741944,-0.198,44763,45367,NW_019862803.1_44763_45367
LOC112044076,NW_019862803.1,-,A5SS_long,0.003353254,-0.214,44768,45367,NW_019862803.1_44768_45367
LOC112056407,NW_019863803.1,+,A5SS_long,8.38E-07,-0.091,30234,30690,NW_019863803.1_30234_30690
LOC112058269,NW_019862773.1,+,A5SS_long,9.32E-05,0.049,523012,523391,NW_019862773.1_523012_523391
LOC112046522,NW_019862860.1,+,A5SS_long,2.09E-08,0.375,108222,108538,NW_019862860.1_108222_108538
LOC112051245,NW_019863070.1,-,A5SS_long,8.43E-05,-0.043,13466,13972,NW_019863070.1_13466_13972
LOC112058550,NW_019862778.1,-,A5SS_long,0.000145394,0.013,1102864,1103464,NW_019862778.1_1102864_1103464
LOC112058550,NW_019862778.1,-,A5SS_long,6.65E-13,0.133,1102868,1103464,NW_019862778.1_1102868_1103464
LOC112058550,NW_019862778.1,-,A5SS_long,7.21E-05,0.014,1102898,1103464,NW_019862778.1_1102898_1103464
LOC112058550,NW_019862778.1,-,A5SS_long,0.000127748,0.013,1102955,1103464,NW_019862778.1_1102955_1103464
LOC112058550,NW_019862778.1,-,A5SS_long,0.000127748,0.013,1102972,1103464,NW_019862778.1_1102972_1103464
LOC112052001,NW_019863118.1,-,A5SS_long,0.000200375,-0.105,161889,162583,NW_019863118.1_161889_162583
LOC112052001,NW_019863118.1,-,A5SS_long,4.45E-05,-0.122,162084,162583,NW_019863118.1_162084_162583
LOC112051523,NW_019863087.1,+,A5SS_long,0,-0.137,179021,179686,NW_019863087.1_179021_179686
LOC112051523,NW_019863087.1,+,A5SS_long,0,-0.137,179021,179690,NW_019863087.1_179021_179690
LOC112051523,NW_019863087.1,+,A5SS_long,0,-0.137,179021,179693,NW_019863087.1_179021_179693
LOC112051523,NW_019863087.1,+,A5SS_long,0.000232444,0.042,187366,187730,NW_019863087.1_187366_187730
LOC112051523,NW_019863087.1,+,A5SS_long,0.004636532,0.177,187366,187992,NW_019863087.1_187366_187992
LOC112052337,NW_019863141.1,-,A5SS_long,0.002532241,0.354,179926,180243,NW_019863141.1_179926_180243
LOC112052337,NW_019863141.1,-,A5SS_long,0.005989099,0.35,179930,180243,NW_019863141.1_179930_180243
LOC112046986,NW_019862879.1,-,A5SS_long,4.23E-11,-0.038,318066,318453,NW_019862879.1_318066_318453
LOC112054138,NW_019863323.1,+,A5SS_long,4.10E-08,0.405,146846,147212,NW_019863323.1_146846_147212
LOC112056845,NW_019864022.1,-,A5SS_long,0.008194201,0.423,34416,34964,NW_019864022.1_34416_34964
LOC112051946,NW_019863113.1,+,A5SS_long,0.040627892,-0.144,277844,278341,NW_019863113.1_277844_278341
LOC112050513,NW_019863027.1,-,A5SS_long,6.04E-05,0.085,134641,135173,NW_019863027.1_134641_135173
LOC112056515,NW_019863856.1,-,A5SS_long,0.004181377,-0.082,33659,34326,NW_019863856.1_33659_34326
LOC112051195,NW_019863068.1,+,A5SS_long,0.019458425,-0.043,238895,239238,NW_019863068.1_238895_239238
LOC112047520,NW_019862895.1,+,A5SS_long,1.06E-05,-0.221,80830,81296,NW_019862895.1_80830_81296
LOC112053596,NW_019863259.1,+,A5SS_long,0.009654102,-0.072,293546,293832,NW_019863259.1_293546_293832
LOC112053596,NW_019863259.1,+,A5SS_long,2.21E-07,0.584,293546,293832,NW_019863259.1_293546_293832
LOC112048330,NW_019862925.1,-,A5SS_long,0.000208535,0.137,632097,632618,NW_019862925.1_632097_632618
LOC112048330,NW_019862925.1,-,A5SS_long,9.19E-05,-0.184,632097,632618,NW_019862925.1_632097_632618
LOC112048330,NW_019862925.1,-,A5SS_long,3.31E-11,-0.227,632101,632618,NW_019862925.1_632101_632618
LOC112044077,NW_019862803.1,+,A5SS_long,0.001742628,-0.131,138963,139644,NW_019862803.1_138963_139644
LOC112049395,NW_019862971.1,+,A5SS_long,1.05E-08,-0.147,618138,618514,NW_019862971.1_618138_618514
LOC112057895,NW_019862768.1,-,A5SS_long,0.000524047,0.046,1513669,1514190,NW_019862768.1_1513669_1514190
LOC112056645,NW_019862763.1,+,A5SS_long,0.006945532,-0.161,1060358,1060676,NW_019862763.1_1060358_1060676
LOC112055526,NW_019863545.1,-,A5SS_long,0.000569614,-0.071,76263,76547,NW_019863545.1_76263_76547
LOC112053782,NW_019863281.1,-,A5SS_long,0.000475856,0.105,177201,177562,NW_019863281.1_177201_177562
LOC112058078,NW_019862771.1,+,A5SS_long,0.017609411,0.599,745424,746014,NW_019862771.1_745424_746014
LOC112043045,NW_019862784.1,+,A5SS_long,0.015520464,0.12,1528914,1529408,NW_019862784.1_1528914_1529408
LOC112043045,NW_019862784.1,+,A5SS_long,1.90E-10,0.163,1528914,1529408,NW_019862784.1_1528914_1529408
LOC112043045,NW_019862784.1,+,A5SS_long,0.02732666,0.106,1528914,1529408,NW_019862784.1_1528914_1529408
LOC112049949,NW_019862998.1,-,A5SS_long,0.000250687,0.34,127189,127847,NW_019862998.1_127189_127847
LOC112049949,NW_019862998.1,-,A5SS_long,0.0099321,-0.333,127194,127847,NW_019862998.1_127194_127847
LOC112049356,NW_019862968.1,-,A5SS_long,0.002620961,-0.113,190921,191555,NW_019862968.1_190921_191555
LOC112049619,NW_019862981.1,-,A5SS_long,0.001779449,-0.405,74206,74734,NW_019862981.1_74206_74734
LOC112046894,NW_019862874.1,+,A5SS_long,4.16E-11,0.057,271770,272397,NW_019862874.1_271770_272397
LOC112045508,NW_019862834.1,+,A5SS_long,0.026605436,0.552,756790,757317,NW_019862834.1_756790_757317
LOC112055448,NW_019863525.1,+,A5SS_long,0.000681776,0.03,116109,116723,NW_019863525.1_116109_116723
LOC112045818,NW_019862841.1,-,A5SS_long,0.000130957,-0.48,852798,853281,NW_019862841.1_852798_853281
LOC112044649,NW_019862814.1,+,A5SS_long,5.32E-05,-0.034,907792,908330,NW_019862814.1_907792_908330
LOC112055953,NW_019863664.1,+,A5SS_long,7.84E-09,0.266,11374,11798,NW_019863664.1_11374_11798
LOC112046483,NW_019862858.1,-,A5SS_long,2.24E-07,0.056,133224,133769,NW_019862858.1_133224_133769
LOC112043669,NW_019862794.1,-,A5SS_long,6.26E-05,0.064,1095197,1095675,NW_019862794.1_1095197_1095675
LOC112057881,NW_019862768.1,-,A5SS_long,4.30E-08,0.075,955678,956203,NW_019862768.1_955678_956203
LOC112057881,NW_019862768.1,-,A5SS_long,0.028365942,0.03,955678,956203,NW_019862768.1_955678_956203
LOC112057881,NW_019862768.1,-,A5SS_long,1.17E-09,-0.01,955683,956203,NW_019862768.1_955683_956203
LOC112057881,NW_019862768.1,-,A5SS_long,0.032755047,-0.024,955683,956203,NW_019862768.1_955683_956203
LOC112057881,NW_019862768.1,-,A5SS_long,0.019349157,-0.071,955683,956203,NW_019862768.1_955683_956203
LOC112046332,NW_019862855.1,-,A5SS_long,7.57E-08,0.619,629963,630240,NW_019862855.1_629963_630240
LOC112044751,NW_019862817.1,-,A5SS_long,0.015017512,-0.058,874650,875149,NW_019862817.1_874650_875149
LOC112051694,NW_019863098.1,-,A5SS_long,0.000209099,0.057,352142,352442,NW_019863098.1_352142_352442
LOC112055277,NW_019863491.1,+,A5SS_long,0.0007648,0.168,30384,31029,NW_019863491.1_30384_31029
LOC112055277,NW_019863491.1,+,A5SS_long,0.000569614,0.08,31906,32335,NW_019863491.1_31906_32335
LOC112053451,NW_019863242.1,-,A5SS_long,0.003104623,-0.079,164417,164838,NW_019863242.1_164417_164838
LOC112052141,NW_019863130.1,-,A5SS_long,0.045539804,-0.038,86705,87035,NW_019863130.1_86705_87035
LOC112053016,NW_019862759.1,-,A5SS_long,5.48E-07,0.116,1315932,1316306,NW_019862759.1_1315932_1316306
LOC112048398,NW_019862929.1,+,A5SS_long,0.000377635,0.083,269770,270280,NW_019862929.1_269770_270280
LOC112048398,NW_019862929.1,+,A5SS_long,0.02858366,0.007,269770,270462,NW_019862929.1_269770_270462
LOC112048398,NW_019862929.1,+,A5SS_long,0.036939042,0.006,269909,270497,NW_019862929.1_269909_270497
LOC112048544,NW_019862934.1,+,A5SS_long,0.020335422,-0.293,287939,288504,NW_019862934.1_287939_288504
LOC112047508,NW_019862895.1,+,A5SS_long,0.011341635,-0.174,55719,56050,NW_019862895.1_55719_56050
LOC112049503,NW_019862976.1,-,A5SS_long,9.05E-13,0.041,435755,436328,NW_019862976.1_435755_436328
LOC112049503,NW_019862976.1,-,A5SS_long,1.64E-06,0.025,436097,436328,NW_019862976.1_436097_436328
LOC112049503,NW_019862976.1,-,A5SS_long,0,-0.019,437518,438152,NW_019862976.1_437518_438152
LOC112049503,NW_019862976.1,-,A5SS_long,5.55E-10,0.067,437518,438152,NW_019862976.1_437518_438152
LOC112049503,NW_019862976.1,-,A5SS_long,1.19E-07,0.015,437705,438143,NW_019862976.1_437705_438143
LOC112049503,NW_019862976.1,-,A5SS_long,7.66E-06,0.025,441341,441940,NW_019862976.1_441341_441940
LOC112049503,NW_019862976.1,-,A5SS_long,6.88E-06,0.026,441344,441940,NW_019862976.1_441344_441940
LOC112049503,NW_019862976.1,-,A5SS_long,0.003623914,0.156,441520,441940,NW_019862976.1_441520_441940
LOC112049503,NW_019862976.1,-,A5SS_long,6.21E-06,0.025,441520,441940,NW_019862976.1_441520_441940
LOC112049503,NW_019862976.1,-,A5SS_long,2.62E-06,0.014,441665,441940,NW_019862976.1_441665_441940
LOC112049503,NW_019862976.1,-,A5SS_long,1.88E-05,0.011,441669,441940,NW_019862976.1_441669_441940
LOC112049503,NW_019862976.1,-,A5SS_long,8.26E-06,-0.23,464747,465264,NW_019862976.1_464747_465264
LOC112049503,NW_019862976.1,-,A5SS_long,6.70E-08,-0.098,464747,465264,NW_019862976.1_464747_465264
LOC112049503,NW_019862976.1,-,A5SS_long,0.005516662,0.194,464795,465264,NW_019862976.1_464795_465264
LOC112049503,NW_019862976.1,-,A5SS_long,0.000462652,0.059,464886,465264,NW_019862976.1_464886_465264
LOC112049503,NW_019862976.1,-,A5SS_long,4.63E-05,0.028,464886,465264,NW_019862976.1_464886_465264
LOC112048417,NW_019862929.1,-,A5SS_long,0.00267105,0.069,267612,267893,NW_019862929.1_267612_267893
LOC112045942,NW_019862844.1,+,A5SS_long,0.000681776,0.134,52032,52558,NW_019862844.1_52032_52558
LOC112051905,NW_019863111.1,-,A5SS_long,7.39E-06,0.017,142916,143377,NW_019863111.1_142916_143377
LOC112052522,NW_019863155.1,+,A5SS_long,0.005972834,0.062,176298,176872,NW_019863155.1_176298_176872
LOC112046842,NW_019862873.1,+,A5SS_long,0.000271098,-0.254,567091,567505,NW_019862873.1_567091_567505
LOC112049762,NW_019862988.1,+,A5SS_long,4.78E-06,0.028,190547,191073,NW_019862988.1_190547_191073
LOC112046298,NW_019862752.1,-,A5SS_long,4.56E-05,0.523,2666877,2667360,NW_019862752.1_2666877_2667360
LOC112046298,NW_019862752.1,-,A5SS_long,0.040839954,0.264,2666877,2667483,NW_019862752.1_2666877_2667483
LOC112046440,NW_019862857.1,-,A5SS_long,3.18E-10,-0.013,64536,65071,NW_019862857.1_64536_65071
LOC112047844,NW_019862905.1,-,A5SS_long,0,0.017,640578,640994,NW_019862905.1_640578_640994
LOC112051468,NW_019863084.1,+,A5SS_long,0.008083711,-0.324,86793,87253,NW_019863084.1_86793_87253
LOC112044884,NW_019862751.1,+,A5SS_long,1.22E-08,0.217,1680360,1680757,NW_019862751.1_1680360_1680757
LOC112047440,NW_019862893.1,+,A5SS_long,0.000287075,0.063,386402,386855,NW_019862893.1_386402_386855
LOC112047440,NW_019862893.1,+,A5SS_long,0.000296411,0.063,386402,386903,NW_019862893.1_386402_386903
LOC112047440,NW_019862893.1,+,A5SS_long,0.000287075,0.063,386402,386937,NW_019862893.1_386402_386937
LOC112047440,NW_019862893.1,+,A5SS_long,0.000305611,0.063,386402,387078,NW_019862893.1_386402_387078
LOC112052399,NW_019863145.1,+,A5SS_long,0.014316864,-0.094,110963,111520,NW_019863145.1_110963_111520
LOC112053562,NW_019863253.1,+,A5SS_long,6.39E-07,-0.57,175457,175826,NW_019863253.1_175457_175826
LOC112046992,NW_019862879.1,-,A5SS_long,1.17E-06,-0.054,667685,667945,NW_019862879.1_667685_667945
LOC112046992,NW_019862879.1,-,A5SS_long,0.0007827,-0.192,667685,668258,NW_019862879.1_667685_668258
LOC112053881,NW_019862760.1,+,A5SS_long,0.000200431,0.084,958627,959025,NW_019862760.1_958627_959025
LOC112048334,NW_019862754.1,+,A5SS_long,0,0.051,2423179,2423544,NW_019862754.1_2423179_2423544
LOC112048512,NW_019862933.1,-,A5SS_long,0,0.047,748210,748578,NW_019862933.1_748210_748578
LOC112052594,NW_019863161.1,-,A5SS_long,5.89E-07,0.069,305528,306223,NW_019863161.1_305528_306223
LOC112052594,NW_019863161.1,-,A5SS_long,0.001790955,0.046,305599,306223,NW_019863161.1_305599_306223
LOC112044778,NW_019862817.1,-,A5SS_long,1.31E-12,0.027,818371,818743,NW_019862817.1_818371_818743
LOC112044052,NW_019862802.1,+,A5SS_long,0.000858927,-0.126,974023,974672,NW_019862802.1_974023_974672
LOC112043296,NW_019862788.1,+,A5SS_long,0.018117071,-0.025,353380,353742,NW_019862788.1_353380_353742
LOC112045821,NW_019862841.1,-,A5SS_long,3.56E-07,0.242,88775,89235,NW_019862841.1_88775_89235
LOC112050107,NW_019863005.1,-,A5SS_long,2.39E-06,-0.305,21154,21679,NW_019863005.1_21154_21679
LOC112046504,NW_019862859.1,-,A5SS_long,5.42E-08,0.011,674533,674847,NW_019862859.1_674533_674847
LOC112047512,NW_019862895.1,+,A5SS_long,1.68E-08,0.047,179994,180280,NW_019862895.1_179994_180280
LOC112047512,NW_019862895.1,+,A5SS_long,7.99E-07,0.043,179994,180281,NW_019862895.1_179994_180281
LOC112047512,NW_019862895.1,+,A5SS_long,3.02E-09,0.052,179994,180291,NW_019862895.1_179994_180291
LOC112047512,NW_019862895.1,+,A5SS_long,4.91E-08,0.053,179994,180317,NW_019862895.1_179994_180317
LOC112047512,NW_019862895.1,+,A5SS_long,2.48E-10,0.348,179994,180291,NW_019862895.1_179994_180291
LOC112047512,NW_019862895.1,+,A5SS_long,9.81E-10,0.123,179994,180317,NW_019862895.1_179994_180317
LOC112047512,NW_019862895.1,+,A5SS_long,0.015248537,-0.01,179994,180317,NW_019862895.1_179994_180317
LOC112043342,NW_019862788.1,-,A5SS_long,0.001097579,0.034,1323851,1324427,NW_019862788.1_1323851_1324427
LOC112046979,NW_019862879.1,+,A5SS_long,5.00E-08,0.087,108932,109365,NW_019862879.1_108932_109365
LOC112047845,NW_019862906.1,+,A5SS_long,0.016054069,-0.335,31325,31991,NW_019862906.1_31325_31991
LOC112047162,NW_019862883.1,-,A5SS_long,0.002915189,-0.019,405144,405508,NW_019862883.1_405144_405508
LOC112046314,NW_019862854.1,-,A5SS_long,9.74E-08,0.011,537007,537443,NW_019862854.1_537007_537443
LOC112043215,NW_019862787.1,-,A5SS_long,6.58E-05,-0.01,563292,563990,NW_019862787.1_563292_563990
LOC112043215,NW_019862787.1,-,A5SS_long,3.75E-05,-0.013,563363,563990,NW_019862787.1_563363_563990
LOC112043215,NW_019862787.1,-,A5SS_long,3.75E-05,-0.013,563364,563990,NW_019862787.1_563364_563990
LOC112053291,NW_019863225.1,-,A5SS_long,4.87E-06,-0.044,122276,122964,NW_019863225.1_122276_122964
LOC112053070,NW_019863202.1,+,A5SS_long,0.000710656,-0.19,159148,159589,NW_019863202.1_159148_159589
LOC112053070,NW_019863202.1,+,A5SS_long,3.55E-07,0.096,159148,159626,NW_019863202.1_159148_159626
LOC112053070,NW_019863202.1,+,A5SS_long,7.05E-14,0.188,159148,159626,NW_019863202.1_159148_159626
LOC112057756,NW_019862766.1,-,A5SS_long,0.016384319,-0.469,160503,161190,NW_019862766.1_160503_161190
LOC112057756,NW_019862766.1,-,A5SS_long,0.006255769,-0.486,160505,161190,NW_019862766.1_160505_161190
LOC112057756,NW_019862766.1,-,A5SS_long,0,-0.027,160507,161190,NW_019862766.1_160507_161190
LOC112057756,NW_019862766.1,-,A5SS_long,0.01070205,-0.479,160508,161190,NW_019862766.1_160508_161190
LOC112057756,NW_019862766.1,-,A5SS_long,0.01070205,-0.479,160682,161190,NW_019862766.1_160682_161190
LOC112057756,NW_019862766.1,-,A5SS_long,0.011001808,-0.487,160811,161190,NW_019862766.1_160811_161190
LOC112051191,NW_019863068.1,+,A5SS_long,0.004596857,0.026,148133,148416,NW_019863068.1_148133_148416
LOC112058206,NW_019862772.1,+,A5SS_long,0.00078531,-0.086,1687943,1688308,NW_019862772.1_1687943_1688308
LOC112048087,NW_019862916.1,-,A5SS_long,0.005769291,-0.293,150140,150454,NW_019862916.1_150140_150454
LOC112052778,NW_019863175.1,-,A5SS_long,4.91E-08,-0.242,91120,91587,NW_019863175.1_91120_91587
LOC112052778,NW_019863175.1,-,A5SS_long,0.005434192,0.261,91120,91595,NW_019863175.1_91120_91595
LOC112052778,NW_019863175.1,-,A5SS_long,0.021007885,0.162,91120,91595,NW_019863175.1_91120_91595
LOC112052778,NW_019863175.1,-,A5SS_long,6.07E-08,-0.262,91142,91587,NW_019863175.1_91142_91587
LOC112052778,NW_019863175.1,-,A5SS_long,0.001763198,0.294,91142,91595,NW_019863175.1_91142_91595
LOC112052778,NW_019863175.1,-,A5SS_long,0.011502252,0.177,91142,91595,NW_019863175.1_91142_91595
LOC112052778,NW_019863175.1,-,A5SS_long,1.14E-07,-0.239,91173,91587,NW_019863175.1_91173_91587
LOC112052778,NW_019863175.1,-,A5SS_long,0.002324919,0.301,91173,91595,NW_019863175.1_91173_91595
LOC112052778,NW_019863175.1,-,A5SS_long,0.00322954,0.194,91173,91595,NW_019863175.1_91173_91595
LOC112052778,NW_019863175.1,-,A5SS_long,2.38E-05,-0.085,91180,91595,NW_019863175.1_91180_91595
LOC112052778,NW_019863175.1,-,A5SS_long,1.72E-09,-0.361,91202,91595,NW_019863175.1_91202_91595
LOC112052778,NW_019863175.1,-,A5SS_long,8.95E-10,-0.215,91207,91595,NW_019863175.1_91207_91595
LOC112047462,NW_019862894.1,+,A5SS_long,5.08E-07,-0.322,519594,520129,NW_019862894.1_519594_520129
LOC112047476,NW_019862894.1,-,A5SS_long,0.042936061,-0.032,1109324,1109745,NW_019862894.1_1109324_1109745
LOC112051386,NW_019863079.1,+,A5SS_long,2.26E-06,-0.029,69567,69944,NW_019863079.1_69567_69944
LOC112051386,NW_019863079.1,+,A5SS_long,1.22E-05,0.352,74968,75655,NW_019863079.1_74968_75655
LOC112045728,NW_019862839.1,-,A5SS_long,4.09E-06,0.052,814002,814305,NW_019862839.1_814002_814305
LOC112056473,NW_019863835.1,+,A5SS_long,0.000585194,0.04,16411,16863,NW_019863835.1_16411_16863
LOC112047909,NW_019862908.1,+,A5SS_long,0.005304559,-0.065,148925,149480,NW_019862908.1_148925_149480
LOC112043682,NW_019862794.1,+,A5SS_long,0.011971361,0.018,1405006,1405555,NW_019862794.1_1405006_1405555
LOC112047876,NW_019862907.1,-,A5SS_long,6.85E-05,-0.082,9087,9413,NW_019862907.1_9087_9413
LOC112055184,NW_019863472.1,-,A5SS_long,0.000149955,0.04,129745,130096,NW_019863472.1_129745_130096
LOC112050705,NW_019863039.1,+,A5SS_long,0.026155921,-0.102,252818,253173,NW_019863039.1_252818_253173
LOC112057048,NW_019862764.1,-,A5SS_long,0.000460112,-0.022,1483948,1484388,NW_019862764.1_1483948_1484388
LOC112047068,NW_019862881.1,+,A5SS_long,0.036337193,-0.053,109927,110276,NW_019862881.1_109927_110276
LOC112047068,NW_019862881.1,+,A5SS_long,0.031509045,-0.057,109927,110539,NW_019862881.1_109927_110539
LOC112052598,NW_019863161.1,-,A5SS_long,7.05E-14,0.029,211212,211434,NW_019863161.1_211212_211434
LOC112058415,NW_019862776.1,+,A5SS_long,5.55E-05,-0.162,661747,662080,NW_019862776.1_661747_662080
LOC112045273,NW_019862828.1,+,A5SS_long,0.047060867,0.103,136276,136623,NW_019862828.1_136276_136623
LOC112049660,NW_019862756.1,+,A5SS_long,0.000586517,0.113,183818,184515,NW_019862756.1_183818_184515
LOC112045290,NW_019862828.1,+,A5SS_long,0.018938722,0.062,279783,280302,NW_019862828.1_279783_280302
LOC112053945,NW_019863297.1,+,A5SS_long,9.77E-07,0.039,168948,169644,NW_019863297.1_168948_169644
LOC112054869,NW_019863427.1,-,A5SS_long,0.000348674,0.288,60070,60461,NW_019863427.1_60070_60461
LOC112048699,NW_019862941.1,-,A5SS_long,4.39E-06,-0.087,203338,203818,NW_019862941.1_203338_203818
LOC112044442,NW_019862809.1,+,A5SS_long,0.004798433,-0.031,819790,820113,NW_019862809.1_819790_820113
LOC112044442,NW_019862809.1,+,A5SS_long,0.020811912,-0.026,819790,820128,NW_019862809.1_819790_820128
LOC112044442,NW_019862809.1,+,A5SS_long,0.009500674,-0.028,819790,820132,NW_019862809.1_819790_820132
LOC112044442,NW_019862809.1,+,A5SS_long,0.027391979,-0.02,819790,820197,NW_019862809.1_819790_820197
LOC112044442,NW_019862809.1,+,A5SS_long,0.006799467,-0.455,819790,820115,NW_019862809.1_819790_820115
LOC112055428,NW_019863522.1,-,A5SS_long,3.43E-08,-0.231,107852,108437,NW_019863522.1_107852_108437
LOC112054202,NW_019863329.1,+,A5SS_long,0.027353837,0.099,126897,127592,NW_019863329.1_126897_127592
LOC112053895,NW_019863292.1,-,A5SS_long,1.93E-08,0.644,32116,32581,NW_019863292.1_32116_32581
LOC112053895,NW_019863292.1,-,A5SS_long,0.023178049,0.395,32116,32724,NW_019863292.1_32116_32724
LOC112053895,NW_019863292.1,-,A5SS_long,6.40E-10,-0.153,32259,32844,NW_019863292.1_32259_32844
LOC112047632,NW_019862899.1,+,A5SS_long,1.64E-07,0.31,580116,580528,NW_019862899.1_580116_580528
LOC112047010,NW_019862880.1,-,A5SS_long,1.26E-06,0.115,717838,718325,NW_019862880.1_717838_718325
LOC112054344,NW_019863348.1,-,A5SS_long,7.05E-14,-0.303,17266,17676,NW_019863348.1_17266_17676
LOC112051672,NW_019863096.1,+,A5SS_long,0.009014546,-0.02,203799,204410,NW_019863096.1_203799_204410
LOC112051193,NW_019862757.1,-,A5SS_long,0.001857155,0.414,1821116,1821576,NW_019862757.1_1821116_1821576
LOC112050303,NW_019863017.1,-,A5SS_long,1.58E-07,-0.155,562038,562599,NW_019863017.1_562038_562599
LOC112050303,NW_019863017.1,-,A5SS_long,0.001160955,0.305,562038,562599,NW_019863017.1_562038_562599
LOC112053155,NW_019863213.1,+,A5SS_long,0.000425464,-0.344,131192,131566,NW_019863213.1_131192_131566
LOC112047257,NW_019862886.1,-,A5SS_long,0.014321484,-0.047,149955,150169,NW_019862886.1_149955_150169
LOC112047257,NW_019862886.1,-,A5SS_long,0.000226119,0.432,149955,150426,NW_019862886.1_149955_150426
LOC112047257,NW_019862886.1,-,A5SS_long,1.33E-06,0.465,149958,150426,NW_019862886.1_149958_150426
LOC112047355,NW_019862890.1,-,A5SS_long,1.50E-05,0.113,330231,330870,NW_019862890.1_330231_330870
LOC112047355,NW_019862890.1,-,A5SS_long,1.46E-05,0.113,330233,330870,NW_019862890.1_330233_330870
LOC112047355,NW_019862890.1,-,A5SS_long,1.50E-05,0.113,330244,330870,NW_019862890.1_330244_330870
LOC112053872,NW_019863290.1,+,A5SS_long,0.030703907,0.115,110690,111013,NW_019863290.1_110690_111013
LOC112044926,NW_019862820.1,-,A5SS_long,0.031906325,0.115,60449,60756,NW_019862820.1_60449_60756
LOC112056026,NW_019863687.1,+,A5SS_long,1.83E-05,-0.24,52913,53405,NW_019863687.1_52913_53405
LOC112047046,NW_019862753.1,-,A5SS_long,0.004785637,0.012,1328489,1328887,NW_019862753.1_1328489_1328887
LOC112046086,NW_019862847.1,+,A5SS_long,0.002566457,0.3,696103,696417,NW_019862847.1_696103_696417
LOC112046086,NW_019862847.1,+,A5SS_long,0.014125067,0.039,696103,696419,NW_019862847.1_696103_696419
LOC112051508,NW_019863086.1,-,A5SS_long,0.048481173,0.39,340291,340600,NW_019863086.1_340291_340600
LOC112051636,NW_019863093.1,+,A5SS_long,8.09E-07,0.366,285224,285678,NW_019863093.1_285224_285678
LOC112055175,NW_019863471.1,-,A5SS_long,2.15E-06,-0.029,138467,138823,NW_019863471.1_138467_138823
LOC112044658,NW_019862815.1,-,A5SS_long,0.004403926,-0.19,68080,68401,NW_019862815.1_68080_68401
LOC112046205,NW_019862850.1,+,A5SS_long,9.52E-05,0.252,370836,371507,NW_019862850.1_370836_371507
LOC112043781,NW_019862797.1,-,A5SS_long,0.001816406,-0.372,836370,836961,NW_019862797.1_836370_836961
LOC112055992,NW_019863677.1,+,A5SS_long,0.017681931,-0.142,2787,3325,NW_019863677.1_2787_3325
LOC112046881,NW_019862874.1,-,A5SS_long,0.012561827,-0.021,9657,10048,NW_019862874.1_9657_10048
LOC112058174,NW_019862772.1,+,A5SS_long,3.68E-05,0.228,1827292,1827844,NW_019862772.1_1827292_1827844
LOC112058174,NW_019862772.1,+,A5SS_long,0.000983953,-0.022,1827849,1828521,NW_019862772.1_1827849_1828521
LOC112058174,NW_019862772.1,+,A5SS_long,0.001125824,-0.022,1828077,1828686,NW_019862772.1_1828077_1828686
LOC112058174,NW_019862772.1,+,A5SS_long,0.000992312,-0.022,1828077,1828753,NW_019862772.1_1828077_1828753
LOC112055223,NW_019863481.1,+,A5SS_long,2.07E-09,-0.152,111259,111647,NW_019863481.1_111259_111647
LOC112055453,NW_019863525.1,-,A5SS_long,0.002639123,-0.475,111277,111836,NW_019863525.1_111277_111836
LOC112048291,NW_019862924.1,-,A5SS_long,0.013585087,-0.182,328015,328630,NW_019862924.1_328015_328630
LOC112048291,NW_019862924.1,-,A5SS_long,0.010781964,-0.179,328020,328630,NW_019862924.1_328020_328630
LOC112048291,NW_019862924.1,-,A5SS_long,0.01279755,-0.043,328025,328630,NW_019862924.1_328025_328630
LOC112055379,NW_019863510.1,+,A5SS_long,0.001268682,-0.079,14592,14987,NW_019863510.1_14592_14987
LOC112052026,NW_019863119.1,+,A5SS_long,0.001968819,0.031,253161,253465,NW_019863119.1_253161_253465
LOC112052026,NW_019863119.1,+,A5SS_long,0.002031855,0.039,253161,253523,NW_019863119.1_253161_253523
LOC112048954,NW_019862953.1,-,A5SS_long,0.014321484,0.238,409404,409922,NW_019862953.1_409404_409922
LOC112044735,NW_019862816.1,-,A5SS_long,0.001413942,0.164,312276,312575,NW_019862816.1_312276_312575
LOC112043927,NW_019862800.1,-,A5SS_long,0.020418751,-0.044,562674,564179,NW_019862800.1_562674_564179
LOC112050113,NW_019863005.1,-,A5SS_long,0.00484519,-0.07,713248,713592,NW_019863005.1_713248_713592
LOC112044902,NW_019862819.1,+,A5SS_long,0.019173718,0.042,627411,627874,NW_019862819.1_627411_627874
LOC112054942,NW_019863435.1,-,A5SS_long,0.00022628,0.073,78723,79073,NW_019863435.1_78723_79073
LOC112049719,NW_019862756.1,+,A5SS_long,1.50E-06,0.016,216275,216701,NW_019862756.1_216275_216701
LOC112058517,NW_019862778.1,-,A5SS_long,5.37E-05,-0.469,14799,15495,NW_019862778.1_14799_15495
LOC112044620,NW_019862813.1,+,A5SS_long,0.004431605,-0.164,465041,465636,NW_019862813.1_465041_465636
LOC112052445,NW_019863149.1,-,A5SS_long,0.020418751,0.055,30307,30888,NW_019863149.1_30307_30888
LOC112049151,NW_019862961.1,-,A5SS_long,0.02545713,-0.025,132216,132498,NW_019862961.1_132216_132498
LOC112046776,NW_019862870.1,+,A5SS_long,0.038124204,-0.122,755051,755521,NW_019862870.1_755051_755521
LOC112049586,NW_019862980.1,-,A5SS_long,0.005236275,0.108,73855,74172,NW_019862980.1_73855_74172
LOC112051358,NW_019863077.1,+,A5SS_long,0.036337193,-0.075,20278,20693,NW_019863077.1_20278_20693
LOC112052136,NW_019863130.1,-,A5SS_long,2.48E-08,-0.446,154175,154761,NW_019863130.1_154175_154761
LOC112052135,NW_019863130.1,-,A5SS_long,0.005036817,-0.314,270943,271278,NW_019863130.1_270943_271278
LOC112044280,NW_019862806.1,+,A5SS_long,3.78E-05,-0.042,33504,33953,NW_019862806.1_33504_33953
LOC112058171,NW_019862772.1,+,A5SS_long,0,0.032,1765419,1766246,NW_019862772.1_1765419_1766246
LOC112046614,NW_019862863.1,+,A5SS_long,9.14E-09,0.255,823662,824301,NW_019862863.1_823662_824301
LOC112046614,NW_019862863.1,+,A5SS_long,0,0.268,823663,824274,NW_019862863.1_823663_824274
LOC112052325,NW_019863140.1,+,A5SS_long,3.07E-08,0.181,261975,262264,NW_019863140.1_261975_262264
LOC112043746,NW_019862796.1,+,A5SS_long,0.000709996,0.233,1094382,1094814,NW_019862796.1_1094382_1094814
LOC112045911,NW_019862843.1,-,A5SS_long,0,-0.465,479402,479705,NW_019862843.1_479402_479705
LOC112047227,NW_019862884.1,+,A5SS_long,0.027960153,0.25,688760,689040,NW_019862884.1_688760_689040
LOC112050236,NW_019863013.1,+,A5SS_long,0.014631095,-0.049,204473,204839,NW_019863013.1_204473_204839
LOC112046661,NW_019862866.1,-,A5SS_long,7.34E-07,-0.09,297014,297376,NW_019862866.1_297014_297376
LOC112046734,NW_019862869.1,-,A5SS_long,1.48E-06,-0.029,400172,400608,NW_019862869.1_400172_400608
LOC112046734,NW_019862869.1,-,A5SS_long,1.49E-06,-0.029,400223,400608,NW_019862869.1_400223_400608
LOC112046734,NW_019862869.1,-,A5SS_long,0.041866565,-0.014,400226,400608,NW_019862869.1_400226_400608
LOC112046734,NW_019862869.1,-,A5SS_long,1.65E-06,-0.028,400229,400608,NW_019862869.1_400229_400608
LOC112046207,NW_019862850.1,-,A5SS_long,0.004596857,-0.106,589689,590193,NW_019862850.1_589689_590193
LOC112053910,NW_019863293.1,-,A5SS_long,0.027508463,0.05,60655,61216,NW_019863293.1_60655_61216
LOC112048203,NW_019862921.1,+,A5SS_long,1.04E-12,-0.264,469356,469882,NW_019862921.1_469356_469882
LOC112047618,NW_019862898.1,-,A5SS_long,1.20E-05,0.052,569753,570150,NW_019862898.1_569753_570150
LOC112047383,NW_019862890.1,+,A5SS_long,0.038124204,-0.318,243710,244374,NW_019862890.1_243710_244374
LOC112051830,NW_019863107.1,-,A5SS_long,6.53E-05,0.462,221402,221719,NW_019863107.1_221402_221719
LOC112051830,NW_019863107.1,-,A5SS_long,5.00E-08,0.083,221406,221719,NW_019863107.1_221406_221719
LOC112051830,NW_019863107.1,-,A5SS_long,5.94E-07,0.516,221410,221719,NW_019863107.1_221410_221719
LOC112057407,NW_019865253.1,+,A5SS_long,0.014412273,0.374,1938,2295,NW_019865253.1_1938_2295
LOC112055477,NW_019863529.1,+,A5SS_long,8.77E-07,0.037,49201,49522,NW_019863529.1_49201_49522
LOC112055477,NW_019863529.1,+,A5SS_long,0,0.8,49201,49587,NW_019863529.1_49201_49587
LOC112048790,NW_019862755.1,+,A5SS_long,2.21E-06,0.023,1151550,1152366,NW_019862755.1_1151550_1152366
LOC112048724,NW_019862755.1,-,A5SS_long,3.12E-07,-0.068,988880,989231,NW_019862755.1_988880_989231
LOC112043015,NW_019862784.1,-,A5SS_long,0.00044773,-0.008,989810,990454,NW_019862784.1_989810_990454
LOC112043015,NW_019862784.1,-,A5SS_long,0.000433581,-0.011,990157,990454,NW_019862784.1_990157_990454
LOC112043015,NW_019862784.1,-,A5SS_long,0.00267105,-0.01,990164,990454,NW_019862784.1_990164_990454
LOC112051571,NW_019863089.1,-,A5SS_long,3.80E-07,0.025,356712,357082,NW_019863089.1_356712_357082
LOC112044604,NW_019862813.1,+,A5SS_long,0.019819173,-0.075,811093,811404,NW_019862813.1_811093_811404
LOC112056842,NW_019864021.1,-,A5SS_short,0,0.171,31351,31699,NW_019864021.1_31351_31699
LOC112048477,NW_019862932.1,+,A5SS_short,0.009167524,0.144,208895,209248,NW_019862932.1_208895_209248
LOC112053614,NW_019862760.1,-,A5SS_short,0.000157094,0.129,266353,267076,NW_019862760.1_266353_267076
LOC112051862,NW_019862748.1,-,A5SS_short,1.24E-05,-0.036,379098,379425,NW_019862748.1_379098_379425
LOC112047808,NW_019862904.1,-,A5SS_short,0.000226119,-0.266,1084773,1085058,NW_019862904.1_1084773_1085058
LOC112046157,NW_019862849.1,+,A5SS_short,0.000160295,-0.157,337308,337669,NW_019862849.1_337308_337669
LOC112058428,NW_019862776.1,-,A5SS_short,0.048481173,0.065,1076741,1077049,NW_019862776.1_1076741_1077049
LOC112044870,NW_019862819.1,-,A5SS_short,0.005567627,-0.121,806862,807341,NW_019862819.1_806862_807341
LOC112053935,NW_019863297.1,-,A5SS_short,0.032603843,0.1,156852,157309,NW_019863297.1_156852_157309
LOC112055642,NW_019863572.1,-,A5SS_short,1.12E-07,-0.25,68068,68386,NW_019863572.1_68068_68386
LOC112052043,NW_019863120.1,-,A5SS_short,0.004099936,0.087,90440,90787,NW_019863120.1_90440_90787
LOC112055727,NW_019862762.1,+,A5SS_short,0.000179304,-0.047,1911106,1911431,NW_019862762.1_1911106_1911431
LOC112043800,NW_019862798.1,+,A5SS_short,0.022935804,-0.105,489067,489373,NW_019862798.1_489067_489373
LOC112053036,NW_019863198.1,+,A5SS_short,0.008841248,-0.256,228034,228391,NW_019863198.1_228034_228391
LOC112045428,NW_019862831.1,-,A5SS_short,0,-0.27,414269,414706,NW_019862831.1_414269_414706
LOC112052189,NW_019863132.1,-,A5SS_short,0.044007047,-0.134,157640,157988,NW_019863132.1_157640_157988
LOC112053443,NW_019862760.1,+,A5SS_short,0.008691545,0.169,35967,36347,NW_019862760.1_35967_36347
LOC112053443,NW_019862760.1,+,A5SS_short,0.019173718,0.188,52278,52525,NW_019862760.1_52278_52525
LOC112058448,NW_019862776.1,-,A5SS_short,0.001268682,0.099,1577781,1578110,NW_019862776.1_1577781_1578110
LOC112044316,NW_019862806.1,+,A5SS_short,0.011379944,-0.112,1118842,1119111,NW_019862806.1_1118842_1119111
LOC112046335,NW_019862855.1,-,A5SS_short,0.006565863,-0.185,175896,176299,NW_019862855.1_175896_176299
LOC112047231,NW_019862885.1,-,A5SS_short,0,-0.485,598014,598320,NW_019862885.1_598014_598320
LOC112054814,NW_019863416.1,+,A5SS_short,0.003675426,-0.149,33916,34265,NW_019863416.1_33916_34265
LOC112054138,NW_019863323.1,+,A5SS_short,0,0.096,146846,147190,NW_019863323.1_146846_147190
LOC112051946,NW_019863113.1,+,A5SS_short,0.004695071,-0.294,278740,279067,NW_019863113.1_278740_279067
LOC112056029,NW_019863688.1,-,A5SS_short,0.031916532,0.093,36494,36860,NW_019863688.1_36494_36860
LOC112047418,NW_019862892.1,-,A5SS_short,0.014373992,-0.151,67448,67874,NW_019862892.1_67448_67874
LOC112049619,NW_019862981.1,-,A5SS_short,0.002625042,-0.344,74380,74734,NW_019862981.1_74380_74734
LOC112043669,NW_019862794.1,-,A5SS_short,9.65E-08,0.167,1095340,1096016,NW_019862794.1_1095340_1096016
LOC112043669,NW_019862794.1,-,A5SS_short,3.78E-07,0.188,1095340,1096016,NW_019862794.1_1095340_1096016
LOC112058326,NW_019862774.1,-,A5SS_short,0.020335422,-0.164,1357863,1358159,NW_019862774.1_1357863_1358159
LOC112044751,NW_019862817.1,-,A5SS_short,0.000684636,-0.131,874702,875149,NW_019862817.1_874702_875149
LOC112055898,NW_019863653.1,+,A5SS_short,0.018135508,-0.092,26857,27298,NW_019863653.1_26857_27298
LOC112051468,NW_019863084.1,+,A5SS_short,0.003394833,-0.081,86808,87170,NW_019863084.1_86808_87170
LOC112050048,NW_019863003.1,-,A5SS_short,0.002552953,0.146,396384,396969,NW_019863003.1_396384_396969
LOC112053562,NW_019863253.1,+,A5SS_short,1.28E-10,-0.056,175457,175782,NW_019863253.1_175457_175782
LOC112047512,NW_019862895.1,+,A5SS_short,1.34E-12,0.14,180003,180262,NW_019862895.1_180003_180262
LOC112053231,NW_019863219.1,-,A5SS_short,0.001127838,0.063,70955,71192,NW_019863219.1_70955_71192
LOC112046777,NW_019862870.1,-,A5SS_short,4.35E-05,0.224,658223,658515,NW_019862870.1_658223_658515
LOC112048087,NW_019862916.1,-,A5SS_short,7.92E-06,-0.073,147260,147628,NW_019862916.1_147260_147628
LOC112052778,NW_019863175.1,-,A5SS_short,8.10E-09,0.233,91202,91595,NW_019863175.1_91202_91595
LOC112052778,NW_019863175.1,-,A5SS_short,3.76E-06,0.247,91207,91595,NW_019863175.1_91207_91595
LOC112058365,NW_019862775.1,-,A5SS_short,0.041234356,-0.02,964789,965249,NW_019862775.1_964789_965249
LOC112049982,NW_019863001.1,-,A5SS_short,0.024387563,0.091,349774,350093,NW_019863001.1_349774_350093
LOC112055201,NW_019863475.1,-,A5SS_short,4.08E-08,-0.147,91490,91800,NW_019863475.1_91490_91800
LOC112057757,NW_019862766.1,+,A5SS_short,9.96E-05,-0.045,165443,165780,NW_019862766.1_165443_165780
LOC112044311,NW_019862806.1,+,A5SS_short,0.023516523,0.125,803851,804528,NW_019862806.1_803851_804528
LOC112054869,NW_019863427.1,-,A5SS_short,1.29E-05,0.079,60141,60461,NW_019863427.1_60141_60461
LOC112044442,NW_019862809.1,+,A5SS_short,0.002337891,-0.052,819790,820082,NW_019862809.1_819790_820082
LOC112055428,NW_019863522.1,-,A5SS_short,0.040078669,0.188,108032,108437,NW_019863522.1_108032_108437
LOC112048594,NW_019862936.1,-,A5SS_short,7.86E-07,-0.111,293924,294247,NW_019862936.1_293924_294247
LOC112047021,NW_019862880.1,+,A5SS_short,0.006585386,0.128,608072,608383,NW_019862880.1_608072_608383
LOC112050345,NW_019863018.1,-,A5SS_short,0,0.125,320017,320277,NW_019863018.1_320017_320277
LOC112046714,NW_019862869.1,-,A5SS_short,0,-0.158,199861,200217,NW_019862869.1_199861_200217
LOC112054217,NW_019863330.1,+,A5SS_short,0.024581982,0.115,18259,18699,NW_019863330.1_18259_18699
LOC112049644,NW_019862982.1,-,A5SS_short,0.003812741,-0.011,393813,394140,NW_019862982.1_393813_394140
LOC112051193,NW_019862757.1,-,A5SS_short,1.56E-08,0.089,1821214,1821576,NW_019862757.1_1821214_1821576
LOC112047793,NW_019862904.1,-,A5SS_short,0.003579023,0.047,1353660,1353917,NW_019862904.1_1353660_1353917
LOC112046101,NW_019862848.1,+,A5SS_short,4.17E-05,-0.081,664603,664953,NW_019862848.1_664603_664953
LOC112046721,NW_019862753.1,-,A5SS_short,0.040839954,-0.086,387990,388339,NW_019862753.1_387990_388339
LOC112048189,NW_019862920.1,-,A5SS_short,1.97E-05,-0.297,611219,611541,NW_019862920.1_611219_611541
LOC112044658,NW_019862815.1,-,A5SS_short,6.62E-09,-0.231,68093,68404,NW_019862815.1_68093_68404
LOC112044658,NW_019862815.1,-,A5SS_short,1.69E-06,0.133,75042,75347,NW_019862815.1_75042_75347
LOC112055679,NW_019863585.1,-,A5SS_short,8.53E-05,-0.063,32967,33388,NW_019863585.1_32967_33388
LOC112052436,NW_019863148.1,-,A5SS_short,0.001142699,-0.43,64747,65016,NW_019863148.1_64747_65016
LOC112053498,NW_019863247.1,-,A5SS_short,0.049811475,0.018,151522,151895,NW_019863247.1_151522_151895
LOC112053364,NW_019863233.1,-,A5SS_short,0,0.29,156982,157260,NW_019863233.1_156982_157260
LOC112047533,NW_019862896.1,+,A5SS_short,0.029231718,0.176,344575,345385,NW_019862896.1_344575_345385
LOC112045981,NW_019862845.1,+,A5SS_short,0.013638249,-0.017,907104,907753,NW_019862845.1_907104_907753
LOC112045981,NW_019862845.1,+,A5SS_short,0.019173718,-0.096,907104,907753,NW_019862845.1_907104_907753
LOC112051154,NW_019863066.1,+,A5SS_short,0.011076123,0.202,394979,395318,NW_019863066.1_394979_395318
LOC112046614,NW_019862863.1,+,A5SS_short,4.24E-07,-0.153,823861,824261,NW_019862863.1_823861_824261
LOC112054176,NW_019863326.1,-,A5SS_short,8.35E-07,0.049,57868,58198,NW_019863326.1_57868_58198
LOC112048134,NW_019862918.1,+,A5SS_short,0,0.077,629359,629774,NW_019862918.1_629359_629774
LOC112048422,NW_019862929.1,+,A5SS_short,2.14E-07,-0.214,62969,63426,NW_019862929.1_62969_63426
LOC112056263,NW_019863751.1,-,A5SS_short,3.77E-05,-0.145,43023,43390,NW_019863751.1_43023_43390
LOC112045025,NW_019862822.1,-,A5SS_short,1.09E-09,0.106,1037531,1037856,NW_019862822.1_1037531_1037856
LOC112051564,NW_019863089.1,+,A5SS_short,0.003615061,-0.09,337165,337536,NW_019863089.1_337165_337536
LOC112047618,NW_019862898.1,-,A5SS_short,1.46E-05,0.027,575660,576496,NW_019862898.1_575660_576496
LOC112047618,NW_019862898.1,-,A5SS_short,1.39E-06,0.037,575660,576496,NW_019862898.1_575660_576496
LOC112044298,NW_019862806.1,+,A5SS_short,0.021357511,-0.1,670852,671204,NW_019862806.1_670852_671204
LOC112043015,NW_019862784.1,-,A5SS_short,6.30E-09,-0.035,990199,990475,NW_019862784.1_990199_990475
LOC112053485,NW_019863245.1,+,A5SS_short,0.008841248,-0.317,144720,145054,NW_019863245.1_144720_145054
LOC112052204,NW_019863133.1,+,A5SS_short,0.000188479,-0.04,132465,132795,NW_019863133.1_132465_132795
LOC112048791,NW_019862945.1,-,A5SS_short,4.75E-10,-0.147,486145,486410,NW_019862945.1_486145_486410
LOC112048791,NW_019862945.1,-,A5SS_short,0.000337545,0.027,486149,486410,NW_019862945.1_486149_486410
LOC112048791,NW_019862945.1,-,A5SS_short,0.046241631,-0.16,486145,486410,NW_019862945.1_486145_486410
LOC112048791,NW_019862945.1,-,A5SS_short,0.024801631,0.379,486149,486410,NW_019862945.1_486149_486410
LOC112048791,NW_019862945.1,-,A5SS_short,8.35E-07,0.435,486149,486410,NW_019862945.1_486149_486410
LOC112048787,NW_019862945.1,+,A5SS_short,4.91E-08,0.526,435164,435511,NW_019862945.1_435164_435511
LOC112048787,NW_019862945.1,+,A5SS_short,1.09E-09,0.423,435164,435511,NW_019862945.1_435164_435511
LOC112048787,NW_019862945.1,+,A5SS_short,3.30E-06,0.433,435164,435511,NW_019862945.1_435164_435511
LOC112048787,NW_019862945.1,+,A5SS_short,3.30E-06,0.444,435164,435511,NW_019862945.1_435164_435511
LOC112048787,NW_019862945.1,+,A5SS_short,0.047060867,0.357,435164,435516,NW_019862945.1_435164_435516
LOC112048778,NW_019862945.1,-,A5SS_short,0.000330028,0.065,347862,348169,NW_019862945.1_347862_348169
LOC112048480,NW_019862932.1,-,A5SS_short,0.025889755,-0.331,269948,270300,NW_019862932.1_269948_270300
LOC112053753,NW_019863278.1,+,A5SS_short,1.49E-09,-0.173,114326,114733,NW_019863278.1_114326_114733
LOC112053860,NW_019863289.1,+,A5SS_short,0.0007827,-0.053,168333,168764,NW_019863289.1_168333_168764
LOC112058245,NW_019862773.1,-,A5SS_short,0.004804203,-0.292,256960,257205,NW_019862773.1_256960_257205
LOC112052411,NW_019863146.1,-,A5SS_short,0.000764822,0.183,30819,31169,NW_019863146.1_30819_31169
LOC112046902,NW_019862874.1,-,A5SS_short,0.020944495,-0.138,517745,518105,NW_019862874.1_517745_518105
LOC112046886,NW_019862874.1,+,A5SS_short,1.72E-08,0.063,123849,124162,NW_019862874.1_123849_124162
LOC112051765,NW_019863101.1,+,A5SS_short,0.001042771,0.073,227767,228086,NW_019863101.1_227767_228086
LOC112051765,NW_019863101.1,+,A5SS_short,0,-0.055,244093,244452,NW_019863101.1_244093_244452
LOC112051765,NW_019863101.1,+,A5SS_short,2.21E-07,-0.257,244093,244452,NW_019863101.1_244093_244452
LOC112051765,NW_019863101.1,+,A5SS_short,2.36E-06,-0.45,244093,244585,NW_019863101.1_244093_244585
LOC112051765,NW_019863101.1,+,A5SS_short,6.67E-06,0.442,244385,244708,NW_019863101.1_244385_244708
LOC112051765,NW_019863101.1,+,A5SS_short,0,0.625,244385,244708,NW_019863101.1_244385_244708
LOC112053903,NW_019862760.1,-,A5SS_short,0.000200612,0.063,1789618,1789963,NW_019862760.1_1789618_1789963
LOC112051365,NW_019863078.1,+,A5SS_short,0.024475015,-0.011,127894,128425,NW_019863078.1_127894_128425
LOC112049345,NW_019862968.1,-,A5SS_short,0.01070205,-0.051,556799,557308,NW_019862968.1_556799_557308
LOC112051433,NW_019863082.1,+,A5SS_short,0.001127838,-0.157,333933,334337,NW_019863082.1_333933_334337
LOC112050825,NW_019863045.1,+,A5SS_short,0.016435352,0.123,379480,379833,NW_019863045.1_379480_379833
LOC112053597,NW_019863259.1,-,A5SS_short,5.39E-10,0.168,319039,319286,NW_019863259.1_319039_319286
LOC112043798,NW_019862798.1,+,A5SS_short,0.000127748,0.177,55186,55496,NW_019862798.1_55186_55496
LOC112049614,NW_019862748.1,+,A5SS_short,0.004099936,-0.01,2997792,2998126,NW_019862748.1_2997792_2998126
LOC112049614,NW_019862748.1,+,A5SS_short,0.004099804,-0.01,2997792,2998126,NW_019862748.1_2997792_2998126
LOC112050002,NW_019862748.1,+,A5SS_short,1.23E-09,0.512,3378577,3378865,NW_019862748.1_3378577_3378865
LOC112058267,NW_019862748.1,-,A5SS_short,0.031161562,0.058,623270,623535,NW_019862748.1_623270_623535
LOC112051042,NW_019862748.1,-,A5SS_short,7.05E-14,0.371,367982,368529,NW_019862748.1_367982_368529
LOC112051042,NW_019862748.1,-,A5SS_short,1.50E-07,0.321,367982,368529,NW_019862748.1_367982_368529
LOC112058414,NW_019862776.1,-,A5SS_short,0.018265105,0.224,690129,690477,NW_019862776.1_690129_690477
LOC112047044,NW_019862881.1,+,A5SS_short,0.001022778,0.057,305747,306104,NW_019862881.1_305747_306104
LOC112046832,NW_019862872.1,+,A5SS_short,0.001255886,-0.046,403749,404095,NW_019862872.1_403749_404095
LOC112051951,NW_019862758.1,-,A5SS_short,5.48E-13,-0.099,2123181,2123444,NW_019862758.1_2123181_2123444
LOC112051951,NW_019862758.1,-,A5SS_short,6.23E-11,-0.206,2123181,2123444,NW_019862758.1_2123181_2123444
LOC112051951,NW_019862758.1,-,A5SS_short,5.86E-11,-0.206,2123181,2123444,NW_019862758.1_2123181_2123444
LOC112051951,NW_019862758.1,-,A5SS_short,2.98E-11,-0.189,2123181,2123444,NW_019862758.1_2123181_2123444
LOC112051951,NW_019862758.1,-,A5SS_short,3.82E-11,-0.167,2123181,2123444,NW_019862758.1_2123181_2123444
LOC112049721,NW_019862987.1,+,A5SS_short,0.000226308,-0.494,396106,396500,NW_019862987.1_396106_396500
LOC112046043,NW_019862846.1,-,A5SS_short,0.002915189,-0.021,293905,294216,NW_019862846.1_293905_294216
LOC112043341,NW_019862749.1,+,A5SS_short,0.004932991,0.033,2688937,2689323,NW_019862749.1_2688937_2689323
LOC112043332,NW_019862749.1,-,A5SS_short,0.044870314,0.249,2337491,2337825,NW_019862749.1_2337491_2337825
LOC112048265,NW_019862923.1,+,A5SS_short,7.66E-09,-0.533,258151,258471,NW_019862923.1_258151_258471
LOC112050869,NW_019863047.1,-,A5SS_short,0.015568594,0.098,343291,343659,NW_019863047.1_343291_343659
LOC112057797,NW_019862766.1,+,A5SS_short,5.90E-07,-0.032,370268,370637,NW_019862766.1_370268_370637
LOC112044870,NW_019862819.1,-,A5SS_short,0.048481173,-0.213,806862,807341,NW_019862819.1_806862_807341
LOC112058271,NW_019862749.1,-,A5SS_short,0.01070205,0.168,506437,506867,NW_019862749.1_506437_506867
LOC112050044,NW_019863003.1,-,A5SS_short,0,-0.124,178597,178992,NW_019863003.1_178597_178992
LOC112050044,NW_019863003.1,-,A5SS_short,6.43E-09,0.039,178649,178992,NW_019863003.1_178649_178992
LOC112058385,NW_019862775.1,+,A5SS_short,0.021689145,-0.422,169166,169548,NW_019862775.1_169166_169548
LOC112052180,NW_019863132.1,-,A5SS_short,0,0.156,286515,286953,NW_019863132.1_286515_286953
LOC112052180,NW_019863132.1,-,A5SS_short,0,-0.068,288968,289395,NW_019863132.1_288968_289395
LOC112044645,NW_019862814.1,+,A5SS_short,0.000160295,0.24,957236,957486,NW_019862814.1_957236_957486
LOC112045305,NW_019862828.1,+,A5SS_short,0.003407658,0.137,624085,624400,NW_019862828.1_624085_624400
LOC112045305,NW_019862828.1,+,A5SS_short,0.020625993,0.394,624085,624400,NW_019862828.1_624085_624400
LOC112045305,NW_019862828.1,+,A5SS_short,1.31E-05,0.101,717997,718339,NW_019862828.1_717997_718339
LOC112045305,NW_019862828.1,+,A5SS_short,0.034624477,0.032,735146,735416,NW_019862828.1_735146_735416
LOC112045305,NW_019862828.1,+,A5SS_short,0.037397307,0.033,735146,735416,NW_019862828.1_735146_735416
LOC112045305,NW_019862828.1,+,A5SS_short,0.000194371,0.137,735146,735824,NW_019862828.1_735146_735824
LOC112043184,NW_019862787.1,+,A5SS_short,0.000176902,-0.139,210332,210706,NW_019862787.1_210332_210706
LOC112055545,NW_019863549.1,+,A5SS_short,0.040839954,0.225,32984,33300,NW_019863549.1_32984_33300
LOC112045805,NW_019862841.1,+,A5SS_short,7.05E-14,-0.067,514054,514378,NW_019862841.1_514054_514378
LOC112057966,NW_019862770.1,+,A5SS_short,0.018278873,-0.02,89669,90063,NW_019862770.1_89669_90063
LOC112046993,NW_019862879.1,-,A5SS_short,0.00442572,-0.448,660055,660566,NW_019862879.1_660055_660566
LOC112046993,NW_019862879.1,-,A5SS_short,0.000359952,0.459,660090,660566,NW_019862879.1_660090_660566
LOC112048610,NW_019862748.1,-,A5SS_short,0.002089792,-0.021,2694779,2695103,NW_019862748.1_2694779_2695103
LOC112048610,NW_019862748.1,-,A5SS_short,0.010176836,-0.354,2695162,2695464,NW_019862748.1_2695162_2695464
LOC112048610,NW_019862748.1,-,A5SS_short,0.007248532,-0.365,2695162,2695464,NW_019862748.1_2695162_2695464
LOC112048610,NW_019862748.1,-,A5SS_short,0.037587475,-0.213,2695676,2696088,NW_019862748.1_2695676_2696088
LOC112050833,NW_019863045.1,-,A5SS_short,0.003859115,0.074,156191,156478,NW_019863045.1_156191_156478
LOC112050343,NW_019863018.1,+,A5SS_short,0.008148518,-0.126,286874,287291,NW_019863018.1_286874_287291
LOC112055727,NW_019862762.1,+,A5SS_short,0.003825443,-0.026,1911106,1911431,NW_019862762.1_1911106_1911431
LOC112055189,NW_019862762.1,-,A5SS_short,0.000484207,0.092,99920,100304,NW_019862762.1_99920_100304
LOC112046893,NW_019862874.1,-,A5SS_short,0.000444867,-0.075,182530,182866,NW_019862874.1_182530_182866
LOC112045055,NW_019862823.1,-,A5SS_short,5.41E-06,-0.012,395140,395636,NW_019862823.1_395140_395636
LOC112045055,NW_019862823.1,-,A5SS_short,0.00072496,-0.015,395238,395636,NW_019862823.1_395238_395636
LOC112045055,NW_019862823.1,-,A5SS_short,3.18E-10,0.072,420968,421446,NW_019862823.1_420968_421446
LOC112045759,NW_019862752.1,-,A5SS_short,7.49E-08,-0.107,1186836,1187171,NW_019862752.1_1186836_1187171
LOC112052526,NW_019863155.1,-,A5SS_short,7.21E-05,-0.068,212094,212558,NW_019863155.1_212094_212558
LOC112053036,NW_019863198.1,+,A5SS_short,0.01691803,-0.273,228034,228391,NW_019863198.1_228034_228391
LOC112058531,NW_019862778.1,-,A5SS_short,0.020618133,-0.065,511576,511976,NW_019862778.1_511576_511976
LOC112053871,NW_019863290.1,-,A5SS_short,0.011341635,0.441,187854,188095,NW_019863290.1_187854_188095
LOC112053871,NW_019863290.1,-,A5SS_short,0.004246148,0.47,187854,188095,NW_019863290.1_187854_188095
LOC112053871,NW_019863290.1,-,A5SS_short,0.005631332,0.46,187854,188095,NW_019863290.1_187854_188095
LOC112053871,NW_019863290.1,-,A5SS_short,0.006945532,0.448,187854,188095,NW_019863290.1_187854_188095
LOC112044859,NW_019862751.1,-,A5SS_short,0.013209128,0.265,1556687,1556994,NW_019862751.1_1556687_1556994
LOC112052787,NW_019863176.1,-,A5SS_short,0.046309233,0.04,155486,155916,NW_019863176.1_155486_155916
LOC112056840,NW_019864020.1,+,A5SS_short,7.65E-09,0.028,20770,21040,NW_019864020.1_20770_21040
LOC112056840,NW_019864020.1,+,A5SS_short,0,0.142,20770,21040,NW_019864020.1_20770_21040
LOC112056840,NW_019864020.1,+,A5SS_short,0.009061058,0.112,20770,21073,NW_019864020.1_20770_21073
LOC112045796,NW_019862841.1,-,A5SS_short,0.000147114,0.342,314111,314361,NW_019862841.1_314111_314361
LOC112045119,NW_019862751.1,+,A5SS_short,0.009435923,0.106,2727090,2727448,NW_019862751.1_2727090_2727448
LOC112045119,NW_019862751.1,+,A5SS_short,0.01070205,0.242,2727090,2727552,NW_019862751.1_2727090_2727552
LOC112043722,NW_019862795.1,-,A5SS_short,0.007966633,0.02,1136531,1136842,NW_019862795.1_1136531_1136842
LOC112050057,NW_019863003.1,+,A5SS_short,0.006692863,0.022,476155,476586,NW_019863003.1_476155_476586
LOC112052088,NW_019863124.1,-,A5SS_short,0.007929347,0.113,199393,199803,NW_019863124.1_199393_199803
LOC112053443,NW_019862760.1,+,A5SS_short,4.14E-06,0.154,35967,36245,NW_019862760.1_35967_36245
LOC112053443,NW_019862760.1,+,A5SS_short,6.16E-07,0.149,35967,36245,NW_019862760.1_35967_36245
LOC112053443,NW_019862760.1,+,A5SS_short,1.67E-05,0.174,52244,52525,NW_019862760.1_52244_52525
LOC112055393,NW_019862762.1,+,A5SS_short,9.43E-13,-0.163,260517,260854,NW_019862762.1_260517_260854
LOC112044502,NW_019862810.1,-,A5SS_short,0.026641026,0.17,1136768,1136985,NW_019862810.1_1136768_1136985
LOC112045145,NW_019862825.1,+,A5SS_short,8.57E-09,-0.6,826932,827316,NW_019862825.1_826932_827316
LOC112050746,NW_019863040.1,-,A5SS_short,0.02528299,-0.251,34665,34874,NW_019863040.1_34665_34874
LOC112044126,NW_019862804.1,+,A5SS_short,0.000157094,0.064,710569,711049,NW_019862804.1_710569_711049
LOC112049588,NW_019862980.1,-,A5SS_short,0.007602994,0.238,90917,91279,NW_019862980.1_90917_91279
LOC112052382,NW_019863144.1,-,A5SS_short,1.02E-08,0.276,246611,247048,NW_019863144.1_246611_247048
LOC112052382,NW_019863144.1,-,A5SS_short,5.08E-07,0.031,246707,247048,NW_019863144.1_246707_247048
LOC112048968,NW_019862953.1,-,A5SS_short,6.14E-05,-0.164,361039,361395,NW_019862953.1_361039_361395
LOC112051763,NW_019863101.1,-,A5SS_short,2.67E-06,-0.069,219871,220111,NW_019863101.1_219871_220111
LOC112051763,NW_019863101.1,-,A5SS_short,0.000151779,-0.046,219871,220111,NW_019863101.1_219871_220111
LOC112046370,NW_019862856.1,-,A5SS_short,4.62E-07,-0.036,737831,738082,NW_019862856.1_737831_738082
LOC112049101,NW_019862958.1,-,A5SS_short,0.003080393,0.232,141137,141446,NW_019862958.1_141137_141446
LOC112053999,NW_019862760.1,+,A5SS_short,0.00058299,0.172,2207394,2207784,NW_019862760.1_2207394_2207784
LOC112053999,NW_019862760.1,+,A5SS_short,2.45E-05,0.223,2207394,2207784,NW_019862760.1_2207394_2207784
LOC112053999,NW_019862760.1,+,A5SS_short,0.001487773,0.247,2207394,2207793,NW_019862760.1_2207394_2207793
LOC112052803,NW_019863177.1,-,A5SS_short,0.007194323,0.011,105142,105446,NW_019863177.1_105142_105446
LOC112050499,NW_019863026.1,+,A5SS_short,3.01E-05,0.09,300164,300460,NW_019863026.1_300164_300460
LOC112051208,NW_019863068.1,+,A5SS_short,0.000642533,0.021,222745,223101,NW_019863068.1_222745_223101
LOC112046887,NW_019862874.1,-,A5SS_short,0.0419028,-0.142,21105,21366,NW_019862874.1_21105_21366
LOC112046887,NW_019862874.1,-,A5SS_short,0,0.157,22778,22985,NW_019862874.1_22778_22985
LOC112049885,NW_019862996.1,-,A5SS_short,0.001657202,-0.411,174548,174931,NW_019862996.1_174548_174931
LOC112049885,NW_019862996.1,-,A5SS_short,0.001208951,0.277,174623,174931,NW_019862996.1_174623_174931
LOC112044316,NW_019862806.1,+,A5SS_short,0.017638444,-0.075,1118842,1119111,NW_019862806.1_1118842_1119111
LOC112044316,NW_019862806.1,+,A5SS_short,0.021106628,-0.066,1118842,1119111,NW_019862806.1_1118842_1119111
LOC112044105,NW_019862803.1,-,A5SS_short,3.04E-06,0.098,289592,289962,NW_019862803.1_289592_289962
LOC112044076,NW_019862803.1,-,A5SS_short,0.003353254,-0.214,44969,45367,NW_019862803.1_44969_45367
LOC112044076,NW_019862803.1,-,A5SS_short,0.014741944,-0.198,44969,45367,NW_019862803.1_44969_45367
LOC112044076,NW_019862803.1,-,A5SS_short,0.003353254,-0.214,44969,45367,NW_019862803.1_44969_45367
LOC112056407,NW_019863803.1,+,A5SS_short,8.38E-07,-0.091,30234,30463,NW_019863803.1_30234_30463
LOC112058269,NW_019862773.1,+,A5SS_short,9.32E-05,0.049,523012,523386,NW_019862773.1_523012_523386
LOC112046522,NW_019862860.1,+,A5SS_short,2.09E-08,0.375,108222,108534,NW_019862860.1_108222_108534
LOC112051245,NW_019863070.1,-,A5SS_short,8.43E-05,-0.043,13581,13972,NW_019863070.1_13581_13972
LOC112058550,NW_019862778.1,-,A5SS_short,0.000145394,0.013,1103134,1103464,NW_019862778.1_1103134_1103464
LOC112058550,NW_019862778.1,-,A5SS_short,6.65E-13,0.133,1103134,1103464,NW_019862778.1_1103134_1103464
LOC112058550,NW_019862778.1,-,A5SS_short,7.21E-05,0.014,1103134,1103464,NW_019862778.1_1103134_1103464
LOC112058550,NW_019862778.1,-,A5SS_short,0.000127748,0.013,1103134,1103464,NW_019862778.1_1103134_1103464
LOC112058550,NW_019862778.1,-,A5SS_short,0.000127748,0.013,1103134,1103464,NW_019862778.1_1103134_1103464
LOC112052001,NW_019863118.1,-,A5SS_short,0.000200375,-0.105,162344,162583,NW_019863118.1_162344_162583
LOC112052001,NW_019863118.1,-,A5SS_short,4.45E-05,-0.122,162344,162583,NW_019863118.1_162344_162583
LOC112051523,NW_019863087.1,+,A5SS_short,0,-0.137,179021,179357,NW_019863087.1_179021_179357
LOC112051523,NW_019863087.1,+,A5SS_short,0,-0.137,179021,179357,NW_019863087.1_179021_179357
LOC112051523,NW_019863087.1,+,A5SS_short,0,-0.137,179021,179357,NW_019863087.1_179021_179357
LOC112051523,NW_019863087.1,+,A5SS_short,0.000232444,0.042,187366,187651,NW_019863087.1_187366_187651
LOC112051523,NW_019863087.1,+,A5SS_short,0.004636532,0.177,187366,187651,NW_019863087.1_187366_187651
LOC112052337,NW_019863141.1,-,A5SS_short,0.002532241,0.354,179971,180243,NW_019863141.1_179971_180243
LOC112052337,NW_019863141.1,-,A5SS_short,0.005989099,0.35,179971,180243,NW_019863141.1_179971_180243
LOC112046986,NW_019862879.1,-,A5SS_short,4.23E-11,-0.038,318165,318453,NW_019862879.1_318165_318453
LOC112054138,NW_019863323.1,+,A5SS_short,4.10E-08,0.405,146846,147190,NW_019863323.1_146846_147190
LOC112056845,NW_019864022.1,-,A5SS_short,0.008194201,0.423,34589,34964,NW_019864022.1_34589_34964
LOC112051946,NW_019863113.1,+,A5SS_short,0.040627892,-0.144,277844,278206,NW_019863113.1_277844_278206
LOC112050513,NW_019863027.1,-,A5SS_short,6.04E-05,0.085,134645,135173,NW_019863027.1_134645_135173
LOC112056515,NW_019863856.1,-,A5SS_short,0.004181377,-0.082,33983,34326,NW_019863856.1_33983_34326
LOC112051195,NW_019863068.1,+,A5SS_short,0.019458425,-0.043,238895,239182,NW_019863068.1_238895_239182
LOC112047520,NW_019862895.1,+,A5SS_short,1.06E-05,-0.221,80830,81292,NW_019862895.1_80830_81292
LOC112053596,NW_019863259.1,+,A5SS_short,0.009654102,-0.072,293546,293823,NW_019863259.1_293546_293823
LOC112053596,NW_019863259.1,+,A5SS_short,2.21E-07,0.584,293546,293823,NW_019863259.1_293546_293823
LOC112048330,NW_019862925.1,-,A5SS_short,0.000208535,0.137,632101,632618,NW_019862925.1_632101_632618
LOC112048330,NW_019862925.1,-,A5SS_short,9.19E-05,-0.184,632187,632618,NW_019862925.1_632187_632618
LOC112048330,NW_019862925.1,-,A5SS_short,3.31E-11,-0.227,632187,632618,NW_019862925.1_632187_632618
LOC112044077,NW_019862803.1,+,A5SS_short,0.001742628,-0.131,138963,139386,NW_019862803.1_138963_139386
LOC112049395,NW_019862971.1,+,A5SS_short,1.05E-08,-0.147,618138,618501,NW_019862971.1_618138_618501
LOC112057895,NW_019862768.1,-,A5SS_short,0.000524047,0.046,1513670,1514190,NW_019862768.1_1513670_1514190
LOC112056645,NW_019862763.1,+,A5SS_short,0.006945532,-0.161,1060358,1060667,NW_019862763.1_1060358_1060667
LOC112055526,NW_019863545.1,-,A5SS_short,0.000569614,-0.071,76318,76547,NW_019863545.1_76318_76547
LOC112053782,NW_019863281.1,-,A5SS_short,0.000475856,0.105,177204,177562,NW_019863281.1_177204_177562
LOC112058078,NW_019862771.1,+,A5SS_short,0.017609411,0.599,745424,745842,NW_019862771.1_745424_745842
LOC112043045,NW_019862784.1,+,A5SS_short,0.015520464,0.12,1528914,1529343,NW_019862784.1_1528914_1529343
LOC112043045,NW_019862784.1,+,A5SS_short,1.90E-10,0.163,1528914,1529393,NW_019862784.1_1528914_1529393
LOC112043045,NW_019862784.1,+,A5SS_short,0.02732666,0.106,1528914,1529404,NW_019862784.1_1528914_1529404
LOC112049949,NW_019862998.1,-,A5SS_short,0.000250687,0.34,127194,127847,NW_019862998.1_127194_127847
LOC112049949,NW_019862998.1,-,A5SS_short,0.0099321,-0.333,127223,127847,NW_019862998.1_127223_127847
LOC112049356,NW_019862968.1,-,A5SS_short,0.002620961,-0.113,191214,191555,NW_019862968.1_191214_191555
LOC112049619,NW_019862981.1,-,A5SS_short,0.001779449,-0.405,74380,74734,NW_019862981.1_74380_74734
LOC112046894,NW_019862874.1,+,A5SS_short,4.16E-11,0.057,271770,272133,NW_019862874.1_271770_272133
LOC112045508,NW_019862834.1,+,A5SS_short,0.026605436,0.552,756790,757107,NW_019862834.1_756790_757107
LOC112055448,NW_019863525.1,+,A5SS_short,0.000681776,0.03,116109,116678,NW_019863525.1_116109_116678
LOC112045818,NW_019862841.1,-,A5SS_short,0.000130957,-0.48,852958,853281,NW_019862841.1_852958_853281
LOC112044649,NW_019862814.1,+,A5SS_short,5.32E-05,-0.034,907792,908098,NW_019862814.1_907792_908098
LOC112055953,NW_019863664.1,+,A5SS_short,7.84E-09,0.266,11374,11793,NW_019863664.1_11374_11793
LOC112046483,NW_019862858.1,-,A5SS_short,2.24E-07,0.056,133228,133769,NW_019862858.1_133228_133769
LOC112043669,NW_019862794.1,-,A5SS_short,6.26E-05,0.064,1095334,1095675,NW_019862794.1_1095334_1095675
LOC112057881,NW_019862768.1,-,A5SS_short,4.30E-08,0.075,955683,956203,NW_019862768.1_955683_956203
LOC112057881,NW_019862768.1,-,A5SS_short,0.028365942,0.03,955788,956203,NW_019862768.1_955788_956203
LOC112057881,NW_019862768.1,-,A5SS_short,1.17E-09,-0.01,955897,956203,NW_019862768.1_955897_956203
LOC112057881,NW_019862768.1,-,A5SS_short,0.032755047,-0.024,955899,956203,NW_019862768.1_955899_956203
LOC112057881,NW_019862768.1,-,A5SS_short,0.019349157,-0.071,955906,956203,NW_019862768.1_955906_956203
LOC112046332,NW_019862855.1,-,A5SS_short,7.57E-08,0.619,629967,630240,NW_019862855.1_629967_630240
LOC112044751,NW_019862817.1,-,A5SS_short,0.015017512,-0.058,874702,875149,NW_019862817.1_874702_875149
LOC112051694,NW_019863098.1,-,A5SS_short,0.000209099,0.057,352143,352442,NW_019863098.1_352143_352442
LOC112055277,NW_019863491.1,+,A5SS_short,0.0007648,0.168,30384,30671,NW_019863491.1_30384_30671
LOC112055277,NW_019863491.1,+,A5SS_short,0.000569614,0.08,31906,32298,NW_019863491.1_31906_32298
LOC112053451,NW_019863242.1,-,A5SS_short,0.003104623,-0.079,164531,164838,NW_019863242.1_164531_164838
LOC112052141,NW_019863130.1,-,A5SS_short,0.045539804,-0.038,86750,87035,NW_019863130.1_86750_87035
LOC112053016,NW_019862759.1,-,A5SS_short,5.48E-07,0.116,1315938,1316306,NW_019862759.1_1315938_1316306
LOC112048398,NW_019862929.1,+,A5SS_short,0.000377635,0.083,269770,270197,NW_019862929.1_269770_270197
LOC112048398,NW_019862929.1,+,A5SS_short,0.02858366,0.007,269770,270197,NW_019862929.1_269770_270197
LOC112048398,NW_019862929.1,+,A5SS_short,0.036939042,0.006,269909,270197,NW_019862929.1_269909_270197
LOC112048544,NW_019862934.1,+,A5SS_short,0.020335422,-0.293,287939,288333,NW_019862934.1_287939_288333
LOC112047508,NW_019862895.1,+,A5SS_short,0.011341635,-0.174,55719,55946,NW_019862895.1_55719_55946
LOC112049503,NW_019862976.1,-,A5SS_short,9.05E-13,0.041,436102,436328,NW_019862976.1_436102_436328
LOC112049503,NW_019862976.1,-,A5SS_short,1.64E-06,0.025,436102,436328,NW_019862976.1_436102_436328
LOC112049503,NW_019862976.1,-,A5SS_short,0,-0.019,437867,438152,NW_019862976.1_437867_438152
LOC112049503,NW_019862976.1,-,A5SS_short,5.55E-10,0.067,437867,438152,NW_019862976.1_437867_438152
LOC112049503,NW_019862976.1,-,A5SS_short,1.19E-07,0.015,437867,438143,NW_019862976.1_437867_438143
LOC112049503,NW_019862976.1,-,A5SS_short,7.66E-06,0.025,441676,441940,NW_019862976.1_441676_441940
LOC112049503,NW_019862976.1,-,A5SS_short,6.88E-06,0.026,441676,441940,NW_019862976.1_441676_441940
LOC112049503,NW_019862976.1,-,A5SS_short,0.003623914,0.156,441669,441940,NW_019862976.1_441669_441940
LOC112049503,NW_019862976.1,-,A5SS_short,6.21E-06,0.025,441676,441940,NW_019862976.1_441676_441940
LOC112049503,NW_019862976.1,-,A5SS_short,2.62E-06,0.014,441676,441940,NW_019862976.1_441676_441940
LOC112049503,NW_019862976.1,-,A5SS_short,1.88E-05,0.011,441676,441940,NW_019862976.1_441676_441940
LOC112049503,NW_019862976.1,-,A5SS_short,8.26E-06,-0.23,464795,465264,NW_019862976.1_464795_465264
LOC112049503,NW_019862976.1,-,A5SS_short,6.70E-08,-0.098,464886,465264,NW_019862976.1_464886_465264
LOC112049503,NW_019862976.1,-,A5SS_short,0.005516662,0.194,464905,465264,NW_019862976.1_464905_465264
LOC112049503,NW_019862976.1,-,A5SS_short,0.000462652,0.059,464905,465264,NW_019862976.1_464905_465264
LOC112049503,NW_019862976.1,-,A5SS_short,4.63E-05,0.028,464986,465264,NW_019862976.1_464986_465264
LOC112048417,NW_019862929.1,-,A5SS_short,0.00267105,0.069,267623,267893,NW_019862929.1_267623_267893
LOC112045942,NW_019862844.1,+,A5SS_short,0.000681776,0.134,52032,52425,NW_019862844.1_52032_52425
LOC112051905,NW_019863111.1,-,A5SS_short,7.39E-06,0.017,143066,143377,NW_019863111.1_143066_143377
LOC112052522,NW_019863155.1,+,A5SS_short,0.005972834,0.062,176298,176613,NW_019863155.1_176298_176613
LOC112046842,NW_019862873.1,+,A5SS_short,0.000271098,-0.254,567091,567387,NW_019862873.1_567091_567387
LOC112049762,NW_019862988.1,+,A5SS_short,4.78E-06,0.028,190547,191064,NW_019862988.1_190547_191064
LOC112046298,NW_019862752.1,-,A5SS_short,4.56E-05,0.523,2667110,2667360,NW_019862752.1_2667110_2667360
LOC112046298,NW_019862752.1,-,A5SS_short,0.040839954,0.264,2667274,2667483,NW_019862752.1_2667274_2667483
LOC112046440,NW_019862857.1,-,A5SS_short,3.18E-10,-0.013,64682,65071,NW_019862857.1_64682_65071
LOC112047844,NW_019862905.1,-,A5SS_short,0,0.017,640579,640994,NW_019862905.1_640579_640994
LOC112051468,NW_019863084.1,+,A5SS_short,0.008083711,-0.324,86793,87170,NW_019863084.1_86793_87170
LOC112044884,NW_019862751.1,+,A5SS_short,1.22E-08,0.217,1680360,1680710,NW_019862751.1_1680360_1680710
LOC112047440,NW_019862893.1,+,A5SS_short,0.000287075,0.063,386402,386670,NW_019862893.1_386402_386670
LOC112047440,NW_019862893.1,+,A5SS_short,0.000296411,0.063,386402,386670,NW_019862893.1_386402_386670
LOC112047440,NW_019862893.1,+,A5SS_short,0.000287075,0.063,386402,386670,NW_019862893.1_386402_386670
LOC112047440,NW_019862893.1,+,A5SS_short,0.000305611,0.063,386402,386670,NW_019862893.1_386402_386670
LOC112052399,NW_019863145.1,+,A5SS_short,0.014316864,-0.094,110963,111516,NW_019863145.1_110963_111516
LOC112053562,NW_019863253.1,+,A5SS_short,6.39E-07,-0.57,175457,175771,NW_019863253.1_175457_175771
LOC112046992,NW_019862879.1,-,A5SS_short,1.17E-06,-0.054,667727,667945,NW_019862879.1_667727_667945
LOC112046992,NW_019862879.1,-,A5SS_short,0.0007827,-0.192,667745,668258,NW_019862879.1_667745_668258
LOC112053881,NW_019862760.1,+,A5SS_short,0.000200431,0.084,958627,959021,NW_019862760.1_958627_959021
LOC112048334,NW_019862754.1,+,A5SS_short,0,0.051,2423179,2423443,NW_019862754.1_2423179_2423443
LOC112048512,NW_019862933.1,-,A5SS_short,0,0.047,748272,748578,NW_019862933.1_748272_748578
LOC112052594,NW_019863161.1,-,A5SS_short,5.89E-07,0.069,305805,306223,NW_019863161.1_305805_306223
LOC112052594,NW_019863161.1,-,A5SS_short,0.001790955,0.046,305805,306223,NW_019863161.1_305805_306223
LOC112044778,NW_019862817.1,-,A5SS_short,1.31E-12,0.027,818377,818743,NW_019862817.1_818377_818743
LOC112044052,NW_019862802.1,+,A5SS_short,0.000858927,-0.126,974023,974417,NW_019862802.1_974023_974417
LOC112043296,NW_019862788.1,+,A5SS_short,0.018117071,-0.025,353380,353730,NW_019862788.1_353380_353730
LOC112045821,NW_019862841.1,-,A5SS_short,3.56E-07,0.242,88919,89235,NW_019862841.1_88919_89235
LOC112050107,NW_019863005.1,-,A5SS_short,2.39E-06,-0.305,21346,21679,NW_019863005.1_21346_21679
LOC112046504,NW_019862859.1,-,A5SS_short,5.42E-08,0.011,674537,674847,NW_019862859.1_674537_674847
LOC112047512,NW_019862895.1,+,A5SS_short,1.68E-08,0.047,179994,180262,NW_019862895.1_179994_180262
LOC112047512,NW_019862895.1,+,A5SS_short,7.99E-07,0.043,179994,180262,NW_019862895.1_179994_180262
LOC112047512,NW_019862895.1,+,A5SS_short,3.02E-09,0.052,179994,180262,NW_019862895.1_179994_180262
LOC112047512,NW_019862895.1,+,A5SS_short,4.91E-08,0.053,179994,180262,NW_019862895.1_179994_180262
LOC112047512,NW_019862895.1,+,A5SS_short,2.48E-10,0.348,179994,180281,NW_019862895.1_179994_180281
LOC112047512,NW_019862895.1,+,A5SS_short,9.81E-10,0.123,179994,180281,NW_019862895.1_179994_180281
LOC112047512,NW_019862895.1,+,A5SS_short,0.015248537,-0.01,179994,180295,NW_019862895.1_179994_180295
LOC112043342,NW_019862788.1,-,A5SS_short,0.001097579,0.034,1324043,1324427,NW_019862788.1_1324043_1324427
LOC112046979,NW_019862879.1,+,A5SS_short,5.00E-08,0.087,108932,109360,NW_019862879.1_108932_109360
LOC112047845,NW_019862906.1,+,A5SS_short,0.016054069,-0.335,31325,31639,NW_019862906.1_31325_31639
LOC112047162,NW_019862883.1,-,A5SS_short,0.002915189,-0.019,405159,405508,NW_019862883.1_405159_405508
LOC112046314,NW_019862854.1,-,A5SS_short,9.74E-08,0.011,537074,537443,NW_019862854.1_537074_537443
LOC112043215,NW_019862787.1,-,A5SS_short,6.58E-05,-0.01,563632,563990,NW_019862787.1_563632_563990
LOC112043215,NW_019862787.1,-,A5SS_short,3.75E-05,-0.013,563632,563990,NW_019862787.1_563632_563990
LOC112043215,NW_019862787.1,-,A5SS_short,3.75E-05,-0.013,563632,563990,NW_019862787.1_563632_563990
LOC112053291,NW_019863225.1,-,A5SS_short,4.87E-06,-0.044,122636,122964,NW_019863225.1_122636_122964
LOC112053070,NW_019863202.1,+,A5SS_short,0.000710656,-0.19,159148,159407,NW_019863202.1_159148_159407
LOC112053070,NW_019863202.1,+,A5SS_short,3.55E-07,0.096,159148,159407,NW_019863202.1_159148_159407
LOC112053070,NW_019863202.1,+,A5SS_short,7.05E-14,0.188,159148,159589,NW_019863202.1_159148_159589
LOC112057756,NW_019862766.1,-,A5SS_short,0.016384319,-0.469,160915,161190,NW_019862766.1_160915_161190
LOC112057756,NW_019862766.1,-,A5SS_short,0.006255769,-0.486,160915,161190,NW_019862766.1_160915_161190
LOC112057756,NW_019862766.1,-,A5SS_short,0,-0.027,160915,161190,NW_019862766.1_160915_161190
LOC112057756,NW_019862766.1,-,A5SS_short,0.01070205,-0.479,160915,161190,NW_019862766.1_160915_161190
LOC112057756,NW_019862766.1,-,A5SS_short,0.01070205,-0.479,160915,161190,NW_019862766.1_160915_161190
LOC112057756,NW_019862766.1,-,A5SS_short,0.011001808,-0.487,160915,161190,NW_019862766.1_160915_161190
LOC112051191,NW_019863068.1,+,A5SS_short,0.004596857,0.026,148133,148409,NW_019863068.1_148133_148409
LOC112058206,NW_019862772.1,+,A5SS_short,0.00078531,-0.086,1687943,1688306,NW_019862772.1_1687943_1688306
LOC112048087,NW_019862916.1,-,A5SS_short,0.005769291,-0.293,150201,150454,NW_019862916.1_150201_150454
LOC112052778,NW_019863175.1,-,A5SS_short,4.91E-08,-0.242,91243,91587,NW_019863175.1_91243_91587
LOC112052778,NW_019863175.1,-,A5SS_short,0.005434192,0.261,91202,91595,NW_019863175.1_91202_91595
LOC112052778,NW_019863175.1,-,A5SS_short,0.021007885,0.162,91207,91595,NW_019863175.1_91207_91595
LOC112052778,NW_019863175.1,-,A5SS_short,6.07E-08,-0.262,91243,91587,NW_019863175.1_91243_91587
LOC112052778,NW_019863175.1,-,A5SS_short,0.001763198,0.294,91202,91595,NW_019863175.1_91202_91595
LOC112052778,NW_019863175.1,-,A5SS_short,0.011502252,0.177,91207,91595,NW_019863175.1_91207_91595
LOC112052778,NW_019863175.1,-,A5SS_short,1.14E-07,-0.239,91243,91587,NW_019863175.1_91243_91587
LOC112052778,NW_019863175.1,-,A5SS_short,0.002324919,0.301,91202,91595,NW_019863175.1_91202_91595
LOC112052778,NW_019863175.1,-,A5SS_short,0.00322954,0.194,91207,91595,NW_019863175.1_91207_91595
LOC112052778,NW_019863175.1,-,A5SS_short,2.38E-05,-0.085,91243,91595,NW_019863175.1_91243_91595
LOC112052778,NW_019863175.1,-,A5SS_short,1.72E-09,-0.361,91243,91595,NW_019863175.1_91243_91595
LOC112052778,NW_019863175.1,-,A5SS_short,8.95E-10,-0.215,91243,91595,NW_019863175.1_91243_91595
LOC112047462,NW_019862894.1,+,A5SS_short,5.08E-07,-0.322,519594,519951,NW_019862894.1_519594_519951
LOC112047476,NW_019862894.1,-,A5SS_short,0.042936061,-0.032,1109512,1109745,NW_019862894.1_1109512_1109745
LOC112051386,NW_019863079.1,+,A5SS_short,2.26E-06,-0.029,69567,69812,NW_019863079.1_69567_69812
LOC112051386,NW_019863079.1,+,A5SS_short,1.22E-05,0.352,74968,75292,NW_019863079.1_74968_75292
LOC112045728,NW_019862839.1,-,A5SS_short,4.09E-06,0.052,814057,814305,NW_019862839.1_814057_814305
LOC112056473,NW_019863835.1,+,A5SS_short,0.000585194,0.04,16411,16761,NW_019863835.1_16411_16761
LOC112047909,NW_019862908.1,+,A5SS_short,0.005304559,-0.065,148925,149472,NW_019862908.1_148925_149472
LOC112043682,NW_019862794.1,+,A5SS_short,0.011971361,0.018,1405006,1405218,NW_019862794.1_1405006_1405218
LOC112047876,NW_019862907.1,-,A5SS_short,6.85E-05,-0.082,9106,9413,NW_019862907.1_9106_9413
LOC112055184,NW_019863472.1,-,A5SS_short,0.000149955,0.04,129749,130096,NW_019863472.1_129749_130096
LOC112050705,NW_019863039.1,+,A5SS_short,0.026155921,-0.102,252818,253084,NW_019863039.1_252818_253084
LOC112057048,NW_019862764.1,-,A5SS_short,0.000460112,-0.022,1484037,1484388,NW_019862764.1_1484037_1484388
LOC112047068,NW_019862881.1,+,A5SS_short,0.036337193,-0.053,109927,110231,NW_019862881.1_109927_110231
LOC112047068,NW_019862881.1,+,A5SS_short,0.031509045,-0.057,109927,110231,NW_019862881.1_109927_110231
LOC112052598,NW_019863161.1,-,A5SS_short,7.05E-14,0.029,211217,211434,NW_019863161.1_211217_211434
LOC112058415,NW_019862776.1,+,A5SS_short,5.55E-05,-0.162,661747,662056,NW_019862776.1_661747_662056
LOC112045273,NW_019862828.1,+,A5SS_short,0.047060867,0.103,136276,136587,NW_019862828.1_136276_136587
LOC112049660,NW_019862756.1,+,A5SS_short,0.000586517,0.113,183818,184184,NW_019862756.1_183818_184184
LOC112045290,NW_019862828.1,+,A5SS_short,0.018938722,0.062,279783,280045,NW_019862828.1_279783_280045
LOC112053945,NW_019863297.1,+,A5SS_short,9.77E-07,0.039,168948,169271,NW_019863297.1_168948_169271
LOC112054869,NW_019863427.1,-,A5SS_short,0.000348674,0.288,60141,60461,NW_019863427.1_60141_60461
LOC112048699,NW_019862941.1,-,A5SS_short,4.39E-06,-0.087,203452,203818,NW_019862941.1_203452_203818
LOC112044442,NW_019862809.1,+,A5SS_short,0.004798433,-0.031,819790,820082,NW_019862809.1_819790_820082
LOC112044442,NW_019862809.1,+,A5SS_short,0.020811912,-0.026,819790,820082,NW_019862809.1_819790_820082
LOC112044442,NW_019862809.1,+,A5SS_short,0.009500674,-0.028,819790,820082,NW_019862809.1_819790_820082
LOC112044442,NW_019862809.1,+,A5SS_short,0.027391979,-0.02,819790,820082,NW_019862809.1_819790_820082
LOC112044442,NW_019862809.1,+,A5SS_short,0.006799467,-0.455,819790,820082,NW_019862809.1_819790_820082
LOC112055428,NW_019863522.1,-,A5SS_short,3.43E-08,-0.231,108027,108437,NW_019863522.1_108027_108437
LOC112054202,NW_019863329.1,+,A5SS_short,0.027353837,0.099,126897,127588,NW_019863329.1_126897_127588
LOC112053895,NW_019863292.1,-,A5SS_short,1.93E-08,0.644,32259,32581,NW_019863292.1_32259_32581
LOC112053895,NW_019863292.1,-,A5SS_short,0.023178049,0.395,32402,32724,NW_019863292.1_32402_32724
LOC112053895,NW_019863292.1,-,A5SS_short,6.40E-10,-0.153,32545,32844,NW_019863292.1_32545_32844
LOC112047632,NW_019862899.1,+,A5SS_short,1.64E-07,0.31,580116,580489,NW_019862899.1_580116_580489
LOC112047010,NW_019862880.1,-,A5SS_short,1.26E-06,0.115,718004,718325,NW_019862880.1_718004_718325
LOC112054344,NW_019863348.1,-,A5SS_short,7.05E-14,-0.303,17349,17676,NW_019863348.1_17349_17676
LOC112051672,NW_019863096.1,+,A5SS_short,0.009014546,-0.02,203799,204204,NW_019863096.1_203799_204204
LOC112051193,NW_019862757.1,-,A5SS_short,0.001857155,0.414,1821214,1821576,NW_019862757.1_1821214_1821576
LOC112050303,NW_019863017.1,-,A5SS_short,1.58E-07,-0.155,562168,562599,NW_019863017.1_562168_562599
LOC112050303,NW_019863017.1,-,A5SS_short,0.001160955,0.305,562213,562599,NW_019863017.1_562213_562599
LOC112053155,NW_019863213.1,+,A5SS_short,0.000425464,-0.344,131192,131551,NW_019863213.1_131192_131551
LOC112047257,NW_019862886.1,-,A5SS_short,0.014321484,-0.047,149958,150169,NW_019862886.1_149958_150169
LOC112047257,NW_019862886.1,-,A5SS_short,0.000226119,0.432,150194,150426,NW_019862886.1_150194_150426
LOC112047257,NW_019862886.1,-,A5SS_short,1.33E-06,0.465,150194,150426,NW_019862886.1_150194_150426
LOC112047355,NW_019862890.1,-,A5SS_short,1.50E-05,0.113,330527,330870,NW_019862890.1_330527_330870
LOC112047355,NW_019862890.1,-,A5SS_short,1.46E-05,0.113,330527,330870,NW_019862890.1_330527_330870
LOC112047355,NW_019862890.1,-,A5SS_short,1.50E-05,0.113,330527,330870,NW_019862890.1_330527_330870
LOC112053872,NW_019863290.1,+,A5SS_short,0.030703907,0.115,110690,111009,NW_019863290.1_110690_111009
LOC112044926,NW_019862820.1,-,A5SS_short,0.031906325,0.115,60454,60756,NW_019862820.1_60454_60756
LOC112056026,NW_019863687.1,+,A5SS_short,1.83E-05,-0.24,52913,53218,NW_019863687.1_52913_53218
LOC112047046,NW_019862753.1,-,A5SS_short,0.004785637,0.012,1328579,1328887,NW_019862753.1_1328579_1328887
LOC112046086,NW_019862847.1,+,A5SS_short,0.002566457,0.3,696103,696413,NW_019862847.1_696103_696413
LOC112046086,NW_019862847.1,+,A5SS_short,0.014125067,0.039,696103,696413,NW_019862847.1_696103_696413
LOC112051508,NW_019863086.1,-,A5SS_short,0.048481173,0.39,340295,340600,NW_019863086.1_340295_340600
LOC112051636,NW_019863093.1,+,A5SS_short,8.09E-07,0.366,285224,285541,NW_019863093.1_285224_285541
LOC112055175,NW_019863471.1,-,A5SS_short,2.15E-06,-0.029,138470,138823,NW_019863471.1_138470_138823
LOC112044658,NW_019862815.1,-,A5SS_short,0.004403926,-0.19,68093,68401,NW_019862815.1_68093_68401
LOC112046205,NW_019862850.1,+,A5SS_short,9.52E-05,0.252,370836,371185,NW_019862850.1_370836_371185
LOC112043781,NW_019862797.1,-,A5SS_short,0.001816406,-0.372,836562,836961,NW_019862797.1_836562_836961
LOC112055992,NW_019863677.1,+,A5SS_short,0.017681931,-0.142,2787,3072,NW_019863677.1_2787_3072
LOC112046881,NW_019862874.1,-,A5SS_short,0.012561827,-0.021,9747,10048,NW_019862874.1_9747_10048
LOC112058174,NW_019862772.1,+,A5SS_short,3.68E-05,0.228,1827292,1827766,NW_019862772.1_1827292_1827766
LOC112058174,NW_019862772.1,+,A5SS_short,0.000983953,-0.022,1827849,1828341,NW_019862772.1_1827849_1828341
LOC112058174,NW_019862772.1,+,A5SS_short,0.001125824,-0.022,1828077,1828341,NW_019862772.1_1828077_1828341
LOC112058174,NW_019862772.1,+,A5SS_short,0.000992312,-0.022,1828077,1828341,NW_019862772.1_1828077_1828341
LOC112055223,NW_019863481.1,+,A5SS_short,2.07E-09,-0.152,111259,111638,NW_019863481.1_111259_111638
LOC112055453,NW_019863525.1,-,A5SS_short,0.002639123,-0.475,111549,111836,NW_019863525.1_111549_111836
LOC112048291,NW_019862924.1,-,A5SS_short,0.013585087,-0.182,328412,328630,NW_019862924.1_328412_328630
LOC112048291,NW_019862924.1,-,A5SS_short,0.010781964,-0.179,328412,328630,NW_019862924.1_328412_328630
LOC112048291,NW_019862924.1,-,A5SS_short,0.01279755,-0.043,328412,328630,NW_019862924.1_328412_328630
LOC112055379,NW_019863510.1,+,A5SS_short,0.001268682,-0.079,14592,14981,NW_019863510.1_14592_14981
LOC112052026,NW_019863119.1,+,A5SS_short,0.001968819,0.031,253161,253457,NW_019863119.1_253161_253457
LOC112052026,NW_019863119.1,+,A5SS_short,0.002031855,0.039,253161,253457,NW_019863119.1_253161_253457
LOC112048954,NW_019862953.1,-,A5SS_short,0.014321484,0.238,409548,409922,NW_019862953.1_409548_409922
LOC112044735,NW_019862816.1,-,A5SS_short,0.001413942,0.164,312280,312575,NW_019862816.1_312280_312575
LOC112043927,NW_019862800.1,-,A5SS_short,0.020418751,-0.044,563616,564179,NW_019862800.1_563616_564179
LOC112050113,NW_019863005.1,-,A5SS_short,0.00484519,-0.07,713361,713592,NW_019863005.1_713361_713592
LOC112044902,NW_019862819.1,+,A5SS_short,0.019173718,0.042,627411,627757,NW_019862819.1_627411_627757
LOC112054942,NW_019863435.1,-,A5SS_short,0.00022628,0.073,78758,79073,NW_019863435.1_78758_79073
LOC112049719,NW_019862756.1,+,A5SS_short,1.50E-06,0.016,216275,216696,NW_019862756.1_216275_216696
LOC112058517,NW_019862778.1,-,A5SS_short,5.37E-05,-0.469,15133,15495,NW_019862778.1_15133_15495
LOC112044620,NW_019862813.1,+,A5SS_short,0.004431605,-0.164,465041,465329,NW_019862813.1_465041_465329
LOC112052445,NW_019863149.1,-,A5SS_short,0.020418751,0.055,30311,30888,NW_019863149.1_30311_30888
LOC112049151,NW_019862961.1,-,A5SS_short,0.02545713,-0.025,132228,132498,NW_019862961.1_132228_132498
LOC112046776,NW_019862870.1,+,A5SS_short,0.038124204,-0.122,755051,755498,NW_019862870.1_755051_755498
LOC112049586,NW_019862980.1,-,A5SS_short,0.005236275,0.108,73920,74172,NW_019862980.1_73920_74172
LOC112051358,NW_019863077.1,+,A5SS_short,0.036337193,-0.075,20278,20681,NW_019863077.1_20278_20681
LOC112052136,NW_019863130.1,-,A5SS_short,2.48E-08,-0.446,154375,154761,NW_019863130.1_154375_154761
LOC112052135,NW_019863130.1,-,A5SS_short,0.005036817,-0.314,270957,271278,NW_019863130.1_270957_271278
LOC112044280,NW_019862806.1,+,A5SS_short,3.78E-05,-0.042,33504,33877,NW_019862806.1_33504_33877
LOC112058171,NW_019862772.1,+,A5SS_short,0,0.032,1765419,1765905,NW_019862772.1_1765419_1765905
LOC112046614,NW_019862863.1,+,A5SS_short,9.14E-09,0.255,823662,824055,NW_019862863.1_823662_824055
LOC112046614,NW_019862863.1,+,A5SS_short,0,0.268,823663,824055,NW_019862863.1_823663_824055
LOC112052325,NW_019863140.1,+,A5SS_short,3.07E-08,0.181,261975,262243,NW_019863140.1_261975_262243
LOC112043746,NW_019862796.1,+,A5SS_short,0.000709996,0.233,1094382,1094794,NW_019862796.1_1094382_1094794
LOC112045911,NW_019862843.1,-,A5SS_short,0,-0.465,479408,479705,NW_019862843.1_479408_479705
LOC112047227,NW_019862884.1,+,A5SS_short,0.027960153,0.25,688760,689004,NW_019862884.1_688760_689004
LOC112050236,NW_019863013.1,+,A5SS_short,0.014631095,-0.049,204473,204817,NW_019863013.1_204473_204817
LOC112046661,NW_019862866.1,-,A5SS_short,7.34E-07,-0.09,297043,297376,NW_019862866.1_297043_297376
LOC112046734,NW_019862869.1,-,A5SS_short,1.48E-06,-0.029,400389,400608,NW_019862869.1_400389_400608
LOC112046734,NW_019862869.1,-,A5SS_short,1.49E-06,-0.029,400389,400608,NW_019862869.1_400389_400608
LOC112046734,NW_019862869.1,-,A5SS_short,0.041866565,-0.014,400389,400608,NW_019862869.1_400389_400608
LOC112046734,NW_019862869.1,-,A5SS_short,1.65E-06,-0.028,400389,400608,NW_019862869.1_400389_400608
LOC112046207,NW_019862850.1,-,A5SS_short,0.004596857,-0.106,589855,590193,NW_019862850.1_589855_590193
LOC112053910,NW_019863293.1,-,A5SS_short,0.027508463,0.05,60839,61216,NW_019863293.1_60839_61216
LOC112048203,NW_019862921.1,+,A5SS_short,1.04E-12,-0.264,469356,469680,NW_019862921.1_469356_469680
LOC112047618,NW_019862898.1,-,A5SS_short,1.20E-05,0.052,569786,570150,NW_019862898.1_569786_570150
LOC112047383,NW_019862890.1,+,A5SS_short,0.038124204,-0.318,243710,244100,NW_019862890.1_243710_244100
LOC112051830,NW_019863107.1,-,A5SS_short,6.53E-05,0.462,221414,221719,NW_019863107.1_221414_221719
LOC112051830,NW_019863107.1,-,A5SS_short,5.00E-08,0.083,221414,221719,NW_019863107.1_221414_221719
LOC112051830,NW_019863107.1,-,A5SS_short,5.94E-07,0.516,221414,221719,NW_019863107.1_221414_221719
LOC112057407,NW_019865253.1,+,A5SS_short,0.014412273,0.374,1938,2255,NW_019865253.1_1938_2255
LOC112055477,NW_019863529.1,+,A5SS_short,8.77E-07,0.037,49201,49518,NW_019863529.1_49201_49518
LOC112055477,NW_019863529.1,+,A5SS_short,0,0.8,49201,49518,NW_019863529.1_49201_49518
LOC112048790,NW_019862755.1,+,A5SS_short,2.21E-06,0.023,1151550,1152205,NW_019862755.1_1151550_1152205
LOC112048724,NW_019862755.1,-,A5SS_short,3.12E-07,-0.068,988915,989231,NW_019862755.1_988915_989231
LOC112043015,NW_019862784.1,-,A5SS_short,0.00044773,-0.008,990199,990454,NW_019862784.1_990199_990454
LOC112043015,NW_019862784.1,-,A5SS_short,0.000433581,-0.011,990199,990454,NW_019862784.1_990199_990454
LOC112043015,NW_019862784.1,-,A5SS_short,0.00267105,-0.01,990199,990454,NW_019862784.1_990199_990454
LOC112051571,NW_019863089.1,-,A5SS_short,3.80E-07,0.025,356717,357082,NW_019863089.1_356717_357082
LOC112044604,NW_019862813.1,+,A5SS_short,0.019819173,-0.075,811093,811400,NW_019862813.1_811093_811400
LOC112051888,NW_019863109.1,+,RI,9.35E-08,-0.509,236912,237596,NW_019863109.1_236912_237596
LOC112056134,NW_019863715.1,+,RI,0.035932572,-0.145,21610,22346,NW_019863715.1_21610_22346
LOC112050499,NW_019863026.1,+,RI,2.70E-05,0.151,300177,301854,NW_019863026.1_300177_301854
LOC112043564,NW_019862792.1,+,RI,0.016108475,-0.062,689920,691290,NW_019862792.1_689920_691290
LOC112044712,NW_019862816.1,+,RI,0.000622477,0.281,154490,155225,NW_019862816.1_154490_155225
LOC112053080,NW_019863204.1,+,RI,0.032466743,-0.033,265310,266758,NW_019863204.1_265310_266758
LOC112045384,NW_019862830.1,+,RI,0.009470275,-0.109,905590,908798,NW_019862830.1_905590_908798
LOC112049547,NW_019862977.1,-,RI,0.00466449,0.029,135552,136228,NW_019862977.1_135552_136228
LOC112055925,NW_019863657.1,-,RI,5.11E-05,-0.139,15154,15944,NW_019863657.1_15154_15944
LOC112051364,NW_019863078.1,+,RI,8.96E-05,-0.236,141233,148282,NW_019863078.1_141233_148282
LOC112050024,NW_019863002.1,-,RI,0.0264672,-0.219,351031,351449,NW_019863002.1_351031_351449
LOC112051573,NW_019863090.1,+,RI,0.002539781,0.067,65504,67074,NW_019863090.1_65504_67074
LOC112044438,NW_019862809.1,-,RI,0.013813607,0.159,319640,320242,NW_019862809.1_319640_320242
LOC112049178,NW_019862962.1,-,RI,0.01720302,0.057,175010,175623,NW_019862962.1_175010_175623
LOC112052205,NW_019863133.1,-,RI,6.45E-06,-0.009,130252,130928,NW_019863133.1_130252_130928
LOC112053753,NW_019863278.1,+,RI,0.036775576,0.029,114326,115020,NW_019863278.1_114326_115020
LOC112053753,NW_019863278.1,+,RI,0.000622477,0.04,114742,115309,NW_019863278.1_114742_115309
LOC112050411,NW_019863021.1,+,RI,0.000127119,-0.014,186919,187582,NW_019863021.1_186919_187582
LOC112048194,NW_019862920.1,+,RI,0,-0.077,586522,587073,NW_019862920.1_586522_587073
LOC112048194,NW_019862920.1,+,RI,0.007618985,-0.011,590060,590747,NW_019862920.1_590060_590747
LOC112054834,NW_019863423.1,+,RI,3.05E-09,0.478,30399,31016,NW_019863423.1_30399_31016
LOC112054834,NW_019863423.1,+,RI,1.51E-12,0.175,30390,31016,NW_019863423.1_30390_31016
LOC112044454,NW_019862751.1,-,RI,0.010997426,-0.221,334270,334632,NW_019862751.1_334270_334632
LOC112050002,NW_019862748.1,+,RI,0.015665432,-0.474,3378577,3379124,NW_019862748.1_3378577_3379124
LOC112045251,NW_019862748.1,-,RI,0.001614558,-0.006,1528256,1528872,NW_019862748.1_1528256_1528872
LOC112045442,NW_019862832.1,-,RI,0.020528583,0.069,304153,304666,NW_019862832.1_304153_304666
LOC112044799,NW_019862817.1,+,RI,0.04560504,0.016,994613,995268,NW_019862817.1_994613_995268
LOC112051200,NW_019863068.1,-,RI,0.000558431,0.122,165979,166599,NW_019863068.1_165979_166599
LOC112043066,NW_019862749.1,-,RI,0.006439567,-0.028,2745183,2745862,NW_019862749.1_2745183_2745862
LOC112054853,NW_019863425.1,-,RI,0,-0.286,129481,129926,NW_019863425.1_129481_129926
LOC112056241,NW_019863744.1,-,RI,0.026107053,-0.023,10789,11485,NW_019863744.1_10789_11485
LOC112054208,NW_019863329.1,+,RI,0.000282028,-0.019,178191,178655,NW_019863329.1_178191_178655
LOC112044496,NW_019862810.1,-,RI,3.70E-07,0.169,847033,847650,NW_019862810.1_847033_847650
LOC112048610,NW_019862748.1,-,RI,0.010481094,-0.039,2694790,2695464,NW_019862748.1_2694790_2695464
LOC112055597,NW_019862762.1,-,RI,6.87E-05,-0.115,1065878,1066337,NW_019862762.1_1065878_1066337
LOC112056208,NW_019863733.1,-,RI,0.027041444,-0.026,53678,54327,NW_019863733.1_53678_54327
LOC112049684,NW_019862984.1,-,RI,0,0.227,382172,382846,NW_019862984.1_382172_382846
LOC112053366,NW_019863233.1,-,RI,0.020528583,-0.017,164256,164720,NW_019863233.1_164256_164720
LOC112046892,NW_019862874.1,-,RI,0.004222585,-0.042,58126,58710,NW_019862874.1_58126_58710
LOC112043722,NW_019862795.1,-,RI,2.22E-05,-0.02,1136250,1136842,NW_019862795.1_1136250_1136842
LOC112046473,NW_019862858.1,-,RI,0.010997426,-0.045,826102,826617,NW_019862858.1_826102_826617
LOC112055058,NW_019863453.1,+,RI,2.68E-10,-0.04,55927,56604,NW_019863453.1_55927_56604
LOC112049847,NW_019862994.1,-,RI,3.27E-14,0.081,244085,244704,NW_019862994.1_244085_244704
LOC112052382,NW_019863144.1,-,RI,0.000184722,0.035,244591,245199,NW_019863144.1_244591_245199
LOC112052382,NW_019863144.1,-,RI,0.028185568,-0.052,245728,246182,NW_019863144.1_245728_246182
LOC112046370,NW_019862856.1,-,RI,0.013452808,0.258,737564,738200,NW_019862856.1_737564_738200
LOC112058150,NW_019862772.1,-,RI,9.65E-05,0.397,1056861,1057455,NW_019862772.1_1056861_1057455
LOC112050499,NW_019863026.1,+,RI,0,0.144,300177,300749,NW_019863026.1_300177_300749
LOC112050499,NW_019863026.1,+,RI,0.000787166,0.044,300177,301854,NW_019863026.1_300177_301854
LOC112050499,NW_019863026.1,+,RI,1.01E-05,0.083,300177,301854,NW_019863026.1_300177_301854
LOC112051208,NW_019863068.1,+,RI,3.97E-07,0.032,217083,217537,NW_019863068.1_217083_217537
LOC112046878,NW_019862874.1,+,RI,0.000877658,-0.246,164997,165671,NW_019862874.1_164997_165671
LOC112046887,NW_019862874.1,-,RI,3.69E-10,-0.212,20845,21366,NW_019862874.1_20845_21366
LOC112046887,NW_019862874.1,-,RI,0,-0.194,20845,21366,NW_019862874.1_20845_21366
LOC112043853,NW_019862799.1,-,RI,0.003251364,-0.148,845182,845666,NW_019862799.1_845182_845666
LOC112043428,NW_019862790.1,+,RI,0.013366,-0.11,660978,661422,NW_019862790.1_660978_661422
LOC112045502,NW_019862834.1,-,RI,0.007728738,-0.083,724687,725244,NW_019862834.1_724687_725244
LOC112052165,NW_019863131.1,-,RI,0.025833432,0.042,126409,126935,NW_019863131.1_126409_126935
LOC112044076,NW_019862803.1,-,RI,0.012456063,-0.028,44758,45367,NW_019862803.1_44758_45367
LOC112043407,NW_019862790.1,-,RI,0.002089789,-0.164,34141,34772,NW_019862790.1_34141_34772
LOC112043309,NW_019862788.1,+,RI,0.0264672,0.021,680967,681460,NW_019862788.1_680967_681460
LOC112047303,NW_019862887.1,+,RI,0,-0.035,461678,462164,NW_019862887.1_461678_462164
LOC112052374,NW_019863143.1,+,RI,0.000380813,-0.01,131584,132154,NW_019863143.1_131584_132154
LOC112056064,NW_019863696.1,-,RI,1.44E-05,0.177,48304,48880,NW_019863696.1_48304_48880
LOC112051523,NW_019863087.1,+,RI,9.02E-11,-0.03,159644,160323,NW_019863087.1_159644_160323
LOC112051523,NW_019863087.1,+,RI,0,-0.047,179021,179686,NW_019863087.1_179021_179686
LOC112051523,NW_019863087.1,+,RI,0,0.189,179909,180413,NW_019863087.1_179909_180413
LOC112051523,NW_019863087.1,+,RI,0.000847775,0.083,179881,180414,NW_019863087.1_179881_180414
LOC112049437,NW_019862973.1,-,RI,0.035715901,-0.026,359712,360376,NW_019862973.1_359712_360376
LOC112054138,NW_019863323.1,+,RI,0.038620587,-0.014,160910,161504,NW_019863323.1_160910_161504
LOC112052404,NW_019863145.1,+,RI,7.42E-07,-0.064,100585,100990,NW_019863145.1_100585_100990
LOC112052566,NW_019863158.1,-,RI,0.034202412,0.076,249541,250140,NW_019863158.1_249541_250140
LOC112052566,NW_019863158.1,-,RI,0.025244822,-0.056,255712,256247,NW_019863158.1_255712_256247
LOC112043957,NW_019862800.1,-,RI,4.62E-06,0.141,158250,158887,NW_019862800.1_158250_158887
LOC112050715,NW_019863039.1,-,RI,3.17E-05,-0.069,131711,132344,NW_019863039.1_131711_132344
LOC112056674,NW_019863937.1,-,RI,0.002624454,0.078,39690,40301,NW_019863937.1_39690_40301
LOC112046723,NW_019862869.1,+,RI,0.001143544,-0.064,107298,107941,NW_019862869.1_107298_107941
LOC112053424,NW_019863240.1,-,RI,5.30E-05,0.049,197475,198156,NW_019863240.1_197475_198156
LOC112049842,NW_019862994.1,+,RI,0.001188847,-0.086,97995,98496,NW_019862994.1_97995_98496
LOC112049842,NW_019862994.1,+,RI,0.000558431,0.113,99037,99493,NW_019862994.1_99037_99493
LOC112047434,NW_019862893.1,-,RI,3.70E-07,-0.136,384770,385306,NW_019862893.1_384770_385306
LOC112049937,NW_019862998.1,-,RI,0.006665362,-0.231,465488,466149,NW_019862998.1_465488_466149
LOC112054729,NW_019863403.1,-,RI,0.001791251,-0.078,91007,91489,NW_019863403.1_91007_91489
LOC112047636,NW_019862748.1,+,RI,8.02E-06,-0.051,2341818,2342328,NW_019862748.1_2341818_2342328
LOC112047930,NW_019862909.1,+,RI,0.007728738,0.093,502508,503011,NW_019862909.1_502508_503011
LOC112049987,NW_019863001.1,+,RI,0.024037989,-0.022,96141,96649,NW_019863001.1_96141_96649
LOC112058207,NW_019862772.1,+,RI,1.41E-05,-0.01,1700084,1700782,NW_019862772.1_1700084_1700782
LOC112044361,NW_019862807.1,-,RI,6.25E-06,-0.014,301255,301953,NW_019862807.1_301255_301953
LOC112053074,NW_019863202.1,+,RI,0.018360766,0.024,212710,213330,NW_019863202.1_212710_213330
LOC112048503,NW_019862933.1,+,RI,5.65E-12,-0.359,113723,114317,NW_019862933.1_113723_114317
LOC112052883,NW_019863184.1,+,RI,0.004101483,-0.045,261408,261850,NW_019863184.1_261408_261850
LOC112044884,NW_019862751.1,+,RI,9.18E-05,-0.007,1680360,1681004,NW_019862751.1_1680360_1681004
LOC112048585,NW_019862754.1,+,RI,0.000165959,0.068,437131,437564,NW_019862754.1_437131_437564
LOC112058546,NW_019862778.1,+,RI,0.001883547,0.006,1060956,1061610,NW_019862778.1_1060956_1061610
LOC112053388,NW_019863237.1,-,RI,1.45E-09,-0.039,225913,226408,NW_019863237.1_225913_226408
LOC112051884,NW_019863109.1,-,RI,0.018360766,-0.249,222440,223047,NW_019863109.1_222440_223047
LOC112054272,NW_019863335.1,-,RI,5.28E-05,-0.025,192200,192651,NW_019863335.1_192200_192651
LOC112058116,NW_019862771.1,+,RI,0.021986558,0.023,885129,885734,NW_019862771.1_885129_885734
LOC112046504,NW_019862859.1,-,RI,0.000371414,0.203,674152,674847,NW_019862859.1_674152_674847
LOC112050003,NW_019863001.1,-,RI,8.55E-07,0.107,203360,203846,NW_019863001.1_203360_203846
LOC112058277,NW_019862773.1,-,RI,1.32E-05,0.473,800031,800521,NW_019862773.1_800031_800521
LOC112053231,NW_019863219.1,-,RI,0.010997426,0.128,70748,71192,NW_019863219.1_70748_71192
LOC112046885,NW_019862874.1,-,RI,0.021652278,-0.022,510102,510668,NW_019862874.1_510102_510668
LOC112046885,NW_019862874.1,-,RI,1.05E-07,-0.352,510102,510669,NW_019862874.1_510102_510669
LOC112048096,NW_019862754.1,-,RI,0.000264994,-0.13,1652039,1652497,NW_019862754.1_1652039_1652497
LOC112043675,NW_019862794.1,-,RI,7.42E-07,-0.012,1288947,1289517,NW_019862794.1_1288947_1289517
LOC112052775,NW_019863175.1,+,RI,0.000876311,-0.025,2356,2959,NW_019863175.1_2356_2959
LOC112052775,NW_019863175.1,+,RI,7.40E-05,-0.067,2608,3300,NW_019863175.1_2608_3300
LOC112048533,NW_019862934.1,-,RI,2.59E-05,-0.152,178781,179326,NW_019862934.1_178781_179326
LOC112048533,NW_019862934.1,-,RI,3.70E-07,-0.18,179735,180270,NW_019862934.1_179735_180270
LOC112048533,NW_019862934.1,-,RI,1.32E-05,-0.25,180004,180441,NW_019862934.1_180004_180441
LOC112048533,NW_019862934.1,-,RI,0.001310422,-0.428,180184,180822,NW_019862934.1_180184_180822
LOC112048533,NW_019862934.1,-,RI,0.001745883,-0.184,180719,181277,NW_019862934.1_180719_181277
LOC112048533,NW_019862934.1,-,RI,1.44E-05,-0.12,181250,181907,NW_019862934.1_181250_181907
LOC112055487,NW_019863535.1,+,RI,0.000172208,-0.34,98530,99154,NW_019863535.1_98530_99154
LOC112045742,NW_019862839.1,+,RI,0.042185484,0.174,772432,773007,NW_019862839.1_772432_773007
LOC112043682,NW_019862794.1,+,RI,0.004222585,0.17,1404769,1405375,NW_019862794.1_1404769_1405375
LOC112047876,NW_019862907.1,-,RI,0.007701655,-0.079,7628,8206,NW_019862907.1_7628_8206
LOC112050166,NW_019863009.1,-,RI,1.32E-05,0.214,166012,166516,NW_019863009.1_166012_166516
LOC112044722,NW_019862816.1,+,RI,0.005097578,-0.092,336898,337405,NW_019862816.1_336898_337405
LOC112057757,NW_019862766.1,+,RI,0.02160581,-0.089,165443,166067,NW_019862766.1_165443_166067
LOC112047068,NW_019862881.1,+,RI,3.64E-10,-0.061,107717,108408,NW_019862881.1_107717_108408
LOC112053945,NW_019863297.1,+,RI,0.006548475,0.021,167124,167721,NW_019863297.1_167124_167721
LOC112050223,NW_019863013.1,-,RI,0.015611561,0.249,237117,237647,NW_019863013.1_237117_237647
LOC112058418,NW_019862776.1,-,RI,2.83E-11,0.256,799681,800277,NW_019862776.1_799681_800277
LOC112054157,NW_019863325.1,-,RI,0.000847775,-0.033,40811,41276,NW_019863325.1_40811_41276
LOC112056823,NW_019864006.1,+,RI,6.03E-07,-0.463,23908,24480,NW_019864006.1_23908_24480
LOC112054217,NW_019863330.1,+,RI,0.013528107,-0.079,18259,18950,NW_019863330.1_18259_18950
LOC112053874,NW_019863290.1,-,RI,1.50E-05,-0.094,200275,200861,NW_019863290.1_200275_200861
LOC112051234,NW_019862757.1,-,RI,0.001143544,0.19,2167893,2168530,NW_019862757.1_2167893_2168530
LOC112043497,NW_019862791.1,+,RI,0.008630448,-0.389,1453191,1453819,NW_019862791.1_1453191_1453819
LOC112050426,NW_019863022.1,-,RI,0.001370673,-0.063,242512,243209,NW_019863022.1_242512_243209
LOC112046721,NW_019862753.1,-,RI,1.59E-05,-0.041,387699,388339,NW_019862753.1_387699_388339
LOC112049532,NW_019862977.1,-,RI,0.008450281,-0.018,107639,108137,NW_019862977.1_107639_108137
LOC112050138,NW_019863008.1,-,RI,0.000211228,0.109,103727,104362,NW_019863008.1_103727_104362
LOC112050158,NW_019863008.1,+,RI,8.87E-06,-0.051,173228,173835,NW_019863008.1_173228_173835
LOC112051506,NW_019863086.1,-,RI,0.020926623,0.257,20277,20829,NW_019863086.1_20277_20829
LOC112052630,NW_019862759.1,+,RI,0.000211228,-0.359,462642,463122,NW_019862759.1_462642_463122
LOC112053333,NW_019863229.1,-,RI,7.42E-09,-0.446,119446,120106,NW_019863229.1_119446_120106
LOC112054854,NW_019863425.1,-,RI,0.00852857,-0.378,127567,128261,NW_019863425.1_127567_128261
LOC112049701,NW_019862756.1,-,RI,0,-0.235,202854,203545,NW_019862756.1_202854_203545
LOC112049701,NW_019862756.1,-,RI,0.0299004,-0.41,202854,203545,NW_019862756.1_202854_203545
LOC112043474,NW_019862791.1,+,RI,0.015665432,0.016,381891,382444,NW_019862791.1_381891_382444
LOC112055925,NW_019863657.1,-,RI,0.000143042,-0.209,15336,15921,NW_019863657.1_15336_15921
LOC112043932,NW_019862800.1,+,RI,0.00187083,-0.112,634100,634786,NW_019862800.1_634100_634786
LOC112050083,NW_019863005.1,+,RI,0,0.171,128328,128824,NW_019863005.1_128328_128824
LOC112053348,NW_019863233.1,-,RI,0.038620587,-0.052,222537,223201,NW_019863233.1_222537_223201
LOC112053740,NW_019863277.1,+,RI,0.006329777,0.313,89288,89873,NW_019863277.1_89288_89873
LOC112053728,NW_019863277.1,-,RI,0.000162901,-0.05,121256,121908,NW_019863277.1_121256_121908
LOC112053364,NW_019863233.1,-,RI,2.10E-07,0.415,156793,157269,NW_019863233.1_156793_157269
LOC112051462,NW_019863083.1,-,RI,0.037068995,0.08,302801,303477,NW_019863083.1_302801_303477
LOC112051462,NW_019863083.1,-,RI,0.002105082,-0.053,304211,304783,NW_019863083.1_304211_304783
LOC112051453,NW_019863083.1,-,RI,0.046631176,0.02,355845,356313,NW_019863083.1_355845_356313
LOC112048162,NW_019862919.1,-,RI,6.86E-06,-0.058,601331,601868,NW_019862919.1_601331_601868
LOC112049719,NW_019862756.1,+,RI,0.005620627,-0.052,220600,221283,NW_019862756.1_220600_221283
LOC112050396,NW_019862756.1,-,RI,9.57E-05,0.011,1807542,1808210,NW_019862756.1_1807542_1808210
LOC112044360,NW_019862807.1,+,RI,0.03715443,-0.013,293440,293941,NW_019862807.1_293440_293941
LOC112050423,NW_019863022.1,-,RI,5.22E-11,0.022,316373,316890,NW_019863022.1_316373_316890
LOC112049145,NW_019862961.1,-,RI,0,0.036,298596,299212,NW_019862961.1_298596_299212
LOC112055381,NW_019863510.1,-,RI,0.018396872,0.159,40777,42771,NW_019863510.1_40777_42771
LOC112046641,NW_019862864.1,+,RI,0.000419876,-0.112,711758,712312,NW_019862864.1_711758_712312
LOC112058171,NW_019862772.1,+,RI,0.015253786,-0.003,1765220,1765822,NW_019862772.1_1765220_1765822
LOC112043875,NW_019862799.1,+,RI,0.000973515,0.022,835106,835546,NW_019862799.1_835106_835546
LOC112046734,NW_019862869.1,-,RI,0.04560504,-0.013,400223,400898,NW_019862869.1_400223_400898
LOC112048203,NW_019862921.1,+,RI,2.37E-05,0.233,469356,469882,NW_019862921.1_469356_469882
LOC112048203,NW_019862921.1,+,RI,9.99E-06,0.278,469549,470224,NW_019862921.1_469549_470224
LOC112047618,NW_019862898.1,-,RI,0.005050229,-0.118,675167,675757,NW_019862898.1_675167_675757
LOC112054527,NW_019862761.1,+,RI,4.64E-08,-0.04,1232855,1233515,NW_019862761.1_1232855_1233515
LOC112054488,NW_019862761.1,-,RI,0.002675233,-0.045,1196173,1196809,NW_019862761.1_1196173_1196809
LOC112045838,NW_019862842.1,-,RI,0.009553122,-0.028,291803,292425,NW_019862842.1_291803_292425
LOC112043096,NW_019862785.1,+,RI,0.006818191,-0.037,908006,908642,NW_019862785.1_908006_908642
LOC112056660,NW_019863932.1,+,RI,0.04365977,-0.035,11000,11530,NW_019863932.1_11000_11530
