Gene,Description,Symbol,MeanExpression,log2FoldChange(WS/DS),padj,log2FC,eyespot
LOC112051874,transcription factor SPT20 homolog isoform X2,CG8192,365.9661077,-4.24128405,1.39E-86,4.24128405,NA
LOC112047321,cryptochrome-1-like isoform X1,cry2,1310.183583,-1.140996502,1.22E-63,1.140996502,NA
LOC112051116,ferritin subunit,Fer1HCH,5453.426141,-1.07407263,9.84E-48,1.07407263,NA
LOC112051201,rRNA 2'-O-methyltransferase fibrillarin,Fib,9370.219208,-0.476619092,1.08E-37,0.476619092,NA
LOC112058093,poly(A) polymerase type 3,hrg,1388.201605,1.256555734,2.01E-33,-1.256555734,NA
LOC112050923,"arginine--tRNA ligase, cytoplasmic",Aats-arg,4241.671028,-0.56695606,2.13E-33,0.56695606,NA
LOC112044346,protein UBASH3A homolog isoform X1,CG13604,1373.198782,-0.681616112,5.19E-32,0.681616112,NA
LOC112045357,"6-phosphofructo-2-kinase/fructose-2,6-bisphosphatase-like isoform X1",Pfrx,9490.214428,0.703314619,5.95E-31,-0.703314619,NA
LOC112053513,laminin subunit beta-1,LanB1,9024.564141,0.618873271,1.11E-28,-0.618873271,NA
LOC112058257,glycerophosphocholine phosphodiesterase GPCPD1 isoform X1,CG2818,561.5243708,-0.874388872,1.25E-27,0.874388872,NA
LOC112051401,protein lethal(2)essential for life-like,l(2)efl,506.4592146,1.940148076,2.04E-25,-1.940148076,NA
LOC112052180,46 kDa FK506-binding nuclear protein,FK506-bp1,27122.10036,-0.48053826,1.05E-24,0.48053826,NA
LOC112052020,nucleolar GTP-binding protein 2,Ns2,3773.339803,-0.481486287,2.24E-24,0.481486287,NA
LOC112044461,RNA-binding protein with serine-rich domain 1-A-like isoform X2,RnpS1,4183.310313,-0.691400798,3.76E-24,0.691400798,NA
LOC112045235,probable ATP-dependent RNA helicase DDX46,CG6227,4169.780655,-0.48842738,4.46E-24,0.48842738,NA
LOC112043866,CLIP-associating protein isoform X1,chb,2981.110751,-0.553086387,5.48E-24,0.553086387,NA
LOC112046732,nucleolin-like isoform X1,LOC112046732,20177.57174,-0.50333235,6.50E-24,0.50333235,NA
LOC112055838,facilitated trehalose transporter Tret1-like,CG10960,7731.66148,0.551893361,7.24E-24,-0.551893361,NA
LOC112051979,breast cancer anti-estrogen resistance protein 1 isoform X1,p130CAS,680.4466074,-1.022644415,2.94E-23,1.022644415,NA
LOC112046256,methionine aminopeptidase 1 isoform X2,CG13630,2722.817641,-0.532192653,8.48E-23,0.532192653,NA
LOC112058339,plasma membrane calcium-transporting ATPase 2 isoform X1,PMCA,3524.631418,0.556318943,2.84E-22,-0.556318943,NA
LOC112058438,peptidyl-prolyl cis-trans isomerase NIMA-interacting 4,CG11858,1702.115825,0.673758071,2.99E-22,-0.673758071,NA
LOC112048897,RNA pseudouridylate synthase domain-containing protein 2-like isoform X3,RluA-1,5844.517361,-0.586381253,2.99E-22,0.586381253,eyespot_up
LOC112054344,putative gamma-glutamylcyclotransferase CG2811 isoform X1,CG2811,881.0376913,0.792437534,4.43E-22,-0.792437534,NA
LOC112044297,uncharacterized protein LOC112044297,LOC112044297,871.5360063,0.632716428,8.98E-22,-0.632716428,NA
LOC112045359,MOXD1 homolog 1-like,CG5235,2211.353732,-0.461104573,8.98E-22,0.461104573,NA
LOC112045348,"1,4-alpha-glucan-branching enzyme",AGBE,5003.622222,-0.745947618,1.80E-21,0.745947618,NA
LOC112049660,transmembrane and ubiquitin-like domain-containing protein 1 isoform X1,LOC112049660,495.6313326,0.859578124,2.95E-21,-0.859578124,NA
LOC112046720,serine/arginine repetitive matrix protein 1 isoform X1,Srrm1,13839.04189,-0.498514055,2.96E-21,0.498514055,NA
LOC112046081,ribosomal protein S6 kinase alpha-5-like isoform X1,JIL-1,1780.558899,0.835496027,4.09E-21,-0.835496027,NA
LOC112052706,uncharacterized protein LOC112052706,LOC112052706,1758.455418,-1.138709824,7.76E-21,1.138709824,eyespot_down
LOC112050692,cyclin G,CycG,1458.748935,0.886606068,7.84E-21,-0.886606068,NA
LOC112048360,protein lethal(2)essential for life-like,l(2)efl,586.1293097,3.294696534,9.35E-21,-3.294696534,NA
LOC112058370,beclin-1-like protein A,LOC112058370,392.2784006,1.909576436,9.75E-21,-1.909576436,NA
LOC112055453,ribosome biogenesis protein BOP1 homolog,CG5033,5794.978216,-0.516694093,1.31E-20,0.516694093,NA
LOC112056277,aurora kinase B-like,aurB,890.0579356,-1.015131907,2.98E-20,1.015131907,NA
LOC112044399,solute carrier organic anion transporter family member 3A1-like isoform X2,Oatp74D,5204.402982,0.805232162,3.48E-20,-0.805232162,NA
LOC112045540,uncharacterized protein LOC112045540,CG11127,1534.492173,0.818909637,4.44E-20,-0.818909637,NA
LOC112054165,polycomb protein suz12-B,Su(z)12,868.4534613,-0.957237209,5.11E-20,0.957237209,NA
LOC112045555,serendipity locus protein alpha,Sry-alpha,549.0078011,-1.364561474,5.38E-20,1.364561474,NA
LOC112047510,coiled-coil domain-containing protein 43,CG9586,1014.591181,0.695414568,3.86E-19,-0.695414568,NA
LOC112055826,uncharacterized protein LOC112055826 isoform X3,nw,20718.79479,-0.97926093,8.27E-19,0.97926093,NA
LOC112053172,nucleolar GTP-binding protein 1,Non1,21938.16013,0.941951633,8.38E-19,-0.941951633,NA
LOC112048323,pupal cuticle protein C1B-like,LOC112048323,91.36489586,2.729885895,8.73E-19,-2.729885895,NA
LOC112052624,dehydrogenase/reductase SDR family protein 7-like,CG7601,1940.907168,-0.464670236,1.03E-18,0.464670236,NA
LOC112050832,DNA polymerase theta,mus308,417.6976626,-1.170690706,1.33E-18,1.170690706,NA
LOC112050362,MOB kinase activator-like 1,mats,2100.281424,0.432805153,1.58E-18,-0.432805153,NA
LOC112045130,putative fatty acyl-CoA reductase CG8306,CG8306,3492.279704,0.59828953,1.60E-18,-0.59828953,NA
LOC112051728,uncharacterized protein LOC112051728 isoform X2,LOC112051728,1339.473765,-0.677713981,2.37E-18,0.677713981,NA
LOC112042951,putative deoxyribonuclease TATDN1,CG3358,458.5257986,-0.910426717,2.83E-18,0.910426717,NA
LOC112049722,integrator complex subunit 10,IntS10,1522.996789,0.680823108,4.69E-18,-0.680823108,NA
LOC112048221,high mobility group protein D-like,HmgD,65988.3279,-0.540345788,9.66E-18,0.540345788,NA
LOC112047434,ATP-dependent RNA helicase p62,Rm62,32284.67307,0.998861939,1.11E-17,-0.998861939,NA
LOC112045044,rac GTPase-activating protein 1-like,tum,576.672605,-1.038336386,1.13E-17,1.038336386,NA
LOC112053842,heat shock protein 68-like,Hsp68,168.157903,2.400701189,1.18E-17,-2.400701189,NA
LOC112045218,proliferating cell nuclear antigen,mus209,4534.410439,-1.233904151,1.41E-17,1.233904151,NA
LOC112050392,protein lethal(2)essential for life-like,l(2)efl,2135.147726,1.683194004,2.77E-17,-1.683194004,NA
LOC112055795,"UDP-GlcNAc:betaGal beta-1,3-N-acetylglucosaminyltransferase-like protein 1",LOC112055795,345.3680375,1.042619848,2.87E-17,-1.042619848,NA
LOC112047206,transforming acidic coiled-coil-containing protein 3-like,LOC112047206,1663.093439,-1.043039179,8.24E-17,1.043039179,NA
LOC112044391,structural maintenance of chromosomes protein 4,glu,2636.500296,-0.825946781,9.36E-17,0.825946781,NA
LOC112044079,probable 3-hydroxyacyl-CoA dehydrogenase B0272.3 isoform X1,Mtpalpha,2961.672357,0.956120537,1.11E-16,-0.956120537,NA
LOC112055064,condensin complex subunit 2,barr,447.374452,-1.463827158,3.22E-16,1.463827158,NA
LOC112051090,cyclin-dependent kinase inhibitor 1-like,LOC112051090,2707.435968,0.480281803,3.54E-16,-0.480281803,NA
LOC112056791,protein muscleblind isoform X2,mbl,9521.472683,-0.49101036,3.58E-16,0.49101036,NA
LOC112052647,UPF0505 protein C16orf62 isoform X1,CG8202,1524.2229,0.456712725,3.70E-16,-0.456712725,NA
LOC112046025,protein nessun dorma,nesd,873.7158471,-1.202458313,4.51E-16,1.202458313,NA
LOC112049328,inner centromere protein isoform X2,stai,15772.3567,-0.737627894,5.45E-16,0.737627894,eyespot_up
LOC112054416,protein PF14_0175-like,tacc,1231.541872,-0.944650084,5.59E-16,0.944650084,NA
LOC112055759,flap endonuclease 1,Fen1,1489.099831,-1.115429705,6.78E-16,1.115429705,NA
LOC112050391,protein lethal(2)essential for life-like,l(2)efl,398.9126198,2.181575577,8.34E-16,-2.181575577,NA
LOC112055538,innexin inx1,ogre,7251.739985,0.80730462,8.68E-16,-0.80730462,NA
LOC112044019,formin-like protein 20,Hers,2620.669756,0.387522424,8.81E-16,-0.387522424,NA
LOC112046429,26S proteasome regulatory subunit 4,Rpt2,7866.021102,-0.4824778,9.14E-16,0.4824778,NA
LOC112055007,helix-loop-helix protein delilah-like,tx,3519.646458,1.00484786,1.49E-15,-1.00484786,NA
LOC112052722,uncharacterized protein LOC112052722,sprt,656.0200065,-1.000049032,1.63E-15,1.000049032,NA
LOC112043408,fatty acid synthase,FASN1,4571.351954,-1.235667023,1.74E-15,1.235667023,NA
LOC112046533,protein MIS12 homolog,LOC112046533,522.5891476,-0.909524079,2.06E-15,0.909524079,NA
LOC112050446,L-lactate dehydrogenase isoform X1,Ldh,2297.616976,1.01127458,2.06E-15,-1.01127458,NA
LOC112044645,"translation initiation factor IF-2, mitochondrial",mIF2,733.3060462,-0.566799377,2.20E-15,0.566799377,NA
LOC112045188,"pentatricopeptide repeat-containing protein 2, mitochondrial-like",LOC112045188,1051.190092,-0.666982397,2.72E-15,0.666982397,NA
LOC112054589,dual specificity protein kinase TTK,ald,412.5006387,-0.93615049,3.05E-15,0.93615049,NA
LOC112044004,26S proteasome regulatory subunit 10B,Rpt4,4957.988163,-0.463374341,3.76E-15,0.463374341,eyespot_down
LOC112046749,alpha-N-acetylgalactosaminidase isoform X1,CG7997,398.551889,-1.774275415,3.76E-15,1.774275415,NA
LOC112047544,"probable arginine--tRNA ligase, mitochondrial",ArgRS-m,888.5097404,0.970005702,4.46E-15,-0.970005702,eyespot_up
LOC112043411,ras-related protein Rab-10,Rab10,4676.23348,-0.504734428,5.73E-15,0.504734428,NA
LOC112045504,hepatic leukemia factor isoform X3,Pdp1,686.4623916,0.88950604,5.97E-15,-0.88950604,NA
LOC112045618,regulation of nuclear pre-mRNA domain-containing protein 2 isoform X3,CG15160,1363.935836,-0.60177072,6.12E-15,0.60177072,NA
LOC112057966,peroxisomal multifunctional enzyme type 2,Mfe2,7036.906526,0.493395801,7.07E-15,-0.493395801,NA
LOC112057975,angiogenic factor with G patch and FHA domains 1 isoform X1,CG8079,676.288418,-0.80291372,7.07E-15,0.80291372,NA
LOC112047767,U1 small nuclear ribonucleoprotein 70 kDa,snRNP70K,2746.887207,-0.472253107,7.53E-15,0.472253107,NA
LOC112051144,importin subunit alpha-1-like,alphaKap2,1043.450712,-1.799492236,7.84E-15,1.799492236,NA
LOC112045492,larval/pupal rigid cuticle protein 66-like,CPR59,69.52337598,2.551515209,1.00E-14,-2.551515209,eyespot_down
LOC112054138,proton channel OtopLc isoform X1,OtopLa,2516.771751,-0.874804469,1.53E-14,0.874804469,NA
LOC112056190,26S proteasome non-ATPase regulatory subunit 14,Rpn11,5841.765936,-0.456088185,1.58E-14,0.456088185,NA
LOC112054182,probable ATP-dependent RNA helicase Dbp73D,Dbp73D,1970.947744,-0.498144731,1.65E-14,0.498144731,NA
LOC112050025,serine proteinase stubble,CLIPD7,1306.66925,0.96957282,1.68E-14,-0.96957282,NA
LOC112045885,leucine-rich repeat-containing protein 47-like,LOC112045885,4125.376075,-0.586794129,2.24E-14,0.586794129,NA
LOC112045775,protein Spindly,LOC112045775,647.8428518,-0.824738457,2.34E-14,0.824738457,NA
LOC112057752,transmembrane protease serine 9-like,CG4914,62.32701414,-2.120428277,2.57E-14,2.120428277,NA
LOC112045785,DNA mismatch repair protein Msh2,spel1,1023.586613,-0.777412354,2.75E-14,0.777412354,NA
LOC112044961,DNA-directed RNA polymerase III subunit RPC8,CG7339,345.9849051,0.928657885,2.91E-14,-0.928657885,NA
LOC112058081,Rho GTPase-activating protein 19,RhoGAP54D,476.9401854,-0.960119688,3.98E-14,0.960119688,NA
LOC112048448,rho GTPase-activating protein 21-B isoform X2,RhoGAP19D,4010.548313,0.411072728,5.20E-14,-0.411072728,NA
LOC112043599,nucleoporin NDC1,LOC112043599,970.7026684,-1.038534104,5.69E-14,1.038534104,NA
LOC112051279,zinc finger RNA-binding protein isoform X1,Zn72D,11196.25611,-0.38429593,6.73E-14,0.38429593,NA
LOC112053288,probable ATP-dependent RNA helicase DDX56,Hlc,2740.390848,-0.437115987,8.84E-14,0.437115987,NA
LOC112046874,zinc finger protein on ecdysone puffs-like isoform X3,CG8108,5689.172983,-0.444214406,1.01E-13,0.444214406,NA
LOC112050513,vacuolar protein sorting-associated protein 18 homolog,dor,829.4271521,0.479975472,1.16E-13,-0.479975472,NA
LOC112044372,rho GTPase-activating protein 11A-like,LOC112044372,306.501602,-1.148211534,1.45E-13,1.148211534,NA
LOC112046603,zinc finger protein 235-like,LOC112046603,349.0495648,0.773057325,1.61E-13,-0.773057325,NA
LOC112044845,cleavage and polyadenylation specificity factor 73,Cpsf73,1742.701893,-0.507290604,2.30E-13,0.507290604,NA
LOC112044366,tubulin--tyrosine ligase-like protein 12,TTLL12,1078.535811,-0.528990433,2.34E-13,0.528990433,NA
LOC112055336,reticulocyte-binding protein 2 homolog a-like,LOC112055336,654.0039685,0.712188223,2.57E-13,-0.712188223,NA
LOC112051115,"ferritin, lower subunit isoform X2",Fer2LCH,5573.00702,-0.668705072,2.58E-13,0.668705072,eyespot_down
LOC112055574,tyrosine-protein phosphatase non-receptor type 23,mop,2789.808888,-0.45278442,2.71E-13,0.45278442,NA
LOC112045452,cell division cycle protein 20 homolog,fzy,940.5611328,-1.20926633,3.10E-13,1.20926633,NA
LOC112047425,apoptotic chromatin condensation inducer in the nucleus-like,CG11034,5940.571277,0.316244212,3.10E-13,-0.316244212,NA
LOC112049886,"actin, cytoplasmic A3a",Act5C,726.2711126,1.832308012,3.11E-13,-1.832308012,NA
LOC112047493,uncharacterized protein LOC112047493,LOC112047493,241.3861644,-1.15635014,3.17E-13,1.15635014,NA
LOC112054844,ras-related and estrogen-regulated growth inhibitor-like protein,CG8519,2977.075356,-0.789835059,3.81E-13,0.789835059,NA
LOC112042812,uncharacterized protein LOC112042812,LOC112042812,198.7250607,-1.25086384,4.04E-13,1.25086384,NA
LOC112055331,protein obstructor-E-like,Cpap3-a2,559.4131325,1.40425973,4.14E-13,-1.40425973,eyespot_down
LOC112055203,tubulin-specific chaperone D,TBCD,415.914417,0.994506038,4.53E-13,-0.994506038,NA
LOC112046050,sodium/calcium exchanger regulatory protein 1,fabp,28499.9156,-0.575661156,5.40E-13,0.575661156,NA
LOC112043100,pollen-specific leucine-rich repeat extensin-like protein 1,CG8927,2473.678856,2.755989738,5.73E-13,-2.755989738,NA
LOC112044675,heterogeneous nuclear ribonucleoprotein 27C isoform X1,LOC112044675,1233.391522,-0.689590721,6.02E-13,0.689590721,NA
LOC112050980,NA,NA,209.7073059,-2.058588989,7.44E-13,2.058588989,NA
LOC112045494,carbohydrate sulfotransferase 11,CG31743,361.5074337,-0.730166701,7.86E-13,0.730166701,NA
LOC112047567,BTB/POZ domain-containing adapter for CUL3-mediated RhoA degradation protein 3,CG10465,986.8843442,-0.726295359,8.38E-13,0.726295359,NA
LOC112048072,probable chitinase 10,Cht7,1569.064734,0.859320228,8.38E-13,-0.859320228,NA
LOC112051327,lysine-specific demethylase 3B,JHDM2,10770.6525,0.579822993,8.38E-13,-0.579822993,eyespot_up
LOC112043690,THUMP domain-containing protein 1 homolog,CG15014,750.9201517,-0.674559471,8.61E-13,0.674559471,NA
LOC112045935,transcription factor CP2 isoform X1,gem,3734.290288,0.666645834,8.96E-13,-0.666645834,NA
LOC112044841,augmin complex subunit dgt3,LOC112044841,577.9921036,-0.821217095,9.18E-13,0.821217095,NA
LOC112049140,uncharacterized protein LOC112049140 isoform X1,LOC112049140,4115.606736,-0.715967568,9.20E-13,0.715967568,NA
LOC112044586,ATP-binding cassette sub-family G member 4-like,CG3164,351.0622417,0.839839771,9.27E-13,-0.839839771,NA
LOC112050244,26S proteasome regulatory subunit 8,Rpt6,6080.515821,-0.344832917,1.05E-12,0.344832917,eyespot_down
LOC112044825,pachytene checkpoint protein 2 homolog,pch2,1114.650103,-1.038032479,1.05E-12,1.038032479,NA
LOC112050647,nucleolar MIF4G domain-containing protein 1 homolog,CG9004,1820.349986,-0.456387231,1.05E-12,0.456387231,eyespot_down
LOC112051683,RNA-binding protein 34-like isoform X2,LOC112051683,1020.524658,-0.756152965,1.05E-12,0.756152965,NA
LOC112046054,zinc transporter 1,ZnT77C,479.0353936,-1.272019109,1.06E-12,1.272019109,eyespot_up
LOC112054205,uncharacterized protein LOC112054205,LOC112054205,8744.489948,1.531135494,1.18E-12,-1.531135494,eyespot_down
LOC112053628,motile sperm domain-containing protein 2-like,CG33523,470.4393761,0.810198344,1.19E-12,-0.810198344,NA
LOC112054998,26S proteasome non-ATPase regulatory subunit 1,Rpn2,12931.87277,-0.331581137,1.41E-12,0.331581137,NA
LOC112047758,DNA-binding protein Ets97D isoform X1,Ets97D,426.3788366,1.047130941,1.47E-12,-1.047130941,NA
LOC112050069,angiotensin-converting enzyme-like,Ance-3,7926.722047,1.057060035,1.47E-12,-1.057060035,NA
LOC112055966,putative harmonin,CG5921,1703.971901,-0.455990068,1.47E-12,0.455990068,NA
LOC112058362,chromosome-associated kinesin KIF4,kinesin-4B,2879.904861,-0.926877994,1.52E-12,0.926877994,NA
LOC112053789,N-acetyltransferase eco,eco,594.1946216,-0.735134654,1.66E-12,0.735134654,NA
LOC112045801,H/ACA ribonucleoprotein complex subunit 4,Nop60B,8178.247594,-0.465679565,1.90E-12,0.465679565,NA
LOC112057710,serine proteinase stubble,CLIPA15,3211.385396,1.470055158,1.97E-12,-1.470055158,NA
LOC112045661,disks large-associated protein 5 isoform X2,mars,1121.862581,-1.099488846,2.06E-12,1.099488846,NA
LOC112047603,vacuolar protein sorting-associated protein 37A-like,mod(r),454.6926852,-0.63238076,2.13E-12,0.63238076,NA
LOC112048147,28 kDa heat- and acid-stable phosphoprotein,CG11444,2971.628482,-0.427979072,2.28E-12,0.427979072,NA
LOC112052236,nucleolar complex protein 2 homolog,CG9246,3037.176629,-0.563446398,2.28E-12,0.563446398,NA
LOC112055679,"KH domain-containing, RNA-binding, signal transduction-associated protein 2-like isoform X1",qkr54B,6647.941125,-0.507778576,2.41E-12,0.507778576,NA
LOC112045239,probable ribonuclease ZC3H12B isoform X2,Regnase-1,753.9553675,0.58752482,2.59E-12,-0.58752482,NA
LOC112047184,ubiquitin carboxyl-terminal hydrolase 14,Usp14,3324.872128,-0.499904861,2.81E-12,0.499904861,NA
LOC112058011,UDP-glucose 4-epimerase-like,Gale,7002.577032,0.717425918,2.87E-12,-0.717425918,NA
LOC112055201,protein FAM76A isoform X2,CG4452,483.6845866,0.730255182,2.94E-12,-0.730255182,NA
LOC112053451,Serine proteinase stubble,CG40160,10209.03816,1.30776084,3.07E-12,-1.30776084,NA
LOC112050915,RING-box protein 2,Roc2,317.1808105,-0.849161513,3.09E-12,0.849161513,NA
LOC112050151,TFIIH basal transcription factor complex helicase XPD subunit,Xpd,2092.942792,-0.474697678,3.16E-12,0.474697678,NA
LOC112050131,Peptidyl-alpha-hydroxyglycine alpha-amidating lyase 1,LOC112050131,9380.69288,0.32311882,3.81E-12,-0.32311882,NA
LOC112045456,protein inturned,in,1506.406667,-0.440519201,4.30E-12,0.440519201,NA
LOC112045264,enhancer of split mbeta protein-like,HLHmgamma,1452.087759,1.005893609,4.74E-12,-1.005893609,NA
LOC112047020,formin-like protein 5 isoform X3,Thd1,3651.439622,-0.573057327,4.91E-12,0.573057327,NA
LOC112051272,survival of motor neuron-related-splicing factor 30,CG17454,1339.621668,-0.536637816,5.07E-12,0.536637816,NA
LOC112043030,Serine/threonine-protein kinase SBK1,LOC112043030,1455.778113,-0.879739568,5.15E-12,0.879739568,NA
LOC112056217,borealin isoform X1,LOC112056217,573.3150782,-1.189576354,5.22E-12,1.189576354,NA
LOC112050049,profilin,chic,34685.02941,-0.31081082,6.19E-12,0.31081082,eyespot_down
LOC112055389,delta-like protein 1 isoform X1,C901,1456.516644,1.530613429,7.53E-12,-1.530613429,NA
LOC112053706,GAS2-like protein 3,pigs,1170.244198,-0.872699764,8.21E-12,0.872699764,NA
LOC112050198,glycogenin-2-like isoform X6,Gyg,889.0145487,-0.908755497,8.35E-12,0.908755497,eyespot_down
LOC112045697,uncharacterized protein LOC112045697,LOC112045697,547.4712256,-1.251823296,8.78E-12,1.251823296,NA
LOC112056674,zinc finger protein 37-like,LOC112056674,510.3989023,0.730351623,9.71E-12,-0.730351623,NA
LOC112050744,"very long-chain specific acyl-CoA dehydrogenase, mitochondrial",CG7461,2304.223095,0.504386222,9.73E-12,-0.504386222,NA
LOC112053742,aspartyl/asparaginyl beta-hydroxylase isoform X1,Asph,1590.943853,-0.466575371,1.00E-11,0.466575371,eyespot_up
LOC112057836,uncharacterized protein LOC112057836,CG4281,855.1509686,0.507341176,1.05E-11,-0.507341176,NA
LOC112047486,uncharacterized protein LOC112047486,LOC112047486,206.639878,1.399557972,1.07E-11,-1.399557972,NA
LOC112050339,trypsin-1-like,tpr,5727.549141,1.007928907,1.09E-11,-1.007928907,NA
LOC112052839,ankyrin repeat domain-containing protein 11 isoform X1,CG10984,1927.274554,0.866935768,1.18E-11,-0.866935768,NA
LOC112054271,fidgetin-like protein 1,Fign,400.5201374,-1.111403421,1.43E-11,1.111403421,eyespot_down
LOC112052116,DNA replication factor Cdt1,dup,846.6690915,-0.780966045,1.50E-11,0.780966045,NA
LOC112048299,cytochrome b5-like,JHBP1,1877.946615,-0.953627376,1.52E-11,0.953627376,NA
LOC112053916,26S proteasome regulatory subunit 6B,Rpt3,7122.306382,-0.401822393,1.57E-11,0.401822393,NA
LOC112044458,vitamin K epoxide reductase complex subunit 1,Vkor,113.8690828,1.376948798,1.58E-11,-1.376948798,NA
LOC112045901,protein I'm not dead yet,Indy,2472.135733,0.982966813,1.66E-11,-0.982966813,NA
LOC112048722,uncharacterized protein LOC112048722,LOC112048722,974.5667654,0.71490213,1.68E-11,-0.71490213,NA
LOC112050643,"phosphatidylinositol 3,4,5-trisphosphate 3-phosphatase and dual-specificity protein phosphatase PTEN isoform X1",Pten,1940.37051,0.796210403,1.85E-11,-0.796210403,NA
LOC112058044,putative follistatin,LOC112058044,937.9620183,-0.957612724,1.96E-11,0.957612724,NA
LOC112055597,polypyrimidine tract-binding protein 2 isoform X1,heph,19582.1037,-0.546073454,1.98E-11,0.546073454,NA
LOC112043077,importin-5,Karybeta3,20445.4757,0.448751979,2.09E-11,-0.448751979,NA
LOC112057000,protein O-mannosyl-transferase 2,tw,4971.439373,0.584423725,2.09E-11,-0.584423725,NA
LOC112053196,splicing factor 3A subunit 1,Sf3a1,3467.285328,-0.38490378,2.19E-11,0.38490378,NA
LOC112047239,protocadherin-like wing polarity protein stan,GPRSTN,6853.635059,-0.327127841,2.92E-11,0.327127841,NA
LOC112044536,serine/threonine-protein kinase 40-like,KP78b,380.0962749,0.718643026,3.15E-11,-0.718643026,NA
LOC112048534,programmed cell death protein 2,Zfrp8,1013.497505,0.520592576,3.15E-11,-0.520592576,NA
LOC112050386,protein lethal(2)essential for life-like,l(2)efl,41.3665558,3.105858157,3.21E-11,-3.105858157,NA
LOC112043989,nucleolar protein 56,Nop56,8319.100094,-0.388949941,3.42E-11,0.388949941,NA
LOC112051660,U3 small nucleolar RNA-associated protein 14-like,LOC112051660,18135.91778,-0.414432115,3.90E-11,0.414432115,eyespot_down
LOC112058300,26S proteasome non-ATPase regulatory subunit 7,Rpn8,4016.78964,-0.337044049,3.90E-11,0.337044049,NA
LOC112056920,androgen-dependent TFPI-regulating protein-like,LOC112056920,625.5173376,-0.971682912,3.99E-11,0.971682912,eyespot_down
LOC112051381,mRNA turnover protein 4 homolog,RpLP0-like,1778.92302,-0.444526324,4.03E-11,0.444526324,NA
LOC112054335,tubulin alpha-1A chain,alphaTub84B,16807.4172,1.732526381,4.08E-11,-1.732526381,eyespot_down
LOC112056546,TPAputative cuticle protein,Lcp65Ac,43.56840565,-2.007076226,4.59E-11,2.007076226,NA
LOC112047334,decaprenyl-diphosphate synthase subunit 2,Pdss2,1079.248535,1.344517364,4.87E-11,-1.344517364,NA
LOC112057438,condensin complex subunit 2,barr,107.6620961,-1.555885229,5.16E-11,1.555885229,NA
LOC112049537,protein abnormal spindle,asp,1724.388178,-1.17631008,5.26E-11,1.17631008,NA
LOC112048697,rab proteins geranylgeranyltransferase component A 1,Rep,7517.861354,0.311365602,6.09E-11,-0.311365602,NA
LOC112051576,translin,trsn,1353.199761,-0.513112215,6.09E-11,0.513112215,NA
LOC112051663,Activating transcription factor of chaperone,crc,46057.39648,0.585781428,6.31E-11,-0.585781428,eyespot_up
LOC112046653,cadherin-99C,Cad99C,3445.512386,0.769100448,6.32E-11,-0.769100448,NA
LOC112048556,proteasome-associated protein ECM29 homolog,CG8858,4577.231968,-0.377811642,6.32E-11,0.377811642,NA
LOC112050384,Splicing factor 1,SF1,2967.550246,-0.562322828,7.14E-11,0.562322828,NA
LOC112048882,zinc finger protein 2-like isoform X2,Opbp,745.6753351,-0.497251241,8.23E-11,0.497251241,NA
LOC112044026,Thyroid adenoma-associated protein-like,ALKBH1,1097.384232,-0.483822919,8.73E-11,0.483822919,NA
LOC112051556,RIMS-binding protein 2 isoform X3,Rbp,77.24414271,1.772657803,9.01E-11,-1.772657803,eyespot_up
LOC112056303,"glucose dehydrogenase [FAD, quinone]",CG9503,573.8729028,2.416048637,9.04E-11,-2.416048637,NA
LOC112048557,sphingomyelin synthase-related 1-like,SMSr,513.1654663,0.820052414,1.06E-10,-0.820052414,NA
LOC112057909,solute carrier family 41 member 1-like isoform X1,CG33181,187.8505405,-1.812818344,1.11E-10,1.812818344,NA
LOC112057640,tubulin beta-1 chain,betaTub56D,17429.38237,0.626082846,1.20E-10,-0.626082846,NA
LOC112050906,general transcriptional corepressor trfA-like,LOC112050906,4843.516109,-1.040990752,1.21E-10,1.040990752,NA
LOC112046560,transcriptional activator cubitus interruptus isoform X1,Ci,4352.856131,0.324960904,1.32E-10,-0.324960904,eyespot_up
LOC112054447,transcription termination factor 2,lds,826.4569509,-1.123759776,1.49E-10,1.123759776,NA
LOC112052124,SRSF protein kinase 3,SRPK,4302.632927,-0.41938127,1.51E-10,0.41938127,NA
LOC112043825,protein unc-79 homolog,unc79,314.9220497,-0.867065693,1.64E-10,0.867065693,NA
LOC112048614,small nuclear ribonucleoprotein Sm D3,SmD3,9953.011302,-0.302333789,1.64E-10,0.302333789,NA
LOC112047049,WD repeat-containing protein CG11141,CG11141,481.4778074,0.583685592,1.67E-10,-0.583685592,NA
LOC112052655,protein D2-like isoform X1,CG6180,3843.677277,-0.541429102,1.77E-10,0.541429102,NA
LOC112046045,Myosin-J heavy chain,LOC112046045,282.08155,-1.087804058,1.81E-10,1.087804058,NA
LOC112049969,"protein tramtrack, beta isoform isoform X28",mod(mdg4),30588.67091,0.349076184,1.84E-10,-0.349076184,NA
LOC112057899,mucin-5AC isoform X1,Cht6,996.1966382,0.990703123,1.94E-10,-0.990703123,NA
LOC112050954,uncharacterized protein LOC112050954,LOC112050954,1288.122038,-1.028228487,1.95E-10,1.028228487,NA
LOC112052812,histidine triad nucleotide-binding protein 1-like,HINT1,237.0168612,-0.833960365,2.07E-10,0.833960365,NA
LOC112048309,DNA-directed RNA polymerase II subunit RPB2,RpII140,5685.158424,-0.405620078,2.10E-10,0.405620078,NA
LOC112049938,glutathione S-transferase 1-1,gfzf,578.7295326,1.086408141,2.20E-10,-1.086408141,NA
LOC112052917,serine/threonine-protein kinase polo,polo,1148.103108,-1.053319072,2.23E-10,1.053319072,NA
LOC112043333,protein Mpv17,CG11077,734.407712,-0.637404181,2.30E-10,0.637404181,NA
LOC112049699,retinol dehydrogenase 11-like,CG11200,1336.211086,1.197261165,2.30E-10,-1.197261165,NA
LOC112055104,ER degradation-enhancing alpha-mannosidase-like protein 3,Edem2,1227.345274,-0.632816878,2.33E-10,0.632816878,NA
LOC112054286,"28S ribosomal protein S31, mitochondrial",mRpS31,1251.150703,-0.680073573,2.35E-10,0.680073573,NA
LOC112054507,probable serine/threonine-protein kinase DDB_G0282963 isoform X1,Svil-,518.7822348,-0.780718545,2.50E-10,0.780718545,NA
LOC112045355,EF-hand domain-containing protein D2 homolog,Swip-1,1626.728672,-0.368179922,2.51E-10,0.368179922,NA
LOC112045223,MAP kinase-interacting serine/threonine-protein kinase 1-like,Lk6,19260.67876,0.698618273,2.55E-10,-0.698618273,NA
LOC112058478,mesoderm induction early response protein 1,CG1620,1448.665767,0.421855571,2.66E-10,-0.421855571,NA
LOC112044879,pantothenate kinase 3 isoform X1,fbl,6105.101593,0.642980933,2.73E-10,-0.642980933,NA
LOC112054152,mitochondrial inner membrane protein OXA1L,OXA1L,1379.013819,-0.409731539,2.86E-10,0.409731539,NA
LOC112054520,protein charybde-like,chrb,15847.81729,-0.860731348,2.99E-10,0.860731348,eyespot_down
LOC112046993,larval/pupal cuticle protein H1C-like,LOC112046993,49.72235562,3.537996289,3.13E-10,-3.537996289,NA
LOC112054266,"thioredoxin reductase 1, mitochondrial isoform X1",Trxr-1,6443.018602,-0.343703841,3.57E-10,0.343703841,NA
LOC112043306,very-long-chain (3R)-3-hydroxyacyl-CoA dehydratase hpo-8,Hacd1,2054.364758,0.63322337,3.76E-10,-0.63322337,NA
LOC112056135,eukaryotic translation initiation factor 5B,eIF5B,7250.347498,-0.256746464,3.76E-10,0.256746464,NA
LOC112053106,protein claret segregational,kinesin-14,2025.110608,-1.044090785,3.85E-10,1.044090785,NA
LOC112043434,caspase-8,Dredd,932.2722583,0.542855508,3.86E-10,-0.542855508,NA
LOC112050073,"short-chain specific acyl-CoA dehydrogenase, mitochondrial",Arc42,801.0596882,-0.775711165,3.92E-10,0.775711165,NA
LOC112044733,neurabin-1 isoform X7,Spn,555.9827099,0.953476886,3.96E-10,-0.953476886,NA
LOC112054984,putative polypeptide N-acetylgalactosaminyltransferase 9 isoform X2,Pgant9,6462.971661,-0.494538009,3.99E-10,0.494538009,NA
LOC112054175,Kinetochore-associated protein 1,LOC112054175,728.8133277,-1.346645669,4.22E-10,1.346645669,NA
LOC112049024,ejaculatory bulb-specific protein 3-like,Phk-3,8792.298961,1.000125561,4.27E-10,-1.000125561,NA
LOC112049547,"ribonuclease Z, mitochondrial isoform X1",JhI-1,2429.914045,-0.309656696,4.51E-10,0.309656696,NA
LOC112046276,mini-chromosome maintenance complex-binding protein,CG3430,1933.528429,-0.786885977,4.55E-10,0.786885977,NA
LOC112058007,"probable splicing factor, arginine/serine-rich 7",Srp54,4389.351356,-0.393126909,4.61E-10,0.393126909,NA
LOC112047607,lachesin isoform X1,Lac,6848.960882,-0.648471684,4.62E-10,0.648471684,NA
LOC112053205,protein Peter pan,ppan,2610.218892,-0.377273975,5.73E-10,0.377273975,eyespot_down
LOC112049064,targeting protein for Xklp2-like,Hrs,1881.993919,-1.200105505,6.10E-10,1.200105505,NA
LOC112050905,probable multidrug resistance-associated protein lethal(2)03659 isoform X1,CG7627,1143.825289,-0.5000678,6.10E-10,0.5000678,NA
LOC112055968,chromatin-remodeling complex ATPase chain Iswi isoform X1,Iswi,8738.23988,-0.310904314,6.64E-10,0.310904314,NA
LOC112058416,inter-alpha-trypsin inhibitor heavy chain H3-like isoform X1,LOC112058416,2502.986303,1.188352224,6.80E-10,-1.188352224,NA
LOC112053855,eukaryotic translation initiation factor 2-alpha kinase isoform X1,PEK,1816.128717,0.620408904,6.85E-10,-0.620408904,NA
LOC112046495,uncharacterized protein LOC112046495,LOC112046495,276.1459308,1.113405971,7.55E-10,-1.113405971,NA
LOC112056054,nucleolar and coiled-body phosphoprotein 1,CG42258,4021.600259,0.837141511,7.85E-10,-0.837141511,NA
LOC112046119,microtubule-associated protein futsch-like,futsch,1258.324014,-1.114798588,7.86E-10,1.114798588,eyespot_up
LOC112049927,myb-binding protein 1A-like protein,Mybbp1A,4448.502515,-0.443142271,7.86E-10,0.443142271,NA
LOC112050828,"glycerol-3-phosphate dehydrogenase [NAD(+)], cytoplasmic isoform X1",Gpdh,494.2301639,0.812145732,7.86E-10,-0.812145732,NA
LOC112045354,inhibitor of growth protein 3,Ing3,1212.609387,-0.648646358,8.03E-10,0.648646358,NA
LOC112046219,DNA repair protein RAD50,rad50,14036.32053,-0.545257853,8.57E-10,0.545257853,NA
LOC112054527,RNA-binding protein 4.1-like isoform X2,CG7903,2581.49747,0.389769153,8.57E-10,-0.389769153,NA
LOC112054318,oxidation resistance protein 1 isoform X7,mtd,576.6237354,-0.753886773,9.39E-10,0.753886773,NA
LOC112046868,cytochrome c oxidase assembly factor 7 homolog,COA7,914.9063466,0.447662557,1.06E-09,-0.447662557,NA
LOC112058375,transcription factor kayak isoform X1,kay,1200.175604,0.660134257,1.08E-09,-0.660134257,eyespot_down
LOC112048839,"peroxiredoxin-5, mitochondrial",Prx5,3593.67922,-0.436939157,1.14E-09,0.436939157,eyespot_down
LOC112054531,nudix hydrolase 8-like,CG8128,349.3454132,-0.719038487,1.16E-09,0.719038487,NA
LOC112047407,glucose-6-phosphate 1-dehydrogenase,Zw,4322.839073,-0.70382207,1.19E-09,0.70382207,NA
LOC112048676,large neutral amino acids transporter small subunit 1,mnd,7554.330087,0.526217635,1.23E-09,-0.526217635,NA
LOC112050949,"phosphate carrier protein, mitochondrial-like",Mpcp1,14970.3549,-0.554291479,1.28E-09,0.554291479,NA
LOC112052912,pre-rRNA processing protein FTSJ3,CG8939,6440.638941,-0.342867047,1.28E-09,0.342867047,NA
LOC112052365,kinase D-interacting substrate of 220 kDa B isoform X1,CG42672,815.283097,-0.449340147,1.35E-09,0.449340147,NA
LOC112050929,ATPase family AAA domain-containing protein 2-like isoform X1,TER94,190.3483506,1.227446889,1.35E-09,-1.227446889,NA
LOC112044105,THAP domain-containing protein 2-like,MBD-R2,215.1238456,1.038079488,1.45E-09,-1.038079488,NA
LOC112055553,JmjC domain-containing protein 4,JMJD4,415.0545823,0.852641366,1.54E-09,-0.852641366,NA
LOC112044717,protein extra-macrochaetae,Emc,20933.59901,1.375432845,1.58E-09,-1.375432845,NA
LOC112052473,heat shock factor-binding protein 1,LOC112052473,1852.730924,-0.408262742,1.66E-09,0.408262742,NA
LOC112043751,calcium-independent phospholipase A2-gamma-like,iPLA2-VIA,195.1543867,0.893960963,1.70E-09,-0.893960963,NA
LOC112047903,UDP-galactose 4-epimerase isoform X1,CG5854,3398.514715,-0.724795523,1.83E-09,0.724795523,NA
LOC112045237,U3 small nucleolar RNA-associated protein 14 homolog A,CG12301,1920.937565,-0.456882151,2.06E-09,0.456882151,NA
LOC112050375,acetyl-CoA carboxylase isoform X2,ACC,2839.721374,-0.397417756,2.35E-09,0.397417756,NA
LOC112052322,nipped-B protein,Nipped-B,4027.828953,0.345308439,2.44E-09,-0.345308439,eyespot_up
LOC112044738,p21-activated protein kinase-interacting protein 1-like,CG12608,1229.240701,-0.612840562,2.44E-09,0.612840562,NA
LOC112049882,zinc finger protein 382-like isoform X1,l(3)neo38,960.0012174,0.747553885,2.44E-09,-0.747553885,eyespot_up
LOC112046842,serine-arginine protein 55 isoform X3,B52,17389.84449,-0.381704753,2.53E-09,0.381704753,NA
LOC112058456,ubiquitin-conjugating enzyme E2 C,vih,1874.528881,-0.437236753,2.56E-09,0.437236753,NA
LOC112049107,anillin isoform X1,scra,3189.014365,-0.659404216,2.58E-09,0.659404216,NA
LOC112043664,ATP-binding cassette sub-family G member 4 isoform X1,Atet,1812.409434,0.68299382,2.68E-09,-0.68299382,eyespot_up
LOC112043201,piRNA biogenesis protein EXD1-like,LOC112043201,2431.730041,-0.319884078,2.73E-09,0.319884078,NA
LOC112054357,gem-associated protein 5-like,LOC112054357,828.0872716,-0.609422307,2.73E-09,0.609422307,NA
LOC112042976,division abnormally delayed protein,dally,3481.543081,-0.509094764,2.82E-09,0.509094764,NA
LOC112054338,eIF-2-alpha kinase GCN2,Gcn2,750.9386311,0.466279113,2.82E-09,-0.466279113,NA
LOC112053439,cytochrome c,Cyt-c-p,1356.004926,0.642299151,3.24E-09,-0.642299151,NA
LOC112056082,uncharacterized protein LOC112056082,pwn,3290.033526,1.289220403,3.25E-09,-1.289220403,NA
LOC112054893,general transcription factor IIF subunit 2,TfIIFbeta,1016.00435,-0.682694177,3.37E-09,0.682694177,NA
LOC112052080,ubiquitin-like-conjugating enzyme ATG3,Atg3,2486.314701,0.330403749,3.42E-09,-0.330403749,NA
LOC112058512,golgin subfamily A member 6-like protein 22,LOC112058512,835.5263853,-0.977255266,3.50E-09,0.977255266,NA
LOC112044954,"28S ribosomal protein S34, mitochondrial",mRpS34,670.559485,-0.459842564,3.86E-09,0.459842564,NA
LOC112048984,ATP-binding cassette sub-family G member 4,CG5853,259.7471041,1.158383258,3.88E-09,-1.158383258,NA
LOC112056415,probable glutamine--tRNA ligase,Aats-gln,4131.601443,-0.299881775,3.95E-09,0.299881775,NA
LOC112045161,putative GPI-anchor transamidase,PIG-K,556.8525639,-0.735763439,4.34E-09,0.735763439,NA
LOC112058252,centrosomin isoform X1,cnn,1844.922608,-0.746856476,4.77E-09,0.746856476,eyespot_down
LOC112045674,NHP2-like protein 1,hoip,3946.103467,-0.411814085,5.22E-09,0.411814085,NA
LOC112054043,"elongation factor Ts, mitochondrial isoform X1",mEFTs,1057.858677,-0.474269641,5.31E-09,0.474269641,NA
LOC112051170,phosphatidylcholine:ceramide cholinephosphotransferase 2-like isoform X1,SMSr,1441.849805,0.497568072,5.43E-09,-0.497568072,NA
LOC112043519,KRR1 small subunit processome component homolog,dbe,1338.926664,-0.379916734,5.65E-09,0.379916734,NA
LOC112058622,extracellular serine/threonine protein kinase four-jointed,fj,11174.60887,0.486602266,5.80E-09,-0.486602266,NA
LOC112051175,serine/threonine-protein kinase Aurora-2-like,aurA,1608.736713,-0.769990206,5.87E-09,0.769990206,NA
LOC112046009,1-acyl-sn-glycerol-3-phosphate acyltransferase gamma-like,Agpat3,1576.122241,-0.502940169,5.98E-09,0.502940169,NA
LOC112054517,cytochrome P450 4C1-like,Cyp4c3,159.6713451,2.033116736,6.06E-09,-2.033116736,NA
LOC112046049,neurotactin,Nrt,625.28659,-0.511679115,6.39E-09,0.511679115,NA
LOC112048847,innexin inx3,Inx3,44350.74855,-0.331481726,6.61E-09,0.331481726,eyespot_up
LOC112046330,triosephosphate isomerase,Tpi,8716.705446,0.489721644,6.73E-09,-0.489721644,NA
LOC112051030,farnesyl pyrophosphate synthase-like,Fpps,3219.599222,0.705431936,7.05E-09,-0.705431936,NA
LOC112048887,uncharacterized protein LOC112048887 isoform X1,LOC112048887,1294.490992,-0.806858076,7.35E-09,0.806858076,NA
LOC112053755,caskin-2 isoform X1,ckn,2832.956275,-0.420862372,7.62E-09,0.420862372,NA
LOC112045669,UDP-glucuronic acid decarboxylase 1,Uxs,266.9997288,-0.671584054,7.65E-09,0.671584054,NA
LOC112047859,muscle segmentation homeobox-like,Dr,5879.788534,0.62343248,8.11E-09,-0.62343248,NA
LOC112047440,histone deacetylase Rpd3,Rpd3,3105.51141,-0.622515092,8.29E-09,0.622515092,NA
LOC112043224,zinc finger CCCH domain-containing protein 13,CG8740,2122.564763,-1.057656305,8.43E-09,1.057656305,eyespot_up
LOC112043870,F-box/LRR-repeat protein 20,CG9003,924.8514792,0.486628955,8.89E-09,-0.486628955,NA
LOC112046711,probable RNA-binding protein CG14230,CG14230,2232.1656,-0.429968252,9.54E-09,0.429968252,NA
LOC112057294,"aldehyde dehydrogenase, dimeric NADP-preferring isoform X2",Aldh-III,1870.212057,-0.516753415,1.01E-08,0.516753415,NA
LOC112046623,putative serine/threonine-protein kinase nek2,LOC112046623,1719.753084,-1.208447728,1.06E-08,1.208447728,NA
LOC112053007,segmentation polarity homeobox protein engrailed-like,en,1858.822253,0.53072351,1.06E-08,-0.53072351,NA
LOC112049893,lethal(2) giant larvae protein isoform X1,l(2)gl,4033.462863,0.476230782,1.09E-08,-0.476230782,NA
LOC112046830,RNA-binding protein MEX3B,CG11360,518.3062562,-0.67021893,1.14E-08,0.67021893,eyespot_up
LOC112053768,neuronal membrane glycoprotein M6-a,M6,3348.25375,0.278622256,1.19E-08,-0.278622256,NA
LOC112053873,NA,NA,3701.134957,-0.356608096,1.23E-08,0.356608096,NA
LOC112049027,chemosensory protein 1 variant,EbpIII,70.04592056,7.094799297,1.23E-08,-7.094799297,eyespot_down
LOC112051553,N-glycosylase/DNA lyase,Ogg1,292.3415833,-0.745572706,1.39E-08,0.745572706,NA
LOC112045708,3-ketodihydrosphingosine reductase,CG10425,167.6160258,-0.983880559,1.43E-08,0.983880559,NA
LOC112053062,uncharacterized protein LOC112053062 isoform X1,LOC112053062,608.4138576,-0.652298502,1.45E-08,0.652298502,NA
LOC112043750,uncharacterized protein LOC112043750 isoform X2,LOC112043750,934.7565358,-0.774456587,1.50E-08,0.774456587,NA
LOC112044971,ATP-dependent RNA helicase dbp2-like isoform X1,CG10077,26096.35883,0.252811388,1.70E-08,-0.252811388,NA
LOC112053343,Rho guanine nucleotide exchange factor 10,CG43658,2319.788186,-0.411414334,1.72E-08,0.411414334,NA
LOC112054861,RNA-binding protein 28,CG4806,2958.405688,-0.679840687,1.74E-08,0.679840687,NA
LOC112055291,centromere/kinetochore protein zw10-like,LOC112055291,789.1666984,-1.406261089,1.76E-08,1.406261089,eyespot_down
LOC112049999,citron Rho-interacting kinase-like,LOC112049999,768.9562897,-0.98441441,1.87E-08,0.98441441,NA
LOC112053488,arylsulfatase I-like,CG8646,93.97253308,1.433756271,1.88E-08,-1.433756271,NA
LOC112058430,GTPase-activating protein,RasGAP1,1955.944964,0.387338816,1.94E-08,-0.387338816,NA
LOC112050051,transmembrane 9 superfamily member 4,TM9SF4,1443.724442,-0.340568162,2.10E-08,0.340568162,NA
LOC112052306,COP9 signalosome complex subunit 4,CSN4,1738.858904,-0.522970017,2.11E-08,0.522970017,NA
LOC112049525,protein penguin,pen,4318.652678,-0.323122414,2.25E-08,0.323122414,NA
LOC112043731,25S rRNA (cytosine-C(5))-methyltransferase nop2,CG8545,7724.193057,-0.54368837,2.64E-08,0.54368837,NA
LOC112052708,G2/mitotic-specific cyclin-B,CycB,505.7212257,-1.135517916,2.67E-08,1.135517916,NA
LOC112047746,OWR42331.1 putative B-cell lymphoma 3-encoded protein,LOC112047746,516.8662787,0.961524204,2.77E-08,-0.961524204,NA
LOC112056739,splicing factor 3A subunit 3,noi,2558.302432,-0.340501237,2.77E-08,0.340501237,NA
LOC112049548,BCL2/adenovirus E1B 19 kDa protein-interacting protein 3 isoform X2,BNIP3,1192.849381,0.417640712,2.83E-08,-0.417640712,NA
LOC112054696,condensin complex subunit 3,LOC112054696,1511.740794,-0.789449087,2.99E-08,0.789449087,NA
LOC112054705,eukaryotic translation initiation factor 3 subunit J,Adam,3809.389981,0.539678193,2.99E-08,-0.539678193,NA
LOC112053342,nuclear cap-binding protein subunit 3-like,LOC112053342,1432.133941,0.335941726,3.09E-08,-0.335941726,NA
LOC112058531,protein Wnt-6,Wnt6,1209.178283,-0.419739511,3.09E-08,0.419739511,NA
LOC112046205,26S proteasome non-ATPase regulatory subunit 2,Rpn1,12202.03707,-0.337453256,3.14E-08,0.337453256,NA
LOC112054551,endocuticle structural glycoprotein SgAbd-5-like,Cpr65Av,97.79942147,2.483577788,3.78E-08,-2.483577788,NA
LOC112055428,SPRY domain-containing SOCS box protein 3-like isoform X1,LOC112055428,679.1018514,1.101079812,4.03E-08,-1.101079812,NA
LOC112044155,circadian clock-controlled protein-like,CG10264,36.40799357,3.263974628,4.04E-08,-3.263974628,eyespot_up
LOC112050077,integrin beta-PS,mys,17192.12217,0.540372418,4.04E-08,-0.540372418,NA
LOC112056923,NA,NA,76.04583429,4.089975437,4.28E-08,-4.089975437,NA
LOC112049518,ribosome biogenesis regulatory protein homolog,CG32409,3056.042045,-0.365521867,4.32E-08,0.365521867,NA
LOC112045278,5-oxoprolinase,CG4752,1196.700664,0.489774544,4.50E-08,-0.489774544,NA
LOC112043539,geminin,geminin,1429.175393,-0.717252698,4.59E-08,0.717252698,NA
LOC112045921,carboxypeptidase D-like isoform X1,svr,3926.166311,0.339352911,4.72E-08,-0.339352911,NA
LOC112044352,protein hairless,H,5161.660347,-0.288879743,4.80E-08,0.288879743,eyespot_up
LOC112043900,vacuolar protein sorting-associated protein 54,scat,2010.092434,0.50012234,4.82E-08,-0.50012234,NA
LOC112048382,protein cueball,cue,505.5539064,0.533569272,4.92E-08,-0.533569272,NA
LOC112047997,protein zwilch,LOC112047997,708.8065657,-1.267752099,5.00E-08,1.267752099,NA
LOC112058064,nuclear pore complex protein Nup107,Nup107,2194.127611,-0.345252784,5.03E-08,0.345252784,eyespot_down
LOC112043296,E3 ubiquitin-protein ligase UBR5 isoform X1,hyd,11163.24606,-0.274361731,5.03E-08,0.274361731,NA
LOC112048892,androgen-induced gene 1 protein-like,CG3625,238.5909577,-1.25290914,5.18E-08,1.25290914,NA
LOC112055001,integrator complex subunit 11,IntS11,2563.513058,-0.479964484,5.27E-08,0.479964484,NA
LOC112042857,protein takeout,CG2016,20771.59085,0.874032164,5.36E-08,-0.874032164,NA
LOC112045297,ubiquitin conjugation factor E4 A,CG11070,919.6188205,-0.626053099,5.36E-08,0.626053099,NA
LOC112054738,nucleoplasmin-like protein isoform X1,Nlp,26690.86651,-0.291174216,5.46E-08,0.291174216,NA
LOC112051884,translationally-controlled tumor protein homolog,Tctp,62526.14223,0.539729807,5.47E-08,-0.539729807,NA
LOC112057022,serine/arginine-rich splicing factor 2 isoform X1,SC35,7460.885624,-0.338542886,5.54E-08,0.338542886,eyespot_down
LOC112043163,protein TMEPAI isoform X3,LOC112043163,1902.671598,0.56684574,5.55E-08,-0.56684574,NA
LOC112057725,low-density lipoprotein receptor isoform X6,LpR2,3890.109371,-0.424681682,5.70E-08,0.424681682,NA
LOC112048699,DNA-(apurinic or apyrimidinic site) lyase,Rrp1,15506.15603,-0.518979226,5.72E-08,0.518979226,NA
LOC112057570,cyclin-dependent kinase 7,Cdk7,1389.443559,-0.471789345,5.88E-08,0.471789345,NA
LOC112047742,uncharacterized protein LOC112047742,LOC112047742,122.8351635,1.28004427,6.06E-08,-1.28004427,NA
LOC112052787,structural maintenance of chromosomes protein 3,SMC3,4244.055284,0.297090846,6.18E-08,-0.297090846,NA
LOC112048434,E3 ubiquitin-protein ligase TRIM37-like,LOC112048434,1491.69842,0.723161727,6.20E-08,-0.723161727,NA
LOC112052270,tRNA (guanine-N(7)-)-methyltransferase,CG4045,694.5624154,-0.558314402,6.25E-08,0.558314402,NA
LOC112053962,NA,NA,32221.4256,0.553393208,6.27E-08,-0.553393208,NA
LOC112049044,26S proteasome non-ATPase regulatory subunit 8,Rpn12,3011.617779,-0.400387995,6.36E-08,0.400387995,NA
LOC112050612,leucine-rich repeat protein 1,Lrr47,256.1510791,-0.917322325,6.36E-08,0.917322325,NA
LOC112051025,protein limb expression 1 homolog isoform X1,lft,46943.04696,-0.514105266,6.62E-08,0.514105266,NA
LOC112048402,separin isoform X2,Sse,668.343184,-0.739031852,6.67E-08,0.739031852,NA
LOC112057979,potassium/sodium hyperpolarization-activated cyclic nucleotide-gated channel 2 isoform X1,Ih,3005.392231,1.305298343,6.84E-08,-1.305298343,NA
LOC112045643,interleukin-1 receptor accessory protein-like,LOC112045643,9764.095313,0.415032868,6.95E-08,-0.415032868,eyespot_up
LOC112044785,pre-mRNA-processing factor 40 homolog A,Prp40,1671.032702,-0.348521052,7.09E-08,0.348521052,NA
LOC112056683,zinc finger protein 37-like,LOC112056683,787.3276038,0.517479654,7.31E-08,-0.517479654,NA
LOC112049294,"myb-related transcription factor, partner of profilin",LOC112049294,1475.966679,1.131991651,7.38E-08,-1.131991651,NA
LOC112043028,KPJ08715.1 Zinc finger protein 40,shn,2878.449126,0.43096855,7.43E-08,-0.43096855,NA
LOC112043605,"uncharacterized protein LOC112043605, partial",CG7029,7016.31395,0.639114266,7.89E-08,-0.639114266,NA
LOC112047172,pyrroline-5-carboxylate reductase 3,P5cr,250.8775259,0.701600434,8.01E-08,-0.701600434,NA
LOC112043543,cuticle protein 10.9-like,LOC112043543,813.5426039,1.218193127,8.07E-08,-1.218193127,NA
LOC112043988,uncharacterized LOC101737518,LOC112043988,304.4237436,-1.052695468,8.12E-08,1.052695468,NA
LOC112048820,putative E3 ubiquitin-protein ligase UBR7,CG15141,2860.497233,-0.614057538,8.14E-08,0.614057538,eyespot_down
LOC112058297,myosin-VIIa-like,ck,114.5017795,2.145718975,8.55E-08,-2.145718975,NA
LOC112050144,glycosylated lysosomal membrane protein B-like,LOC112050144,986.5306375,0.585020063,8.72E-08,-0.585020063,NA
LOC112058000,synaptic vesicle membrane protein VAT-1 homolog-like isoform X1,Fdh,34331.40699,-0.432805971,9.02E-08,0.432805971,NA
LOC112052570,tRNA-splicing ligase RtcB homolog,RtcB,3567.865418,-0.387930531,9.31E-08,0.387930531,NA
LOC112046931,proteasome subunit alpha type-5,Prosalpha5,6023.533799,-0.38258912,9.88E-08,0.38258912,NA
LOC112057112,gem-associated protein 5-like,LOC112057112,1079.950879,-0.592311145,9.89E-08,0.592311145,NA
LOC112050252,probable ATP-dependent RNA helicase DDX27,Rs1,2923.401615,-0.415614714,9.98E-08,0.415614714,NA
LOC112052552,venom protease-like,MP1,2319.51916,0.962077376,1.02E-07,-0.962077376,NA
LOC112047374,protein odr-4 homolog,LOC112047374,1863.229448,-0.477520874,1.04E-07,0.477520874,NA
LOC112043022,mitochondrial ribonuclease P protein 1 homolog,rswl,1096.281787,-0.60108952,1.15E-07,0.60108952,NA
LOC112055497,E3 ubiquitin-protein ligase Arkadia isoform X1,CG6923,805.6749189,0.491885613,1.15E-07,-0.491885613,NA
LOC112044056,uncharacterized protein LOC112044056,LOC112044056,711.3173208,0.600534132,1.16E-07,-0.600534132,eyespot_up
LOC112051428,flap endonuclease GEN,Gen,212.4940343,-0.958137161,1.16E-07,0.958137161,NA
LOC112055921,early endosome antigen 1,CG4213,123.1825327,-2.21251602,1.19E-07,2.21251602,eyespot_up
LOC112045911,ataxin-2-like protein isoform X2,Atx2,1349.838828,-0.480585366,1.21E-07,0.480585366,NA
LOC112052900,U2 small nuclear ribonucleoprotein A',U2A,1544.82556,-0.423351204,1.28E-07,0.423351204,NA
LOC112049180,serine/arginine repetitive matrix protein 1,bif,3059.525791,-0.376301062,1.28E-07,0.376301062,NA
LOC112050200,nucleoporin NUP188 homolog,Nup188,3170.999597,-0.479312644,1.35E-07,0.479312644,NA
LOC112049270,zinc/cadmium resistance protein isoform X1,ZnT63C,1806.474068,-0.721468074,1.42E-07,0.721468074,NA
LOC112050016,serine proteinase stubble,flz,1163.752639,1.691472382,1.42E-07,-1.691472382,NA
LOC112058097,macro domain-containing protein CT2219-like,Gdap2,2157.594437,-0.455268517,1.44E-07,0.455268517,NA
LOC112049365,ADP-ribosylation factor-like protein 2,Arl2,1515.355042,-0.324797028,1.46E-07,0.324797028,NA
LOC112046844,nuclear RNA export factor 1-like,LOC112046844,1625.011577,0.680877339,1.48E-07,-0.680877339,eyespot_down
LOC112051897,nucleolar protein 58,CG8910,428.1588495,-0.86247467,1.53E-07,0.86247467,NA
LOC112045055,NA,NA,68831.37779,0.849956953,1.58E-07,-0.849956953,NA
LOC112047277,protein dispatched,disp,1157.727123,-0.412439067,1.60E-07,0.412439067,NA
LOC112058465,nucleolar protein 9,CG11123,1200.70892,-0.575152331,1.61E-07,0.575152331,NA
LOC112043324,protein mago nashi,mago,5059.686501,-0.499409339,1.62E-07,0.499409339,NA
LOC112055548,proteasome subunit beta type-7,Prosbeta2,4243.239098,-0.442387167,1.62E-07,0.442387167,eyespot_down
LOC112057235,nucleolar protein 9,CG11123,756.1512945,-0.593876058,1.64E-07,0.593876058,NA
LOC112050791,proteasome subunit alpha type-2,Prosalpha2,4675.682969,-0.404010275,1.64E-07,0.404010275,eyespot_down
LOC112045975,gastrula zinc finger protein XlCGF17.1-like,LOC112045975,511.4197726,0.475135349,1.68E-07,-0.475135349,NA
LOC112044769,ribonucleoside-diphosphate reductase large subunit,RnrL,8475.382278,-0.511540082,1.69E-07,0.511540082,eyespot_down
LOC112049618,ras GTPase-activating-like protein IQGAP1,CG5023,584.5087034,-0.680469009,1.74E-07,0.680469009,NA
LOC112044964,putative cuticle protein,LOC112044964,31.32547899,2.681899732,1.78E-07,-2.681899732,NA
LOC112044040,ankyrin-3-like isoform X1,Ank2,9677.38967,0.758484216,1.80E-07,-0.758484216,NA
LOC112043179,putative leucine-rich repeat-containing protein DDB_G0290503,LOC112043179,1318.353775,-0.996609353,1.82E-07,0.996609353,NA
LOC112055430,"complement component 1 Q subcomponent-binding protein, mitochondrial",P32,4564.274674,-0.359025401,1.87E-07,0.359025401,eyespot_down
LOC112047008,elongation factor Tu,mEFTu1,4634.670098,-0.334168897,1.87E-07,0.334168897,NA
LOC112046927,anosmin-1,LOC112046927,10031.427,0.495373769,1.88E-07,-0.495373769,eyespot_up
LOC112056457,60S ribosomal protein L5,RpL5,75411.86342,0.411833385,1.89E-07,-0.411833385,NA
LOC112050045,carbonyl reductase [NADPH] 1-like,CG31549,413.6727976,-0.665936708,1.93E-07,0.665936708,NA
LOC112052932,tRNA-dihydrouridine(16/17) synthase [NAD(P)(+)]-like,CG3645,715.3194793,-0.545472301,1.98E-07,0.545472301,NA
LOC112058299,uncharacterized protein LOC112058299,LOC112058299,467.1328648,-0.918954166,2.01E-07,0.918954166,NA
LOC112051229,uncharacterized protein LOC112051229 isoform X6,LOC112051229,207.5677249,1.724972718,2.02E-07,-1.724972718,NA
LOC112049684,40S ribosomal protein SA,sta,86184.70144,0.457243532,2.03E-07,-0.457243532,NA
LOC112044083,nucleolar pre-ribosomal-associated protein 1,CG12499,2436.494575,-0.311517126,2.04E-07,0.311517126,NA
LOC112050024,nascent polypeptide-associated complex subunit alpha,Nacalpha,17465.0849,-0.517617989,2.10E-07,0.517617989,NA
LOC112046194,uncharacterized protein LOC112046194 isoform X1,LOC112046194,5321.219738,0.406784411,2.10E-07,-0.406784411,NA
LOC112044000,zinc finger protein on ecdysone puffs isoform X1,LOC112044000,4166.239301,-0.282345126,2.11E-07,0.282345126,NA
LOC112057917,probable ATP-dependent RNA helicase DDX47,CG9253,3428.383553,-0.303358367,2.14E-07,0.303358367,NA
LOC112048164,uncharacterized protein LOC112048164 isoform X2,CG42240,699.0951038,1.605937128,2.17E-07,-1.605937128,NA
LOC112050264,putative vitellogenin receptor,yl,1354.090603,0.430883972,2.33E-07,-0.430883972,NA
LOC112043327,integrator complex subunit 8,IntS8,2208.508448,-0.282334746,2.35E-07,0.282334746,NA
LOC112051375,neurochondrin homolog,Neurochondrin,1577.15299,-0.538756494,2.39E-07,0.538756494,NA
LOC112044045,hybrid signal transduction histidine kinase L-like,CNOT4,3407.061665,0.300079113,2.45E-07,-0.300079113,NA
LOC112046382,centrosome-associated zinc finger protein CP190,Cp190,4653.337671,0.32024608,2.45E-07,-0.32024608,NA
LOC112053734,uncharacterized LOC106124388 precursor,LOC112053734,16282.91454,0.434696253,2.45E-07,-0.434696253,NA
LOC112048091,paternally-expressed gene 3 protein-like,LOC112048091,48236.69406,-0.476751166,2.52E-07,0.476751166,eyespot_up
LOC112049730,uncharacterized protein LOC112049730,LOC112049730,1139.551959,-0.565836406,2.62E-07,0.565836406,NA
LOC112055101,uncharacterized protein LOC112055101,CG13272,7326.105636,1.150191185,2.62E-07,-1.150191185,NA
LOC112047096,protein TEX261,CG3500,271.1638079,0.676190861,2.76E-07,-0.676190861,NA
LOC112053449,methyl-CpG-binding domain protein 4-like,LOC112053449,59.20870746,1.357704393,2.87E-07,-1.357704393,NA
LOC112047415,venom dipeptidyl peptidase 4-like,CG11034,5657.43055,1.584287987,3.06E-07,-1.584287987,NA
LOC112046898,homeotic protein female sterile-like,LOC112046898,7979.35991,0.605547618,3.11E-07,-0.605547618,NA
LOC112057740,cyclin-H,CycH,1359.262936,-0.531210501,3.11E-07,0.531210501,NA
LOC112045108,kinesin-like protein KIF23,pav,432.5357236,-1.185918701,3.15E-07,1.185918701,NA
LOC112048788,protein toll,Tl,1072.833249,0.334291481,3.18E-07,-0.334291481,NA
LOC112047509,proteasome subunit alpha type-7-1,Prosalpha4,5350.677575,-0.442897133,3.30E-07,0.442897133,eyespot_down
LOC112057692,uncharacterized protein LOC112057692,LOC112057692,1363.817321,-0.76817912,3.47E-07,0.76817912,NA
LOC112048632,uncharacterized protein LOC112048632 isoform X1,LOC112048632,107.5577818,-2.594389078,3.51E-07,2.594389078,NA
LOC112058497,protein dachsous,ds,4319.768176,-0.297273861,3.51E-07,0.297273861,NA
LOC112054202,diphthine--ammonia ligase,CG1578,1573.746073,-0.70921704,3.57E-07,0.70921704,NA
LOC112043098,organic cation transporter protein isoform X2,CG6126,1185.065456,-0.733228897,3.58E-07,0.733228897,NA
LOC112042926,glutamine synthetase 2 cytoplasmic-like,Gs2,232.4637638,1.075250945,3.72E-07,-1.075250945,NA
LOC112045305,microtubule-actin cross-linking factor 1 isoform X2,shot,18865.30169,0.549851354,3.79E-07,-0.549851354,eyespot_up
LOC112046086,protein enabled,ena,274.8632967,0.871207886,3.81E-07,-0.871207886,NA
LOC112047750,structural maintenance of chromosomes protein 2,SMC2,1619.034251,-0.863914571,3.81E-07,0.863914571,NA
LOC112052763,"RNA-binding motif protein, X-linked 2",CG10466,392.2196845,-0.542605339,3.81E-07,0.542605339,NA
LOC112044522,cyclin-K,CycK,1931.929267,-0.390100195,4.15E-07,0.390100195,NA
LOC112052913,locomotion-related protein Hikaru genki,hig,217.0756309,0.74483601,4.15E-07,-0.74483601,NA
LOC112056012,NA,NA,313.7310168,-0.77305959,4.18E-07,0.77305959,NA
LOC112055096,ATP-dependent DNA helicase Q5-like,RecQ5,1186.799563,0.427155013,4.19E-07,-0.427155013,NA
LOC112049144,DNA-directed RNA polymerase III subunit RPC3,CG12267,593.7749267,-0.469822663,4.22E-07,0.469822663,NA
LOC112045949,dymeclin,CG8230,1719.718399,0.332068875,4.26E-07,-0.332068875,NA
LOC112051163,deoxyuridine 5'-triphosphate nucleotidohydrolase,dUTPase,2418.11361,-0.741508327,4.26E-07,0.741508327,NA
LOC112050720,"dolichyl pyrophosphate Man9GlcNAc2 alpha-1,3-glucosyltransferase",gny,733.9945954,0.60088429,4.31E-07,-0.60088429,NA
LOC112046300,nuclear pore complex protein Nup153 isoform X1,Nup153,2721.857393,-0.275607587,4.35E-07,0.275607587,NA
LOC112051476,TIP41-like protein,CG9578,630.6762733,-0.645364375,4.40E-07,0.645364375,NA
LOC112051388,heat shock protein 90,Hsp83,63197.27493,-0.297944644,4.80E-07,0.297944644,NA
LOC112046267,leukocyte receptor cluster member 8 homolog,CG6700,6812.759439,0.344175378,4.86E-07,-0.344175378,NA
LOC112048515,patched domain-containing protein 3-like,PTCHD3,268.0407819,1.307913846,4.92E-07,-1.307913846,NA
LOC112046280,protein ABHD16A,CG1309,1121.706389,0.477624959,5.03E-07,-0.477624959,NA
LOC112054594,"folylpolyglutamate synthase, mitochondrial-like",Fpgs,287.4287537,-0.835506935,5.28E-07,0.835506935,NA
LOC112049403,kinesin-like protein KIF20B,kinesin-A,1451.629254,-1.090246819,5.63E-07,1.090246819,NA
LOC112043045,transcriptional coactivator YAP1 isoform X2,yki,2347.09846,-0.390345042,5.96E-07,0.390345042,NA
LOC112051607,ornithine decarboxylase antizyme,Oda,7630.467575,-0.414273525,5.98E-07,0.414273525,eyespot_up
LOC112042867,mitotic checkpoint serine/threonine-protein kinase BUB1 beta-like,Bub1,2691.4724,-0.358966097,6.16E-07,0.358966097,NA
LOC112051357,cleavage and polyadenylation specificity factor subunit CG7185 isoform X2,Cpsf6,6763.89715,-0.30014166,6.33E-07,0.30014166,NA
LOC112055213,pupal cuticle protein-like,LOC112055213,136.9945267,3.788322007,6.56E-07,-3.788322007,eyespot_down
LOC112048494,interleukin-1 receptor-associated kinase 4-like,TUBE,875.7316806,0.461085183,6.81E-07,-0.461085183,NA
LOC112043529,vicilin-like seed storage protein At2g18540,CG18266,23.97458486,-3.352093207,6.99E-07,3.352093207,NA
LOC112045672,chitobiosyldiphosphodolichol beta-mannosyltransferase,Alg1,642.2375486,-0.696195566,7.00E-07,0.696195566,NA
LOC112047070,translation elongation factor 2,eEF2,153972.8574,0.395290735,7.38E-07,-0.395290735,NA
LOC112048611,serine/arginine-rich splicing factor 1B,SF2,19153.81671,-0.27879929,7.42E-07,0.27879929,eyespot_up
LOC112051106,protein catecholamines up,Catsup,3416.199118,-0.312816708,7.42E-07,0.312816708,eyespot_down
LOC112050645,uncharacterized protein LOC112050645,CG13868,616.143045,0.830820002,7.43E-07,-0.830820002,eyespot_up
LOC112051509,major facilitator superfamily domain-containing protein 10 isoform X1,rtet,484.639525,-0.480853553,7.69E-07,0.480853553,NA
LOC112055214,"glucose dehydrogenase [FAD, quinone]-like",Gld,212.5255882,1.806858557,7.94E-07,-1.806858557,NA
LOC112053746,phytanoyl-CoA dioxygenase domain-containing protein 1,CG14688,1106.185814,-1.406621056,7.98E-07,1.406621056,NA
LOC112056083,63 kDa sperm flagellar membrane protein,pwn,1642.573356,1.216539815,8.49E-07,-1.216539815,NA
LOC112055624,bromodomain-containing protein DDB_G0270170-like,dikar,1986.510784,-0.294386613,8.54E-07,0.294386613,NA
LOC112044606,26S proteasome regulatory subunit 7,Rpt1,6033.141987,-0.351076228,8.74E-07,0.351076228,NA
LOC112047560,uncharacterized protein LOC112047560,LOC112047560,49.94467964,2.117042522,9.22E-07,-2.117042522,NA
LOC112043624,RUN and FYVE domain-containing protein 2 isoform X2,CG31064,1104.957359,0.494620024,9.27E-07,-0.494620024,NA
LOC112046071,DNA polymerase epsilon subunit 3,Chrac-14,545.5401146,-0.9944141,9.27E-07,0.9944141,NA
LOC112056544,estradiol 17-beta-dehydrogenase 2,CG13377,762.6414579,-0.598560035,9.73E-07,0.598560035,NA
LOC112047046,GTP-binding nuclear protein ran,ran,21743.5462,-0.369226088,9.93E-07,0.369226088,NA
LOC112044999,protein spaetzle 3,spz3,669.5240367,1.627874272,1.00E-06,-1.627874272,NA
LOC112046575,BAM20005.1  CG7713,pasi1,2071.21841,-0.436379663,1.03E-06,0.436379663,NA
LOC112051211,UPF0488 protein CG14286,CG14286,1433.961148,-0.566999758,1.04E-06,0.566999758,NA
LOC112049911,uncharacterized protein LOC112049911,LOC112049911,24.54526265,2.215878886,1.05E-06,-2.215878886,NA
LOC112043281,UDP-glucose:glycoprotein glucosyltransferase,Ugt,6754.541825,-0.265873165,1.10E-06,0.265873165,NA
LOC112045571,"superoxide dismutase [Mn], mitochondrial",Sod2,3811.954475,-0.363543021,1.11E-06,0.363543021,NA
LOC112043039,adenylyl cyclase-associated protein 1 isoform X1,capt,3466.677644,0.379986219,1.12E-06,-0.379986219,NA
LOC112052072,26S proteasome non-ATPase regulatory subunit 10-like,LOC112052072,641.5223737,-0.43362316,1.12E-06,0.43362316,NA
LOC112055146,protein translation factor SUI1 homolog,eIF1,12275.59089,0.419893927,1.16E-06,-0.419893927,NA
LOC112058367,hemicentin-2-like isoform X1,side-III,1375.493794,0.648817934,1.17E-06,-0.648817934,NA
LOC112049682,uncharacterized protein LOC112049682,Amun,2958.411235,0.297435269,1.20E-06,-0.297435269,NA
LOC112053779,chaoptin,conv,861.9538642,0.641615392,1.22E-06,-0.641615392,NA
LOC112047328,inner centromere protein A,Incenp,2046.127535,-0.501386377,1.23E-06,0.501386377,NA
LOC112049826,COP9 signalosome complex subunit 7b,CSN7,1233.297753,-0.337021762,1.24E-06,0.337021762,NA
LOC112052460,LIM domain only protein 3-like,Bx,1044.050793,-0.607746411,1.26E-06,0.607746411,eyespot_up
LOC112049919,eukaryotic translation initiation factor 4H isoform X1,eIF4H1,2980.944807,-0.377342053,1.39E-06,0.377342053,NA
LOC112046470,ubiquitin-like modifier-activating enzyme 1,Uba1,17262.38966,-0.205400719,1.41E-06,0.205400719,NA
LOC112047991,transmembrane protein 135-like,LOC112047991,261.294198,0.658760182,1.43E-06,-0.658760182,NA
LOC112050817,pseudouridylate synthase 7 homolog,Pus7,3142.74469,-0.288559565,1.43E-06,0.288559565,NA
LOC112046723,nuclear pore complex protein Nup205,Nup205,4752.624575,-0.55025471,1.44E-06,0.55025471,NA
LOC112047022,facilitated trehalose transporter Tret1-like,CG6484,214.4628823,2.494249341,1.47E-06,-2.494249341,eyespot_down
LOC112045352,trichohyalin-like isoform X1,LOC112045352,122.5171134,-1.221968971,1.53E-06,1.221968971,NA
LOC112057832,UDP-glucuronosyltransferase 2C1,Ugt50B3,116.6173101,2.074864872,1.56E-06,-2.074864872,NA
LOC112047492,claspin-like,CG12173,3729.118857,0.2544949,1.61E-06,-0.2544949,NA
LOC112043855,polypeptide N-acetylgalactosaminyltransferase 1-like isoform X5,LOC112043855,859.5917024,-0.467010431,1.63E-06,0.467010431,NA
LOC112055319,hormone receptor 4 isoform X2,Hr4,1161.617168,0.499684558,1.64E-06,-0.499684558,NA
LOC112054800,anaphase-promoting complex subunit 15B-like,LOC112054800,1106.069394,0.61021461,1.65E-06,-0.61021461,NA
LOC112049668,"UPF0160 protein MYG1, mitochondrial isoform X2",CG11980,2003.215519,-0.460078612,1.66E-06,0.460078612,NA
LOC112050718,protein FAM57A,CG17841,747.0565749,-0.426916795,1.68E-06,0.426916795,NA
LOC112058251,uncharacterized protein LOC112058251,LOC112058251,194.122679,2.642416753,1.68E-06,-2.642416753,NA
LOC112049100,protein MLP1-like isoform X1,LOC112049100,310.4174739,-1.27612375,1.69E-06,1.27612375,NA
LOC112054534,L-xylulose reductase-like,CG7322,792.6983834,-0.542885018,1.73E-06,0.542885018,NA
LOC112054582,"succinate dehydrogenase [ubiquinone] cytochrome b small subunit, mitochondrial",SdhD,1610.593411,0.448930214,1.76E-06,-0.448930214,NA
LOC112044451,replication protein A 32 kDa subunit,RPA2,1077.2262,-0.738076994,1.80E-06,0.738076994,NA
LOC112048134,eukaryotic peptide chain release factor GTP-binding subunit ERF3A isoform X1,Elf,12196.52645,0.221088992,1.83E-06,-0.221088992,NA
LOC112048265,heterogeneous nuclear ribonucleoprotein L isoform X1,sm,3697.627848,0.384818439,1.87E-06,-0.384818439,NA
LOC112043299,decapping and exoribonuclease protein-like,LOC112043299,301.0971024,-0.698403283,1.89E-06,0.698403283,NA
LOC112053508,general transcriptional corepressor trfA-like,LOC112053508,1476.524007,-0.651556714,1.92E-06,0.651556714,NA
LOC112053557,93 kDa serpin,SRPN3,3632.803692,0.337887484,1.94E-06,-0.337887484,NA
LOC112051716,"short/branched chain specific acyl-CoA dehydrogenase, mitochondrial",CG3902,2594.335511,0.316986818,1.94E-06,-0.316986818,NA
LOC112049665,tRNA pseudouridine synthase A isoform X1,Pus1,2074.43572,-0.429398979,1.96E-06,0.429398979,NA
LOC112051724,protein TANC2 isoform X1,rols,1651.448003,-0.382347682,1.97E-06,0.382347682,NA
LOC112044871,protein decapentaplegic,dpp,2199.712221,-0.301957107,1.98E-06,0.301957107,NA
LOC112048165,proteasome subunit alpha type-3,Prosalpha7,5203.205047,-0.435469276,1.99E-06,0.435469276,eyespot_down
LOC112055296,unconventional myosin-XV,Myo10A,1477.002175,0.349852928,1.99E-06,-0.349852928,NA
LOC112046158,U6 snRNA-associated Sm-like protein LSm4,CG17768,890.1426256,-0.512020792,2.10E-06,0.512020792,NA
LOC112046015,thymidylate synthase,Ts,799.6190037,-0.741389052,2.11E-06,0.741389052,NA
LOC112047795,ATP-dependent RNA helicase DDX54,CG32344,2503.742393,-0.318570477,2.11E-06,0.318570477,NA
LOC112048387,PR domain zinc finger protein 1 isoform X1,Blimp-1,12414.93534,0.439375661,2.16E-06,-0.439375661,NA
LOC112056587,serine protease snake-like,CG14642,1737.577201,1.322810981,2.19E-06,-1.322810981,NA
LOC112051806,glutamine synthetase 2 cytoplasmic,Gs2,756.2763041,1.192165026,2.19E-06,-1.192165026,NA
LOC112057830,disheveled-associated activator of morphogenesis 1 isoform X2,DAAM,306.0475563,-1.02599543,2.19E-06,1.02599543,eyespot_up
LOC112045447,toll-like receptor 6,Tollo,2365.478864,-0.312491474,2.20E-06,0.312491474,NA
LOC112049353,inactive hydroxysteroid dehydrogenase-like protein 1,CG31810,697.4108496,1.415057536,2.24E-06,-1.415057536,NA
LOC112043778,Transmembrane protein 201,CG7744,3770.369757,-0.345424031,2.24E-06,0.345424031,NA
LOC112044980,FIT family protein CG10671,Fitm,1988.534891,0.378955818,2.24E-06,-0.378955818,NA
LOC112046107,"NADH dehydrogenase [ubiquinone] iron-sulfur protein 3, mitochondrial",Ndufs3,2620.98956,-0.371017193,2.34E-06,0.371017193,NA
LOC112045905,"probable malate dehydrogenase, mitochondrial",Mdh2,5527.977521,0.386699815,2.35E-06,-0.386699815,NA
LOC112045368,nuclear pore glycoprotein p62,Nup62,3170.960422,-0.349466059,2.44E-06,0.349466059,NA
LOC112053826,Lipoate protein ligase,CG42837,218.7764905,0.619368368,2.46E-06,-0.619368368,NA
LOC112058154,calcium homeostasis endoplasmic reticulum protein isoform X1,scaf6,2385.272117,-0.331918154,2.48E-06,0.331918154,NA
LOC112052231,uncharacterized protein LOC112052231 isoform X4,LUBEL,23.14989876,3.019114582,2.49E-06,-3.019114582,NA
LOC112049566,S-phase kinase-associated protein 2-like,Skp2,941.174103,-0.416882566,2.49E-06,0.416882566,NA
LOC112043881,aldo-keto reductase AKR2E4-like isoform X2,CG10638,204.2238959,0.938174275,2.55E-06,-0.938174275,NA
LOC112049782,baculoviral IAP repeat-containing protein 5,Det,421.4935972,-0.822787883,2.62E-06,0.822787883,NA
LOC112043710,protein aurora borealis,LOC112043710,420.5808151,-0.823718352,2.64E-06,0.823718352,NA
LOC112050082,nuclear pore complex protein Nup155,Nup154,3443.294776,-0.369911382,2.65E-06,0.369911382,NA
LOC112052555,structural maintenance of chromosomes protein 5,SMC5,225.7007158,-0.873492763,2.73E-06,0.873492763,NA
LOC112055407,protein O-GlcNAcase,Oga,848.1527662,-0.519600513,2.73E-06,0.519600513,NA
LOC112056132,prohibitin-2,Phb2,7063.427012,-0.298313104,2.75E-06,0.298313104,NA
LOC112053751,ecdysone-induced protein 78C-like,Eip78C,6814.6955,-0.426335225,2.77E-06,0.426335225,NA
LOC112050888,bifunctional lysine-specific demethylase and histidyl-hydroxylase NO66,NO66,2161.768435,-0.280170425,2.87E-06,0.280170425,NA
LOC112055340,suppressor of cytokine signaling 2-like isoform X1,Socs16D,2054.536123,0.501334708,2.96E-06,-0.501334708,eyespot_up
LOC112047998,uncharacterized protein LOC112047998,CG17786,1100.398593,0.782096411,2.98E-06,-0.782096411,NA
LOC112045317,"transcription factor A, mitochondrial",TFAM,1008.55778,-0.431550948,3.02E-06,0.431550948,NA
LOC112052374,26S proteasome non-ATPase regulatory subunit 13,Rpn9,5111.83489,-0.351298641,3.09E-06,0.351298641,NA
LOC112047427,coiled-coil domain-containing protein 93,fidipidine,591.147186,0.433228175,3.16E-06,-0.433228175,NA
LOC112057569,GPI mannosyltransferase 2,PIG-V,460.7211372,-0.490782801,3.19E-06,0.490782801,NA
LOC112057790,transmembrane protease serine 9-like,CG4914,593.3611948,-0.446726702,3.22E-06,0.446726702,NA
LOC112051203,autophagy protein 12-like,Atg12,279.1218575,0.588540294,3.28E-06,-0.588540294,NA
LOC112058628,peroxisomal biogenesis factor 19,Pex19,635.8849295,-0.575259954,3.29E-06,0.575259954,NA
LOC112051568,serine--tRNA synthetase-like protein Slimp,LOC112051568,2117.328488,-0.307035437,3.29E-06,0.307035437,NA
LOC112051322,RNA/RNP complex-1-interacting phosphatase,CG13197,328.6830516,0.583660702,3.35E-06,-0.583660702,NA
LOC112051647,xylosyltransferase oxt,oxt,2176.849085,-0.251395491,3.47E-06,0.251395491,NA
LOC112047231,transcription factor cwo isoform X1,cwo,358.3018516,1.639002257,3.48E-06,-1.639002257,eyespot_up
LOC112052161,protein patched,Ptc,3295.934588,0.349712103,3.71E-06,-0.349712103,NA
LOC112046141,serine protease Hayan-like,CG14642,1735.684341,0.439275837,3.76E-06,-0.439275837,NA
LOC112052891,protein-cysteine N-palmitoyltransferase Rasp,rasp,70.02806576,-1.206924029,3.81E-06,1.206924029,NA
LOC112049935,"glucose dehydrogenase [FAD, quinone]-like",CG9521,136.3239076,2.028980692,3.90E-06,-2.028980692,NA
LOC112048923,alpha-tocopherol transfer protein-like,CG2663,124.1137277,2.219815566,3.99E-06,-2.219815566,NA
LOC112050835,ubiquitin-conjugating enzyme E2 S,CG8188,878.6430805,0.39149709,4.00E-06,-0.39149709,NA
LOC112050847,chloride intracellular channel exc-4 isoform X1,Clic,2899.584432,0.416711404,4.04E-06,-0.416711404,NA
LOC112053386,protein CIP2A homolog,CG12702,515.2754493,-0.804786315,4.04E-06,0.804786315,NA
LOC112054839,major facilitator superfamily domain-containing protein 9-like,LOC112054839,660.265642,-0.623740464,4.12E-06,0.623740464,eyespot_down
LOC112052466,uncharacterized protein LOC112052466 isoform X3,LOC112052466,500.6181029,-0.60342397,4.19E-06,0.60342397,NA
LOC112050026,KPJ10880.1 NF-kappa-B-repressing factor,CG31301,527.0451565,0.395205785,4.24E-06,-0.395205785,NA
LOC112057951,toll-like receptor 6,Toll-6,781.7757274,-0.864347898,4.25E-06,0.864347898,NA
LOC112043334,lipopolysaccharide-induced tumor necrosis factor-alpha factor homolog,CG13510,227.4158925,-0.887787016,4.29E-06,0.887787016,NA
LOC112053064,fibroblast growth factor 3 isoform X1,bnl,484.734117,-0.639902226,4.44E-06,0.639902226,NA
LOC112044358,DNA polymerase epsilon catalytic subunit A,DNApol-epsilon255,1781.849072,-0.599670442,4.48E-06,0.599670442,eyespot_down
LOC112044746,zinc finger protein 260-like isoform X2,LOC112044746,1789.723074,0.908885151,4.49E-06,-0.908885151,NA
LOC112055209,condensin complex subunit 3,LOC112055209,803.699005,-0.824878212,4.49E-06,0.824878212,NA
LOC112053022,sulfhydryl oxidase 1-like isoform X1,Qsox1,1103.3861,0.372790422,4.53E-06,-0.372790422,NA
LOC112049658,chitinase A-like precursor,Cht4,42010.73643,1.282415902,4.87E-06,-1.282415902,eyespot_down
LOC112047792,serine/arginine repetitive matrix protein 1,spz6,190.4078641,2.322051993,4.90E-06,-2.322051993,NA
LOC112052241,venom serine carboxypeptidase-like,CG4572,1998.354316,-1.283714576,4.91E-06,1.283714576,NA
LOC112042830,U6 snRNA-associated Sm-like protein LSm2,CG10418,801.624822,-0.485144872,5.05E-06,0.485144872,NA
LOC112052264,ribosomal L1 domain-containing protein CG13096,CG13096,3425.194654,-0.331850632,5.09E-06,0.331850632,NA
LOC112049479,proteasome subunit beta type-3,Prosbeta3,4787.683436,-0.332990185,5.09E-06,0.332990185,NA
LOC112051305,probable N-acetyltransferase san,san,1314.512528,-0.325329027,5.09E-06,0.325329027,NA
LOC112044142,fasciclin-2 isoform X1,Fas2,13845.15076,-0.560584382,5.11E-06,0.560584382,NA
LOC112048366,kinesin-like protein Klp10A isoform X2,kinesin-13,1300.389153,-0.536384486,5.13E-06,0.536384486,NA
LOC112049904,AN1-type zinc finger protein 6 isoform X1,LOC112049904,37.01734117,1.460547479,5.13E-06,-1.460547479,NA
LOC112047990,aladin-like,Aladin,707.649083,-0.760605592,5.32E-06,0.760605592,NA
LOC112050190,uncharacterized protein LOC112050190,LOC112050190,288.9046124,2.18249665,5.41E-06,-2.18249665,NA
LOC112047001,transcriptional activator protein Pur-alpha isoform X4,Pur-alpha,4831.037222,-0.553037308,5.42E-06,0.553037308,NA
LOC112046604,surfeit locus protein 6 homolog,Surf6,2295.940127,-0.321899915,5.48E-06,0.321899915,eyespot_up
LOC112051014,serine/threonine-protein kinase fray2 isoform X2,CG15601,348.3245867,0.599321513,5.48E-06,-0.599321513,NA
LOC112058166,triokinase/FMN cyclase-like,LOC112058166,25.73379419,-2.031298023,5.48E-06,2.031298023,NA
LOC112046077,RNA polymerase-associated protein Rtf1 isoform X2,Rtf1,1906.6507,0.505042007,5.58E-06,-0.505042007,NA
LOC112048648,aldo-keto reductase AKR2E4-like,CG9436,1924.606071,-1.513907835,5.74E-06,1.513907835,NA
LOC112056869,OWR51406.1 fibroin-modulator-binding protein-1,LOC112056869,703.5385794,0.395225295,5.75E-06,-0.395225295,NA
LOC112053945,probable transaldolase,Tal,6940.235297,-0.435829529,5.89E-06,0.435829529,NA
LOC112045886,hsp70-binding protein 1,LOC112045886,1429.350131,-0.460607056,5.99E-06,0.460607056,NA
LOC112052250,NA,NA,184.2896597,1.516461482,6.00E-06,-1.516461482,NA
LOC112055254,translocation protein SEC63 homolog,Sec63,6291.940713,-0.257661939,6.15E-06,0.257661939,NA
LOC112045201,GPN-loop GTPase 1,CG3704,997.3668802,-0.409662537,6.16E-06,0.409662537,NA
LOC112045664,diphosphoinositol polyphosphate phosphohydrolase 2,Aps,2322.221102,0.525828929,6.24E-06,-0.525828929,NA
LOC112049406,pre-mRNA-splicing factor Slu7,Slu7,2096.812075,-0.357163384,6.29E-06,0.357163384,NA
LOC112055972,acidic repeat-containing protein,CG14814,164.0936866,-1.378873383,6.32E-06,1.378873383,NA
LOC112053214,protein king tubby,ktub,296.0077689,-0.71088977,6.36E-06,0.71088977,NA
LOC112046102,trafficking protein particle complex subunit 11,gry,1182.362673,0.328541664,6.53E-06,-0.328541664,NA
LOC112054801,probable ATP-dependent RNA helicase CG8611,CG8611,2110.821031,-0.278229114,6.53E-06,0.278229114,NA
LOC112047069,nucleoporin SEH1,Nup44A,1606.905342,-0.403472561,6.56E-06,0.403472561,NA
LOC112048994,ell-associated factor Eaf,Eaf,754.2100982,0.418358655,6.61E-06,-0.418358655,NA
LOC112049221,recQ-mediated genome instability protein 1-like,LOC112049221,355.2124629,0.540500854,6.68E-06,-0.540500854,NA
LOC112051794,cyclin-dependent kinase 10,cdc2rk,1977.30199,-0.380786668,7.01E-06,0.380786668,NA
LOC112044608,chromosome transmission fidelity protein 18 homolog,cutlet,356.1566109,-0.595279172,7.03E-06,0.595279172,NA
LOC112055671,uncharacterized protein LOC112055671 isoform X2,LOC112055671,666.5186806,-8.217433102,7.13E-06,8.217433102,eyespot_up
LOC112044239,NADH dehydrogenase [ubiquinone] 1 beta subcomplex subunit 6,ND-B17,1563.462466,0.422325213,7.31E-06,-0.422325213,NA
LOC112056105,nuclear factor interleukin-3-regulated protein,vri,756.1284838,1.249969831,7.32E-06,-1.249969831,NA
LOC112048558,gastrula zinc finger protein XlCGF57.1-like isoform X2,LOC112048558,701.4788854,-0.513060803,7.39E-06,0.513060803,eyespot_up
LOC112053406,vesicle transport protein GOT1B,CG32576,854.3231008,0.367647127,7.52E-06,-0.367647127,NA
LOC112053176,"presequence protease, mitochondrial",CG3107,1806.870566,0.35423957,7.56E-06,-0.35423957,NA
LOC112053910,modular serine protease-like,Sp212,2106.61569,0.773282981,7.61E-06,-0.773282981,eyespot_down
LOC112054268,OWR54370.1 Chromatin modification-related protein YNG2,MESR4,2540.580067,0.224002973,7.62E-06,-0.224002973,NA
LOC112055472,thyroid transcription factor 1-associated protein 26 homolog,LOC112055472,1570.775124,-0.618011086,7.62E-06,0.618011086,NA
LOC112054645,NA,NA,384.1052299,1.075136313,7.90E-06,-1.075136313,NA
LOC112051354,serine palmitoyltransferase 1,Spt-I,1121.068718,-0.383561434,7.92E-06,0.383561434,NA
LOC112048078,"glucose dehydrogenase [FAD, quinone]-like",CG9503,209.9028314,-0.626301234,7.93E-06,0.626301234,NA
LOC112045523,otoferlin-like,mfr,134.4758222,-2.984561526,8.07E-06,2.984561526,NA
LOC112048716,"leucine--tRNA ligase, cytoplasmic",LeuRS,5836.674591,-0.3980216,8.20E-06,0.3980216,NA
LOC112045546,XP_026741072.1 trichohyalin-like,LOC112045546,1156.822012,0.393284452,8.21E-06,-0.393284452,NA
LOC112044925,dehydrogenase/reductase SDR family member 4,CG10672,1316.642106,0.437487401,8.25E-06,-0.437487401,NA
LOC112049278,exosome complex component RRP45,Rrp45,1246.418626,-0.369555207,8.41E-06,0.369555207,NA
LOC112048155,E3 ubiquitin-protein ligase RBBP6 isoform X1,snama,3760.319311,-0.31540056,8.48E-06,0.31540056,NA
LOC112044787,facilitated trehalose transporter Tret1-like,CG10960,79.93559907,1.513642675,8.91E-06,-1.513642675,NA
LOC112048745,ATP-binding cassette sub-family G member 4 isoform X2,CG3164,1245.213558,0.381365848,8.99E-06,-0.381365848,NA
LOC112051487,transcription factor Sox-5,Sox102F,815.1542672,-0.416032526,9.10E-06,0.416032526,NA
LOC112055954,zinc finger protein 585B-like,LOC112055954,75.27660709,0.985895538,9.33E-06,-0.985895538,NA
LOC112055962,proteasome inhibitor PI31 subunit,PI31,1076.264736,-0.40000032,9.35E-06,0.40000032,NA
LOC112047656,hemocyte protein-glutamine gamma-glutamyltransferase-like,Tg,3253.310168,1.706911808,9.41E-06,-1.706911808,NA
LOC112045205,chymotrypsin-like elastase family member 2A,CG9631,275.5999369,-1.679787238,9.46E-06,1.679787238,NA
LOC112043302,p23-like protein,LOC112043302,732.5845285,-0.477227547,9.64E-06,0.477227547,NA
LOC112050999,zinc finger protein 708-like,LOC112050999,1105.306548,0.366333489,9.72E-06,-0.366333489,NA
LOC112050723,required for meiotic nuclear division protein 1 homolog,CG11679,705.7017721,-0.826805947,9.83E-06,0.826805947,NA
LOC112046724,ankyrin repeat and LEM domain-containing protein 1-like,CG8679,121.8226377,-0.800945022,9.93E-06,0.800945022,NA
LOC112052412,melanotransferrin,Tsf2,2772.259506,-0.29550518,9.93E-06,0.29550518,NA
LOC112055277,N(4)-(Beta-N-acetylglucosaminyl)-L-asparaginase-like,CG1827,1105.429847,0.851599699,9.94E-06,-0.851599699,NA
LOC112045779,elongation of very long chain fatty acids protein AAEL008004-like,sit,49.14834992,-1.400796979,1.01E-05,1.400796979,NA
LOC112056242,NA,NA,91.22760605,-1.015885395,1.02E-05,1.015885395,NA
LOC112049520,U3 small nucleolar RNA-interacting protein 2,U3-55K,1258.566514,-0.272653252,1.02E-05,0.272653252,NA
LOC112046664,probable 26S proteasome non-ATPase regulatory subunit 3,Rpn3,5531.068002,-0.233705335,1.08E-05,0.233705335,NA
LOC112049719,chorion b-ZIP transcription factor,LOC112049719,6757.30786,1.097832523,1.08E-05,-1.097832523,NA
LOC112053328,prolyl 3-hydroxylase sudestada1,sud1,1532.205564,-0.299187992,1.10E-05,0.299187992,NA
LOC112051943,deoxynucleoside kinase-like,LOC112051943,488.1749498,-0.705628843,1.12E-05,0.705628843,NA
LOC112057094,eukaryotic translation initiation factor 3 subunit M,Tango7,416.285654,-1.430797997,1.14E-05,1.430797997,NA
LOC112051526,TELO2-interacting protein 1 homolog,CG16908,1028.381014,0.495338656,1.14E-05,-0.495338656,NA
LOC112058392,replication factor C subunit 1,Gnf1,1306.959408,-0.550608971,1.18E-05,0.550608971,NA
LOC112043691,uncharacterized protein LOC112043691,LOC112043691,222.7803945,-0.895265057,1.19E-05,0.895265057,NA
LOC112045506,GATOR complex protein NPRL2-like,Nprl2,1128.727277,-0.59944402,1.19E-05,0.59944402,NA
LOC112052623,DNA primase small subunit,DNApol-alpha50,542.418388,-0.655124542,1.20E-05,0.655124542,NA
LOC112045202,integrator complex subunit 5,omd,830.5009357,-0.298744526,1.22E-05,0.298744526,NA
LOC112046745,transcription factor stalky-like,LOC112046745,388.8704121,-1.045502149,1.23E-05,1.045502149,NA
LOC112054748,retinol dehydrogenase 13-like,CG30491,609.4892303,0.477154455,1.23E-05,-0.477154455,NA
LOC112058262,BDNF/NT-3 growth factors receptor-like isoform X1,Ror,874.679699,-0.885758171,1.25E-05,0.885758171,NA
LOC112044345,"dol-P-Man:Man(7)GlcNAc(2)-PP-Dol alpha-1,6-mannosyltransferase",Alg12,1380.921791,0.378141513,1.25E-05,-0.378141513,NA
LOC112047285,golgin subfamily A member 4-like,Golgin245,1633.32461,0.317731406,1.28E-05,-0.317731406,NA
LOC112043486,calcium-activated potassium channel slowpoke isoform X20,slo,544.1801384,-1.162117084,1.30E-05,1.162117084,NA
LOC112051028,negative elongation factor B,NELF-B,1263.398046,-0.356502069,1.31E-05,0.356502069,NA
LOC112052158,tyrosine-protein kinase Shark isoform X1,Shark,860.9467566,0.589846277,1.31E-05,-0.589846277,NA
LOC112048346,D-3-phosphoglycerate dehydrogenase,CG6287,6176.830866,-0.443884793,1.32E-05,0.443884793,NA
LOC112052877,"eukaryotic translation initiation factor 1A, X-chromosomal",eIF-1A,5555.789818,-0.283558841,1.33E-05,0.283558841,NA
LOC112048041,RNA polymerase II elongation factor Ell isoform X2,Su(Tpl),678.8275397,0.448361988,1.33E-05,-0.448361988,eyespot_up
LOC112045728,FH1/FH2 domain-containing protein 3 isoform X3,Fhos,3228.598435,0.426595077,1.34E-05,-0.426595077,NA
LOC112044308,scaffold protein salvador,sav,329.5547351,-0.50051326,1.42E-05,0.50051326,NA
LOC112057335,DNA-directed RNA polymerases I and III subunit RPAC1,CG3756,1397.732127,-0.660699329,1.43E-05,0.660699329,NA
LOC112043184,nesprin-1 isoform X2,Msp300,11344.48753,-0.656705835,1.45E-05,0.656705835,eyespot_up
LOC112047947,heparin sulfate O-sulfotransferase,Hs2st,596.4187706,0.511919763,1.46E-05,-0.511919763,NA
LOC112053566,ribulose-phosphate 3-epimerase,Rpe,1596.494219,-0.3354769,1.47E-05,0.3354769,NA
LOC112052140,ADP-ribosylation factor-like protein 6-interacting protein 1,LOC112052140,606.1398767,-0.612978179,1.47E-05,0.612978179,eyespot_down
LOC112055459,another transcription unit protein,Atu,1897.580001,-0.286818003,1.47E-05,0.286818003,NA
LOC112050924,BLOC-1-related complex subunit 6,BORCS6,462.2579711,-0.545720657,1.48E-05,0.545720657,NA
LOC112050222,glycine N-methyltransferase,Gnmt,343.8378793,0.790934638,1.50E-05,-0.790934638,NA
LOC112052479,nuclear pore complex protein Nup93-like,Nup93-1,3908.117017,-0.308740865,1.53E-05,0.308740865,NA
LOC112055148,putative centrin,LOC112055148,257.0866051,-0.903094372,1.58E-05,0.903094372,NA
LOC112058269,NHL repeat-containing protein 2,CG12547,1299.846944,0.407856922,1.58E-05,-0.407856922,NA
LOC112049356,rRNA-processing protein UTP23 homolog,CG17652,1658.650501,-0.442330466,1.63E-05,0.442330466,NA
LOC112051680,cuticle protein 1-like,CG8736,132.8474848,1.209871948,1.68E-05,-1.209871948,NA
LOC112050143,UPF0528 protein CG10038,FAM172A,616.9950555,-0.497614815,1.68E-05,0.497614815,NA
LOC112046531,uncharacterized protein LOC112046531,CG6583,2691.403505,-0.418603827,1.69E-05,0.418603827,NA
LOC112046352,glycine-rich protein DOT1-like,LOC112046352,9.981788885,6.025691494,1.72E-05,-6.025691494,NA
LOC112045070,serine/threonine-protein kinase DDB_G0283821,ko,2382.827693,-0.31944782,1.73E-05,0.31944782,NA
LOC112053689,EEF1A lysine methyltransferase 2,CG9643,800.6941075,-0.576535397,1.74E-05,0.576535397,NA
LOC112054497,protein lava lamp-like,lva,4100.189159,0.295013918,1.75E-05,-0.295013918,NA
LOC112058314,serine protease 7-like,CLIPB9,1232.420808,1.052781204,1.76E-05,-1.052781204,eyespot_down
LOC112052459,"4-aminobutyrate aminotransferase, mitochondrial",Gabat,1050.07042,-0.641292363,1.81E-05,0.641292363,NA
LOC112043405,TAR DNA-binding protein 43-like,TBPH,943.0339231,0.505483311,1.86E-05,-0.505483311,NA
LOC112054936,outer kinetochore Dsn1,LOC112054936,206.3657095,-1.37264552,1.86E-05,1.37264552,NA
LOC112052908,titin,sls,7363.693967,0.265211791,1.87E-05,-0.265211791,eyespot_up
LOC112052281,"cGMP-specific 3',5'-cGMP phosphodiesterase 3-like",LOC112052281,988.5283754,1.308066584,1.89E-05,-1.308066584,NA
LOC112043716,dihydrolipoyl dehydrogenase,CG7430,3514.931247,-0.313068952,1.90E-05,0.313068952,NA
LOC112044048,protein lethal(2)essential for life-like,l(2)efl,400.9766861,0.607416937,1.94E-05,-0.607416937,NA
LOC112043023,peptidyl-prolyl cis-trans isomerase-like,Cyp1,2036.105311,-0.350269992,1.96E-05,0.350269992,NA
LOC112054135,ras-related and estrogen-regulated growth inhibitor-like protein,CG8519,929.4212316,-0.529435553,2.00E-05,0.529435553,NA
LOC112043857,aldo-keto reductase AKR2E4-like,Akr1B,201.1283186,-1.94057954,2.02E-05,1.94057954,NA
LOC112044491,thymosin beta isoform X3,cib,39352.64383,0.493924566,2.02E-05,-0.493924566,NA
LOC112058283,sodium-coupled monocarboxylate transporter 1-like,SLC5A11,101.9276568,-1.459884647,2.02E-05,1.459884647,NA
LOC112054265,matrix metalloproteinase-25-like,Mmp2,220.7841263,1.106653944,2.04E-05,-1.106653944,NA
LOC112048266,sterol regulatory element-binding protein cleavage-activating protein,SCAP,902.1437572,0.440246091,2.06E-05,-0.440246091,NA
LOC112051799,pancreatic lipase-related protein 2-like,CG6472,338.8362081,1.076778646,2.08E-05,-1.076778646,NA
LOC112046612,protein arginine N-methyltransferase 5,csul,2466.430333,-0.288776888,2.12E-05,0.288776888,NA
LOC112056349,transmembrane emp24 domain-containing protein 5,loj,4563.291475,0.458684857,2.21E-05,-0.458684857,NA
LOC112048843,NACHT domain- and WD repeat-containing protein 1,CG30116,198.557758,0.952107194,2.23E-05,-0.952107194,NA
LOC112051031,uncharacterized protein LOC112051031,nompA,99.43081304,1.069736904,2.25E-05,-1.069736904,NA
LOC112049351,enhancer of mRNA-decapping protein 4,Ge-1,878.067786,-0.424794417,2.26E-05,0.424794417,NA
LOC112053302,putative ATPase N2B,CG8520,415.0451884,0.992403206,2.29E-05,-0.992403206,NA
LOC112050898,60S ribosomal protein L26,RpL26,37435.62517,0.404523885,2.32E-05,-0.404523885,NA
LOC112056287,uncharacterized protein LOC112056287 isoform X1,LOC112056287,158.3676322,1.360730599,2.32E-05,-1.360730599,NA
LOC112057757,"heterogeneous nuclear ribonucleoprotein A1, A2/B1 homolog",Hrb87F,6816.391117,-0.600801389,2.34E-05,0.600801389,NA
LOC112052733,"39S ribosomal protein L21, mitochondrial",mRpL21,733.6825427,-0.539649692,2.35E-05,0.539649692,NA
LOC112046436,bilin-binding protein-like,LOC112046436,47.63246162,-1.910293107,2.36E-05,1.910293107,NA
LOC112054325,WD repeat-containing protein 48 homolog,CG9062,746.2586697,-0.331934867,2.36E-05,0.331934867,NA
LOC112043312,asparagine-rich zinc finger protein AZF1,CG4374,2338.188297,0.602311355,2.42E-05,-0.602311355,NA
LOC112049163,cytochrome P450 CYP12A2-like,Cyp12b2,12.23236748,-6.346298019,2.42E-05,6.346298019,eyespot_up
LOC112055420,ribosomal RNA small subunit methyltransferase NEP1,CG3527,1406.330854,-0.570495118,2.45E-05,0.570495118,NA
LOC112045095,pre-rRNA-processing protein TSR1 homolog,Tsr1,4606.197263,-0.28286677,2.49E-05,0.28286677,eyespot_down
LOC112055975,vanin-like protein 2 isoform X1,CG32751,263.088364,1.560649552,2.49E-05,-1.560649552,NA
LOC112045460,zinc finger protein chinmo isoform X1,chinmo,750.8195806,0.481552232,2.54E-05,-0.481552232,NA
LOC112056473,developmentally-regulated GTP-binding protein 2,CG6195,1708.894774,-0.329577437,2.56E-05,0.329577437,NA
LOC112050091,apolipoprotein D-like,LOC112050091,1522.295567,0.759162004,2.58E-05,-0.759162004,eyespot_up
LOC112046928,uncharacterized protein LOC112046928,m,1654.278579,0.568114122,2.69E-05,-0.568114122,NA
LOC112055454,probable serine/threonine-protein kinase DDB_G0278845,LOC112055454,173.461848,1.774202103,2.69E-05,-1.774202103,NA
LOC112049546,26S proteasome non-ATPase regulatory subunit 4,Rpn10,4293.104461,-0.281786071,2.72E-05,0.281786071,NA
LOC112046273,probable tRNA N6-adenosine threonylcarbamoyltransferase,Tcs3,715.1113801,-0.303351752,2.75E-05,0.303351752,NA
LOC112053254,DNA polymerase delta catalytic subunit,DNApol-delta,1296.056449,-0.68907501,2.76E-05,0.68907501,NA
LOC112048640,optomotor-blind protein isoform X5,bi,13074.78565,0.337529072,2.81E-05,-0.337529072,NA
LOC112050083,actin-related protein 2/3 complex subunit 3,Arpc3A,1700.382781,-0.303585902,2.87E-05,0.303585902,NA
LOC112051927,flocculation protein FLO11,CG15080,109.3577632,-1.166030066,2.89E-05,1.166030066,NA
LOC112047536,urbain precursor,LOC112047536,255108.6651,0.931338781,2.90E-05,-0.931338781,NA
LOC112045752,cadherin-23,Cad74A,20523.08136,0.658281701,2.91E-05,-0.658281701,NA
LOC112047212,helicase SKI2W,tst,1197.560865,-0.445142836,2.91E-05,0.445142836,NA
LOC112046876,serrate RNA effector molecule homolog isoform X1,Ars2,4563.059368,0.362796255,2.96E-05,-0.362796255,NA
LOC112045074,guanine nucleotide-binding protein-like 3 homolog,Ns1,3725.491179,-0.404444401,2.97E-05,0.404444401,NA
LOC112050256,NA,NA,162.4982003,-0.674169995,3.06E-05,0.674169995,NA
LOC112046202,replication protein A 70 kDa DNA-binding subunit,RpA-70,3015.380531,-0.458826526,3.06E-05,0.458826526,NA
LOC112053358,transmembrane protein 164,CG14591,1027.770967,-0.383072044,3.06E-05,0.383072044,NA
LOC112046960,protein transport protein sft2,CG33635,1723.168125,0.346393593,3.06E-05,-0.346393593,NA
LOC112044401,deoxynucleoside kinase,dnk,1992.331231,-0.932816644,3.07E-05,0.932816644,NA
LOC112052395,proteasome subunit beta type-5,Prosbeta5,5192.118704,-0.311176186,3.08E-05,0.311176186,NA
LOC112051312,protein lin-52 homolog,LOC112051312,488.1298518,-0.811807591,3.08E-05,0.811807591,NA
LOC112058361,putative epidermal cell surface receptor isoform X1,sas,9034.586452,0.701059084,3.10E-05,-0.701059084,NA
LOC112049458,F-box/LRR-repeat protein 2 isoform X1,FipoQ,18.03462958,-2.399342861,3.10E-05,2.399342861,NA
LOC112053068,polycomb group RING finger protein 3,l(3)73Ah,1447.989763,0.263428442,3.14E-05,-0.263428442,NA
LOC112042872,dnaJ homolog subfamily C member 9,CG6693,1451.303692,-0.402593463,3.21E-05,0.402593463,NA
LOC112043315,putative nuclease HARBI1,CG12253,122.0867598,1.259262256,3.25E-05,-1.259262256,NA
LOC112053859,60S ribosomal protein L4,RpL4,133686.0365,0.307181687,3.25E-05,-0.307181687,NA
LOC112052415,golgin subfamily A member 7,CG5447,351.1217246,0.700935075,3.26E-05,-0.700935075,NA
LOC112050437,oocyte zinc finger protein XlCOF6-like,LOC112050437,98.15430239,1.181715837,3.27E-05,-1.181715837,NA
LOC112044633,kin of IRRE-like protein 2,side,28.07705665,-1.705597299,3.31E-05,1.705597299,NA
LOC112045288,uncharacterized protein LOC112045288,CG15601,671.5632211,-0.732398931,3.32E-05,0.732398931,NA
LOC112058135,organic cation transporter protein-like,CG42269,206.2446819,0.813194901,3.42E-05,-0.813194901,NA
LOC112053535,proton-coupled folate transporter,CG42514,304.9106442,-0.646017352,3.44E-05,0.646017352,NA
LOC112050122,mitochondrial intermediate peptidase,CG7791,1097.264486,0.401663292,3.49E-05,-0.401663292,NA
LOC112044923,BUB3-interacting and GLEBS motif-containing protein ZNF207 isoform X1,BuGZ,3927.169409,-0.263856239,3.50E-05,0.263856239,NA
LOC112050217,probable U3 small nucleolar RNA-associated protein 11,CG1789,795.1303551,-0.448467665,3.50E-05,0.448467665,NA
LOC112050075,transmembrane protein 177,CG33506,704.7221685,-0.323514588,3.53E-05,0.323514588,NA
LOC112044075,"cAMP-specific 3',5'-cyclic phosphodiesterase isoform X1",dnc,254.7907265,-0.527785665,3.54E-05,0.527785665,eyespot_up
LOC112050396,histone H2A.V,His2Av,17076.16559,-0.280997661,3.66E-05,0.280997661,NA
LOC112043122,nuclear pore complex protein Nup160-like,LOC112043122,1203.502843,-0.35168909,3.70E-05,0.35168909,NA
LOC112043416,longitudinals lacking protein-like isoform X1,lola,5859.172696,0.285120147,3.71E-05,-0.285120147,NA
LOC112058495,uncharacterized protein LOC112058495 isoform X1,LOC112058495,45.23843993,-1.781151202,3.73E-05,1.781151202,NA
LOC112052294,serine/threonine-protein kinase mTOR,TOR,1559.167677,-0.366605793,3.89E-05,0.366605793,NA
LOC112045819,NA,NA,170.8900976,0.894189567,3.90E-05,-0.894189567,NA
LOC112049575,transmembrane protein 50A,CG15012,447.8297838,0.478605972,3.91E-05,-0.478605972,NA
LOC112050704,ATP-dependent RNA helicase WM6,Hel25E,12288.94614,-0.289266266,3.95E-05,0.289266266,NA
LOC112053026,NA,NA,336.7818813,-0.967953354,3.95E-05,0.967953354,NA
LOC112057189,nuclear protein 1,CG6770,6499.283641,0.376694117,3.95E-05,-0.376694117,NA
LOC112053988,uncharacterized protein LOC112053988,RhoGEF64C,1946.791632,0.62644871,3.97E-05,-0.62644871,eyespot_up
LOC112049341,probable H/ACA ribonucleoprotein complex subunit 1,CG4038,3360.103708,-0.266197593,4.01E-05,0.266197593,NA
LOC112045032,ankyrin repeat domain-containing protein 13D,CG15118,294.5010828,-0.546652824,4.03E-05,0.546652824,NA
LOC112047730,Receptor-type tyrosine-protein phosphatase R,PTP-ER,1397.280692,0.342349343,4.19E-05,-0.342349343,NA
LOC112046673,uncharacterized protein LOC112046673 isoform X1,CG2865,2008.879058,0.514758869,4.23E-05,-0.514758869,eyespot_up
LOC112052882,OWR44639.1 putative PDZ domain containing 3,a,348.0015084,-0.94842058,4.25E-05,0.94842058,NA
LOC112054422,GATA zinc finger domain-containing protein 14-like isoform X2,LOC112054422,156.2435358,1.261306325,4.29E-05,-1.261306325,NA
LOC112046722,U3 small nucleolar ribonucleoprotein protein IMP3,CG4866,1135.417767,-0.431863743,4.32E-05,0.431863743,NA
LOC112049711,NA,NA,105.5250413,-0.733927573,4.32E-05,0.733927573,NA
LOC112053662,mutS protein homolog 4-like,spel1,13.10985474,-3.297839329,4.36E-05,3.297839329,NA
LOC112056437,molybdenum cofactor sulfurase,mal,366.0919746,0.616117465,4.36E-05,-0.616117465,NA
LOC112054323,prenylated Rab acceptor protein 1 isoform X2,CG1418,464.7293216,0.55532449,4.38E-05,-0.55532449,NA
LOC112053552,golgin subfamily A member 5,Golgin84,1090.514038,0.493784902,4.41E-05,-0.493784902,NA
LOC112044981,ganglioside-induced differentiation-associated protein 1,Gdap1,723.3930396,-0.755892995,4.46E-05,0.755892995,NA
LOC112043829,uncharacterized abhydrolase domain-containing protein DDB_G0269086-like,CG33257,276.5928786,0.585783296,4.48E-05,-0.585783296,NA
LOC112055196,putative mediator of RNA polymerase II transcription subunit 26,LOC112055196,904.989943,-0.287004463,4.48E-05,0.287004463,NA
LOC112053635,uncharacterized protein LOC112053635 isoform X1,LOC112053635,1059.775709,0.303887268,4.53E-05,-0.303887268,NA
LOC112055143,probable small nuclear ribonucleoprotein Sm D1,SmD1,4058.356366,-0.298263513,4.53E-05,0.298263513,NA
LOC112048084,rho GDP-dissociation inhibitor 1,RhoGDI,637.0341633,0.486011433,4.60E-05,-0.486011433,NA
LOC112049705,"glycine cleavage system H protein, mitochondrial",ppl,304.69095,-0.651262323,4.60E-05,0.651262323,NA
LOC112044967,chitin deacetylase 4,Cda4,3143.482549,-0.790272041,4.66E-05,0.790272041,NA
LOC112045069,midnolin homolog,stx,1377.909001,0.324545078,4.66E-05,-0.324545078,NA
LOC112053503,kynurenine--oxoglutarate transaminase 3 isoform X1,Kyat,624.4845897,-0.400546001,4.74E-05,0.400546001,NA
LOC112045313,NAD kinase-like isoform X5,CG33156,1983.618829,-0.266037521,4.79E-05,0.266037521,NA
LOC112053556,D-tyrosyl-tRNA(Tyr) deacylase 1,Dtd,220.1896522,0.703614885,4.80E-05,-0.703614885,NA
LOC112058072,axoneme-associated protein mst101(2) isoform X1,Pif1A,12473.44642,0.432396395,4.81E-05,-0.432396395,NA
LOC112043845,actin-related protein 10,Arp11,872.0347733,-0.422993864,4.82E-05,0.422993864,NA
LOC112056572,E3 ubiquitin-protein ligase CBL-B-B isoform X1,Cbl,914.3476843,0.269012013,4.82E-05,-0.269012013,NA
LOC112050528,peptidyl-prolyl cis-trans isomerase G,Moca-cyp,2035.672577,-0.741047805,4.87E-05,0.741047805,NA
LOC112049989,citron Rho-interacting kinase-like,sti,168.5871578,-0.882981808,4.96E-05,0.882981808,NA
LOC112052273,tissue alpha-L-fucosidase-like,Fuca,349.2421021,-0.519437928,4.97E-05,0.519437928,NA
LOC112049322,laminin subunit alpha-2-like,trol-,1145.085421,0.267884736,5.03E-05,-0.267884736,NA
LOC112045994,cyclin-A2-like,CycA,4040.716248,-0.407049073,5.04E-05,0.407049073,NA
LOC112049113,"sushi, von Willebrand factor type A, EGF and pentraxin domain-containing protein 1",fw,759.7618363,0.543417825,5.06E-05,-0.543417825,NA
LOC112053848,putative aminopeptidase W07G4.4,Dip-B,672.6403392,1.014255105,5.06E-05,-1.014255105,NA
LOC112053597,6-phosphogluconolactonase,CG17333,1227.328552,-0.463659895,5.09E-05,0.463659895,NA
LOC112044866,chitin synthase,kkv,238.0235445,-1.744121834,5.10E-05,1.744121834,NA
LOC112049071,protein DENND6A,CG3309,630.141797,0.357183938,5.10E-05,-0.357183938,NA
LOC112052291,SH3 domain-containing protein Dlish,Dlish,3721.788664,-0.213680447,5.12E-05,0.213680447,NA
LOC112055063,60S ribosomal protein L18,RpL18,41247.84557,0.343931235,5.20E-05,-0.343931235,NA
LOC112047587,cytochrome b reductase 1-like isoform X2,nemy,570.1044136,1.626203677,5.28E-05,-1.626203677,NA
LOC112044573,"leucine-rich PPR motif-containing protein, mitochondrial",bsf,3170.862183,-0.284311412,5.32E-05,0.284311412,NA
LOC112057877,venom carboxylesterase-6-like,Est-6,290.8725584,2.324777616,5.46E-05,-2.324777616,NA
LOC112058043,follistatin-A,LOC112058043,87.11348743,-1.22700684,5.47E-05,1.22700684,NA
LOC112055822,E3 ubiquitin-protein ligase RNF8-like isoform X2,LOC112055822,982.2608017,-0.350340462,5.56E-05,0.350340462,NA
LOC112046818,leucine-rich repeat-containing protein 15,Lrt,4145.003214,-0.886947431,5.59E-05,0.886947431,NA
LOC112051223,ATM interactor,LOC112051223,153.7088888,0.703593251,5.59E-05,-0.703593251,NA
LOC112055744,probable maleylacetoacetate isomerase 1,GstZ1,133.1013278,1.373565388,5.65E-05,-1.373565388,NA
LOC112052208,transcriptional regulator ATRX,ADD1,4296.443937,-0.21639661,5.67E-05,0.21639661,NA
LOC112049103,"WAP, Kazal, immunoglobulin, Kunitz and NTR domain-containing protein",LOC112049103,428.5713047,1.363129273,5.74E-05,-1.363129273,eyespot_down
LOC112052491,NA,NA,138.9342169,1.73984639,5.78E-05,-1.73984639,NA
LOC112045369,Mucosa-associated lymphoid tissue lymphoma translocation protein 1,LOC112045369,1018.831968,0.337710229,5.80E-05,-0.337710229,NA
LOC112049016,ejaculatory bulb-specific protein 3-like,CSP6,118.7610738,-1.395202676,5.82E-05,1.395202676,eyespot_down
LOC112044693,acetylcholine receptor subunit alpha-like 2,nAChRa2,140.5481624,-1.741162636,5.82E-05,1.741162636,NA
LOC112055327,protein obstructor-E isoform X2,Gasp,13755.40774,0.995929318,5.86E-05,-0.995929318,eyespot_down
LOC112050243,uncharacterized protein LOC112050243,CG14321,41.71041071,-2.219958322,5.96E-05,2.219958322,NA
LOC112047298,"protein tramtrack, alpha isoform isoform X3",ttk,10298.00395,0.612941249,6.08E-05,-0.612941249,NA
LOC112047776,RNA pseudouridylate synthase domain-containing protein 1-like,LOC112047776,170.9904086,-0.999275257,6.20E-05,0.999275257,NA
LOC112053681,F-box-like/WD repeat-containing protein TBL1XR1,ebi,2300.891768,-0.225244023,6.20E-05,0.225244023,NA
LOC112055329,uncharacterized protein LOC112055329,LOC112055329,274.5263129,2.115860797,6.22E-05,-2.115860797,NA
LOC112044206,uncharacterized protein LOC112044206 isoform X2,exp,393.0743016,0.861685429,6.27E-05,-0.861685429,NA
LOC112051068,"28S ribosomal protein S28, mitochondrial",mRpS28,607.3921332,-0.512823457,6.27E-05,0.512823457,NA
LOC112045529,putative lysozyme,LYSC6,34.098573,3.683212047,6.28E-05,-3.683212047,NA
LOC112052254,uncharacterized protein LOC112052254,LOC112052254,53.30351742,1.694439767,6.28E-05,-1.694439767,NA
LOC112043860,serine/threonine-protein kinase 17A isoform X1,Drak,3481.802304,0.508846962,6.31E-05,-0.508846962,NA
LOC112047233,probable rRNA-processing protein EBP2 homolog,CG1542,2502.011162,-0.427992384,6.42E-05,0.427992384,NA
LOC112042986,HBS1-like protein,HBS1,1391.171513,-0.33218392,6.44E-05,0.33218392,NA
LOC112046814,uncharacterized protein LOC112046814 isoform X1,LOC112046814,1572.790799,0.634779525,6.47E-05,-0.634779525,NA
LOC112046755,inhibitor of Bruton tyrosine kinase,CG8060,2092.915263,-0.274612739,6.54E-05,0.274612739,NA
LOC112054602,ornithine decarboxylase 1-like,Odc1,2524.079018,0.40319869,6.60E-05,-0.40319869,NA
LOC112042900,Neuronal pentraxin-2,b6,2893.1733,1.431717307,6.65E-05,-1.431717307,eyespot_up
LOC112057689,"probable 39S ribosomal protein L45, mitochondrial",mRpL45,1553.094916,-0.36016069,6.79E-05,0.36016069,NA
LOC112045344,mitochondrial carrier protein Rim2 isoform X1,Rim2,434.8852679,-0.636050204,6.81E-05,0.636050204,NA
LOC112056703,NADH dehydrogenase [ubiquinone] 1 beta subcomplex subunit 9,ND-B22,1851.495436,0.3136281,6.86E-05,-0.3136281,NA
LOC112054776,hyaluronidase PH-20-like isoform X1,LOC112054776,41.74602455,-1.858002326,6.93E-05,1.858002326,NA
LOC112049830,protein yippee-like CG15309 isoform X1,CG15309,1454.075701,0.584617263,6.97E-05,-0.584617263,eyespot_down
LOC112049358,anaphase-promoting complex subunit 13,CG33981,849.6051289,-0.58712797,7.07E-05,0.58712797,NA
LOC112048797,mediator of RNA polymerase II transcription subunit 17,MED17,1029.570478,-0.27290197,7.09E-05,0.27290197,NA
LOC112045634,multidrug resistance-associated protein 4-like,CG4562,1610.167251,-0.257605357,7.23E-05,0.257605357,eyespot_down
LOC112049476,histone H2A,His2A:CG31618,83.59493173,-0.973592146,7.35E-05,0.973592146,NA
LOC112048180,nuclear pore complex protein Nup214-like isoform X2,Nup214,4046.843926,-0.228613819,7.52E-05,0.228613819,NA
LOC112058247,dnaJ homolog subfamily A member 2-like,Droj2,6255.068976,-0.217667777,7.52E-05,0.217667777,NA
LOC112054739,patj homolog,Patj,353.7001048,-0.476760133,7.69E-05,0.476760133,NA
LOC112052398,transcription factor AP-2-epsilon isoform X1,AP-2,1318.339124,1.117036164,7.69E-05,-1.117036164,NA
LOC112047751,NA,NA,16.96883981,3.959010152,7.74E-05,-3.959010152,NA
LOC112054302,PAN2-PAN3 deadenylation complex subunit PAN3 isoform X2,PAN3,627.1875633,0.532644994,7.98E-05,-0.532644994,NA
LOC112051893,enhancer of split mbeta protein-like,E(spl)mbeta-HLH,724.0973392,0.528731422,7.99E-05,-0.528731422,NA
LOC112049978,protein Fe65 homolog isoform X1,LOC112049978,350.5553187,-0.613542724,8.03E-05,0.613542724,NA
LOC112052375,protein bric-a-brac 2-like isoform X2,CG8924,442.3347833,-0.579285839,8.03E-05,0.579285839,NA
LOC112054105,CD63 antigen-like,Tsp47F,24.54198309,8.05733213,8.03E-05,-8.05733213,NA
LOC112051027,lymphokine-activated killer T-cell-originated protein kinase,CG8173,1078.574401,-0.896680317,8.09E-05,0.896680317,NA
LOC112058396,Lipase 3,Rgk1,55.47807126,1.356263669,8.09E-05,-1.356263669,NA
LOC112052645,heat shock 70 kDa protein cognate 4,Hsc70-4,155188.6417,0.523342524,8.20E-05,-0.523342524,NA
LOC112058002,retinoblastoma-like protein 1,Rbf,767.2314457,-0.764095857,8.25E-05,0.764095857,NA
LOC112052112,fat-like cadherin-related tumor suppressor homolog,kug,4085.115477,0.424484727,8.25E-05,-0.424484727,eyespot_up
LOC112044023,sin3 histone deacetylase corepressor complex component SDS3,CG14220,499.1785692,-0.633339229,8.33E-05,0.633339229,NA
LOC112043351,zinc finger protein 622,CG6769,1114.822903,-0.259832575,8.38E-05,0.259832575,NA
LOC112043346,KPI93276.1 F-box/LRR-repeat protein 6,Fbl6,1138.890975,0.333625139,8.42E-05,-0.333625139,NA
LOC112050019,protein KTI12 homolog,CG3587,718.8822933,-0.678799742,8.47E-05,0.678799742,NA
LOC112053766,multiple C2 and transmembrane domain-containing protein-like isoform X1,Mctp,467.1898582,0.646742116,8.58E-05,-0.646742116,NA
LOC112045872,plexin domain-containing protein 2,l(1)G0289,1443.925772,0.369412647,8.59E-05,-0.369412647,NA
LOC112044283,neuronal acetylcholine receptor subunit alpha-7 isoform X1,nAChRalpha6,55.52042961,1.441674415,8.61E-05,-1.441674415,NA
LOC112048669,"NADH dehydrogenase (ubiquinone) complex I, assembly factor 6 isoform X1",sicily,231.6112012,-0.616238362,8.66E-05,0.616238362,NA
LOC112052312,"calcium uniporter protein, mitochondrial",MCU,322.1306813,0.441860785,8.75E-05,-0.441860785,NA
LOC112054846,atrial natriuretic peptide-converting enzyme,CG1632,879.9928768,1.027015194,8.78E-05,-1.027015194,NA
LOC112049588,zinc finger protein 91-like,CG7987,382.4886307,0.588756205,8.83E-05,-0.588756205,NA
LOC112053081,S1 RNA-binding domain-containing protein 1,CG31156,401.1480455,0.679527946,9.12E-05,-0.679527946,NA
LOC112054927,peroxisomal biogenesis factor 3,Pex3,2027.642242,-0.245356493,9.21E-05,0.245356493,NA
LOC112055473,F-box/WD repeat-containing protein 4,LOC112055473,815.254611,0.4406442,9.24E-05,-0.4406442,NA
LOC112042843,dnaJ homolog subfamily C member 8,CG10375,1991.428202,0.408602394,9.44E-05,-0.408602394,NA
LOC112049746,"endoplasmic reticulum mannosyl-oligosaccharide 1,2-alpha-mannosidase",alpha-Man-Ib,876.2323393,0.383633192,9.47E-05,-0.383633192,NA
LOC112050669,uncharacterized protein LOC112050669 isoform X2,RhoGAP71E,851.3802906,-0.503046488,9.53E-05,0.503046488,eyespot_up
LOC112057031,Protein translocase subunit secA,LOC112057031,176.6571564,2.035541694,9.53E-05,-2.035541694,NA
LOC112043495,L-threonine ammonia-lyase-like,Srr,25.3247228,-1.591729624,9.64E-05,1.591729624,NA
LOC112043700,serine/arginine repetitive matrix protein 2 isoform X1,Srrm234,3509.056194,-0.2008234,9.67E-05,0.2008234,NA
LOC112050276,PAS domain-containing serine/threonine-protein kinase,Pask,248.9369385,-1.353467088,9.69E-05,1.353467088,NA
LOC112049987,tetratricopeptide repeat protein 28,CG43163,4293.241528,-0.304768022,9.82E-05,0.304768022,NA
LOC112047428,"ubiquinone biosynthesis protein COQ9-B, mitochondrial-like isoform X2",Coq9,1374.304591,-0.404318356,9.83E-05,0.404318356,NA
LOC112043663,ELAV-like protein 1,fne,2090.009929,0.401015593,9.92E-05,-0.401015593,NA
LOC112045632,ecdysteroid 22-kinase,CG31288,122.2091297,1.437114828,0.000100218,-1.437114828,NA
LOC112054131,MATH and LRR domain-containing protein PFE0570w-like,LOC112054131,666.5186318,0.598401634,0.000100218,-0.598401634,NA
LOC112043743,uncharacterized protein LOC112043743,LOC112043743,99.17350131,1.033716651,0.000101829,-1.033716651,NA
LOC112054178,"histone-lysine N-methyltransferase, H3 lysine-79 specific isoform X1",gpp,2692.562418,0.386544811,0.000102849,-0.386544811,NA
LOC112049632,glucose-6-phosphate exchanger SLC37A2 isoform X1,MFS16,1663.467447,-0.433597247,0.000103052,0.433597247,NA
LOC112043671,uncharacterized protein LOC112043671,LOC112043671,163.7667132,-1.116502334,0.0001042,1.116502334,NA
LOC112052915,FK506-binding protein 2,Fkbp14,9013.650653,0.689201042,0.0001042,-0.689201042,NA
LOC112057816,nucleolar protein 58,nop5,10020.65019,-0.393825556,0.000105892,0.393825556,NA
LOC112043084,cullin-5,Cul5,2444.972772,0.194737225,0.000106163,-0.194737225,NA
LOC112052304,"28S ribosomal protein S15, mitochondrial",bonsai,1461.869336,-0.389914361,0.000106288,0.389914361,NA
LOC112043141,uncharacterized protein LOC112043141 isoform X1,LOC112043141,1292.935635,1.09198025,0.000107759,-1.09198025,NA
LOC112043916,NA,NA,1597.121424,0.709262616,0.00010798,-0.709262616,NA
LOC112042811,mitochondrial import inner membrane translocase subunit Tim22,CG31229,688.8649519,-0.419304448,0.000107994,0.419304448,NA
LOC112046685,heme transporter hrg1-B-like,LOC112046685,319.6069071,0.536785236,0.000107994,-0.536785236,NA
LOC112046734,NADH dehydrogenase [ubiquinone] iron-sulfur protein 5-like,Ndufs5,1492.973721,-0.425417834,0.000110806,0.425417834,NA
LOC112046481,ATP-dependent RNA helicase DDX42,CG6418,3256.391272,-0.374454571,0.00011403,0.374454571,NA
LOC112048958,UPF0389 protein CG9231,RpL24,381.2119606,0.713875854,0.00011403,-0.713875854,NA
LOC112056716,inositol polyphosphate 5-phosphatase E-like,INPP5E,7.328088988,6.295740994,0.000115096,-6.295740994,NA
LOC112049558,nuclear hormone receptor HR96 isoform X1,Hr96,461.3207903,0.540225872,0.000115238,-0.540225872,NA
LOC112050110,argininosuccinate lyase,Argl,37.72124288,-1.878624691,0.000115286,1.878624691,NA
LOC112053204,transmembrane protein 258,kud,2661.284642,-0.470284129,0.000119059,0.470284129,NA
LOC112057709,kinesin-like protein Klp61F,Klp61F,1571.396348,-0.841505654,0.000119226,0.841505654,NA
LOC112055354,cell cycle checkpoint protein RAD1,Rad1,203.4543097,-0.970708522,0.000119595,0.970708522,NA
LOC112049970,uncharacterized protein LOC112049970,LOC112049970,877.0386866,0.355563659,0.000121655,-0.355563659,NA
LOC112043319,mitochondrial chaperone BCS1,CG4908,428.4774356,-0.393857181,0.000122212,0.393857181,NA
LOC112043412,cohesin subunit SA-1,SA,9008.199636,-0.226066595,0.000123282,0.226066595,NA
LOC112046961,mitochondrial pyruvate carrier 1,Mpc1,739.2609409,0.384727864,0.000123583,-0.384727864,NA
LOC112045363,2-hydroxyacyl-CoA lyase 1 isoform X1,Hacl,780.6306494,-0.386688372,0.000124292,0.386688372,NA
LOC112049828,probable cytochrome P450 49a1,Cyp12e1,399.1053039,0.653081248,0.000124292,-0.653081248,NA
LOC112051394,uncharacterized protein LOC112051394 isoform X1,CG1674,51.12747822,-1.82447909,0.000125113,1.82447909,NA
LOC112048570,poly [ADP-ribose] polymerase,Parp,3565.940857,-0.516749949,0.000125296,0.516749949,NA
LOC112046103,proteasome subunit beta type-1,Prosbeta6,3863.985491,-0.306315612,0.000127148,0.306315612,NA
LOC112050192,uncharacterized protein LOC112050192,LOC112050192,14.75008582,-7.342229306,0.000127623,7.342229306,NA
LOC112051472,transient receptor potential cation channel protein painless,pain,893.2879394,1.785486614,0.000127623,-1.785486614,eyespot_up
LOC112052150,calcium-transporting ATPase sarcoplasmic/endoplasmic reticulum type isoform X2,SERCA,4957.266211,0.291083,0.000127623,-0.291083,NA
LOC112051167,double-strand break repair protein MRE11,mre11,4074.194585,-0.260182905,0.000129683,0.260182905,NA
LOC112052724,uncharacterized protein LOC112052724 isoform X1,l(3)mbt,830.664098,-0.391930829,0.000130193,0.391930829,NA
LOC112043149,ubiquitin carboxyl-terminal hydrolase 36,scny,906.7439107,0.435148851,0.000130683,-0.435148851,NA
LOC112046170,monocarboxylate transporter 13 isoform X2,hrm,1142.206482,0.445140348,0.000130683,-0.445140348,NA
LOC112053948,coiled-coil domain-containing protein 22,CG9951,256.6162509,0.727953046,0.000130892,-0.727953046,NA
LOC112044488,ribosome biogenesis protein NSA2 homolog,Ip259,11750.80772,0.613481001,0.000131106,-0.613481001,NA
LOC112051734,hydrocephalus-inducing protein homolog,LOC112051734,18.4078402,4.074573957,0.000132694,-4.074573957,NA
LOC112044103,elongation of very long chain fatty acids protein 7-like,sit,44.38925474,1.986470657,0.000134669,-1.986470657,NA
LOC112058491,"glucose 1,6-bisphosphate synthase",Pgm2a,237.5041779,-0.738562336,0.000134669,0.738562336,NA
LOC112045748,elongation of very long chain fatty acids protein 7-like,bond,29.87664269,-1.994165899,0.000135753,1.994165899,NA
LOC112054375,putative nuclease HARBI1,LOC112054375,248.3723036,-0.77621652,0.000135753,0.77621652,NA
LOC112057965,centromere protein L,LOC112057965,386.1099508,-1.127506657,0.000140539,1.127506657,NA
LOC112055465,macrophage mannose receptor 1-like,LOC112055465,96.9803764,1.466261504,0.000140951,-1.466261504,NA
LOC112044575,"malate dehydrogenase, cytoplasmic",Mdh1,6834.262961,-0.268915188,0.00014123,0.268915188,NA
LOC112044282,mediator of RNA polymerase II transcription subunit 27,MED27,853.3292024,0.413073708,0.000142341,-0.413073708,NA
LOC112051087,adhesive plaque matrix protein,CG13003,1111.478053,1.187165117,0.000147192,-1.187165117,eyespot_down
LOC112053913,leucine-rich repeat-containing protein 58,CG32687,155.950305,0.799504951,0.000147192,-0.799504951,NA
LOC112049794,dual specificity protein kinase lkh1 isoform X1,Doa,3199.862396,-0.311614739,0.00014728,0.311614739,NA
LOC112050733,mevalonate kinase,CG33671,744.7788427,0.400785377,0.000147359,-0.400785377,NA
LOC112045508,uncharacterized protein LOC112045508 isoform X1,LOC112045508,3531.829697,0.605876857,0.000148295,-0.605876857,NA
LOC112053167,"39S ribosomal protein L18, mitochondrial",mRpL18,677.8512535,-0.640324573,0.000148496,0.640324573,NA
LOC112046904,polyadenylate-binding protein 1,pAbp,95298.16042,0.271093427,0.000149067,-0.271093427,NA
LOC112052268,tetratricopeptide repeat protein 37,LOC112052268,1300.535877,-0.471887452,0.000150245,0.471887452,NA
LOC112056086,CD151 antigen-like,LOC112056086,133.2769064,1.004999297,0.000150414,-1.004999297,NA
LOC112043521,uncharacterized protein LOC112043521,LOC112043521,963.1102219,0.445455234,0.000152187,-0.445455234,NA
LOC112043170,"enoyl-CoA delta isomerase 2, mitochondrial",Dci,824.6482649,0.623871114,0.000153198,-0.623871114,NA
LOC112049942,uncharacterized protein LOC112049942,LOC112049942,448.4988236,0.871643623,0.000153468,-0.871643623,NA
LOC112043851,polypeptide N-acetylgalactosaminyltransferase 1-like isoform X1,Pgant1,1053.586895,-0.3735313,0.000153761,0.3735313,NA
LOC112045947,solute carrier family 28 member 3-like,CNT2,88.79016578,1.553965715,0.000154952,-1.553965715,NA
LOC112043015,uncharacterized protein LOC112043015 isoform X1,LOC112043015,12.55763104,3.498258659,0.000160438,-3.498258659,NA
LOC112049908,heat shock protein Hsp-12.2-like,CG4461,12.76177195,3.774976021,0.000160438,-3.774976021,NA
LOC112051227,proteoglycan 4-like,Paip2,3287.230273,0.313305085,0.000161149,-0.313305085,eyespot_up
LOC112044663,heterogeneous nuclear ribonucleoprotein 27C isoform X6,Hrb27C,30750.581,-0.203820583,0.000161716,0.203820583,eyespot_up
LOC112054224,neuroblastoma-amplified sequence-like,LOC112054224,2184.499797,0.431999442,0.000162787,-0.431999442,NA
LOC112056080,protein amalgam-like isoform X1,CG34353,970.7573526,0.488491959,0.000162787,-0.488491959,NA
LOC112052867,uncharacterized protein LOC112052867 isoform X1,CG6398,4464.154427,0.514101056,0.000162929,-0.514101056,NA
LOC112044723,glutamate-rich WD repeat-containing protein 1,l(2)09851,2807.540851,-0.319448055,0.000163024,0.319448055,NA
LOC112049135,pre-mRNA 3' end processing protein WDR33,Wdr33,1481.791282,-0.420191232,0.000163024,0.420191232,NA
LOC112054343,"pyruvate dehydrogenase (acetyl-transferring) kinase, mitochondrial",Pdk,285.7187711,0.530082251,0.00016305,-0.530082251,NA
LOC112051641,EF-hand calcium-binding domain-containing protein 2 isoform X1,CG11041,21.58630073,2.099235791,0.000163333,-2.099235791,NA
LOC112047102,oocyte zinc finger protein XlCOF26-like,LOC112047102,284.5565574,0.478279181,0.000163703,-0.478279181,NA
LOC112053516,"succinate dehydrogenase assembly factor 2-B, mitochondrial-like",CG14757,495.681625,0.572987618,0.000164734,-0.572987618,NA
LOC112053103,protein spaetzle 4 isoform X1,spz4,162.3479113,1.728221789,0.000165731,-1.728221789,NA
LOC112043473,calcium release-activated calcium channel protein 1 isoform X1,Orai,556.1510483,0.59115109,0.000165815,-0.59115109,NA
LOC112045053,UDP-xylose and UDP-N-acetylglucosamine transporter,Efr,1723.912886,0.257069329,0.000165815,-0.257069329,NA
LOC112044492,regucalcin-like,regucalcin,387.8325143,-1.239881403,0.000166633,1.239881403,NA
LOC112058180,PAX3- and PAX7-binding protein 1,CG1965,841.0362,-0.328732207,0.000166687,0.328732207,NA
LOC112043155,nuclear pore complex protein Nup160 homolog,Nup160,2429.826069,-0.329831222,0.000167063,0.329831222,NA
LOC112055179,"D-2-hydroxyglutarate dehydrogenase, mitochondrial",D2hgdh,108.344509,1.929805123,0.000173331,-1.929805123,NA
LOC112047152,guanine nucleotide exchange factor subunit Rich,Rich,551.5079871,0.387294327,0.000173777,-0.387294327,NA
LOC112043255,Protein MEMO1,LOC112043255,405.6936676,-0.880057117,0.000174445,0.880057117,NA
LOC112046293,rho GTPase-activating protein 1-like,RhoGAP68F,175.2794228,0.689539264,0.000174826,-0.689539264,NA
LOC112044442,protein alan shepard isoform X1,shep,3428.597914,0.745445226,0.000175202,-0.745445226,eyespot_up
LOC112047223,DNA replication licensing factor Mcm5,Mcm5,2224.717192,-0.458242375,0.000175513,0.458242375,NA
LOC112050834,proliferation-associated protein 2G4,CG10576,15833.43447,-0.311356503,0.00018139,0.311356503,NA
LOC112056623,OWR44436.1 ecdysteroid 22-kinase,CG13813,271.8132273,1.966737842,0.00018139,-1.966737842,NA
LOC112053901,leucine-zipper-like transcriptional regulator 1,LOC112053901,124.4036116,0.905566255,0.000181776,-0.905566255,NA
LOC112051396,chloride channel protein 2 isoform X2,ClC-a,1170.340394,-0.777829878,0.000183416,0.777829878,NA
LOC112053886,titin isoform X4,CG34417,50723.52542,0.336980796,0.000183452,-0.336980796,eyespot_up
LOC112043236,glycosylphosphatidylinositol anchor attachment 1 protein,GAA1,1388.75751,-0.437347093,0.00018421,0.437347093,NA
LOC112046079,tubulin-specific chaperone E,Tbce,2396.7859,0.349814151,0.000185188,-0.349814151,NA
LOC112049404,RNA binding protein fox-1 homolog 3 isoform X2,Rbfox1,704.9845839,-0.470282756,0.000185321,0.470282756,NA
LOC112051473,NA,NA,109.0436397,0.978392663,0.000186276,-0.978392663,NA
LOC112053930,uncharacterized protein LOC112053930,LOC112053930,14.77934932,2.433198276,0.000193976,-2.433198276,NA
LOC112053853,DNA replication licensing factor Mcm2,Mcm2,2238.260346,-0.522831823,0.000196249,0.522831823,NA
LOC112044076,RNA-binding protein lark isoform X1,lark,8152.101239,-0.292353316,0.000199098,0.292353316,NA
LOC112049079,NA,NA,132.6140857,2.537859159,0.000199411,-2.537859159,NA
LOC112049141,protein smoothened,smo,1435.464733,-0.356619083,0.000200726,0.356619083,NA
LOC112049612,probable very-long-chain enoyl-CoA reductase art-1,Sc2,3538.19649,1.158835329,0.000201017,-1.158835329,NA
LOC112050776,malignant T-cell-amplified sequence 1 homolog,MCTS1,1874.174826,-0.369784998,0.000201017,0.369784998,NA
LOC112046337,BTB/POZ domain-containing protein KCTD1,twz,21.33744702,1.962371176,0.000202049,-1.962371176,NA
LOC112049867,DNA ligase 1,DNAlig1,1473.301552,-0.629774802,0.000203976,0.629774802,NA
LOC112052566,tetratricopeptide repeat protein 14 homolog isoform X1,CG6621,9957.834663,-0.394040923,0.000206039,0.394040923,NA
LOC112042932,tachykinin-like peptides receptor 86C,TkR86C,80.9566197,1.43616231,0.000206761,-1.43616231,NA
LOC112045394,charged multivesicular body protein 3,Vps24,1076.737468,-0.363708722,0.000206761,0.363708722,NA
LOC112047136,RYamide receptor-like,Lkr,32.8689994,-1.813487939,0.000207427,1.813487939,NA
LOC112047056,DNA repair protein RAD52 homolog isoform X2,LOC112047056,667.2707071,0.48535125,0.000209152,-0.48535125,NA
LOC112055746,DNA topoisomerase 3-beta-1,Top3beta,1582.84064,0.284976444,0.0002131,-0.284976444,NA
LOC112044480,THAP domain-containing protein 1-like,LOC112044480,1394.133078,-0.459881747,0.000218177,0.459881747,NA
LOC112052596,protein rhomboid-like,LOC112052596,48.83046814,1.503197584,0.000219414,-1.503197584,eyespot_up
LOC112054289,glucose-6-phosphate 1-epimerase,CG9008,3891.30688,-0.5404517,0.000220051,0.5404517,NA
LOC112055184,cell growth-regulating nucleolar protein,CG12909,4622.769393,-0.370527263,0.000220051,0.370527263,NA
LOC112049110,clavesin-2-like,CG10026,2446.902157,0.227511177,0.000223887,-0.227511177,eyespot_up
LOC112051447,"peptidyl-tRNA hydrolase ICT1, mitochondrial",CG6094,956.1486313,-0.328351342,0.00023093,0.328351342,NA
LOC112057452,transcription initiation factor TFIID subunit 2,Taf2,104.7896929,1.608367515,0.000232885,-1.608367515,NA
LOC112043043,nicotinate phosphoribosyltransferase isoform X2,Naprt,635.3271352,-0.431749384,0.000233399,0.431749384,NA
LOC112042890,uncharacterized protein LOC112042890,LOC112042890,95.21452439,0.804140229,0.000234693,-0.804140229,NA
LOC112049043,RNA cytidine acetyltransferase,l(1)G0020,2656.968577,-0.334584935,0.000236411,0.334584935,NA
LOC112055226,"uncharacterized protein LOC112055226, partial",dve,1313.450391,-0.353058428,0.000242397,0.353058428,NA
LOC112049997,gephyrin,cin,194.4864923,0.653234145,0.000242756,-0.653234145,NA
LOC112048813,chromatin assembly factor 1 subunit B,Caf1-105,702.6312242,-0.706340972,0.00024283,0.706340972,eyespot_down
LOC112047675,NA,NA,575.8029459,0.807576301,0.000246338,-0.807576301,NA
LOC112052139,fatty acid-binding protein-like,LOC112052139,1210.992911,0.275984981,0.000246651,-0.275984981,NA
LOC112056762,anaphase-promoting complex subunit 1,shtd,375.2171322,-0.478467132,0.00024816,0.478467132,NA
LOC112043830,gamma-taxilin,CG5886,1058.855601,-0.585082167,0.000248298,0.585082167,NA
LOC112044092,uncharacterized protein LOC112044092,CG16791,425.8221862,-0.475970806,0.000248298,0.475970806,NA
LOC112055951,zinc finger protein 808-like,LOC112055951,396.5014479,0.922918408,0.000252261,-0.922918408,NA
LOC112052894,putative RNA-directed DNA polymerase from transposon BS-like Protein,LOC112052894,67.64642102,-2.85618005,0.000253516,2.85618005,NA
LOC112052200,small nuclear ribonucleoprotein F,SmF,5631.329821,-0.305761557,0.00025521,0.305761557,eyespot_down
LOC112052167,ubiquitin-like protein 7,LOC112052167,923.9709511,-0.361276279,0.000255805,0.361276279,NA
LOC112054250,selenium-binding protein 1,CG7966,213.6432853,1.148709874,0.00025605,-1.148709874,NA
LOC112055934,leukocyte receptor cluster member 8 homolog isoform X2,LOC112055934,88.5659834,-4.325575518,0.000256777,4.325575518,NA
LOC112057987,probable protein arginine N-methyltransferase 6.1,Art8,616.9280425,-0.606346595,0.000257287,0.606346595,NA
LOC112058150,uncharacterized protein LOC112058150 isoform X1,udt,5267.051713,-0.462964375,0.000257636,0.462964375,NA
LOC112049011,homeobox protein 2-like isoform X4,CG30460,1489.522437,0.73007005,0.000258183,-0.73007005,NA
LOC112048933,PR domain zinc finger protein 1,ich,536.0068945,1.650852006,0.000261173,-1.650852006,NA
LOC112045427,F-box/LRR-repeat protein 14,Ppa,3306.788982,-0.430758867,0.000262935,0.430758867,NA
LOC112053547,serpin 100A,SRPN12,788.0083492,0.822200093,0.000264458,-0.822200093,NA
LOC112043853,protein tilB homolog isoform X4,CG14995,1362.02833,-0.232803375,0.000269277,0.232803375,NA
LOC112047706,terminal nucleotidyltransferase 5C isoform X1,CG46385,441.0747666,0.480263096,0.000270254,-0.480263096,eyespot_up
LOC112045802,UDP-glucuronosyltransferase 2B2-like,Ugt301D1,174.1388116,-2.266879236,0.000274865,2.266879236,NA
LOC112050129,neurogenic protein big brain,bib,469.3654567,0.743818545,0.000279451,-0.743818545,NA
LOC112056565,ATP-dependent RNA helicase DDX24,CG9143,2288.253825,-0.525243395,0.000279961,0.525243395,NA
LOC112047768,uncharacterized protein LOC112047768,LOC112047768,6759.153596,0.243104368,0.000282542,-0.243104368,eyespot_up
LOC112050774,adiponectin receptor protein,AdipoR,4795.069023,0.598707047,0.000284965,-0.598707047,NA
LOC112058368,serine protease easter-like,MP1,1649.152577,0.753371924,0.000284965,-0.753371924,eyespot_down
LOC112043917,formin-like protein 6 isoform X1,capu,2796.533271,-0.275971775,0.000285715,0.275971775,NA
LOC112053337,NA,NA,63.62469177,0.982552919,0.000286748,-0.982552919,NA
LOC112046980,RING finger protein 10,CG12099,6624.890393,0.391775935,0.000291297,-0.391775935,NA
LOC112053435,"enoyl-[acyl-carrier-protein] reductase, mitochondrial",CG16935,543.5980858,-0.465089336,0.000293823,0.465089336,NA
LOC112047930,dedicator of cytokinesis protein 7,Zir,1516.703905,-0.283324012,0.000293895,0.283324012,NA
LOC112046727,nuclear pore complex protein Nup205,Nup205,765.2269969,-0.540453841,0.000295375,0.540453841,NA
LOC112043301,proteasome subunit beta type-6,Prosbeta1,4199.63668,-0.34045514,0.000299085,0.34045514,eyespot_down
LOC112043600,P23-like protein,Hacd2,5102.263925,-0.308732938,0.000299132,0.308732938,NA
LOC112046378,T-complex protein 1 subunit gamma,LOC112046378,75.73919725,0.844007248,0.000304479,-0.844007248,NA
LOC112054741,serine/arginine repetitive matrix protein 2-like,LOC112054741,5878.232009,-0.279848132,0.000307703,0.279848132,NA
LOC112057954,replication factor C subunit 3,RfC38,417.6471022,-0.773664357,0.000307703,0.773664357,NA
LOC112052598,uncharacterized protein LOC112052598 isoform X1,CG17127,20921.85331,0.658830284,0.000309672,-0.658830284,NA
LOC112058117,probable deoxyhypusine synthase,CG8005,1227.582978,-0.457109909,0.000311462,0.457109909,NA
LOC112049971,OWR54181.1 putative glutamic acid-rich protein precursor,LOC112049971,7120.682356,0.310315937,0.000312003,-0.310315937,eyespot_up
LOC112054733,cytochrome P450 18a1,Cyp18a1,925.8586925,3.914889717,0.000312849,-3.914889717,NA
LOC112049073,mitochondrial import inner membrane translocase subunit Tim23,Tim23,749.7408049,-0.435095871,0.00031359,0.435095871,NA
LOC112044947,26S proteasome non-ATPase regulatory subunit 11,Rpn6,5884.074952,-0.221049941,0.000314065,0.221049941,NA
LOC112047195,senecionine N-oxygenase-like,Fmo-2,307.6475406,1.856819682,0.000314065,-1.856819682,NA
LOC112050067,protein draper-like,NimC2,227.6014076,1.113550646,0.000314065,-1.113550646,NA
LOC112056714,26S proteasome non-ATPase regulatory subunit 12,Rpn5,5711.397181,-0.250068012,0.000314065,0.250068012,NA
LOC112053525,cytoplasmic dynein 2 heavy chain 1,btv,1583.62909,-2.334989331,0.000325375,2.334989331,eyespot_down
LOC112057741,solute carrier organic anion transporter family member 4C1-like,LOC112057741,9.848472207,4.645186116,0.000325544,-4.645186116,NA
LOC112048439,chromodomain-helicase-DNA-binding protein Mi-2 homolog isoform X1,Chd3,15151.43413,-0.143068156,0.000325855,0.143068156,NA
LOC112056371,uncharacterized LOC106116239 precursor,Osi2,172.4441027,1.008053111,0.000327695,-1.008053111,NA
LOC112046076,WD repeat-containing protein 43,CG30349,3559.564725,-0.250351648,0.000341437,0.250351648,NA
LOC112051710,condensin complex subunit 1,Cap-D2,1625.210208,-0.645246589,0.000343321,0.645246589,NA
LOC112051226,ras-responsive element-binding protein 1,peb,369.7454469,0.565968618,0.000348797,-0.565968618,NA
LOC112043420,FAD-linked sulfhydryl oxidase ALR,Alr,250.2420578,0.631521108,0.000351762,-0.631521108,NA
LOC112048421,cell cycle control protein 50A,CDC50,822.2866109,1.008099396,0.000356484,-1.008099396,NA
LOC112043927,A-kinase anchor protein 200,LOC112043927,18176.90001,-0.318257341,0.000358603,0.318257341,eyespot_down
LOC112052563,UPF0430 protein CG31712,CG31712,1529.758857,0.50200079,0.000358603,-0.50200079,NA
LOC112045360,sialin-like isoform X1,CG9864,49.62140296,-1.217976954,0.000359029,1.217976954,NA
LOC112049323,tetrameric potassium-selective cyclic nucleotide gated channel,LOC112049323,110.9568194,6.440257162,0.000360749,-6.440257162,NA
LOC112046962,putative G-protein coupled receptor 158,CG31195,3310.666763,-0.262410698,0.000361364,0.262410698,NA
LOC112058404,actin-related protein 8,Arp8,692.2819537,0.3192922,0.000361662,-0.3192922,NA
LOC112054484,arginine kinase isoform X1,Argk,6321.245642,0.696861141,0.00036414,-0.696861141,eyespot_down
LOC112044869,hsc70-interacting protein-like,HIP,7808.59659,-0.481561986,0.000364493,0.481561986,NA
LOC112055834,CUB and sushi domain-containing protein 3 isoform X1,CTLSE2,441.758434,1.852315409,0.000366517,-1.852315409,NA
LOC112047770,zinc finger protein 568-like isoform X4,LOC112047770,675.1978752,-0.377306483,0.000367169,0.377306483,NA
LOC112053080,A-kinase anchor protein 17A isoform X1,Xe7,2172.413482,-0.246937734,0.000367535,0.246937734,NA
LOC112045071,uncharacterized protein LOC112045071,LOC112045071,270.9382277,0.663768369,0.000367805,-0.663768369,NA
LOC112043309,collagen alpha-1(III) chain-like isoform X1,LOC112043309,9931.746977,-0.272923931,0.000368626,0.272923931,eyespot_down
LOC112055037,probable RNA-binding protein EIF1AD,CG31957,636.981698,0.517363223,0.000369185,-0.517363223,NA
LOC112046254,uncharacterized protein LOC112046254 isoform X3,jus,43.59827594,1.285941425,0.000371779,-1.285941425,NA
LOC112043279,protein ECT2 isoform X1,pbl,1885.035634,-0.211944062,0.000373094,0.211944062,NA
LOC112047246,kinesin-like protein KIF18A isoform X1,Klp67A,598.8135813,-1.084891743,0.000374012,1.084891743,NA
LOC112054673,protein lethal(2)essential for life-like,LOC112054673,838.1305985,1.556295565,0.000376405,-1.556295565,NA
LOC112045062,cryptochrome-1,phr6-4,499.8392517,-0.633461411,0.000380374,0.633461411,NA
LOC112050735,crossover junction endonuclease EME1,mms4,649.1158885,-0.841981698,0.000380374,0.841981698,NA
LOC112054188,guanine nucleotide-binding protein subunit gamma-e,Ggamma30A,297.3910058,-0.98735581,0.000380532,0.98735581,NA
LOC112043675,reticulon-3-B isoform X4,Rtnl1,9554.549074,-0.890225775,0.000381356,0.890225775,NA
LOC112045184,transmembrane protein adipocyte-associated 1 homolog isoform X1,LOC112045184,378.7756255,-0.42010003,0.000381636,0.42010003,NA
LOC112049259,H(+)/Cl(-) exchange transporter 5 isoform X1,ClC-c,795.8772241,0.334101872,0.000381636,-0.334101872,NA
LOC112051669,serine/arginine repetitive matrix protein 1-like,hwt,183.031331,0.702922798,0.000381636,-0.702922798,NA
LOC112056928,UPF0692 protein CG33108,CG33108,603.5114908,0.544313818,0.000381636,-0.544313818,NA
LOC112048509,COP9 signalosome complex subunit 5,CSN5,3139.067668,-0.286309207,0.000383073,0.286309207,NA
LOC112050499,luc7-like protein 3,CG3198,4937.318269,-0.22987542,0.000383073,0.22987542,NA
LOC112052465,muscle LIM protein Mlp84B isoform X2,Mlp60A,68.11108298,1.505461758,0.000383073,-1.505461758,NA
LOC112052654,histone deacetylase 3,Hdac3,491.4877291,0.317562988,0.000383073,-0.317562988,NA
LOC112051325,testis-expressed sequence 10 protein homolog,CG1575,1007.060507,0.337057363,0.000384172,-0.337057363,NA
LOC112057918,AN1-type zinc finger protein 1-like,LOC112057918,275.6249393,-0.507945294,0.000386795,0.507945294,NA
LOC112052099,UPF0489 protein C5orf22 homolog,MESR6,673.6282869,0.517521432,0.000387252,-0.517521432,NA
LOC112046503,unconventional myosin-XV,Myo15,3550.460141,0.33211847,0.00039374,-0.33211847,NA
LOC112058542,KPJ15189.1 Transmembrane protein C20orf108-like,CG17508,3073.165463,0.429905353,0.000394983,-0.429905353,NA
LOC112045592,Down syndrome cell adhesion molecule-like protein Dscam2,Dscam3,82.83308079,2.224920456,0.000395707,-2.224920456,eyespot_down
LOC112045655,NA,NA,292.5063811,0.675061966,0.00039624,-0.675061966,NA
LOC112043034,"acylglycerol kinase, mitochondrial",Mulk,754.942352,-0.434413199,0.000397503,0.434413199,NA
LOC112050515,"39S ribosomal protein L12, mitochondrial",mRpL12,1440.653212,-0.312109904,0.000400477,0.312109904,NA
LOC112048586,uncharacterized protein LOC112048586,LOC112048586,247.4745114,0.691449642,0.000402034,-0.691449642,NA
LOC112045769,uncharacterized protein LOC112045769,LOC112045769,2839.078993,0.523013617,0.000403088,-0.523013617,NA
LOC112046739,tyrosine-protein kinase receptor torso-like,tor,25.76749928,1.90969125,0.000406829,-1.90969125,NA
LOC112044292,protein C15orf41 homolog,CG12713,571.3259578,-0.453818076,0.00040853,0.453818076,NA
LOC112056893,NA,NA,606.685159,1.07164306,0.000408545,-1.07164306,NA
LOC112053009,"39S ribosomal protein L39, mitochondrial",mRpL39,1081.168988,-0.332790368,0.000415204,0.332790368,NA
LOC112048996,PIH1 domain-containing protein 1-like,Pih1D1,858.7956926,0.522347899,0.000416811,-0.522347899,NA
LOC112045324,probable histone-binding protein Caf1,Caf1,3288.164609,-0.363080318,0.000425471,0.363080318,NA
LOC112046068,methylosome subunit pICln,icln,2156.41361,-0.362875352,0.000425471,0.362875352,NA
LOC112049125,zinc finger CCCH domain-containing protein 10,LOC112049125,819.9705763,0.327253435,0.000435503,-0.327253435,NA
LOC112045548,lysozyme-like,CG6426,2609.342762,0.912395613,0.000443821,-0.912395613,NA
LOC112054595,heat shock 70 kDa protein cognate 3,Hsc70-3,51232.90316,0.416143247,0.000443821,-0.416143247,eyespot_up
LOC112053215,dendritic arbor reduction protein 1-like isoform X2,dar1,145.1303242,1.783673762,0.000445347,-1.783673762,NA
LOC112053312,scavenger receptor class B member 1-like,SCRB6,307.7109019,0.770032101,0.00044543,-0.770032101,NA
LOC112052474,alpha-tocopherol transfer protein-like,CG5973,463.6681678,1.836479086,0.000452802,-1.836479086,NA
LOC112053537,Serine proteinase stubble,CG5390,1284.181237,0.876131901,0.000455184,-0.876131901,NA
LOC112045823,thioredoxin-like protein 1,Txl,2304.783948,-0.258778332,0.000455688,0.258778332,NA
LOC112047396,nucleoporin NUP53,Nup35,529.4016656,-0.559847625,0.000456339,0.559847625,NA
LOC112044617,protein expanded,ex,660.7112849,-0.474937775,0.000456978,0.474937775,NA
LOC112057425,uncharacterized protein LOC112057425,LOC112057425,103.5620252,6.620198916,0.000470653,-6.620198916,NA
LOC112043562,TP53-regulated inhibitor of apoptosis 1-like,CG30108,297.4409075,-0.601284588,0.000474466,0.601284588,NA
LOC112043267,uncharacterized protein C9orf85 homolog,CG8675,1122.687549,-0.602677399,0.00047547,0.602677399,NA
LOC112050189,uncharacterized protein LOC112050189,LOC112050189,96.45547066,1.439131093,0.00047547,-1.439131093,NA
LOC112047831,SAP30-binding protein,CG2063,49.38546901,-1.095462474,0.000479382,1.095462474,NA
LOC112051960,"dynein assembly factor 1, axonemal homolog",dtr,33.86143437,1.8367207,0.000480246,-1.8367207,NA
LOC112043564,serine protease persephone-like,snk,2004.053422,-0.451130658,0.000482522,0.451130658,NA
LOC112051339,15-hydroxyprostaglandin dehydrogenase [NAD(+)]-like,Pdh,403.8816833,-1.27976298,0.000485704,1.27976298,NA
LOC112043998,U3 small nucleolar ribonucleoprotein protein IMP4,CG11920,1442.783604,-0.407676666,0.00048854,0.407676666,NA
LOC112056557,histone-arginine methyltransferase CARMER,CARM1,2668.849084,-0.264412718,0.00049106,0.264412718,NA
LOC112052780,"probable methylcrotonoyl-CoA carboxylase beta chain, mitochondrial",Mccc2,49.63212754,-1.418296511,0.000493349,1.418296511,NA
LOC112049022,cilia- and flagella-associated protein 97-like,LOC112049022,100.1460668,-1.379489444,0.000495896,1.379489444,NA
LOC112053448,uncharacterized protein LOC112053448,LOC112053448,217.3279169,0.519074552,0.000497747,-0.519074552,NA
LOC112052887,OWR44640.1 putative pdz domain protein arc,a,772.8367445,-0.43191661,0.000503108,0.43191661,eyespot_up
LOC112056205,U3 small nucleolar ribonucleoprotein protein MPP10,CG13097,1984.562393,-0.228006179,0.000503108,0.228006179,NA
LOC112049757,zinc finger MIZ domain-containing protein 1,tna,5260.390553,0.330893798,0.000507598,-0.330893798,NA
LOC112056137,"ATP-dependent RNA helicase SUV3 homolog, mitochondrial",Suv3,940.332454,-0.428253609,0.000508927,0.428253609,NA
LOC112055806,ruvB-like helicase 1,pont,3794.166881,-0.209114736,0.000511105,0.209114736,NA
LOC112057996,hepatocyte nuclear factor 4-gamma isoform X2,Hnf4,402.9099435,0.353869189,0.000512613,-0.353869189,NA
LOC112050023,origin recognition complex subunit 4,Orc4,309.3734845,-0.892597265,0.000521028,0.892597265,NA
LOC112053728,OWR54240.1 C3 and PZP alpha-2-macroglobulin domain-containing protein 8,CG10527,4179.925008,0.460581033,0.000522909,-0.460581033,eyespot_down
LOC112046892,60S ribosomal protein L13,RpL13,48898.96695,0.313407944,0.000525257,-0.313407944,NA
LOC112048330,uncharacterized protein LOC112048330,LOC112048330,5.0817809,5.737141425,0.000528781,-5.737141425,NA
LOC112055496,pseudouridine-5'-phosphatase-like isoform X2,Gs1l,54.17459924,2.065861467,0.000530449,-2.065861467,NA
LOC112048162,ribokinase-like isoform X1,CG13369,328.6855431,0.660693804,0.000533921,-0.660693804,NA
LOC112049870,AN1-type zinc finger protein 6 isoform X2,CG45050,10343.89721,0.185105134,0.000535369,-0.185105134,NA
LOC112054077,serine/arginine repetitive matrix protein 1-like isoform X1,LOC112054077,1905.732754,0.31791593,0.000535369,-0.31791593,NA
LOC112055668,transcription factor E2F4-like,E2f2,679.4795583,-0.472021624,0.000539365,0.472021624,NA
LOC112043950,protein apnoia,apn,7.505718725,5.568333461,0.000539764,-5.568333461,NA
LOC112043011,"N-alpha-acetyltransferase 35, NatC auxiliary subunit isoform X1",Naa35,812.1160666,-0.441266263,0.000540466,0.441266263,NA
LOC112054019,huntingtin-interacting protein K,CG9922,2635.560751,-0.299891201,0.000541676,0.299891201,NA
LOC112045204,Dihydrouridine synthase domain containing protein,LOC112045204,133.0871423,0.659442027,0.000542573,-0.659442027,NA
LOC112049366,zinc finger protein 260-like isoform X2,LOC112049366,414.7711826,0.480277366,0.000542573,-0.480277366,NA
LOC112052971,uncharacterized protein LOC112052971,Osi12,16.69108489,2.856625986,0.000544102,-2.856625986,NA
LOC112051573,putative uncharacterized protein DDB_G0282133 isoform X1,LOC112051573,984.8067901,-0.273771991,0.000549029,0.273771991,NA
LOC112049364,protein kinase C isoform X2,Pkc98E,548.4272625,-0.987826283,0.00055335,0.987826283,NA
LOC112047404,eukaryotic translation initiation factor 4E-like,eIF-4E,5265.913052,0.331246628,0.000561953,-0.331246628,NA
LOC112047697,protein GDAP2 homolog,Gdap2,490.8536989,0.459909067,0.000561953,-0.459909067,eyespot_up
LOC112042967,protein toll-like,Tl,17.08410391,1.781142641,0.000565364,-1.781142641,NA
LOC112058433,pleckstrin homology domain-containing family M member 1-like,Plekhm1,466.5363589,0.516563663,0.00056758,-0.516563663,NA
LOC112047485,synaptosomal-associated protein 25 isoform X1,Snap25,1601.178446,0.376100484,0.000570963,-0.376100484,NA
LOC112053824,"lipoyltransferase 1, mitochondrial isoform X1",CG44243,1320.305272,0.426054582,0.00057377,-0.426054582,NA
LOC112053028,protein starmaker-like,LOC112053028,223.8605987,-0.920080559,0.00057494,0.920080559,NA
LOC112045346,tail-anchored protein insertion receptor WRB-like,LOC112045346,761.4364985,0.348700063,0.000584277,-0.348700063,NA
LOC112054227,"28S ribosomal protein S29, mitochondrial",mRpS29,1122.165221,-0.389039543,0.000585348,0.389039543,NA
LOC112046941,uncharacterized protein LOC112046941,LOC112046941,818.8490735,0.352164377,0.000586734,-0.352164377,NA
LOC112053074,Phosphatidylinositol 4-kinase type 2-beta,Pi4KIIalpha,979.7044481,-0.266311988,0.000586734,0.266311988,NA
LOC112044836,enhancer of mRNA-decapping protein 3,Edc3,1806.160946,0.60422456,0.000588466,-0.60422456,NA
LOC112058493,ribonuclease Oy,RNaseX25,2384.178461,0.768279065,0.000594232,-0.768279065,NA
LOC112048832,uncharacterized protein LOC112048832,LOC112048832,236.2738496,0.995568102,0.000597025,-0.995568102,NA
LOC112043381,C2 domain-containing protein 5 isoform X2,CG6454,556.3285097,-0.715835676,0.000599953,0.715835676,NA
LOC112056394,glycine-rich protein DOT1-like,LOC112056394,581.3081811,-0.617857455,0.000602114,0.617857455,NA
LOC112054123,protein PFF0380w-like isoform X1,LOC112054123,1734.87843,0.245815,0.000606832,-0.245815,NA
LOC112051882,mitochondrial import inner membrane translocase subunit Tim13-like,CG34132,601.2328701,-0.300298744,0.000612443,0.300298744,NA
LOC112046643,zonadhesin-like isoform X1,LOC112046643,24.95477127,-2.153470917,0.00061655,2.153470917,NA
LOC112051162,cappuccino protein,LOC112051162,543.8810192,0.437485224,0.000619297,-0.437485224,NA
LOC112046697,probable ATP-dependent RNA helicase DHX35,CG3225,801.8206179,0.366806457,0.000623903,-0.366806457,eyespot_down
LOC112048087,protein SON-like isoform X2,Son,2604.958601,-0.348342277,0.000635177,0.348342277,NA
LOC112054521,uncharacterized protein LOC112054521,LOC112054521,284.19246,0.464642848,0.000636607,-0.464642848,NA
LOC112047355,annexin B9 isoform X2,AnxB9,36823.58027,-0.260389307,0.000646077,0.260389307,NA
LOC112043222,three-prime repair exonuclease 1-like,LOC112043222,312.3089025,-0.817434042,0.000652495,0.817434042,NA
LOC112056743,ATP-dependent RNA helicase DDX18-like,pit,464.3654305,-0.43018171,0.000656715,0.43018171,NA
LOC112049256,proton-coupled amino acid transporter-like protein CG1139,CG7888,715.9417931,0.567013223,0.000660902,-0.567013223,eyespot_up
LOC112046851,transcription initiation factor TFIID subunit 12,Taf12,1126.864516,-0.348742525,0.000672436,0.348742525,NA
LOC112047293,uncharacterized protein LOC112047293,CG10660,660.014999,-0.336936861,0.000672673,0.336936861,NA
LOC112050365,organic cation transporter protein-like,CG42269,4.270351532,5.505157995,0.000672673,-5.505157995,NA
LOC112043202,vacuolar ATPase assembly integral membrane protein VMA21 homolog,CG5969,1032.497979,-0.296047765,0.000686145,0.296047765,NA
LOC112043668,U4/U6.U5 tri-snRNP-associated protein 1 isoform X1,CG6686,1643.556609,-0.426732889,0.000693693,0.426732889,NA
LOC112050338,HCLS1-associated protein X-1-like,LOC112050338,796.7833502,0.345306808,0.000696992,-0.345306808,NA
LOC112050665,probable DNA mismatch repair protein Msh6 isoform X1,Msh6,1134.817176,-0.634484575,0.000697828,0.634484575,NA
LOC112054259,E3 ubiquitin-protein ligase MGRN1 isoform X2,CG9941,617.92669,0.469269506,0.000701639,-0.469269506,NA
LOC112044534,AFG3-like protein 2,CG6512,3132.920774,-0.209355213,0.000710973,0.209355213,NA
LOC112052189,protein AF-9,ear,1297.152801,0.219900166,0.000710973,-0.219900166,NA
LOC112044214,uncharacterized protein LOC112044214,LOC112044214,3169.900785,2.05536803,0.00071194,-2.05536803,eyespot_down
LOC112043797,E3 ubiquitin-protein ligase UHRF1-like,d4,260.5150022,-0.714773561,0.000712448,0.714773561,NA
LOC112043637,DNA polymerase delta subunit 3-like,LOC112043637,632.2249243,-0.555377618,0.000714981,0.555377618,NA
LOC112047438,zinc transporter 7-like isoform X1,LOC112047438,1298.498638,-0.416221603,0.00072249,0.416221603,eyespot_up
LOC112052753,neuralized-like protein 2,CG3894,208.3000557,2.263892541,0.00072249,-2.263892541,NA
LOC112046701,OWR45442.1 dihydrouridine synthase domain containing protein,hng2,198.9140983,0.480680036,0.000723223,-0.480680036,NA
LOC112047237,proton-coupled folate transporter-like,CG15890,112.7759485,1.5050032,0.000725464,-1.5050032,NA
LOC112045157,putative glycerol kinase 5,CG1271,339.0972506,-0.399284094,0.000733087,0.399284094,NA
LOC112049648,sodium/bile acid cotransporter 7-like isoform X1,LOC112049648,61.87863355,-1.354070145,0.000741035,1.354070145,NA
LOC112048831,NA,NA,7787.701518,0.247289966,0.000742577,-0.247289966,NA
LOC112052785,RNA polymerase-associated protein CTR9 homolog,Ctr9,3536.589332,-0.19460273,0.000742798,0.19460273,NA
LOC112054552,endocuticle structural glycoprotein ABD-5-like,LOC112054552,2908.183035,1.951440711,0.000745195,-1.951440711,NA
LOC112046576,protein trachealess isoform X1,trh,1865.682663,-0.28837615,0.00075112,0.28837615,NA
LOC112055151,caltractin-like isoform X1,CG17493,18.91669738,-4.242015757,0.000758939,4.242015757,NA
LOC112057717,ubiquitin carboxyl-terminal hydrolase 8 isoform X1,Usp8,542.5169359,0.479293789,0.000760406,-0.479293789,NA
LOC112046008,gonadal protein gdl,gdl,394.7860569,0.423168086,0.000762621,-0.423168086,NA
LOC112046307,breast cancer type 1 susceptibility protein homolog,LOC112046307,1369.998776,-0.47301163,0.000762621,0.47301163,NA
LOC112046878,casein kinase II subunit alpha isoform X1,CkIIalpha,6824.00348,-0.201069407,0.000763218,0.201069407,NA
LOC112044786,TATA-box-binding protein-like,Trf,585.9604881,0.343934386,0.000764896,-0.343934386,NA
LOC112052657,phosphatidylethanolamine-binding protein homolog F40A3.3-like,CG10298,42.4264513,-3.272424563,0.000764896,3.272424563,NA
LOC112043828,ribosome biogenesis protein NOP53,CG1785,6271.745029,0.62636401,0.000771498,-0.62636401,NA
LOC112055651,band 4.1-like protein 5,yrt,1985.895378,0.322246727,0.000774502,-0.322246727,NA
LOC112050356,soluble guanylate cyclase 89Db-like,Gyc89Db,32.53355156,-1.495010206,0.000776494,1.495010206,NA
LOC112044784,hydrolethalus syndrome protein 1 homolog,LOC112044784,126.5558736,-0.743987717,0.000781519,0.743987717,NA
LOC112054018,origin recognition complex subunit 2,Orc2,850.5522869,-0.353926636,0.000794736,0.353926636,NA
LOC112049849,SOSS complex subunit B homolog,CG5181,1179.749142,0.802956885,0.000796612,-0.802956885,NA
LOC112048046,zinc finger protein 729-like isoform X2,CG9650,327.3944352,0.384818449,0.000801464,-0.384818449,NA
LOC112054137,proton channel OtopLc-like isoform X1,OtopLc,208.5818481,1.086857331,0.000805092,-1.086857331,NA
LOC112057440,Putative cysteine proteinase CG12163,LOC112057440,14.79352026,6.563269238,0.000811854,-6.563269238,NA
LOC112052779,dystrophin-related protein 2-like,LOC112052779,1134.427055,-0.33618574,0.00081547,0.33618574,NA
LOC112055170,ribosome biogenesis protein BRX1 homolog,CG11583,2755.297739,-0.282492878,0.000819069,0.282492878,eyespot_down
LOC112051552,zinc finger protein 593 homolog,CG3224,1431.215605,-0.289202701,0.000831545,0.289202701,NA
LOC112044583,OWR46370.1 carboxypeptidase inhibitor precursor,LOC112044583,85.94734036,-2.270468423,0.000839958,2.270468423,NA
LOC112057867,general odorant-binding protein 56a-like,Obp56d,48314.4332,-0.600134961,0.000848408,0.600134961,NA
LOC112054366,protein SHQ1 homolog,LOC112054366,957.1602495,0.267134949,0.000848827,-0.267134949,NA
LOC112058477,KIF1-binding protein-like,CG14043,1729.964401,0.32723616,0.000848827,-0.32723616,NA
LOC112055058,"cytochrome c1, heme protein, mitochondrial",Cyt-c1,3153.23759,0.329463181,0.000850617,-0.329463181,NA
LOC112057944,CAAX prenyl protease 1 homolog,ste24a,2762.302935,-0.542834972,0.000850617,0.542834972,NA
LOC112049717,uncharacterized protein LOC112049717,ova,1248.606474,0.217484579,0.000853251,-0.217484579,NA
LOC112056612,NA,NA,12495.72829,1.048161872,0.000864708,-1.048161872,NA
LOC112043082,protein CREBRF homolog,REPTOR,163.4639897,0.539716723,0.000865093,-0.539716723,NA
LOC112043928,COMM domain-containing protein 8-like,LOC112043928,297.1525875,0.603656938,0.000865093,-0.603656938,NA
LOC112045825,zinc finger protein 260-like isoform X2,LOC112045825,974.9935024,0.505637703,0.000868263,-0.505637703,NA
LOC112058567,phosphatidylserine synthase 1,Pss,373.4194486,-0.39328871,0.000874473,0.39328871,NA
LOC112045716,baculoviral IAP repeat-containing protein 7,Iap2,346.7821418,0.517116193,0.000878806,-0.517116193,NA
LOC112048135,putative RNA-binding protein Luc7-like 2 isoform X2,CG7564,2991.321668,-0.269402952,0.000888731,0.269402952,NA
LOC112051366,probable glucosamine 6-phosphate N-acetyltransferase,Gnpnat,2780.703676,0.179654219,0.000893172,-0.179654219,NA
LOC112046763,"isoleucine--tRNA ligase, cytoplasmic",Aats-ile,6615.224,-0.157088182,0.000906468,0.157088182,NA
LOC112049355,pre-mRNA-splicing factor CWC22 homolog,ncm,2647.341604,-0.164281387,0.000906468,0.164281387,NA
LOC112054291,elongation factor 1-alpha,eEF1alpha1,394653.2461,0.296498258,0.000909035,-0.296498258,eyespot_down
LOC112058303,protein l(2)37Cc,l(2)37Cc,4517.318132,-0.239380905,0.000910033,0.239380905,eyespot_down
LOC112050575,small subunit processome component 20 homolog,CG4554,3476.374548,-0.213281413,0.000933844,0.213281413,NA
LOC112044396,mucin-5AC-like,CG13643,1069.719649,0.773711116,0.000934295,-0.773711116,eyespot_up
LOC112051174,uncharacterized protein KIAA0930 homolog,CG9646,188.6332589,-0.810364402,0.000944103,0.810364402,NA
LOC112054857,E3 ubiquitin-protein ligase UBR1 isoform X1,Ubr1,1861.403863,-0.362275138,0.000944419,0.362275138,NA
LOC112052777,versican core protein,tnc,60903.37556,0.655848309,0.000945008,-0.655848309,eyespot_down
LOC112055321,bumetanide-sensitive sodium-(potassium)-chloride cotransporter,NKCC,264.8017276,1.007387646,0.000947899,-1.007387646,NA
LOC112046258,OWR48541.1 spaetzle 1-2,LOC112046258,30.95337819,-1.932590137,0.00095952,1.932590137,NA
LOC112056445,transcriptional regulator ovo-like isoform X2,ovo,26121.90271,0.33619768,0.000960039,-0.33619768,NA
LOC112046978,glutathione S-transferase 1-1-like,GstD1,6162.238521,0.304295719,0.000963188,-0.304295719,NA
LOC112052694,vigilin,Dp1,23126.22054,0.241498805,0.00096625,-0.241498805,NA
LOC112043545,uncharacterized protein LOC112043545,LOC112043545,406.3686287,0.436892709,0.000985157,-0.436892709,NA
LOC112049861,digestive cysteine proteinase 2-like,CG4847,28.13922201,-2.607074317,0.000987773,2.607074317,NA
LOC112044368,F-box only protein 11,FBXO11,2574.801987,0.231440422,0.00099551,-0.231440422,NA
LOC112058604,anaphase-promoting complex subunit 5,ida,621.0778834,-0.369607044,0.000998376,0.369607044,NA
LOC112046580,nose resistant to fluoxetine protein 6-like,drd,344.1074954,-0.748441671,0.001006318,0.748441671,eyespot_down
LOC112050109,probable chitinase 10,Cht3,729.1718069,-1.170859775,0.001007089,1.170859775,eyespot_down
LOC112053895,double-stranded RNA-specific editase 1-like isoform X3,DIP1,3539.6607,0.16904219,0.001013268,-0.16904219,NA
LOC112045287,coiled-coil-helix-coiled-coil-helix domain-containing protein 7,CG4186,1144.588307,-0.417419102,0.001018949,0.417419102,NA
LOC112046222,notchless protein homolog 1,Nle,1681.191816,-0.187817807,0.001018949,0.187817807,NA
LOC112054850,phosphatase and actin regulator 4 isoform X1,CG32264,1595.274093,-0.330351449,0.001023752,0.330351449,NA
LOC112056507,uncharacterized protein LOC112056507,LOC112056507,3048.452705,-0.25514419,0.001034942,0.25514419,NA
LOC112047611,putative leucine-rich repeat-containing protein DDB_G0290503,Patr-1,2438.910442,0.333792866,0.001035336,-0.333792866,NA
LOC112057670,beta-parvin,parvin,1764.687005,0.288003726,0.001035336,-0.288003726,NA
LOC112046236,attractin-like protein 1 isoform X2,dsd,1046.796397,-0.334290055,0.001070061,0.334290055,NA
LOC112052502,G-protein coupled receptor moody-like isoform X1,moody,55.84030382,1.001672985,0.001070673,-1.001672985,NA
LOC112052641,mucin-5AC-like isoform X1,LOC112052641,152.781158,0.508779208,0.001080434,-0.508779208,NA
LOC112043808,paraplegin,Spg7,703.7130085,0.267048805,0.001081534,-0.267048805,NA
LOC112048578,E3 ubiquitin-protein ligase NRDP1 isoform X1,elgi,1310.985987,-0.312688799,0.001081534,0.312688799,NA
LOC112050722,uncharacterized protein LOC112050722,Ino80,151.9956369,-1.348412997,0.001081534,1.348412997,NA
LOC112056758,NEDD8,Nedd8,1826.001082,-0.245228166,0.001082725,0.245228166,NA
LOC112056894,uncharacterized protein LOC112056894,CG13868,60.51575582,2.461431279,0.00108298,-2.461431279,NA
LOC112045186,peptidyl-prolyl cis-trans isomerase 5,Ppib,20139.963,0.35017466,0.001083543,-0.35017466,NA
LOC112045707,GILT-like protein 1 isoform X1,GILT1,3784.481919,0.255041597,0.001094482,-0.255041597,eyespot_down
LOC112042995,eisosome protein SEG2,CG15239,217.9623398,1.033933845,0.001104301,-1.033933845,NA
LOC112058523,copper chaperone for superoxide dismutase,Ccs,343.3652772,0.519437297,0.001108234,-0.519437297,NA
LOC112045446,uncharacterized protein LOC112045446,LOC112045446,415.8590551,0.391614294,0.001109784,-0.391614294,NA
LOC112047606,vacuolar protein sorting-associated protein 33A,car,1063.631813,-0.289368717,0.001113532,0.289368717,NA
LOC112042874,desert hedgehog protein B,Hh,897.0162254,-0.283126496,0.001118632,0.283126496,NA
LOC112052640,protoporphyrinogen oxidase,Ppox,781.2921027,-0.369676362,0.001122041,0.369676362,NA
LOC112050593,cyclin-dependent kinase 1,Cdk1,6600.745538,-0.360793335,0.00112313,0.360793335,NA
LOC112042943,antichymotrypsin-1-like isoform X2,LOC112042943,1021.801171,-1.422457979,0.001131898,1.422457979,NA
LOC112055328,protein obstructor-E-like,Cpap3-b,1559.74794,0.641045186,0.001135779,-0.641045186,eyespot_down
LOC112044526,"aldehyde dehydrogenase X, mitochondrial-like",CG31075,757.6866979,0.535899379,0.001144806,-0.535899379,NA
LOC112044814,dnaJ homolog subfamily C member 2,CG10565,1761.431682,-0.306468043,0.001144806,0.306468043,NA
LOC112045215,chymotrypsin-like elastase family member 2A,CG9649,926.8898835,-0.498074889,0.001144806,0.498074889,eyespot_down
LOC112056110,UBX domain-containing protein 4,LOC112056110,62.86857694,1.238327701,0.001149253,-1.238327701,NA
LOC112049646,putative tRNA pseudouridine synthase Pus10,CG3709,1702.249084,-0.363075524,0.001158142,0.363075524,NA
LOC112050022,probable chitinase 2,Cht2,1610.687461,-0.312576574,0.001159124,0.312576574,NA
LOC112045668,"beta-1,3-galactosyltransferase 6",beta3galt6,443.6312725,0.60611195,0.001160136,-0.60611195,NA
LOC112053480,protein yippee-like 5,Yippee,749.9532486,0.471406918,0.00117389,-0.471406918,NA
LOC112043803,chromatin complexes subunit BAP18-like isoform X1,CG33695,674.6890995,-0.272832602,0.001174452,0.272832602,NA
LOC112045671,nucleolar protein 11,LOC112045671,2286.418286,-0.2186146,0.001182267,0.2186146,NA
LOC112043674,"solute carrier family 52, riboflavin transporter, member 3-B isoform X3",Rift,1275.338735,0.977474614,0.00118268,-0.977474614,NA
LOC112043697,probable nucleoporin Nup58 isoform X1,LOC112043697,392.0717079,-0.546381919,0.00118268,0.546381919,NA
LOC112049488,OTU domain-containing protein 7B-like,trbd,369.3693545,-0.445397573,0.001195345,0.445397573,NA
LOC112050625,tyrosine kinase receptor Cad96Ca isoform X1,Cad96Ca,1582.986639,0.345712812,0.0011979,-0.345712812,NA
LOC112053514,NA,NA,32.88843225,-2.98696282,0.0011979,2.98696282,NA
LOC112047140,1-acylglycerol-3-phosphate O-acyltransferase ABHD5 isoform X1,puml,1215.618259,0.3502606,0.001203801,-0.3502606,NA
LOC112046670,iduronate 2-sulfatase,Ids,74.56711484,-1.349309948,0.001208596,1.349309948,NA
LOC112052590,probable G-protein coupled receptor Mth-like 1,mthl1,929.1677352,0.508364995,0.001209083,-0.508364995,NA
LOC112051729,sideroflexin-2,Sfxn2,295.3125611,-0.685167124,0.001229569,0.685167124,NA
LOC112050737,protein strawberry notch isoform X1,sno,3860.67431,-0.254442919,0.001239118,0.254442919,NA
LOC112050286,upstream activation factor subunit spp27,Non2,10610.23547,-0.370167055,0.001242142,0.370167055,NA
LOC112043612,phosphatase and actin regulator 4A-like isoform X3,CG8516,531.8196162,0.44504331,0.001257639,-0.44504331,NA
LOC112045913,NA,NA,4670.065858,-0.185667191,0.00126369,0.185667191,NA
LOC112052781,putative phosphatidate phosphatase,wun,138.1382662,0.901427836,0.001270442,-0.901427836,NA
LOC112043228,kallikrein-4-like isoform X1,LOC112043228,471.2790996,1.270413735,0.001275842,-1.270413735,NA
LOC112056810,lipase 3-like,Lip4,3.751883158,-5.351872417,0.001276007,5.351872417,NA
LOC112053377,myophilin-like,Chd64,8269.947794,0.61136925,0.00128804,-0.61136925,NA
LOC112043586,endoplasmin isoform X1,Gp93,16928.49673,0.224284701,0.001290668,-0.224284701,NA
LOC112049072,sister chromatid cohesion protein DCC1,CG11788,276.5362322,0.386032604,0.001290668,-0.386032604,NA
LOC112054498,"39S ribosomal protein L28, mitochondrial",mRpL28,2126.867276,-0.300157287,0.001290668,0.300157287,NA
LOC112050715,cell division control protein 45 homolog,CDC45L,859.2199436,-0.36562806,0.001298479,0.36562806,NA
LOC112050268,"protein tramtrack, beta isoform-like isoform X4",LOC112050268,420.3283193,-0.396658649,0.001300365,0.396658649,NA
LOC112050746,zinc finger protein 706-like,CG15715,2328.383182,0.288710977,0.001302861,-0.288710977,NA
LOC112045630,DNA-binding protein RFX5,CG9727,655.0469443,0.313181256,0.001308757,-0.313181256,NA
LOC112052175,ubiquitin carboxyl-terminal hydrolase 3-like,Usp8,940.6264485,-0.454162092,0.001312352,0.454162092,NA
LOC112052321,"evolutionarily conserved signaling intermediate in Toll pathway, mitochondrial",ECSIT,367.6909077,-0.354477826,0.001323915,0.354477826,NA
LOC112051290,inverted formin-2,form3,444.1903996,-0.653542364,0.001325659,0.653542364,NA
LOC112044683,serine/arginine-rich splicing factor 7-like isoform X1,x16,1080.995531,-0.497954539,0.001339826,0.497954539,NA
LOC112043699,fasciclin-2-like isoform X1,Lac,33.88234546,1.614989934,0.001342197,-1.614989934,NA
LOC112044919,COP9 signalosome complex subunit 1,CSN1b,1835.201741,-0.262841684,0.001347894,0.262841684,NA
LOC112054810,MTSS1-like protein,mim,664.697911,0.483158137,0.001353288,-0.483158137,NA
LOC112054862,"protein arginine methyltransferase NDUFAF7 homolog, mitochondrial",CG17726,348.904908,-0.716982288,0.001353288,0.716982288,NA
LOC112047459,G-protein coupled receptor Mth2-like,mthl10,2845.44714,0.694412432,0.001357627,-0.694412432,NA
LOC112051992,LHFPL tetraspan subfamily member 3 protein,Tmhs,888.7138487,0.501040194,0.001361845,-0.501040194,NA
LOC112050890,potassium channel subfamily K member 1-like isoform X2,Task7,72.2045446,2.745001051,0.001369486,-2.745001051,NA
LOC112051278,probable ribosome biogenesis protein RLP24,RpL24-like,7897.343213,0.510032756,0.001369486,-0.510032756,NA
LOC112043330,S-formylglutathione hydrolase,CG4390,2805.914479,-0.261041212,0.00137482,0.261041212,NA
LOC112045908,uncharacterized protein LOC112045908 isoform X1,LOC112045908,583.0842348,0.599155365,0.001383252,-0.599155365,eyespot_down
LOC112056194,zinc finger protein 260-like isoform X2,LOC112056194,428.0259842,1.05768071,0.001383252,-1.05768071,NA
LOC112043374,IDLSRF-like peptide,CG31221,7.239081086,4.163501589,0.00138502,-4.163501589,NA
LOC112053329,NA,NA,160.0076399,-0.574027332,0.001386016,0.574027332,NA
LOC112052075,mitochondrial fission 1 protein,Fis1,1017.539523,-0.247166894,0.001397947,0.247166894,NA
LOC112049993,DNA replication ATP-dependent helicase/nuclease DNA2 isoform X1,CG2990,747.331465,-0.527283722,0.001399592,0.527283722,NA
LOC112048264,uncharacterized protein LOC112048264,LOC112048264,6.717701745,-3.315457452,0.001403718,3.315457452,NA
LOC112053024,NA,NA,1274.291412,-0.590595252,0.001442616,0.590595252,NA
LOC112050577,HMG1/2-like protein,LOC112050577,315.2184963,-0.461560445,0.001456183,0.461560445,NA
LOC112052446,"39S ribosomal protein L2, mitochondrial",mRpL2,920.3300395,-0.286836115,0.001475509,0.286836115,NA
LOC112044826,guanine nucleotide-binding protein subunit beta-5,Gbeta5,663.1560663,0.373305805,0.001475648,-0.373305805,NA
LOC112050902,"splicing factor, arginine/serine-rich 15 isoform X1",CG4266,6203.627647,-0.198873865,0.001479767,0.198873865,NA
LOC112050155,"lon protease homolog, mitochondrial isoform X1",Lon,2156.892886,-0.249838011,0.001487627,0.249838011,NA
LOC112050142,RNA-binding protein NOB1,CG2972,3458.053165,-0.208115025,0.001493844,0.208115025,eyespot_up
LOC112045403,uncharacterized protein LOC112045403,LOC112045403,124.1522542,-0.68063917,0.001514259,0.68063917,NA
LOC112049495,zinc finger protein 436-like isoform X1,LOC112049495,277.7190426,0.718189567,0.001514277,-0.718189567,NA
LOC112043292,elongation factor 1-alpha 2,EF1a-F2,55.5317394,0.988839713,0.001514904,-0.988839713,NA
LOC112049212,putative GPI-anchored protein pfl2 isoform X2,CG17233,2655.336141,-0.169285057,0.001523168,0.169285057,NA
LOC112044360,DNA-directed RNA polymerase II subunit RPB7,LOC112044360,1302.737479,0.380144927,0.001532619,-0.380144927,NA
LOC112043320,homeobox protein aristaless-like 3,repo,59.5373392,1.095393266,0.001538389,-1.095393266,NA
LOC112052225,"alpha-actinin, sarcomeric isoform X1",Actn,2593.347282,0.913592873,0.001538389,-0.913592873,eyespot_up
LOC112058237,coiled-coil domain-containing protein 25,CG4593,1294.159067,0.400443429,0.001538389,-0.400443429,NA
LOC112042896,protein archease-like,Archease,1689.322678,-0.287155644,0.001555348,0.287155644,NA
LOC112058553,adenylate cyclase type 3,Ac3,11.33037052,2.665422618,0.001555348,-2.665422618,NA
LOC112055931,transcription factor Adf-1-like,LOC112055931,104.6693926,0.761986057,0.001568321,-0.761986057,NA
LOC112049474,NFYB/HAP3 family transcription factor subunit,His2B:CG33868,202.9353051,-0.935682396,0.001596853,0.935682396,NA
LOC112057900,probable RNA 3'-terminal phosphate cyclase-like protein,Rtc1,1236.180952,-0.323022129,0.001614739,0.323022129,NA
LOC112053645,histidine triad nucleotide-binding protein 3-like,CG34015,455.1072701,0.362812885,0.001614829,-0.362812885,NA
LOC112053669,Replication Protein A3,LOC112053669,1128.466729,-0.685529597,0.00162697,0.685529597,NA
LOC112051200,uncharacterized protein LOC112051200,LOC112051200,516.0439238,-0.321435184,0.001632456,0.321435184,NA
LOC112044035,proteasome subunit beta type-2,Prosbeta4,3431.646535,-0.347477937,0.001634843,0.347477937,NA
LOC112057673,translin-associated protein X,Trax,1360.34752,-0.211609053,0.001634843,0.211609053,NA
LOC112058474,endoplasmic reticulum lectin 1 isoform X1,CG6766,2886.296839,0.314930206,0.00163867,-0.314930206,eyespot_down
LOC112051549,ubiquitin fusion degradation protein 1 homolog,Ufd1-like,1304.105084,-0.321942221,0.001655275,0.321942221,NA
LOC112058581,EGF domain-specific O-linked N-acetylglucosamine transferase,Eogt,1261.776588,-0.343595218,0.001664139,0.343595218,NA
LOC112052371,transposase-like protein,LOC112052371,38.47523691,-1.406681351,0.001675295,1.406681351,NA
LOC112056308,"GDP-mannose 4,6 dehydratase",Gmd,419.5914481,-0.366595845,0.001682008,0.366595845,NA
LOC112043922,esterase B1-like isoform X1,alpha-Est7,20.30978492,1.78434688,0.001688112,-1.78434688,NA
LOC112054829,mucin-5AC,CG10936,3718.675699,0.551761516,0.001688112,-0.551761516,NA
LOC112049912,phenylalanine--tRNA ligase beta subunit,beta-PheRS,2729.99739,-0.268532275,0.001690244,0.268532275,eyespot_down
LOC112043349,FK506-binding protein 15,LOC112043349,427.5134862,0.510160924,0.001692706,-0.510160924,NA
LOC112048472,Krueppel homolog 2,Kr-h2,5305.640793,0.195982419,0.001692706,-0.195982419,NA
LOC112043692,mpv17-like protein 2,CG32262,65.09709619,-1.165803582,0.001708442,1.165803582,NA
LOC112049298,regulator of nonsense transcripts 3B-like,LOC112049298,4208.117857,-0.172585831,0.001713975,0.172585831,NA
LOC112046235,aquaporin AQPAe.a-like,Eglp3,991.9664468,-0.613105238,0.00172015,0.613105238,NA
LOC112057409,myotubularin-related protein 2,mtm,28.30450249,-6.136787115,0.001728606,6.136787115,NA
LOC112044713,striatin-3 isoform X2,Cka,4123.357491,-0.197274746,0.001739918,0.197274746,NA
LOC112050295,nucleolar protein 12,sqd,4002.876929,-0.325439431,0.001748043,0.325439431,NA
LOC112055341,protein FAM234A,LOC112055341,803.1013928,-0.384562919,0.001749247,0.384562919,NA
LOC112043376,proteoglycan 4-like,LOC112043376,1310.215811,0.22791208,0.001768713,-0.22791208,NA
LOC112046143,xaa-Pro aminopeptidase ApepP-like,ApepP,2763.996325,0.464066207,0.001768713,-0.464066207,NA
LOC112046496,Protein asteroid,LOC112046496,57.77207331,2.330776301,0.001768713,-2.330776301,NA
LOC112046775,casein kinase I-like,CkIalpha,578.1109195,1.218895334,0.001768713,-1.218895334,NA
LOC112048945,protein nanos-like isoform X2,nanos,8.180630543,3.289579489,0.001768713,-3.289579489,NA
LOC112053308,cadherin-87A-like isoform X1,Cad87A,7996.764964,0.44675743,0.001779132,-0.44675743,NA
LOC112047919,Protein TBRG4,CG13850,490.9026972,-0.491200785,0.001801659,0.491200785,NA
LOC112055880,acidic repeat-containing protein-like,ect,691.3039646,3.502096344,0.001804609,-3.502096344,NA
LOC112056253,protein O-GlcNAcase,Oga,392.6057316,-0.457753811,0.001811611,0.457753811,NA
LOC112047676,glutamate receptor 1-like,Ir75a,14.75225809,2.51701411,0.001841877,-2.51701411,NA
LOC112053533,putative serine protease K12H4.7,CG9953,3520.188369,0.248677743,0.001843015,-0.248677743,NA
LOC112048900,NA,NA,175.4980213,0.531168853,0.001855649,-0.531168853,NA
LOC112051636,Pleckstrin-likey-like domain family B member 1,CG5004,3531.258948,0.466597043,0.001861299,-0.466597043,NA
LOC112053827,"electron transfer flavoprotein subunit alpha, mitochondrial",wal,3340.952387,-0.386540633,0.001861299,0.386540633,NA
LOC112055603,disheveled-associated activator of morphogenesis 1 isoform X1,DAAM,125.9430885,-0.832949036,0.001865162,0.832949036,eyespot_up
LOC112056350,aquaporin AQPAe.a isoform X2,Drip,369.1293683,1.137219224,0.00186688,-1.137219224,NA
LOC112044827,J domain-containing protein,jdp,1037.41716,1.005300494,0.001885767,-1.005300494,NA
LOC112052237,peritrophin-48-like,LOC112052237,62.71665425,-0.930531237,0.001902262,0.930531237,NA
LOC112057904,"6-phosphofructo-2-kinase/fructose-2,6-bisphosphatase isoform X1",Pfrx,721.1533438,-0.303461066,0.001902262,0.303461066,NA
LOC112055406,probable sodium/potassium/calcium exchanger CG1090 isoform X1,CG1090,359.174803,7.000486111,0.001905554,-7.000486111,NA
LOC112046058,centromere protein F,LOC112046058,894.1687776,-0.517779068,0.001913266,0.517779068,NA
LOC112053840,ATP-binding cassette sub-family F member 2,CG9281,3727.746059,0.33893194,0.001913266,-0.33893194,NA
LOC112049463,uncharacterized protein LOC112049463,LOC112049463,84.39319105,1.4079795,0.001947855,-1.4079795,NA
LOC112051523,heterogeneous nuclear ribonucleoprotein R isoform X1,Syp,41061.97655,-0.154961748,0.001947937,0.154961748,NA
LOC112050216,E3 ubiquitin-protein ligase TM129,LOC112050216,187.0198223,0.644057989,0.001952049,-0.644057989,NA
LOC112055586,RPII140-upstream gene protein,140up,512.7259627,0.360618319,0.001958762,-0.360618319,NA
LOC112046108,cysteine and histidine-rich protein 1 homolog isoform X1,CG32486,335.9512139,0.420531591,0.001960633,-0.420531591,NA
LOC112057684,uncharacterized protein LOC112045769,LOC112057684,202.6323703,-0.795030364,0.001960633,0.795030364,NA
LOC112043409,proteasome subunit alpha type-6-like,CG30382,4145.20091,-0.248122226,0.001963471,0.248122226,NA
LOC112058363,ras guanine nucleotide exchange factor P-like,LOC112058363,1753.6071,-0.252218996,0.001963743,0.252218996,NA
LOC112055076,OWR52865.1 osiris 9 precursor,Osi9,89.82226699,2.096870875,0.001976461,-2.096870875,NA
LOC112044259,"FAST kinase domain-containing protein 3, mitochondrial-like",LOC112044259,212.1638174,0.533532143,0.001978182,-0.533532143,NA
LOC112052019,transcriptional repressor protein YY1-like isoform X3,pho,647.9427693,0.28264378,0.002020427,-0.28264378,NA
LOC112049084,protein tyrosine phosphatase domain-containing protein 1-like,PTPDC1,24.5396368,-3.253119722,0.002023303,3.253119722,eyespot_down
LOC112058337,63 kDa sperm flagellar membrane protein,CG33978,1137.133996,0.481866989,0.00203545,-0.481866989,NA
LOC112046667,26S proteasome non-ATPase regulatory subunit 6,Rpn7,4415.441961,-0.204238068,0.00204411,0.204238068,NA
LOC112055860,prisilkin-39-like,LOC112055860,444.0707118,-0.65535308,0.002062901,0.65535308,NA
LOC112045570,coiled-coil domain-containing protein 47,CG17593,2006.56092,0.313059486,0.00208118,-0.313059486,NA
LOC112044965,NA,NA,320.7879171,-1.447239527,0.002093662,1.447239527,NA
LOC112046710,ATP-dependent RNA helicase vasa,vas,3012.143435,-0.378411225,0.0020952,0.378411225,NA
LOC112043873,protein ERGIC-53,ergic53,3515.940333,0.319126862,0.002105612,-0.319126862,eyespot_up
LOC112057761,leucine-rich repeat protein soc-2 homolog,Sur-8,1756.74203,-0.495340434,0.002106154,0.495340434,NA
LOC112058435,mediator of RNA polymerase II transcription subunit 12-like isoform X2,kto,2228.489536,0.296444871,0.002106179,-0.296444871,NA
LOC112058295,DNA primase large subunit,DNApol-alpha60,515.3741291,-0.704211712,0.002110996,0.704211712,NA
LOC112053291,uncharacterized protein LOC112053291 isoform X3,l(1)G0193,4343.649201,0.552702511,0.002114858,-0.552702511,NA
LOC112050404,"phosphoglycolate phosphatase 1B, chloroplastic-like",CG15739,147.8124148,1.067010811,0.002157503,-1.067010811,NA
LOC112053177,gastrula zinc finger protein XlCGF57.1-like,LOC112053177,227.5737151,0.490153824,0.002225466,-0.490153824,NA
LOC112048205,uncharacterized protein LOC112048205,CG13698,815.2080444,-0.420106788,0.002242662,0.420106788,NA
LOC112048729,tetraspanin-9-like isoform X2,Tsp74F,2821.758738,0.372015725,0.002242662,-0.372015725,eyespot_down
LOC112052370,uncharacterized protein LOC112052370,LOC112052370,957.7186484,0.368313646,0.002254481,-0.368313646,NA
LOC112049139,protein mesh isoform X1,mesh,1497.537598,5.647591889,0.002256572,-5.647591889,NA
LOC112047067,pre-rRNA-processing protein pro-1,LOC112047067,661.8708985,-0.406483087,0.002272964,0.406483087,NA
LOC112052029,coiled-coil domain-containing protein 51-like,LOC112052029,668.3029261,0.274354149,0.002272964,-0.274354149,NA
LOC112048642,serine-rich adhesin for platelets-like isoform X1,LOC112048642,518.5078481,-0.43874949,0.002278371,0.43874949,NA
LOC112057764,protein CREG1,CREG,2619.88577,0.757907136,0.002284616,-0.757907136,NA
LOC112058516,cytochrome P450 6B1-like,Cyp6a14,1750.95205,2.016898288,0.002297649,-2.016898288,NA
LOC112056849,zinc transporter 7,ZnT86D,1125.511495,-0.256148653,0.002306866,0.256148653,NA
LOC112042871,26S proteasome non-ATPase regulatory subunit 5,LOC112042871,1103.099318,-0.260280431,0.002309812,0.260280431,NA
LOC112043032,tumor protein D54 isoform X1,CG5174,6182.895299,-0.272199594,0.002309812,0.272199594,NA
LOC112057042,sorting nexin-25,snz,9.917650113,-6.810747074,0.00232798,6.810747074,NA
LOC112047936,eukaryotic translation initiation factor 2-alpha kinase 1-like,PEK,1142.185083,0.631508542,0.002358206,-0.631508542,NA
LOC112056740,long-chain fatty acid transport protein 4-like,Fatp1,121.5875818,-1.234663486,0.002365246,1.234663486,NA
LOC112048544,zinc finger protein Xfin-like,LOC112048544,1043.909454,0.215153792,0.002368916,-0.215153792,eyespot_up
LOC112052090,WD repeat and HMG-box DNA-binding protein 1,Ctf4,1201.139203,-0.499076733,0.002374462,0.499076733,NA
LOC112058345,vesicular integral-membrane protein VIP36,CG5510,619.2834198,2.45745809,0.00237507,-2.45745809,NA
LOC112051774,"NADPH:adrenodoxin oxidoreductase, mitochondrial",dare,51229.69086,0.368558,0.002384266,-0.368558,NA
LOC112049272,post-GPI attachment to proteins factor 2-like,CG7990,86.60954554,2.026350525,0.002395221,-2.026350525,NA
LOC112047393,netrin receptor UNC5C-like isoform X1,unc-5,982.2226922,-0.554801236,0.002402827,0.554801236,eyespot_up
LOC112047091,zinc finger protein 431-like,LOC112047091,636.8489601,0.546320105,0.002410669,-0.546320105,NA
LOC112044884,60S ribosomal protein L9,RpL9,48877.26318,0.269593342,0.002416644,-0.269593342,NA
LOC112044279,centromere/kinetochore protein zw10 homolog,mit(1)15,1241.232842,0.284292917,0.00242707,-0.284292917,NA
LOC112045732,homeobox protein araucan-like isoform X2,ara,1377.748937,-0.402977915,0.00242707,0.402977915,NA
LOC112056631,caltractin-like,CG17493,1100.137829,-0.297419024,0.002435541,0.297419024,NA
LOC112042875,max-like protein X,bigmax,719.8737062,0.394426284,0.002456888,-0.394426284,NA
LOC112048615,protein takeout-like,to,92.24118093,-1.343417373,0.00246508,1.343417373,NA
LOC112045970,carboxypeptidase E-like,svr,77.22499621,-0.874571821,0.002469028,0.874571821,NA
LOC112044647,protein phosphatase 1B,alph,5594.483415,-0.257929537,0.002488458,0.257929537,NA
LOC112050642,N6-adenosine-methyltransferase non-catalytic subunit,Mettl14,1054.645294,-0.343830172,0.002488458,0.343830172,NA
LOC112058143,mitotic spindle assembly checkpoint protein MAD2A,mad2,281.1882579,-0.797210311,0.002488458,0.797210311,NA
LOC112046246,PHD finger protein 14 isoform X2,CG15439,186.261093,0.879824702,0.002488617,-0.879824702,NA
LOC112051777,uncharacterized protein LOC112051777,tyn,1217.19197,0.690586939,0.002494335,-0.690586939,NA
LOC112050048,uncharacterized protein LOC112050048,CG2225,2094.04201,0.531261798,0.002503673,-0.531261798,NA
LOC112048063,homeobox protein 2-like,Cpr49Af,107.0766532,1.691032588,0.002508902,-1.691032588,NA
LOC112044454,sodium/hydrogen exchanger 9B2-like isoform X1,Nha1,242.3104313,0.904679864,0.002516428,-0.904679864,NA
LOC112049067,cytohesin-1 isoform X1,step,729.0625217,0.403155943,0.002516428,-0.403155943,NA
LOC112042866,signal recognition particle 19 kDa protein,Srp19,1073.363288,0.242381961,0.002535885,-0.242381961,eyespot_up
LOC112045646,filamin-A isoform X1,jbug,2485.977929,0.373502543,0.002536787,-0.373502543,NA
LOC112046628,trafficking protein particle complex subunit 10,SIDL,1013.959167,-0.231658915,0.002549948,0.231658915,NA
LOC112044497,syntaxin-binding protein 5 isoform X2,Tomosyn,1028.864952,-0.49400411,0.002559068,0.49400411,NA
LOC112052404,40S ribosomal protein S12,RpS12,28989.37879,0.258235833,0.002565031,-0.258235833,NA
LOC112055375,thioredoxin-related transmembrane protein 1-like,CG5554,2667.852713,0.404849193,0.002628404,-0.404849193,NA
LOC112055547,ATPase WRNIP1-like,LOC112055547,295.7432642,-0.400084482,0.002651252,0.400084482,NA
LOC112043618,uncharacterized LOC106122463 precursor,neo,10910.85901,0.678981283,0.002676411,-0.678981283,NA
LOC112047941,mediator of RNA polymerase II transcription subunit 15,MED15,404.2741545,-0.454609601,0.002690082,0.454609601,NA
LOC112046950,calmodulin-like protein 4,CG17272,1227.632265,0.574417601,0.002690673,-0.574417601,NA
LOC112045531,uncharacterized protein LOC112045531 isoform X2,LOC112045531,942.7842622,-0.473388231,0.002692246,0.473388231,NA
LOC112043580,cell division cycle protein 16 homolog,Cdc16,374.1151763,-0.446142717,0.002692998,0.446142717,NA
LOC112050710,nucleoredoxin-like,LOC112050710,1950.184416,-0.466932989,0.002712351,0.466932989,NA
LOC112047419,uncharacterized protein C05D11.1-like,LOC112047419,9482.430349,-0.261802721,0.002715093,0.261802721,NA
LOC112047592,speckle targeted PIP5K1A-regulated poly(A) polymerase-like,mkg-p,2272.388608,0.27204723,0.002719914,-0.27204723,NA
LOC112047461,probable G-protein coupled receptor Mth-like 3,GPRMTH5,507.3720237,-0.575561012,0.002722494,0.575561012,NA
LOC112043721,adhesive plaque matrix protein-like isoform X1,CG13643,66.42237179,-2.268050395,0.002739256,2.268050395,NA
LOC112051359,prisilkin-39-like,LOC112051359,133.9772616,-1.440478484,0.002739256,1.440478484,NA
LOC112053763,"alpha-(1,3)-fucosyltransferase 10",FucTB,622.6432463,0.474769596,0.002739256,-0.474769596,NA
LOC112051458,"glucose dehydrogenase [FAD, quinone]-like",CG9518,8.729201504,-2.395564139,0.002752129,2.395564139,NA
LOC112051829,adenosine kinase,Adk2,2651.674346,-0.176705742,0.002752129,0.176705742,NA
LOC112049701,60S ribosomal protein L15,RpL15,39804.64905,0.275439288,0.002753981,-0.275439288,NA
LOC112044421,BLOC-1-related complex subunit 8 homolog,CG32590,242.4438351,0.793839099,0.002766067,-0.793839099,NA
LOC112048397,nuclear pore complex protein Nup133,Nup133,1061.03726,-0.473226313,0.002766067,0.473226313,NA
LOC112053606,uncharacterized LOC106121975 precursor,CG32816,63.21915275,1.013476312,0.002777571,-1.013476312,NA
LOC112047825,neprilysin-2 isoform X1,Nep2,17748.7814,0.636307758,0.002778928,-0.636307758,NA
LOC112052039,neuropathy target esterase sws isoform X1,sws,912.0223786,-0.383246789,0.002778928,0.383246789,NA
LOC112053005,AP-3 complex subunit sigma-1,or,791.4791286,0.28090413,0.002797053,-0.28090413,NA
LOC112057760,testin,Tes,2425.836716,-0.394625509,0.002802374,0.394625509,NA
LOC112053924,glycogen synthase kinase-3 beta isoform X1,sgg,6556.527321,-0.243110394,0.002829087,0.243110394,NA
LOC112043314,cytosolic non-specific dipeptidase,Cndp2,5834.78721,-0.187699082,0.002835681,0.187699082,NA
LOC112043414,probable small nuclear ribonucleoprotein E,SmE,4128.316333,-0.255105006,0.002843168,0.255105006,NA
LOC112046019,ribonuclease H2 subunit A,CG13690,807.1757306,-0.496871792,0.002843387,0.496871792,NA
LOC112048584,afadin isoform X2,cno,3826.883767,-0.235471418,0.002856017,0.235471418,NA
LOC112056547,trafficking protein particle complex subunit 12,CG11396,1181.637407,0.322471684,0.002856017,-0.322471684,NA
LOC112043303,multidrug resistance-associated protein 4-like,ABCC2,10.04787719,2.489233839,0.002862936,-2.489233839,NA
LOC112049152,"myosin light chain kinase, smooth muscle-like",sqa,2398.305155,0.176185783,0.002867073,-0.176185783,eyespot_up
LOC112050219,"protein tramtrack, beta isoform-like isoform X3",LOC112050219,61.06338288,0.990149692,0.002867073,-0.990149692,NA
LOC112046817,myotubularin-related protein 10-B,CG14411,446.0346478,0.466212985,0.002869833,-0.466212985,NA
LOC112055819,transforming growth factor beta regulator 1,LOC112055819,565.8014748,0.30538545,0.002881196,-0.30538545,NA
LOC112054469,CD209 antigen-like,LOC112054469,2269.265421,1.716618448,0.002886848,-1.716618448,NA
LOC112046491,NADH dehydrogenase [ubiquinone] 1 beta subcomplex subunit 10,Ndufb10,1893.787009,-0.265953337,0.002887254,0.265953337,NA
LOC112046066,mitogen-activated protein kinase kinase kinase kinase 5 isoform X1,hppy,1725.350515,0.289639111,0.002912078,-0.289639111,NA
LOC112050966,nucleoporin Nup43,LOC112050966,1279.908846,-0.355860497,0.002914573,0.355860497,NA
LOC112044685,arrestin domain-containing protein 5-like,Ranbp11,14.6621858,2.028323298,0.002917779,-2.028323298,NA
LOC112043390,uncharacterized protein LOC112043390 isoform X1,mtg,505.235647,1.431155593,0.002931036,-1.431155593,NA
LOC112047346,UDP-glucuronosyltransferase-like isoform X1,Ugt35B1,2355.777574,1.176334396,0.002934645,-1.176334396,NA
LOC112048569,Golgi-associated PDZ and coiled-coil motif-containing protein-like,Syn1,1144.60685,0.274309145,0.002934645,-0.274309145,NA
LOC112058557,60S ribosomal protein L10a,RpL10Ab,41497.71057,0.299725087,0.002936721,-0.299725087,NA
LOC112049131,major facilitator superfamily domain-containing protein 6,Sugb,297.3138676,-0.512594161,0.002951314,0.512594161,NA
LOC112052275,sorting nexin-13-like isoform X1,snz,503.795664,0.425139043,0.002955552,-0.425139043,NA
LOC112050542,viral IAP-associated factor homolog,viaf,2018.803991,0.478630615,0.002973918,-0.478630615,NA
LOC112053885,tribbles homolog 2-like,trbl,2262.09585,0.393295714,0.002973918,-0.393295714,NA
LOC112048727,protein SPT2 homolog,CG5815,183.6442861,-0.542849736,0.002975505,0.542849736,NA
LOC112044537,fibroblast growth factor receptor homolog 1-like isoform X2,htl,296.7889273,0.487576942,0.002976407,-0.487576942,NA
LOC112054991,protein regulator of cytokinesis 1-like,feo,1741.031042,-0.789344684,0.002986915,0.789344684,NA
LOC112046738,hydroxymethylglutaryl-CoA synthase 1,Hmgs,1100.918055,-0.34204416,0.002992793,0.34204416,NA
LOC112047156,protein wech,wech,325.0087925,0.438268924,0.002992793,-0.438268924,NA
LOC112053030,solute carrier family 15 member 1-like,CG2930,740.1684999,1.301901657,0.002993439,-1.301901657,NA
LOC112046752,"serine--tRNA ligase, cytoplasmic",SerRS,4572.812972,-0.257683135,0.003031359,0.257683135,NA
LOC112054600,protein purity of essence isoform X1,poe,8558.468738,0.234708494,0.003031359,-0.234708494,NA
LOC112056506,UDP-N-acetylglucosamine transferase subunit ALG14 homolog,Alg14,203.7673304,0.779848563,0.003031359,-0.779848563,NA
LOC112057711,OWR48845.1 putative pyrazinamidase/nicotinamidase,Naam,258.3378258,0.440522668,0.003031359,-0.440522668,NA
LOC112058360,ATP-dependent Clp protease proteolytic subunit,ClpP,1201.546941,-0.404001714,0.003031359,0.404001714,NA
LOC112047948,calcium and integrin-binding protein 1-like,Cib2,585.0623773,0.393620651,0.00306315,-0.393620651,NA
LOC112056866,mediator of RNA polymerase II transcription subunit 9,MED9,287.9808077,-0.396011665,0.003075201,0.396011665,NA
LOC112044374,"28S ribosomal protein S5, mitochondrial",mRpS5,1535.719243,-0.21866223,0.00307777,0.21866223,NA
LOC112048566,uncharacterized protein LOC112048566,LOC112048566,24.75135883,1.252011224,0.003131046,-1.252011224,NA
LOC112057942,toll-like receptor Tollo,Tollo,2715.845265,-0.257563127,0.003132351,0.257563127,NA
LOC112056288,alanine aminotransferase 1-like,CG1640,16.12382227,7.450513169,0.003137141,-7.450513169,NA
LOC112050532,high affinity copper uptake protein 1-like,Ctr1A,385.2238671,1.548245849,0.003147505,-1.548245849,NA
LOC112049941,"glucose dehydrogenase [FAD, quinone]",CG45065,2175.936591,0.835073687,0.003156507,-0.835073687,NA
LOC112046093,uncharacterized protein LOC112046093 isoform X2,LOC112046093,644.7986542,0.454179244,0.00318161,-0.454179244,NA
LOC112048423,uncharacterized protein LOC112048423,CG14395,32.93388713,-1.260557723,0.003182572,1.260557723,NA
LOC112050014,Peptidyl-prolyl cis-trans isomerase CWC27-like,CG42326,793.8462264,0.761188443,0.0031923,-0.761188443,NA
LOC112052410,dynein light chain roadblock-type 2,robl,19.45109373,-1.534849141,0.003194663,1.534849141,NA
LOC112046636,mothers against decapentaplegic homolog 4 isoform X1,Med,235.4717473,0.478891441,0.003231941,-0.478891441,NA
LOC112053499,uncharacterized LOC106124101 precursor,CG12017,1523.064652,-0.675161705,0.003231941,0.675161705,NA
LOC112056216,activin receptor type-1 isoform X1,sax,344.1582826,0.496023913,0.003234768,-0.496023913,eyespot_up
LOC112044286,YEATS domain-containing protein 4,Gas41,459.404636,0.35488388,0.003257921,-0.35488388,eyespot_up
LOC112048090,small ubiquitin-related modifier 3,smt3,22017.41825,-0.216245395,0.003258034,0.216245395,NA
LOC112055195,S-adenosylmethionine synthase isoform X2,Sam-S,15781.99036,0.313543499,0.003259478,-0.313543499,NA
LOC112058600,single-pass membrane and coiled-coil domain-containing protein 4,CG33169,2087.864641,0.42108657,0.003274628,-0.42108657,NA
LOC112051765,elongation factor 1-gamma,Ef1gamma,61396.36323,0.253176203,0.003286877,-0.253176203,NA
LOC112051611,uncharacterized protein LOC112051611,LOC112051611,1513.048813,-0.835531669,0.003287914,0.835531669,NA
LOC112046596,polycomb protein Pcl,Pcl,1477.371116,-0.202314463,0.003289005,0.202314463,NA
LOC112044310,"39S ribosomal protein L9, mitochondrial",mRpL9,995.6347091,-0.397976381,0.003297042,0.397976381,NA
LOC112050099,signal peptide peptidase-like 3,SppL,1190.762635,0.377496864,0.003309099,-0.377496864,eyespot_up
LOC112054220,2-(3-amino-3-carboxypropyl)histidine synthase subunit 2,Dph2,764.0112028,0.363775118,0.003344499,-0.363775118,NA
LOC112050597,PAN2-PAN3 deadenylation complex catalytic subunit PAN2,PAN2,2310.603007,-0.223399569,0.003350356,0.223399569,NA
LOC112058572,protein timeless,tim,1811.753419,1.014757258,0.003358082,-1.014757258,NA
LOC112043894,"protein SCO1 homolog, mitochondrial",Scox,1081.412226,-0.316628493,0.003361874,0.316628493,NA
LOC112058475,UDP-glucuronosyltransferase 2B1-like isoform X2,Ugt36D1,264.5448711,-0.987915444,0.003384069,0.987915444,NA
LOC112051496,U3 small nucleolar RNA-associated protein 6 homolog,LOC112051496,1618.760646,-0.288581839,0.003398346,0.288581839,NA
LOC112043037,actin cytoskeleton-regulatory complex protein PAN1-like,CG33003,6.415297449,3.98286726,0.003406473,-3.98286726,NA
LOC112046487,teneurin-a isoform X3,Ten-a,3190.790318,-0.250173498,0.003406473,0.250173498,NA
LOC112053466,retinol dehydrogenase 12-like,CG2070,492.6368219,0.393308177,0.003409395,-0.393308177,NA
LOC112044087,nucleoside diphosphate kinase 6-like,nmdyn-D6,907.9568489,-0.282406809,0.003436112,0.282406809,NA
LOC112045900,uncharacterized protein LOC112045900,CG17162,16.06469041,1.724812375,0.003465456,-1.724812375,NA
LOC112048703,N66 matrix protein-like,LOC112048703,68.77708455,0.904797994,0.003474861,-0.904797994,NA
LOC112053731,GPI transamidase component PIG-T,PIG-T,1313.814701,-0.294253844,0.003478382,0.294253844,NA
LOC112055056,maternal protein tudor-like isoform X1,tud,3325.747652,-0.235437335,0.003491351,0.235437335,NA
LOC112051151,"beta-1,3-glucosyltransferase isoform X2",LOC112051151,845.5399284,-0.315191911,0.003493927,0.315191911,NA
LOC112056951,DDE-type integrase/transposase/recombinase,LOC112056951,208.5641161,2.750411598,0.00349884,-2.750411598,NA
LOC112044037,probable cation-transporting ATPase 13A3 isoform X1,anne,447.6354361,0.423236553,0.003519675,-0.423236553,eyespot_up
LOC112051973,CAD protein isoform X2,CAD,16106.36744,-0.239746467,0.003527785,0.239746467,NA
LOC112058365,hypoxia-inducible factor 1-alpha-like isoform X3,sima,5924.035264,0.306873192,0.003527785,-0.306873192,eyespot_up
LOC112051494,endochitinase A,Sap130,712.2192904,-0.414266131,0.003535527,0.414266131,NA
LOC112048372,sentrin-specific protease 1-like,CG32110,202.1094755,0.920886422,0.003537254,-0.920886422,NA
LOC112057837,tethering factor for nuclear proteasome STS1,CG5199,1160.372802,-0.420528112,0.003566042,0.420528112,NA
LOC112043932,protein-L-isoaspartate(D-aspartate) O-methyltransferase,Pcmt,827.4825521,0.283917878,0.003570487,-0.283917878,NA
LOC112053877,MAGUK p55 subfamily member 7 isoform X1,metro,89.79207722,0.8088776,0.003570487,-0.8088776,NA
LOC112058525,dorsal interacting protein 3,CG10209,308.3856208,-0.421432583,0.003594292,0.421432583,NA
LOC112053259,serine/threonine-protein kinase fused,fu,388.1984823,0.3153677,0.003597766,-0.3153677,NA
LOC112047964,serine protease easter-like isoform X1,ea,141.6756635,0.660790816,0.003613142,-0.660790816,NA
LOC112048441,protein downstream neighbor of son homolog,hd,477.4220754,-0.60838169,0.003613142,0.60838169,NA
LOC112046887,uncharacterized protein LOC112046887,LOC112046887,37.15022067,1.629239552,0.003622694,-1.629239552,NA
LOC112055734,chromatin assembly factor 1 subunit A-like,Caf1-180,2197.304736,-0.342901511,0.003622694,0.342901511,NA
LOC112045673,RNA-binding protein 40-like,CG44249,276.8036455,0.4654048,0.003641786,-0.4654048,NA
LOC112046139,MATH and LRR domain-containing protein PFE0570w-like,LOC112046139,1198.670223,0.241889951,0.003650641,-0.241889951,NA
LOC112053992,DNA replication licensing factor Mcm6,Mcm6,3658.145945,-0.37283473,0.00365344,0.37283473,eyespot_down
LOC112052131,protein artichoke-like,caps,992.8367756,-0.441479814,0.003669839,0.441479814,NA
LOC112052526,protein LLP homolog,LOC112052526,6044.149776,0.294812553,0.003685927,-0.294812553,NA
LOC112046365,putative Y47D3B.4,LOC112046365,588.5398217,0.593174722,0.003690726,-0.593174722,NA
LOC112047164,SUMO-activating enzyme subunit 1,Aos1,3106.432777,-0.183605879,0.003690726,0.183605879,NA
LOC112056263,uncharacterized protein LOC112056263 isoform X2,LOC112056263,1561.435356,0.243168842,0.003708618,-0.243168842,NA
LOC112043354,protein Wnt-11-like,Wnt11,37.74358346,-1.622164644,0.003719683,1.622164644,NA
LOC112044455,ovarian-specific serine/threonine-protein kinase Lok-like,lok,382.7396126,-0.461677621,0.003769295,0.461677621,NA
LOC112046748,60S ribosomal protein L12,RpL12,28384.57781,0.281431476,0.003769295,-0.281431476,NA
LOC112045597,defense protein 3-like,LOC112045597,25.9337681,1.749303813,0.003769745,-1.749303813,NA
LOC112049469,lachesin-like isoform X1,DIP-delta,69.32102419,-1.292668136,0.003769745,1.292668136,NA
LOC112047371,ATP-binding cassette sub-family E member 1,pix,13051.11317,0.37673076,0.003791506,-0.37673076,NA
LOC112043146,helicase sen1,CG7504,801.2774099,-0.52384389,0.003796546,0.52384389,NA
LOC112048304,protein lin-28 homolog,lin-28,109.2356143,0.774841892,0.003801974,-0.774841892,NA
LOC112042924,cyclin-dependent-like kinase 5,Cdk5,209.0402551,0.390776566,0.003811274,-0.390776566,NA
LOC112057795,golgin-45,CG9356,439.949051,-0.307869021,0.003811852,0.307869021,NA
LOC112047981,uncharacterized protein C14orf119 homolog,CG12948,529.6995005,0.640064865,0.003815315,-0.640064865,NA
LOC112050798,interleukin enhancer-binding factor 2 homolog,CG5641,6663.754629,-0.187754137,0.003816259,0.187754137,NA
LOC112046003,DNA-binding protein Ikaros isoform X1,CG12769,1657.37401,0.667790977,0.003817854,-0.667790977,NA
LOC112055484,NA,NA,94.60056484,0.640926108,0.003817854,-0.640926108,NA
LOC112046274,U1 small nuclear ribonucleoprotein A,snf,2123.919373,-0.220655968,0.003818763,0.220655968,NA
LOC112051914,transmembrane protein 138-like,LOC112051914,45.16023121,-1.147952794,0.003818763,1.147952794,NA
LOC112052361,"actin, muscle",Act57B,11.76349751,3.079230729,0.003829669,-3.079230729,NA
LOC112050032,angiotensin-converting enzyme-like,Ance,27.94460966,1.312686788,0.003849015,-1.312686788,NA
LOC112046155,atrophin-1-like isoform X1,LOC112046155,507.9029515,0.877152969,0.003861899,-0.877152969,NA
LOC112051517,Protein folded gastrulation,LOC112051517,650.7875631,0.589442101,0.003882454,-0.589442101,NA
LOC112044878,negative elongation factor E,Nelf-E,794.6992654,0.267347097,0.003901569,-0.267347097,NA
LOC112055964,protein tyrosine phosphatase type IVA 3,PRL-1,12152.85426,0.303853741,0.003925715,-0.303853741,eyespot_up
LOC112050772,zinc finger BED domain-containing protein 1-like,CG16863,120.9645742,-1.722133261,0.003957505,1.722133261,NA
LOC112047402,charged multivesicular body protein 1b,Chmp1,656.2727955,-0.300119411,0.003967528,0.300119411,NA
LOC112052588,ecdysteroid-regulated 16 kDa protein,Npc2a,114.8505427,1.233222741,0.003992872,-1.233222741,NA
LOC112054216,G1/S-specific cyclin-E,CycE,166.4596692,-0.937607488,0.003992872,0.937607488,NA
LOC112056276,ecdysone 20-monooxygenase,Cyp314a1,272.0793828,1.576041567,0.003992872,-1.576041567,NA
LOC112049876,ankyrin repeat and sterile alpha motif domain-containing protein 1B-like isoform X8,CG4393,2180.230516,0.18017286,0.004008147,-0.18017286,NA
LOC112046765,ras GTPase-activating protein 1,vap,1425.62824,-0.273044267,0.00401979,0.273044267,eyespot_down
LOC112052495,membrane-bound alkaline phosphatase-like,Alp9,40.18562447,2.745393425,0.004044019,-2.745393425,NA
LOC112048857,40S ribosomal protein S11 isoform X2,RpS11,39590.18595,0.288310672,0.004055389,-0.288310672,NA
LOC112052427,transmembrane and TPR repeat-containing protein 1-like,Tmtc3,51.43631734,-0.949757631,0.004055889,0.949757631,NA
LOC112052477,regulator of nonsense transcripts 2,Upf2,1933.500776,-0.171017127,0.004055889,0.171017127,NA
LOC112048891,protein asteroid,ast,691.0122154,0.363677286,0.004084338,-0.363677286,NA
LOC112048298,metallophosphoesterase 1-like,PGAP5,363.0061751,-0.890122338,0.004103103,0.890122338,NA
LOC112056971,sulfotransferase 1C4-like,St4,566.093789,-0.609101668,0.004106599,0.609101668,NA
LOC112048396,bicaudal D-related protein homolog,CG32137,3094.408755,0.631129005,0.004114207,-0.631129005,eyespot_up
LOC112047401,akirin-like,AKIRIN2,13064.84525,0.144700231,0.004118934,-0.144700231,NA
LOC112045086,"L-2-hydroxyglutarate dehydrogenase, mitochondrial",L2HGDH,432.5869109,0.380941516,0.004165689,-0.380941516,NA
LOC112050712,venom serine carboxypeptidase,CG4572,3770.741447,-0.287009052,0.004198507,0.287009052,NA
LOC112051880,transmembrane protein 184B isoform X1,CG12004,2726.918247,0.236175054,0.004198507,-0.236175054,NA
LOC112053565,putative methyltransferase C9orf114,CG12128,798.4370624,-0.283240969,0.004198507,0.283240969,NA
LOC112055732,nuclear pore complex protein Nup85,Nup75,334.168448,-0.518040324,0.004225614,0.518040324,NA
LOC112052949,sphingomyelin phosphodiesterase 4,CG6962,1123.819211,-0.428759765,0.004229485,0.428759765,NA
LOC112045155,titin isoform X1,LOC112045155,54629.60122,0.274392229,0.004231912,-0.274392229,NA
LOC112044102,CDK5 regulatory subunit-associated protein 1,CG6345,423.9357579,-0.394490388,0.004233688,0.394490388,NA
LOC112055963,deoxyribodipyrimidine photo-lyase,phr,550.3988067,-0.71907936,0.004242936,0.71907936,NA
LOC112049536,uncharacterized protein LOC112049536 isoform X2,LOC112049536,572.8341122,-0.438774473,0.004257894,0.438774473,NA
LOC112053265,CBH09262.1 HM00021,LOC112053265,1304.106077,0.225479998,0.004264334,-0.225479998,NA
LOC112054644,SH2 domain-containing protein 4B-like,LOC112054644,6191.678352,3.551831096,0.00427146,-3.551831096,NA
LOC112052448,titin homolog,CG14200,4631.658594,0.18473683,0.004278826,-0.18473683,NA
LOC112045007,transport and Golgi organization protein 1,Tango1,3377.444479,0.31490295,0.004282268,-0.31490295,NA
LOC112048606,72 kDa inositol polyphosphate 5-phosphatase isoform X1,INPP5E,191.1178871,-0.631337391,0.004291104,0.631337391,NA
LOC112046210,glutathione hydrolase 1 proenzyme-like,CG17636,136.9780634,1.060229268,0.004336561,-1.060229268,NA
LOC112055873,protein eiger,LOC112055873,1695.08325,0.401448248,0.004337661,-0.401448248,NA
LOC112047861,protein kintoun,LOC112047861,1263.851204,0.495119174,0.00440126,-0.495119174,NA
LOC112052470,leucine-rich repeat and immunoglobulin-like domain-containing nogo receptor-interacting protein 1,haf,362.9845745,0.958814562,0.004445947,-0.958814562,NA
LOC112048414,centromere protein J,Sas-4,311.4903951,-0.508847879,0.004449904,0.508847879,NA
LOC112045812,zinc finger protein 271-like,LOC112045812,149.654245,0.655292341,0.004450225,-0.655292341,NA
LOC112046122,hexokinase type 2 isoform X2,Hex-A,794.7162542,0.932650819,0.004492559,-0.932650819,NA
LOC112054515,RNA-binding protein 4.1 isoform X2,CG7903,9938.837314,-0.198792418,0.004503322,0.198792418,NA
LOC112054432,dnaJ homolog subfamily B member 12,CG3061,867.6251376,0.449227292,0.004508871,-0.449227292,NA
LOC112044002,transcription factor BTF3 homolog 4-like,bic,21553.30525,-0.159722271,0.004542038,0.159722271,NA
LOC112052862,zinc-type alcohol dehydrogenase-like protein SE_1777,LOC112052862,2412.677567,-0.228979361,0.004559778,0.228979361,NA
LOC112055432,zinc finger protein 84-like,LOC112055432,75.06849474,0.944857389,0.004572526,-0.944857389,NA
LOC112044765,barrier-to-autointegration factor,baf,1562.513371,-0.261858794,0.004573307,0.261858794,NA
LOC112052843,NADPH--cytochrome P450 reductase isoform X1,Cpr,4001.5165,0.145847102,0.004575258,-0.145847102,NA
LOC112048883,serine-enriched protein isoform X1,gprs,297.4943117,-6.230472137,0.004597751,6.230472137,NA
LOC112054519,fumarylacetoacetate hydrolase domain-containing protein 2-like,CG6028,567.3459745,0.522793982,0.004617476,-0.522793982,NA
LOC112043634,uncharacterized protein LOC112043634,LOC112043634,2442.204705,0.162319811,0.004674767,-0.162319811,NA
LOC112053414,venom carboxylesterase-6-like,CG6414,22.76724501,1.825965978,0.004696388,-1.825965978,NA
LOC112043526,DNA primase large subunit-like,DNApol-alpha60,83.34501412,0.64435646,0.004712427,-0.64435646,NA
LOC112052608,uncharacterized protein LOC112052608,dpy,70034.20265,-0.419410435,0.004733256,0.419410435,NA
LOC112048644,adenosine deaminase CECR1-A-like,Adgf-A,700.9593326,-0.59628907,0.004744277,0.59628907,NA
LOC112046144,histone chaperone asf1,asf1,757.1017977,-0.37147959,0.00474966,0.37147959,NA
LOC112052115,glycine N-acyltransferase-like protein 3,LOC112052115,60.27561082,2.008339223,0.004814426,-2.008339223,NA
LOC112057820,proteolipid protein 2-like,LOC112057820,312.6342126,0.405502459,0.004824132,-0.405502459,NA
LOC112054809,Dihydrouridine synthase domain containing protein,LOC112054809,286.2948923,-0.65475763,0.004840046,0.65475763,eyespot_up
LOC112042826,cytochrome P450 6B2-like,Cyp6a8,35.12003796,-3.11610997,0.004867038,3.11610997,NA
LOC112050739,integrator complex subunit 9,IntS9,1156.213064,0.227810605,0.004867038,-0.227810605,NA
LOC112045172,carbohydrate sulfotransferase 11 isoform X2,CG13937,694.5796989,0.737434904,0.004877088,-0.737434904,NA
LOC112044532,rho GTPase-activating protein 7 isoform X1,cv-c,1071.639906,0.358305721,0.004905163,-0.358305721,eyespot_up
LOC112051644,oxidative stress-responsive serine-rich protein 1,CG5056,548.8795394,0.675996191,0.004910724,-0.675996191,NA
LOC112053641,"probable 28S ribosomal protein S6, mitochondrial",mRpS6,779.1487042,-0.249669313,0.004917731,0.249669313,NA
LOC112057762,mannose-6-phosphate isomerase,Mpi,435.2978864,-0.338863723,0.004936128,0.338863723,NA
LOC112051077,TNF receptor-associated factor 4 isoform X4,Traf4,290.8006191,0.692758329,0.004955991,-0.692758329,NA
LOC112057117,kielin/chordin-like protein isoform X1,CG5639,385.2182125,-0.891726804,0.004988899,0.891726804,NA
LOC112050411,"succinate dehydrogenase cytochrome b560 subunit, mitochondrial-like",SdhC,969.3101904,0.437211552,0.004989246,-0.437211552,NA
LOC112056035,GRIP domain-containing protein RUD3-like,LOC112056035,432.307707,-0.749075785,0.005062315,0.749075785,NA
LOC112047433,ATP-dependent RNA helicase p62-like,CG10077,1598.078848,-0.517649944,0.005095808,0.517649944,NA
LOC112052888,poly(U)-specific endoribonuclease homolog,CG2145,780.2167405,-0.581413442,0.005101752,0.581413442,NA
LOC112053002,polymerase delta-interacting protein 3-like,POLDIP3,1366.652807,-0.204459695,0.005115621,0.204459695,NA
LOC112048784,inactive peptidyl-prolyl cis-trans isomerase shutdown-like,shu,179.4565762,0.530779471,0.005136224,-0.530779471,NA
LOC112051150,homeobox protein PKNOX2-like isoform X1,hth,364.3343416,0.322054456,0.00514986,-0.322054456,NA
LOC112058401,replication stress response regulator SDE2,CG5986,1476.476286,-0.242539924,0.005194156,0.242539924,NA
LOC112058556,"transcription termination factor 3, mitochondrial",mTerf3,259.7132835,0.432505537,0.005247542,-0.432505537,NA
LOC112043681,NA,NA,161.7588319,0.70181223,0.005263869,-0.70181223,NA
LOC112058016,protein tamozhennic,tamo,274.769927,0.362572313,0.005263869,-0.362572313,NA
LOC112042958,DNA polymerase alpha catalytic subunit,DNApol-alpha180,1622.758538,-0.380213771,0.005334242,0.380213771,NA
LOC112052757,fasciclin-1 isoform X3,Fas1,1394.868288,-0.325200019,0.005340825,0.325200019,eyespot_down
LOC112055941,nucleolar complex protein 4 homolog B,CG2875,695.7610575,0.499882954,0.005358329,-0.499882954,NA
LOC112058088,actin-related protein 2,Arp2,1677.325112,-0.221005635,0.005406582,0.221005635,NA
LOC112058123,general transcription factor IIF subunit 1,TfIIFalpha,1924.732151,-0.246324051,0.005440458,0.246324051,NA
LOC112045937,uncharacterized protein LOC112045937,CG46319,239.8026789,0.455768708,0.005498057,-0.455768708,NA
LOC112058377,sodium/potassium-transporting ATPase subunit alpha isoform X5,Atpalpha,10489.69157,0.170691796,0.005565555,-0.170691796,NA
LOC112046430,serine/threonine-protein phosphatase 5,PpD3,1191.681628,0.383271005,0.005577587,-0.383271005,NA
LOC112053833,uncharacterized protein LOC112053833,LOC112053833,50.6812784,1.52095989,0.005579165,-1.52095989,NA
LOC112052467,selenoprotein F,CG7484,1857.859907,0.204564518,0.005580307,-0.204564518,NA
LOC112052799,serine/threonine-protein kinase SMG1,nonC,1944.773082,-0.222373033,0.005580307,0.222373033,NA
LOC112045361,arginyl-tRNA--protein transferase 1,Ate1,583.9644757,0.282421565,0.005592186,-0.282421565,NA
LOC112047292,OWR49408.1 putative sinuous,sinu,2234.5075,-0.636245101,0.005592186,0.636245101,NA
LOC112048428,phosphatidylinositol transfer protein alpha isoform,vib,2833.002531,-0.315627696,0.005592186,0.315627696,NA
LOC112050094,uncharacterized protein LOC112050094,LOC112050094,18.3653018,1.684444166,0.005592186,-1.684444166,NA
LOC112052403,protein NDUFAF4 homolog,CG11722,471.475541,-0.489447912,0.005592186,0.489447912,NA
LOC112052916,NA,NA,4489.29759,0.725808196,0.005592186,-0.725808196,NA
LOC112053305,general transcription factor IIE subunit 1,TfIIEalpha,626.9405924,-0.421372498,0.005592186,0.421372498,eyespot_down
LOC112056128,hypoxia up-regulated protein 1,CG2918,11014.3174,0.169055102,0.005592186,-0.169055102,NA
LOC112044984,"protein kinase C, brain isozyme",Pkc53E,171.4862438,0.662627145,0.005594819,-0.662627145,NA
LOC112045199,peroxisomal targeting signal 2 receptor,Pex7,543.9913332,0.359112382,0.00566223,-0.359112382,NA
LOC112051872,G2/mitotic-specific cyclin-B3 isoform X1,CycB3,1187.277116,-0.639462044,0.00567034,0.639462044,NA
LOC112053428,sentrin-specific protease 8,Den1,120.9740232,-0.565475955,0.00567034,0.565475955,NA
LOC112045772,"glutenin, high molecular weight subunit 12-like",Cpr67B,7619.349315,-0.373703297,0.005677325,0.373703297,NA
LOC112053424,zinc finger and BTB domain-containing protein 18-like,LOC112053424,2100.956081,-0.266024742,0.005677325,0.266024742,NA
LOC112045640,decapping and exoribonuclease protein-like,LOC112045640,527.8982125,-0.484144606,0.005690814,0.484144606,NA
LOC112048373,protein shifted isoform X1,shf,7955.302688,0.225874636,0.005693572,-0.225874636,NA
LOC112054337,endochitinase-like isoform X1,Cht5,83148.48245,1.310308303,0.005705082,-1.310308303,NA
LOC112048416,zinc finger protein 391-like,klu,545.3492491,0.640949329,0.005716264,-0.640949329,NA
LOC112052443,ejaculatory bulb-specific protein 3-like,LOC112052443,434.9171561,0.651875454,0.005716264,-0.651875454,NA
LOC112058517,"solute carrier family 2, facilitated glucose transporter member 1-like",Glut1-,3006.936367,-0.432680159,0.005729954,0.432680159,NA
LOC112052942,arrestin homolog,Arr1,76.42669979,0.85596904,0.005758873,-0.85596904,NA
LOC112045334,SET and MYND domain-containing protein 4,Smyd4-4,983.0152703,0.466229281,0.005767586,-0.466229281,NA
LOC112050816,"histone H2A, sperm-like",His2A:CG31618,2369.837887,-0.328815431,0.005780136,0.328815431,NA
LOC112055658,thyroid receptor-interacting protein 11-like,Gmap,1003.552005,0.224529028,0.005781677,-0.224529028,NA
LOC112045979,"protein PTCD3 homolog, mitochondrial",CG4679,1800.525266,-0.296734204,0.005796095,0.296734204,NA
LOC112057616,Helicase domino,dom,752.6744195,-0.293772625,0.005801843,0.293772625,NA
LOC112048777,igLON family member 5,klg,51.07366702,1.649393558,0.005806103,-1.649393558,NA
LOC112056919,probable nuclear hormone receptor HR3 isoform X2,Hr46,32824.30242,0.484599126,0.005806103,-0.484599126,NA
LOC112044591,fumarylacetoacetase,Faa,1294.349838,-0.521751971,0.005821063,0.521751971,eyespot_down
LOC112046185,transmembrane protein 47 isoform X2,CG45049,345.3521026,0.351667822,0.005846948,-0.351667822,NA
LOC112046615,zinc finger protein 271-like,LOC112046615,197.0049287,0.434201366,0.005872386,-0.434201366,NA
LOC112052551,pollen-specific leucine-rich repeat extensin-like protein 1,TwdlE,28.98991396,-1.370787238,0.005876324,1.370787238,NA
LOC112049907,cilia- and flagella-associated protein 20,Bug22,797.0246391,0.273015581,0.005921904,-0.273015581,NA
LOC112053066,mitochondrial pyruvate carrier 2-like isoform X2,CG9399,1277.836093,0.391766751,0.005934259,-0.391766751,NA
LOC112050908,putative leucine-rich repeat-containing protein DDB_G0290503 isoform X1,LOC112050908,948.4813497,-0.314784071,0.005959218,0.314784071,NA
LOC112053058,atrial natriuretic peptide receptor 1-like isoform X1,CG31183,179.07826,-0.763464488,0.006003706,0.763464488,NA
LOC112050840,SH3 domain-containing kinase-binding protein 1-like isoform X1,cindr,793.6666013,0.337645254,0.006006678,-0.337645254,NA
LOC112046656,Breast carcinoma-amplified sequence 3-like,rudhira,527.3418118,0.352957099,0.006026484,-0.352957099,eyespot_up
LOC112058371,protein pellino,Pli,638.9264031,0.28028257,0.006057788,-0.28028257,NA
LOC112052052,cadherin-86C,Cad86C,312.5892707,0.457334158,0.006113024,-0.457334158,NA
LOC112047149,uncharacterized protein LOC112047149,LOC112047149,8.469138999,3.622587494,0.006143482,-3.622587494,NA
LOC112050849,ragulator complex protein LAMTOR3 homolog,CG5110,808.8357039,-0.253147144,0.006162975,0.253147144,NA
LOC112054591,homeobox protein homothorax isoform X1,hth,1336.896606,-0.263722918,0.006162989,0.263722918,NA
LOC112056596,activin receptor type-1 isoform X1,sax,556.4555155,0.453295116,0.006162989,-0.453295116,NA
LOC112049489,tumor necrosis factor alpha-induced protein 8-like protein,sigmar,695.1263289,0.684021373,0.006232656,-0.684021373,NA
LOC112053523,mitochondrial ornithine transporter 1,CG1628,347.4337526,0.556475344,0.006257693,-0.556475344,NA
LOC112042966,DNA replication licensing factor Mcm7,Mcm7,2880.785937,-0.449815242,0.006257948,0.449815242,NA
LOC112043498,---NA---,LOC112043498,290.0760975,0.451813028,0.006260467,-0.451813028,NA
LOC112051178,NA,NA,21.65064601,1.603236636,0.006260467,-1.603236636,NA
LOC112049293,nucleolar protein 6,Mat89Ba,3246.123749,-0.16802116,0.006271092,0.16802116,NA
LOC112051094,"39S ribosomal protein L15, mitochondrial",mRpL15,890.6437524,-0.223063237,0.006310669,0.223063237,NA
LOC112055399,dihydropteridine reductase,Dhpr,3113.589868,-0.497609385,0.006327891,0.497609385,NA
LOC112052534,Golgi reassembly-stacking protein 2,Grasp65,2292.543391,0.304177641,0.006347485,-0.304177641,NA
LOC112053048,leucine-rich melanocyte differentiation-associated protein-like,LOC112053048,248.621128,0.41205963,0.006352018,-0.41205963,NA
LOC112050030,NA,NA,121.5621798,-0.835660802,0.006353751,0.835660802,NA
LOC112048596,putative inorganic phosphate cotransporter isoform X2,dmGlut,665.3677579,-0.500168517,0.006366227,0.500168517,eyespot_up
LOC112047632,remodeling and spacing factor 1,CG8677,4193.092332,0.240446531,0.006404762,-0.240446531,NA
LOC112045959,RNA polymerase II transcriptional coactivator,Ssb-c31a,2379.699952,-0.446707857,0.006414519,0.446707857,NA
LOC112055051,myosin heavy chain 95F isoform X1,Myo6,1875.410731,-0.307620208,0.006421063,0.307620208,NA
LOC112057972,carboxypeptidase B-like,CG8560,1304.433357,0.55697866,0.00642184,-0.55697866,NA
LOC112043682,myosin-2 essential light chain isoform X1,Mlc-c,22727.77916,0.670524258,0.006459376,-0.670524258,NA
LOC112046569,zinc finger homeobox protein 3 isoform X2,zfh2,4242.798616,-0.239055072,0.006513118,0.239055072,NA
LOC112054361,actin-related protein 3,Arp3,3349.711125,-0.220261282,0.006572603,0.220261282,NA
LOC112055611,Protein Dok-7,LOC112055611,13.66237506,-1.834108457,0.006579258,1.834108457,NA
LOC112052258,protein SDA1 homolog,Mys45A,3747.780423,-0.152569849,0.006629281,0.152569849,NA
LOC112053639,NA,NA,438.9047029,0.382208254,0.006629281,-0.382208254,NA
LOC112056388,Cation-dependent mannose-6-phosphate receptor,LOC112056388,937.7070616,0.53481545,0.006639241,-0.53481545,NA
LOC112058144,protein vein isoform X2,LOC112058144,742.1060366,0.372073482,0.006642948,-0.372073482,NA
LOC112053949,delta-sarcoglycan-like,Scgdelta,84.69184463,1.760150441,0.006646386,-1.760150441,NA
LOC112045586,integrator complex subunit 12,LOC112045586,463.9786817,-0.53183625,0.006654009,0.53183625,NA
LOC112052202,uncharacterized protein LOC112052202 isoform X1,LOC112052202,1383.687199,-0.289593511,0.006654009,0.289593511,NA
LOC112053858,3-hydroxyacyl-CoA dehydrogenase type-2-like,scu,521.666678,-0.312923408,0.006654009,0.312923408,NA
LOC112054363,dedicator of cytokinesis protein 1,mbc,786.193281,-0.313434071,0.006659777,0.313434071,NA
LOC112043689,peroxisomal membrane protein 2,CG7970,1411.693607,-0.217841486,0.006710574,0.217841486,NA
LOC112057661,uncharacterized protein LOC112057661,CG16711,273.5344696,-0.523210776,0.006710574,0.523210776,NA
LOC112051080,lysine-specific demethylase 6A isoform X1,Utx,1315.959617,-0.424501202,0.006724193,0.424501202,NA
LOC112042868,tRNA (guanine-N(7)-)-methyltransferase non-catalytic subunit wuho,wuho,818.1761713,-0.293289361,0.006797261,0.293289361,NA
LOC112045332,"homogentisate 1,2-dioxygenase",hgo,63.00833694,-0.89222259,0.006797261,0.89222259,eyespot_down
LOC112044995,protein bowel,bowl,2495.683547,0.181050891,0.006808429,-0.181050891,eyespot_up
LOC112042938,uncharacterized protein LOC112042938 isoform X1,LOC112042938,221.3060051,-0.877722309,0.006826537,0.877722309,NA
LOC112047892,protein lifeguard 1-like isoform X2,Nmda1,1220.711204,0.210592035,0.006845027,-0.210592035,NA
LOC112049325,sodium/potassium-transporting ATPase subunit beta-2-like,nrv3,37.40513192,1.130287002,0.006855258,-1.130287002,NA
LOC112049637,zinc finger protein 761-like,LOC112049637,883.8788382,0.323642782,0.006855258,-0.323642782,NA
LOC112050393,dual specificity tyrosine-phosphorylation-regulated kinase 2,Dyrk3,218.4851707,0.566359411,0.006859933,-0.566359411,NA
LOC112055262,nucleolar protein dao-5 isoform X1,LOC112055262,23643.06478,-0.577401505,0.006865715,0.577401505,NA
LOC112056517,"cytochrome c oxidase subunit 6A1, mitochondrial-like",levy,3617.113844,0.250976792,0.006892997,-0.250976792,NA
LOC112049937,"glucose dehydrogenase [FAD, quinone]",CG9518,12.58346695,1.76823358,0.006899944,-1.76823358,NA
LOC112058335,cadherin-86C,Cad86C,1817.019481,0.360651185,0.00691284,-0.360651185,eyespot_up
LOC112053126,very-long-chain 3-oxoacyl-CoA reductase,spidey,197.4895612,0.505833299,0.006917614,-0.505833299,NA
LOC112042985,protein held out wings isoform X5,how,7536.064162,0.369699249,0.006939871,-0.369699249,NA
LOC112049436,uncharacterized protein LOC112049436,CG14223,1158.446588,0.32663409,0.006978469,-0.32663409,NA
LOC112049990,histone deacetylase 8-like isoform X1,HDAC3,632.1812077,-0.563898012,0.007001772,0.563898012,NA
LOC112054627,zinc finger protein 260-like isoform X2,LOC112054627,220.4824281,0.535378383,0.007004835,-0.535378383,NA
LOC112058455,zinc finger protein 311-like,LOC112058455,204.54318,-0.394012983,0.007012025,0.394012983,NA
LOC112055316,eukaryotic translation initiation factor 3 subunit I,Trip1,9229.594358,-0.236504524,0.007014389,0.236504524,NA
LOC112046260,tolloid-like protein 1,tok,506.1599114,-0.765604517,0.00705612,0.765604517,NA
LOC112055605,"glucose dehydrogenase [FAD, quinone]-like",CG9518,295.3780228,1.806553417,0.007095102,-1.806553417,eyespot_down
LOC112044032,LOW QUALITY PROTEIN: uncharacterized protein LOC112044032,CG13842,49.15127441,-1.000351312,0.007095594,1.000351312,NA
LOC112046176,threonine aspartase 1,Tasp1,359.5880078,-0.408345127,0.007096209,0.408345127,NA
LOC112048951,venom allergen 5-like,CG8483,693.8857727,0.750625183,0.007107515,-0.750625183,NA
LOC112055304,probable ATP-dependent RNA helicase DDX43,CG7878,1053.676413,-0.667222831,0.007107515,0.667222831,NA
LOC112043215,"cytochrome c oxidase subunit 4 isoform 1, mitochondrial-like",Cox4I1,4622.362788,0.295850187,0.007116497,-0.295850187,NA
LOC112049884,OWR43393.1 putative transcription factor,LOC112049884,304.6812291,0.335792323,0.007116497,-0.335792323,NA
LOC112045838,titin homolog,Strn-Mlck,853.8145533,0.410488368,0.007119279,-0.410488368,NA
LOC112048854,uncharacterized protein LOC112048854 isoform X1,LOC112048854,240.6493416,-8.258071599,0.0071312,8.258071599,NA
LOC112053912,uncharacterized protein LOC112045769,LOC112053912,243.7547494,0.600116008,0.007139293,-0.600116008,NA
LOC112055543,lipoma HMGIC fusion partner-like 2 protein,LOC112055543,706.5037462,0.32104952,0.007139293,-0.32104952,NA
LOC112058403,syntaxin-16,Syx16,359.3925181,0.34784159,0.007145668,-0.34784159,NA
LOC112043133,actin cytoskeleton-regulatory complex protein pan1,Mrtf,874.2611712,0.385909642,0.007170223,-0.385909642,NA
LOC112045111,uncharacterized protein LOC112045111,toc,2259.839093,-0.394591703,0.007175183,0.394591703,NA
LOC112051370,uncharacterized protein LOC112051370,LOC112051370,37.21753914,-2.04338681,0.00718458,2.04338681,NA
LOC112058325,dihydropyrimidinase isoform X2,CRMP,791.9640192,-0.352438557,0.007185563,0.352438557,NA
LOC112046041,40S ribosomal protein S10,RpS10b,35476.31308,0.260151629,0.007273387,-0.260151629,NA
LOC112050028,carnosine N-methyltransferase,CG11596,674.5340047,0.825134373,0.007288835,-0.825134373,NA
LOC112053564,nuclear factor NF-kappa-B p110 subunit,Rel,1417.17249,0.295655113,0.007311286,-0.295655113,NA
LOC112047911,synaptic vesicle glycoprotein 2B-like,CG15221,2367.807276,-0.73708182,0.007312507,0.73708182,NA
LOC112047162,cartilage oligomeric matrix protein,Tsp,930.4480342,1.105204164,0.007324029,-1.105204164,NA
LOC112052230,small nuclear ribonucleoprotein-associated protein B,SmB,11062.45757,-0.146396883,0.00738077,0.146396883,NA
LOC112051407,uncharacterized protein LOC112051407 isoform X1,LOC112051407,180.2587644,-0.535567657,0.007392783,0.535567657,NA
LOC112054543,eukaryotic translation initiation factor 3 subunit G,eIF3-S4,9269.643844,0.22460326,0.007392783,-0.22460326,NA
LOC112046089,ras-related protein Rab-4B,Rab4,489.7972556,0.333935544,0.007423645,-0.333935544,NA
LOC112051067,regulator of nonsense transcripts 3B isoform X2,Upf3,1435.911,-0.349665225,0.007452715,0.349665225,NA
LOC112056425,zinc finger protein 37-like,LOC112056425,962.350494,0.278936513,0.007452715,-0.278936513,NA
LOC112045516,uncharacterized protein LOC112045516,LOC112045516,663.9983732,-0.745484606,0.007467082,0.745484606,NA
LOC112044392,pre-mRNA-splicing factor 38,Prp38,764.9859214,-0.349391763,0.007486017,0.349391763,eyespot_down
LOC112051320,tetra-peptide repeat homeobox protein 1-like,LOC112051320,325.8120119,2.675006076,0.007494205,-2.675006076,eyespot_down
LOC112052494,alpha-tocopherol transfer protein-like,LOC112052494,10.24255511,-1.838494776,0.007549167,1.838494776,NA
LOC112050719,translation machinery-associated protein 16 homolog,CG15027,400.2286994,-0.374207788,0.007565985,0.374207788,NA
LOC112048964,polypeptide N-acetylgalactosaminyltransferase 3-like,pgant3,404.4465744,-0.409206375,0.007572482,0.409206375,NA
LOC112049614,endocuticle structural glycoprotein SgAbd-8-like,Cpr49Ah,21.48082219,1.871395757,0.007578162,-1.871395757,eyespot_down
LOC112053195,esterase AGAP003155,CG5412,1352.724713,-0.182635724,0.007579927,0.182635724,NA
LOC112046680,V-type proton ATPase subunit D,Vha36-1,2138.577758,-0.308596922,0.007605438,0.308596922,NA
LOC112049977,ubinuclein-1 isoform X1,yem,868.8745844,-0.360180262,0.007614386,0.360180262,NA
LOC112051640,general transcriptional corepressor trfA-like,LOC112051640,5535.471293,-0.163816981,0.007614386,0.163816981,NA
LOC112047347,UDP-glucuronosyltransferase-like isoform X1,Ugt302K1,119.6375836,1.582654265,0.007626539,-1.582654265,NA
LOC112048457,mitochondrial genome maintenance exonuclease 1-like,LOC112048457,814.6285214,-0.618109169,0.007626539,0.618109169,NA
LOC112047100,NA,NA,948.1911987,-0.881289697,0.007629235,0.881289697,NA
LOC112044364,uncharacterized protein LOC112044364 isoform X1,CG44153,645.8080664,-0.75680937,0.00775001,0.75680937,NA
LOC112047935,chromobox protein homolog 5-like,Su(var)205,2643.397367,0.184289243,0.007752382,-0.184289243,NA
LOC112052946,serine/arginine repetitive matrix protein 1-like,LOC112052946,1230.364505,-0.345307929,0.007823575,0.345307929,eyespot_up
LOC112058498,excitatory amino acid transporter isoform X1,Eaat2,40.6981707,-2.131239551,0.007944311,2.131239551,NA
LOC112054572,26S proteasome regulatory subunit 6A-B,Tbp-1,5034.809935,-0.333786607,0.007969502,0.333786607,eyespot_down
LOC112053200,DNA replication licensing factor Mcm3,Mcm3,2074.646677,-0.361331766,0.00797061,0.361331766,NA
LOC112043632,NA,NA,515.5891187,1.140376076,0.007986141,-1.140376076,NA
LOC112043316,OWR52936.1 E3 ubiquitin-protein ligase sina,LOC112043316,1500.908843,0.173921426,0.00803505,-0.173921426,NA
LOC112052298,serine/threonine-protein kinase Tor-like,TOR,499.7214494,-0.305208375,0.008056484,0.305208375,NA
LOC112050010,probable serine/threonine-protein kinase tsuA,LOC112050010,474.0671089,0.378729292,0.00807658,-0.378729292,NA
LOC112044972,3-phosphoinositide-dependent protein kinase 1 isoform X2,Pdk1,4004.732446,-0.461241611,0.008105754,0.461241611,eyespot_up
LOC112043431,protein embryonic gonad-like,knrl,8471.144386,0.480554555,0.008112701,-0.480554555,NA
LOC112051602,U6 snRNA-associated Sm-like protein LSm8,CG2021,511.4637818,-0.336345854,0.008148485,0.336345854,NA
LOC112047786,M-phase inducer phosphatase-like isoform X2,Cdc25,590.8116499,-0.773980505,0.008183529,0.773980505,NA
LOC112043549,pyridoxine-5'-phosphate oxidase-like,sgll,716.4039636,-0.519492939,0.008207389,0.519492939,NA
LOC112053741,C3 and PZP alpha-2-macroglobulin domain-containing protein 8,CG32633,469.8715821,-0.421916402,0.008209908,0.421916402,NA
LOC112045475,receptor expression-enhancing protein 5 isoform X2,ReepB,8254.568868,-0.245316976,0.008213752,0.245316976,NA
LOC112051835,general vesicular transport factor p115,p115,1813.148613,0.223228799,0.008223978,-0.223228799,NA
LOC112058472,sodium-dependent nutrient amino acid transporter 1-like isoform X1,LOC112058472,64.16701487,1.101047944,0.008278165,-1.101047944,NA
LOC112051230,zinc finger protein 729-like,LOC112051230,337.5429147,0.414361223,0.008282943,-0.414361223,NA
LOC112051844,cell division cycle protein 27 homolog,Cdc27,700.78992,-0.270197973,0.008282943,0.270197973,eyespot_up
LOC112056215,rhophilin-2 isoform X2,Rhp,7995.198956,0.505723649,0.008301333,-0.505723649,NA
LOC112047748,nuclear pore complex protein Nup88,mbo,1526.6824,-0.403656505,0.008352165,0.403656505,NA
LOC112045402,leucine-rich repeat-containing protein 15-like,LOC112045402,29.77629272,-1.496706313,0.008380554,1.496706313,NA
LOC112058142,SET domain-containing protein 4,LOC112058142,296.7530714,0.401653656,0.008384453,-0.401653656,NA
LOC112050044,eukaryotic initiation factor 4A,eIF-4a,56794.51564,0.233647248,0.008387466,-0.233647248,NA
LOC112048695,rab GDP dissociation inhibitor alpha,Gdi,12830.55844,-0.197041042,0.008390696,0.197041042,NA
LOC112055457,ralA-binding protein 1 isoform X2,Rlip,706.1103781,0.402930291,0.008390696,-0.402930291,NA
LOC112049065,U6 snRNA-associated Sm-like protein LSm5,CG6610,862.0479715,-0.411935487,0.008391999,0.411935487,NA
LOC112058386,kelch-like protein 26 isoform X1,LOC112058386,404.310713,-0.474475838,0.008493253,0.474475838,NA
LOC112056029,secretory carrier-associated membrane protein 1 isoform X1,Scamp,4374.782746,0.14501196,0.008520595,-0.14501196,NA
LOC112051228,nuclear speckle splicing regulatory protein 1,CG15747,1219.760881,0.228811584,0.008590688,-0.228811584,NA
LOC112049279,histone deacetylase complex subunit SAP30 homolog,Sap30,715.1533112,0.271515074,0.008771106,-0.271515074,NA
LOC112043472,cytosolic carboxypeptidase-like protein 5 isoform X1,Nna1,1222.733491,-0.271316235,0.008778123,0.271316235,NA
LOC112045797,zinc finger protein 260-like isoform X2,LOC112045797,234.1062654,0.464214102,0.008835461,-0.464214102,NA
LOC112047024,facilitated trehalose transporter Tret1-like,CG10960,19.27252239,-1.601159733,0.008853746,1.601159733,NA
LOC112051065,CCR4-NOT transcription complex subunit 7-like,Pop2,1226.661906,-0.20483578,0.008862302,0.20483578,NA
LOC112053008,Oxysterol-binding protein-related protein 6,CG3860,444.3683482,-0.407549249,0.008975613,0.407549249,NA
LOC112046690,dopamine N-acetyltransferase-like,Dat,636.4398366,0.517085227,0.008989775,-0.517085227,NA
LOC112056570,protein trapped in endoderm-1 isoform X2,Tre1,27.0641737,1.659418973,0.008989775,-1.659418973,NA
LOC112056845,uncharacterized protein LOC112056845,LOC112056845,950.41384,-0.250356151,0.008989775,0.250356151,NA
LOC112048181,dnaJ homolog subfamily C member 7,Tpr2,1529.897825,-0.198721046,0.008998702,0.198721046,NA
LOC112045350,"39S ribosomal protein L41, mitochondrial",mRpL41,874.1060768,-0.254301954,0.009007898,0.254301954,NA
LOC112048605,TP53-binding protein 1-like,LOC112048605,1170.294552,0.234437695,0.009007898,-0.234437695,NA
LOC112048499,DNA polymerase zeta catalytic subunit,DNApol-zeta,1185.973601,-0.236484158,0.009011713,0.236484158,NA
LOC112045066,ATP-binding cassette sub-family G member 8,CG31121,6209.016755,0.404640315,0.009094527,-0.404640315,NA
LOC112047038,peroxisomal leader peptide-processing protease-like,LOC112047038,280.4161489,0.543342091,0.009123719,-0.543342091,NA
LOC112050351,programmed cell death 6-interacting protein,ALiX,2501.076296,0.172104696,0.009145349,-0.172104696,NA
LOC112052656,uncharacterized protein LOC112052656,LOC112052656,59.9864505,2.412999491,0.009182609,-2.412999491,NA
LOC112046528,long-chain-fatty-acid--CoA ligase 5 isoform X2,CG3961,8633.6064,1.241639802,0.009211734,-1.241639802,eyespot_up
LOC112045034,heat shock protein 68-like,Hsp68,40.85935553,1.941001482,0.009223998,-1.941001482,NA
LOC112048074,geranylgeranyl transferase type-2 subunit beta,betaggt-II,402.6090494,-0.382555104,0.009225208,0.382555104,NA
LOC112045657,asparagine synthetase [glutamine-hydrolyzing],AsnS,3161.746875,0.341908484,0.009265659,-0.341908484,NA
LOC112047648,"3-ketoacyl-CoA thiolase, mitochondrial-like",yip2,238.4318581,3.879793075,0.009265659,-3.879793075,NA
LOC112054355,protein MAK16 homolog A,Rbm13,2161.56562,-0.254974053,0.009265659,0.254974053,NA
LOC112045782,MATH and LRR domain-containing protein PFE0570w-like,LOC112045782,14.82911755,1.926144149,0.009299349,-1.926144149,NA
LOC112055942,116 kDa U5 small nuclear ribonucleoprotein component,CG4849,4076.888158,-0.316790922,0.009299349,0.316790922,eyespot_down
LOC112046678,zinc finger protein 782-like isoform X1,LOC112046678,318.3015467,0.48679402,0.009304313,-0.48679402,NA
LOC112049609,cilia- and flagella-associated protein 57 isoform X1,CG4329,14.16323624,1.699348351,0.009306073,-1.699348351,NA
LOC112051405,U7 snRNA-associated Sm-like protein LSm11,Lsm11,123.068282,-0.653804926,0.009306073,0.653804926,eyespot_up
LOC112044870,5'-AMP-activated protein kinase subunit gamma-2-like,SNF4Agamma,1028.4545,0.493173593,0.009307293,-0.493173593,NA
LOC112048507,uncharacterized protein C15orf61 isoform X2,CG34148,136.6582774,0.535836835,0.009311513,-0.535836835,eyespot_up
LOC112054669,alpha-crystallin A chain-like,l(2)efl,12861.11981,0.67020501,0.009325643,-0.67020501,eyespot_down
LOC112045945,PC4 and SFRS1-interacting protein,Jasper,4792.365277,-0.287863454,0.009350141,0.287863454,NA
LOC112045399,xenotropic and polytropic retrovirus receptor 1,CG7536,717.7481136,0.292270871,0.009351135,-0.292270871,NA
LOC112044658,protein groucho-like isoform X3,gro,2180.967868,-0.15588559,0.009382513,0.15588559,NA
LOC112056005,zinc finger protein 260-like isoform X2,LOC112056005,273.406459,0.76096899,0.009407713,-0.76096899,NA
LOC112053502,RNA-binding protein 45-like,CG1316,696.7644856,-0.237143365,0.009425916,0.237143365,NA
LOC112054617,zinc finger protein 260-like isoform X2,LOC112054617,573.0346024,0.470025158,0.009456365,-0.470025158,NA
LOC112047240,uncharacterized protein LOC112047240 isoform X2,LOC112047240,22.28719048,2.053584618,0.009506899,-2.053584618,NA
LOC112057486,arginine kinase isoform X2,Argk,1360.94914,0.570271365,0.009518762,-0.570271365,NA
LOC112057878,venom carboxylesterase-6-like,Est-6,1082.344312,0.630665882,0.009522404,-0.630665882,NA
LOC112049202,mediator of RNA polymerase II transcription subunit 7,MED7,748.7615149,-0.248350283,0.009537114,0.248350283,NA
LOC112049231,S-adenosylmethionine decarboxylase proenzyme,SamDC,1143.31005,0.6051675,0.009537114,-0.6051675,NA
LOC112048465,ITG-like peptide,LOC112048465,26.158807,1.404532829,0.009564736,-1.404532829,NA
LOC112057499,NA,NA,166.7528402,-2.256070279,0.009564736,2.256070279,NA
LOC112043397,unconventional myosin-IXb,Myo20,2479.430723,0.204588745,0.009581735,-0.204588745,NA
LOC112051735,cysteine-rich hydrophobic domain-containing protein 2,CG5938,121.6813448,0.627734548,0.009581735,-0.627734548,NA
LOC112050851,congested-like trachea protein,colt,1307.388726,-0.224744667,0.009644777,0.224744667,NA
LOC112053256,NA,NA,259.7200784,0.512588645,0.009669875,-0.512588645,NA
LOC112056781,zinc transporter foi,foi,668.2539096,0.362345002,0.009675928,-0.362345002,NA
LOC112047261,ribosome biogenesis protein TSR3 homolog,CG4338,431.4453381,0.34717888,0.009712596,-0.34717888,NA
LOC112058061,aminoacylase-1-like,CG6726,39.89492409,-2.619016717,0.009848166,2.619016717,eyespot_down
LOC112053107,protein aveugle,ave,273.4495433,0.462039405,0.009861545,-0.462039405,NA
LOC112049925,ubiquitin-conjugating enzyme E2 G1,CG40045,2914.880385,-0.244766623,0.009862444,0.244766623,NA
LOC112044754,kelch domain-containing protein 3,CG12081,356.5061429,-0.464892671,0.009936846,0.464892671,NA
LOC112045435,J protein JJJ1-like isoform X3,LOC112045435,305.4101,-4.269419151,0.009936846,4.269419151,NA
LOC112050344,"28S ribosomal protein S24, mitochondrial",mRpS24,729.7590823,-0.468289934,0.009936846,0.468289934,NA
LOC112051324,nucleolar protein 16,CG11563,1176.040168,-0.241151559,0.009949484,0.241151559,NA
LOC112051448,nuclear pore complex protein Nup85,Nup75,517.8517027,-0.66696163,0.010002649,0.66696163,NA
LOC112043441,histone-lysine N-methyltransferase 2C-like,trr,3896.65689,-0.39007716,0.010037494,0.39007716,NA
LOC112046756,tetraspanin-1-like,LOC112046756,5.380062099,-3.035760391,0.010037494,3.035760391,NA
LOC112054198,uncharacterized protein LOC112054198,LOC112054198,11.64558521,2.245833049,0.01004278,-2.245833049,NA
LOC112049764,probable phosphoserine aminotransferase,CG11899,10134.59721,-0.215090966,0.010083074,0.215090966,eyespot_down
LOC112050653,uncharacterized protein LOC112050653,LOC112050653,434.9092405,-0.397406024,0.01015182,0.397406024,NA
LOC112050093,farnesol dehydrogenase-like,rdhB,80.23074694,1.189285559,0.010204009,-1.189285559,NA
LOC112048871,ATP-dependent DNA helicase PIF1,PIF1,616.8144403,-0.304819724,0.010210663,0.304819724,NA
LOC112054226,unconventional prefoldin RPB5 interactor-like protein,LOC112054226,403.9842021,0.480383252,0.010247709,-0.480383252,eyespot_up
LOC112057229,methylated-DNA--protein-cysteine methyltransferase,MGT1,177.6168114,-0.644139854,0.010252815,0.644139854,NA
LOC112048818,intraflagellar transport protein 43 homolog,LOC112048818,683.9958994,0.698895986,0.010264619,-0.698895986,eyespot_down
LOC112054833,BTB/POZ domain-containing protein 8-like,rdx,826.4752846,-0.357328624,0.010295426,0.357328624,NA
LOC112049887,WD repeat-containing protein 81,Wdr81,813.0203957,0.378111652,0.010452067,-0.378111652,NA
LOC112046272,uncharacterized protein C16orf52 homolog A,CG14182,1608.399586,0.226317122,0.010525609,-0.226317122,NA
LOC112048015,Transmembrane protein 65,CG17715,661.6739939,-0.363672639,0.010525609,0.363672639,NA
LOC112047978,NA,NA,18.92089294,-1.710627216,0.01056353,1.710627216,NA
LOC112051013,"glucose dehydrogenase [FAD, quinone]",CG9514,6.785055386,2.970484299,0.01056353,-2.970484299,NA
LOC112053797,AP-2 complex subunit alpha,AP-2alpha,2645.185068,0.211484093,0.010574733,-0.211484093,NA
LOC112052884,5'-nucleotidase domain-containing protein 3,CG1814,252.4496445,-0.390088932,0.010585979,0.390088932,eyespot_up
LOC112058319,muscle-specific protein 20-like,Mp20,28.02535281,1.146623765,0.010592408,-1.146623765,NA
LOC112044080,PEST proteolytic signal-containing nuclear protein-like,LOC112044080,670.8988873,-0.352634659,0.010606209,0.352634659,NA
LOC112053740,ras-related GTP-binding protein C,RagC-D,947.348965,-0.364513517,0.010632745,0.364513517,NA
LOC112052750,neuralized-like protein 2,CG3894,781.8409887,-0.289728554,0.010637888,0.289728554,NA
LOC112048102,probable phospholipid hydroperoxide glutathione peroxidase,PHGPx,2708.287904,-0.428566697,0.010698701,0.428566697,NA
LOC112051004,L-dopachrome tautomerase yellow-f-like,yel-f4,1496.157972,0.929356164,0.010724819,-0.929356164,NA
LOC112056331,cell cycle control protein 50A-like isoform X2,TMEM30A,518.129907,0.54791977,0.010724819,-0.54791977,NA
LOC112042950,X-ray repair cross-complementing protein 6,LOC112042950,611.4289669,-0.485651786,0.01077124,0.485651786,NA
LOC112048213,UNC93-like protein,CG2121,4318.157311,0.896132494,0.010828261,-0.896132494,NA
LOC112044001,"beta-1,4-galactosyltransferase 7",beta4GalT7,1005.691808,-1.057210822,0.010830982,1.057210822,NA
LOC112052044,peptide transporter family 1,CG2930,97.82917833,1.821064184,0.010846151,-1.821064184,NA
LOC112053051,midasin isoform X1,CG13185,9387.817906,-0.2553563,0.010846151,0.2553563,NA
LOC112047513,KPJ12269.1 Cysteine/serine-rich nuclear protein 3,Axud1,1320.238157,-0.211255389,0.010853182,0.211255389,NA
LOC112051717,SRR1-like protein isoform X1,SRRD,415.8801792,0.297282327,0.01088773,-0.297282327,eyespot_up
LOC112044892,"probable cysteine desulfurase, mitochondrial",Nfs1,986.5844868,-0.25378838,0.01088948,0.25378838,NA
LOC112050104,sorting nexin-29-like,LOC112050104,206.2103351,-0.42534062,0.01088948,0.42534062,NA
LOC112043488,protein spaetzle-like isoform X1,spz,310.0701259,0.544758785,0.011019211,-0.544758785,eyespot_up
LOC112051504,"rRNA methyltransferase 2, mitochondrial",CG11447,192.2169884,-0.402223841,0.01102088,0.402223841,NA
LOC112053959,40S ribosomal protein S20,RpS20,28817.19112,0.298779106,0.011030347,-0.298779106,NA
LOC112043709,calcium/calmodulin-dependent protein kinase type II alpha chain,CaMKII,2113.549939,0.254676825,0.011046376,-0.254676825,NA
LOC112058094,zinc finger protein 121-like,topi,327.1495307,-0.400500704,0.01108494,0.400500704,NA
LOC112051416,mitochondrial mRNA pseudouridine synthase Trub2,CG7849,472.6767288,0.295549748,0.011097921,-0.295549748,NA
LOC112055486,calpain-D,sol,636.7770506,0.395616867,0.011111123,-0.395616867,NA
LOC112045914,prestin isoform X1,Prestin,115.7070407,-0.865533483,0.011111767,0.865533483,NA
LOC112045964,WD repeat-containing protein 7 isoform X1,Rbcn-3B,907.1884525,0.340869416,0.011155123,-0.340869416,NA
LOC112053773,Microsomal glutathione S-transferase 1,GST-mic1,9772.456858,0.371902062,0.011165011,-0.371902062,NA
LOC112053785,gastrula zinc finger protein XlCGF26.1-like,LOC112053785,337.3922573,0.409684823,0.011177104,-0.409684823,NA
LOC112052803,E3 ubiquitin-protein ligase ZNRF1,CG14435,2251.953138,0.343363535,0.011192111,-0.343363535,NA
LOC112053697,cysteine-rich with EGF-like domain protein 2 isoform X1,CG11377,289.6855524,0.523109741,0.011281509,-0.523109741,NA
LOC112045116,putative fatty acyl-CoA reductase CG5065,CG4020,5.916803723,-3.970919935,0.011330609,3.970919935,NA
LOC112046005,somatomedin-B and thrombospondin type-1 domain-containing protein,CG42339,782.542604,-1.091264469,0.011331896,1.091264469,NA
LOC112048334,mucin-5AC-like isoform X1,CG3777,9027.922277,-0.339475264,0.011334849,0.339475264,NA
LOC112058625,titin homolog,LOC112058625,6147.15253,-0.308500215,0.011380512,0.308500215,NA
LOC112058605,transcription factor Dp-1 isoform X1,Dp,1745.773439,-0.153404558,0.011414694,0.153404558,NA
LOC112055572,uncharacterized protein LOC112055572,row,2676.851253,-0.14691006,0.011422371,0.14691006,NA
LOC112058562,ras-related protein Rab-14,Rab14,5003.633843,-0.164336604,0.011472004,0.164336604,eyespot_up
LOC112051969,histone-lysine N-methyltransferase eggless isoform X2,egg,2323.881976,-0.240562998,0.011506456,0.240562998,NA
LOC112043321,transmembrane protein 43 homolog,CG8111,428.3263256,0.328108198,0.01151329,-0.328108198,NA
LOC112044735,NA,NA,93.65570659,0.876853576,0.011541476,-0.876853576,NA
LOC112056296,serine/threonine-protein kinase WNK1-like,Wnk,4049.084358,0.180370337,0.011547616,-0.180370337,NA
LOC112053209,F-box only protein 9,CG5961,180.050519,-0.533687708,0.011559255,0.533687708,NA
LOC112053667,"alpha-1,6-mannosyl-glycoprotein 2-beta-N-acetylglucosaminyltransferase isoform X2",Mgat2,800.6077428,0.436763168,0.011561264,-0.436763168,NA
LOC112047799,ommochrome-binding protein-like,LOC112047799,65.4196884,2.909471168,0.011568118,-2.909471168,NA
LOC112044951,epimerase family protein SDR39U1,CG8768,232.3207228,0.482551985,0.011687732,-0.482551985,NA
LOC112046827,uncharacterized protein LOC112046827 isoform X1,LOC112046827,42.97014457,0.9271888,0.011731849,-0.9271888,NA
LOC112047854,muscle segmentation homeobox-like,Dr,1193.780102,0.245257476,0.011761148,-0.245257476,NA
LOC112053389,MRG/MORF4L-binding protein isoform X1,MrgBP,512.1491977,0.265073895,0.011762417,-0.265073895,NA
LOC112047366,zinc finger protein castor homolog 1-like isoform X5,cas,1545.239463,-0.291358073,0.011780352,0.291358073,eyespot_up
LOC112051403,ecdysone-induced protein 74EF isoform X3,Eip74EF,2527.458418,0.227310224,0.011837027,-0.227310224,NA
LOC112044323,exocyst complex component 5,Sec10,902.8165123,0.285741235,0.011848832,-0.285741235,NA
LOC112050534,serine/threonine-protein kinase D1,PKD,1397.106788,0.302184433,0.011849613,-0.302184433,NA
LOC112050284,uncharacterized protein LOC112050284,gatA,256.1170186,-0.652795896,0.011889852,0.652795896,NA
LOC112054785,flocculation protein FLO11-like isoform X1,LOC112054785,1797.933964,0.395175095,0.011947532,-0.395175095,NA
LOC112052532,piggyBac transposable element-derived protein 4-like,PGBD4,130.5545517,-1.645710472,0.011951746,1.645710472,NA
LOC112048721,protein SPT2 homolog,CG5815,930.9757898,0.271936493,0.011962647,-0.271936493,NA
LOC112047314,eukaryotic translation initiation factor 2A,CG7414,2950.532748,-0.156467455,0.011974805,0.156467455,NA
LOC112056660,uncharacterized protein LOC112055867,LOC112056660,237.6168993,1.091159644,0.011986941,-1.091159644,eyespot_up
LOC112044721,WW domain-binding protein 11,CG2685,1335.397414,-0.427110019,0.011987449,0.427110019,NA
LOC112050903,cuticular protein CPG,LOC112050903,9.922206507,2.04825982,0.012070305,-2.04825982,NA
LOC112046791,germinal-center associated nuclear protein,LOC112046791,231.861756,-0.499530893,0.012095366,0.499530893,NA
LOC112058514,PR domain zinc finger protein 5-like,LOC112058514,137.9850838,0.584473916,0.012161136,-0.584473916,NA
LOC112055229,protein FAM136A,CG5323,560.2365448,-0.371574136,0.012168144,0.371574136,NA
LOC112044612,diphosphomevalonate decarboxylase,Mvd,1827.667628,0.475168501,0.012242512,-0.475168501,NA
LOC112045333,uncharacterized protein LOC112045333,LOC112045333,65.01274613,-0.744409376,0.012243714,0.744409376,eyespot_down
LOC112044618,5-methylcytosine rRNA methyltransferase NSUN4,l(2)10685,403.4330286,-0.361890058,0.012292414,0.361890058,NA
LOC112043898,NA,NA,327.6095243,1.361318514,0.012363524,-1.361318514,NA
LOC112053760,ras-related protein Rac1,Rac1,671.511569,0.295318205,0.01236801,-0.295318205,NA
LOC112053898,AP-1 complex subunit gamma-1 isoform X6,AP-1gamma,331.0127277,0.407442943,0.01236801,-0.407442943,NA
LOC112051425,"NAD(P) transhydrogenase, mitochondrial-like",LOC112051425,9794.892023,0.795750127,0.012425419,-0.795750127,NA
LOC112053300,lanC-like protein 2,LOC112053300,293.9535352,0.585556079,0.012496865,-0.585556079,NA
LOC112050292,cilia- and flagella-associated protein 206,LOC112050292,16.02366924,-2.391928251,0.012557915,2.391928251,NA
LOC112052721,uncharacterized protein LOC112052721,LOC112052721,2.640548996,-4.863535993,0.012568625,4.863535993,NA
LOC112045765,uncharacterized protein LOC112045765,LOC112045765,3.008747547,-5.032542806,0.012660118,5.032542806,NA
LOC112046150,ruvB-like 2,rept,2883.853635,-0.303445114,0.012737333,0.303445114,NA
LOC112055595,reverse transcriptase,LOC112055595,442.267681,1.495590163,0.012757016,-1.495590163,NA
LOC112053211,ectopic P granules protein 5 homolog,LOC112053211,705.0147127,0.219283611,0.012805647,-0.219283611,NA
LOC112056562,interferon regulatory factor 2-binding protein 1 isoform X2,Pits,8275.218502,0.342847271,0.012810763,-0.342847271,NA
LOC112043665,NF-kappa-B inhibitor cactus,cact,327.0056297,0.474744463,0.012821452,-0.474744463,NA
LOC112050866,obscurin isoform X8,Unc-89,150.2039027,2.00246304,0.012821452,-2.00246304,NA
LOC112053942,RNA polymerase II subunit A C-terminal domain phosphatase SSU72,Ssu72,1380.473862,-0.298552907,0.012821452,0.298552907,NA
LOC112051417,PAXIP1-associated glutamate-rich protein 1,LOC112051417,292.5496568,0.305428472,0.012851161,-0.305428472,NA
LOC112044707,uncharacterized protein C7orf50 homolog,LOC112044707,1565.152839,-0.319902964,0.012860676,0.319902964,NA
LOC112051612,dihydrofolate reductase,Dhfr,269.4712728,-0.826855663,0.012860676,0.826855663,NA
LOC112048573,NADH-cytochrome b5 reductase-like,CG7914,142.484796,0.484306301,0.012888367,-0.484306301,NA
LOC112046625,collagen alpha-1(IX) chain-like,Mp,130.4362276,-1.722540371,0.012901527,1.722540371,NA
LOC112046296,insulin-like growth factor 2 mRNA-binding protein 1 isoform X3,Imp,22822.27208,-0.177361583,0.01290186,0.177361583,NA
LOC112046298,60S ribosomal protein L18a,RpL18A,45565.87379,0.242900521,0.01292746,-0.242900521,NA
LOC112053792,ubiquitin carboxyl-terminal hydrolase calypso,calypso,569.5446071,-0.282620283,0.01292746,0.282620283,NA
LOC112054841,tRNA-specific adenosine deaminase 1,Adat1,285.8210475,0.710819607,0.012941377,-0.710819607,NA
LOC112052290,elongation factor 1-beta',Ef1beta,30267.39759,0.333472363,0.012962733,-0.333472363,NA
LOC112053115,laccase-5 precursor,Lac2,1301.021544,0.692788668,0.012962733,-0.692788668,eyespot_up
LOC112053243,coiled-coil domain-containing protein 85C-B,Ccdc85,947.7958999,0.258178212,0.012962733,-0.258178212,NA
LOC112055455,uncharacterized protein LOC112055455 isoform X1,LOC112055455,1617.397028,0.482828406,0.012962733,-0.482828406,NA
LOC112058105,cofilin/actin-depolymerizing factor homolog,tsr,38615.05562,-0.175088324,0.01299744,0.175088324,NA
LOC112056467,intersectin-2 isoform X2,Dap160,362.1089249,-0.635940556,0.013036253,0.635940556,NA
LOC112053483,ubiquitin carboxyl-terminal hydrolase 46,Usp12-46,1464.280406,0.224735771,0.013089765,-0.224735771,NA
LOC112057690,nucleolar complex protein 3 homolog,CG1234,2234.96205,-0.179624683,0.013107855,0.179624683,NA
LOC112055300,nuclear factor 1 B-type isoform X1,NfI,123.4237406,-0.966221325,0.013208415,0.966221325,NA
LOC112050721,probable ATP-dependent RNA helicase DDX55 homolog,CG9630,1958.526135,-0.283242754,0.013291934,0.283242754,NA
LOC112052979,protein ST7 homolog,CG3634,394.2568893,0.305949591,0.013313857,-0.305949591,NA
LOC112044305,rap guanine nucleotide exchange factor 2,PDZ-GEF,2317.009941,0.221434111,0.013375323,-0.221434111,NA
LOC112049176,NA,NA,429.1636282,-0.43817411,0.013410494,0.43817411,NA
LOC112058569,transmembrane protein 189,Kua,301.654661,-0.427950295,0.013410494,0.427950295,NA
LOC112055566,uncharacterized protein LOC112055566 isoform X1,LOC112055566,219.7667379,-0.760710858,0.013427119,0.760710858,NA
LOC112052822,serine/threonine-protein kinase PLK4,SAK,1016.670405,0.203385134,0.013433428,-0.203385134,NA
LOC112056113,vesicle-associated membrane protein 7,Vamp7,479.8657149,0.309791721,0.013471393,-0.309791721,NA
LOC112053348,tRNA-dihydrouridine(20) synthase [NAD(P)+]-like,CG1434,656.6812989,0.238898715,0.013534264,-0.238898715,NA
LOC112046719,Glycogen phosphorylase,LOC112046719,451.7515354,0.418418976,0.013540893,-0.418418976,NA
LOC112053349,protein big brother-like,Bgb,125.9926758,1.078257579,0.013540893,-1.078257579,NA
LOC112051868,group XV phospholipase A2-like,CG31683,427.1944457,0.404552208,0.013542862,-0.404552208,NA
LOC112043271,protein ECT2 isoform X3,pbl,935.0184894,-0.264146686,0.013560893,0.264146686,NA
LOC112050877,uncharacterized protein LOC112050877,rau,254.6176855,-0.471228128,0.013564708,0.471228128,NA
LOC112048988,carotenoid isomerooxygenase-like,ninaB,164.3580038,1.062093995,0.013572391,-1.062093995,NA
LOC112056327,tubulin-specific chaperone D,TBCD,804.0497025,-0.262224336,0.013586791,0.262224336,NA
LOC112056026,60S acidic ribosomal protein P2,RpLP2,41916.06881,0.246162109,0.013595377,-0.246162109,NA
LOC112052367,NA,NA,209.7827637,-0.551138909,0.013612178,0.551138909,NA
LOC112054868,NA,NA,1366.343857,0.278441599,0.013616915,-0.278441599,NA
LOC112055463,"glucose dehydrogenase [FAD, quinone]-like",CG9518,13.23083087,2.431832383,0.013707577,-2.431832383,NA
LOC112058490,lysozyme-like,LysP,53.85977621,1.974686115,0.013708263,-1.974686115,NA
LOC112043714,"GTPase Era, mitochondrial",CG7488,357.5082027,-0.341119271,0.013738907,0.341119271,NA
LOC112049694,endocuticle structural glycoprotein ABD-4-like,Cpr49Aa,14.03037531,1.852680232,0.013781999,-1.852680232,NA
LOC112058294,Golgi apparatus protein 1,Glg1,3397.182332,-0.153138466,0.01383713,0.153138466,NA
LOC112043152,protein disulfide-isomerase TMX3,CG5027,2009.501172,0.145933719,0.013841843,-0.145933719,NA
LOC112050661,palmitoyltransferase ZDHHC15-like isoform X1,CG1407,1156.782082,0.195873989,0.013863267,-0.195873989,NA
LOC112053225,gonadotropin-releasing hormone receptor,GPRGNR2,4.016408825,-3.939607502,0.013922001,3.939607502,NA
LOC112047762,MKI67 FHA domain-interacting nucleolar phosphoprotein-like,CG6937,4797.884988,-0.19683782,0.013924699,0.19683782,eyespot_up
LOC112047088,zinc finger protein 25-like,LOC112047088,534.7768154,0.265885872,0.013971143,-0.265885872,NA
LOC112054284,nucleoside diphosphate-linked moiety X motif 19-like,CG10194,1027.72942,-0.283782077,0.013978529,0.283782077,NA
LOC112048215,uncharacterized protein LOC112048215,LOC112048215,764.4100851,0.253372671,0.013992041,-0.253372671,NA
LOC112051442,"enoyl-CoA hydratase domain-containing protein 2, mitochondrial",CG8778,740.4992816,0.292866815,0.013992041,-0.292866815,NA
LOC112054798,uncharacterized protein LOC112054798 isoform X2,LOC112054798,1081.420416,0.276385399,0.013992041,-0.276385399,NA
LOC112044085,nucleoporin-like protein 2,LOC112044085,604.3719453,0.330384229,0.014020525,-0.330384229,NA
LOC112043945,glutamyl aminopeptidase-like isoform X1,CG8773,1354.123245,-0.281233293,0.014066815,0.281233293,NA
LOC112052870,centromere-associated protein E-like isoform X1,mud,2652.812981,-0.620386051,0.014160588,0.620386051,NA
LOC112043329,"presenilins-associated rhomboid-like protein, mitochondrial",rho-7,1226.014755,-0.292535042,0.014178181,0.292535042,NA
LOC112053171,DAZ-associated protein 2-like isoform X2,LOC112053171,1893.87453,-0.241878956,0.014206528,0.241878956,NA
LOC112042842,3-oxoacyl-[acyl-carrier-protein] reductase FabG-like,CG31548,15.75478726,-2.118721324,0.014222959,2.118721324,NA
LOC112048759,uncharacterized LOC106124634 precursor,CG31997,73.68053866,1.398092976,0.014401552,-1.398092976,NA
LOC112056885,LOW QUALITY PROTEIN: uncharacterized protein LOC112056885,Osi24,99.34425722,-0.937245589,0.014425778,0.937245589,NA
LOC112046151,zinc finger imprinted 3-like,LOC112046151,143.9817832,0.478148304,0.014426778,-0.478148304,NA
LOC112051638,heterogeneous nuclear ribonucleoprotein U-like protein 1,CG30122,18984.24842,-0.173781837,0.014426778,0.173781837,NA
LOC112052048,uncharacterized protein LOC112052048,CG8180,1784.016649,-0.335601879,0.01443012,0.335601879,NA
LOC112052350,mitochondrial import inner membrane translocase subunit Tim9-like,Tim9a,447.6997391,-0.298856474,0.014568553,0.298856474,NA
LOC112051854,nuclear receptor coactivator 5 isoform X1,Neos,1335.517514,0.199089107,0.014694079,-0.199089107,NA
LOC112044499,probable ATP-dependent RNA helicase DDX10,CG5800,2161.901947,-0.239121958,0.014731361,0.239121958,NA
LOC112051628,putative sodium-coupled neutral amino acid transporter 10,CG30394,667.8471048,-0.412465678,0.014749546,0.412465678,NA
LOC112049368,gastrula zinc finger protein XlCGF57.1-like,LOC112049368,498.229032,0.406119727,0.014787923,-0.406119727,NA
LOC112049700,facilitated trehalose transporter Tret1 isoform X4,CG10960,5262.633961,0.632170479,0.014860725,-0.632170479,NA
LOC112042948,uncharacterized protein LOC112042948,LOC112042948,18.50136738,2.341650514,0.01489755,-2.341650514,NA
LOC112058527,"elongation factor G, mitochondrial",mEFG1,1856.455008,-0.311058391,0.01489755,0.311058391,eyespot_down
LOC112051696,OWR44618.1 FAM195A like protein,CG34159,3788.697412,0.167852025,0.014977782,-0.167852025,NA
LOC112049288,"alpha-(1,3)-fucosyltransferase C-like",FucTC,247.6740322,0.899265285,0.014996871,-0.899265285,NA
LOC112054840,"protein PET100 homolog, mitochondrial",CG14483,752.2821975,-0.407336252,0.014996871,0.407336252,NA
LOC112058241,dnaJ homolog subfamily C member 7,Tpr2,3580.06148,0.279494413,0.015009894,-0.279494413,NA
LOC112046232,ABC transporter G family member 20,osy,222.1600013,-0.548158703,0.015071942,0.548158703,NA
LOC112050426,cyclic AMP-dependent transcription factor ATF-6 alpha isoform X1,Atf6,997.3723473,0.313175757,0.015084313,-0.313175757,eyespot_up
LOC112053702,"N-alpha-acetyltransferase 15, NatA auxiliary subunit",Naa15-16,1135.846887,-0.209331738,0.015085054,0.209331738,NA
LOC112042981,probable ATP-dependent RNA helicase pitchoune,pit,613.8385826,0.3004843,0.015138438,-0.3004843,NA
LOC112045249,pre-mRNA-splicing regulator female-lethal(2)D,fl(2)d,1664.351518,-0.223023023,0.015168487,0.223023023,NA
LOC112046504,60S ribosomal protein L22-like,RpL22,38529.41243,0.264921122,0.015168487,-0.264921122,NA
LOC112047124,zinc finger protein 273-like,LOC112047124,96.76392866,-0.714705329,0.015173725,0.714705329,NA
LOC112053154,rotatin-like,LOC112053154,984.1977975,-0.456096772,0.01519408,0.456096772,NA
LOC112049586,zinc finger protein 91-like,ken,572.6066281,0.394049024,0.015221028,-0.394049024,NA
LOC112046052,spondin-1-like isoform X1,CG17739,129.1687653,-1.010253032,0.01522496,1.010253032,NA
LOC112051739,beta-glucuronidase,CG15117,60.50869417,0.904028582,0.015237537,-0.904028582,NA
LOC112047061,ceramide-1-phosphate transfer protein,CG30392,480.0951939,0.389360835,0.015271949,-0.389360835,NA
LOC112053098,toll-like receptor 2,Tollo,10.38502191,2.39857091,0.015277849,-2.39857091,eyespot_up
LOC112048475,40S ribosomal protein S3,RpS3,49889.37206,0.228642296,0.015343193,-0.228642296,NA
LOC112056734,Retrovirus-related Pol polyprotein from transposon opus,LOC112056734,21.08734287,-2.233700598,0.015402832,2.233700598,NA
LOC112057658,protein yellow,yel-b,3159.221136,-0.286333245,0.015402832,0.286333245,NA
LOC112051415,box C/D snoRNA protein 1,CG1463,1009.976586,-0.255268088,0.015411543,0.255268088,NA
LOC112058327,ankyrin-2-like isoform X1,LOC112058327,42.0087576,0.879176875,0.015447865,-0.879176875,NA
LOC112047330,RING finger protein 17,LOC112047330,921.7545882,0.246923729,0.015523641,-0.246923729,NA
LOC112049750,Dipeptidase 1,CG42750,5.815551563,3.404338777,0.015553203,-3.404338777,NA
LOC112047229,transcription initiation factor IIA subunit 2,TfIIA-S,863.834207,0.282863715,0.015561421,-0.282863715,NA
LOC112052265,protein rogdi,rogdi,1089.426207,0.223600155,0.015603935,-0.223600155,NA
LOC112043636,TAF5-like RNA polymerase II p300/CBP-associated factor-associated factor 65 kDa subunit 5L,LOC112043636,1034.91256,-0.283983261,0.015621104,0.283983261,NA
LOC112054350,tenascin-like isoform X1,LOC112054350,147.896102,1.414425736,0.015637671,-1.414425736,eyespot_up
LOC112058060,maternal protein pumilio isoform X1,pum,11292.82157,0.21894728,0.015676363,-0.21894728,NA
LOC112049347,prolactin regulatory element-binding protein,CG9175,1206.762162,-0.263660855,0.015741335,0.263660855,NA
LOC112056448,sodium-dependent noradrenaline transporter-like,DAT,26.89568852,1.883666615,0.015745606,-1.883666615,NA
LOC112048643,proton-coupled amino acid transporter-like protein pathetic,CG8785,1950.067959,0.497421672,0.015786224,-0.497421672,eyespot_up
LOC112056335,uncharacterized protein LOC112056335,LOC112056335,307.0719499,0.556345184,0.015786224,-0.556345184,NA
LOC112048834,formin-like protein 18,Reph,429.079253,0.285202051,0.01580382,-0.285202051,NA
LOC112049128,glycerol kinase,Gk1,708.7569033,0.493635852,0.015807749,-0.493635852,NA
LOC112046080,uncharacterized protein LOC112046080 isoform X1,LOC112046080,630.4605782,0.338152078,0.015827698,-0.338152078,NA
LOC112048645,structure-specific endonuclease subunit SLX1 homolog,slx1,161.0843421,0.952460322,0.015865124,-0.952460322,NA
LOC112042999,prefoldin subunit 1,Pfdn1,1752.90103,-0.416130347,0.015898589,0.416130347,NA
LOC112046539,GSK3-beta interaction protein-like,CG14505,246.6538047,0.356821046,0.015898589,-0.356821046,NA
LOC112056232,neurotactin,Nrt,126.5392465,-0.646648666,0.01602064,0.646648666,NA
LOC112054025,A disintegrin and metalloproteinase with thrombospondin motifs 7,AdamTS-B,22710.48632,0.516330305,0.016069508,-0.516330305,NA
LOC112043647,trafficking protein particle complex subunit 4,Trs23,763.2114511,-0.378217671,0.016070507,0.378217671,NA
LOC112045535,uncharacterized protein LOC112045535 isoform X1,CG11122,2306.561398,0.257395344,0.016093407,-0.257395344,NA
LOC112056307,myb-like protein X,LOC112056307,779.1864573,0.315728058,0.016200073,-0.315728058,NA
LOC112054104,CD63 antigen-like,Tsp29Fb,16.19125333,2.887228311,0.016214481,-2.887228311,NA
LOC112045240,carboxypeptidase B-like,CG3108,23807.58209,0.433448568,0.01621719,-0.433448568,NA
LOC112043704,uncharacterized protein LOC112043704 isoform X2,Stacl,37.52037773,1.144440635,0.016313869,-1.144440635,NA
LOC112049687,protein asunder,asun,779.235834,-0.306910762,0.016313869,0.306910762,NA
LOC112052747,TOX high mobility group box family member 3-like isoform X1,CG12104,3880.397864,-0.265320622,0.016329961,0.265320622,NA
LOC112044533,transcription initiation factor TFIID subunit 3,bip2,2418.911782,0.202090143,0.016387634,-0.202090143,NA
LOC112045464,"probable 28S ribosomal protein S16, mitochondrial",mRpS16,558.8738828,-0.308147597,0.016482487,0.308147597,NA
LOC112051942,protein TSSC4,LOC112051942,637.3512933,-0.340268567,0.01648332,0.340268567,eyespot_up
LOC112044248,uncharacterized LOC106127219,CG7991,101.7827438,1.199230346,0.016499543,-1.199230346,NA
LOC112053478,"cytochrome b-c1 complex subunit Rieske, mitochondrial",RFeSP,1952.861699,0.216284023,0.016518475,-0.216284023,NA
LOC112052515,zinc finger protein 260-like isoform X2,ZNF296,280.4562477,0.509820402,0.016571305,-0.509820402,NA
LOC112044244,NA,NA,36.90511875,2.065873893,0.016574569,-2.065873893,NA
LOC112044680,uncharacterized protein LOC112044680,LOC112044680,131.5290177,-0.906210388,0.016577092,0.906210388,NA
LOC112051707,gastrula zinc finger protein XlCGF57.1-like,LOC112051707,438.2691924,0.514980431,0.016577092,-0.514980431,NA
LOC112044034,mitochondrial tRNA-specific 2-thiouridylase 1,CG3021,336.7127855,-0.425900821,0.016618805,0.425900821,NA
LOC112054334,moesin/ezrin/radixin homolog 1 isoform X1,Moe,4457.65807,-0.315693762,0.016677182,0.315693762,NA
LOC112045800,zinc finger protein 260-like isoform X2,LOC112045800,257.1177046,1.070598263,0.016806187,-1.070598263,NA
LOC112045887,origin recognition complex subunit 1-like,LOC112045887,94.15492276,-0.84113023,0.016844839,0.84113023,NA
LOC112048541,40S ribosomal protein S25,RpS25,3731.372013,-0.246639127,0.016844839,0.246639127,NA
LOC112050886,long-chain-fatty-acid--CoA ligase 4 isoform X1,Acsl,2290.619904,0.328911996,0.016844839,-0.328911996,NA
LOC112055514,protein cycle isoform X2,cyc,128.955014,0.431331883,0.016844839,-0.431331883,NA
LOC112052396,rhodanese domain-containing protein CG4456-like isoform X1,Hsp67Bb,1043.71422,0.290917565,0.016850393,-0.290917565,NA
LOC112046662,homeotic protein spalt-major-like isoform X1,sal,1741.084128,-0.284036091,0.016899124,0.284036091,eyespot_up
LOC112046845,short coiled-coil protein homolog,CG5934,2388.035177,-0.155905654,0.01693686,0.155905654,NA
LOC112049511,"fructose-1,6-bisphosphatase 1",fbp,1439.657521,-0.839533956,0.01695295,0.839533956,eyespot_down
LOC112049611,hepatoma-derived growth factor-related protein 2,LOC112049611,66.52728574,-0.99897873,0.016979273,0.99897873,NA
LOC112052972,uncharacterized protein LOC112052972,Osi17,155.2367385,-0.753152096,0.016979273,0.753152096,NA
LOC112053617,cyclic AMP response element-binding protein A,CrebA,1036.413006,0.253193303,0.016979273,-0.253193303,NA
LOC112047112,zinc finger protein 26-like,LOC112047112,861.111681,0.215880668,0.016991534,-0.215880668,NA
LOC112057870,protein tipE isoform X1,tipE,182.2198103,-2.075013762,0.017014024,2.075013762,NA
LOC112052136,"protein tramtrack, alpha isoform-like isoform X1",SBDS,368.6458749,0.286586058,0.017075604,-0.286586058,eyespot_up
LOC112048161,kinesin-related protein 2-like,LOC112048161,1030.087369,-0.255900706,0.017130846,0.255900706,NA
LOC112043429,mitotic checkpoint protein BUB3,Bub3,1714.261014,-0.169016726,0.01713594,0.169016726,NA
LOC112049304,DDB1- and CUL4-associated factor 12,DCAF12,2622.999719,0.586947637,0.01713594,-0.586947637,NA
LOC112053351,F-box/SPRY domain-containing protein 1,Fsn,342.8195569,-0.337445352,0.017161098,0.337445352,NA
LOC112055397,transitional endoplasmic reticulum ATPase TER94,TER94,26529.85368,-0.208803274,0.017161098,0.208803274,NA
LOC112046459,zinc finger CCHC domain-containing protein 4,LOC112046459,2296.101707,-0.352448234,0.01717517,0.352448234,NA
LOC112049063,hepatocyte growth factor-regulated tyrosine kinase substrate isoform X1,Hrs,1493.423333,0.29535075,0.01717517,-0.29535075,NA
LOC112045662,regulator of MON1-CCZ1 complex,CG8270,679.4640033,0.35659557,0.017240266,-0.35659557,NA
LOC112045794,uncharacterized protein LOC112045794,LOC112045794,677.3394958,0.205066605,0.017240266,-0.205066605,NA
LOC112044627,HIV Tat-specific factor 1,barc,1481.719723,-0.245805064,0.017279095,0.245805064,NA
LOC112046572,tubulin polyglutamylase TTLL4-like isoform X2,TTLL4A,1769.230266,-0.320440307,0.017286022,0.320440307,NA
LOC112052731,probable elongator complex protein 2,Elp2,1465.632842,-0.310417919,0.017336833,0.310417919,NA
LOC112044468,cell cycle checkpoint protein RAD17,Rad17,395.6418411,-0.357682631,0.017415827,0.357682631,NA
LOC112043172,protein TESPA1 isoform X1,olf186-M,340.1979886,-0.295179656,0.017427933,0.295179656,NA
LOC112053182,stromal interaction molecule homolog isoform X1,Stim,547.981027,0.306486472,0.017427933,-0.306486472,NA
LOC112050490,RNA polymerase II-associated protein 3-like isoform X1,spag,1409.925067,-0.213649308,0.017476891,0.213649308,NA
LOC112044354,ubiquitin-conjugating enzyme E2 J1-like,CG5823,1070.89772,0.252381669,0.017564034,-0.252381669,NA
LOC112054652,glutathione S-transferase 2-like,GstS1,175.2518051,-0.950021196,0.017586347,0.950021196,NA
LOC112053814,NA,NA,53.42457836,-1.429813946,0.017651342,1.429813946,NA
LOC112056755,transport and Golgi organization protein 6,LOC112056755,374.2962466,-0.365258898,0.017675495,0.365258898,eyespot_up
LOC112046224,something about silencing protein 10,Sas10,3250.342331,-0.132586896,0.017697229,0.132586896,NA
LOC112046225,THO complex subunit 4,Ref1,4181.257856,-0.245650829,0.01777934,0.245650829,NA
LOC112058069,zinc finger protein 260-like isoform X1,LOC112058069,538.3234452,0.374025791,0.017788604,-0.374025791,NA
LOC112054470,"40S ribosomal protein S12, mitochondrial",tko,693.2475338,-0.352701201,0.017797776,0.352701201,NA
LOC112049651,multidrug resistance protein homolog 49-like,Mdr49,4169.865442,0.30679938,0.017825529,-0.30679938,eyespot_up
LOC112043162,chromosome transmission fidelity protein 8 homolog,hay,507.141863,-0.578081751,0.017912052,0.578081751,NA
LOC112046356,peroxidasin,Pxn,2278.039938,0.303691967,0.017912052,-0.303691967,NA
LOC112047780,zinc finger CCCH domain-containing protein 10-like,LOC112047780,1236.584192,0.212645052,0.017912052,-0.212645052,NA
LOC112052024,transmembrane protein 170A,CG12341,548.6577475,-0.281101836,0.017912052,0.281101836,NA
LOC112052130,uncharacterized protein LOC112052130 isoform X1,CG14830,510.6854297,-0.55259732,0.017912052,0.55259732,NA
LOC112053800,prominin-like protein,LOC112053800,13649.22295,0.256673036,0.017912052,-0.256673036,NA
LOC112050805,zinc finger protein 271-like isoform X2,LOC112050805,322.2578478,0.398516662,0.017952817,-0.398516662,NA
LOC112043200,vacuolar protein-sorting-associated protein 36,Vps36,1014.283118,-0.242917045,0.01795673,0.242917045,NA
LOC112046974,phenylalanine--tRNA ligase alpha subunit,alpha-PheRS,1936.437619,-0.243082642,0.01795673,0.243082642,NA
LOC112044241,F-box/WD repeat-containing protein 9-like,LOC112044241,1200.270257,0.311133724,0.018054373,-0.311133724,eyespot_up
LOC112045954,uncharacterized protein LOC112045954 isoform X2,ced-6,540.7613449,0.383181779,0.018091232,-0.383181779,NA
LOC112053044,malectin-A,CG9257,2559.493673,0.178374424,0.018279075,-0.178374424,NA
LOC112044718,WW domain-binding protein 2,Wbp2,956.4517883,0.222134381,0.018284166,-0.222134381,NA
LOC112049641,serine/threonine-protein kinase par-1,Sik3,4080.911634,0.189112437,0.018284166,-0.189112437,eyespot_up
LOC112058564,UPF0184 protein AAEL002161,LOC112058564,691.0946854,0.323725975,0.018284166,-0.323725975,NA
LOC112053035,cell division cycle 5-like protein,Cdc5,1579.025463,-0.173855192,0.018288643,0.173855192,NA
LOC112051567,zinc finger protein Xfin-like,topi,576.4592423,0.388091937,0.018343703,-0.388091937,NA
LOC112051477,contactin-associated protein-like 5,axo,13.43590591,2.105136028,0.018429495,-2.105136028,NA
LOC112049372,zinc finger protein 260-like,LOC112049372,203.3290568,-0.653804979,0.018490434,0.653804979,NA
LOC112053491,growth arrest and DNA damage-inducible proteins-interacting protein 1,CRIF,991.5072213,0.266081196,0.018519888,-0.266081196,NA
LOC112044634,neural cell adhesion molecule 2,side-IV,275.7376155,-0.432537184,0.018580602,0.432537184,NA
LOC112054923,proteasome assembly chaperone 2,LOC112054923,893.8346202,-0.220784205,0.018594181,0.220784205,NA
LOC112049716,transmembrane protein 181,CG13409,198.0771917,2.080678985,0.018702014,-2.080678985,NA
LOC112043433,probable E3 ubiquitin-protein ligase sinah isoform X2,LOC112043433,178.5432563,0.498016941,0.018707594,-0.498016941,NA
LOC112055476,transmembrane protein 68 isoform X1,CG34348,152.5935276,0.557337768,0.018727791,-0.557337768,NA
LOC112049246,serine/threonine-protein kinase S6KL isoform X1,S6KL,195.6057414,0.460649943,0.018734936,-0.460649943,NA
LOC112054183,cullin-associated NEDD8-dissociated protein 1,Cand1,6353.812457,-0.208665656,0.018766924,0.208665656,eyespot_down
LOC112046529,uncharacterized protein LOC112046529,LOC112046529,10.53170623,2.189649515,0.018814247,-2.189649515,NA
LOC112046146,uncharacterized protein LOC112046146 isoform X1,LOC112046146,899.0560876,0.445059852,0.018925298,-0.445059852,NA
LOC112051714,histone H2A,His2A:CG31618,18.39100494,-1.49923886,0.018925298,1.49923886,NA
LOC112052391,40S ribosomal protein S15Aa,RpS15Aa,27088.96183,0.288216293,0.018942335,-0.288216293,NA
LOC112053344,unconventional myosin-XV,Myo15,419.3120245,0.302528161,0.018957373,-0.302528161,NA
LOC112048761,NA,NA,19.66752128,1.141826,0.019074642,-1.141826,NA
LOC112056738,WD repeat-containing protein 36,CG9799,3103.713361,-0.296664752,0.019074642,0.296664752,NA
LOC112046285,juvenile hormone epoxide hydrolase-like,Jheh2,42.7146669,1.453751646,0.019259718,-1.453751646,eyespot_up
LOC112048062,putative mediator of RNA polymerase II transcription subunit 29,Cpr49Aa,28775.01491,0.597712749,0.019276613,-0.597712749,NA
LOC112055049,uncharacterized protein LOC112055049,LOC112055049,371.4841602,-0.717706087,0.019276613,0.717706087,NA
LOC112055364,H/ACA ribonucleoprotein complex subunit 2-like protein,NHP2,2106.495798,-0.216633073,0.019311203,0.216633073,NA
LOC112056342,mitochondrial ubiquitin ligase activator of nfkb 1-A,Mul1,275.9662559,-0.367262691,0.019342497,0.367262691,NA
LOC112044625,protein MCM10 homolog,Mcm10,867.4199173,-0.400878284,0.019361934,0.400878284,NA
LOC112051879,patronin isoform X7,Patronin,3842.124565,-0.107669611,0.019361934,0.107669611,NA
LOC112043384,COMM domain-containing protein 4,LOC112043384,279.5211424,-0.541799912,0.019381266,0.541799912,NA
LOC112050258,TLD domain-containing protein 1 isoform X1,CG5149,127.056711,-0.486083284,0.019451569,0.486083284,NA
LOC112054124,transmembrane protein 120 homolog isoform X2,CG32795,316.0753303,-0.32089797,0.019570518,0.32089797,NA
LOC112054244,protein PRRC2A,LOC112054244,778.0261646,-0.8907471,0.019591717,0.8907471,NA
LOC112048417,"dnaJ homolog subfamily C member 30, mitochondrial-like",CG11035,399.3768738,0.407463067,0.019622341,-0.407463067,NA
LOC112048085,oxidoreductase-like domain-containing protein 1,CG5500,245.7654784,0.442628665,0.019622589,-0.442628665,NA
LOC112050507,cytosolic Fe-S cluster assembly factor NUBP2 homolog,CG4858,794.3916596,-0.352598047,0.019622589,0.352598047,NA
LOC112054031,eukaryotic translation initiation factor 2 subunit 2,eIF-2beta,6889.73603,-0.140052572,0.019682331,0.140052572,NA
LOC112044602,ATP-binding cassette sub-family G member 4-like isoform X1,Atet,136.4709316,-0.853076577,0.019693093,0.853076577,NA
LOC112058279,polycomb protein Asx,Asx,630.0359617,0.585781965,0.019817062,-0.585781965,NA
LOC112045815,"DNA-directed RNA polymerases I, II, and III subunit RPABC3",Rpb8,1218.41455,0.225761005,0.019837726,-0.225761005,NA
LOC112046772,XP_023939328.1 polyubiquitin,UBB,18427.49402,0.241179063,0.019976534,-0.241179063,NA
LOC112044204,kinesin-like protein KIF13B,kinesin-3A,3235.482347,-0.24744245,0.020099286,0.24744245,eyespot_up
LOC112051377,A disintegrin and metalloproteinase with thrombospondin motifs 14-like,stl,973.139374,1.114256236,0.020109796,-1.114256236,NA
LOC112058152,vesicle-fusing ATPase 1-like,comt,870.6398212,0.243065542,0.020122797,-0.243065542,NA
LOC112055813,importin-13,cdm,813.718278,0.282312012,0.020148155,-0.282312012,NA
LOC112047142,protein bicaudal D,BicD,2520.654548,0.250678239,0.020259307,-0.250678239,NA
LOC112056476,nucleolar protein 12,vito,796.0294177,-0.415333904,0.020272004,0.415333904,NA
LOC112055541,cullin-1,Cul1,5389.423056,-0.246073584,0.020276134,0.246073584,NA
LOC112051554,Fanconi anemia group J protein homolog isoform X1,CG4078,287.0428191,-0.355767348,0.020411496,0.355767348,NA
LOC112055099,coiled-coil domain-containing protein 97,CG7810,448.5399694,0.370445156,0.0204506,-0.370445156,NA
LOC112055171,conserved oligomeric Golgi complex subunit 3,Cog3,1152.877993,0.194103644,0.020452686,-0.194103644,eyespot_up
LOC112057693,trafficking protein particle complex subunit 2,Trs20,238.0582734,0.41023455,0.020452686,-0.41023455,NA
LOC112047093,PR domain zinc finger protein 5-like,LOC112047093,348.2105592,0.343579188,0.020460764,-0.343579188,NA
LOC112053441,bromodomain-containing protein 1,Br140,1496.112009,-0.215643454,0.020570703,0.215643454,NA
LOC112055210,uncharacterized protein LOC112055210,LOC112055210,3117.197543,1.83932678,0.02061086,-1.83932678,NA
LOC112056937,4F2 cell-surface antigen heavy chain isoform X1,CD98hc,16266.68648,0.260240838,0.020719598,-0.260240838,NA
LOC112046207,zinc finger protein 628-like isoform X2,CG7987,1165.95904,0.219433459,0.020738084,-0.219433459,NA
LOC112055952,zinc finger protein 62 homolog,LOC112055952,332.3129941,0.280079645,0.020738084,-0.280079645,NA
LOC112043169,glycerol-3-phosphate phosphatase-like,CG5567,336.5893895,-0.368753092,0.020890981,0.368753092,NA
LOC112056221,peptidylglycine alpha-hydroxylating monooxygenase,Phm,230.4585609,-0.738850778,0.020890981,0.738850778,NA
LOC112047255,G-protein coupled receptor Mth2-like,mthl15,5.27473185,2.870146413,0.020906958,-2.870146413,NA
LOC112044783,"39S ribosomal protein L4, mitochondrial",mRpL4,910.8593787,-0.404852863,0.020956951,0.404852863,NA
LOC112044745,zinc finger protein 25-like isoform X1,LOC112044745,783.1992641,0.354095384,0.020980729,-0.354095384,NA
LOC112044835,endoplasmic reticulum metallopeptidase 1-like,CG10062,341.0930327,0.35490653,0.020980729,-0.35490653,NA
LOC112054420,zinc finger protein 260-like isoform X2,LOC112054420,93.7004995,0.636049638,0.020980729,-0.636049638,NA
LOC112047824,catalase,Cat,8519.827368,0.363876245,0.021029185,-0.363876245,eyespot_down
LOC112057655,"39S ribosomal protein L20, mitochondrial",mRpL20,612.9024808,-0.260553527,0.021034006,0.260553527,NA
LOC112058471,carbonic anhydrase-related protein 10-like,CARPB,121.2645903,0.553064555,0.021043113,-0.553064555,NA
LOC112057846,nuclear RNA export factor 1,sbr,1797.871374,-0.19545237,0.021095529,0.19545237,NA
LOC112046562,"myosin heavy chain, non-muscle isoform X1",Mhc2,43045.09979,0.223348173,0.021173119,-0.223348173,NA
LOC112051303,serine/threonine-protein kinase greatwall isoform X1,gwl,124.826655,-0.968460033,0.021206139,0.968460033,NA
LOC112051841,F-box/LRR-repeat protein 15,LOC112051841,228.5105093,0.401387887,0.021209082,-0.401387887,NA
LOC112054092,larval cuticle protein LCP-30-like,Cpr49Ab,455.5095984,1.181132026,0.021228699,-1.181132026,eyespot_down
LOC112057068,DNA polymerase iota,DNApol-iota,782.923664,0.232586171,0.021228699,-0.232586171,NA
LOC112058426,inter-alpha-trypsin inhibitor heavy chain H3-like,LOC112058426,25.49965326,2.836458338,0.021276128,-2.836458338,NA
LOC112051421,O-glucosyltransferase rumi homolog,rumi,732.3486714,0.311148926,0.021286423,-0.311148926,NA
LOC112050433,protein DDI1 homolog 2,rngo,4450.62287,0.127388273,0.021634704,-0.127388273,NA
LOC112048627,uncharacterized protein LOC112048627 isoform X2,LOC112048627,5.198874807,-2.858710369,0.021653428,2.858710369,eyespot_up
LOC112055647,NA,NA,163.8601191,-0.56958679,0.021653428,0.56958679,NA
LOC112056041,mitochondrial coenzyme A transporter SLC25A42,DPCoAC,606.4560195,-0.408047353,0.021674503,0.408047353,NA
LOC112048736,RNA pseudouridylate synthase domain-containing protein 2-like isoform X1,LOC112048736,59.21516562,-0.690895812,0.021691191,0.690895812,NA
LOC112045836,muscle M-line assembly protein unc-89-like isoform X1,Strn-Mlck,356.6035573,0.682719229,0.021740347,-0.682719229,NA
LOC112058005,polyadenylate-binding protein 2,Pabp2,2965.016802,0.313054049,0.021740347,-0.313054049,NA
LOC112048672,"39S ribosomal protein L10, mitochondrial",mRpL10,693.5234216,-0.217529487,0.021754784,0.217529487,NA
LOC112051225,DNA-directed RNA polymerase I subunit RPA49-like,LOC112051225,625.8388479,-0.246451289,0.02177153,0.246451289,NA
LOC112051866,mpv17-like protein 2,CG1662,238.2791023,-0.398610303,0.021851882,0.398610303,NA
LOC112050846,glyoxylate reductase/hydroxypyruvate reductase-like,CG9331,97.34065057,-1.043675988,0.021887141,1.043675988,NA
LOC112043020,eukaryotic translation initiation factor 3 subunit E,eIF3-S6,8568.690057,-0.18311952,0.02203116,0.18311952,eyespot_down
LOC112058612,thiamine transporter 2-like,CG6574,439.8624477,-0.926827911,0.022249304,0.926827911,NA
LOC112047638,poly(ADP-ribose) glycohydrolase,Parg,1002.19016,0.203353893,0.022520408,-0.203353893,NA
LOC112043635,renin receptor,ATP6AP2,3587.61884,0.181977159,0.022520568,-0.181977159,NA
LOC112045689,RNA-binding protein Musashi homolog 2 isoform X1,msi,4619.094902,-0.439294234,0.022520568,0.439294234,NA
LOC112047808,serine/threonine-protein kinase ULK3-like,Aduk,239.6211001,0.343571441,0.022520568,-0.343571441,NA
LOC112057654,"myosin heavy chain, muscle isoform X1",Mhc,45.47047327,1.989065249,0.022544182,-1.989065249,NA
LOC112054275,DDB1- and CUL4-associated factor 7,wap,668.2121252,0.328318568,0.022577369,-0.328318568,NA
LOC112054938,aquaporin AQPAe.a isoform X2,LOC112054938,123.1328554,0.959728774,0.022577369,-0.959728774,NA
LOC112058329,uncharacterized protein LOC112058329 isoform X1,CG15186,119.3479857,-0.524053948,0.022577369,0.524053948,NA
LOC112047018,histone lysine demethylase PHF8-like,Kdm2,1194.930704,0.201329551,0.022675037,-0.201329551,NA
LOC112053190,Ca(2+)/calmodulin-responsive adenylate cyclase-like isoform X1,rut,2176.031151,-0.200955129,0.022808477,0.200955129,NA
LOC112048941,60S ribosomal protein L35a,RpL35A,39012.28323,0.228304784,0.02281521,-0.228304784,NA
LOC112048183,uncharacterized protein LOC112056508,CG16953,306.5857662,0.447043657,0.022833808,-0.447043657,NA
LOC112053967,ubiquitin-conjugating enzyme E2 T-like,CG3473,954.4255645,-0.222800938,0.022833808,0.222800938,NA
LOC112056301,"glucose dehydrogenase [FAD, quinone]-like",CG12398,44.732099,2.679752446,0.022833808,-2.679752446,NA
LOC112050979,"3-hydroxyisobutyryl-CoA hydrolase, mitochondrial",CG5044,2985.990412,-0.1655996,0.02284899,0.1655996,NA
LOC112049626,semaphorin-1A-like,Sema1a,10449.73228,0.180732884,0.022875879,-0.180732884,NA
LOC112053361,nucleolar protein 10,l(2)34Fd,1965.538762,-0.602774914,0.022875879,0.602774914,NA
LOC112057925,"ubiquinone biosynthesis O-methyltransferase, mitochondrial-like",coq3,553.8082392,0.206807052,0.022941936,-0.206807052,NA
LOC112051128,uncharacterized protein LOC112051128,LOC112051128,6.339573719,2.628107908,0.02300349,-2.628107908,NA
LOC112043474,40S ribosomal protein S14,RpS14a,33741.84361,0.201062651,0.02305062,-0.201062651,NA
LOC112055770,chymotrypsin-like elastase family member 2A,MP1,12.40533228,2.146017285,0.023063429,-2.146017285,NA
LOC112057083,zinc finger protein 729-like,LOC112057083,313.5602678,0.608298908,0.02312315,-0.608298908,NA
LOC112054815,serine protease easter-like,CLIPB19,4181.972747,0.37447868,0.023163223,-0.37447868,NA
LOC112053759,histone acetyltransferase KAT8-like,mof,1547.888179,-0.18297925,0.023243174,0.18297925,NA
LOC112054913,probable Ras GTPase-activating protein isoform X2,LOC112054913,123.5822897,-0.466492006,0.023243174,0.466492006,NA
LOC112056789,zinc finger protein 582-like,LOC112056789,86.6215856,1.180621128,0.023243174,-1.180621128,NA
LOC112057991,tRNA selenocysteine 1-associated protein 1,Secp43,1164.171459,-0.219546586,0.023243174,0.219546586,NA
LOC112043719,serine/threonine-protein kinase stk11,lkb1,143.5569561,-1.151371461,0.023298605,1.151371461,NA
LOC112051797,uncharacterized protein LOC112051797,LOC112051797,286.6919419,-0.4875864,0.023303104,0.4875864,NA
LOC112044474,transmembrane protein 183,LOC112044474,1384.800619,-0.237053171,0.023334183,0.237053171,NA
LOC112045004,piwi-like protein Ago3,Ago3,563.634905,0.568612128,0.02338236,-0.568612128,NA
LOC112053367,UPF0598 protein CG30010,CG30010,164.2577528,0.454238051,0.023404314,-0.454238051,NA
LOC112053878,mRNA-capping enzyme,mRNA-cap,1187.04939,-0.441951587,0.023458022,0.441951587,NA
LOC112048167,inositol-tetrakisphosphate 1-kinase-like,LOC112048167,204.1943029,0.612778518,0.023463291,-0.612778518,NA
LOC112047295,DNA replication complex GINS protein SLD5,LOC112047295,265.8898628,-0.409854358,0.023468204,0.409854358,NA
LOC112051427,isocitrate dehydrogenase [NADP] cytoplasmic-like,Idh,14659.02481,0.19637011,0.023528368,-0.19637011,NA
LOC112052453,40S ribosomal protein S6,RpS6,65560.91842,0.191360933,0.023528368,-0.191360933,NA
LOC112046820,B-cell receptor-associated protein 31-like,CG13887,883.3129701,0.436582598,0.023532855,-0.436582598,NA
LOC112056257,protein BCCIP homolog,CG9286,3776.567502,-0.203880498,0.023582936,0.203880498,NA
LOC112051947,40S ribosomal protein S24,RpS24,24949.77494,0.217749844,0.023651925,-0.217749844,NA
LOC112043183,cytosolic carboxypeptidase 2-like,Nna1,17.8299364,-1.56810003,0.02367322,1.56810003,NA
LOC112051385,C-C chemokine receptor type 7-like,LOC112051385,2134.930366,-0.324099975,0.023689478,0.324099975,NA
LOC112052399,60S ribosomal protein L7,RpL7,60660.24952,0.221395146,0.023781457,-0.221395146,NA
LOC112047177,protein AATF,Aatf,1402.068769,-0.188038768,0.023800095,0.188038768,eyespot_up
LOC112054283,STE20/SPS1-related proline-alanine-rich protein kinase,fray,2089.031329,-0.29273863,0.023863406,0.29273863,NA
LOC112049040,solute carrier family 35 member F5,CG8195,347.6484508,-0.316125526,0.02392889,0.316125526,NA
LOC112050743,ATP synthase mitochondrial F1 complex assembly factor 1,CG10340,808.1782549,0.268505656,0.02393818,-0.268505656,NA
LOC112055837,facilitated trehalose transporter Tret1-like,CG10960,205.1514506,-0.431048116,0.023948625,0.431048116,NA
LOC112049370,eukaryotic peptide chain release factor subunit 1 isoform X1,eRF1,12848.07342,0.223272527,0.0239761,-0.223272527,NA
LOC112047698,phosphatidylinositol-glycan biosynthesis class F protein,LOC112047698,712.8095584,-0.262262703,0.024007864,0.262262703,NA
LOC112047952,methyltransferase-like protein 13,CG2614,588.5165566,-0.347291916,0.024176491,0.347291916,NA
LOC112047678,putative phosphatidate phosphatase,LOC112047678,200.1853411,-0.452035628,0.024204385,0.452035628,NA
LOC112053175,glutamate decarboxylase,Gad1,14.43902702,7.268467149,0.024295721,-7.268467149,NA
LOC112043348,zinc finger CCCH-type with G patch domain-containing protein,CG4709,464.0961108,-0.261141373,0.02442642,0.261141373,NA
LOC112054041,BTB/POZ domain-containing protein 10,mri,1267.765597,0.14680662,0.024454719,-0.14680662,NA
LOC112053166,TBC1 domain family member 10B,wkd,296.1049653,0.390334638,0.024582418,-0.390334638,NA
LOC112057170,frizzled-2,GPRFZ2,370.4307093,-0.326136819,0.024582418,0.326136819,eyespot_up
LOC112045789,WD repeat-containing protein 60,LOC112045789,240.867058,1.425471772,0.024594595,-1.425471772,NA
LOC112047852,DNA mismatch repair protein Mlh1,Mlh1,165.1329694,-0.418629295,0.024594595,0.418629295,NA
LOC112053823,sorting nexin-17,Snx17,248.833789,0.323626728,0.024594595,-0.323626728,NA
LOC112051109,probable DNA replication complex GINS protein PSF2,Psf2,325.8123714,-0.597037756,0.024631465,0.597037756,NA
LOC112047643,granzyme M-like,LOC112047643,8.178920369,-2.606081774,0.024667101,2.606081774,NA
LOC112050695,uncharacterized protein LOC112050695 isoform X2,LOC112050695,325.2013643,-0.626210116,0.024667101,0.626210116,NA
LOC112054367,peroxiredoxin-2-like,TPX1,1498.850742,-0.304169897,0.024667101,0.304169897,NA
LOC112050140,m7GpppN-mRNA hydrolase,Dcp2,1533.513295,0.204175192,0.024725822,-0.204175192,NA
LOC112049571,nidogen-1,Ndg,2131.596224,0.470021856,0.024939146,-0.470021856,NA
LOC112051424,zinc finger protein 704,Glut4EF,602.5937093,0.332151528,0.024939146,-0.332151528,NA
LOC112045547,ubiquitin-like protein 7,LOC112045547,323.2722257,-0.388346812,0.025036744,0.388346812,NA
LOC112050914,acetyl-CoA carboxylase isoform X1,LOC112050914,19.2742741,-1.430975232,0.025036744,1.430975232,NA
LOC112051307,sortilin-related receptor isoform X1,LRP1,35661.54467,0.213403496,0.025057823,-0.213403496,NA
LOC112054107,Endonuclease-reverse transcriptase,LOC112054107,5.303075768,3.199735477,0.025057823,-3.199735477,NA
LOC112057417,carbohydrate-responsive element-binding protein isoform X2,Mio,370.674494,-0.500889594,0.025057823,0.500889594,NA
LOC112043335,dnaJ homolog subfamily C member 5,Csp,865.1101474,0.226200652,0.0250797,-0.226200652,NA
LOC112054055,uncharacterized protein DDB_G0284459-like,Hers,1057.127632,0.306313221,0.02510345,-0.306313221,NA
LOC112044235,tax1-binding protein 3 homolog,CG3402,383.0612728,0.408297175,0.025120715,-0.408297175,NA
LOC112047182,proton-coupled folate transporter-like,CG15890,505.8493676,0.419214655,0.025120715,-0.419214655,NA
LOC112047682,glutamate receptor 1-like,LOC112047682,9.152012667,2.165048504,0.025120715,-2.165048504,NA
LOC112056785,uncharacterized protein LOC112056785,LOC112056785,13.9211505,7.182946033,0.025120715,-7.182946033,NA
LOC112047192,zinc finger protein 37-like,CG12391,1382.384289,0.24317839,0.025194636,-0.24317839,NA
LOC112050857,SWI/SNF-related matrix-associated actin-dependent regulator of chromatin subfamily A-like protein 1,Marcal1,405.8074523,-0.400678751,0.025320407,0.400678751,NA
LOC112050227,helicase POLQ-like,mus301,547.4565165,-0.425319297,0.025334328,0.425319297,NA
LOC112054485,low molecular weight phosphotyrosine protein phosphatase-like,primo-2,482.0738703,-0.307393646,0.025334328,0.307393646,NA
LOC112046947,bromodomain-containing protein 8-like isoform X2,Brd8,1607.271678,-0.300338011,0.025397204,0.300338011,NA
LOC112056004,zinc finger protein 260-like isoform X2,LOC112056004,229.7893971,0.887161505,0.025483804,-0.887161505,NA
LOC112048097,leucine zipper putative tumor suppressor 2 homolog isoform X1,CG15365,343.1139922,0.596910307,0.025659771,-0.596910307,NA
LOC112046133,translin-associated factor X-interacting protein 1-like,CG10621,368.9023396,0.344123943,0.025666532,-0.344123943,NA
LOC112053434,putative 1-phosphatidylinositol 3-phosphate 5-kinase,fab1,566.9084671,-0.532873877,0.025666532,0.532873877,NA
LOC112049214,zinc finger protein 2 homolog isoform X1,LOC112049214,4247.978727,-0.330506542,0.025698163,0.330506542,NA
LOC112056352,transcription elongation regulator 1 isoform X1,CG42724,342.1781351,-0.414639386,0.025718974,0.414639386,NA
LOC112050167,uncharacterized protein LOC112050167,CG43740,4.50240848,-2.698185674,0.025736989,2.698185674,NA
LOC112045763,uncharacterized protein ZK1073.1 isoform X4,CG2082,5.541497061,2.298938784,0.025753136,-2.298938784,NA
LOC112044389,laccase 1,Mco1,270.6780866,0.962073355,0.025781437,-0.962073355,NA
LOC112045467,NA,NA,15.91199321,-1.220255748,0.025781457,1.220255748,NA
LOC112054280,skin secretory protein xP2-like,Cpr97Ea,17.20250341,1.474864378,0.025848927,-1.474864378,NA
LOC112046411,digestive organ expansion factor homolog,CG3735,1059.838771,-0.252349297,0.02585441,0.252349297,NA
LOC112052223,motile sperm domain-containing protein 1-like,LOC112052223,163.8811977,0.433994591,0.025887774,-0.433994591,NA
LOC112047017,syntaxin-1A isoform X5,Syx1A,500.1695667,1.153102287,0.025906159,-1.153102287,eyespot_down
LOC112057396,alpha-tocopherol transfer protein-like,CG33966,8.023317979,-3.286879645,0.025936323,3.286879645,eyespot_up
LOC112052571,collagen alpha chain CG42342 isoform X1,CG42342,377.7604843,-0.681338944,0.025981786,0.681338944,NA
LOC112049226,macoilin-1 isoform X1,CG30389,444.8369774,-0.392458115,0.026013272,0.392458115,NA
LOC112043909,zinc finger protein 271-like isoform X2,LOC112043909,483.7562097,0.230651798,0.026035096,-0.230651798,NA
LOC112049396,carbohydrate-responsive element-binding protein isoform X2,Mio,195.49195,-0.377127235,0.026055502,0.377127235,NA
LOC112045665,DNA topoisomerase 2-binding protein 1,CG6654,1549.367741,-0.258795551,0.026077983,0.258795551,NA
LOC112056881,eukaryotic translation initiation factor 2 subunit 1,eIF2alpha,4575.349381,-0.491649206,0.026141685,0.491649206,eyespot_down
LOC112047969,"probable sulfite oxidase, mitochondrial isoform X2",shop,196.2409263,-0.446510108,0.026175422,0.446510108,NA
LOC112046897,band 4.1-like protein 4 isoform X1,CG34347,1830.425954,0.559515775,0.026236894,-0.559515775,NA
LOC112058205,protein arginine N-methyltransferase 9-like,LOC112058205,449.6626871,0.435703557,0.026486443,-0.435703557,NA
LOC112053783,NA,NA,4125.406566,-0.182297535,0.026524277,0.182297535,NA
LOC112049697,gametocyte-specific factor 1-like,LOC112049697,520.1211016,0.402416738,0.02658075,-0.402416738,NA
LOC112058170,60S acidic ribosomal protein P0,RpLP0,69301.22804,0.181828561,0.026849,-0.181828561,NA
LOC112056681,OWR50923.1 dihydrouridine synthase domain containing protein,LOC112056681,135.7262039,-0.662900078,0.026968253,0.662900078,NA
LOC112050729,two pore calcium channel protein 1-like isoform X3,LOC112050729,776.8925321,0.737992503,0.026995315,-0.737992503,NA
LOC112051098,probable tRNA(His) guanylyltransferase,THG,1170.546932,-0.215491919,0.026995918,0.215491919,NA
LOC112046117,cactin,cactin,2232.848392,0.201134624,0.027046415,-0.201134624,NA
LOC112056402,flocculation protein FLO11 isoform X1,CG8547,3542.17372,0.247900176,0.027048371,-0.247900176,NA
LOC112048478,protein mab-21,mab-21,4817.958651,-0.255173804,0.027155431,0.255173804,NA
LOC112053874,ribonuclease P protein subunit p25-like protein,Rpp25,434.8053221,-0.276251985,0.027190201,0.276251985,NA
LOC112058432,protein cereblon homolog,LOC112058432,366.293303,0.37087098,0.027191015,-0.37087098,NA
LOC112048681,sorting nexin-20,Snx21,305.6998601,0.434091631,0.027239572,-0.434091631,NA
LOC112052995,proteasome subunit beta type-4,Prosbeta7,5078.385129,-0.319247525,0.027260318,0.319247525,eyespot_down
LOC112044868,"39S ribosomal protein L38, mitochondrial",mRpL38,1657.336094,-0.255084958,0.027352003,0.255084958,NA
LOC112050603,actin-related protein 2/3 complex subunit 2,Arc-p34,177.5754635,-1.130425255,0.027377456,1.130425255,NA
LOC112045507,L-galactose dehydrogenase-like,CG18547,73.66274061,0.890380854,0.027444828,-0.890380854,NA
LOC112044462,OWR52233.1 Bifunctional polynucleotide phosphatase/kinase,PNKP,835.1565227,-0.323296238,0.027448515,0.323296238,NA
LOC112051119,zinc finger protein 26-like,LOC112051119,310.6242332,0.394047552,0.027448515,-0.394047552,NA
LOC112058352,kelch-like protein 26 isoform X1,LOC112058352,342.8646775,0.326376233,0.02760445,-0.326376233,NA
LOC112051870,SOX domain-containing protein dichaete-like,D,54.25599131,0.698349912,0.027616766,-0.698349912,NA
LOC112053719,T-complex protein 11-like protein 1,CG16721,1020.869498,-0.451114941,0.027633057,0.451114941,NA
LOC112045957,zinc finger protein 91-like,LOC112045957,100.8753837,-0.571518957,0.027908762,0.571518957,NA
LOC112044594,TBC1 domain family member 31,CG16896,273.5218253,-0.35916718,0.027935543,0.35916718,NA
LOC112052939,probable palmitoyltransferase ZDHHC11,CG17075,34.83120346,0.787585812,0.028011653,-0.787585812,NA
LOC112053185,RNA polymerase II-associated factor 1 homolog,atms,1972.732416,-0.340226929,0.028011653,0.340226929,NA
LOC112054068,WD repeat domain phosphoinositide-interacting protein 3,CG11975,281.5694154,-0.569977073,0.028018073,0.569977073,NA
LOC112058508,gem-associated protein 8-like,LOC112058508,196.5924171,-0.350947869,0.028067355,0.350947869,eyespot_up
LOC112054779,5'-3' exoribonuclease 2 homolog,Rat1,4689.758191,0.179636953,0.028119668,-0.179636953,NA
LOC112053041,haspin-like protein,Haspin,2634.070225,0.230025816,0.028195557,-0.230025816,NA
LOC112045395,"probable 28S ribosomal protein S25, mitochondrial",mRpS25,534.9486028,-0.248701818,0.028218408,0.248701818,NA
LOC112050689,uncharacterized protein LOC112050689 isoform X1,LOC112050689,568.3351779,0.779484179,0.028403,-0.779484179,NA
LOC112055681,NA,NA,16.68265263,-1.613263261,0.028403,1.613263261,NA
LOC112050113,cyclin-dependent kinase 11B,Pitslre,2522.392957,0.148610163,0.028504695,-0.148610163,NA
LOC112048245,protein lethal(2)essential for life-like,l(2)efl,462.6332948,1.385927554,0.028728741,-1.385927554,NA
LOC112052334,S-adenosylhomocysteine hydrolase-like protein 1 isoform X1,AhcyL1,52.45799648,0.696397764,0.028728741,-0.696397764,NA
LOC112054231,ribonucleoside-diphosphate reductase subunit M2,RnrS,3471.360293,-0.246656034,0.028728741,0.246656034,NA
LOC112054729,glycolipid transfer protein,LOC112054729,321.8054802,0.473371659,0.028731076,-0.473371659,NA
LOC112055130,zinc finger protein 271-like,LOC112055130,1453.930689,0.42426092,0.028743711,-0.42426092,NA
LOC112047844,Y-box factor homolog,yps,53808.78129,0.171366809,0.028760478,-0.171366809,NA
LOC112056237,"beta-1,3-glucan-binding protein-like",GNBP1,3.241155958,4.330577361,0.028760478,-4.330577361,NA
LOC112054706,toll-like receptor 3,LOC112054706,119.6881879,1.171649425,0.028846573,-1.171649425,NA
LOC112048630,"trypsin, alkaline C-like",LOC112048630,8.921061363,2.243225994,0.028882095,-2.243225994,NA
LOC112057228,tubulin beta-1 chain-like,betaTub56D,19713.93397,0.460554681,0.028962416,-0.460554681,NA
LOC112045686,cyclin-dependent kinase 9,Cdk9,629.2805356,-0.654393278,0.028963383,0.654393278,NA
LOC112047739,zinc transporter ZIP9,Zip102B,835.1087034,-0.233372961,0.029139544,0.233372961,NA
LOC112049057,spermatogenesis-associated protein 20 isoform X1,CG8613,673.6804691,0.28423574,0.029159806,-0.28423574,NA
LOC112046796,neurocalcin homolog,Nca,642.7615623,0.335236287,0.029295714,-0.335236287,NA
LOC112048131,exchange factor for Arf-6 isoform X2,Efa6,515.5020263,-0.338322432,0.029295714,0.338322432,eyespot_down
LOC112054955,"ATP synthase-coupling factor 6, mitochondrial",ATPsynCF6,3396.721908,0.17965329,0.029360072,-0.17965329,NA
LOC112046305,Down syndrome cell adhesion molecule-like protein Dscam2,Dscam,1437.445078,-0.250026426,0.029374974,0.250026426,NA
LOC112044055,probable nuclear hormone receptor HR3 isoform X1,Hr46,28412.50305,0.321254575,0.029384216,-0.321254575,NA
LOC112052756,"high affinity cAMP-specific and IBMX-insensitive 3',5'-cyclic phosphodiesterase 8 isoform X4",Pde8,133.2089934,0.742156406,0.029384216,-0.742156406,NA
LOC112044702,splicing factor 3B subunit 3 isoform X1,Sf3b3,14407.99373,-0.189086972,0.029440277,0.189086972,NA
LOC112052026,40S ribosomal protein S3a,RpS3A,86797.61227,0.189678571,0.029440277,-0.189678571,NA
LOC112053610,monocarboxylate transporter 3,CG8468,1948.880589,-0.279009245,0.029440277,0.279009245,NA
LOC112047546,23 kDa integral membrane protein-like,Tsp42Ee,44.16873638,-0.76133741,0.029444949,0.76133741,NA
LOC112054287,OWR45469.1 TNFSF5 protein,LOC112054287,703.0569197,0.491270573,0.029490002,-0.491270573,NA
LOC112047053,DDB1- and CUL4-associated factor 10 homolog,LOC112047053,969.7180406,0.438108362,0.029623447,-0.438108362,NA
LOC112042899,pre-mRNA 3'-end-processing factor FIP1,Fip1,2434.001837,0.187839759,0.029644074,-0.187839759,NA
LOC112045764,retinol dehydrogenase 11-like,CG2065,39.55169689,1.289980309,0.029651504,-1.289980309,NA
LOC112046907,putative prIL-16,bbg,2903.321055,-0.384426118,0.029661964,0.384426118,NA
LOC112054561,apolipoprotein D-like,GLaz,50.6191031,-2.144851431,0.029673792,2.144851431,eyespot_down
LOC112052561,mannose-P-dolichol utilization defect 1 protein homolog,CG3792,1309.687972,-0.330512417,0.029685517,0.330512417,NA
LOC112050879,protein KIAA0100,hob,1456.405642,-0.403354285,0.029795152,0.403354285,NA
LOC112045160,aminoacylase-1-like isoform X2,CG17109,1247.113015,-0.144198704,0.030011868,0.144198704,eyespot_down
LOC112049988,protein NipSnap,Nipsnap,971.6898283,0.275233037,0.030092851,-0.275233037,NA
LOC112045469,protein arginine N-methyltransferase 1,Art3,1040.32302,-0.179579412,0.030382141,0.179579412,NA
LOC112043861,talin-1 isoform X1,rhea,7281.387485,0.138857531,0.03040553,-0.138857531,NA
LOC112045928,zinc finger protein 235-like isoform X2,LOC112045928,429.1964392,0.508042608,0.030421637,-0.508042608,NA
LOC112047612,esterase FE4-like,alpha-Est2,518.1475333,0.226233386,0.030519024,-0.226233386,NA
LOC112047276,shootin-1 isoform X4,jvl,718.1664787,0.236948116,0.030537735,-0.236948116,NA
LOC112051045,"ankyrin repeat, SAM and basic leucine zipper domain-containing protein 1",Gasz,522.2733461,-0.292551319,0.030656367,0.292551319,eyespot_down
LOC112053046,ribonuclease kappa-like,RNASEK,2301.605938,0.178732259,0.030656367,-0.178732259,NA
LOC112056125,segmentation protein cap'n'collar-like,LOC112056125,159.9605457,0.383719967,0.030861592,-0.383719967,NA
LOC112050009,serine/threonine-protein kinase Tao isoform X1,Tao,975.4930974,0.251875871,0.0310267,-0.251875871,NA
LOC112055797,arrestin domain-containing protein 17,CG1105,758.749166,0.658643593,0.0310267,-0.658643593,NA
LOC112054455,cysteine dioxygenase type 1,CG5493,115.6075335,-0.828654765,0.031111846,0.828654765,NA
LOC112050559,tumor suppressor candidate 3,Ostgamma,2630.081302,-0.220595459,0.031216158,0.220595459,NA
LOC112051795,HD domain-containing protein 2,CG11050,447.4721245,-0.272018045,0.031247207,0.272018045,NA
LOC112057179,valacyclovir hydrolase,CG5377,36.59611705,1.35624448,0.031271847,-1.35624448,NA
LOC112045691,putative pre-mRNA-splicing factor ATP-dependent RNA helicase PRP1,Dhx15,1942.83598,0.436179733,0.031351374,-0.436179733,NA
LOC112055435,uncharacterized protein LOC112055435,LOC112055435,157.4338362,-9.009504812,0.031407085,9.009504812,NA
LOC112054012,katanin p60 ATPase-containing subunit A1-like isoform X1,kat-60L1,12.39601673,1.788470626,0.031434111,-1.788470626,NA
LOC112058056,membrane-bound transcription factor site-2 protease,S2P,582.2392923,-0.472554191,0.031434111,0.472554191,NA
LOC112049992,transmembrane emp24 domain-containing protein 2,CHOp24,6126.240748,0.218016779,0.031583354,-0.218016779,NA
LOC112053280,guanine nucleotide-binding protein G(o) subunit alpha isoform X1,Galphao,4183.473214,-0.195439585,0.031598406,0.195439585,NA
LOC112042963,angiotensin-converting enzyme-like isoform X1,Ance-3,35.47788051,-1.798491609,0.031654171,1.798491609,NA
LOC112045997,facilitated trehalose transporter Tret1-like isoform X1,CG10960,219.1766806,-0.613268283,0.031689424,0.613268283,NA
LOC112052249,putative Transcription factor Adf-1,LOC112052249,280.2491679,0.294361827,0.031954752,-0.294361827,NA
LOC112048138,uncharacterized protein LOC112048138,LOC112048138,142.6772814,0.786146236,0.031961417,-0.786146236,NA
LOC112057023,uncharacterized protein LOC112057023,LOC112057023,16.07359476,-3.194450183,0.031961417,3.194450183,NA
LOC112044096,tensin-1 isoform X8,by,2220.827437,-0.330017291,0.032021571,0.330017291,NA
LOC112049145,40S ribosomal protein S16,RpS16,34754.86678,0.223688059,0.032021571,-0.223688059,NA
LOC112053393,zinc finger protein 2 homolog,LOC112053393,2019.674534,0.170626036,0.032021571,-0.170626036,NA
LOC112048552,chromatin modification-related protein EAF7-like,LOC112048552,5.12263575,2.52890743,0.032026534,-2.52890743,NA
LOC112051555,CRAL-TRIO domain-containing protein,CG3823,1412.77463,0.753721162,0.032026534,-0.753721162,NA
LOC112053504,uncharacterized protein C1orf131,LOC112053504,1096.544296,-0.455782493,0.032045542,0.455782493,NA
LOC112046460,protein lin-37 homolog,mip40,590.7870952,-0.280218971,0.032072199,0.280218971,NA
LOC112049317,"glutenin, high molecular weight subunit DX5-like",LOC112049317,5686.574791,1.455592435,0.032072199,-1.455592435,NA
LOC112049610,protein artichoke,CG7896,9554.4009,0.246989602,0.032072199,-0.246989602,NA
LOC112045098,cystinosin homolog isoform X1,CG17119,2194.69257,0.443176371,0.032074246,-0.443176371,NA
LOC112048955,importin subunit alpha-7,Kap-alpha1,919.4161106,0.271450542,0.032076425,-0.271450542,NA
LOC112051655,nucleoprotein TPR,Mtor,10405.39005,-0.262788433,0.032076425,0.262788433,NA
LOC112044097,CD109 antigen-like,Tep4,6284.071084,0.634615401,0.032204246,-0.634615401,NA
LOC112052178,UPF0729 protein AAEL015238,CG18508,1195.796532,-0.181192301,0.032204246,0.181192301,NA
LOC112046072,bromodomain-containing protein 4-like isoform X1,LOC112046072,414.2404687,0.330563809,0.03223673,-0.330563809,NA
LOC112045056,uncharacterized protein LOC112045056,LOC112045056,5069.895547,-0.38046444,0.032248787,0.38046444,NA
LOC112053276,trithorax group protein osa,tow,72.73278983,-0.894757188,0.03226711,0.894757188,NA
LOC112058366,"FERM, RhoGEF and pleckstrin domain-containing protein 1-like isoform X1",Cdep,1734.504003,0.290808594,0.032302877,-0.290808594,NA
LOC112052831,60S ribosomal protein L23a,RpL23A,64757.9089,0.183681927,0.032366828,-0.183681927,NA
LOC112056908,toll-interacting protein-like,LOC112056908,242.2971395,0.804837315,0.032429514,-0.804837315,NA
LOC112046129,"cytochrome b-c1 complex subunit 2, mitochondrial-like",LOC112046129,3.914731437,-3.96820117,0.032476364,3.96820117,NA
LOC112058012,trimeric intracellular cation channel type 1B.1,CG4239,63.72891277,0.686445861,0.032528849,-0.686445861,NA
LOC112045230,cardioacceleratory peptide receptor-like,GPRVPR1,45.30356545,-0.714391816,0.032556671,0.714391816,NA
LOC112046457,transmembrane protein 222,CG8372,502.090757,0.275225077,0.032556671,-0.275225077,NA
LOC112050435,autophagy-related protein 13 homolog,Atg13,364.8108946,0.317566117,0.032556671,-0.317566117,NA
LOC112047563,neuroglobin-like,LOC112047563,106.4100586,0.728079317,0.032766926,-0.728079317,NA
LOC112043956,hemocytin,Hml,502.8877026,-0.873933411,0.032875339,0.873933411,NA
LOC112056421,facilitated trehalose transporter Tret1-like isoform X1,Tret1,3104.567143,0.388301712,0.03289388,-0.388301712,NA
LOC112044773,"transmembrane protein 70 homolog, mitochondrial",CG7506,589.4789469,-0.397826751,0.03291506,0.397826751,NA
LOC112050458,4-coumarate--CoA ligase 1-like,pdgy,120.1899589,0.532207066,0.03291506,-0.532207066,NA
LOC112051234,negative elongation factor D,TH1,1405.35731,-0.180728384,0.03291506,0.180728384,NA
LOC112055018,ubiquitin-conjugating enzyme E2 H,UbcE2H,380.4062516,0.411822716,0.03291506,-0.411822716,NA
LOC112057312,fidgetin-like protein 1,Fign,51.96691536,-1.204639033,0.03291506,1.204639033,NA
LOC112058323,uncharacterized protein LOC112058323,LOC112058323,1103.311154,0.229977198,0.03291506,-0.229977198,NA
LOC112048381,NA,NA,105.8327836,1.065841258,0.032920826,-1.065841258,NA
LOC112051221,signal transducer and activator of transcription 5B isoform X1,Stat92E,2202.754947,0.224386038,0.033001386,-0.224386038,eyespot_up
LOC112049741,G2/M phase-specific E3 ubiquitin-protein ligase,pie,17.4785654,2.348080853,0.03300955,-2.348080853,NA
LOC112048173,YLP motif-containing protein 1-like isoform X1,LOC112048173,5354.319549,-0.117442915,0.033209485,0.117442915,NA
LOC112046688,tubulin-specific chaperone cofactor E-like protein,mlt,498.8340966,-0.478322245,0.033220491,0.478322245,NA
LOC112058483,spondin-2-like isoform X1,CG17739,3.126242891,3.511541596,0.033220491,-3.511541596,NA
LOC112046795,neuronal calcium sensor 2,CG7646,105.6508527,-0.625076293,0.03329983,0.625076293,NA
LOC112049930,uncharacterized F-box/LRR-repeat protein C02F5.7-like,LOC112049930,888.5255407,-0.184029063,0.033397099,0.184029063,NA
LOC112051507,mitochondrial carrier homolog 2-like,Mtch,1264.239855,-0.205658111,0.033497726,0.205658111,NA
LOC112051438,cytosolic endo-beta-N-acetylglucosaminidase,CG5613,293.42487,-0.584292853,0.033512025,0.584292853,NA
LOC112048602,protein Tob1,Tob,17.33168372,1.269993345,0.033524321,-1.269993345,NA
LOC112049508,mortality factor 4-like protein 1,MRG15,1770.380793,-0.216541354,0.033524321,0.216541354,NA
LOC112050600,dynactin subunit 5,Dctn5,581.4350678,-0.363056826,0.033600696,0.363056826,NA
LOC112044605,F-actin-capping protein subunit beta,cpb,1896.829483,-0.169472285,0.033716978,0.169472285,NA
LOC112055625,WW domain-containing adapter protein with coiled-coil homolog isoform X1,wcy,961.0093948,-0.342827823,0.033767039,0.342827823,NA
LOC112044795,prolyl 4-hydroxylase subunit alpha-1-like,PH4alphaEFB,1199.467559,0.296878571,0.033787341,-0.296878571,NA
LOC112054307,uncharacterized protein LOC112054307,LOC112054307,18.88018438,2.823305251,0.033787341,-2.823305251,NA
LOC112042941,transmembrane protein 214,CG33129,3904.939726,0.243205248,0.033856815,-0.243205248,NA
LOC112043380,src substrate cortactin,Cortactin,1844.605065,-0.246753187,0.033856815,0.246753187,NA
LOC112048781,zinc finger protein 58-like,LOC112048781,317.5601201,0.389883381,0.03394173,-0.389883381,NA
LOC112048355,thioredoxin domain-containing protein 3 homolog isoform X1,LOC112048355,52.53581273,-1.302390063,0.034021817,1.302390063,NA
LOC112051832,protein FAM177A1,LOC112051832,794.9485718,0.299468031,0.034058351,-0.299468031,NA
LOC112053326,replication factor C subunit 2,RfC4,663.537311,-0.515215227,0.034058351,0.515215227,NA
LOC112051749,tRNA (cytosine(38)-C(5))-methyltransferase,Mt2,146.8059369,-0.66712945,0.034087452,0.66712945,NA
LOC112047247,calcyphosin-like protein isoform X3,CG10126,2177.248254,-0.674321419,0.034238447,0.674321419,NA
LOC112047269,ATP synthase 21 kDa proteolipid subunit,VhaPPA1-1,3463.358428,0.141303893,0.034451539,-0.141303893,NA
LOC112055943,methyltransferase-like protein 6,CG34195,2018.594569,-0.229150938,0.034525927,0.229150938,NA
LOC112055863,huntingtin,LOC112055863,1545.28125,0.691188757,0.034733664,-0.691188757,NA
LOC112053294,E3 ubiquitin-protein ligase Ubr3,Ubr3,2472.405758,-0.338466031,0.034811135,0.338466031,NA
LOC112049029,holotricin-3-like,LOC112049029,14.26126594,3.19018554,0.034820776,-3.19018554,NA
LOC112047609,juvenile hormone esterase-like isoform X1,clt,9263.566098,-0.159593685,0.034855291,0.159593685,NA
LOC112054842,"39S ribosomal protein L32, mitochondrial",mRpL32,694.346632,-0.35384042,0.034983943,0.35384042,NA
LOC112050984,neurexin-4 isoform X1,Nrx-IV,7395.324798,-0.327254975,0.035113299,0.327254975,NA
LOC112054036,leucine-rich repeat protein 1,LOC112054036,429.716422,-0.39224336,0.0352454,0.39224336,NA
LOC112055000,nuclear nucleic acid-binding protein C1D-like,LOC112055000,604.4894293,0.198544325,0.03532153,-0.198544325,NA
LOC112051762,"39S ribosomal protein L14, mitochondrial",mRpL14,1216.24486,-0.284060912,0.035327535,0.284060912,NA
LOC112057399,uncharacterized protein LOC112057399,LOC112057399,207.3925315,1.91778296,0.035327535,-1.91778296,NA
LOC112054394,serine protease snake-like,snk,3355.652695,0.476154274,0.035370825,-0.476154274,eyespot_down
LOC112058419,inter-alpha-trypsin inhibitor heavy chain H4-like,LOC112058419,14981.29271,0.406938347,0.035444747,-0.406938347,NA
LOC112051634,uncharacterized protein LOC112051634,LOC112051634,1200.938578,-0.204260191,0.035522769,0.204260191,NA
LOC112050164,peptidyl-prolyl cis-trans isomerase-like 3,CG11777,485.9903508,-0.274961086,0.035541322,0.274961086,eyespot_up
LOC112051313,C-terminal-binding protein,CtBP,13159.0992,0.153093045,0.035541322,-0.153093045,NA
LOC112043300,multidrug resistance-associated protein 4-like isoform X2,CG5789,3125.807168,0.461501505,0.035585219,-0.461501505,NA
LOC112044946,BAI1-associated protein 3,unc-13-4A,51.7986882,-1.528040075,0.035631962,1.528040075,NA
LOC112045428,coatomer subunit alpha isoform X1,alphaCOP,9235.168809,-0.140135358,0.035872937,0.140135358,NA
LOC112049945,glucosylceramidase-like isoform X2,Gba1b,11.11787107,-1.594367221,0.036022011,1.594367221,NA
LOC112042931,uncharacterized protein LOC112042931,LOC112042931,94.82837316,0.646787959,0.036216755,-0.646787959,NA
LOC112047885,uncharacterized protein LOC112047885 isoform X1,LOC112047885,910.1490267,0.202563143,0.036216755,-0.202563143,NA
LOC112050265,LOW QUALITY PROTEIN: uncharacterized protein LOC112050265,CG2991,727.3016824,0.343319683,0.036288218,-0.343319683,NA
LOC112058615,ankyrin repeat domain-containing protein 50,CG10011,998.6573309,-0.264673555,0.036304512,0.264673555,eyespot_up
LOC112046435,bilin-binding protein-like,LOC112046435,6679.72374,0.632943486,0.036386794,-0.632943486,eyespot_down
LOC112054139,collagen alpha-5(IV) chain-like,LOC112054139,14.54321952,-1.255676902,0.036441893,1.255676902,NA
LOC112050103,kinesin heavy chain,Khc,4523.914364,0.145532736,0.036520799,-0.145532736,NA
LOC112052504,sequestosome-1-like isoform X2,LOC112052504,1925.823002,-0.237634376,0.036558487,0.237634376,NA
LOC112057802,"myosin heavy chain, non-muscle-like",LOC112057802,13.59514832,-1.518766366,0.036625902,1.518766366,NA
LOC112047932,probable RNA polymerase II nuclear localization protein SLC7A6OS,fs(2)ltoPP43,942.0994495,0.216389247,0.03679352,-0.216389247,NA
LOC112049101,NA,NA,63.91635179,0.593342955,0.036825407,-0.593342955,NA
LOC112046270,F-box only protein 32 isoform X2,CG11658,648.3381195,-0.405602622,0.036871336,0.405602622,NA
LOC112048148,"6-phosphogluconate dehydrogenase, decarboxylating",Pgd,5932.158261,0.34961715,0.036871336,-0.34961715,NA
LOC112043478,regulation of enolase protein 1-like,LOC112043478,2.171173234,4.490362207,0.03695125,-4.490362207,NA
LOC112043867,"solute carrier family 2, facilitated glucose transporter member 3-like isoform X1",sut1,1652.332362,0.392543518,0.03695125,-0.392543518,NA
LOC112043953,acyl-CoA Delta(11) desaturase,CG15531,153.8563006,0.820938678,0.03695125,-0.820938678,NA
LOC112053443,proteoglycan 4-like,CG13676,5370.315156,0.446892735,0.03695125,-0.446892735,NA
LOC112053687,amidophosphoribosyltransferase-like isoform X1,Prat,786.1799628,0.298451453,0.036963939,-0.298451453,NA
LOC112055335,protein ALP1-like,LOC112055335,179.9828242,0.421440429,0.037146905,-0.421440429,NA
LOC112045941,protein unc-13 homolog 4B isoform X3,stac,497.1492949,0.484845355,0.037251006,-0.484845355,NA
LOC112052748,leukotriene A-4 hydrolase isoform X2,CG10602,2956.024282,-0.170201375,0.037251006,0.170201375,eyespot_down
LOC112056332,squamous cell carcinoma antigen recognized by T-cells 3,Rnp4F,1150.41117,-0.411261089,0.037304514,0.411261089,NA
LOC112047784,ATP-dependent DNA helicase DDX11,CG11403,227.5399104,-0.439629991,0.037309508,0.439629991,NA
LOC112049088,CCAAT/enhancer-binding protein gamma-like,LOC112049088,1453.884841,-0.162269631,0.037309508,0.162269631,NA
LOC112055835,F-actin-monooxygenase Mical isoform X1,Mical,760.3477291,0.316670216,0.037309508,-0.316670216,NA
LOC112044077,stress-activated protein kinase JNK isoform X1,bsk,3560.947642,-0.12001157,0.037394861,0.12001157,NA
LOC112044788,facilitated trehalose transporter Tret1-like,CG10960,107.323195,0.660212078,0.037394861,-0.660212078,NA
LOC112047741,WASH complex subunit 2,LOC112047741,1218.357952,0.196017245,0.037394861,-0.196017245,NA
LOC112048968,NEDD8-activating enzyme E1 catalytic subunit,Uba3,775.7235789,-0.189548927,0.037394861,0.189548927,NA
LOC112045386,protein Wnt-5b-like,Wnt5,9.680979197,-1.853489476,0.037415451,1.853489476,NA
LOC112056003,zinc finger protein 260-like isoform X2,LOC112056003,315.8171167,0.337650863,0.037499002,-0.337650863,NA
LOC112052583,mitochondrial 2-oxodicarboxylate carrier,CG5254,16.29863162,-1.049831699,0.037554694,1.049831699,NA
LOC112051919,alpha-catulin isoform X2,alpha-Catr,62.97955752,1.068296095,0.037686648,-1.068296095,NA
LOC112054795,ATP-binding cassette sub-family F member 1,CG1703,5349.894332,-0.163226542,0.037686648,0.163226542,NA
LOC112055705,WD repeat-containing protein 91,LOC112055705,2535.298219,0.16699828,0.037686648,-0.16699828,NA
LOC112044527,odorant binding protein,LOC112044527,51.24623334,1.311340741,0.037703355,-1.311340741,NA
LOC112054503,gamma-aminobutyric acid receptor alpha-like,CG8916,27.0941497,1.097334468,0.037707142,-1.097334468,NA
LOC112051190,TRAS3 protein,LOC112051190,2.702302496,4.842853392,0.03771014,-4.842853392,NA
LOC112050147,protein split ends isoform X1,CG43736,1784.39646,0.148191342,0.037845703,-0.148191342,NA
LOC112047579,NCK-interacting protein with SH3 domain,CG2258,227.1673898,-0.596352757,0.037922528,0.596352757,NA
LOC112050279,uncharacterized protein LOC112050279 isoform X3,LOC112050279,562.841399,-0.502166625,0.038023041,0.502166625,NA
LOC112045635,serine/threonine-protein kinase SMG1,nonC,2789.012841,-0.277491244,0.038160407,0.277491244,NA
LOC112047953,sterile alpha motif domain-containing protein 5-like,SKIP,47.38268212,1.482717431,0.038160407,-1.482717431,NA
LOC112044313,E3 ubiquitin-protein ligase synoviolin,sip3,1228.411267,0.23122945,0.038286703,-0.23122945,NA
LOC112053018,coactosin-like protein isoform X1,CG6891,1186.017355,-0.204934562,0.038286703,0.204934562,NA
LOC112044520,GRAM domain-containing protein 1B-like isoform X1,GramD1B,476.9091934,0.286201879,0.038362581,-0.286201879,NA
LOC112051731,chitooligosaccharidolytic beta-N-acetylglucosaminidase,Hexo2,256.2240458,-0.399089474,0.038482482,0.399089474,NA
LOC112043522,probable ATP-dependent RNA helicase DDX28,Dbp21E2,574.5482894,-0.218335753,0.038624774,0.218335753,NA
LOC112051920,regulator of microtubule dynamics protein 1-like,LOC112051920,244.9683749,-0.388210173,0.038624774,0.388210173,NA
LOC112055660,NA,NA,6.676015813,2.26355294,0.038624774,-2.26355294,NA
LOC112051653,ATP-dependent DNA helicase Q4,RecQ4,797.6127254,-0.570282679,0.038835655,0.570282679,NA
LOC112058047,"dynein heavy chain 10, axonemal",Dhc98D,11.23854132,2.368596204,0.038835655,-2.368596204,NA
LOC112045787,esterase FE4-like,CG10175,4.445861297,-3.121265273,0.038893322,3.121265273,eyespot_down
LOC112048726,60S ribosomal protein L27a,RpL27A,49307.6189,0.264525192,0.038893322,-0.264525192,NA
LOC112045073,dnaJ homolog dnj-5,CG14650,984.865996,0.178246309,0.038966475,-0.178246309,NA
LOC112050602,NA,NA,185.1306881,-0.363976094,0.038993856,0.363976094,NA
LOC112046161,uncharacterized protein LOC112046161,LOC112046161,590.4476023,0.741057855,0.039022777,-0.741057855,NA
LOC112044661,60S ribosomal protein L17,RpL17,45170.87386,0.209558967,0.039056906,-0.209558967,NA
LOC112053770,zinc finger protein 782-like,LOC112053770,428.0430513,0.334909918,0.039189253,-0.334909918,NA
LOC112051120,dipeptidyl peptidase 9 isoform X1,CG3744,1457.164887,0.225520832,0.039268108,-0.225520832,NA
LOC112052233,pre-mRNA-splicing factor CWC25 homolog,Cwc25,1065.593033,-0.216626041,0.039306504,0.216626041,NA
LOC112053989,probable small nuclear ribonucleoprotein G,SmG,6404.62549,-0.322928308,0.039308232,0.322928308,NA
LOC112055730,mediator of DNA damage checkpoint protein 1-like isoform X3,zye,345.088976,0.768110883,0.039379388,-0.768110883,NA
LOC112055418,torsin-like protein,Torsin,656.9708637,0.461329539,0.039450902,-0.461329539,NA
LOC112042851,uncharacterized protein LOC112042851,LOC112042851,16.78050016,-1.803302355,0.039618634,1.803302355,NA
LOC112055447,SLIT-ROBO Rho GTPase-activating protein 1,LOC112055447,819.1422719,0.355116073,0.039637192,-0.355116073,NA
LOC112049393,dnaJ homolog subfamily C member 25 homolog,CG7872,1264.366503,0.174787526,0.039717134,-0.174787526,NA
LOC112047350,serine/arginine repetitive matrix protein 1 isoform X1,chas,4684.399594,-0.18273761,0.039789245,0.18273761,eyespot_down
LOC112050934,kinesin-like protein KIF3A isoform X1,kinesin-2B,193.4315281,-0.60604179,0.039803527,0.60604179,NA
LOC112054153,gastrula zinc finger protein XlCGF49.1-like,LOC112054153,130.5680794,0.483078095,0.039803527,-0.483078095,NA
LOC112045868,deformed epidermal autoregulatory factor 1 isoform X2,Deaf1,523.7730827,0.228623627,0.039889617,-0.228623627,NA
LOC112046522,uncharacterized protein LOC112046522 isoform X3,LOC112046522,107.450133,0.45100783,0.039889617,-0.45100783,NA
LOC112052746,protein PRRC1-like,LOC112052746,1555.888492,-0.279774261,0.039889617,0.279774261,NA
LOC112052873,RNA exonuclease 4-like,CG6833,298.936747,1.051191337,0.039889617,-1.051191337,NA
LOC112054891,lysozyme-like,LOC112054891,116.3475232,1.186291896,0.039889617,-1.186291896,eyespot_down
LOC112053795,extensin-like isoform X5,LOC112053795,193.4921594,0.611080431,0.040023704,-0.611080431,NA
LOC112045371,CDK-activating kinase assembly factor MAT1,Mat1,264.6658663,0.267187918,0.040127697,-0.267187918,NA
LOC112052211,Rap1 GTPase-activating protein 1,rad,9.53815992,-5.993383232,0.040127697,5.993383232,NA
LOC112058308,"L-threonine 3-dehydrogenase, mitochondrial",CG5955,454.22787,0.583974273,0.040202941,-0.583974273,NA
LOC112054806,zinc finger protein GLIS2-like,sug,21.1435066,1.236078147,0.040286466,-1.236078147,NA
LOC112044596,2-phosphoxylose phosphatase 1,CG15385,183.7431661,0.381698764,0.040302892,-0.381698764,NA
LOC112043153,puromycin-sensitive aminopeptidase,Psa,2488.839979,0.265149849,0.040341487,-0.265149849,NA
LOC112052726,pre-mRNA-processing factor 19,Prp19,1681.187233,-0.288458735,0.040341487,0.288458735,NA
LOC112053680,SH3 domain-containing RING finger protein 3 isoform X1,POSH,824.3188439,-0.339621721,0.040341487,0.339621721,NA
LOC112047557,"fumarate hydratase, mitochondrial-like isoform X1",Fum2,3371.102217,-0.329007773,0.040378903,0.329007773,NA
LOC112057191,maternal protein tudor-like isoform X2,tud,211.4532083,0.420610276,0.040378903,-0.420610276,NA
LOC112045476,cuticle protein-like,CG34461,5.974084875,1.899000558,0.040535565,-1.899000558,NA
LOC112058620,mitogen-activated protein kinase-binding protein 1 isoform X1,Wdr62,2042.688231,0.246552592,0.040568582,-0.246552592,eyespot_down
LOC112054194,---NA---,LOC112054194,4.057158683,4.671042053,0.040650764,-4.671042053,NA
LOC112051053,E3 ubiquitin-protein ligase CBL-B-B isoform X1,Cbl,437.0572747,0.23654326,0.040934199,-0.23654326,NA
LOC112044542,gustatory receptor 27,LOC112044542,11.02619177,-6.942083319,0.041047291,6.942083319,NA
LOC112058510,small G protein signaling modulator 3 homolog,CG12241,931.6145943,-0.204706377,0.041047291,0.204706377,NA
LOC112058264,protein phosphatase 1L,CG7115,531.5953908,0.242209698,0.041065332,-0.242209698,NA
LOC112058408,"aspartate aminotransferase, cytoplasmic",Got1,5349.478359,0.299491969,0.041065332,-0.299491969,eyespot_up
LOC112045924,uncharacterized protein KIAA2013 homolog,CG7289,1154.179067,0.264732187,0.04119646,-0.264732187,NA
LOC112045440,toll-like receptor 7,Toll-7,1050.34461,0.41616414,0.041234329,-0.41616414,eyespot_up
LOC112047525,keratin-associated protein 10-1 isoform X2,LOC112047525,8.896839844,-1.790803317,0.041367632,1.790803317,NA
LOC112044140,molybdenum cofactor biosynthesis protein 1,Mocs1,1310.690841,-0.816439101,0.041383089,0.816439101,NA
LOC112043769,"probable 3-hydroxyisobutyrate dehydrogenase, mitochondrial",CG15093,3453.725922,-0.33362589,0.041480801,0.33362589,eyespot_down
LOC112050875,sentrin-specific protease 1-like,CG32110,1215.717642,-0.180909924,0.04150012,0.180909924,NA
LOC112054181,golgin subfamily A member 4 isoform X3,CG18304,310.4756403,0.719637865,0.041528438,-0.719637865,NA
LOC112054787,"Signal peptide, CUB and EGF-like domain-containing protein 2",LOC112054787,164.4853144,-0.589589671,0.041660257,0.589589671,NA
LOC112052277,zinc finger CCHC domain-containing protein 9-like,LOC112052277,3381.626809,-0.142393883,0.041743468,0.142393883,NA
LOC112044505,serine/threonine-protein phosphatase 6 regulatory subunit 3,fmt,684.7020573,-0.326332067,0.041878941,0.326332067,NA
LOC112057302,GPI ethanolamine phosphate transferase 1,PIG-N,250.1953932,-0.709382291,0.041893087,0.709382291,NA
LOC112055491,methyl-CpG-binding domain protein 3 isoform X1,MBD-like,1469.615869,-0.211186133,0.042133687,0.211186133,NA
LOC112050510,cryptochrome-1,cry,119.9568129,-0.625568101,0.04228123,0.625568101,NA
LOC112058174,cuticle protein 8-like,CG34461,36.09893221,1.50550637,0.042311791,-1.50550637,NA
LOC112042904,uncharacterized protein LOC112042904,LOC112042904,1924.365954,0.277672837,0.042316542,-0.277672837,NA
LOC112045533,alpha-mannosidase 2-like,alpha-Man-IIb,3.80046093,-3.765919029,0.042316542,3.765919029,NA
LOC112050111,probable serine hydrolase,CG7632,7.182708156,2.40473233,0.042337198,-2.40473233,NA
LOC112048143,kinetochore protein Spc25-like,LOC112048143,380.46895,-0.778469186,0.042419655,0.778469186,NA
LOC112050530,protein ZDS2,LOC112050530,814.6667789,-1.534854246,0.042437919,1.534854246,NA
LOC112048884,splicing factor 3B subunit 4,Spx,2203.350641,0.133575626,0.042515816,-0.133575626,NA
LOC112051258,60S ribosomal protein L19,RpL19,52339.79784,0.178982446,0.042530375,-0.178982446,NA
LOC112054685,jmjC domain-containing protein 7,JMJD7,182.3593863,0.838619312,0.042636042,-0.838619312,NA
LOC112057753,tetraspanin-5 isoform X2,Tsp26A,4158.321187,0.188095247,0.042642022,-0.188095247,NA
LOC112051364,NA,NA,8709.048494,0.33884919,0.042667536,-0.33884919,NA
LOC112058155,protein misato,mst,963.042298,-0.272945532,0.042701273,0.272945532,NA
LOC112056832,uncharacterized protein LOC112056832,LOC112056832,235.6072104,0.302489968,0.042731436,-0.302489968,NA
LOC112045455,UDP-N-acetylglucosamine--peptide N-acetylglucosaminyltransferase 110 kDa subunit isoform X1,sxc,2696.907728,-0.146361356,0.042757169,0.146361356,NA
LOC112046854,activating signal cointegrator 1 complex subunit 3,obe,2488.342628,0.139847008,0.042878088,-0.139847008,NA
LOC112047204,transforming acidic coiled-coil-containing protein 3-like,LOC112047204,1938.073526,0.154707251,0.042925387,-0.154707251,NA
LOC112056196,zinc finger protein rotund-like,rn,3879.881403,-0.16920662,0.042984367,0.16920662,NA
LOC112053133,alpha-tocopherol transfer protein-like,LOC112053133,6.110606856,2.199720036,0.042984649,-2.199720036,NA
LOC112045525,Y+L amino acid transporter 2,gb,331.3841785,-0.861755398,0.043007634,0.861755398,NA
LOC112052203,ufm1-specific protease 2,CG16979,2061.330228,-0.189160448,0.043007634,0.189160448,NA
LOC112047788,SET and MYND domain-containing protein 4-like,Smyd4-3,467.0135546,0.287031986,0.043064034,-0.287031986,NA
LOC112056868,ATP-dependent RNA helicase DHX8,pea,971.2100942,0.22614485,0.043064034,-0.22614485,NA
LOC112051811,ATPase family AAA domain-containing protein 3A homolog,bor,1061.32031,-0.308466902,0.043075791,0.308466902,NA
LOC112053130,apyrase-like,CG42249,11.49939735,1.353500334,0.043153082,-1.353500334,NA
LOC112048460,uncharacterized protein LOC112048460,qsm,16614.97454,0.279576037,0.043192692,-0.279576037,NA
LOC112052580,"thioredoxin, mitochondrial",CG3719,358.7403152,0.540003719,0.043355105,-0.540003719,NA
LOC112046747,proton-coupled folate transporter-like,CG30344,39.37506532,-1.422099855,0.043658115,1.422099855,NA
LOC112051035,RWD domain-containing protein 2A,CG30338,266.8141272,0.30961189,0.043658115,-0.30961189,NA
LOC112058589,alpha N-terminal protein methyltransferase 1-like,Ntmt,719.6782812,0.403368255,0.043658115,-0.403368255,NA
LOC112055996,nuclear transcription factor Y subunit gamma-like isoform X2,Nf-YC,630.7111603,0.212267494,0.043761639,-0.212267494,NA
LOC112043212,protein croquemort-like isoform X1,crq,52.24622373,-1.536395884,0.043772525,1.536395884,eyespot_up
LOC112043154,F-box/LRR-repeat protein 16,CG32085,89.88034303,-0.492810261,0.043905733,0.492810261,NA
LOC112055140,dynactin subunit 1,Dctn1,677.7062964,0.226611494,0.043905733,-0.226611494,NA
LOC112051100,probable palmitoyltransferase ZDHHC24,CG4676,569.5485682,-0.236658703,0.043961344,0.236658703,NA
LOC112051127,gastrula zinc finger protein XlCGF26.1-like,LOC112051127,606.3935297,0.624888773,0.043961344,-0.624888773,NA
LOC112056638,cathepsin O-like,LOC112056638,2149.85199,0.481751617,0.043996699,-0.481751617,NA
LOC112049761,cytochrome b5-related protein-like,CG17928,36.26608408,1.712566484,0.044085786,-1.712566484,NA
LOC112043793,prominin-like protein isoform X2,LOC112043793,912.3248917,0.311366431,0.044251302,-0.311366431,NA
LOC112043812,NADH dehydrogenase [ubiquinone] 1 beta subcomplex subunit 1,LOC112043812,1591.092605,0.282585354,0.044300861,-0.282585354,NA
LOC112055176,DNA-directed RNA polymerase II subunit RPB9,RpII15,669.1345508,-0.30157908,0.044300861,0.30157908,NA
LOC112043550,T-box transcription factor TBX6-like,Doc2,231.6111592,-0.283500827,0.044390546,0.283500827,NA
LOC112047634,retinoblastoma-binding protein 5 homolog,Rbbp5,1460.431394,-0.267531695,0.044390546,0.267531695,NA
LOC112053735,ubiquitin carboxyl-terminal hydrolase isozyme L3,Uch,2295.037062,0.694631638,0.044453165,-0.694631638,NA
LOC112057829,RNA-directed DNA polymerase from mobile element jockey-like,LOC112057829,2.453666345,-4.727501595,0.044526961,4.727501595,NA
LOC112044299,lipopolysaccharide-induced tumor necrosis factor-alpha factor homolog,CG13510,2693.374831,0.27978786,0.044589716,-0.27978786,NA
LOC112056066,ubiquitin-like protein 5,ubl,667.1440308,-0.293762917,0.044653791,0.293762917,NA
LOC112044361,ras-related protein Rab-8A isoform X2,Rab8,2850.6655,-0.162340879,0.044826091,0.162340879,NA
LOC112058418,inter-alpha-trypsin inhibitor heavy chain H4-like,LOC112058418,6752.399344,1.351153959,0.044877137,-1.351153959,eyespot_down
LOC112046605,"39S ribosomal protein L51, mitochondrial",mRpL51,984.821296,-0.233967401,0.045432752,0.233967401,NA
LOC112048061,Zinc finger matrin-type protein 2,LOC112048061,6.928066051,2.131294822,0.04546412,-2.131294822,NA
LOC112048960,Cytokine receptor,DOME,109.582285,0.931141354,0.045499579,-0.931141354,NA
LOC112047927,zinc finger protein 569-like,wdn,929.554637,0.369285513,0.045501306,-0.369285513,NA
LOC112057288,tyrosine-protein kinase Abl,Abl,750.5775302,-0.377206578,0.045584024,0.377206578,NA
LOC112048469,putative oxidoreductase GLYR1 homolog isoform X1,Ndf,4047.930822,-0.149189134,0.045774498,0.149189134,NA
LOC112051315,macrophage erythroblast attacher,CG31357,437.3402211,-0.336509582,0.045807776,0.336509582,NA
LOC112049554,uncharacterized protein LOC112049554,LOC112049554,1317.45258,0.384670851,0.045854618,-0.384670851,NA
LOC112057744,cuticular protein glycine-rich 21 precursor,LOC112057744,251.8023983,-0.728624575,0.046023706,0.728624575,NA
LOC112042902,tyrosine-protein phosphatase corkscrew-like,csw,266.502354,-0.636038259,0.046282034,0.636038259,NA
LOC112045149,ubiquitin-conjugating enzyme E2 R2,CG7656,819.4109563,0.275611253,0.046675801,-0.275611253,NA
LOC112042937,venom carboxylesterase-6-like,CG10175,1744.033799,-0.670547182,0.04668664,0.670547182,eyespot_down
LOC112054260,uncharacterized protein LOC112054260,pxb,1973.768007,-0.220199285,0.04668664,0.220199285,NA
LOC112053594,TIMELESS-interacting protein,LOC112053594,1293.112961,0.139010857,0.046785196,-0.139010857,NA
LOC112048597,"steroid receptor seven-up, isoforms B/C",SVP,103.7773156,0.512033401,0.046794268,-0.512033401,NA
LOC112051624,GPN-loop GTPase 3,CG2656,665.0448431,-0.28066689,0.046845075,0.28066689,NA
LOC112052992,metaxin-2-like isoform X1,CG8004,1094.962775,-0.414764757,0.046846912,0.414764757,NA
LOC112046908,carboxylesterase 1C-like,CG4382,21.47084106,2.172430653,0.046977446,-2.172430653,NA
LOC112046822,E3 ubiquitin-protein ligase RNF115,Iru,688.9482441,0.212845419,0.046995874,-0.212845419,eyespot_up
LOC112054780,Endoplasmic reticulum metallopeptidase 1,LOC112054780,86.84651942,1.536238056,0.047023548,-1.536238056,NA
LOC112054852,MATH and LRR domain-containing protein PFE0570w-like,CG34398,4286.161142,0.233665928,0.047042857,-0.233665928,NA
LOC112050580,"solute carrier family 2, facilitated glucose transporter member 8-like",CG33281,1043.724627,-0.234985181,0.047116571,0.234985181,NA
LOC112052095,protein hook,hk,973.7236907,-0.185764875,0.047425053,0.185764875,NA
LOC112054546,tubulin polyglutamylase TTLL5 isoform X1,TTLL5,779.4878185,1.675290352,0.047425053,-1.675290352,NA
LOC112044714,glucose-fructose oxidoreductase domain-containing protein 1,CG17712,592.7803046,-0.248079305,0.047491355,0.248079305,NA
LOC112051565,clathrin heavy chain,Chc,163.2870577,0.855107513,0.047545321,-0.855107513,NA
LOC112053663,phosphoserine phosphatase isoform X2,aay,736.7578578,-0.299404356,0.047545321,0.299404356,NA
LOC112043199,"histidine--tRNA ligase, cytoplasmic isoform X1",HisRS,2169.738263,-0.135224998,0.047574963,0.135224998,NA
LOC112057803,polypeptide N-acetylgalactosaminyltransferase 35A-like isoform X1,Pgant35A,703.904731,0.322282029,0.047581718,-0.322282029,NA
LOC112049261,vacuolar protein sorting-associated protein 13B,LOC112049261,185.9361633,0.385826051,0.047837537,-0.385826051,NA
LOC112056138,transcriptional adapter 1-like,Ada1-2,98.33268705,-2.496500361,0.047837537,2.496500361,NA
LOC112051191,calpain-A-like isoform X4,CalpA,4143.137673,0.138643737,0.047855701,-0.138643737,NA
LOC112043136,zinc finger CCCH domain-containing protein 18 isoform X2,CG1677,2196.123558,0.209545522,0.047976616,-0.209545522,eyespot_up
LOC112054184,sialic acid synthase,NANS,6832.005198,0.233761054,0.048211174,-0.233761054,NA
LOC112058092,zinc finger protein 271-like,LOC112058092,571.4662319,0.236410849,0.048211174,-0.236410849,NA
LOC112048920,alpha-tocopherol transfer protein-like,LOC112048920,72.67817216,0.584877732,0.048226155,-0.584877732,NA
LOC112056223,uncharacterized protein LOC112056223,LOC112056223,929.4946386,-0.605745205,0.048230068,0.605745205,NA
LOC112046084,homeobox protein SIX2-like,so,48.52941255,0.602473615,0.048313823,-0.602473615,NA
LOC112047487,adenosylhomocysteinase,Ahcy,12410.98332,-0.146565362,0.048313823,0.146565362,eyespot_down
LOC112051161,histone-lysine N-methyltransferase trithorax,trx,4850.448352,-0.234574631,0.048313823,0.234574631,eyespot_up
LOC112051744,SPARC-related modular calcium-binding protein 1 isoform X1,magu,782.1007063,-0.354328134,0.048313823,0.354328134,NA
LOC112052679,"iron-sulfur cluster co-chaperone protein HscB, mitochondrial",Hsc20,170.306673,0.365840759,0.048313823,-0.365840759,NA
LOC112052852,uncharacterized protein LOC112052852 isoform X3,CG3955,7.359482083,-1.716675075,0.048313823,1.716675075,NA
LOC112053879,transcription initiation factor IIB,TfIIB,834.0606559,0.524322634,0.048313823,-0.524322634,NA
LOC112055549,proline-rich protein 2-like,CG10555,1272.567109,0.160427595,0.048313823,-0.160427595,NA
LOC112044073,transcription initiation factor TFIID subunit 9,e(y)1,809.3331576,0.192507346,0.048366723,-0.192507346,NA
LOC112043029,proteasomal ubiquitin receptor ADRM1 isoform X1,Rpn13,2983.655381,-0.136412439,0.048526776,0.136412439,NA
LOC112050878,voltage-dependent L-type calcium channel subunit beta-4 isoform X5,Ca-beta,81.04180745,0.487122041,0.04881176,-0.487122041,NA
LOC112042909,40S ribosomal protein S8,RpS8,60638.43284,0.1993085,0.049156302,-0.1993085,NA
LOC112058278,plexin-B,PlexB,2256.83865,0.179576128,0.049156302,-0.179576128,NA
LOC112047148,ATP-dependent DNA helicase,LOC112047148,39.90079031,-1.195691633,0.049368101,1.195691633,NA
LOC112047161,cyclin-dependent kinases regulatory subunit,Cks30A,2200.242431,-0.422122713,0.049368101,0.422122713,NA
LOC112050604,NA,NA,60.77813765,-0.705794031,0.049368101,0.705794031,NA
LOC112043679,thioredoxin domain-containing protein 17-like,cl,1565.554506,-0.171800597,0.049379743,0.171800597,NA
LOC112048290,eukaryotic translation initiation factor 4E-binding protein Mextli isoform X1,mxt,1505.48611,0.308294732,0.049446934,-0.308294732,eyespot_up
LOC112051817,"ATP-binding cassette sub-family B member 6, mitochondrial",Hmt-1,634.0365129,-0.35862803,0.049446934,0.35862803,NA
LOC112051363,NA,NA,2437.250732,0.378292826,0.049476538,-0.378292826,NA
LOC112045307,protein wntless,wls,3510.762626,-0.220974398,0.049548274,0.220974398,NA
LOC112043990,DNA-directed RNA polymerase I subunit RPA2,RpI135,3352.47826,-0.172735913,0.049601929,0.172735913,NA
LOC112051572,protein CDV3 homolog,CG3760,2334.425042,0.166253645,0.049697212,-0.166253645,NA
LOC112043317,uncharacterized protein LOC112043317,LOC112043317,617.0513436,0.217054735,0.049706954,-0.217054735,NA
LOC112043417,putative pipsqueak,psq,51.78451806,-0.752427275,0.049714126,0.752427275,NA
LOC112045338,KPJ15623.1 Pleckstrin-likey domain-containing family M member 2,prd1,219.3186707,0.440194041,0.049714126,-0.440194041,NA
LOC112048262,protein-glutamate O-methyltransferase-like isoform X1,CG11474,1514.561812,-0.408345309,0.049714126,0.408345309,NA
LOC112050307,ROT69648.1 putative inosine-uridine preferring nucleoside hydrolase-like isoform X1,LOC112050307,85.08720999,0.477408912,0.049714126,-0.477408912,NA
LOC112050829,"methionyl-tRNA formyltransferase, mitochondrial",CG1750,367.825897,0.263547895,0.049714126,-0.263547895,NA
LOC112052562,glycerol kinase-like,Gk1,315.1047914,-0.386679085,0.049738728,0.386679085,NA
LOC112052138,glycogen-binding subunit 76A isoform X1,Gbs-76A,266.4471035,-1.381627107,0.049764265,1.381627107,NA
LOC112045177,proton-coupled folate transporter-like,mfs1,2.252622258,3.756226323,0.049894178,-3.756226323,NA
LOC112049361,tigger transposable element-derived protein 6-like,LOC112049361,32.91976176,-1.643838924,0.049908927,1.643838924,NA
LOC112055013,gamma-aminobutyric acid type B receptor subunit 2 isoform X1,GABA-B-R2,12.97283374,2.063126092,0.049908927,-2.063126092,NA
LOC112056516,intracellular protein transport protein USO1-like,LOC112056516,56.40950661,-0.699154627,0.049931184,0.699154627,NA
LOC112045850,"pyruvate dehydrogenase phosphatase regulatory subunit, mitochondrial",CG3626,564.1765775,-0.218675517,0.049933498,0.218675517,NA