Gene,Description,Symbol,MeanExpression,log2FoldChange(WS/DS),padj,log2FC
LOC112042915,alpha-tocopherol transfer protein-like,Cralbp,15042.27959,11.41929431,0,-11.41929431
LOC112043098,organic cation transporter protein isoform X2,CG6126,12738.78723,4.488339783,0,-4.488339783
LOC112043295,uncharacterized protein LOC112043295,LOC112043295,19425.13253,-10.81734363,0,10.81734363
LOC112043682,myosin-2 essential light chain isoform X1,Mlc-c,56443.77718,3.929623709,0,-3.929623709
LOC112043847,transcription factor SOX-11 isoform X1,CG32694,27598.63751,8.216074676,0,-8.216074676
LOC112043849,uncharacterized protein LOC112043849,CG43386,14439.55593,9.82899236,0,-9.82899236
LOC112044491,thymosin beta isoform X3,cib,53272.47086,3.136139188,0,-3.136139188
LOC112044986,seminal fluid protein CSSFP033,CLIPA10,17272.835,10.66738837,0,-10.66738837
LOC112044991,cuticle protein 16.5-like,LOC112044991,13887.08067,8.405384372,0,-8.405384372
LOC112046332,alpha-tocopherol transfer protein-like,Cralbp,20802.38375,11.72989691,0,-11.72989691
LOC112046462,broad-complex core protein isoforms 1/2/3/4/5 isoform X1,Br-c,6879.456004,7.153961406,0,-7.153961406
LOC112046562,"myosin heavy chain, non-muscle isoform X1",Mhc2,103092.8754,3.822689364,0,-3.822689364
LOC112046992,uncharacterized protein LOC112046992,LOC112046992,126826.0965,12.46018338,0,-12.46018338
LOC112046993,larval/pupal cuticle protein H1C-like,LOC112046993,131589.5733,13.46878788,0,-13.46878788
LOC112046994,repetitive proline-rich cell wall protein 1-like,LOC112046994,4419.407918,8.142451446,0,-8.142451446
LOC112047647,golgin subfamily A member 6-like protein 22,CG12164,13308.40117,10.7968506,0,-10.7968506
LOC112047818,larval cuticle protein LCP-17-like,Cpr49Aa,221030.673,14.31028937,0,-14.31028937
LOC112048323,pupal cuticle protein C1B-like,LOC112048323,205623.3715,11.80475196,0,-11.80475196
LOC112048355,thioredoxin domain-containing protein 3 homolog isoform X1,LOC112048355,12656.31454,5.270760505,0,-5.270760505
LOC112048643,proton-coupled amino acid transporter-like protein pathetic,CG8785,4574.800966,7.101640694,0,-7.101640694
LOC112048759,uncharacterized LOC106124634 precursor,CG31997,56162.75195,8.57809012,0,-8.57809012
LOC112048921,alpha-tocopherol transfer protein-like,CG2663,12215.89332,7.45877191,0,-7.45877191
LOC112049146,NA,NA,29566.75137,-10.84329724,0,10.84329724
LOC112049203,endocuticle structural glycoprotein SgAbd-8-like,Cpr49Aa,45759.76967,11.94389823,0,-11.94389823
LOC112049284,larval cuticle protein LCP-17-like,Cpr49Aa,35758.05889,11.36973116,0,-11.36973116
LOC112049503,tropomyosin-2 isoform X12,Tm1,148865.9213,4.017344772,0,-4.017344772
LOC112049614,endocuticle structural glycoprotein SgAbd-8-like,Cpr49Ah,272336.0603,15.35810097,0,-15.35810097
LOC112049779,endocuticle structural glycoprotein SgAbd-2-like,CPR32,86184.97736,10.81091196,0,-10.81091196
LOC112050065,skin secretory protein xP2-like,LOC112050065,68181.22321,13.52974399,0,-13.52974399
LOC112051535,A disintegrin and metalloproteinase with thrombospondin motifs 1 isoform X2,sona,9923.408857,6.042888603,0,-6.042888603
LOC112051954,shootin-1-like,LOC112051954,3497.981305,3.776816062,0,-3.776816062
LOC112052777,versican core protein,tnc,78061.15853,-9.421663426,0,9.421663426
LOC112053886,titin isoform X4,CG34417,269094.6553,5.243780669,0,-5.243780669
LOC112054167,alpha-tocopherol transfer protein-like,CG3823,3614.967792,8.725138096,0,-8.725138096
LOC112055327,protein obstructor-E isoform X2,Gasp,137566.2481,5.915483106,0,-5.915483106
LOC112055330,protein obstructor-E,Cpap3-d1,5279.784114,9.217118982,0,-9.217118982
LOC112055730,mediator of DNA damage checkpoint protein 1-like isoform X3,zye,68023.81627,9.630377605,0,-9.630377605
LOC112056414,tubulin alpha chain,alphaTub84B,563598.1781,3.155354253,0,-3.155354253
LOC112058174,cuticle protein 8-like,CG34461,375090.9983,15.40608964,0,-15.40608964
LOC112058207,cuticle protein-like,Cpr62Bc,87682.95063,13.72191469,0,-13.72191469
LOC112058208,cuticle protein-like,Cpr62Bc,35905.89372,13.20958339,0,-13.20958339
LOC112058551,chitin deacetylase 1,serp,90549.93359,3.756252242,0,-3.756252242
LOC112046512,putative K06A9.1b,LOC112046512,41044.85465,13.85191425,2.24E-305,-13.85191425
LOC112047983,fatty acid-binding protein-like,LOC112047983,14562.7765,8.114585733,2.30E-305,-8.114585733
LOC112044990,cyclin-dependent kinase inhibitor 1C-like,LOC112044990,12315.11673,10.46975671,5.98E-303,-10.46975671
LOC112058176,cuticle protein 19-like,Cpr62Bc,68739.36311,15.00056324,6.14E-303,-15.00056324
LOC112043038,serine protease P54,CG7432,4016.820089,-8.373339421,8.53E-303,8.373339421
LOC112054273,activating signal cointegrator 1 complex subunit 2 homolog,Cpr97Eb,8135.294942,6.591128967,4.68E-302,-6.591128967
LOC112052933,retinol dehydrogenase 11-like,CG2064,1931.958898,5.346971931,5.65E-297,-5.346971931
LOC112054025,A disintegrin and metalloproteinase with thrombospondin motifs 7,AdamTS-B,37389.63748,4.805531933,1.16E-296,-4.805531933
LOC112056445,transcriptional regulator ovo-like isoform X2,ovo,3478.92469,-4.693542788,1.81E-294,4.693542788
LOC112047998,uncharacterized protein LOC112047998,CG17786,10024.68158,4.071819864,5.06E-294,-4.071819864
LOC112042807,protein takeout-like,CG10407,25888.53699,9.544000943,6.29E-276,-9.544000943
LOC112043848,serine/arginine repetitive matrix protein 1-like,LOC112043848,8923.295485,9.043828644,2.25E-270,-9.043828644
LOC112048342,esterase FE4-like,CG10175,3199.770587,8.805662423,2.70E-266,-8.805662423
LOC112050314,larval cuticle protein A2B-like,Ccp84Ad,25314.74661,11.16479028,3.28E-262,-11.16479028
LOC112046067,nephrin isoform X1,sns,5493.61702,-4.898828379,7.50E-261,4.898828379
LOC112046247,mushroom body large-type Kenyon cell-specific protein 1 isoform X1,Eip93F,2087.94161,-5.662510084,1.79E-260,5.662510084
LOC112057294,"aldehyde dehydrogenase, dimeric NADP-preferring isoform X2",Aldh-III,6042.634345,3.143354764,1.66E-251,-3.143354764
LOC112057995,"2-amino-3-ketobutyrate coenzyme A ligase, mitochondrial",Amyrel,7491.963867,3.051539646,6.61E-251,-3.051539646
LOC112048767,glycine-rich cell wall structural protein,TwdlT,62730.85567,13.1594839,3.31E-249,-13.1594839
LOC112044333,venom carboxylesterase-6,CG10175,7697.952182,7.927381973,6.97E-249,-7.927381973
LOC112047975,OWR53088.1 putative cuticle protein,CG12540,11289.12802,-8.705917938,1.75E-247,8.705917938
LOC112052601,Kielin/chordin-like protein,CG31869,22286.23277,-5.070080379,1.36E-246,5.070080379
LOC112055790,Pancreatic lipase-related protein 1,CG6847,4222.940452,4.371654816,6.08E-244,-4.371654816
LOC112053115,laccase-5 precursor,Lac2,4830.687799,5.211628362,1.46E-235,-5.211628362
LOC112042829,protein takeout-like,CG10407,11320.496,12.13237914,9.74E-234,-12.13237914
LOC112045222,cuticle protein 19.8 isoform X2,Cpr66D,31323.94647,13.65788507,1.69E-232,-13.65788507
LOC112050758,cathepsin O-like,Cp1,2687.493195,4.214843071,2.91E-230,-4.214843071
LOC112058270,AIR96004.1 lectin3,CTLGA3,58970.4716,8.889806864,7.16E-230,-8.889806864
LOC112044074,bone morphogenetic protein receptor type-1B isoform X1,tkv,10141.9323,-2.453816359,1.32E-229,2.453816359
LOC112053106,protein claret segregational,kinesin-14,1831.477494,-6.38612434,2.86E-229,6.38612434
LOC112049107,anillin isoform X1,scra,2514.160486,-3.727203058,6.98E-227,3.727203058
LOC112053961,tubulin beta-1 chain,betaTub56D,225947.6864,2.846850224,1.00E-226,-2.846850224
LOC112043935,protein turtle isoform X1,tutl,1974.353657,-2.868476707,4.43E-223,2.868476707
LOC112055826,uncharacterized protein LOC112055826 isoform X3,nw,40276.83375,-10.21809012,1.14E-222,10.21809012
LOC112042790,putative fatty acyl-CoA reductase CG5065,CG12268,9371.495592,10.78386149,1.04E-220,-10.78386149
LOC112051777,uncharacterized protein LOC112051777,tyn,4653.204742,-9.097335311,5.70E-219,9.097335311
LOC112049537,protein abnormal spindle,asp,1706.523579,-5.069673364,1.21E-216,5.069673364
LOC112045359,MOXD1 homolog 1-like,CG5235,2789.105158,-3.97787727,3.39E-212,3.97787727
LOC112053778,3-hydroxy-3-methylglutaryl-coenzyme A reductase,Hmgcr,6565.956625,3.878046378,8.01E-206,-3.878046378
LOC112042904,uncharacterized protein LOC112042904,LOC112042904,3144.262203,3.314835412,1.33E-205,-3.314835412
LOC112048631,GAS2-like protein pickled eggs,pigs,3753.719352,4.462938889,1.98E-205,-4.462938889
LOC112054163,NA,NA,74655.07513,15.71350243,1.78E-202,-15.71350243
LOC112052632,skin secretory protein xP2-like,Vajk3,63329.01931,8.132470432,5.76E-198,-8.132470432
LOC112044827,J domain-containing protein,jdp,1477.723372,4.156741288,1.16E-197,-4.156741288
LOC112056323,cuticle protein 18.6-like,Cpr64Aa,147199.8516,17.1231075,1.43E-194,-17.1231075
LOC112051506,OWR48679.1 Secreted protein member of chemokine factor super family,CG15449,5325.659213,3.10073239,5.57E-194,-3.10073239
LOC112048033,nuclear hormone receptor FTZ-F1 isoform X2,ftz-f1,1374.361973,4.902982355,2.40E-193,-4.902982355
LOC112054633,protein scarlet,st,5526.547834,10.61505495,3.33E-190,-10.61505495
LOC112052549,histidine-rich glycoprotein-like,LOC112052549,3920.189008,9.104015577,1.75E-189,-9.104015577
LOC112050296,ABC transporter G family member 23 isoform X1,snu,4695.162834,3.230754875,3.52E-188,-3.230754875
LOC112045481,cuticle protein 19.8-like,CPR59,1683.498228,-8.469574299,1.14E-187,8.469574299
LOC112046049,neurotactin,Nrt,1894.568511,-4.082506132,3.53E-184,4.082506132
LOC112051359,prisilkin-39-like,LOC112051359,27487.14843,11.78026108,8.44E-184,-11.78026108
LOC112046971,cadherin-89D isoform X2,Cad89D,4719.760714,6.092521703,8.82E-182,-6.092521703
LOC112045745,elongation of very long chain fatty acids protein AAEL008004-like isoform X1,CG5326,12255.85762,10.6995394,1.28E-181,-10.6995394
LOC112058397,phospholipase A2 like protein,LOC112058397,5522.962539,9.075231904,1.08E-180,-9.075231904
LOC112050169,nose resistant to fluoxetine protein 6-like,CG17707,2551.682492,9.031060911,3.35E-179,-9.031060911
LOC112047656,hemocyte protein-glutamine gamma-glutamyltransferase-like,Tg,38052.97515,13.30852129,7.46E-178,-13.30852129
LOC112056919,probable nuclear hormone receptor HR3 isoform X2,Hr46,1247.42728,5.040138267,1.77E-176,-5.040138267
LOC112044206,uncharacterized protein LOC112044206 isoform X2,exp,6123.869051,6.081750611,5.36E-175,-6.081750611
LOC112044889,phospholipase A1 member A-like,CG18641,1651.632581,8.242697197,2.58E-174,-8.242697197
LOC112050352,uncharacterized protein LOC112050352,LOC112050352,3362.615829,6.225157697,2.04E-172,-6.225157697
LOC112052908,titin,sls,15369.01972,3.148167132,2.19E-172,-3.148167132
LOC112047559,uncharacterized protein LOC112047559,CG13024,2765.060894,9.275632159,4.96E-171,-9.275632159
LOC112058190,cuticle protein 19-like,Cpr62Bc,6077.032647,10.06665647,1.90E-170,-10.06665647
LOC112046887,uncharacterized protein LOC112046887,LOC112046887,4882.111041,5.650736253,2.21E-169,-5.650736253
LOC112056322,cuticle protein 8-like,Cpr64Aa,54046.13926,15.34121942,5.52E-169,-15.34121942
LOC112046088,phospholipid transfer protein C2CD2L isoform X5,CG10737,4177.143354,4.740468031,1.14E-168,-4.740468031
LOC112052810,putative fatty acyl-CoA reductase CG5065,CG5065,9602.653806,9.554612533,5.89E-168,-9.554612533
LOC112056101,---NA---,LOC112056101,7262.421458,11.67215035,5.36E-167,-11.67215035
LOC112054528,class A basic helix-loop-helix protein 15-like,dimm,1175.690839,6.62096727,1.49E-165,-6.62096727
LOC112056638,cathepsin O-like,LOC112056638,4203.591892,4.076591619,4.27E-164,-4.076591619
LOC112051410,nose resistant to fluoxetine protein 6-like,CG32645,3992.181357,8.013260985,1.15E-163,-8.013260985
LOC112048291,piezo-type mechanosensitive ion channel component isoform X1,Piezo,6874.282101,4.623243399,1.18E-163,-4.623243399
LOC112052778,hillarin,Hil,1746.702222,2.05106171,2.12E-162,-2.05106171
LOC112047618,serine-rich adhesin for platelets-like isoform X1,LOC112047618,14095.38947,5.482103272,5.80E-161,-5.482103272
LOC112046508,uncharacterized LOC106121074 precursor,CG12880,1891.897959,-6.218587597,6.87E-161,6.218587597
LOC112043675,reticulon-3-B isoform X4,Rtnl1,27955.53643,2.225423359,1.17E-160,-2.225423359
LOC112043179,putative leucine-rich repeat-containing protein DDB_G0290503,LOC112043179,1470.431205,-3.685590992,3.99E-160,3.685590992
LOC112048439,chromodomain-helicase-DNA-binding protein Mi-2 homolog isoform X1,Chd3,12839.07725,-1.685071368,4.32E-160,1.685071368
LOC112055007,helix-loop-helix protein delilah-like,tx,2200.65939,6.417287028,9.81E-160,-6.417287028
LOC112052329,aldo-keto reductase AKR2E4-like,Akr1B,1890.514993,9.174851247,4.80E-158,-9.174851247
LOC112053312,scavenger receptor class B member 1-like,SCRB6,4342.395537,10.67561503,5.97E-158,-10.67561503
LOC112047195,senecionine N-oxygenase-like,Fmo-2,1414.734814,8.534873787,7.73E-158,-8.534873787
LOC112053206,sn1-specific diacylglycerol lipase beta isoform X1,inaE,768.7361308,4.44001858,3.28E-157,-4.44001858
LOC112045805,"dihydrolipoyllysine-residue succinyltransferase component of 2-oxoglutarate dehydrogenase complex, mitochondrial-like",CG5214,2190.555749,1.962446791,5.95E-157,-1.962446791
LOC112055331,protein obstructor-E-like,Cpap3-a2,3649.129077,6.030167976,3.97E-156,-6.030167976
LOC112045689,RNA-binding protein Musashi homolog 2 isoform X1,msi,5224.112508,-3.93045449,7.73E-156,3.93045449
LOC112049180,serine/arginine repetitive matrix protein 1,bif,3437.866163,-2.543182086,1.39E-155,2.543182086
LOC112044778,UNC93-like protein MFSD11,CG18549,6940.29758,5.516778792,6.24E-155,-5.516778792
LOC112048953,transcription factor hamlet-like,CG10348,1285.344442,4.988325616,6.24E-155,-4.988325616
LOC112048461,connectin-like,Con,1965.711642,7.785396823,9.39E-155,-7.785396823
LOC112053498,supervillin-like isoform X1,Svil,20977.8719,3.366163506,5.24E-154,-3.366163506
LOC112052551,pollen-specific leucine-rich repeat extensin-like protein 1,TwdlE,1825.004642,7.097278779,3.12E-152,-7.097278779
LOC112048093,mucin-5AC isoform X1,Spn27A,8536.033039,-6.251853641,3.32E-152,6.251853641
LOC112049885,actin-4,Arp1,173657.9558,2.145040095,3.15E-151,-2.145040095
LOC112054356,centromere-associated protein E-like isoform X1,kinesin-7,2413.770707,-2.337384192,4.68E-151,2.337384192
LOC112050318,achaete-scute complex protein T3-like,sc,1075.010351,-4.565737227,7.68E-150,4.565737227
LOC112043300,multidrug resistance-associated protein 4-like isoform X2,CG5789,11112.75095,-8.659631044,9.21E-150,8.659631044
LOC112054289,glucose-6-phosphate 1-epimerase,CG9008,3335.007001,-3.722040776,1.48E-149,3.722040776
LOC112052060,protein yellow-like,yel-e,3160.932139,5.986016758,1.95E-149,-5.986016758
LOC112055112,decaprenyl-diphosphate synthase subunit 1,qless,5394.097311,4.980673196,2.12E-149,-4.980673196
LOC112043721,adhesive plaque matrix protein-like isoform X1,CG13643,1220.662216,4.47728464,5.23E-149,-4.47728464
LOC112054205,uncharacterized protein LOC112054205,LOC112054205,10959.1845,6.473855732,1.37E-147,-6.473855732
LOC112051874,transcription factor SPT20 homolog isoform X2,CG8192,33920.87151,11.11982616,5.25E-146,-11.11982616
LOC112047959,serine protease easter-like,SPE,823.1380938,-7.822388831,1.55E-145,7.822388831
LOC112050303,larval cuticle protein A3A-like,Cpr92A,91232.47808,16.90509623,9.63E-145,-16.90509623
LOC112045646,filamin-A isoform X1,jbug,3303.739626,4.493883032,1.74E-144,-4.493883032
LOC112046692,amyloid-beta-like protein isoform X2,Appl,2077.815583,-2.921217965,5.46E-142,2.921217965
LOC112056193,heme peroxidase 2,DBLOX,3521.665481,7.220670792,7.72E-142,-7.220670792
LOC112048070,uncharacterized protein LOC112048070 isoform X1,mwh,1667.989992,-2.813066083,1.40E-141,2.813066083
LOC112047284,multidrug resistance-associated protein 4-like,CG5789,1034.52551,3.060334549,4.43E-141,-3.060334549
LOC112043533,probable pterin-4-alpha-carbinolamine dehydratase,Pcd,2146.001861,2.665828343,4.45E-140,-2.665828343
LOC112053729,UDP-N-acetylhexosamine pyrophosphorylase,mmy,1883.33941,4.150652115,9.78E-140,-4.150652115
LOC112043291,glutamine--fructose-6-phosphate aminotransferase [isomerizing] 1-like,Gfat1,14148.87004,3.890521109,3.68E-138,-3.890521109
LOC112048334,mucin-5AC-like isoform X1,CG3777,43915.3801,4.042581846,1.22E-137,-4.042581846
LOC112051076,KPJ09368.1 putative phosphoenolpyruvate synthase,LOC112051076,1145.683953,6.159348065,1.71E-137,-6.159348065
LOC112057758,peroxidase,HPX5,2044.01407,9.376973135,1.82E-137,-9.376973135
LOC112055381,teneurin-m isoform X4,Ten-m,13177.04051,2.315636281,2.51E-135,-2.315636281
LOC112052443,ejaculatory bulb-specific protein 3-like,LOC112052443,948.8821355,3.109832195,6.32E-134,-3.109832195
LOC112043772,Sodium-independent sulfate anion transporter,Esp,2812.16086,3.902411429,7.80E-133,-3.902411429
LOC112056641,"tryptophan 2,3-dioxygenase",v,2109.164191,8.210509227,3.44E-132,-8.210509227
LOC112049651,multidrug resistance protein homolog 49-like,Mdr49,780.6471047,-3.850852538,7.55E-132,3.850852538
LOC112045709,pyrimidodiazepine synthase-like,GstO3,2755.400592,5.017228221,8.78E-131,-5.017228221
LOC112048204,polyhomeotic-like protein 3,Samuel,1201.054564,-3.309201023,1.44E-130,3.309201023
LOC112047206,transforming acidic coiled-coil-containing protein 3-like,LOC112047206,1215.512849,-4.801911151,1.38E-129,4.801911151
LOC112054149,protein neuralized isoform X1,neur,5640.191298,-4.559952225,1.95E-129,4.559952225
LOC112046833,flocculation protein FLO11,CG42327,1074.295542,2.658474382,3.22E-129,-2.658474382
LOC112046929,angiotensin-converting enzyme-like,LOC112046929,2113.268344,3.879514661,1.04E-128,-3.879514661
LOC112054278,pollen-specific leucine-rich repeat extensin-like protein 2,CG8927,9866.812466,5.068040853,1.22E-128,-5.068040853
LOC112055476,transmembrane protein 68 isoform X1,CG34348,868.2608987,-4.566703881,8.24E-128,4.566703881
LOC112056394,glycine-rich protein DOT1-like,LOC112056394,1786.257685,-9.283641754,1.49E-125,9.283641754
LOC112047875,la-related protein 6,Achl,53720.25961,8.770796985,1.27E-124,-8.770796985
LOC112052241,venom serine carboxypeptidase-like,CG4572,1790.202706,-7.621276202,1.65E-124,7.621276202
LOC112044157,uncharacterized protein LOC112044157,CG14880,4710.927672,5.065136427,2.14E-124,-5.065136427
LOC112050906,general transcriptional corepressor trfA-like,LOC112050906,4673.222043,-5.829010484,2.14E-124,5.829010484
LOC112045324,probable histone-binding protein Caf1,Caf1,2045.297303,-1.666922724,3.27E-124,1.666922724
LOC112046502,"probable aconitate hydratase, mitochondrial",mAcon1,3956.07993,2.40230921,3.65E-124,-2.40230921
LOC112054545,endocuticle structural glycoprotein ABD-5-like,Lcp65Ad,1444.248583,8.584981995,5.31E-124,-8.584981995
LOC112055502,transmembrane protein 68 isoform X1,CG34348,408.0296026,-5.364869558,7.25E-124,5.364869558
LOC112056402,flocculation protein FLO11 isoform X1,CG8547,3829.061251,2.955016951,1.73E-123,-2.955016951
LOC112054365,sodium-coupled monocarboxylate transporter 1,CG7720,533.610748,-6.121813966,6.05E-123,6.121813966
LOC112043657,reticulon-1 isoform X1,LOC112043657,2594.889915,2.181637431,1.17E-122,-2.181637431
LOC112045307,protein wntless,wls,2039.707184,-3.122584569,1.57E-122,3.122584569
LOC112052591,mucin-5AC-like isoform X1,CG17211,5575.663328,-5.684575342,1.58E-122,5.684575342
LOC112046259,uncharacterized protein LOC112046259,LOC112046259,1189.844744,7.266849656,2.80E-122,-7.266849656
LOC112049694,endocuticle structural glycoprotein ABD-4-like,Cpr49Aa,1174.595447,8.450754313,2.86E-122,-8.450754313
LOC112045360,sialin-like isoform X1,CG9864,1547.979914,-4.536095414,3.49E-122,4.536095414
LOC112054943,"beta-1,3-galactosyltransferase 5-like",CG8668,5261.204871,-2.785394566,5.81E-121,2.785394566
LOC112047162,cartilage oligomeric matrix protein,Tsp,4730.511664,5.612030004,1.85E-120,-5.612030004
LOC112056033,cuticle protein 8-like,Cpr64Aa,24523.403,14.76135918,3.78E-120,-14.76135918
LOC112047937,Transforming growth factor-beta-induced protein ig-h3,CG43333,3177.563947,7.939989405,5.20E-120,-7.939989405
LOC112056086,CD151 antigen-like,LOC112056086,3864.278388,4.733460651,6.82E-120,-4.733460651
LOC112043224,zinc finger CCCH domain-containing protein 13,CG8740,12031.58865,6.312881006,1.29E-119,-6.312881006
LOC112046859,collagen alpha-1(I) chain-like,frm,3239.231373,7.304205162,3.45E-119,-7.304205162
LOC112052598,uncharacterized protein LOC112052598 isoform X1,CG17127,51776.17774,6.860211595,4.41E-119,-6.860211595
LOC112051044,heat shock protein beta-1,CG14207,14848.57245,2.312183717,9.27E-119,-2.312183717
LOC112045751,basic proline-rich protein isoform X2,LOC112045751,20009.76547,8.744096027,1.23E-117,-8.744096027
LOC112058087,tyrosine-protein kinase-like otk,otk,1511.938814,-4.010408749,1.97E-117,4.010408749
LOC112049016,ejaculatory bulb-specific protein 3-like,CSP6,51102.03944,8.88554558,4.98E-117,-8.88554558
LOC112047614,fatty acyl-CoA reductase wat-like,wat,2173.994394,4.722360704,9.52E-117,-4.722360704
LOC112055423,alpha-tocopherol transfer protein-like,CG3823,2493.322834,4.408970952,1.18E-116,-4.408970952
LOC112054416,protein PF14_0175-like,tacc,1215.20783,-3.304483667,5.13E-116,3.304483667
LOC112057752,transmembrane protease serine 9-like,CG4914,2085.468961,-10.21023663,3.52E-115,10.21023663
LOC112047161,cyclin-dependent kinases regulatory subunit,Cks30A,1648.142031,-4.966080623,7.66E-115,4.966080623
LOC112055115,transcription factor SPT20 homolog,LOC112055115,6762.590041,10.10191678,1.09E-114,-10.10191678
LOC112046277,integrin-linked protein kinase,Ilk,2131.841385,1.738962609,3.05E-114,-1.738962609
LOC112054507,probable serine/threonine-protein kinase DDB_G0282963 isoform X1,Svil-,1717.001777,4.398431544,6.15E-114,-4.398431544
LOC112051691,dual oxidase maturation factor 1,mol,1067.793519,2.565808341,7.33E-114,-2.565808341
LOC112045714,venom protease-like,CLIPC1,665.8041203,-3.652260098,1.05E-113,3.652260098
LOC112051710,condensin complex subunit 1,Cap-D2,1182.232815,-4.990278031,1.14E-113,4.990278031
LOC112050109,probable chitinase 10,Cht3,1795.015489,-5.58416904,2.48E-113,5.58416904
LOC112057228,tubulin beta-1 chain-like,betaTub56D,100047.3729,4.100712565,4.21E-113,-4.100712565
LOC112048213,UNC93-like protein,CG2121,1340.634614,8.374340265,2.19E-111,-8.374340265
LOC112050519,"short-chain specific acyl-CoA dehydrogenase, mitochondrial-like isoform X1",Arc42,1838.952272,2.923270312,2.22E-111,-2.923270312
LOC112052044,peptide transporter family 1,CG2930,1881.117159,9.624438061,8.21E-111,-9.624438061
LOC112050322,larval cuticle protein A2B-like,Cpr92A,11611.18319,13.64161361,1.61E-109,-13.64161361
LOC112052382,lutropin-choriogonadotropic hormone receptor-like,rk,3987.460427,3.372002777,1.88E-109,-3.372002777
LOC112048099,delta(14)-sterol reductase,LBR,929.2829692,-4.527963157,4.94E-109,4.527963157
LOC112054561,apolipoprotein D-like,GLaz,961847.0849,-10.36887961,5.66E-109,10.36887961
LOC112048050,"probable medium-chain specific acyl-CoA dehydrogenase, mitochondrial isoform X1",Mcad,7230.64619,1.879989245,4.91E-108,-1.879989245
LOC112054991,protein regulator of cytokinesis 1-like,feo,1852.938026,-4.196382283,5.24E-108,4.196382283
LOC112054138,proton channel OtopLc isoform X1,OtopLa,5309.590282,3.223673932,6.15E-107,-3.223673932
LOC112046750,nose resistant to fluoxetine protein 6-like,CG32645,1725.347256,7.751125883,1.82E-106,-7.751125883
LOC112044142,fasciclin-2 isoform X1,Fas2,5079.60563,-1.893181032,3.74E-105,1.893181032
LOC112043738,patched domain-containing protein 3,Ptr,1725.16398,5.662150233,6.09E-105,-5.662150233
LOC112045721,phospholipid phosphatase 5-like,CG12746,700.5896144,3.48895314,6.09E-105,-3.48895314
LOC112043618,uncharacterized LOC106122463 precursor,neo,17698.03507,-5.064611397,3.70E-104,5.064611397
LOC112051828,uncharacterized protein LOC112051828 isoform X1,LOC112051828,18742.53246,2.217325908,1.46E-103,-2.217325908
LOC112049403,kinesin-like protein KIF20B,kinesin-A,1567.684856,-4.041811839,1.60E-103,4.041811839
LOC112056007,endocuticle structural glycoprotein ABD-4-like,Cpr65Az,21937.91284,14.8003094,2.71E-103,-14.8003094
LOC112057709,kinesin-like protein Klp61F,Klp61F,1734.591931,-5.178428254,7.39E-103,5.178428254
LOC112054162,cuticle protein 8-like,Cpr64Aa,9327.865431,13.37633475,7.71E-103,-13.37633475
LOC112057914,pre-mRNA-splicing factor CWC25-like isoform X1,LOC112057914,1936.543046,-6.607130461,9.20E-103,6.607130461
LOC112049888,zinc finger protein 84-like isoform X1,LOC112049888,3146.375412,2.909846435,1.01E-102,-2.909846435
LOC112051636,Pleckstrin-likey-like domain family B member 1,CG5004,3354.635793,1.952981471,1.86E-102,-1.952981471
LOC112050956,carboxypeptidase N subunit 2-like,LOC112050956,3582.027079,-4.361502589,2.97E-101,4.361502589
LOC112044249,protein rolling stone-like isoform X2,LOC112044249,875.5610227,6.794931973,3.31E-101,-6.794931973
LOC112045232,estradiol 17-beta-dehydrogenase 11-like,CG9265,9613.340295,3.564498367,4.83E-101,-3.564498367
LOC112050657,chitin binding domain 3 protein,CG42598,335.8490504,-4.912408471,6.29E-101,4.912408471
LOC112048035,WD repeat-containing protein 47 isoform X3,CG2812,3954.831207,2.204113887,1.16E-100,-2.204113887
LOC112048887,uncharacterized protein LOC112048887 isoform X1,LOC112048887,1365.231875,-2.849159298,1.58E-100,2.849159298
LOC112043091,phospholipase A1-like,CG13282,497.4089579,7.175674828,1.60E-100,-7.175674828
LOC112052624,dehydrogenase/reductase SDR family protein 7-like,CG7601,2692.574252,2.069805973,2.10E-100,-2.069805973
LOC112046967,cuticular protein RR-2,Cpr64Aa,727.4868627,6.155069141,2.39E-100,-6.155069141
LOC112047706,terminal nucleotidyltransferase 5C isoform X1,CG46385,2049.890115,2.48904942,2.56E-100,-2.48904942
LOC112052916,NA,NA,5479.800701,3.369280969,5.19E-100,-3.369280969
LOC112048831,NA,NA,4957.20049,-1.494292952,8.16E-100,1.494292952
LOC112046435,bilin-binding protein-like,LOC112046435,145071.1714,-3.302299744,1.98E-99,3.302299744
LOC112055674,mid1-interacting protein 1A,LOC112055674,1325.215229,2.57665408,8.45E-99,-2.57665408
LOC112046070,regulator of chromosome condensation isoform X2,Rcc1,3325.841662,-1.934150591,9.85E-99,1.934150591
LOC112055762,zinc finger protein 629-like isoform X1,mamo,1625.964303,-4.807556195,2.47E-98,4.807556195
LOC112047095,hemolin,LOC112047095,8760.727695,-6.732099521,3.75E-98,6.732099521
LOC112043638,LIM and senescent cell antigen-like-containing domain protein 1 isoform X1,stck,1360.49288,2.49316686,1.75E-97,-2.49316686
LOC112045155,titin isoform X1,LOC112045155,113023.6604,4.768950894,2.39E-97,-4.768950894
LOC112055924,organic solute transporter alpha-like protein,CG6836,3286.232796,5.662304493,4.02E-97,-5.662304493
LOC112044998,putative ly-6/neurotoxin superfamily member 1,LOC112044998,17891.28198,3.646263786,6.07E-97,-3.646263786
LOC112055058,"cytochrome c1, heme protein, mitochondrial",Cyt-c1,2261.755924,1.682997235,6.55E-97,-1.682997235
LOC112049941,"glucose dehydrogenase [FAD, quinone]",CG45065,2825.681339,6.026620012,7.89E-97,-6.026620012
LOC112049153,"probable pyruvate dehydrogenase E1 component subunit alpha, mitochondrial",l(1)G0334,2144.37222,2.632202727,2.28E-96,-2.632202727
LOC112044155,circadian clock-controlled protein-like,CG10264,2261.99473,8.810764588,8.48E-96,-8.810764588
LOC112045697,uncharacterized protein LOC112045697,LOC112045697,622.9904827,-4.213964487,1.10E-95,4.213964487
LOC112056371,uncharacterized LOC106116239 precursor,Osi2,2640.039574,10.20335056,1.12E-95,-10.20335056
LOC112056421,facilitated trehalose transporter Tret1-like isoform X1,Tret1,2992.884492,-3.292668506,1.44E-95,3.292668506
LOC112048007,chaoptin isoform X4,chp,2464.817484,5.015008891,1.66E-95,-5.015008891
LOC112046285,juvenile hormone epoxide hydrolase-like,Jheh2,551.4064946,6.223304993,1.74E-95,-6.223304993
LOC112058157,forkhead box protein biniou,jumu,973.6164195,-2.632041952,1.76E-95,2.632041952
LOC112052334,S-adenosylhomocysteine hydrolase-like protein 1 isoform X1,AhcyL1,921.5671095,5.920003536,5.33E-95,-5.920003536
LOC112044315,ETS-like protein pointed isoform X4,pnt,1563.843317,-2.81748994,5.65E-95,2.81748994
LOC112058362,chromosome-associated kinesin KIF4,kinesin-4B,2312.005627,-3.420263012,6.45E-95,3.420263012
LOC112046021,achaete-scute complex protein T8-like,ase,660.7390732,-8.36531976,1.85E-94,8.36531976
LOC112046468,protein halfway,hfw,988.9041141,-3.050854749,4.83E-94,3.050854749
LOC112047533,protein split ends-like isoform X3,LOC112047533,2396.887261,-2.627037505,7.61E-94,2.627037505
LOC112047343,V-type proton ATPase subunit C,Vha44,2167.539684,1.506933549,8.40E-94,-1.506933549
LOC112057692,uncharacterized protein LOC112057692,LOC112057692,675.3839596,-4.245778719,9.45E-94,4.245778719
LOC112049317,"glutenin, high molecular weight subunit DX5-like",LOC112049317,1816.576733,9.715652659,1.17E-93,-9.715652659
LOC112050722,uncharacterized protein LOC112050722,Ino80,692.091313,-6.2337876,2.18E-93,6.2337876
LOC112047239,protocadherin-like wing polarity protein stan,GPRSTN,6470.691753,-2.638018217,2.34E-93,2.638018217
LOC112051013,"glucose dehydrogenase [FAD, quinone]",CG9514,3489.149701,8.816429167,2.48E-93,-8.816429167
LOC112044401,deoxynucleoside kinase,dnk,746.9389115,-3.470411863,3.24E-93,3.470411863
LOC112049064,targeting protein for Xklp2-like,Hrs,1292.358225,-5.717028784,1.35E-92,5.717028784
LOC112053377,myophilin-like,Chd64,11798.84486,2.742159555,3.43E-92,-2.742159555
LOC112050744,"very long-chain specific acyl-CoA dehydrogenase, mitochondrial",CG7461,3359.669709,1.653310527,5.77E-92,-1.653310527
LOC112054696,condensin complex subunit 3,LOC112054696,901.369881,-3.530943269,5.89E-92,3.530943269
LOC112050304,larval cuticle protein A2B-like,Ccp84Ag,4292.224823,11.18004631,6.70E-92,-11.18004631
LOC112057754,trypsin-1-like isoform X1,CG11836,728.0413081,7.103007138,3.56E-91,-7.103007138
LOC112043934,hrp65 protein-like,nonA,12437.86978,-0.997532595,5.87E-91,0.997532595
LOC112049286,OWR44007.1 putative sanpodo,LOC112049286,1116.421455,-6.639739241,5.98E-91,6.639739241
LOC112054589,dual specificity protein kinase TTK,ald,535.894315,-3.021734372,7.43E-91,3.021734372
LOC112046314,"ATP synthase subunit delta, mitochondrial",Atp5d,4243.252191,1.724753972,1.30E-90,-1.724753972
LOC112045994,cyclin-A2-like,CycA,2749.817434,-2.671985552,1.60E-90,2.671985552
LOC112058361,putative epidermal cell surface receptor isoform X1,sas,7785.564034,3.806166831,1.75E-90,-3.806166831
LOC112058168,anther-specific proline-rich protein APG,LOC112058168,4596.086582,3.035002406,1.96E-90,-3.035002406
LOC112053872,guanylate cyclase 32E,CG10738,1463.923673,5.469976787,2.64E-90,-5.469976787
LOC112058209,cuticle protein-like,Cpr62Bc,19850.0401,15.00210855,2.96E-90,-15.00210855
LOC112053988,uncharacterized protein LOC112053988,RhoGEF64C,7577.605086,2.568363127,4.97E-90,-2.568363127
LOC112049353,inactive hydroxysteroid dehydrogenase-like protein 1,CG31810,1980.803935,5.207148903,5.17E-90,-5.207148903
LOC112042900,Neuronal pentraxin-2,b6,13101.99049,8.739075531,5.63E-90,-8.739075531
LOC112051093,BTB/POZ domain-containing protein 6-B-like,CG11275,352.5388353,-3.450302934,6.87E-90,3.450302934
LOC112048791,BAM18502.1  CG6688,CG6688,1418.109554,7.827045586,2.84E-88,-7.827045586
LOC112054971,tetra-peptide repeat homeobox protein 1-like,LOC112054971,11830.61934,13.89528642,1.38E-87,-13.89528642
LOC112049618,ras GTPase-activating-like protein IQGAP1,CG5023,1057.155744,-3.882154574,2.29E-87,3.882154574
LOC112050060,fez family zinc finger protein erm-like,sens,3850.377341,-2.686349863,3.00E-87,2.686349863
LOC112056093,chorion class B protein B.L1-like isoform X1,LOC112056093,8941.317284,13.53582111,3.76E-87,-13.53582111
LOC112044391,structural maintenance of chromosomes protein 4,glu,1622.168826,-2.346051074,4.36E-87,2.346051074
LOC112054335,tubulin alpha-1A chain,alphaTub84B,6755.5046,2.996085634,4.92E-87,-2.996085634
LOC112055429,alaserpin-like isoform X1,Spn42De,1321.240735,-5.707501566,6.46E-87,5.707501566
LOC112054473,bromodomain-containing protein DDB_G0280777-like,LOC112054473,1781.504806,9.770733251,1.94E-86,-9.770733251
LOC112050664,semaphorin-5B,Sema-5c,1283.469882,2.442689341,2.65E-85,-2.442689341
LOC112054026,beta-ureidopropionase-like,pyd3,906.9992055,2.037870326,5.57E-85,-2.037870326
LOC112045305,microtubule-actin cross-linking factor 1 isoform X2,shot,54793.03306,2.969303335,5.97E-85,-2.969303335
LOC112051693,dual oxidase isoform X1,DUOX,1929.44471,6.35351106,5.99E-85,-6.35351106
LOC112047328,inner centromere protein A,Incenp,1878.797016,-2.652618078,6.62E-85,2.652618078
LOC112043215,"cytochrome c oxidase subunit 4 isoform 1, mitochondrial-like",Cox4I1,4028.680246,1.631265463,9.02E-85,-1.631265463
LOC112042929,peroxidase isoform X1,Pxd,1936.652884,9.094214974,1.13E-84,-9.094214974
LOC112045271,integrin beta-nu,Itgbn,1110.214884,7.152310788,2.31E-84,-7.152310788
LOC112052915,FK506-binding protein 2,Fkbp14,10386.45153,3.470177309,6.09E-84,-3.470177309
LOC112048150,serine-rich adhesin for platelets-like,Mur89F,42941.75656,-13.11251075,7.96E-84,13.11251075
LOC112043716,dihydrolipoyl dehydrogenase,CG7430,3554.66061,1.732440627,1.22E-83,-1.732440627
LOC112050457,4-coumarate--CoA ligase 1-like,pdgy,1683.846272,2.550118506,4.06E-83,-2.550118506
LOC112050198,glycogenin-2-like isoform X6,Gyg,2461.187487,-2.650191518,6.12E-83,2.650191518
LOC112045452,cell division cycle protein 20 homolog,fzy,1160.774399,-4.729290266,6.83E-83,4.729290266
LOC112048705,polypeptide N-acetylgalactosaminyltransferase 2-like,Pgant2,1687.40308,3.82972767,7.89E-83,-3.82972767
LOC112049150,OWR43466.1 inscuteable protein,insc,689.5797925,-3.721551518,9.22E-83,3.721551518
LOC112044706,neurofilament heavy polypeptide-like,LOC112044706,11722.81854,2.683953459,1.82E-82,-2.683953459
LOC112057698,proclotting enzyme-like,CLIPD3,1605.661269,8.926812629,2.57E-82,-8.926812629
LOC112043832,jupiter microtubule associated homolog 1-like isoform X2,CG1943,10267.27091,-2.243295561,3.00E-82,2.243295561
LOC112051980,CKLF-like MARVEL transmembrane domain-containing protein 4,CG15211,9918.580184,3.7877313,4.89E-82,-3.7877313
LOC112049730,uncharacterized protein LOC112049730,LOC112049730,835.6281929,-4.879944035,7.80E-82,4.879944035
LOC112048714,copper transport protein ATOX1,LOC112048714,827.8680744,2.57480311,1.39E-81,-2.57480311
LOC112055070,ATP-binding cassette sub-family A member 12,CG34120,4747.428259,5.31307216,3.50E-81,-5.31307216
LOC112050025,serine proteinase stubble,CLIPD7,464.387368,5.331892274,4.69E-81,-5.331892274
LOC112046487,teneurin-a isoform X3,Ten-a,3699.784771,-1.915099133,6.25E-81,1.915099133
LOC112045977,signaling mucin HKR1-like isoform X1,LOC112045977,1032.550202,7.445534057,8.26E-81,-7.445534057
LOC112054330,"phospholipase B1, membrane-associated-like",CG7365,371.8502692,6.872109279,2.75E-80,-6.872109279
LOC112050276,PAS domain-containing serine/threonine-protein kinase,Pask,477.0163291,-4.905567187,2.91E-80,4.905567187
LOC112047058,iroquois-class homeodomain protein IRX-5-like isoform X2,vis,2648.004949,-1.640691658,3.29E-80,1.640691658
LOC112047582,uncharacterized protein LOC112047582,CG14636,4648.963981,4.57318367,4.05E-80,-4.57318367
LOC112046215,protein couch potato-like,cpo,1758.735569,-2.28344492,1.00E-79,2.28344492
LOC112056084,uncharacterized protein LOC112056084,CG13313,487.9769708,-7.381485844,3.39E-79,7.381485844
LOC112051648,gametogenetin isoform X1,Msr-110,42578.53887,2.368871985,3.77E-79,-2.368871985
LOC112046978,glutathione S-transferase 1-1-like,GstD1,7838.443373,2.519047603,3.78E-79,-2.519047603
LOC112043242,serine protease inhibitor dipetalogastin,CG32354,2346.921426,-4.80276857,3.88E-79,4.80276857
LOC112051175,serine/threonine-protein kinase Aurora-2-like,aurA,945.2922031,-4.097553781,4.08E-79,4.097553781
LOC112058550,chitin deacetylase 2a,verm,92544.39688,3.945648265,4.54E-79,-3.945648265
LOC112044055,probable nuclear hormone receptor HR3 isoform X1,Hr46,647.2805936,3.948126036,4.57E-79,-3.948126036
LOC112051940,monocarboxylate transporter 14-like,chk,3637.896382,-2.359876286,5.36E-79,2.359876286
LOC112049989,citron Rho-interacting kinase-like,sti,416.9513764,-4.236457901,6.51E-79,4.236457901
LOC112058011,UDP-glucose 4-epimerase-like,Gale,3355.647257,-5.413285637,6.87E-79,5.413285637
LOC112043864,protein prune homolog 2 isoform X2,CG11593,987.3949045,2.380319543,1.52E-78,-2.380319543
LOC112046964,"pyruvate dehydrogenase E1 component subunit beta, mitochondrial",Pdhb,1567.721221,1.43282143,1.70E-78,-1.43282143
LOC112043690,THUMP domain-containing protein 1 homolog,CG15014,3656.298398,3.381076363,2.16E-78,-3.381076363
LOC112047794,rhomboid-related protein 2 isoform X1,stet,893.3190567,-5.327134403,3.40E-78,5.327134403
LOC112044950,chromobox protein homolog 1-like,HP1c,2203.635885,-1.434214124,3.62E-78,1.434214124
LOC112052571,collagen alpha chain CG42342 isoform X1,CG42342,771.2070239,-2.845660853,4.17E-78,2.845660853
LOC112051994,cationic amino acid transporter 3,slif,1958.343189,5.356062033,5.56E-78,-5.356062033
LOC112053528,"probable citrate synthase 2, mitochondrial",kdn,1467.143637,2.365523751,7.08E-78,-2.365523751
LOC112058195,paternally-expressed gene 3 protein-like,Cpr76Bd,374.1750436,5.805373717,7.24E-78,-5.805373717
LOC112047864,Krueppel-like factor luna isoform X2,luna,1583.886478,1.989701448,8.43E-78,-1.989701448
LOC112051708,KPI95574.1 Metabotropic glutamate receptor 3,CG32447,1132.74779,-4.26350398,1.15E-77,4.26350398
LOC112050823,"NADH dehydrogenase [ubiquinone] 1 beta subcomplex subunit 2, mitochondrial-like",ND-AGGG,905.6091299,2.118867018,1.68E-77,-2.118867018
LOC112049569,chitooligosaccharidolytic beta-N-acetylglucosaminidase,Hexo1,5091.195392,-2.407050205,3.92E-77,2.407050205
LOC112050077,integrin beta-PS,mys,6544.417307,1.583663475,4.70E-77,-1.583663475
LOC112055319,hormone receptor 4 isoform X2,Hr4,534.5647508,5.521865592,4.88E-77,-5.521865592
LOC112050031,coagulation factor VII isoform X2,CG8170,655.7792947,6.23554605,5.40E-77,-6.23554605
LOC112048895,endonuclease/exonuclease/phosphatase family domain-containing protein 1-like,LOC112048895,1020.790791,2.451601814,1.51E-76,-2.451601814
LOC112048072,probable chitinase 10,Cht7,16222.14019,5.100191725,2.33E-76,-5.100191725
LOC112043036,Major facilitator superfamily domain-containing protein 6-A,CG31663,2510.159978,4.794319236,2.87E-76,-4.794319236
LOC112053274,CTL-like protein 2 isoform X1,Ctl2,488.1837212,-3.652636794,4.88E-76,3.652636794
LOC112054552,endocuticle structural glycoprotein ABD-5-like,LOC112054552,3696.400437,3.480465849,5.31E-76,-3.480465849
LOC112054165,polycomb protein suz12-B,Su(z)12,748.420943,-2.322121557,7.16E-76,2.322121557
LOC112055291,centromere/kinetochore protein zw10-like,LOC112055291,652.2782666,-4.386885716,1.00E-75,4.386885716
LOC112044932,cuticle protein 16.5-like,LOC112044932,16889.35086,-6.651708255,1.27E-75,6.651708255
LOC112058375,transcription factor kayak isoform X1,kay,2452.894971,2.350160498,1.69E-75,-2.350160498
LOC112047415,venom dipeptidyl peptidase 4-like,CG11034,2326.941829,4.127527636,2.07E-75,-4.127527636
LOC112045218,proliferating cell nuclear antigen,mus209,1760.738625,-3.274480166,2.19E-75,3.274480166
LOC112043567,aryl hydrocarbon receptor nuclear translocator-like protein 1,Met,602.3515233,-2.307793628,2.34E-75,2.307793628
LOC112049256,proton-coupled amino acid transporter-like protein CG1139,CG7888,1828.805931,7.764099172,2.87E-75,-7.764099172
LOC112046219,DNA repair protein RAD50,rad50,8340.673335,-1.129762788,4.06E-75,1.129762788
LOC112048200,AH receptor-interacting protein,CG1847,823.0314645,1.689894987,7.46E-75,-1.689894987
LOC112044356,electron transfer flavoprotein subunit beta,CG7834,2231.944899,1.678815949,8.68E-75,-1.678815949
LOC112043710,protein aurora borealis,LOC112043710,395.5894759,-4.050360199,1.41E-74,4.050360199
LOC112052787,structural maintenance of chromosomes protein 3,SMC3,2012.622128,-1.410695794,4.55E-74,1.410695794
LOC112045661,disks large-associated protein 5 isoform X2,mars,1356.26639,-3.002664307,8.71E-74,3.002664307
LOC112049536,uncharacterized protein LOC112049536 isoform X2,LOC112049536,900.7338934,5.626178366,9.79E-74,-5.626178366
LOC112050242,"cytochrome c oxidase subunit 5B, mitochondrial-like",COX5B,3414.380001,1.771705571,1.02E-73,-1.771705571
LOC112049174,"delta-1-pyrroline-5-carboxylate dehydrogenase, mitochondrial",P5CDh1,2112.307251,1.286150003,1.29E-73,-1.286150003
LOC112043664,ATP-binding cassette sub-family G member 4 isoform X1,Atet,924.2610573,2.18804588,1.97E-73,-2.18804588
LOC112048724,ATP-binding cassette sub-family G member 1-like,CG4822,1043.585056,5.17145894,2.03E-73,-5.17145894
LOC112051366,probable glucosamine 6-phosphate N-acetyltransferase,Gnpnat,4808.064473,2.383977084,3.47E-73,-2.383977084
LOC112046471,uncharacterized protein LOC112046471,CG42237,875.6771799,7.277625297,3.62E-73,-7.277625297
LOC112048559,high mobility group protein HMGI-C-like,LOC112048559,14023.11407,-2.221077556,7.29E-73,2.221077556
LOC112044164,uncharacterized protein LOC112044164,LOC112044164,2734.249563,1.68315113,8.27E-73,-1.68315113
LOC112043100,pollen-specific leucine-rich repeat extensin-like protein 1,CG8927,5476.699903,5.014027503,1.27E-72,-5.014027503
LOC112057832,UDP-glucuronosyltransferase 2C1,Ugt50B3,3485.460544,8.561159664,1.31E-72,-8.561159664
LOC112054595,heat shock 70 kDa protein cognate 3,Hsc70-3,30448.83663,-2.405790152,1.48E-72,2.405790152
LOC112057670,beta-parvin,parvin,2804.957939,1.711489274,1.92E-72,-1.711489274
LOC112049905,"uncharacterized protein LOC112049905, partial",LOC112049905,2875.844088,3.969460687,3.96E-72,-3.969460687
LOC112058339,plasma membrane calcium-transporting ATPase 2 isoform X1,PMCA,6340.347321,1.456169727,4.99E-72,-1.456169727
LOC112050315,cuticle protein 19.8-like,Ccp84Ag,5013.938706,12.45811563,5.27E-72,-12.45811563
LOC112050934,kinesin-like protein KIF3A isoform X1,kinesin-2B,695.1928288,3.328414407,5.97E-72,-3.328414407
LOC112055866,kynurenine 3-monooxygenase,cn,1542.250872,7.394428721,7.23E-72,-7.394428721
LOC112058374,BTB/POZ domain-containing protein 6 isoform X1,lute,3210.912088,1.719408514,8.70E-72,-1.719408514
LOC112048466,facilitated trehalose transporter Tret1-like,CG8249,926.7144602,-9.704423925,1.23E-71,9.704423925
LOC112046724,ankyrin repeat and LEM domain-containing protein 1-like,CG8679,678.0493591,-4.486913012,1.42E-71,4.486913012
LOC112058283,sodium-coupled monocarboxylate transporter 1-like,SLC5A11,1119.704237,2.312931502,1.58E-71,-2.312931502
LOC112043116,circadian clock-controlled protein-like,CG10407,571.2522458,6.075713872,1.69E-71,-6.075713872
LOC112057051,protein takeout-like,LOC112057051,4146.734116,12.41099013,8.92E-71,-12.41099013
LOC112049489,tumor necrosis factor alpha-induced protein 8-like protein,sigmar,604.2473123,-3.307946938,1.02E-70,3.307946938
LOC112046899,putative cyclin-dependent serine/threonine-protein kinase DDB_G0272797/DDB_G0274007 isoform X2,LOC112046899,5729.930448,12.91814815,1.75E-70,-12.91814815
LOC112054829,mucin-5AC,CG10936,5952.723946,1.643014703,2.10E-70,-1.643014703
LOC112050816,"histone H2A, sperm-like",His2A:CG31618,805.7269209,-3.454460908,2.20E-70,3.454460908
LOC112047438,zinc transporter 7-like isoform X1,LOC112047438,1540.431063,1.446186598,2.29E-70,-1.446186598
LOC112053795,extensin-like isoform X5,LOC112053795,682.3379591,2.347336106,4.02E-70,-2.347336106
LOC112044902,chitin synthase A,kkv,16895.89857,1.760941494,4.95E-70,-1.760941494
LOC112047334,decaprenyl-diphosphate synthase subunit 2,Pdss2,2469.605312,4.983196867,5.18E-70,-4.983196867
LOC112045331,glyceraldehyde-3-phosphate dehydrogenase 2,Gapdh2,10821.41603,1.404957616,6.89E-70,-1.404957616
LOC112044944,cuticular protein hypothetical 12 precursor,LOC112044944,13306.78436,-9.530006913,8.47E-70,9.530006913
LOC112058337,63 kDa sperm flagellar membrane protein,CG33978,15282.54355,4.458001972,1.65E-69,-4.458001972
LOC112052779,dystrophin-related protein 2-like,LOC112052779,901.2776056,-2.137449214,1.78E-69,2.137449214
LOC112045849,protein RCC2 homolog,CG9135,1645.525399,-1.26907895,2.62E-69,1.26907895
LOC112055221,protein atonal homolog 8,net,782.1448611,-3.76691262,2.89E-69,3.76691262
LOC112052001,Cell surface glycoprotein 1,nahoda,7565.565419,3.416594776,2.95E-69,-3.416594776
LOC112052359,UDP-glucuronosyltransferase 2B10-like,Ugt36D1,1154.50082,6.519426951,4.75E-69,-6.519426951
LOC112048469,putative oxidoreductase GLYR1 homolog isoform X1,Ndf,1921.938296,-1.569827628,5.67E-69,1.569827628
LOC112046693,spectrin beta chain isoform X1,beta-Spec,31080.41679,1.492712963,7.52E-69,-1.492712963
LOC112051226,ras-responsive element-binding protein 1,peb,2086.88979,-5.636001485,9.93E-69,5.636001485
LOC112051077,TNF receptor-associated factor 4 isoform X4,Traf4,1052.919724,-3.000977704,1.31E-68,3.000977704
LOC112050260,"trifunctional enzyme subunit beta, mitochondrial",Mtpbeta,3423.194711,1.810385023,1.84E-68,-1.810385023
LOC112058538,protein 60A,gbb,2128.74293,-2.171688017,2.16E-68,2.171688017
LOC112047699,cytochrome b-c1 complex subunit 10-like,Uqcr11,1380.370225,1.703462371,3.79E-68,-1.703462371
LOC112048190,angiopoietin-related protein 2,CG41520,2917.424554,3.460041925,3.79E-68,-3.460041925
LOC112046623,putative serine/threonine-protein kinase nek2,LOC112046623,1297.833317,-3.358727042,4.86E-68,3.358727042
LOC112051179,uncharacterized LOC106113675 precursor,CG5928,3459.330048,7.876903915,5.51E-68,-7.876903915
LOC112052984,"5-aminolevulinate synthase, nonspecific, mitochondrial",Alas,5486.044549,-2.302372794,9.05E-68,2.302372794
LOC112049942,uncharacterized protein LOC112049942,LOC112049942,621.6983401,6.147113375,1.31E-67,-6.147113375
LOC112049937,"glucose dehydrogenase [FAD, quinone]",CG9518,1657.124985,6.097695346,2.81E-67,-6.097695346
LOC112049633,"ATP synthase lipid-binding protein, mitochondrial",ATPsynC,24316.65653,1.376460294,6.17E-67,-1.376460294
LOC112058546,protein transport protein Sec61 subunit beta,Sec61beta,9044.956646,1.895106457,7.91E-67,-1.895106457
LOC112043390,uncharacterized protein LOC112043390 isoform X1,mtg,599.4551755,3.307655653,9.34E-67,-3.307655653
LOC112048416,zinc finger protein 391-like,klu,760.9124805,1.713842247,1.11E-66,-1.713842247
LOC112056196,zinc finger protein rotund-like,rn,4256.638342,-1.468785855,1.49E-66,1.468785855
LOC112054714,membrane-associated progesterone receptor component 1-like,MSBP,880.1444523,3.816774092,1.59E-66,-3.816774092
LOC112047628,proton-coupled amino acid transporter-like protein pathetic,CG8785,5134.936739,6.366379627,2.22E-66,-6.366379627
LOC112043431,protein embryonic gonad-like,knrl,1479.917139,3.406845855,2.61E-66,-3.406845855
LOC112058624,stress response protein NST1,LOC112058624,2100.834551,1.279155756,2.63E-66,-1.279155756
LOC112045782,MATH and LRR domain-containing protein PFE0570w-like,LOC112045782,1172.238774,8.489943156,2.78E-66,-8.489943156
LOC112058060,maternal protein pumilio isoform X1,pum,4786.017248,-1.227060075,2.93E-66,1.227060075
LOC112043089,T-complex protein 1 subunit theta,CCT8,13880.16987,1.730316911,5.93E-66,-1.730316911
LOC112050005,uncharacterized protein LOC112050005,LOC112050005,481.4074628,3.726124352,7.49E-66,-3.726124352
LOC112054175,Kinetochore-associated protein 1,LOC112054175,728.2749869,-4.559932615,9.92E-66,4.559932615
LOC112056217,borealin isoform X1,LOC112056217,656.9994181,-4.78093515,1.70E-65,4.78093515
LOC112052565,integrin beta pat-3-like,Itgbn,1243.26472,3.976674064,2.12E-65,-3.976674064
LOC112043917,formin-like protein 6 isoform X1,capu,1392.986711,-2.535730205,2.56E-65,2.535730205
LOC112046787,translocon-associated protein subunit alpha,l(1)G0320,12094.18135,1.59871532,3.51E-65,-1.59871532
LOC112054720,protein Asterix,CG10674,996.1799524,1.896028102,3.52E-65,-1.896028102
LOC112056232,neurotactin,Nrt,527.9740924,-4.354376339,7.23E-65,4.354376339
LOC112058475,UDP-glucuronosyltransferase 2B1-like isoform X2,Ugt36D1,540.6600843,5.200040141,7.34E-65,-5.200040141
LOC112052116,DNA replication factor Cdt1,dup,522.6082258,-3.253068059,1.26E-64,3.253068059
LOC112058172,cuticle protein 18.6-like,Cpr62Bc,47757.32185,13.02954992,1.43E-64,-13.02954992
LOC112056757,long-chain fatty acid transport protein 4-like,Fatp1,3615.41027,2.65897289,2.15E-64,-2.65897289
LOC112054985,myb-like protein AA,LOC112054985,309.5124713,-6.902928033,2.67E-64,6.902928033
LOC112053853,DNA replication licensing factor Mcm2,Mcm2,1482.804326,-2.144670176,7.04E-64,2.144670176
LOC112047750,structural maintenance of chromosomes protein 2,SMC2,1273.926906,-3.187500562,7.43E-64,3.187500562
LOC112058037,Protein takeout,CG1124,4204.011036,12.75521684,7.55E-64,-12.75521684
LOC112051314,proclotting enzyme,CLIPD2,3295.275071,-4.770548994,9.52E-64,4.770548994
LOC112050340,E3 ubiquitin-protein ligase RNF19B-like,LOC112050340,1475.285287,2.012533703,2.26E-63,-2.012533703
LOC112056185,V-type proton ATPase subunit H isoform X1,VhaSFD,2907.310737,1.136099224,2.63E-63,-1.136099224
LOC112057722,organic cation transporter protein-like,CG8654,514.9398616,6.561150608,3.15E-63,-6.561150608
LOC112052412,melanotransferrin,Tsf2,1519.586648,-1.570145448,3.41E-63,1.570145448
LOC112048922,alpha-tocopherol transfer protein-like,CG2663,1487.351174,5.116989402,5.88E-63,-5.116989402
LOC112051872,G2/mitotic-specific cyclin-B3 isoform X1,CycB3,1261.79219,-5.09648125,1.60E-62,5.09648125
LOC112043759,BAM18118.1  CG34115,CG34115,3308.464004,3.104330914,2.08E-62,-3.104330914
LOC112050949,"phosphate carrier protein, mitochondrial-like",Mpcp1,12959.28482,1.093512264,2.21E-62,-1.093512264
LOC112046671,neural-cadherin isoform X2,CadN,443.6206708,-4.933160147,3.88E-62,4.933160147
LOC112048340,esterase FE4-like,CG10175,226.3956676,5.800382583,4.77E-62,-5.800382583
LOC112043405,TAR DNA-binding protein 43-like,TBPH,561.3427563,1.972423929,5.35E-62,-1.972423929
LOC112043093,prefoldin subunit 3,mgr,3496.073393,2.212079028,7.09E-62,-2.212079028
LOC112047849,probable cytochrome P450 303a1,CYP303A1,709.8715729,5.058317289,8.40E-62,-5.058317289
LOC112051905,cytochrome P450 4d2-like,Cyp4d8,1375.495777,6.509266835,1.15E-61,-6.509266835
LOC112050877,uncharacterized protein LOC112050877,rau,1109.526645,2.341196009,1.28E-61,-2.341196009
LOC112050954,uncharacterized protein LOC112050954,LOC112050954,1528.834649,-3.850823239,1.47E-61,3.850823239
LOC112058321,latrophilin Cirl isoform X1,Cirl,1650.586491,-1.714139456,1.62E-61,1.714139456
LOC112053085,cytochrome P450 6B1-like,Cyp6g2,649.2479526,7.058336691,2.46E-61,-7.058336691
LOC112050851,congested-like trachea protein,colt,1434.429275,1.523207328,2.95E-61,-1.523207328
LOC112055415,proline-rich protein 36-like,brk,301.5549755,2.823148212,3.77E-61,-2.823148212
LOC112051427,isocitrate dehydrogenase [NADP] cytoplasmic-like,Idh,14620.63913,2.046666654,3.95E-61,-2.046666654
LOC112055627,protein scarlet-like,st,518.2164377,3.370383138,5.01E-61,-3.370383138
LOC112046898,homeotic protein female sterile-like,LOC112046898,1725.871863,-3.178460277,5.01E-61,3.178460277
LOC112047493,uncharacterized protein LOC112047493,LOC112047493,214.2308012,-4.137714776,9.96E-61,4.137714776
LOC112048398,myosin regulatory light chain sqh,sqh,19584.21122,2.101627284,1.20E-60,-2.101627284
LOC112054501,G1/S-specific cyclin-D3,CycD,3016.741453,-3.050691626,1.84E-60,3.050691626
LOC112052614,V-type proton ATPase subunit B,Vha55,7829.834763,1.476069683,2.03E-60,-1.476069683
LOC112050527,RNA-binding protein Nova-2 isoform X4,ps,9207.483069,2.735670283,2.74E-60,-2.735670283
LOC112044438,"coiled-coil-helix-coiled-coil-helix domain-containing protein 10, mitochondrial",Chchd2,2182.821226,1.524616161,2.89E-60,-1.524616161
LOC112047536,urbain precursor,LOC112047536,4822.981874,-2.442561823,4.76E-60,2.442561823
LOC112052559,uncharacterized protein LOC112052559,sano,2864.455918,-2.268463421,5.29E-60,2.268463421
LOC112047355,annexin B9 isoform X2,AnxB9,14848.40151,1.641317968,7.50E-60,-1.641317968
LOC112047820,amyloid beta A4 precursor protein-binding family B member 1-interacting protein isoform X1,pico,883.4428816,-1.904803683,1.26E-59,1.904803683
LOC112050202,protein lava lamp-like,LOC112050202,1056.609687,-1.781785646,1.45E-59,1.781785646
LOC112056815,histone-binding protein N1/N2,LOC112056815,2561.312476,-1.93861698,1.71E-59,1.93861698
LOC112047515,putative Nck-associated protein 5,LOC112047515,1458.344526,-2.893622166,2.61E-59,2.893622166
LOC112050530,protein ZDS2,LOC112050530,919.7852861,-3.125143564,4.27E-59,3.125143564
LOC112054588,spectrin alpha chain isoform X1,alpha-Spec,13157.3651,1.565907551,6.61E-59,-1.565907551
LOC112057965,centromere protein L,LOC112057965,371.3109113,-5.126946017,6.61E-59,5.126946017
LOC112056019,UDP-glucose 6-dehydrogenase,sgl,769.3169478,-2.207111745,7.74E-59,2.207111745
LOC112051619,protein ELYS isoform X2,Elys,2606.416872,-1.291254744,8.60E-59,1.291254744
LOC112044940,ATPase family AAA domain-containing protein 5,elg1,696.8742364,-2.030182597,1.01E-58,2.030182597
LOC112055101,uncharacterized protein LOC112055101,CG13272,1966.504602,11.29288499,1.21E-58,-11.29288499
LOC112050581,facilitated trehalose transporter Tret1-like,CG3285,2020.272388,-4.753365317,1.69E-58,4.753365317
LOC112048615,protein takeout-like,to,4814.158995,5.830157556,7.97E-58,-5.830157556
LOC112053254,DNA polymerase delta catalytic subunit,DNApol-delta,724.1879099,-2.1575076,8.56E-58,2.1575076
LOC112053255,pleckstrin homology domain-containing family A member 3-like,LOC112053255,1306.789983,1.696208913,9.50E-58,-1.696208913
LOC112043310,circadian clock-controlled protein,CG15497,3173.939662,12.33980898,9.70E-58,-12.33980898
LOC112057897,KPI95745.1 Hermansky-Pudlak syndrome 4 protein,HPS4,284.8777355,-4.503320614,1.75E-57,4.503320614
LOC112052708,G2/mitotic-specific cyclin-B,CycB,757.1595813,-6.023981511,2.26E-57,6.023981511
LOC112044935,cuticle protein 18.6-like,LOC112044935,4414.085784,6.444050657,2.84E-57,-6.444050657
LOC112053439,cytochrome c,Cyt-c-p,1065.374356,2.446498906,2.85E-57,-2.446498906
LOC112054409,cytochrome b5-like,Cyt-b5,485.1571245,2.58650951,2.85E-57,-2.58650951
LOC112045511,alpha-mannosidase 2,alpha-Man-IIb,327.7401208,-2.934488551,3.72E-57,2.934488551
LOC112050532,high affinity copper uptake protein 1-like,Ctr1A,2845.786004,3.116404596,4.43E-57,-3.116404596
LOC112055214,"glucose dehydrogenase [FAD, quinone]-like",Gld,394.0786554,7.248973168,4.62E-57,-7.248973168
LOC112058437,C-type lectin,CG4115,3992.394187,5.201564563,4.85E-57,-5.201564563
LOC112051144,importin subunit alpha-1-like,alphaKap2,945.9643137,-4.284524113,6.14E-57,4.284524113
LOC112057691,kinetochore protein NDC80 homolog,LOC112057691,340.1556366,-5.344596754,6.71E-57,5.344596754
LOC112047524,23 kDa integral membrane protein-like,Tsp42Ed,510.5256008,8.722870303,7.44E-57,-8.722870303
LOC112058175,cuticle protein 8-like,Cpr62Bc,31423.5674,16.67839788,9.05E-57,-16.67839788
LOC112058000,synaptic vesicle membrane protein VAT-1 homolog-like isoform X1,Fdh,15607.79882,-1.710940134,9.50E-57,1.710940134
LOC112057478,NA,NA,762.3893209,2.328097611,1.05E-56,-2.328097611
LOC112047695,inorganic pyrophosphatase,Nurf-38,5696.148004,1.663095495,1.08E-56,-1.663095495
LOC112050186,zinc finger protein 177-like,LOC112050186,558.6941849,-3.611833069,1.28E-56,3.611833069
LOC112048699,DNA-(apurinic or apyrimidinic site) lyase,Rrp1,7501.142194,-1.411846534,1.52E-56,1.411846534
LOC112057719,larval cuticle protein 1-like,Cpr47Ea,21083.84828,5.61507361,1.62E-56,-5.61507361
LOC112058233,protein kinase DC2,Pka-C3,437.1564287,6.450149124,2.18E-56,-6.450149124
LOC112055169,ras-related protein Rab-32 isoform X5,Rab32,4830.847064,6.117439923,2.56E-56,-6.117439923
LOC112053609,ubiquitin-like protein FUBI,RpS30,14092.48509,0.827322466,5.85E-56,-0.827322466
LOC112045492,larval/pupal rigid cuticle protein 66-like,CPR59,2616.80289,-7.629108374,5.98E-56,7.629108374
LOC112052130,uncharacterized protein LOC112052130 isoform X1,CG14830,1226.873349,3.857312974,6.01E-56,-3.857312974
LOC112053500,BAM18483.1  CG32036,CG32036,5492.556449,13.53325049,7.46E-56,-13.53325049
LOC112043583,peroxisomal membrane protein 11C-like,CG13827,978.2934153,1.51046632,8.02E-56,-1.51046632
LOC112046202,replication protein A 70 kDa DNA-binding subunit,RpA-70,1842.671798,-1.714885765,1.31E-55,1.714885765
LOC112046307,breast cancer type 1 susceptibility protein homolog,LOC112046307,686.3648311,-1.819033814,1.36E-55,1.819033814
LOC112046533,protein MIS12 homolog,LOC112046533,302.0132345,-4.616893394,3.16E-55,4.616893394
LOC112050374,cytochrome c oxidase subunit NDUFA4,ND-MLRQ,2373.782154,1.639380001,3.22E-55,-1.639380001
LOC112043303,multidrug resistance-associated protein 4-like,ABCC2,448.8988777,-8.48160143,3.23E-55,8.48160143
LOC112053825,cytochrome b-c1 complex subunit 7-like,UQCR-14,2176.291846,1.393432386,3.28E-55,-1.393432386
LOC112044096,tensin-1 isoform X8,by,1525.332574,2.627563662,4.89E-55,-2.627563662
LOC112054869,sugar transporter SWEET1,LOC112054869,1000.331548,3.620587788,5.63E-55,-3.620587788
LOC112049659,putative protease inhibitor 4,LOC112049659,786.89817,-4.658502926,5.68E-55,4.658502926
LOC112048369,zinc transporter 2-like isoform X1,ZnT35C,424.4301803,7.052191208,7.80E-55,-7.052191208
LOC112056544,estradiol 17-beta-dehydrogenase 2,CG13377,1130.043638,2.515616004,8.09E-55,-2.515616004
LOC112045001,xanthine dehydrogenase,ry,1764.020088,2.769306393,1.03E-54,-2.769306393
LOC112045274,uncharacterized peptidase C1-like protein F26E4.3,Swim,494.7102205,4.712152928,1.20E-54,-4.712152928
LOC112052803,E3 ubiquitin-protein ligase ZNRF1,CG14435,1599.944717,2.068349126,1.21E-54,-2.068349126
LOC112043988,uncharacterized LOC101737518,LOC112043988,449.1006889,-4.535248729,1.43E-54,4.535248729
LOC112044629,pancreatic triacylglycerol lipase-like isoform X1,CG6847,3173.099862,5.522293597,2.19E-54,-5.522293597
LOC112048330,uncharacterized protein LOC112048330,LOC112048330,33553.46661,18.61992282,2.36E-54,-18.61992282
LOC112050646,non-specific lipid-transfer protein,Scpx,19106.88189,3.035995339,2.45E-54,-3.035995339
LOC112054484,arginine kinase isoform X1,Argk,5193.642952,-3.196448515,2.86E-54,3.196448515
LOC112058206,cuticle protein 19-like,Cpr62Bc,41154.40615,18.91533736,5.34E-54,-18.91533736
LOC112053695,xin actin-binding repeat-containing protein 2 isoform X1,pot,16917.06687,1.967004386,6.16E-54,-1.967004386
LOC112050284,uncharacterized protein LOC112050284,gatA,202.8027662,-4.336131989,7.46E-54,4.336131989
LOC112058294,Golgi apparatus protein 1,Glg1,2066.421281,-1.198993802,1.01E-53,1.198993802
LOC112056128,hypoxia up-regulated protein 1,CG2918,7061.479404,-1.081029765,1.04E-53,1.081029765
LOC112049999,citron Rho-interacting kinase-like,LOC112049999,2028.401588,-4.526596062,1.05E-53,4.526596062
LOC112046675,fasciculation and elongation protein zeta-2,Unc-76,1965.785036,3.743207305,1.06E-53,-3.743207305
LOC112053308,cadherin-87A-like isoform X1,Cad87A,2814.684932,1.443637226,1.51E-53,-1.443637226
LOC112048772,protein bark beetle isoform X1,bark,6181.330937,-1.382888665,1.60E-53,1.382888665
LOC112058354,unc-112-related protein-like,Fit1,4690.311806,1.956642574,2.61E-53,-1.956642574
LOC112043720,lambda-crystallin homolog,Had1,4501.434726,3.765052654,2.91E-53,-3.765052654
LOC112047246,kinesin-like protein KIF18A isoform X1,Klp67A,585.856328,-5.784888228,4.02E-53,5.784888228
LOC112055991,major facilitator superfamily domain-containing protein 12-like isoform X1,LOC112055991,542.1304474,8.984163656,4.62E-53,-8.984163656
LOC112044749,aminoacylase-1-like,CG6465,1098.566494,3.88522168,5.63E-53,-3.88522168
LOC112058554,"alanine--tRNA ligase, cytoplasmic",AlaRS,7319.545156,1.850062203,5.64E-53,-1.850062203
LOC112051320,tetra-peptide repeat homeobox protein 1-like,LOC112051320,4924.600339,-4.887127716,5.71E-53,4.887127716
LOC112054632,protein white,w,2931.659795,5.03369792,8.75E-53,-5.03369792
LOC112043196,protein transport protein SEC31-like isoform X3,dyl,725.0309685,8.957376685,9.14E-53,-8.957376685
LOC112053606,uncharacterized LOC106121975 precursor,CG32816,696.7875318,5.459640636,9.49E-53,-5.459640636
LOC112054947,uncharacterized protein LOC112054947,roh,4714.766065,1.306857799,1.86E-52,-1.306857799
LOC112047518,superoxide dismutase [Cu-Zn] 2-like,Sod3,6462.036125,-2.344701249,1.86E-52,2.344701249
LOC112042944,putative G-protein coupled receptor 112,CG15556,241.9224902,4.038019169,1.97E-52,-4.038019169
LOC112054471,RNA-binding protein 33-like,LOC112054471,2336.027,11.62916673,2.01E-52,-11.62916673
LOC112052131,protein artichoke-like,caps,1185.724145,-3.154630749,2.12E-52,3.154630749
LOC112042794,ubiquitin-fold modifier-conjugating enzyme 1,Ufc1,1787.022193,1.914347574,2.18E-52,-1.914347574
LOC112058171,cuticle protein-like,Cpr62Bc,27301.15738,18.3185566,2.81E-52,-18.3185566
LOC112055114,uncharacterized protein LOC112055114,CG15564,592.2815653,7.79486292,5.22E-52,-7.79486292
LOC112055294,GPI mannosyltransferase 3,PIG-B,1249.541532,-1.390036013,7.96E-52,1.390036013
LOC112044575,"malate dehydrogenase, cytoplasmic",Mdh1,5981.918101,1.330814041,9.03E-52,-1.330814041
LOC112052356,proto-oncogene c-Fos,Atf3,442.5581222,2.841178752,1.15E-51,-2.841178752
LOC112046042,phospholipid scramblase 2 isoform X1,scramb1,2932.485438,1.086083716,1.29E-51,-1.086083716
LOC112048648,aldo-keto reductase AKR2E4-like,CG9436,5980.321636,-5.20484521,1.33E-51,5.20484521
LOC112054506,supervillin isoform X1,LOC112054506,1221.199728,2.422203012,1.72E-51,-2.422203012
LOC112056277,aurora kinase B-like,aurB,627.3793658,-3.694961279,1.89E-51,3.694961279
LOC112046704,nephrin isoform X2,sns,569.9420816,-4.686573271,2.44E-51,4.686573271
LOC112045016,xanthine dehydrogenase-like,ry,728.0135598,2.266281099,3.51E-51,-2.266281099
LOC112052293,general odorant-binding protein 70,Obp73a,1529.899665,11.29747548,3.63E-51,-11.29747548
LOC112051192,serine/threonine-protein kinase vrk,CG8878,1784.008263,-1.199365532,4.09E-51,1.199365532
LOC112043718,yellow-c,yel-c,3657.74908,3.724186892,4.41E-51,-3.724186892
LOC112044999,protein spaetzle 3,spz3,465.0719162,3.88024796,1.12E-50,-3.88024796
LOC112049579,kinesin-like protein CG14535 isoform X1,CG14535,664.2295523,4.427837774,1.41E-50,-4.427837774
LOC112046058,centromere protein F,LOC112046058,1651.94743,-4.177712998,1.80E-50,4.177712998
LOC112047062,myb-like protein AA,CG12964,11196.75459,5.435149379,1.88E-50,-5.435149379
LOC112043653,lysosomal-trafficking regulator,mv,849.5232439,-1.820337035,2.71E-50,1.820337035
LOC112045887,origin recognition complex subunit 1-like,LOC112045887,349.0533529,-5.29951389,3.32E-50,5.29951389
LOC112057842,uncharacterized protein CG43867,CG43867,1144.213357,-2.078933096,3.37E-50,2.078933096
LOC112054554,glycine-rich cell wall structural protein-like,TwdlT,21511.15443,17.99427857,3.59E-50,-17.99427857
LOC112049168,carboxypeptidase Q-like,LOC112049168,567.154788,-4.96012221,4.46E-50,4.96012221
LOC112056647,growth arrest and DNA damage-inducible protein GADD45 alpha,Gadd45,353.8677977,3.403982409,4.69E-50,-3.403982409
LOC112051791,laccase-2-like,stw,4568.563267,6.708458939,4.74E-50,-6.708458939
LOC112051948,teneurin-m isoform X4,LOC112051948,499.2807449,2.5200625,5.86E-50,-2.5200625
LOC112056668,"nascent polypeptide-associated complex subunit alpha, muscle-specific form-like isoform X1",LOC112056668,1823.54497,2.829410077,6.34E-50,-2.829410077
LOC112054228,"ATP synthase subunit g, mitochondrial",ATPsynG,2365.098809,1.769791946,7.63E-50,-1.769791946
LOC112048148,"6-phosphogluconate dehydrogenase, decarboxylating",Pgd,3172.992135,1.795913072,1.39E-49,-1.795913072
LOC112053111,hyphally regulated cell wall protein 1-like,LOC112053111,3587.660651,1.817013729,1.66E-49,-1.817013729
LOC112046412,adipocyte plasma membrane-associated protein-like,Hmu,5018.287892,1.664588166,2.18E-49,-1.664588166
LOC112047183,DNA replication licensing factor MCM4,dpa,940.1163988,-2.776621634,2.27E-49,2.776621634
LOC112047274,prosaposin isoform X1,Sap-r,11452.48663,-1.501671943,2.34E-49,1.501671943
LOC112047163,origin recognition complex subunit 1,Orc1,271.0300384,-4.311392352,3.91E-49,4.311392352
LOC112053513,laminin subunit beta-1,LanB1,4597.805333,-1.572280946,5.01E-49,1.572280946
LOC112043826,transient receptor potential channel pyrexia,Wtrw,131.6347271,-5.472844846,5.46E-49,5.472844846
LOC112051162,cappuccino protein,LOC112051162,819.7848531,1.841072561,6.17E-49,-1.841072561
LOC112055080,OWR52866.1 osiris 9 precursor,Osi9,857.9024987,6.761983671,8.42E-49,-6.761983671
LOC112044295,ecdysteroid-regulated 16 kDa protein-like,LOC112044295,3557.960655,3.304206011,1.04E-48,-3.304206011
LOC112051517,Protein folded gastrulation,LOC112051517,596.8872518,1.7742282,1.08E-48,-1.7742282
LOC112058363,ras guanine nucleotide exchange factor P-like,LOC112058363,1168.680596,-1.15484056,2.38E-48,1.15484056
LOC112052882,OWR44639.1 putative PDZ domain containing 3,a,6982.22512,-4.204652657,2.51E-48,4.204652657
LOC112045659,aquaporin AQPAe.a,Prip,3155.746633,5.34741172,2.57E-48,-5.34741172
LOC112054287,OWR45469.1 TNFSF5 protein,LOC112054287,488.2774394,-2.403741042,2.98E-48,2.403741042
LOC112055375,thioredoxin-related transmembrane protein 1-like,CG5554,1876.879261,-1.107091047,3.28E-48,1.107091047
LOC112052780,"probable methylcrotonoyl-CoA carboxylase beta chain, mitochondrial",Mccc2,340.1971298,4.496103035,4.23E-48,-4.496103035
LOC112049761,cytochrome b5-related protein-like,CG17928,526.7577861,-4.690522669,4.33E-48,4.690522669
LOC112057942,toll-like receptor Tollo,Tollo,4733.489295,-2.102105295,4.50E-48,2.102105295
LOC112056779,"aspartate--tRNA ligase, cytoplasmic",Aats-asp,1676.974673,1.116778176,4.73E-48,-1.116778176
LOC112048657,probable cytochrome P450 305a1,Cyp305a1,360.1455508,6.795232507,5.59E-48,-6.795232507
LOC112058245,OWR47324.1 C-type lectin 4 precursor,CTLGA1,3759.707765,5.504878698,6.33E-48,-5.504878698
LOC112052889,gamete and mating-type specific protein A-like,LOC112052889,159.2678876,5.020397863,6.84E-48,-5.020397863
LOC112053955,leucine-rich repeat-containing protein 24,kek1,696.2315625,-1.882910084,8.61E-48,1.882910084
LOC112046673,uncharacterized protein LOC112046673 isoform X1,CG2865,1623.707967,1.433273542,9.19E-48,-1.433273542
LOC112045652,glycerophosphodiester phosphodiesterase GDPD6-like,LOC112045652,332.7802328,5.672608855,1.17E-47,-5.672608855
LOC112056396,uncharacterized protein LOC112056396,LOC112056396,236.2956909,2.403153984,1.49E-47,-2.403153984
LOC112051795,HD domain-containing protein 2,CG11050,439.7397426,1.965660542,1.63E-47,-1.965660542
LOC112055568,ubiquitin-like modifier-activating enzyme 5,Uba5,2315.378114,2.00494902,1.93E-47,-2.00494902
LOC112050593,cyclin-dependent kinase 1,Cdk1,3678.799441,-2.077629396,2.40E-47,2.077629396
LOC112048570,poly [ADP-ribose] polymerase,Parp,2437.270159,-1.423302379,3.06E-47,1.423302379
LOC112051465,protein singed,sn,6707.206464,-4.891739612,3.21E-47,4.891739612
LOC112050363,glycogen [starch] synthase,GlyS,2163.066349,1.394457591,3.56E-47,-1.394457591
LOC112048445,UDP-glucuronosyltransferase 2B30-like,Ugt36D1,850.4402078,-4.774388504,3.78E-47,4.774388504
LOC112043560,DNA (cytosine-5)-methyltransferase 1-like,LOC112043560,1356.071687,-2.707618085,4.75E-47,2.707618085
LOC112046846,nuclear anchorage protein 1 isoform X2,klar,10901.90678,-2.341296473,5.18E-47,2.341296473
LOC112048143,kinetochore protein Spc25-like,LOC112048143,401.1205695,-4.289615888,7.02E-47,4.289615888
LOC112053962,NA,NA,48140.56475,1.795165524,9.90E-47,-1.795165524
LOC112052138,glycogen-binding subunit 76A isoform X1,Gbs-76A,2820.535548,2.768085502,1.35E-46,-2.768085502
LOC112045502,ADP-ribosylation factor-like protein 5B,Arl5,967.545285,1.601900749,1.46E-46,-1.601900749
LOC112044147,collagen alpha-2(I) chain-like,LOC112044147,2070.614097,12.17036605,1.75E-46,-12.17036605
LOC112056517,"cytochrome c oxidase subunit 6A1, mitochondrial-like",levy,2989.73717,1.662487402,1.90E-46,-1.662487402
LOC112047383,SWI/SNF complex subunit SMARCC2 isoform X1,mor,3421.212193,-1.22279925,2.23E-46,1.22279925
LOC112043671,uncharacterized protein LOC112043671,LOC112043671,191.4082799,-3.54456512,2.86E-46,3.54456512
LOC112047237,proton-coupled folate transporter-like,CG15890,539.823183,7.709847712,2.89E-46,-7.709847712
LOC112044103,elongation of very long chain fatty acids protein 7-like,sit,461.162781,6.320788013,2.93E-46,-6.320788013
LOC112057179,valacyclovir hydrolase,CG5377,471.513021,7.74094998,2.97E-46,-7.74094998
LOC112055566,uncharacterized protein LOC112055566 isoform X1,LOC112055566,2674.273764,3.668167049,3.16E-46,-3.668167049
LOC112048916,fructose-bisphosphate aldolase isoform X1,Ald1,3981.094705,1.660904518,3.95E-46,-1.660904518
LOC112047859,muscle segmentation homeobox-like,Dr,4950.42194,1.414293781,5.84E-46,-1.414293781
LOC112053661,differentially expressed in FDCP 6-like,LOC112053661,1328.677261,5.57187825,5.91E-46,-5.57187825
LOC112058081,Rho GTPase-activating protein 19,RhoGAP54D,452.6037991,-2.482317962,6.16E-46,2.482317962
LOC112052484,alpha-tocopherol transfer protein-like,CG10026,2011.594001,2.631194649,8.60E-46,-2.631194649
LOC112042857,protein takeout,CG2016,1083.980523,-3.600581469,9.62E-46,3.600581469
LOC112053789,N-acetyltransferase eco,eco,632.9733115,-2.409271118,1.03E-45,2.409271118
LOC112055010,signal recognition particle receptor subunit alpha homolog,Gtp-bp,1566.26027,2.203804812,1.04E-45,-2.203804812
LOC112046669,neural-cadherin-like isoform X1,CadN,1239.057876,-4.727178499,1.10E-45,4.727178499
LOC112045905,"probable malate dehydrogenase, mitochondrial",Mdh2,3439.099026,1.404777254,1.13E-45,-1.404777254
LOC112044677,snake venom 5'-nucleotidase isoform X2,CG11883,255.4799093,2.722032013,1.25E-45,-2.722032013
LOC112056740,long-chain fatty acid transport protein 4-like,Fatp1,2842.552598,7.056930029,1.31E-45,-7.056930029
LOC112045966,pupal cuticle protein PCP52-like,LOC112045966,1960.292182,-11.91995211,1.67E-45,11.91995211
LOC112048951,venom allergen 5-like,CG8483,7417.83288,5.427031802,2.21E-45,-5.427031802
LOC112048515,patched domain-containing protein 3-like,PTCHD3,588.3796085,-3.837294092,3.15E-45,3.837294092
LOC112049395,ribosomal protein S6 kinase beta-2,S6k,1492.953585,1.330409879,6.66E-45,-1.330409879
LOC112048396,bicaudal D-related protein homolog,CG32137,2488.245564,-2.376866471,1.02E-44,2.376866471
LOC112056035,GRIP domain-containing protein RUD3-like,LOC112056035,387.6345811,-4.660888583,2.04E-44,4.660888583
LOC112043233,CCAAT/enhancer-binding protein-like,slbo,305.1358415,6.53762886,2.51E-44,-6.53762886
LOC112051247,probable peroxisomal acyl-coenzyme A oxidase 1,CG5009,2209.381655,2.677098803,3.15E-44,-2.677098803
LOC112054772,NADPH oxidase 5,Nox,467.1233273,-6.101431782,3.16E-44,6.101431782
LOC112043870,F-box/LRR-repeat protein 20,CG9003,569.4249498,-1.996829241,3.62E-44,1.996829241
LOC112050411,"succinate dehydrogenase cytochrome b560 subunit, mitochondrial-like",SdhC,1468.362688,2.831452103,3.65E-44,-2.831452103
LOC112054183,cullin-associated NEDD8-dissociated protein 1,Cand1,3991.591997,-1.145485762,4.08E-44,1.145485762
LOC112056252,Zinc finger protein 41,LOC112056252,266.421034,-2.873747422,5.98E-44,2.873747422
LOC112052126,DNA topoisomerase 2,Top2,3250.09737,-2.151965907,6.00E-44,2.151965907
LOC112051694,actin cytoskeleton-regulatory complex protein pan1 isoform X1,Chro,3720.23391,-1.172318161,6.14E-44,1.172318161
LOC112043875,40S ribosomal protein S21,RpS21,13538.80953,0.924715417,7.30E-44,-0.924715417
LOC112049830,protein yippee-like CG15309 isoform X1,CG15309,889.2499503,-2.190833747,7.60E-44,2.190833747
LOC112049245,neurofilament medium polypeptide,LOC112049245,128048.2982,-2.913736663,8.20E-44,2.913736663
LOC112048924,5-hydroxytryptamine receptor 1A-alpha,CG12290,322.7338927,3.275325184,9.83E-44,-3.275325184
LOC112046907,putative prIL-16,bbg,11750.39041,-2.573377027,1.22E-43,2.573377027
LOC112048710,programmed cell death protein 6 isoform X1,Alg-2,2981.941982,1.840109199,1.22E-43,-1.840109199
LOC112055329,uncharacterized protein LOC112055329,LOC112055329,336.45554,-3.750126362,1.24E-43,3.750126362
LOC112046440,integumentary mucin C.1-like,CG12947,9176.642301,16.75095165,1.35E-43,-16.75095165
LOC112046745,transcription factor stalky-like,LOC112046745,562.8871651,-5.29540762,1.38E-43,5.29540762
LOC112048189,myocyte-specific enhancer factor 2 isoform X1,Mef2,3622.492308,-2.227273738,1.69E-43,2.227273738
LOC112047903,UDP-galactose 4-epimerase isoform X1,CG5854,2120.500106,-1.743606685,1.83E-43,1.743606685
LOC112048333,cuticle protein 16.5-like,LOC112048333,12076.78576,9.10302926,2.04E-43,-9.10302926
LOC112045838,titin homolog,Strn-Mlck,726.3411973,2.740528235,2.25E-43,-2.740528235
LOC112055628,"ATPase inhibitor mai-2, mitochondrial-like",CG13551,3024.610539,1.27837021,2.37E-43,-1.27837021
LOC112055209,condensin complex subunit 3,LOC112055209,567.0548624,-3.562792705,3.15E-43,3.562792705
LOC112044236,NADH dehydrogenase [ubiquinone] 1 alpha subcomplex subunit 5,ND-13B,1225.456054,1.508961662,3.20E-43,-1.508961662
LOC112057724,larval cuticle protein 1-like,Cpr11B,1148.657871,7.004286477,3.20E-43,-7.004286477
LOC112053017,origin recognition complex subunit 5,Orc5,237.3840682,-2.108299771,7.04E-43,2.108299771
LOC112049106,glutaredoxin-C4-like,Grx1t,1743.30282,1.415837607,9.79E-43,-1.415837607
LOC112044804,T-complex protein 1 subunit delta,CCT4,10291.10477,1.445857317,1.49E-42,-1.445857317
LOC112045807,uncharacterized protein LOC112045807,LOC112045807,579.3008224,-1.590713385,1.51E-42,1.590713385
LOC112045665,DNA topoisomerase 2-binding protein 1,CG6654,1055.262686,-1.716821552,1.61E-42,1.716821552
LOC112052331,protein phosphatase Slingshot,ssh,1349.040535,1.643860505,2.01E-42,-1.643860505
LOC112055619,"histone-lysine N-methyltransferase, H3 lysine-36 and H4 lysine-20 specific-like",Mes-4,1334.819007,-1.712695913,2.11E-42,1.712695913
LOC112043087,"ATP synthase subunit O, mitochondrial",Oscp,5644.386945,1.350300687,2.48E-42,-1.350300687
LOC112048069,trehalase-like protein,Treh,509.5056666,3.715724478,2.85E-42,-3.715724478
LOC112052973,Osiris 18,Osi18,8705.241061,14.78684008,3.11E-42,-14.78684008
LOC112051947,40S ribosomal protein S24,RpS24,16971.55596,0.94998787,3.24E-42,-0.94998787
LOC112051358,protein trapped in endoderm-1 isoform X2,Tre1,563.8271602,7.662123509,3.35E-42,-7.662123509
LOC112050828,"glycerol-3-phosphate dehydrogenase [NAD(+)], cytoplasmic isoform X1",Gpdh,424.4663914,2.038673198,4.13E-42,-2.038673198
LOC112043424,cytochrome c oxidase subunit 6B1,COX6B,2299.679164,1.418725541,4.44E-42,-1.418725541
LOC112052599,sodium- and chloride-dependent GABA transporter ine-like,ine,1012.831942,1.662409452,4.44E-42,-1.662409452
LOC112051737,sarcolemmal membrane-associated protein,LOC112051737,291.8169089,1.802476502,5.20E-42,-1.802476502
LOC112054114,alpha-N-acetylgalactosaminidase isoform X2,CG5731,4991.793227,3.756110014,5.24E-42,-3.756110014
LOC112046741,"NADH dehydrogenase [ubiquinone] iron-sulfur protein 4, mitochondrial",Ndufs4,1210.555814,1.59019436,6.25E-42,-1.59019436
LOC112051992,LHFPL tetraspan subfamily member 3 protein,Tmhs,2305.580871,1.445963756,7.69E-42,-1.445963756
LOC112058603,integrin beta pat-3-like,LOC112058603,114.8435428,4.531737916,1.10E-41,-4.531737916
LOC112048585,uncharacterized LOC106110237 precursor,CG14752,11784.6218,17.11212118,1.15E-41,-17.11212118
LOC112053124,apyrase-like,CG42249,1559.895694,5.088364514,1.37E-41,-5.088364514
LOC112051953,aminopeptidase N-like,CG11951,868.2551684,3.759968677,1.43E-41,-3.759968677
LOC112043020,eukaryotic translation initiation factor 3 subunit E,eIF3-S6,5427.105644,1.100312426,1.61E-41,-1.100312426
LOC112046382,centrosome-associated zinc finger protein CP190,Cp190,2255.156225,-1.174659687,1.94E-41,1.174659687
LOC112043891,"cytochrome c oxidase subunit 7A2, mitochondrial-like",COX7AL,3822.097124,1.62329449,2.00E-41,-1.62329449
LOC112056099,glycine-rich protein 3-like,LOC112056099,17505.89502,9.208080775,2.65E-41,-9.208080775
LOC112048594,armadillo segment polarity protein isoform X1,arm,9979.726415,-1.015168159,3.11E-41,1.015168159
LOC112056100,glycine-rich protein 3-like,LOC112056100,1285.303751,7.820173874,3.36E-41,-7.820173874
LOC112058267,neutral ceramidase,CDase,1337.552598,3.267562695,3.81E-41,-3.267562695
LOC112052903,helicase ARIP4,CG4049,1753.297194,-1.297606724,5.21E-41,1.297606724
LOC112046159,probable serine/threonine-protein kinase DDB_G0280133 isoform X1,CG17168,1565.132628,-0.930532542,6.30E-41,0.930532542
LOC112045947,solute carrier family 28 member 3-like,CNT2,109.3228469,4.793109264,7.39E-41,-4.793109264
LOC112045460,zinc finger protein chinmo isoform X1,chinmo,112.4659927,4.889205454,7.66E-41,-4.889205454
LOC112055880,acidic repeat-containing protein-like,ect,602.0601577,8.244130041,9.25E-41,-8.244130041
LOC112057486,arginine kinase isoform X2,Argk,1364.697909,-3.2270946,9.35E-41,3.2270946
LOC112053315,phosphoacetylglucosamine mutase,nst,1832.693625,1.95869164,9.77E-41,-1.95869164
LOC112049054,G protein-activated inward rectifier potassium channel 3-like isoform X3,Irk1,743.2493924,3.340916094,1.11E-40,-3.340916094
LOC112045656,filamin-A isoform X1,jbug,17657.04104,2.51003405,1.13E-40,-2.51003405
LOC112052722,uncharacterized protein LOC112052722,sprt,379.089786,-2.026159856,1.21E-40,2.026159856
LOC112049527,thymidylate kinase,CG5757,320.9246581,-2.037507964,1.26E-40,2.037507964
LOC112045404,osiris 19 isoform X1,Osi19,7230.931202,16.37756654,1.43E-40,-16.37756654
LOC112058286,abhydrolase domain-containing protein 2,Hydr2,980.100521,1.754205485,1.60E-40,-1.754205485
LOC112043217,V-type proton ATPase subunit G,Vha13,4292.82202,1.252337132,1.84E-40,-1.252337132
LOC112054462,uncharacterized protein LOC112054462,CG2556,7385.850074,1.98357384,2.43E-40,-1.98357384
LOC112043780,serine protease inhibitor 77Ba-like,SRPN8,2897.725132,-0.927993805,2.74E-40,0.927993805
LOC112054231,ribonucleoside-diphosphate reductase subunit M2,RnrS,1545.880854,-3.817180263,3.55E-40,3.817180263
LOC112050286,upstream activation factor subunit spp27,Non2,6522.813433,-1.442756054,3.84E-40,1.442756054
LOC112050712,venom serine carboxypeptidase,CG4572,2488.775675,-2.890055231,4.19E-40,2.890055231
LOC112044897,aromatic-L-amino-acid decarboxylase-like,amd,932.8492878,6.460575356,4.99E-40,-6.460575356
LOC112043133,actin cytoskeleton-regulatory complex protein pan1,Mrtf,1060.16599,1.268915263,4.99E-40,-1.268915263
LOC112055076,OWR52865.1 osiris 9 precursor,Osi9,2696.72819,5.156363814,5.78E-40,-5.156363814
LOC112051560,endoplasmic reticulum resident protein 29,wbl,1491.936123,-2.492310037,6.07E-40,2.492310037
LOC112052706,uncharacterized protein LOC112052706,LOC112052706,1826.602012,-4.917559699,6.41E-40,4.917559699
LOC112046938,uncharacterized protein LOC112046938,dy,176.9886107,6.539341622,6.53E-40,-6.539341622
LOC112056339,ephexin-1 isoform X1,Exn,5812.944872,1.955477035,6.58E-40,-1.955477035
LOC112047911,synaptic vesicle glycoprotein 2B-like,CG15221,1341.229485,-4.267524763,7.44E-40,4.267524763
LOC112043789,E3 ubiquitin-protein ligase HECW2 isoform X1,CG42797,1990.892525,-3.628053681,7.67E-40,3.628053681
LOC112049962,SUMO-activating enzyme subunit 2,Uba2,2855.463247,-1.031597212,8.39E-40,1.031597212
LOC112047593,V-type proton ATPase catalytic subunit A,Vha68-2,7825.699343,0.998154946,1.24E-39,-0.998154946
LOC112045764,retinol dehydrogenase 11-like,CG2065,314.4384918,5.50759463,1.44E-39,-5.50759463
LOC112054181,golgin subfamily A member 4 isoform X3,CG18304,282.949014,4.369885234,1.57E-39,-4.369885234
LOC112052037,CUE domain-containing protein 2,CG9636,235.926219,-2.126426557,1.69E-39,2.126426557
LOC112043632,NA,NA,556.3584266,2.60337016,2.31E-39,-2.60337016
LOC112053746,phytanoyl-CoA dioxygenase domain-containing protein 1,CG14688,959.2105269,2.704108797,2.37E-39,-2.704108797
LOC112045333,uncharacterized protein LOC112045333,LOC112045333,420.7957731,-2.673943217,2.43E-39,2.673943217
LOC112046276,mini-chromosome maintenance complex-binding protein,CG3430,1191.142664,-1.599974581,2.92E-39,1.599974581
LOC112054652,glutathione S-transferase 2-like,GstS1,679.3711601,-2.878717816,2.94E-39,2.878717816
LOC112051892,"NADH dehydrogenase [ubiquinone] 1 beta subcomplex subunit 5, mitochondrial",ND-SGDH,1693.770528,1.333856143,3.05E-39,-1.333856143
LOC112058449,protein kinase C-binding protein 1-like isoform X2,CG1815,1866.357124,-1.079250911,3.62E-39,1.079250911
LOC112057984,gamma-tubulin complex component 4,Grip75,464.5668068,-1.560484356,3.87E-39,1.560484356
LOC112053495,60S ribosomal protein L21,RpL21,23648.51985,0.771402575,4.08E-39,-0.771402575
LOC112048339,transcription factor Sox-12-like,Sox14,1265.504429,-3.503187102,4.76E-39,3.503187102
LOC112046764,zinc finger protein jing homolog isoform X2,jing,1145.175412,-4.460095756,5.97E-39,4.460095756
LOC112052989,KPJ10984.1 Cuticlin-1,pio,3821.472551,-0.96713411,8.51E-39,0.96713411
LOC112048934,Protein FAM43A,CG8312,2816.887933,1.49023326,9.68E-39,-1.49023326
LOC112055807,myrosinase 1-like,CG9701,340.2849223,4.274138429,9.89E-39,-4.274138429
LOC112050983,flexible cuticle protein 12-like,Lcp65Ac,341.5010331,8.003808568,1.23E-38,-8.003808568
LOC112045177,proton-coupled folate transporter-like,mfs1,571.7489852,5.175364333,1.36E-38,-5.175364333
LOC112054582,"succinate dehydrogenase [ubiquinone] cytochrome b small subunit, mitochondrial",SdhD,1280.677458,1.591962032,1.39E-38,-1.591962032
LOC112058189,cuticle protein 7-like,Cpr62Bc,4559.909773,15.75608527,1.55E-38,-15.75608527
LOC112045653,glycerophosphodiester phosphodiesterase GDPD6-like,LOC112045653,176.0233217,4.96030546,1.57E-38,-4.96030546
LOC112058410,protein 4.1 homolog isoform X1,cora,520.4056293,-2.756525207,2.76E-38,2.756525207
LOC112047263,synaptic vesicle glycoprotein 2C-like,CG31272,141.9923344,4.302191959,2.97E-38,-4.302191959
LOC112044977,vegetative cell wall protein gp1-like,LOC112044977,4003.196435,15.53627365,2.98E-38,-15.53627365
LOC112058561,carnitine O-acetyltransferase-like isoform X1,CRAT,2162.641409,1.87021817,3.08E-38,-1.87021817
LOC112057701,"ATP synthase subunit b, mitochondrial",ATPsynB,5172.571243,1.231390778,3.96E-38,-1.231390778
LOC112051027,lymphokine-activated killer T-cell-originated protein kinase,CG8173,605.2964994,-4.123530599,4.08E-38,4.123530599
LOC112052474,alpha-tocopherol transfer protein-like,CG5973,781.0509286,7.833642736,4.92E-38,-7.833642736
LOC112053688,uncharacterized protein LOC112053688,PsGEF,2796.248512,-5.007582114,5.15E-38,5.007582114
LOC112043095,guanine nucleotide-binding protein subunit gamma-1,Ggamma1,1490.076408,1.636376898,7.10E-38,-1.636376898
LOC112049828,probable cytochrome P450 49a1,Cyp12e1,800.2139733,-3.255220691,7.99E-38,3.255220691
LOC112055734,chromatin assembly factor 1 subunit A-like,Caf1-180,1285.211293,-1.865945314,1.20E-37,1.865945314
LOC112055752,protein draper-like isoform X1,LOC112055752,959.0954328,-2.427509323,1.35E-37,2.427509323
LOC112045055,NA,NA,61420.66823,-1.539602781,1.36E-37,1.539602781
LOC112054794,endothelial differentiation-related factor 1 homolog,mbf1,3674.455293,0.923479167,1.45E-37,-0.923479167
LOC112044825,pachytene checkpoint protein 2 homolog,pch2,633.618243,-4.745417613,1.57E-37,4.745417613
LOC112050423,up-regulated during skeletal muscle growth protein 5,Neb-cGP,899.247,1.598357216,1.58E-37,-1.598357216
LOC112049066,sodium-independent sulfate anion transporter-like,Esp,430.5918795,8.853244416,1.67E-37,-8.853244416
LOC112057884,CBP80/20-dependent translation initiation factor isoform X1,CG13124,181.6158076,2.732541802,1.95E-37,-2.732541802
LOC112045108,kinesin-like protein KIF23,pav,515.4146402,-3.604835701,1.98E-37,3.604835701
LOC112055196,putative mediator of RNA polymerase II transcription subunit 26,LOC112055196,619.4811541,-1.631225643,2.03E-37,1.631225643
LOC112051927,flocculation protein FLO11,CG15080,3027.345777,4.943629466,2.58E-37,-4.943629466
LOC112057192,"NADH dehydrogenase [ubiquinone] 1 beta subcomplex subunit 8, mitochondrial",LOC112057192,1704.846962,1.111504968,2.66E-37,-1.111504968
LOC112043371,DE-cadherin isoform X1,shg,3651.940498,-1.41997357,2.70E-37,1.41997357
LOC112044769,ribonucleoside-diphosphate reductase large subunit,RnrL,3894.572952,-2.346056622,2.86E-37,2.346056622
LOC112054543,eukaryotic translation initiation factor 3 subunit G,eIF3-S4,5162.778539,0.997581741,3.05E-37,-0.997581741
LOC112053488,arylsulfatase I-like,CG8646,334.6289988,3.272716981,3.38E-37,-3.272716981
LOC112055173,"protein bunched, class 2/F/G isoform-like isoform X1",bun,487.3518469,2.733977436,3.67E-37,-2.733977436
LOC112055461,E3 ubiquitin-protein ligase UHRF1-like,d4,404.3814948,-2.638041901,3.78E-37,2.638041901
LOC112042831,uncharacterized LOC106124743 precursor,snsl,1809.578289,3.878657843,4.47E-37,-3.878657843
LOC112048899,Krueppel-like factor 10,cbt,314.8970485,2.955377023,4.53E-37,-2.955377023
LOC112050432,nostrin isoform X1,Nost,1480.341995,1.082451289,4.84E-37,-1.082451289
LOC112049548,BCL2/adenovirus E1B 19 kDa protein-interacting protein 3 isoform X2,BNIP3,1215.014486,-1.71166406,6.08E-37,1.71166406
LOC112056900,retinaldehyde-binding protein 1-like,CG10657,7246.357938,8.575085136,6.14E-37,-8.575085136
LOC112053235,VWFA and cache domain-containing protein CG16868,CG16868,813.6260391,-1.403689005,6.75E-37,1.403689005
LOC112057350,kynurenine 3-monooxygenase,cn,3094.972863,9.607450395,7.36E-37,-9.607450395
LOC112047786,M-phase inducer phosphatase-like isoform X2,Cdc25,521.6435403,-3.324442997,8.49E-37,3.324442997
LOC112050584,NA,NA,2669.676776,1.722095788,8.79E-37,-1.722095788
LOC112044978,pupal cuticle protein C1B-like,LOC112044978,2133.543893,6.820760814,8.91E-37,-6.820760814
LOC112051001,gelsolin-like,Gel,1854.700263,4.980521233,9.30E-37,-4.980521233
LOC112051709,translocon-associated protein subunit gamma,CG5885,6068.716852,1.799716688,9.62E-37,-1.799716688
LOC112058252,centrosomin isoform X1,cnn,1288.663001,-3.564486099,1.03E-36,3.564486099
LOC112050404,"phosphoglycolate phosphatase 1B, chloroplastic-like",CG15739,503.2638417,3.587216737,1.12E-36,-3.587216737
LOC112054073,snake venom 5'-nucleotidase isoform X1,CG11883,159.0248326,2.578860474,1.52E-36,-2.578860474
LOC112047241,signal recognition particle subunit SRP72,Srp72,3490.370774,1.332918462,1.60E-36,-1.332918462
LOC112053568,uncharacterized protein LOC112053568,LOC112053568,6463.951346,15.25604786,1.73E-36,-15.25604786
LOC112052438,TKX27960.1 cuticular protein RR-2,Cpr50Ca,2178.922523,4.022265014,2.00E-36,-4.022265014
LOC112053058,atrial natriuretic peptide receptor 1-like isoform X1,CG31183,1019.050047,3.100611771,2.01E-36,-3.100611771
LOC112049719,chorion b-ZIP transcription factor,LOC112049719,9213.91304,1.347037851,2.18E-36,-1.347037851
LOC112057596,glyoxylate reductase/hydroxypyruvate reductase,CG1236,1175.077777,2.053475748,2.61E-36,-2.053475748
LOC112054660,LOW QUALITY PROTEIN: uncharacterized protein LOC112054660,CAP,463.7127335,2.042533984,2.65E-36,-2.042533984
LOC112058184,cuticle protein 7-like,Cpr66Cb,3142.833462,15.22928608,2.90E-36,-15.22928608
LOC112052773,"selenide, water dikinase",Sps1,6456.113753,-1.274155026,3.39E-36,1.274155026
LOC112049250,amino acid transporter AVT1D-like,LOC112049250,15945.00357,2.519063292,3.65E-36,-2.519063292
LOC112052271,intraflagellar transport protein 140 homolog,rempA,606.6062987,-2.059430991,3.73E-36,2.059430991
LOC112045215,chymotrypsin-like elastase family member 2A,CG9649,1357.533153,-4.76428169,3.82E-36,4.76428169
LOC112052843,NADPH--cytochrome P450 reductase isoform X1,Cpr,2407.782296,1.450555658,3.95E-36,-1.450555658
LOC112058418,inter-alpha-trypsin inhibitor heavy chain H4-like,LOC112058418,10035.82509,2.94076505,4.06E-36,-2.94076505
LOC112051473,NA,NA,455.705567,2.906782079,4.20E-36,-2.906782079
LOC112050898,60S ribosomal protein L26,RpL26,22480.67039,0.788272133,4.76E-36,-0.788272133
LOC112056199,histidine triad nucleotide-binding protein 1,HINT1,2083.963631,1.301378273,4.94E-36,-1.301378273
LOC112044729,cytochrome P450 6B7-like,Cyp6a2,595.7906374,-2.662443514,5.71E-36,2.662443514
LOC112044037,probable cation-transporting ATPase 13A3 isoform X1,anne,1230.838906,2.364802012,5.82E-36,-2.364802012
LOC112047168,uncharacterized protein LOC112047168,LOC112047168,130.8757285,4.471877962,6.40E-36,-4.471877962
LOC112044434,NADH-quinone oxidoreductase subunit B 2-like,ND-20,1259.317122,0.898094941,8.60E-36,-0.898094941
LOC112048889,TBC1 domain family member 24 isoform X2,sky,1840.83796,1.565415534,9.91E-36,-1.565415534
LOC112049298,regulator of nonsense transcripts 3B-like,LOC112049298,4325.975835,1.122066141,1.26E-35,-1.122066141
LOC112049532,"putative ATP synthase subunit f, mitochondrial",Atp5j2,3345.725308,1.453231823,1.80E-35,-1.453231823
LOC112051312,protein lin-52 homolog,LOC112051312,373.3733487,-2.524890376,1.97E-35,2.524890376
LOC112056049,thioredoxin domain-containing protein 9,CG4511,2378.839684,1.620226274,2.03E-35,-1.620226274
LOC112043090,kelch-like protein 5,CG17754,471.4870257,-1.955567993,2.06E-35,1.955567993
LOC112042985,protein held out wings isoform X5,how,7868.58026,1.941855016,2.14E-35,-1.941855016
LOC112049231,S-adenosylmethionine decarboxylase proenzyme,SamDC,492.6223125,2.522783374,2.14E-35,-2.522783374
LOC112046821,CRAL-TRIO domain-containing protein,CG33966,747.6179594,5.495692341,2.29E-35,-5.495692341
LOC112056124,uncharacterized LOC106121622 precursor,CG11409,1013.121585,11.06147952,2.48E-35,-11.06147952
LOC112046572,tubulin polyglutamylase TTLL4-like isoform X2,TTLL4A,1708.057447,-1.251826715,2.99E-35,1.251826715
LOC112053959,40S ribosomal protein S20,RpS20,21002.6344,1.128261661,3.58E-35,-1.128261661
LOC112052917,serine/threonine-protein kinase polo,polo,1612.88133,-5.691655128,3.87E-35,5.691655128
LOC112045504,hepatic leukemia factor isoform X3,Pdp1,268.2462913,2.218374851,3.94E-35,-2.218374851
LOC112042926,glutamine synthetase 2 cytoplasmic-like,Gs2,2654.454961,5.43114101,4.03E-35,-5.43114101
LOC112049113,"sushi, von Willebrand factor type A, EGF and pentraxin domain-containing protein 1",fw,1598.382217,2.258197387,4.85E-35,-2.258197387
LOC112047890,"beta-1,3-glucan-binding protein-like",GNBP3,6110.377019,-4.717621295,5.40E-35,4.717621295
LOC112051163,deoxyuridine 5'-triphosphate nucleotidohydrolase,dUTPase,770.519572,-3.392683909,5.72E-35,3.392683909
LOC112051487,transcription factor Sox-5,Sox102F,419.1935994,-1.683870013,5.97E-35,1.683870013
LOC112045555,serendipity locus protein alpha,Sry-alpha,443.3968979,-4.771421846,7.62E-35,4.771421846
LOC112046441,protein transport protein Sec23A isoform X1,Sec23,7675.101804,1.13472166,8.51E-35,-1.13472166
LOC112054536,probable Ras GTPase-activating protein isoform X3,raskol,1866.337954,-1.246573532,1.09E-34,1.246573532
LOC112047512,CD63 antigen-like isoform X1,Tsp42Ee,12364.41491,1.641277745,1.21E-34,-1.641277745
LOC112049447,toll-like receptor 7,18w,1461.505056,-1.763163089,1.29E-34,1.763163089
LOC112049328,inner centromere protein isoform X2,stai,15729.78027,-2.598069183,1.35E-34,2.598069183
LOC112043599,nucleoporin NDC1,LOC112043599,637.5851307,-1.927574476,1.40E-34,1.927574476
LOC112058312,uncharacterized protein LOC112058312,CG43861,1497.192949,-1.790384321,1.56E-34,1.790384321
LOC112050148,cytochrome P450 4C1-like,Cyp4ac1,208.3602566,-4.677085714,1.64E-34,4.677085714
LOC112054505,probable phosphorylase b kinase regulatory subunit alpha isoform X3,CG7766,1995.055657,1.256359895,1.67E-34,-1.256359895
LOC112051145,scavenger receptor class B member 1,SCRB3,1421.454412,5.891710556,1.73E-34,-5.891710556
LOC112052090,WD repeat and HMG-box DNA-binding protein 1,Ctf4,653.3929463,-2.306032343,1.75E-34,2.306032343
LOC112044934,uncharacterized protein LOC112044934,LOC112044934,2716.609,13.11358321,1.79E-34,-13.11358321
LOC112043743,uncharacterized protein LOC112043743,LOC112043743,197.942243,4.080884375,1.84E-34,-4.080884375
LOC112053663,phosphoserine phosphatase isoform X2,aay,5198.5082,3.101491221,1.93E-34,-3.101491221
LOC112049299,tubulin-specific chaperone A,CG1890,2369.624069,0.985371966,1.98E-34,-0.985371966
LOC112047627,elongation of very long chain fatty acids protein 4-like,Elo68beta,1137.924154,4.830895018,2.43E-34,-4.830895018
LOC112053130,apyrase-like,CG42249,785.5551894,3.043338889,2.47E-34,-3.043338889
LOC112051080,lysine-specific demethylase 6A isoform X1,Utx,714.7294475,-1.352323277,2.54E-34,1.352323277
LOC112046893,probable elongation factor 1-delta isoform X1,eEF1delta,8663.932157,1.156999981,2.65E-34,-1.156999981
LOC112052550,armadillo repeat-containing protein 6 homolog,CG5721,1566.552226,1.612926538,3.07E-34,-1.612926538
LOC112042803,protein spinster homolog 1,CG14439,1212.110147,-5.907771781,3.32E-34,5.907771781
LOC112054447,transcription termination factor 2,lds,898.4245289,-4.40209616,3.33E-34,4.40209616
LOC112048414,centromere protein J,Sas-4,308.7439534,-3.023289939,3.85E-34,3.023289939
LOC112058143,mitotic spindle assembly checkpoint protein MAD2A,mad2,355.6917922,-3.542947884,4.21E-34,3.542947884
LOC112055041,ras-related protein Rab-30,Rab30,831.8983614,1.62463717,4.25E-34,-1.62463717
LOC112057382,multidrug resistance protein homolog 49-like,Mdr49,183.3189929,-4.004319116,4.38E-34,4.004319116
LOC112049799,mediator of RNA polymerase II transcription subunit 15-like,LOC112049799,4273.568671,4.64537021,4.73E-34,-4.64537021
LOC112050354,polycomb protein EED,esc,683.886466,-2.30305515,4.73E-34,2.30305515
LOC112056691,irregular chiasm C-roughest protein-like isoform X1,rst,2552.560845,-3.508815058,5.61E-34,3.508815058
LOC112048584,afadin isoform X2,cno,2845.984859,-1.322155913,5.88E-34,1.322155913
LOC112051452,uncharacterized protein LOC112051452,LOC112051452,601.1613683,3.585552593,6.14E-34,-3.585552593
LOC112051257,probable peroxisomal acyl-coenzyme A oxidase 1,CG5009,445.8151884,9.513566811,6.42E-34,-9.513566811
LOC112054984,putative polypeptide N-acetylgalactosaminyltransferase 9 isoform X2,Pgant9,9052.569301,-0.925860482,6.62E-34,0.925860482
LOC112057887,formin-like protein CG32138 isoform X1,Frl,1672.235581,1.582040539,7.78E-34,-1.582040539
LOC112050886,long-chain-fatty-acid--CoA ligase 4 isoform X1,Acsl,2870.938042,-1.602651759,8.01E-34,1.602651759
LOC112055464,macrophage mannose receptor 1-like,LOC112055464,1763.454883,-3.115875139,8.95E-34,3.115875139
LOC112052365,kinase D-interacting substrate of 220 kDa B isoform X1,CG42672,916.3032155,-1.13769328,1.16E-33,1.13769328
LOC112050740,cytochrome b5-like,cytb5,233.8316051,7.605113335,1.32E-33,-7.605113335
LOC112058295,DNA primase large subunit,DNApol-alpha60,310.6988429,-2.17733768,1.35E-33,2.17733768
LOC112056263,uncharacterized protein LOC112056263 isoform X2,LOC112056263,1418.857147,0.881680717,1.35E-33,-0.881680717
LOC112044396,mucin-5AC-like,CG13643,3775.155514,2.072627161,1.39E-33,-2.072627161
LOC112045886,hsp70-binding protein 1,LOC112045886,1004.429538,1.284486824,1.40E-33,-1.284486824
LOC112045422,OWR49670.1 osiris 20,Osi20,5477.407857,15.02688586,1.53E-33,-15.02688586
LOC112047636,protein abrupt-like,bab2,457.2338008,1.907273724,1.56E-33,-1.907273724
LOC112049782,baculoviral IAP repeat-containing protein 5,Det,272.7433521,-3.954030634,1.61E-33,3.954030634
LOC112052622,leucine-rich repeats and immunoglobulin-like domains protein 3,lbk,1393.269457,-1.098581674,1.62E-33,1.098581674
LOC112042938,uncharacterized protein LOC112042938 isoform X1,LOC112042938,1376.249031,5.378109339,1.63E-33,-5.378109339
LOC112050069,angiotensin-converting enzyme-like,Ance-3,12684.43527,-2.762824897,1.68E-33,2.762824897
LOC112048344,cholinesterase 2-like,CG10175,1342.336738,2.301868795,1.82E-33,-2.301868795
LOC112049620,C-Maf-inducing protein-like,LOC112049620,349.0602709,3.122197359,1.88E-33,-3.122197359
LOC112045907,alpha-tocopherol transfer protein-like,CG2663,199.6119375,2.870824753,2.46E-33,-2.870824753
LOC112049427,40S ribosomal protein S4,RpS4,42303.4895,0.84158506,2.47E-33,-0.84158506
LOC112045610,myb protein isoform X1,Myb,1508.250442,-2.393190831,2.76E-33,2.393190831
LOC112050093,farnesol dehydrogenase-like,rdhB,595.9347896,9.828881442,2.86E-33,-9.828881442
LOC112045093,DNA N6-methyl adenine demethylase-like isoform X1,Tet,170.2909503,-3.459774612,2.87E-33,3.459774612
LOC112047674,nose resistant to fluoxetine protein 6-like,CG42329,705.910952,5.640203062,2.87E-33,-5.640203062
LOC112048194,mucin-5AC isoform X2,Cda5,19717.85879,4.79004961,2.90E-33,-4.79004961
LOC112051151,"beta-1,3-glucosyltransferase isoform X2",LOC112051151,514.904455,-1.603013136,2.95E-33,1.603013136
LOC112044326,uncharacterized protein LOC112044326 isoform X1,CG7330,2363.948916,14.87040486,3.22E-33,-14.87040486
LOC112045223,MAP kinase-interacting serine/threonine-protein kinase 1-like,Lk6,11570.15232,-1.526497156,3.28E-33,1.526497156
LOC112043861,talin-1 isoform X1,rhea,7054.090758,1.350254542,3.33E-33,-1.350254542
LOC112042872,dnaJ homolog subfamily C member 9,CG6693,594.9866811,-2.092594749,3.56E-33,2.092594749
LOC112044992,vegetative cell wall protein gp1-like,LOC112044992,1864.592298,14.44218091,4.32E-33,-14.44218091
LOC112054894,uncharacterized protein LOC112054894 isoform X1,LOC112054894,481.4843061,2.221806565,4.57E-33,-2.221806565
LOC112053827,"electron transfer flavoprotein subunit alpha, mitochondrial",wal,2919.973267,1.629165895,4.94E-33,-1.629165895
LOC112058072,axoneme-associated protein mst101(2) isoform X1,Pif1A,4457.342518,-1.596109094,4.94E-33,1.596109094
LOC112049794,dual specificity protein kinase lkh1 isoform X1,Doa,7321.265436,0.926282851,4.98E-33,-0.926282851
LOC112052990,proclotting enzyme-like,CG8172,192.3386078,4.600874023,5.65E-33,-4.600874023
LOC112049013,"glutamyl-tRNA(Gln) amidotransferase subunit B, mitochondrial",GatB,3211.581033,2.002507893,5.79E-33,-2.002507893
LOC112054705,eukaryotic translation initiation factor 3 subunit J,Adam,2625.350427,1.19295633,6.27E-33,-1.19295633
LOC112043110,protein canopy 4,CNPYb,819.8482275,-1.790687225,7.11E-33,1.790687225
LOC112048100,cAMP-dependent protein kinase catalytic subunit,Pka-C1,2107.633812,2.017559652,7.86E-33,-2.017559652
LOC112057014,protein disulfide-isomerase,Pdi,18037.59402,-0.768999783,1.04E-32,0.768999783
LOC112050639,uncharacterized protein LOC112050639,CG13868,1046.755724,5.687513636,1.07E-32,-5.687513636
LOC112045072,Rac-like GTP-binding protein ARAC9,RhoU,471.3708151,-2.05640604,1.12E-32,2.05640604
LOC112057173,protein lethal(2)denticleless,l(2)dtl,177.8622735,-2.492683091,1.13E-32,2.492683091
LOC112051167,double-strand break repair protein MRE11,mre11,1676.053986,-1.706893376,1.17E-32,1.706893376
LOC112045548,lysozyme-like,CG6426,3252.593087,-2.802923506,1.28E-32,2.802923506
LOC112050832,DNA polymerase theta,mus308,278.2955449,-2.225879878,1.34E-32,2.225879878
LOC112046040,"NADH dehydrogenase [ubiquinone] 1 alpha subcomplex subunit 9, mitochondrial",Ndufa9,2264.081647,1.233172472,1.36E-32,-1.233172472
LOC112043146,helicase sen1,CG7504,690.7612298,-2.285611726,1.43E-32,2.285611726
LOC112044680,uncharacterized protein LOC112044680,LOC112044680,110.3811032,-6.496479355,1.92E-32,6.496479355
LOC112045746,nose resistant to fluoxetine protein 6-like,CG14204,641.4391586,9.931815313,2.02E-32,-9.931815313
LOC112053779,chaoptin,conv,2941.476952,2.524622123,2.16E-32,-2.524622123
LOC112050766,AN1-type zinc finger protein 2A-like,CG12795,512.2098671,1.405010354,3.90E-32,-1.405010354
LOC112043281,UDP-glucose:glycoprotein glucosyltransferase,Ugt,5229.908108,-1.139797718,4.24E-32,1.139797718
LOC112056546,TPAputative cuticle protein,Lcp65Ac,339.0020905,-4.895083879,4.57E-32,4.895083879
LOC112054530,Golgi to ER traffic protein 4 homolog,CG9853,1018.024776,1.274729423,4.94E-32,-1.274729423
LOC112043635,renin receptor,ATP6AP2,2571.572818,1.212020869,5.01E-32,-1.212020869
LOC112055794,heterogeneous nuclear ribonucleoprotein M-like isoform X2,rump,4782.946876,-1.057936678,5.02E-32,1.057936678
LOC112056102,neuropeptide-like protein 29,LOC112056102,16164.65706,5.707585398,5.35E-32,-5.707585398
LOC112052946,serine/arginine repetitive matrix protein 1-like,LOC112052946,671.1044102,-1.584156905,7.14E-32,1.584156905
LOC112053831,ras-related protein Rab-18,Rab18,1639.26331,1.199704956,7.63E-32,-1.199704956
LOC112049372,zinc finger protein 260-like,LOC112049372,170.8222515,-4.015500895,7.74E-32,4.015500895
LOC112055972,acidic repeat-containing protein,CG14814,188.9729265,-4.429991814,7.98E-32,4.429991814
LOC112055968,chromatin-remodeling complex ATPase chain Iswi isoform X1,Iswi,6343.309203,-0.748990242,8.11E-32,0.748990242
LOC112045044,rac GTPase-activating protein 1-like,tum,567.0880993,-2.654742057,9.84E-32,2.654742057
LOC112043015,uncharacterized protein LOC112043015 isoform X1,LOC112043015,6784.778988,10.6028331,1.02E-31,-10.6028331
LOC112050138,"protein Skeletor, isoforms D/E isoform X1",Skeletor,12230.31534,5.124344251,1.06E-31,-5.124344251
LOC112053200,DNA replication licensing factor Mcm3,Mcm3,1113.368787,-1.887431309,1.08E-31,1.887431309
LOC112051528,T-complex protein 1 subunit alpha,CCT1,9518.45607,1.107515005,1.10E-31,-1.107515005
LOC112047144,insulin-like growth factor-binding protein complex acid labile subunit,LOC112047144,607.2015597,-2.74195996,1.16E-31,2.74195996
LOC112043737,ecdysone receptor isoform X1,EcR,2339.134663,-1.348539235,1.19E-31,1.348539235
LOC112051193,protein outspread isoform X4,osp,3060.678101,2.144958048,1.41E-31,-2.144958048
LOC112050685,leishmanolysin-like peptidase isoform X1,Invadolysin,694.270862,1.601685172,1.46E-31,-1.601685172
LOC112048059,poly(A) polymerase-like,LOC112048059,428.9710697,-5.045255848,1.83E-31,5.045255848
LOC112053100,serine/threonine-protein kinase VRK1,ball,608.9418728,-1.375872153,1.83E-31,1.375872153
LOC112057260,"ATP synthase subunit alpha, mitochondrial",Atp5a1,21755.58658,1.098186233,1.86E-31,-1.098186233
LOC112053848,putative aminopeptidase W07G4.4,Dip-B,139.1841759,2.542786808,1.97E-31,-2.542786808
LOC112057881,60S ribosomal protein L27,RpL27,31137.4997,0.761854941,2.19E-31,-0.761854941
LOC112054669,alpha-crystallin A chain-like,l(2)efl,2879.8965,-3.61256022,2.21E-31,3.61256022
LOC112047385,interferon-related developmental regulator 1,CG31694,4693.872871,1.61057627,2.29E-31,-1.61057627
LOC112043141,uncharacterized protein LOC112043141 isoform X1,LOC112043141,234.3622009,3.798380896,2.36E-31,-3.798380896
LOC112043619,autophagy-related protein 16 isoform X1,Atg16,424.5191647,1.481138043,2.65E-31,-1.481138043
LOC112051460,uncharacterized protein LOC112051460,LOC112051460,293.0557262,3.229121709,3.09E-31,-3.229121709
LOC112052561,mannose-P-dolichol utilization defect 1 protein homolog,CG3792,1165.894576,1.826514303,3.65E-31,-1.826514303
LOC112048503,ubiquitin-conjugating enzyme E2-24 kDa isoform X1,Ubc2,5534.032508,-0.979077505,4.05E-31,0.979077505
LOC112043637,DNA polymerase delta subunit 3-like,LOC112043637,448.829415,-2.044939725,4.78E-31,2.044939725
LOC112057396,alpha-tocopherol transfer protein-like,CG33966,136.5653819,6.962655614,4.81E-31,-6.962655614
LOC112044372,rho GTPase-activating protein 11A-like,LOC112044372,380.9111885,-3.856391715,5.81E-31,3.856391715
LOC112056012,NA,NA,244.3718025,-2.623342896,6.34E-31,2.623342896
LOC112058392,replication factor C subunit 1,Gnf1,1151.820116,-1.42039592,6.53E-31,1.42039592
LOC112057663,protein male-specific lethal-1 isoform X1,LOC112057663,645.4629318,-1.160516833,6.61E-31,1.160516833
LOC112049268,pH-response regulator protein palA/RIM20-like,CG4004,251.1760448,1.853961186,6.74E-31,-1.853961186
LOC112049658,chitinase A-like precursor,Cht4,3733.74597,-4.091503239,7.22E-31,4.091503239
LOC112043030,Serine/threonine-protein kinase SBK1,LOC112043030,964.7301994,-1.917979437,7.24E-31,1.917979437
LOC112054722,bromodomain adjacent to zinc finger domain protein 1A isoform X1,Acf1,656.9936172,-2.073934187,7.45E-31,2.073934187
LOC112055523,protein stunted-like isoform X1,sun,1992.226701,1.768601648,7.90E-31,-1.768601648
LOC112051395,facilitated trehalose transporter Tret1-like,mfs4,581.2002742,10.25978823,8.03E-31,-10.25978823
LOC112050754,loricrin-like isoform X2,LOC112050754,183.0441731,7.241289149,8.48E-31,-7.241289149
LOC112046230,ABC transporter G family member 20-like,CG11147,1066.314688,3.667659185,8.99E-31,-3.667659185
LOC112055075,uncharacterized LOC106116250 precursor,Osi9,2050.405894,14.59491242,1.05E-30,-14.59491242
LOC112051421,O-glucosyltransferase rumi homolog,rumi,319.0842763,-1.773880574,1.17E-30,1.773880574
LOC112046491,NADH dehydrogenase [ubiquinone] 1 beta subcomplex subunit 10,Ndufb10,1840.95437,1.372207171,1.32E-30,-1.372207171
LOC112050002,period circadian protein isoform X1,per,182.7757834,2.656164155,1.45E-30,-2.656164155
LOC112051562,cytochrome b-c1 complex subunit 9,ox,820.3763763,1.661453178,1.50E-30,-1.661453178
LOC112044496,oxygen-dependent coproporphyrinogen-III oxidase isoform X1,Coprox,1183.515456,1.034468201,1.56E-30,-1.034468201
LOC112051650,probable prefoldin subunit 4,Pfdn4,1534.90202,1.206113724,1.86E-30,-1.206113724
LOC112045096,protein transport protein Sec61 subunit alpha,Sec61alpha,25286.3902,1.180858706,1.92E-30,-1.180858706
LOC112045239,probable ribonuclease ZC3H12B isoform X2,Regnase-1,1065.699922,1.626402317,1.94E-30,-1.626402317
LOC112058629,putative fatty acyl-CoA reductase CG5065,CG5065,685.0845524,10.54581063,1.96E-30,-10.54581063
LOC112048341,esterase FE4-like,CG10175,892.4877582,1.672186731,2.07E-30,-1.672186731
LOC112057706,venom serine protease Bi-VSP-like,CG1299,1616.610215,3.441896272,2.13E-30,-3.441896272
LOC112048952,venom carboxylesterase-6-like,CG10175,387.7257025,1.5716165,2.35E-30,-1.5716165
LOC112054353,NA,NA,94.68235629,-4.607282611,2.41E-30,4.607282611
LOC112043739,telomere-associated protein RIF1,Rif1,1594.123495,-1.518623911,3.04E-30,1.518623911
LOC112056728,cytosolic 10-formyltetrahydrofolate dehydrogenase,CG8665,270.5335875,5.557947994,4.24E-30,-5.557947994
LOC112047362,V-type proton ATPase subunit E,Vha26,6357.652227,1.103525483,4.87E-30,-1.103525483
LOC112048745,ATP-binding cassette sub-family G member 4 isoform X2,CG3164,1586.950002,0.947373758,5.29E-30,-0.947373758
LOC112047824,catalase,Cat,11991.83888,2.320632718,5.67E-30,-2.320632718
LOC112047015,Na(+)/H(+) exchange regulatory cofactor NHE-RF1,CG10939,1104.105046,0.951495272,5.88E-30,-0.951495272
LOC112045965,pupal cuticle protein PCP52-like,LOC112045965,12517.00667,-12.62755688,6.25E-30,12.62755688
LOC112046818,leucine-rich repeat-containing protein 15,Lrt,1911.23567,-2.452511444,6.30E-30,2.452511444
LOC112051183,tyrosine-protein phosphatase 10D,Ptp10D,6772.27118,1.082405839,6.86E-30,-1.082405839
LOC112050264,putative vitellogenin receptor,yl,690.4632668,-1.812040198,6.91E-30,1.812040198
LOC112043723,elongation of very long chain fatty acids protein AAEL008004-like,CG31523,2089.046969,2.360824908,7.52E-30,-2.360824908
LOC112049437,60S ribosomal protein L36,RpL36,17501.67013,0.85817687,8.39E-30,-0.85817687
LOC112052639,PDZ and LIM domain protein Zasp,LOC112052639,194.1865297,5.471420526,8.90E-30,-5.471420526
LOC112052205,60S ribosomal protein L31,RpL31,14330.78763,0.961826567,8.94E-30,-0.961826567
LOC112052157,endochitinase A,dsx-c73A,413.9301433,-5.226246681,9.99E-30,5.226246681
LOC112046119,microtubule-associated protein futsch-like,futsch,5557.968683,2.626158452,1.04E-29,-2.626158452
LOC112044451,replication protein A 32 kDa subunit,RPA2,471.7619327,-2.137738994,1.13E-29,2.137738994
LOC112043153,puromycin-sensitive aminopeptidase,Psa,5093.399892,1.659750574,1.16E-29,-1.659750574
LOC112050539,atlastin-like,atl,759.5351079,5.36169211,1.19E-29,-5.36169211
LOC112052172,cytochrome P450 9e2-like,Cyp6a14,583.6746436,1.652036523,1.19E-29,-1.652036523
LOC112057641,bromodomain-containing protein DDB_G0280777-like,LOC112057641,307.3209146,8.941181165,1.20E-29,-8.941181165
LOC112052875,mucin-5AC-like isoform X2,LOC112052875,292.9553824,3.907900011,1.24E-29,-3.907900011
LOC112055605,"glucose dehydrogenase [FAD, quinone]-like",CG9518,2078.367149,-5.783012715,1.48E-29,5.783012715
LOC112055509,myosin-IIIb-like isoform X2,ninaC,933.667056,2.089125678,1.65E-29,-2.089125678
LOC112048284,monocarboxylate transporter 12,Mct1,1489.132786,4.809428648,1.65E-29,-4.809428648
LOC112052052,cadherin-86C,Cad86C,1119.092813,2.209068775,1.77E-29,-2.209068775
LOC112045260,60S ribosomal protein L37a,RpL37A,13450.71555,1.158835203,1.81E-29,-1.158835203
LOC112047074,circumsporozoite protein,CG13857,1405.592575,-3.591343326,1.83E-29,3.591343326
LOC112054492,XP_013133305.1  mucin-2,CG12991,1101.450716,-1.925975028,1.90E-29,1.925975028
LOC112048138,uncharacterized protein LOC112048138,LOC112048138,177.1713392,2.416119143,2.18E-29,-2.416119143
LOC112056092,chorion class B protein B.L1-like isoform X2,LOC112056092,1164.166275,11.94845994,2.24E-29,-11.94845994
LOC112054216,G1/S-specific cyclin-E,CycE,208.5553883,-2.986070051,2.25E-29,2.986070051
LOC112045810,protein THEM6-like,CG4666,629.7260358,-1.755301141,2.44E-29,1.755301141
LOC112056054,nucleolar and coiled-body phosphoprotein 1,CG42258,1557.25397,1.140952881,2.50E-29,-1.140952881
LOC112049100,protein MLP1-like isoform X1,LOC112049100,271.4279924,-4.301843401,2.73E-29,4.301843401
LOC112044101,elongation of very long chain fatty acids protein 7-like,CG33110,1248.3918,5.32449816,2.75E-29,-5.32449816
LOC112058512,golgin subfamily A member 6-like protein 22,LOC112058512,662.632489,-2.954182758,2.79E-29,2.954182758
LOC112047374,protein odr-4 homolog,LOC112047374,1138.62703,0.882502852,3.19E-29,-0.882502852
LOC112057837,tethering factor for nuclear proteasome STS1,CG5199,937.4416536,-2.096743985,3.48E-29,2.096743985
LOC112050895,neurofilament heavy polypeptide-like isoform X2,LOC112050895,2341.863121,-1.090345151,3.57E-29,1.090345151
LOC112055063,60S ribosomal protein L18,RpL18,28738.66459,0.803378919,3.70E-29,-0.803378919
LOC112051638,heterogeneous nuclear ribonucleoprotein U-like protein 1,CG30122,11575.93911,-0.77071562,5.13E-29,0.77071562
LOC112058335,cadherin-86C,Cad86C,6639.51114,2.098896648,5.60E-29,-2.098896648
LOC112049304,DDB1- and CUL4-associated factor 12,DCAF12,2361.922987,2.306136835,5.68E-29,-2.306136835
LOC112051653,ATP-dependent DNA helicase Q4,RecQ4,442.5591751,-2.063632105,6.05E-29,2.063632105
LOC112054178,"histone-lysine N-methyltransferase, H3 lysine-79 specific isoform X1",gpp,1436.430743,-1.065858193,6.33E-29,1.065858193
LOC112048480,neurobeachin isoform X2,rg,2222.678547,-0.906470415,6.50E-29,0.906470415
LOC112044485,NADH dehydrogenase [ubiquinone] 1 beta subcomplex subunit 4,ND-B15,918.5099451,1.959720612,6.81E-29,-1.959720612
LOC112046465,structural maintenance of chromosomes protein 1A,SMC1,2823.06036,-1.826798862,8.41E-29,1.826798862
LOC112047336,"ATP synthase subunit gamma, mitochondrial",Atp5c1,9687.082947,0.994515968,1.02E-28,-0.994515968
LOC112054955,"ATP synthase-coupling factor 6, mitochondrial",ATPsynCF6,2746.934085,1.443487961,1.11E-28,-1.443487961
LOC112047545,MD-2-related lipid-recognition protein-like,LOC112047545,129.3659468,5.091821548,1.12E-28,-5.091821548
LOC112046830,RNA-binding protein MEX3B,CG11360,5810.108159,-2.51505426,1.25E-28,2.51505426
LOC112051969,histone-lysine N-methyltransferase eggless isoform X2,egg,1801.088726,-1.401211245,1.28E-28,1.401211245
LOC112048994,ell-associated factor Eaf,Eaf,770.2679981,1.585148019,1.38E-28,-1.585148019
LOC112053153,protein phosphatase 1D,Pp2C1,471.1347993,1.283534515,1.39E-28,-1.283534515
LOC112050022,probable chitinase 2,Cht2,4509.57053,1.794354425,1.50E-28,-1.794354425
LOC112057352,ATP-binding cassette sub-family A member 1-like,CG34120,153.1030354,5.454121871,1.54E-28,-5.454121871
LOC112054252,uncharacterized protein LOC112054252,LOC112054252,226.5174479,3.152856384,1.57E-28,-3.152856384
LOC112044000,zinc finger protein on ecdysone puffs isoform X1,LOC112044000,2955.918708,-0.918026049,1.79E-28,0.918026049
LOC112054662,putative sodium-dependent multivitamin transporter,CG32669,415.775801,2.941587725,2.14E-28,-2.941587725
LOC112054209,microtubule-associated protein futsch isoform X1,e(y)3,4524.265835,-0.775400219,2.18E-28,0.775400219
LOC112052397,nucleosome-remodeling factor subunit NURF301,E(bx),3152.719618,-0.762117426,2.20E-28,0.762117426
LOC112042913,kalirin isoform X3,Drak,1214.626872,0.986160479,2.53E-28,-0.986160479
LOC112050417,RNA-binding protein squid isoform X1,sqd,36461.42868,-0.634611745,2.55E-28,0.634611745
LOC112054268,OWR54370.1 Chromatin modification-related protein YNG2,MESR4,1702.297508,-0.767131282,3.10E-28,0.767131282
LOC112043269,uncharacterized protein LOC112043269,CG9034,845.5602473,1.1788362,3.66E-28,-1.1788362
LOC112052404,40S ribosomal protein S12,RpS12,15832.0247,0.69795846,3.69E-28,-0.69795846
LOC112044945,cuticular protein hypothetical 12 precursor,LOC112044945,5809.023361,-12.05999529,3.72E-28,12.05999529
LOC112053182,stromal interaction molecule homolog isoform X1,Stim,794.5970469,1.362120716,3.84E-28,-1.362120716
LOC112055487,40S ribosomal protein S27,RpS27,18257.72568,0.783441791,4.25E-28,-0.783441791
LOC112048962,60S ribosomal protein L24,RpL24,26698.51638,0.825252678,4.43E-28,-0.825252678
LOC112049610,protein artichoke,CG7896,4657.400838,-0.831042454,4.48E-28,0.831042454
LOC112050064,proline-rich protein 4-like,LOC112050064,1175.644924,13.78618212,4.61E-28,-13.78618212
LOC112052694,vigilin,Dp1,16652.33756,1.143373351,5.31E-28,-1.143373351
LOC112050223,Protein transport protein Sec61 subunit gamma,Sec61gamma,10480.01334,2.211562486,5.79E-28,-2.211562486
LOC112049140,uncharacterized protein LOC112049140 isoform X1,LOC112049140,805.7425351,1.873676414,6.00E-28,-1.873676414
LOC112052704,serine/threonine-protein phosphatase 2B catalytic subunit 3-like,CanA-14F,3012.822503,0.891619785,6.23E-28,-0.891619785
LOC112054031,eukaryotic translation initiation factor 2 subunit 2,eIF-2beta,4661.807025,1.069391184,6.27E-28,-1.069391184
LOC112046961,mitochondrial pyruvate carrier 1,Mpc1,482.4686104,1.382206302,6.86E-28,-1.382206302
LOC112047909,tRNA (guanine(10)-N2)-methyltransferase homolog,CG1074,841.8550992,0.93305055,7.81E-28,-0.93305055
LOC112046296,insulin-like growth factor 2 mRNA-binding protein 1 isoform X3,Imp,8089.678779,-0.89313996,8.68E-28,0.89313996
LOC112050763,"electron transfer flavoprotein-ubiquinone oxidoreductase, mitochondrial",Etf-QO,1770.571339,1.221906221,9.65E-28,-1.221906221
LOC112052899,NADH dehydrogenase [ubiquinone] 1 beta subcomplex subunit 7-like,Ndufb7,1587.805531,1.102303001,1.02E-27,-1.102303001
LOC112044352,protein hairless,H,3600.817961,-0.660687622,1.12E-27,0.660687622
LOC112044829,NADH dehydrogenase [ubiquinone] 1 alpha subcomplex subunit 11,ND-B14.7,1397.834356,1.393885951,1.48E-27,-1.393885951
LOC112044841,augmin complex subunit dgt3,LOC112044841,345.240934,-3.291278528,1.49E-27,3.291278528
LOC112052250,NA,NA,208.0739932,3.210653386,1.70E-27,-3.210653386
LOC112050306,larval cuticle protein A2B-like,Ccp84Ad,862.058551,13.31664699,1.74E-27,-13.31664699
LOC112050173,protein obstructor-E-like,Cpap3-e,426.1662852,9.868543595,1.77E-27,-9.868543595
LOC112044453,protein spinster isoform X1,spin,738.3703474,1.04409546,1.91E-27,-1.04409546
LOC112054742,superoxide dismutase 6,ATP6AP1L,2972.195051,2.066317349,1.93E-27,-2.066317349
LOC112044705,eukaryotic translation initiation factor 3 subunit L,eIF3l,6206.024937,0.9371535,2.15E-27,-0.9371535
LOC112049861,digestive cysteine proteinase 2-like,CG4847,136.6604564,3.695510241,2.15E-27,-3.695510241
LOC112055139,"4,5-DOPA dioxygenase extradiol-like",LOC112055139,467.5501991,1.926139054,2.16E-27,-1.926139054
LOC112045510,cold and drought-regulated protein CORA-like,LOC112045510,1397.506246,13.0667514,2.72E-27,-13.0667514
LOC112043539,geminin,geminin,646.841641,-2.309331958,3.32E-27,2.309331958
LOC112050023,origin recognition complex subunit 4,Orc4,237.4799911,-2.388104979,3.37E-27,2.388104979
LOC112043421,histone-lysine N-methyltransferase E(z) isoform X1,E(z),1288.870284,-1.219312633,3.40E-27,1.219312633
LOC112046025,protein nessun dorma,nesd,523.4786006,-3.328199351,3.60E-27,3.328199351
LOC112051604,"cytochrome c oxidase subunit 7C, mitochondrial-like",COX7C,1285.669762,1.308545001,3.79E-27,-1.308545001
LOC112044933,cuticle protein 16.5-like,LOC112044933,1161.488123,13.75727336,4.20E-27,-13.75727336
LOC112045448,apoptotic protease-activating factor 1,Dark,889.3539475,-0.954959661,4.31E-27,0.954959661
LOC112054129,sarcolemmal membrane-associated protein,Slmap,354.4998768,2.020815682,4.45E-27,-2.020815682
LOC112046232,ABC transporter G family member 20,osy,4759.805267,3.111673906,4.46E-27,-3.111673906
LOC112053311,plasma kallikrein,CG14892,165.6187212,7.746739122,4.74E-27,-7.746739122
LOC112047442,60S ribosomal protein L14,RpL14,34386.04693,0.605264528,5.47E-27,-0.605264528
LOC112045559,rho guanine nucleotide exchange factor 18 isoform X2,cyst,549.264367,-1.417438866,5.98E-27,1.417438866
LOC112057048,"tryptophan--tRNA ligase, cytoplasmic",Aats-trp,1078.837826,1.139009148,6.50E-27,-1.139009148
LOC112045798,monocarboxylate transporter 10-like isoform X2,CG10019,519.5381276,3.645353803,6.86E-27,-3.645353803
LOC112057640,tubulin beta-1 chain,betaTub56D,25439.42422,1.74222471,6.92E-27,-1.74222471
LOC112055064,condensin complex subunit 2,barr,301.8074378,-2.96207418,7.08E-27,2.96207418
LOC112044339,protein SEC13 homolog,Sec13,2722.197973,0.801589232,7.83E-27,-0.801589232
LOC112051130,cyclic AMP-responsive element-binding protein 3-like protein 3-B isoform X3,LOC112051130,1915.456077,1.006698192,7.94E-27,-1.006698192
LOC112048472,Krueppel homolog 2,Kr-h2,4904.136394,1.842673314,8.18E-27,-1.842673314
LOC112057694,DNA-directed RNA polymerase III subunit RPC4 isoform X1,LOC112057694,738.3999502,-1.07897021,8.18E-27,1.07897021
LOC112054986,histidine-rich glycoprotein,CG14770,486.5990817,9.637606039,8.27E-27,-9.637606039
LOC112058299,uncharacterized protein LOC112058299,LOC112058299,330.1100903,-4.268987644,8.47E-27,4.268987644
LOC112047188,uncharacterized protein LOC112047188 isoform X1,XNP,3039.936508,-0.903306493,9.47E-27,0.903306493
LOC112045330,frizzled-4,GPRFZ4,1236.588592,-1.402947154,9.65E-27,1.402947154
LOC112048946,protein enabled,CTL9,1320.873862,4.262202721,1.34E-26,-4.262202721
LOC112042964,solute carrier family 46 member 3-like,CG15890,143.5730947,6.669986158,1.43E-26,-6.669986158
LOC112050846,glyoxylate reductase/hydroxypyruvate reductase-like,CG9331,986.0817917,-4.78375882,1.44E-26,4.78375882
LOC112047861,protein kintoun,LOC112047861,936.1539695,-1.177764284,1.47E-26,1.177764284
LOC112049394,ATP-binding cassette sub-family C member Sur-like,Sur,872.5269245,1.828055508,1.53E-26,-1.828055508
LOC112044510,"aldehyde dehydrogenase X, mitochondrial-like",CG31075,547.0000771,-2.817558827,1.66E-26,2.817558827
LOC112046811,coatomer subunit epsilon,epsilonCOP,1582.29905,0.916476504,2.08E-26,-0.916476504
LOC112051345,15-hydroxyprostaglandin dehydrogenase [NAD(+)]-like,Pdh,682.4765936,7.384380222,2.16E-26,-7.384380222
LOC112050121,histone deacetylase 6 isoform X1,HDAC6,1701.723798,1.325896159,2.20E-26,-1.325896159
LOC112055466,macrophage mannose receptor 1-like,LOC112055466,358.3971526,-3.939837125,2.28E-26,3.939837125
LOC112045106,zinc finger protein 525-like,LOC112045106,1119.129383,-1.310842117,2.42E-26,1.310842117
LOC112054219,arrestin domain-containing protein 4,Vdup1,2203.603675,1.955009337,2.93E-26,-1.955009337
LOC112054319,GATA zinc finger domain-containing protein 7 isoform X2,CG3732,853.0412196,-1.163460485,2.98E-26,1.163460485
LOC112050732,cyclin-dependent kinase 2-like,Cdk2,462.230344,-2.433205038,3.00E-26,2.433205038
LOC112054741,serine/arginine repetitive matrix protein 2-like,LOC112054741,4407.846441,-1.294362695,3.01E-26,1.294362695
LOC112044994,purine nucleoside phosphorylase isoform X1,PNP,450.8242456,-4.531791405,3.17E-26,4.531791405
LOC112046885,translocating chain-associated membrane protein 1,Pfk,9961.322509,1.487841797,3.45E-26,-1.487841797
LOC112045230,cardioacceleratory peptide receptor-like,GPRVPR1,148.9781893,5.080052528,3.51E-26,-5.080052528
LOC112046125,cytochrome P450 6k1-like,Cyp6g1,328.2660665,5.302163714,4.13E-26,-5.302163714
LOC112043863,protein HIRA homolog,Hira,595.7833124,-1.258901285,4.51E-26,1.258901285
LOC112046173,flocculation protein FLO11,LOC112046173,971.9302728,-1.169182325,4.58E-26,1.169182325
LOC112048186,uncharacterized protein LOC112048186 isoform X1,IRSp53,3078.776282,1.996901178,4.79E-26,-1.996901178
LOC112050313,BAM18480.1 retroactive,rtv,403.1658936,1.239710463,5.03E-26,-1.239710463
LOC112051159,ubiquitin-conjugating enzyme E2-17 kDa,Ubc6,3394.592315,0.873070369,5.12E-26,-0.873070369
LOC112043827,XP_026483179.1 mucin-3A,thw,2582.250501,2.568245478,5.32E-26,-2.568245478
LOC112054891,lysozyme-like,LOC112054891,264.0221717,-3.092677319,5.38E-26,3.092677319
LOC112058005,polyadenylate-binding protein 2,Pabp2,1753.785114,-1.415757375,5.67E-26,1.415757375
LOC112058269,NHL repeat-containing protein 2,CG12547,1162.942578,1.066266855,5.69E-26,-1.066266855
LOC112043342,host cell factor-like isoform X1,Hcf,1956.0601,-1.027485277,5.87E-26,1.027485277
LOC112053646,protein nubbin-like isoform X2,pdm2,2137.733953,-1.824969074,6.17E-26,1.824969074
LOC112047539,plexin A3,PlexA,16310.52124,-1.225206331,6.24E-26,1.225206331
LOC112053594,TIMELESS-interacting protein,LOC112053594,629.7120951,-1.261116871,6.55E-26,1.261116871
LOC112049058,protein yellow-like,yel-x,1493.249981,2.834713621,6.55E-26,-2.834713621
LOC112057756,heterogeneous nuclear ribonucleoprotein 87F-like isoform X1,Hrb98DE,25448.29758,-1.074152084,6.67E-26,1.074152084
LOC112046228,histone RNA hairpin-binding protein,Slbp,692.6748336,-1.53217198,6.70E-26,1.53217198
LOC112055148,putative centrin,LOC112055148,162.1606346,-5.368033081,7.29E-26,5.368033081
LOC112047930,dedicator of cytokinesis protein 7,Zir,1104.287984,-1.446732609,7.44E-26,1.446732609
LOC112054896,BRCA2-interacting transcriptional repressor EMSY,CG15356,338.3315745,-1.492378021,8.18E-26,1.492378021
LOC112044154,bacilysin biosynthesis oxidoreductase BacC-like,CG31548,559.0010193,-1.27806922,8.39E-26,1.27806922
LOC112044815,protein prickle-like isoform X2,pk,1210.486227,-0.933226446,8.85E-26,0.933226446
LOC112051675,exonuclease 1,tos,287.9205765,-1.786260775,8.91E-26,1.786260775
LOC112046019,ribonuclease H2 subunit A,CG13690,517.5306154,-1.517046941,9.64E-26,1.517046941
LOC112047158,bifunctional 3'-phosphoadenosine 5'-phosphosulfate synthase isoform X1,Papss,731.6890294,1.389289346,9.69E-26,-1.389289346
LOC112053173,cytochrome P450 6a2-like,Cyp6a13,105.8096448,-3.261217705,1.12E-25,3.261217705
LOC112043372,LIM domain only protein 7 isoform X3,smash,486.2137795,1.388627386,1.12E-25,-1.388627386
LOC112054019,huntingtin-interacting protein K,CG9922,1835.38791,0.868821722,1.15E-25,-0.868821722
LOC112052555,structural maintenance of chromosomes protein 5,SMC5,316.9018447,-1.333649035,1.16E-25,1.333649035
LOC112052587,kinesin light chain isoform X1,Klc,2616.195295,-1.031585485,1.33E-25,1.031585485
LOC112051307,sortilin-related receptor isoform X1,LRP1,22828.10007,0.879700014,1.47E-25,-0.879700014
LOC112053548,facilitated trehalose transporter Tret1-like,CG31100,330.011631,9.449801545,1.53E-25,-9.449801545
LOC112055837,facilitated trehalose transporter Tret1-like,CG10960,777.4711645,2.59413248,1.63E-25,-2.59413248
LOC112050018,T-complex protein 1 subunit epsilon,Cct5,12675.28104,1.189366717,1.71E-25,-1.189366717
LOC112055597,polypyrimidine tract-binding protein 2 isoform X1,heph,4080.32392,-2.856653267,1.73E-25,2.856653267
LOC112050249,muscle M-line assembly protein unc-89,LOC112050249,1427.97956,-0.975767433,1.91E-25,0.975767433
LOC112052384,glutaminyl-peptide cyclotransferase-like,isoQC,594.0535393,1.430481236,1.95E-25,-1.430481236
LOC112050665,probable DNA mismatch repair protein Msh6 isoform X1,Msh6,598.2112427,-1.628806152,2.05E-25,1.628806152
LOC112050690,G2/M phase-specific E3 ubiquitin-protein ligase,pie,916.2038031,-1.981441555,2.19E-25,1.981441555
LOC112051542,transmembrane protein 14C,CG5532,2056.305706,0.997125342,2.30E-25,-0.997125342
LOC112043471,GTP-binding protein SAR1b,Sar1,2644.626079,1.176400401,2.35E-25,-1.176400401
LOC112049393,dnaJ homolog subfamily C member 25 homolog,CG7872,965.3614872,1.449230891,2.88E-25,-1.449230891
LOC112047350,serine/arginine repetitive matrix protein 1 isoform X1,chas,5886.017202,1.27547188,3.12E-25,-1.27547188
LOC112044069,"hydroxyacyl-coenzyme A dehydrogenase, mitochondrial-like",Mtpalpha,1802.310001,1.290814817,3.35E-25,-1.290814817
LOC112047997,protein zwilch,LOC112047997,658.4231236,-2.581287495,3.45E-25,2.581287495
LOC112045725,death-associated inhibitor of apoptosis 1-like isoform X1,IAP1,2779.194428,-0.948695065,3.73E-25,0.948695065
LOC112045856,zinc-type alcohol dehydrogenase-like protein C1773.06c,Drat,286.8980269,-1.532669584,4.18E-25,1.532669584
LOC112048726,60S ribosomal protein L27a,RpL27A,31928.11077,0.71624639,4.60E-25,-0.71624639
LOC112047067,pre-rRNA-processing protein pro-1,LOC112047067,527.7303717,-1.552928688,4.71E-25,1.552928688
LOC112044360,DNA-directed RNA polymerase II subunit RPB7,LOC112044360,908.865112,1.067670676,4.94E-25,-1.067670676
LOC112052434,cyclic AMP response element-binding protein B isoform X1,Creb,2563.239931,1.001477261,5.22E-25,-1.001477261
LOC112043797,E3 ubiquitin-protein ligase UHRF1-like,d4,201.8541089,-3.133560792,5.73E-25,3.133560792
LOC112053046,ribonuclease kappa-like,RNASEK,1437.078412,1.118529631,6.14E-25,-1.118529631
LOC112051943,deoxynucleoside kinase-like,LOC112051943,257.1334975,-2.221396827,6.56E-25,2.221396827
LOC112050029,NADH dehydrogenase [ubiquinone] 1 alpha subcomplex subunit 8,Ndufa8,1192.011381,1.139292621,7.32E-25,-1.139292621
LOC112055520,LOW QUALITY PROTEIN: uncharacterized protein LOC112055520,ATP6AP1L,2314.852551,1.948428849,7.61E-25,-1.948428849
LOC112042867,mitotic checkpoint serine/threonine-protein kinase BUB1 beta-like,Bub1,2306.320642,-1.062112584,7.72E-25,1.062112584
LOC112050875,sentrin-specific protease 1-like,CG32110,819.4127175,-0.872784346,7.79E-25,0.872784346
LOC112050670,"succinate--CoA ligase [ADP/GDP-forming] subunit alpha, mitochondrial isoform X1",Scsalpha,4371.178059,0.985926957,7.92E-25,-0.985926957
LOC112043839,transketolase-like protein 2,CG8036,9964.825223,1.272494891,7.98E-25,-1.272494891
LOC112054318,oxidation resistance protein 1 isoform X7,mtd,1314.241376,1.966687442,8.12E-25,-1.966687442
LOC112053386,protein CIP2A homolog,CG12702,473.9535858,-3.38746571,8.44E-25,3.38746571
LOC112043497,40S ribosomal protein S25,RpS25,22504.98645,0.913213466,8.81E-25,-0.913213466
LOC112043010,"N-alpha-acetyltransferase 35, NatC auxiliary subunit-like",CG31516,499.0474654,5.888070454,8.86E-25,-5.888070454
LOC112051896,protein hairy-like,E(spl)mgamma-HLH,1381.605075,-2.982786588,8.88E-25,2.982786588
LOC112050694,uncharacterized protein LOC112050694,LOC112050694,198.8430704,-3.0565876,9.69E-25,3.0565876
LOC112047935,chromobox protein homolog 5-like,Su(var)205,1635.135109,-0.846978823,1.05E-24,0.846978823
LOC112046045,Myosin-J heavy chain,LOC112046045,298.8840632,-3.437473565,1.10E-24,3.437473565
LOC112051356,"ATP synthase subunit d, mitochondrial",ATPsyn-d,4709.019437,1.602873672,1.10E-24,-1.602873672
LOC112044056,uncharacterized protein LOC112044056,LOC112044056,280.306306,-2.579148658,1.15E-24,2.579148658
LOC112053113,cell wall protein RBR3-like,LOC112053113,709.766294,1.681473176,1.17E-24,-1.681473176
LOC112056262,"membrane-associated guanylate kinase, WW and PDZ domain-containing protein 1 isoform X1",Magi,1017.496717,-1.512151587,1.18E-24,1.512151587
LOC112056358,Zinc metalloproteinase nas-15,CG15255,97.1685302,5.804693547,1.22E-24,-5.804693547
LOC112044867,MPN domain-containing protein CG4751,CG4751,721.0139755,-1.188523281,1.34E-24,1.188523281
LOC112054187,carbonic anhydrase 1,CAH1,2232.050511,2.578173311,1.67E-24,-2.578173311
LOC112043255,Protein MEMO1,LOC112043255,266.3820151,-4.446627868,1.75E-24,4.446627868
LOC112055306,PDZ and LIM domain protein 7 isoform X1,Zasp66,192.8796253,2.879935679,1.92E-24,-2.879935679
LOC112047929,synaptic vesicle glycoprotein 2B-like,CG3168,413.4654986,-4.640883784,2.09E-24,4.640883784
LOC112046723,nuclear pore complex protein Nup205,Nup205,2290.693145,-1.3080513,2.16E-24,1.3080513
LOC112057117,kielin/chordin-like protein isoform X1,CG5639,1878.838508,2.09257482,2.21E-24,-2.09257482
LOC112042808,phosphoglycerate mutase 1,Pglym78,1849.795115,1.566194544,2.29E-24,-1.566194544
LOC112047094,V-type proton ATPase subunit S1,VhaAC45,1998.317277,0.926339387,2.45E-24,-0.926339387
LOC112053037,disintegrin and metalloproteinase domain-containing protein 10,kuz,357.1910381,-1.41508284,2.45E-24,1.41508284
LOC112043323,uncharacterized protein LOC112043323,Mid1,127.540551,4.783836596,2.46E-24,-4.783836596
LOC112050401,ATP-dependent RNA helicase glh-1-like,LOC112050401,686.1143903,11.15215639,2.56E-24,-11.15215639
LOC112047914,piggyBac transposable element-derived protein 4-like,PGBD4,1073.210528,-0.993617831,2.89E-24,0.993617831
LOC112051977,vesicular glutamate transporter 1 isoform X1,MFS9,328.1531655,1.750159664,3.16E-24,-1.750159664
LOC112049756,uncharacterized protein LOC112049756,btsz,3544.758724,-0.990874801,3.88E-24,0.990874801
LOC112050355,transmembrane protease serine 9-like,CG11836,785.9835382,12.25531512,3.95E-24,-12.25531512
LOC112055147,cytochrome c-type heme lyase,Cchl,1031.685978,1.004739603,4.09E-24,-1.004739603
LOC112052198,insulin-like growth factor II,LOC112052198,710.6980057,-3.314022065,4.12E-24,3.314022065
LOC112058093,poly(A) polymerase type 3,hrg,776.6104932,-1.113903625,4.30E-24,1.113903625
LOC112055705,WD repeat-containing protein 91,LOC112055705,1519.196235,-0.933853271,4.34E-24,0.933853271
LOC112053759,histone acetyltransferase KAT8-like,mof,1232.513169,-1.058812539,4.50E-24,1.058812539
LOC112047056,DNA repair protein RAD52 homolog isoform X2,LOC112047056,475.6851131,-1.454255195,4.54E-24,1.454255195
LOC112046734,NADH dehydrogenase [ubiquinone] iron-sulfur protein 5-like,Ndufs5,1454.074336,1.213109483,4.57E-24,-1.213109483
LOC112048533,perilipin-4-like isoform X15,LOC112048533,4235.094838,1.989143392,4.68E-24,-1.989143392
LOC112050700,uncharacterized protein LOC112050700,LOC112050700,3107.735212,1.355359831,4.81E-24,-1.355359831
LOC112043464,contactin,Cont,5450.434834,-0.772052739,4.95E-24,0.772052739
LOC112055811,protein timeless homolog,Tim2,766.9367968,-1.938071333,5.00E-24,1.938071333
LOC112051839,60S ribosomal protein L34-like,RpL34,22739.77682,0.72547939,5.05E-24,-0.72547939
LOC112045290,stress-associated endoplasmic reticulum protein 2,CG32276,14513.33561,1.020920973,5.34E-24,-1.020920973
LOC112045175,sugar transporter ERD6-like 6,CG10960,489.3105133,5.979355989,5.36E-24,-5.979355989
LOC112044956,"cytochrome b-c1 complex subunit 2, mitochondrial-like",Uqcrc2,3705.519466,1.189991873,5.44E-24,-1.189991873
LOC112052254,uncharacterized protein LOC112052254,LOC112052254,68.37702966,4.225076915,6.16E-24,-4.225076915
LOC112055454,probable serine/threonine-protein kinase DDB_G0278845,LOC112055454,1184.058534,2.678904608,6.20E-24,-2.678904608
LOC112049444,organic cation transporter protein-like,SLC22A,106.2973921,2.635626195,6.24E-24,-2.635626195
LOC112052684,tectonin beta-propeller repeat-containing protein,Pex23,556.768057,-1.330301389,7.00E-24,1.330301389
LOC112053478,"cytochrome b-c1 complex subunit Rieske, mitochondrial",RFeSP,1816.891785,1.262756494,7.34E-24,-1.262756494
LOC112058545,frizzled-7,fz,2412.570162,-0.771352019,7.39E-24,0.771352019
LOC112044590,transcription factor GAGA-like isoform X1,bab2,2278.521874,-1.565493664,7.89E-24,1.565493664
LOC112052949,sphingomyelin phosphodiesterase 4,CG6962,784.06464,-1.23693649,7.92E-24,1.23693649
LOC112048625,O-acyltransferase like protein-like,CG4576,215.2903275,8.49358411,8.43E-24,-8.49358411
LOC112052732,regulator of telomere elongation helicase 1 homolog,CG4078,257.7107473,-2.602205708,8.84E-24,2.602205708
LOC112050263,cytochrome c oxidase subunit 6C-like,LOC112050263,2483.594799,1.522713606,9.81E-24,-1.522713606
LOC112055036,"DNA polymerase subunit gamma-1, mitochondrial",tam,301.8205938,-1.626684458,9.90E-24,1.626684458
LOC112058290,dolichyl-diphosphooligosaccharide--protein glycosyltransferase subunit STT3A,Stt3A,5477.320889,-1.007879997,9.95E-24,1.007879997
LOC112054936,outer kinetochore Dsn1,LOC112054936,167.9981412,-4.058315621,1.47E-23,4.058315621
LOC112055895,fatty-acid amide hydrolase 2-B-like isoform X2,CG5191,91.94152188,4.471031808,1.62E-23,-4.471031808
LOC112043067,8-oxo-dGDP phosphatase NUDT18,CG10898,1003.909757,1.747993223,1.80E-23,-1.747993223
LOC112055340,suppressor of cytokine signaling 2-like isoform X1,Socs16D,633.8855496,1.35559826,1.82E-23,-1.35559826
LOC112043834,protein jagunal,jagn,415.8294938,1.619580459,2.01E-23,-1.619580459
LOC112049893,lethal(2) giant larvae protein isoform X1,l(2)gl,2736.951113,-0.844584681,2.05E-23,0.844584681
LOC112053706,GAS2-like protein 3,pigs,1675.198228,1.31437622,2.27E-23,-1.31437622
LOC112051053,E3 ubiquitin-protein ligase CBL-B-B isoform X1,Cbl,371.9851366,-2.052076567,2.40E-23,2.052076567
LOC112056090,23 kDa integral membrane protein-like,LOC112056090,123.3733831,4.298191489,2.74E-23,-4.298191489
LOC112048090,small ubiquitin-related modifier 3,smt3,13229.33832,-0.834304952,2.80E-23,0.834304952
LOC112053328,prolyl 3-hydroxylase sudestada1,sud1,797.7955792,-0.974193362,3.03E-23,0.974193362
LOC112046419,signal recognition particle 54 kDa protein,SRP54,4503.174171,0.990077152,3.04E-23,-0.990077152
LOC112047847,"isocitrate dehydrogenase [NAD] subunit beta, mitochondrial isoform X1",Idh3b,631.9177569,1.132681372,3.07E-23,-1.132681372
LOC112051107,40S ribosomal protein S18,RpS18,20694.32203,0.704331022,3.26E-23,-0.704331022
LOC112045455,UDP-N-acetylglucosamine--peptide N-acetylglucosaminyltransferase 110 kDa subunit isoform X1,sxc,2237.071572,-0.78688053,3.38E-23,0.78688053
LOC112046149,zinc finger protein 91-like,LOC112046149,717.3683329,-0.981390262,3.71E-23,0.981390262
LOC112046894,protein grainyhead isoform X1,grh,21893.77252,-1.084390881,3.78E-23,1.084390881
LOC112043023,peptidyl-prolyl cis-trans isomerase-like,Cyp1,1190.252782,1.627059778,3.88E-23,-1.627059778
LOC112049006,peroxisomal membrane protein PEX13-like,LOC112049006,238.7302535,-10.64097866,3.98E-23,10.64097866
LOC112046356,peroxidasin,Pxn,1538.229158,1.951213847,4.24E-23,-1.951213847
LOC112048221,high mobility group protein D-like,HmgD,32898.5781,-1.148495704,4.34E-23,1.148495704
LOC112050905,probable multidrug resistance-associated protein lethal(2)03659 isoform X1,CG7627,1262.965769,1.432895876,4.36E-23,-1.432895876
LOC112052285,voltage-dependent anion-selective channel-like,porin,13565.46748,1.242596107,4.65E-23,-1.242596107
LOC112049151,NA,NA,4500.159044,-2.253316803,5.40E-23,2.253316803
LOC112057740,cyclin-H,CycH,755.225401,-1.492923864,6.11E-23,1.492923864
LOC112050714,venom serine carboxypeptidase-like,CG4572,786.5844259,-1.388486402,6.17E-23,1.388486402
LOC112051161,histone-lysine N-methyltransferase trithorax,trx,3471.523122,-1.039217849,6.66E-23,1.039217849
LOC112042812,uncharacterized protein LOC112042812,LOC112042812,218.9888804,-2.478764398,6.78E-23,2.478764398
LOC112047440,histone deacetylase Rpd3,Rpd3,3225.476983,-0.827434726,7.27E-23,0.827434726
LOC112054018,origin recognition complex subunit 2,Orc2,812.1573547,-1.297067874,7.34E-23,1.297067874
LOC112043482,uncharacterized protein LOC112043482 isoform X1,LOC112043482,2104.860497,-1.727981576,7.78E-23,1.727981576
LOC112058008,heterogeneous nuclear ribonucleoprotein K isoform X2,bl,4947.086947,-0.956538357,8.13E-23,0.956538357
LOC112048382,protein cueball,cue,211.9504761,2.114923803,8.65E-23,-2.114923803
LOC112049204,60S ribosomal protein L11,RpL11,31134.97909,0.740916045,9.01E-23,-0.740916045
LOC112052399,60S ribosomal protein L7,RpL7,42473.49873,0.79307348,9.05E-23,-0.79307348
LOC112052987,KPJ10984.1 Cuticlin-1,LOC112052987,1706.30198,-1.145158561,9.05E-23,1.145158561
LOC112045910,"protein tramtrack, beta isoform-like isoform X10",LOC112045910,243.5517113,1.390365679,9.16E-23,-1.390365679
LOC112043412,cohesin subunit SA-1,SA,4869.191958,-0.861980361,9.94E-23,0.861980361
LOC112048575,intracellular protein transport protein USO1 isoform X1,LOC112048575,477.3621654,-1.370479397,1.01E-22,1.370479397
LOC112044081,40S ribosomal protein S26,RpS26,21287.5235,0.881675092,1.03E-22,-0.881675092
LOC112056844,protein DEK,Dek,5625.819346,-1.418825873,1.03E-22,1.418825873
LOC112045186,peptidyl-prolyl cis-trans isomerase 5,Ppib,7331.764943,-1.221948579,1.03E-22,1.221948579
LOC112044777,signal recognition particle subunit SRP68,Srp68,2599.226357,0.721534887,1.03E-22,-0.721534887
LOC112054721,serine protease nudel-like isoform X1,ImpE1,303.6105541,-4.924874805,1.09E-22,4.924874805
LOC112043830,gamma-taxilin,CG5886,979.8392903,-1.055709275,1.11E-22,1.055709275
LOC112044399,solute carrier organic anion transporter family member 3A1-like isoform X2,Oatp74D,3190.170227,-2.073031642,1.13E-22,2.073031642
LOC112049759,coronin-2B-like isoform X1,coro,1453.808517,-1.253596375,1.15E-22,1.253596375
LOC112046687,DNA repair protein REV1,Rev1,328.4318614,-1.469647927,1.16E-22,1.469647927
LOC112053736,DNA-directed RNA polymerase II subunit RPB1,NKAIN,872.7033259,-1.136059633,1.16E-22,1.136059633
LOC112047701,protein GDAP2 homolog,Gdap2,2225.949162,1.953084753,1.27E-22,-1.953084753
LOC112050396,histone H2A.V,His2Av,6612.723499,-1.285135242,1.32E-22,1.285135242
LOC112044285,"3'(2'),5'-bisphosphate nucleotidase 1 isoform X2",CG7789,1253.597623,1.334155523,1.33E-22,-1.334155523
LOC112044884,60S ribosomal protein L9,RpL9,31929.64995,0.849534142,1.42E-22,-0.849534142
LOC112056191,NA,NA,359.4948436,-1.445272833,1.45E-22,1.445272833
LOC112051463,NAD-dependent protein deacetylase sirtuin-7,Sirt7,267.7266571,-1.474424274,1.46E-22,1.474424274
LOC112046101,"ATP-dependent Clp protease ATP-binding subunit clpX-like, mitochondrial isoform X2",ClpX,2155.408987,1.36610563,1.52E-22,-1.36610563
LOC112053081,S1 RNA-binding domain-containing protein 1,CG31156,219.2055138,-1.658025527,1.66E-22,1.658025527
LOC112043929,transcription factor AP-4,crp,331.2654175,-1.378658626,1.75E-22,1.378658626
LOC112047842,facilitated trehalose transporter Tret1-like,CG31100,756.5049562,5.13471469,1.89E-22,-5.13471469
LOC112052623,DNA primase small subunit,DNApol-alpha50,291.918363,-1.944263985,1.93E-22,1.944263985
LOC112052791,organic cation transporter protein-like,CG7458,2838.877591,-3.340970812,2.10E-22,3.340970812
LOC112053259,serine/threonine-protein kinase fused,fu,291.4835511,-1.249549681,2.13E-22,1.249549681
LOC112045784,uncharacterized protein LOC112045784 isoform X2,LOC112045784,545.7124063,10.83577528,2.24E-22,-10.83577528
LOC112048703,N66 matrix protein-like,LOC112048703,1003.314035,-4.684105783,2.27E-22,4.684105783
LOC112048892,androgen-induced gene 1 protein-like,CG3625,871.0337959,2.278609523,2.29E-22,-2.278609523
LOC112053207,piggyBac transposable element-derived protein 4-like,PGBD4,114.063106,-2.284442393,2.42E-22,2.284442393
LOC112057089,serine/threonine-protein phosphatase 2A 56 kDa regulatory subunit gamma isoform-like isoform X1,wrd,729.2918029,-1.012691654,2.51E-22,1.012691654
LOC112047392,uncharacterized protein LOC112047392,CTL6,1148.148117,3.013040845,2.69E-22,-3.013040845
LOC112050818,NA,NA,335.9435212,-2.637705147,2.77E-22,2.637705147
LOC112056026,60S acidic ribosomal protein P2,RpLP2,31370.01333,0.687574213,2.91E-22,-0.687574213
LOC112045086,"L-2-hydroxyglutarate dehydrogenase, mitochondrial",L2HGDH,384.5793606,1.252043394,3.00E-22,-1.252043394
LOC112045663,alcohol dehydrogenase class-3,Fdh,2259.768548,1.114541375,3.04E-22,-1.114541375
LOC112045442,"acetyl-CoA acetyltransferase, mitochondrial isoform X2",CG10932,1780.294094,1.202224395,3.13E-22,-1.202224395
LOC112053126,very-long-chain 3-oxoacyl-CoA reductase,spidey,86.84523873,2.545239797,3.19E-22,-2.545239797
LOC112054551,endocuticle structural glycoprotein SgAbd-5-like,Cpr65Av,143.5913241,3.988912651,3.19E-22,-3.988912651
LOC112049867,DNA ligase 1,DNAlig1,989.6814266,-1.858096098,3.27E-22,1.858096098
LOC112054498,"39S ribosomal protein L28, mitochondrial",mRpL28,1527.667068,1.11011368,3.33E-22,-1.11011368
LOC112044358,DNA polymerase epsilon catalytic subunit A,DNApol-epsilon255,1193.424919,-1.918412599,3.55E-22,1.918412599
LOC112049553,complexin isoform X1,cpx,1340.16684,1.671280256,3.60E-22,-1.671280256
LOC112052557,uncharacterized protein LOC112052557,LOC112052557,547.1618266,11.72640072,3.63E-22,-11.72640072
LOC112057830,disheveled-associated activator of morphogenesis 1 isoform X2,DAAM,424.1743525,2.385109759,3.86E-22,-2.385109759
LOC112046690,dopamine N-acetyltransferase-like,Dat,106.0256967,-3.101799098,4.05E-22,3.101799098
LOC112045926,rhomboid-related protein 2 isoform X1,rho-4,440.1422119,1.092625381,4.14E-22,-1.092625381
LOC112045157,putative glycerol kinase 5,CG1271,668.6877625,1.371942323,4.17E-22,-1.371942323
LOC112049518,ribosome biogenesis regulatory protein homolog,CG32409,1614.650621,1.400023922,4.22E-22,-1.400023922
LOC112055558,glutathione S-transferase 1-like,GstE7,614.0594536,2.394101863,4.50E-22,-2.394101863
LOC112050415,uncharacterized protein LOC112050415 isoform X1,LOC112050415,198.8287147,-2.391215083,5.00E-22,2.391215083
LOC112058570,probable methyltransferase TARBP1,CG18596,655.3338764,-1.00295312,5.30E-22,1.00295312
LOC112046739,tyrosine-protein kinase receptor torso-like,tor,150.9551697,6.345078407,5.56E-22,-6.345078407
LOC112054795,ATP-binding cassette sub-family F member 1,CG1703,3614.661122,1.335248369,5.75E-22,-1.335248369
LOC112045453,circadian clock-controlled protein-like,LOC112045453,302.3388005,-8.462194038,5.80E-22,8.462194038
LOC112046543,IQ motif and SEC7 domain-containing protein 2 isoform X1,siz,1288.274299,1.74502049,5.90E-22,-1.74502049
LOC112049141,protein smoothened,smo,1182.573118,-0.835157264,5.90E-22,0.835157264
LOC112045593,ran GTPase-activating protein 1,RanGAP,1025.348444,-1.823659972,6.64E-22,1.823659972
LOC112055469,macrophage mannose receptor 1-like,LOC112055469,228.1156262,-2.606411071,7.05E-22,2.606411071
LOC112057570,cyclin-dependent kinase 7,Cdk7,836.3462804,-1.377257617,7.11E-22,1.377257617
LOC112046902,ATP-dependent 6-phosphofructokinase isoform X1,Pfk,1425.666883,1.227477144,9.11E-22,-1.227477144
LOC112048508,uncharacterized protein LOC112048508,CG33120,976.562615,4.495648841,9.45E-22,-4.495648841
LOC112058408,"aspartate aminotransferase, cytoplasmic",Got1,2423.524172,1.309241051,9.53E-22,-1.309241051
LOC112056570,protein trapped in endoderm-1 isoform X2,Tre1,240.8028708,8.030188128,1.04E-21,-8.030188128
LOC112049764,probable phosphoserine aminotransferase,CG11899,2667.468613,-1.71592325,1.09E-21,1.71592325
LOC112046189,"28S ribosomal protein S36, mitochondrial",LOC112046189,423.536276,1.831616752,1.12E-21,-1.831616752
LOC112058325,dihydropyrimidinase isoform X2,CRMP,1087.8545,-2.025507178,1.18E-21,2.025507178
LOC112049007,putative serine/threonine kinase,LOC112049007,232.6631316,8.470281487,1.22E-21,-8.470281487
LOC112050120,ras-related protein Rab6 isoform X1,Rab6,1381.417427,0.917489907,1.22E-21,-0.917489907
LOC112050986,somatostatin receptor type 2-like,GPRALS3,78.4715415,3.184364044,1.28E-21,-3.184364044
LOC112050612,leucine-rich repeat protein 1,Lrr47,198.3079754,-1.732871902,1.29E-21,1.732871902
LOC112050094,uncharacterized protein LOC112050094,LOC112050094,418.3526901,3.544999656,1.30E-21,-3.544999656
LOC112045752,cadherin-23,Cad74A,11005.52519,1.412766323,1.33E-21,-1.412766323
LOC112055731,probable cytochrome P450 49a1,CYP301B1,294.3186675,5.543230142,1.39E-21,-5.543230142
LOC112043955,ubiquitin-60S ribosomal protein L40,RpL40,18142.68395,0.784041525,1.41E-21,-0.784041525
LOC112045251,60S ribosomal protein L37,RpL37,14913.73778,0.973598988,1.45E-21,-0.973598988
LOC112045116,putative fatty acyl-CoA reductase CG5065,CG4020,102.0155474,6.355054916,1.50E-21,-6.355054916
LOC112051649,putative Phosphatidylinositol 3-and 4-kinase,LOC112051649,101.9712583,-4.254172127,1.67E-21,4.254172127
LOC112058575,60S ribosomal protein L35,RpL35,20325.5184,0.860482027,1.72E-21,-0.860482027
LOC112055067,coatomer subunit zeta-1 isoform X2,zetaCOP,1743.234733,1.034051201,1.77E-21,-1.034051201
LOC112049996,histone-lysine N-methyltransferase PR-Set7,pr-set7,529.1371881,-1.21874149,1.84E-21,1.21874149
LOC112045529,putative lysozyme,LYSC6,581.8841296,11.78411373,1.86E-21,-11.78411373
LOC112047408,serine/threonine-protein phosphatase 1 regulatory subunit 10-like,PNUTS,5442.79402,0.98580621,1.87E-21,-0.98580621
LOC112047132,zinc finger protein 91-like isoform X1,LOC112047132,4583.215218,-0.740144075,1.88E-21,0.740144075
LOC112048044,T-complex protein 1 subunit zeta,CCT6,8656.759696,1.132090785,1.88E-21,-1.132090785
LOC112047764,zinc finger protein OZF-like,LOC112047764,344.2233892,-1.317369241,1.94E-21,1.317369241
LOC112050391,protein lethal(2)essential for life-like,l(2)efl,341.944292,-3.737565227,1.96E-21,3.737565227
LOC112046892,60S ribosomal protein L13,RpL13,33314.35888,0.759502693,2.11E-21,-0.759502693
LOC112055185,melanotransferrin,Tsf2,2037.648704,-1.542022388,2.29E-21,1.542022388
LOC112054880,putative G-protein coupled receptor 112,LOC112054880,105.6930197,4.037181956,2.29E-21,-4.037181956
LOC112046765,ras GTPase-activating protein 1,vap,1482.566215,-1.008241512,2.36E-21,1.008241512
LOC112053240,probable protein phosphatase 2C 11 isoform X1,CG10417,1707.623002,-1.178362738,2.38E-21,1.178362738
LOC112056174,SWI/SNF-related matrix-associated actin-dependent regulator of chromatin subfamily E member 1 isoform X1,Bap111,2612.478623,-0.924470593,2.43E-21,0.924470593
LOC112049961,phosducin-like protein,CG7650,1503.301885,-0.741956769,2.44E-21,0.741956769
LOC112042866,signal recognition particle 19 kDa protein,Srp19,780.2769751,1.344924305,2.51E-21,-1.344924305
LOC112044484,40S ribosomal protein S13,RpS13,19269.38726,0.930581983,2.61E-21,-0.930581983
LOC112050585,protein app1-like,LOC112050585,4652.674117,-4.266149637,2.74E-21,4.266149637
LOC112051313,C-terminal-binding protein,CtBP,6317.364546,-0.827024211,2.90E-21,0.827024211
LOC112045738,uncharacterized protein LOC112045738,LOC112045738,103.3156747,4.518212105,3.28E-21,-4.518212105
LOC112051205,porphobilinogen deaminase,l(3)02640,1315.649736,1.632698432,3.39E-21,-1.632698432
LOC112044278,CSC1-like protein 2,Tmem63,1862.577008,1.375319399,3.45E-21,-1.375319399
LOC112044594,TBC1 domain family member 31,CG16896,230.0030564,-1.775961068,3.65E-21,1.775961068
LOC112043857,aldo-keto reductase AKR2E4-like,Akr1B,198.7727139,-3.4366672,3.68E-21,3.4366672
LOC112047621,neurogenic locus notch homolog protein 1,CG9572,690.1925446,4.286853115,3.73E-21,-4.286853115
LOC112058386,kelch-like protein 26 isoform X1,LOC112058386,391.1713392,-1.829684702,3.74E-21,1.829684702
LOC112058583,protein winged eye isoform X2,wge,3792.828472,-0.731982783,4.06E-21,0.731982783
LOC112055615,achaete-scute complex protein T3-like,l(1)sc,1424.314383,-2.12863856,4.09E-21,2.12863856
LOC112053298,"beta-1,3-glucan-binding protein-like",GNBPB5,144.0407775,-2.633609226,4.22E-21,2.633609226
LOC112054868,NA,NA,1029.373213,1.30280771,4.31E-21,-1.30280771
LOC112044346,protein UBASH3A homolog isoform X1,CG13604,1509.80469,0.708641193,4.46E-21,-0.708641193
LOC112058563,"probable NADH dehydrogenase [ubiquinone] iron-sulfur protein 6, mitochondrial",Ndufs6,1490.764175,1.13876666,4.57E-21,-1.13876666
LOC112050526,putative tyrosine-protein kinase Wsck,Cad96Ca,1357.13377,-0.850144124,4.59E-21,0.850144124
LOC112050890,potassium channel subfamily K member 1-like isoform X2,Task7,323.475156,-3.747586132,4.62E-21,3.747586132
LOC112048428,phosphatidylinositol transfer protein alpha isoform,vib,2978.81079,1.610054494,4.87E-21,-1.610054494
LOC112053326,replication factor C subunit 2,RfC4,317.9471583,-2.697793341,4.96E-21,2.697793341
LOC112044400,protein disulfide-isomerase A6 homolog,CaBP1,5147.864382,-1.402403988,5.27E-21,1.402403988
LOC112051959,protein Star,S,1813.632603,-1.968509216,5.40E-21,1.968509216
LOC112049697,gametocyte-specific factor 1-like,LOC112049697,326.6939594,-1.354535934,5.41E-21,1.354535934
LOC112054954,influenza virus NS1A-binding protein homolog,CG15097,912.1238794,-1.723910151,5.56E-21,1.723910151
LOC112045750,uncharacterized protein LOC112045750,LOC112045750,1269.19214,-4.217930217,5.79E-21,4.217930217
LOC112053938,cytochrome b-c1 complex subunit 8,UQCR-Q,884.0553706,1.464427848,5.79E-21,-1.464427848
LOC112049700,facilitated trehalose transporter Tret1 isoform X4,CG10960,1230.469849,2.184836854,6.39E-21,-2.184836854
LOC112049896,Fanconi anemia group I protein homolog isoform X1,FANCI,557.9136265,-2.185117107,6.62E-21,2.185117107
LOC112054526,protein yellow-like,yel-h3,1145.739795,4.690388307,7.43E-21,-4.690388307
LOC112049980,pupal cuticle protein-like,LOC112049980,23519.96111,4.920140152,7.46E-21,-4.920140152
LOC112043308,60S ribosomal protein L30,RpL30,13277.38862,1.079198884,7.88E-21,-1.079198884
LOC112046947,bromodomain-containing protein 8-like isoform X2,Brd8,1091.176241,-1.058019504,7.98E-21,1.058019504
LOC112054900,centromere protein I-like,LOC112054900,644.9417395,-3.495011874,8.29E-21,3.495011874
LOC112046470,ubiquitin-like modifier-activating enzyme 1,Uba1,10257.26393,-0.601098227,8.55E-21,0.601098227
LOC112043773,WD repeat domain phosphoinositide-interacting protein 2 isoform X1,Atg18a,1232.200161,0.886604745,8.68E-21,-0.886604745
LOC112042966,DNA replication licensing factor Mcm7,Mcm7,1754.001163,-3.080804766,8.73E-21,3.080804766
LOC112057974,dystroglycan isoform X1,Dg,10883.92569,1.025156479,9.38E-21,-1.025156479
LOC112046155,atrophin-1-like isoform X1,LOC112046155,15238.12916,7.471249003,1.04E-20,-7.471249003
LOC112044534,AFG3-like protein 2,CG6512,2628.889313,0.801330303,1.05E-20,-0.801330303
LOC112050049,profilin,chic,27485.05037,0.952333297,1.06E-20,-0.952333297
LOC112048843,NACHT domain- and WD repeat-containing protein 1,CG30116,260.9363685,2.841597316,1.17E-20,-2.841597316
LOC112051700,ragulator complex protein LAMTOR4 homolog,CG14977,342.001452,1.283146745,1.17E-20,-1.283146745
LOC112051289,probable serine/threonine-protein kinase clkA,CG13699,82.60604296,3.151401579,1.17E-20,-3.151401579
LOC112046179,protein windpipe,wdp,3332.83946,1.37844522,1.24E-20,-1.37844522
LOC112055028,CTL-like protein 1 isoform X1,Ctl1,1618.796121,-1.008637388,1.29E-20,1.008637388
LOC112049720,tyrosine 3-monooxygenase,Th,8468.550303,6.191369883,1.32E-20,-6.191369883
LOC112048024,cold shock domain-containing protein E1,Unr,1313.120206,-1.337383074,1.35E-20,1.337383074
LOC112046737,proton-coupled folate transporter-like,CG8008,1811.719235,4.057485987,1.37E-20,-4.057485987
LOC112047516,stress response protein NST1-like,LOC112047516,119.0515737,-3.871136804,1.42E-20,3.871136804
LOC112048215,uncharacterized protein LOC112048215,LOC112048215,483.2693241,1.283705523,1.46E-20,-1.283705523
LOC112055365,uncharacterized LOC106106657 precursor,CG8420,962.122641,-2.217360865,1.58E-20,2.217360865
LOC112047223,DNA replication licensing factor Mcm5,Mcm5,1108.35537,-2.283391391,1.58E-20,2.283391391
LOC112049152,"myosin light chain kinase, smooth muscle-like",sqa,2156.769458,1.118452081,1.59E-20,-1.118452081
LOC112049787,15-hydroxyprostaglandin dehydrogenase [NAD(+)]-like,Adh,71.95319789,-6.354682875,1.64E-20,6.354682875
LOC112050555,sensory neuron membrane protein 2,Snmp2,189.9777154,-7.972320155,1.68E-20,7.972320155
LOC112051766,RAC serine/threonine-protein kinase,Akt1,3907.262995,-0.772531938,1.76E-20,0.772531938
LOC112058179,cuticle protein 8-like,Cpr62Bc,267.1676372,11.63310494,1.89E-20,-11.63310494
LOC112044599,eukaryotic translation initiation factor 4E-binding protein 2,4EBP,405.9642508,-3.142747836,2.04E-20,3.142747836
LOC112045749,suppressor of Mek1-like,LOC112045749,221.5768283,-11.24427782,2.09E-20,11.24427782
LOC112044362,myosin-I heavy chain,Myo22,662.5044736,-1.499296853,2.18E-20,1.499296853
LOC112053330,charged multivesicular body protein 2a,Vps2,1551.785888,1.029400222,2.36E-20,-1.029400222
LOC112052148,protein phosphatase 1E-like,Ppm1,470.8764029,-1.060886788,2.36E-20,1.060886788
LOC112047048,optineurin isoform X1,key,488.0524045,1.178263245,2.40E-20,-1.178263245
LOC112048920,alpha-tocopherol transfer protein-like,LOC112048920,924.9110053,3.184754631,2.48E-20,-3.184754631
LOC112058461,replication factor C subunit 4,CG8142,281.2872034,-2.730112618,2.52E-20,2.730112618
LOC112057939,organic cation transporter-like protein,CG8654,640.9657547,1.635267127,2.74E-20,-1.635267127
LOC112045375,WntA signaling ligand,WntA,278.4560462,-1.997023478,2.77E-20,1.997023478
LOC112045265,Interferon regulatory factor 9,LOC112045265,2526.97505,-2.205772642,2.86E-20,2.205772642
LOC112057444,tubulin polyglutamylase ttll6,TTLL15,92.8885371,5.029876387,2.91E-20,-5.029876387
LOC112048857,40S ribosomal protein S11 isoform X2,RpS11,25964.26362,0.803918336,3.13E-20,-0.803918336
LOC112043552,signal recognition particle receptor subunit beta,SrpRbeta,2084.345032,1.038392365,3.16E-20,-1.038392365
LOC112058064,nuclear pore complex protein Nup107,Nup107,1294.886409,-1.264961452,3.41E-20,1.264961452
LOC112049490,NADH dehydrogenase [ubiquinone] 1 alpha subcomplex subunit 13,Ndufa13,2897.051764,1.431403113,3.43E-20,-1.431403113
LOC112056572,E3 ubiquitin-protein ligase CBL-B-B isoform X1,Cbl,503.400991,-1.156055574,3.65E-20,1.156055574
LOC112050297,myb-like protein X isoform X1,LOC112050297,1582.927143,-1.534123882,3.77E-20,1.534123882
LOC112045583,60S ribosomal protein L32,RpL32,22453.81644,0.764227625,3.93E-20,-0.764227625
LOC112053679,gamma-tubulin complex component 3 homolog,Grip91,968.499857,-1.059809932,4.02E-20,1.059809932
LOC112057768,prefoldin subunit 6,Pfdn6,1870.825099,1.227974416,4.16E-20,-1.227974416
LOC112050236,zinc finger matrin-type protein CG9776 isoform X1,CG9776,1193.671773,-1.01805045,4.30E-20,1.01805045
LOC112045804,uncharacterized protein LOC112045804 isoform X1,CG42237,264.1870252,3.345913186,4.49E-20,-3.345913186
LOC112057848,inositol-trisphosphate 3-kinase A isoform X1,IP3K2,1264.514737,2.299727842,4.63E-20,-2.299727842
LOC112058558,reactive oxygen species modulator 1,CG6878,418.6041105,1.031625924,4.66E-20,-1.031625924
LOC112051039,T-complex protein 1 subunit beta,CCT2,7563.20761,0.999487384,4.71E-20,-0.999487384
LOC112049971,OWR54181.1 putative glutamic acid-rich protein precursor,LOC112049971,4558.774781,-1.298375357,4.74E-20,1.298375357
LOC112045920,PI-PLC X domain-containing protein 3-like isoform X2,LOC112045920,195.4948728,11.18643743,4.78E-20,-11.18643743
LOC112045657,asparagine synthetase [glutamine-hydrolyzing],AsnS,788.5704379,1.34943894,4.90E-20,-1.34943894
LOC112043508,probable cytochrome P450 6a14,Cyp6a14,234.7322272,11.45698263,5.00E-20,-11.45698263
LOC112048813,chromatin assembly factor 1 subunit B,Caf1-105,427.1287699,-2.726296271,5.07E-20,2.726296271
LOC112055068,probable cytochrome P450 49a1,LOC112055068,121.8026228,-3.221101119,5.15E-20,3.221101119
LOC112056548,"probable methylmalonate-semialdehyde dehydrogenase [acylating], mitochondrial",CG17896,892.6142133,1.723305342,5.26E-20,-1.723305342
LOC112045770,probable serine/threonine-protein kinase dyrk2,Tie,1845.93136,2.039900134,5.32E-20,-2.039900134
LOC112047006,host cell factor 1,Hcf,3066.512486,-0.70433453,5.49E-20,0.70433453
LOC112047112,zinc finger protein 26-like,LOC112047112,568.4638487,-0.94027027,5.50E-20,0.94027027
LOC112049690,mitochondrial uncoupling protein 4,Ucp4A,126.3835521,2.108178111,6.74E-20,-2.108178111
LOC112047182,proton-coupled folate transporter-like,CG15890,342.9112007,1.509738605,7.23E-20,-1.509738605
LOC112049708,ancient ubiquitous protein 1-like,LOC112049708,1167.351483,0.902528446,7.34E-20,-0.902528446
LOC112055398,wiskott-Aldrich syndrome protein family member 2-like,EbpIII,995.2879175,-4.0315364,7.36E-20,4.0315364
LOC112043325,lipopolysaccharide-induced tumor necrosis factor-alpha factor homolog,CG13516,1668.142208,2.608768526,7.50E-20,-2.608768526
LOC112046352,glycine-rich protein DOT1-like,LOC112046352,304.9287436,11.84944562,7.90E-20,-11.84944562
LOC112050800,acyl-CoA Delta(11) desaturase-like,Desat1,139.8028806,7.86234883,8.08E-20,-7.86234883
LOC112047339,four and a half LIM domains protein 2 isoform X5,Lmpt,2809.302471,3.016734333,8.14E-20,-3.016734333
LOC112046338,failed axon connections,fax,7523.230851,-1.36500166,8.77E-20,1.36500166
LOC112046041,40S ribosomal protein S10,RpS10b,23999.1799,0.759169172,8.93E-20,-0.759169172
LOC112046300,nuclear pore complex protein Nup153 isoform X1,Nup153,1732.536949,-0.840491685,1.00E-19,0.840491685
LOC112055834,CUB and sushi domain-containing protein 3 isoform X1,CTLSE2,220.2586336,3.469112629,1.04E-19,-3.469112629
LOC112047597,DNA-binding protein D-ETS-4 isoform X2,Ets98B,883.6066139,1.92112161,1.05E-19,-1.92112161
LOC112055976,flotillin-2 isoform X1,Flo2,293.9362443,-1.973516259,1.05E-19,1.973516259
LOC112048923,alpha-tocopherol transfer protein-like,CG2663,706.4664475,2.406273392,1.06E-19,-2.406273392
LOC112043465,BCL-6 corepressor,CG14073,3281.820094,1.398068918,1.12E-19,-1.398068918
LOC112057787,endocuticle structural glycoprotein SgAbd-5-like,Acp65Aa,251.1745907,11.54462684,1.12E-19,-11.54462684
LOC112051097,V-type proton ATPase subunit d,VhaAC39-1,2154.553507,0.85105714,1.13E-19,-0.85105714
LOC112054123,protein PFF0380w-like isoform X1,LOC112054123,1073.773769,-0.769858573,1.18E-19,0.769858573
LOC112058318,circadian clock-controlled protein-like,CG14259,166.7514499,6.854475773,1.31E-19,-6.854475773
LOC112044452,LDLR chaperone boca,boca,1535.627156,-0.959376016,1.31E-19,0.959376016
LOC112045702,protein phosphatase 1 regulatory subunit 3C,Gbs-70E,92.39443881,3.177801347,1.31E-19,-3.177801347
LOC112054345,probable NADH dehydrogenase [ubiquinone] 1 alpha subcomplex subunit 12,ND-B17.2,724.952812,1.29203149,1.32E-19,-1.29203149
LOC112057822,CKLF-like MARVEL transmembrane domain-containing protein 4,LOC112057822,525.7680272,1.623859154,1.38E-19,-1.623859154
LOC112054374,tat-linked quality control protein TatD,CG3308,1595.418725,1.085896538,1.39E-19,-1.085896538
LOC112043788,hexosaminidase D-like,CG7985,365.3407438,-1.174625878,1.39E-19,1.174625878
LOC112058078,spondin-2,mspo,326.0580157,-2.166765325,1.45E-19,2.166765325
LOC112046697,probable ATP-dependent RNA helicase DHX35,CG3225,621.3667661,-1.167245179,1.49E-19,1.167245179
LOC112050362,MOB kinase activator-like 1,mats,1236.639951,-0.84630049,1.50E-19,0.84630049
LOC112046970,neuropeptide SIFamide receptor-like,SIFaR,86.33319019,6.278277814,1.59E-19,-6.278277814
LOC112047915,selenoprotein K-like,LOC112047915,1715.824227,0.790599543,1.60E-19,-0.790599543
LOC112054815,serine protease easter-like,CLIPB19,3013.602321,1.932858277,1.61E-19,-1.932858277
LOC112056415,probable glutamine--tRNA ligase,Aats-gln,2612.633946,0.747437128,1.63E-19,-0.747437128
LOC112043869,uncharacterized protein LOC112043869,LOC112043869,1025.773175,-0.869777948,1.71E-19,0.869777948
LOC112043722,elongation of very long chain fatty acids protein AAEL008004,CG31522,7746.672568,3.936640535,1.74E-19,-3.936640535
LOC112050200,nucleoporin NUP188 homolog,Nup188,1957.584216,-1.021115321,1.74E-19,1.021115321
LOC112044638,zinc finger protein Noc,noc,2725.06851,0.880353585,1.75E-19,-0.880353585
LOC112046748,60S ribosomal protein L12,RpL12,19498.04711,0.955094998,1.76E-19,-0.955094998
LOC112045508,uncharacterized protein LOC112045508 isoform X1,LOC112045508,1150.399367,1.829464241,1.81E-19,-1.829464241
LOC112046003,DNA-binding protein Ikaros isoform X1,CG12769,605.6327807,1.908766907,1.86E-19,-1.908766907
LOC112045476,cuticle protein-like,CG34461,962.2635427,-7.828863335,1.98E-19,7.828863335
LOC112051364,NA,NA,12141.75775,1.489185221,2.03E-19,-1.489185221
LOC112044925,dehydrogenase/reductase SDR family member 4,CG10672,708.2220585,1.351293971,2.22E-19,-1.351293971
LOC112049687,protein asunder,asun,521.0493199,-1.420149489,2.39E-19,1.420149489
LOC112049089,Ubiquitin-fold modifier 1,LOC112049089,2746.52466,2.391220781,2.45E-19,-2.391220781
LOC112046079,tubulin-specific chaperone E,Tbce,1824.096988,1.208439839,2.77E-19,-1.208439839
LOC112048265,heterogeneous nuclear ribonucleoprotein L isoform X1,sm,1952.428937,-1.073974498,2.89E-19,1.073974498
LOC112049626,semaphorin-1A-like,Sema1a,16142.4272,-1.195769932,2.90E-19,1.195769932
LOC112050014,Peptidyl-prolyl cis-trans isomerase CWC27-like,CG42326,117.0366579,3.849298538,3.03E-19,-3.849298538
LOC112043930,plasminogen activator inhibitor 1-like,Spn28B,2316.000656,2.618520665,3.12E-19,-2.618520665
LOC112054265,matrix metalloproteinase-25-like,Mmp2,448.9040954,-2.636076857,3.12E-19,2.636076857
LOC112056457,60S ribosomal protein L5,RpL5,49699.63936,0.777128023,3.12E-19,-0.777128023
LOC112052213,"ATP-binding cassette sub-family B member 10, mitochondrial-like",CG3156,1197.528689,2.182977309,3.14E-19,-2.182977309
LOC112051750,sphingosine kinase 1-like,Sk2,129.0576676,2.021197859,3.36E-19,-2.021197859
LOC112052997,60S ribosomal protein L23,RpL23,26135.29106,0.840015993,3.51E-19,-0.840015993
LOC112044605,F-actin-capping protein subunit beta,cpb,1704.75434,0.647316155,3.55E-19,-0.647316155
LOC112047715,transforming growth factor beta-1-induced transcript 1 protein,CG34325,514.757741,3.73711762,3.61E-19,-3.73711762
LOC112047076,oxysterol-binding protein-related protein 9,CG1513,849.5441344,-1.399001753,3.62E-19,1.399001753
LOC112052433,zinc finger protein 26-like,LOC112052433,870.0450062,0.929263123,3.62E-19,-0.929263123
LOC112044780,meteorin-like protein,LOC112044780,684.0038534,2.179705574,3.77E-19,-2.179705574
LOC112052049,neurogenic locus Notch protein isoform X1,N,11608.58373,-1.053731383,3.91E-19,1.053731383
LOC112051191,calpain-A-like isoform X4,CalpA,3913.987235,0.847944845,4.11E-19,-0.847944845
LOC112053382,NA,NA,116.1666566,-3.815127197,4.11E-19,3.815127197
LOC112054272,60S ribosomal protein L10,RpL10,33504.29435,0.873402243,4.13E-19,-0.873402243
LOC112043691,uncharacterized protein LOC112043691,LOC112043691,178.1873665,-2.132914309,4.25E-19,2.132914309
LOC112053861,T-cell immunomodulatory protein,CG7739,684.2637517,1.051402352,4.27E-19,-1.051402352
LOC112053610,monocarboxylate transporter 3,CG8468,716.6820492,-2.184147692,4.30E-19,2.184147692
LOC112056469,protein scabrous,sca,867.2321277,-1.591916831,4.42E-19,1.591916831
LOC112048433,FACT complex subunit spt16 isoform X1,dre4,3872.25994,-0.891254186,4.99E-19,0.891254186
LOC112052448,titin homolog,CG14200,3204.066104,-0.664302908,5.07E-19,0.664302908
LOC112051245,translation initiation factor eIF-2B subunit delta isoform X1,eIF2Bdelta,1340.17842,0.819202669,5.74E-19,-0.819202669
LOC112043313,serine protease inhibitor 88Ea-like,Spn88Ea,6544.709771,1.184378878,5.91E-19,-1.184378878
LOC112054537,putative cuticle protein CPR149,CG1136,437.4253332,4.918504161,6.70E-19,-4.918504161
LOC112054469,CD209 antigen-like,LOC112054469,72.19153125,3.321348565,6.97E-19,-3.321348565
LOC112051170,phosphatidylcholine:ceramide cholinephosphotransferase 2-like isoform X1,SMSr,1613.637546,1.037450359,7.30E-19,-1.037450359
LOC112046915,zinc transporter ZIP1-like,Zip89B,2340.627676,1.734897197,7.61E-19,-1.734897197
LOC112049029,holotricin-3-like,LOC112049029,180.9898784,-7.857401415,8.22E-19,7.857401415
LOC112058544,"2',5'-phosphodiesterase 12",CG31759,694.7847925,1.058899988,8.33E-19,-1.058899988
LOC112053070,coiled-coil domain-containing protein R3HCC1L isoform X1,CG2162,650.8793705,1.698429467,9.18E-19,-1.698429467
LOC112046542,NA,NA,78.73687994,6.457279522,9.29E-19,-6.457279522
LOC112049645,double-strand-break repair protein rad21 homolog isoform X1,rad21,1420.967973,-0.889214645,1.04E-18,0.889214645
LOC112058516,cytochrome P450 6B1-like,Cyp6a14,202.9465323,9.362955482,1.06E-18,-9.362955482
LOC112057658,protein yellow,yel-b,8247.697282,1.877954886,1.15E-18,-1.877954886
LOC112045775,protein Spindly,LOC112045775,465.8069723,-4.282069141,1.16E-18,4.282069141
LOC112054559,apolipoprotein D-like,NLaz,281.0100575,-5.475721413,1.18E-18,5.475721413
LOC112045696,serine/threonine-protein kinase TEL1-like,nonC,287.9473603,-1.478385845,1.19E-18,1.478385845
LOC112051695,protein RFT1 homolog,CG3149,859.8745575,1.299661565,1.23E-18,-1.299661565
LOC112056632,uncharacterized protein LOC112056632,LOC112056632,474.337977,-2.299429057,1.24E-18,2.299429057
LOC112048368,"cytochrome c oxidase subunit 5A, mitochondrial",Cox5a,3887.099551,1.098349352,1.34E-18,-1.098349352
LOC112058580,actin-related protein 2/3 complex subunit 5,Arpc5,963.849915,1.06447115,1.38E-18,-1.06447115
LOC112044764,syntaxin-5,Syx5,1455.460934,1.193325518,1.41E-18,-1.193325518
LOC112044847,coiled-coil domain-containing protein 50,LOC112044847,849.5809575,-1.374101038,1.48E-18,1.374101038
LOC112046975,saccharopine dehydrogenase-like oxidoreductase,Sccpdh1,108.296418,-2.280841666,1.49E-18,2.280841666
LOC112048269,ommochrome-binding protein-like,LOC112048269,81.54763167,2.395728193,1.56E-18,-2.395728193
LOC112052115,glycine N-acyltransferase-like protein 3,LOC112052115,267.2458704,1.704025268,1.58E-18,-1.704025268
LOC112049061,ubiquitin carboxyl-terminal hydrolase nonstop,not,479.6254804,-1.180601598,1.63E-18,1.180601598
LOC112049854,scolexin B-like isoform X2,CG34458,1662.105255,-2.754298251,1.69E-18,2.754298251
LOC112055166,mitochondrial-processing peptidase subunit beta,UQCR-C1,2806.343686,1.032899429,1.70E-18,-1.032899429
LOC112051799,pancreatic lipase-related protein 2-like,CG6472,199.4536214,6.317164958,1.72E-18,-6.317164958
LOC112048299,cytochrome b5-like,JHBP1,808.9134052,3.962796445,1.92E-18,-3.962796445
LOC112048815,60S ribosomal protein L44,RpL36A,18769.44126,0.86615993,2.02E-18,-0.86615993
LOC112057933,beta-secretase 1-like,LOC112057933,516.209322,-2.717697865,2.23E-18,2.717697865
LOC112049752,chitinase-like protein EN03 isoform X1,Idgf4,4632.269847,3.314453243,2.24E-18,-3.314453243
LOC112053994,DNA mismatch repair protein Mlh1,Mlh1,255.4713279,-2.219599144,2.24E-18,2.219599144
LOC112045293,uncharacterized protein LOC112045293,B4,2245.459468,-1.242157042,2.38E-18,1.242157042
LOC112049701,60S ribosomal protein L15,RpL15,25077.01693,0.70941152,2.40E-18,-0.70941152
LOC112050746,zinc finger protein 706-like,CG15715,1992.179817,0.823411769,2.65E-18,-0.823411769
LOC112054005,aminopeptidase N,superdeath,133.6503666,2.456845573,2.76E-18,-2.456845573
LOC112055713,N66 matrix protein-like isoform X1,LOC112055713,1124.344128,-2.379319544,2.88E-18,2.379319544
LOC112052850,methylthioribose-1-phosphate isomerase,CG11334,695.6764315,0.996062526,2.98E-18,-0.996062526
LOC112054698,uncharacterized protein LOC112054698,LOC112054698,81.37367438,5.388825441,3.24E-18,-5.388825441
LOC112045694,uncharacterized protein LOC112045694,LOC112045694,205.254897,-1.580181364,3.49E-18,1.580181364
LOC112051085,SRC kinase signaling inhibitor 1-like,LOC112051085,618.6596174,-1.09630603,3.68E-18,1.09630603
LOC112052940,uncharacterized protein LOC112052940,LOC112052940,82.03321032,2.709553176,3.85E-18,-2.709553176
LOC112043709,calcium/calmodulin-dependent protein kinase type II alpha chain,CaMKII,1604.189203,1.133176224,4.31E-18,-1.133176224
LOC112055338,snurportin-1,Snup,1143.457431,-0.9587198,4.44E-18,0.9587198
LOC112051258,60S ribosomal protein L19,RpL19,35010.61988,0.875789682,4.59E-18,-0.875789682
LOC112058243,polycomb group protein Psc-like,Cdc6,1410.969226,-0.711003748,4.65E-18,0.711003748
LOC112052888,poly(U)-specific endoribonuclease homolog,CG2145,763.4025869,2.598501061,4.74E-18,-2.598501061
LOC112055002,tubulin polyglutamylase ttll6,TTLL15,140.4316312,4.660155371,4.76E-18,-4.660155371
LOC112045527,proton-coupled amino acid transporter-like protein CG1139,CG7888,81.29021452,-3.655149446,4.84E-18,3.655149446
LOC112044619,ribonucleoside-diphosphate reductase large chain-like,LOC112044619,808.3223216,7.577730657,5.46E-18,-7.577730657
LOC112053159,eukaryotic translation initiation factor 4E transporter-like isoform X1,4E-T,1548.922725,-0.941097711,5.79E-18,0.941097711
LOC112053356,WD repeat-containing protein 35,Oseg4,536.8965724,-1.989311741,5.91E-18,1.989311741
LOC112049635,suppression of tumorigenicity 5 protein-like,LOC112049635,1699.253112,-1.126953083,6.21E-18,1.126953083
LOC112054519,fumarylacetoacetate hydrolase domain-containing protein 2-like,CG6028,571.1053208,1.816411241,6.71E-18,-1.816411241
LOC112056283,"glucose dehydrogenase [FAD, quinone]",Gld,297.9312069,4.505388005,6.75E-18,-4.505388005
LOC112053889,ubiquitin carboxyl-terminal hydrolase 30 homolog,Usp30,1852.951672,0.646655526,6.97E-18,-0.646655526
LOC112051774,"NADPH:adrenodoxin oxidoreductase, mitochondrial",dare,32435.0745,0.675442184,7.17E-18,-0.675442184
LOC112045220,chymotrypsin-like elastase family member 2A,CG31326,232.7294256,-4.367078922,7.19E-18,4.367078922
LOC112049059,serine/threonine-protein kinase ATR-like,mei-41,867.9368429,-1.921075389,7.33E-18,1.921075389
LOC112042846,uncharacterized protein LOC112042846,LOC112042846,742.8481039,-1.552071802,7.60E-18,1.552071802
LOC112052743,collagen type IV alpha-3-binding protein,cert,1021.360853,1.179517391,7.66E-18,-1.179517391
LOC112047303,60S ribosomal protein L8,RpL8,34859.40582,0.681939916,7.83E-18,-0.681939916
LOC112053894,uncharacterized protein LOC112053894,LOC112053894,247.5414691,11.51788435,7.87E-18,-11.51788435
LOC112051518,glucose-induced degradation protein 4 homolog,LOC112051518,807.6840037,0.99610118,7.95E-18,-0.99610118
LOC112051270,pro-resilin,CG2150,349.19502,10.12242497,8.04E-18,-10.12242497
LOC112053963,uridine 5'-monophosphate synthase-like,r-l,53.44781358,5.876794817,8.74E-18,-5.876794817
LOC112058579,programmed cell death protein 10,Ccm3,830.4859499,1.088063331,9.10E-18,-1.088063331
LOC112049998,alpha-tocopherol transfer protein-like,LOC112049998,92.5953937,4.062509304,1.05E-17,-4.062509304
LOC112047012,facilitated trehalose transporter Tret1-like,Tret1-2,115.7334877,3.213304938,1.07E-17,-3.213304938
LOC112050331,protein yellow-like,yel,209.6108626,5.783775769,1.10E-17,-5.783775769
LOC112044928,putative inorganic phosphate cotransporter isoform X2,Picot,977.4558836,1.825406349,1.11E-17,-1.825406349
LOC112052391,40S ribosomal protein S15Aa,RpS15Aa,18706.48702,0.73511394,1.13E-17,-0.73511394
LOC112052195,40S ribosomal protein S17,RpS17,23985.62331,0.835555145,1.14E-17,-0.835555145
LOC112045345,60S ribosomal protein L13a,RpL13A,31734.58995,0.700642167,1.17E-17,-0.700642167
LOC112051357,cleavage and polyadenylation specificity factor subunit CG7185 isoform X2,Cpsf6,3998.886586,-0.713193587,1.20E-17,0.713193587
LOC112058326,"protein pangolin, isoforms A/H/I/S isoform X1",pan,2225.607764,-1.34689325,1.21E-17,1.34689325
LOC112051765,elongation factor 1-gamma,Ef1gamma,43927.59636,0.736523042,1.30E-17,-0.736523042
LOC112057714,protein C19orf12 homolog,LOC112057714,1066.297511,-0.696337753,1.33E-17,0.696337753
LOC112055427,annexin B10 isoform X1,AnxB10,3418.153568,2.379491807,1.33E-17,-2.379491807
LOC112050167,uncharacterized protein LOC112050167,CG43740,250.7874633,4.989266079,1.36E-17,-4.989266079
LOC112057977,OWR53003.1 putative XK-related protein 6,LOC112057977,728.3552449,-1.304048043,1.56E-17,1.304048043
LOC112044497,syntaxin-binding protein 5 isoform X2,Tomosyn,1737.98586,1.784845418,1.59E-17,-1.784845418
LOC112046911,low-density lipoprotein receptor-related protein-like,LOC112046911,174.7578501,-5.401331525,1.64E-17,5.401331525
LOC112048165,proteasome subunit alpha type-3,Prosalpha7,3853.758015,0.623544505,1.66E-17,-0.623544505
LOC112051561,ran-specific GTPase-activating protein-like,Nup358,2088.019969,-1.73730595,1.74E-17,1.73730595
LOC112050572,sister chromatid cohesion protein PDS5 homolog B,pds5,938.4143564,-0.860382935,1.81E-17,0.860382935
LOC112044092,uncharacterized protein LOC112044092,CG16791,420.0029436,-1.271648299,1.97E-17,1.271648299
LOC112048642,serine-rich adhesin for platelets-like isoform X1,LOC112048642,488.0643582,-2.095436883,1.97E-17,2.095436883
LOC112058628,peroxisomal biogenesis factor 19,Pex19,570.7639082,1.317495667,2.01E-17,-1.317495667
LOC112052336,uncharacterized protein LOC112052336,LOC112052336,711.9371103,-0.916580303,2.22E-17,0.916580303
LOC112052584,"probable 39S ribosomal protein L49, mitochondrial",mRpL49,768.154217,1.13147667,2.23E-17,-1.13147667
LOC112046015,thymidylate synthase,Ts,317.3643999,-2.038119416,2.25E-17,2.038119416
LOC112056652,"phosphatidylserine decarboxylase proenzyme, mitochondrial",Pisd,735.1247815,-0.787898007,2.35E-17,0.787898007
LOC112053366,protein crossbronx homolog,CG46338,581.1858335,1.217601521,2.39E-17,-1.217601521
LOC112052867,uncharacterized protein LOC112052867 isoform X1,CG6398,8433.166839,-0.826505445,2.40E-17,0.826505445
LOC112049073,mitochondrial import inner membrane translocase subunit Tim23,Tim23,653.1281984,1.439824413,2.46E-17,-1.439824413
LOC112051041,endocuticle structural glycoprotein SgAbd-5-like,Cpr78E,66.65410361,6.745258324,2.54E-17,-6.745258324
LOC112045456,protein inturned,in,931.9162516,-1.188211621,2.54E-17,1.188211621
LOC112046370,T-complex protein 1 subunit gamma,Cctgamma,9995.297621,1.070324246,2.64E-17,-1.070324246
LOC112049993,DNA replication ATP-dependent helicase/nuclease DNA2 isoform X1,CG2990,513.3976259,-1.663606725,2.84E-17,1.663606725
LOC112044281,translocon-associated protein subunit beta,SsRbeta,4189.858318,1.165282953,3.01E-17,-1.165282953
LOC112053879,transcription initiation factor IIB,TfIIB,1473.601474,1.765387958,3.01E-17,-1.765387958
LOC112048512,V-type proton ATPase 116 kDa subunit a,Vha100-2,4938.844112,1.683284698,3.21E-17,-1.683284698
LOC112057907,"acyl carrier protein, mitochondrial isoform X1",mtacp1,3070.67998,0.900268039,3.22E-17,-0.900268039
LOC112056553,RING finger protein unkempt,unk,362.1491722,-1.311216124,3.61E-17,1.311216124
LOC112044602,ATP-binding cassette sub-family G member 4-like isoform X1,Atet,319.4661379,2.078776887,3.67E-17,-2.078776887
LOC112044683,serine/arginine-rich splicing factor 7-like isoform X1,x16,840.1482277,-0.82735136,3.67E-17,0.82735136
LOC112052468,G1/S-specific cyclin-D2-like,CycD,262.9262036,-2.809973213,3.73E-17,2.809973213
LOC112054850,phosphatase and actin regulator 4 isoform X1,CG32264,2038.429831,-1.036868194,3.78E-17,1.036868194
LOC112047232,27 kDa hemolymph protein-like,CG14629,878.7690573,-2.560964996,3.91E-17,2.560964996
LOC112046577,zinc finger MYM-type protein 3,woc,3471.465847,-0.635389789,3.91E-17,0.635389789
LOC112058368,serine protease easter-like,MP1,2041.609352,-3.291336123,4.05E-17,3.291336123
LOC112045695,uncharacterized protein LOC112045695,LOC112045695,309.1404967,-1.402298198,4.17E-17,1.402298198
LOC112052101,pyrimidodiazepine synthase-like,GstO2,868.4644928,-1.303215645,4.25E-17,1.303215645
LOC112044719,esterase FE4-like,CG10175,787.6377621,2.260532581,4.37E-17,-2.260532581
LOC112046986,fragile X mental retardation syndrome-related protein 1 isoform X1,Fmr1,10020.06119,-0.51418352,4.38E-17,0.51418352
LOC112048820,putative E3 ubiquitin-protein ligase UBR7,CG15141,4091.30483,-1.609792143,4.50E-17,1.609792143
LOC112044920,E3 ubiquitin-protein ligase FANCL,LOC112044920,381.0452358,-1.541669327,4.54E-17,1.541669327
LOC112049329,lysosome-associated membrane glycoprotein 1-like,Lamp1,3371.371199,-0.848724858,4.54E-17,0.848724858
LOC112056694,dorsal-ventral patterning protein Sog,sog,2089.543225,1.421715987,4.54E-17,-1.421715987
LOC112045524,"carnitine O-palmitoyltransferase 1, liver isoform",whd,3785.441904,0.779445008,4.70E-17,-0.779445008
LOC112050392,protein lethal(2)essential for life-like,l(2)efl,1343.715778,-3.368725873,5.17E-17,3.368725873
LOC112042860,zinc finger SWIM domain-containing protein 8-like,CG34401,1112.909536,-1.375418322,5.25E-17,1.375418322
LOC112046782,sperm-associated antigen 7 homolog,CG2608,714.0596381,-0.962057237,5.29E-17,0.962057237
LOC112051611,uncharacterized protein LOC112051611,LOC112051611,967.8746002,-3.230351911,5.49E-17,3.230351911
LOC112054357,gem-associated protein 5-like,LOC112054357,625.3144867,-1.128572684,5.55E-17,1.128572684
LOC112051553,N-glycosylase/DNA lyase,Ogg1,166.1965039,-1.454082699,5.64E-17,1.454082699
LOC112057972,carboxypeptidase B-like,CG8560,982.3733106,-2.469163826,5.71E-17,2.469163826
LOC112044812,OWR52782.1 ecdysteroid 22-kinase,CG9498,433.6618541,3.753044453,6.00E-17,-3.753044453
LOC112052865,Usher syndrome type-1G protein homolog,Sans,684.7846981,-2.463666123,6.35E-17,2.463666123
LOC112056096,cuticle protein 16.5-like,LOC112056096,128.596713,10.57941277,6.41E-17,-10.57941277
LOC112058178,cuticle protein 7-like,Cpr62Bc,217.4260129,9.530977451,6.54E-17,-9.530977451
LOC112054423,zinc finger protein 62-like,LOC112054423,141.8203901,-1.52336175,6.64E-17,1.52336175
LOC112049889,uridine 5'-monophosphate synthase,r-l,1054.739613,1.277208985,6.76E-17,-1.277208985
LOC112048298,metallophosphoesterase 1-like,PGAP5,414.947932,-1.935421864,6.90E-17,1.935421864
LOC112053970,uncharacterized protein K02A2.6-like,LOC112053970,165.8585567,3.171901065,7.07E-17,-3.171901065
LOC112056660,uncharacterized protein LOC112055867,LOC112056660,2473.929952,-3.329857699,7.19E-17,3.329857699
LOC112051486,tonsoku-like protein,CG7457,731.5595949,-0.83821028,7.42E-17,0.83821028
LOC112055898,HMG box transcription factor BBX,bbx,224.8157304,1.763119803,7.47E-17,-1.763119803
LOC112046828,arrestin domain-containing protein 17-like,CG1105,487.8626633,1.092693645,7.57E-17,-1.092693645
LOC112055296,unconventional myosin-XV,Myo10A,1801.259321,1.185984426,7.64E-17,-1.185984426
LOC112047607,lachesin isoform X1,Lac,5047.890501,-1.503879676,7.66E-17,1.503879676
LOC112054240,furin-like protease 1 isoform X1,Fur1,1057.275348,-1.35897104,7.95E-17,1.35897104
LOC112054071,phospholipase A1-like,CG6472,180.5575246,-9.49278894,8.17E-17,9.49278894
LOC112053290,protein sidekick,sdk,1759.41715,-1.432107456,8.26E-17,1.432107456
LOC112051862,probable phospholipid-transporting ATPase IM isoform X2,ATP8B,4180.054257,1.253408475,8.36E-17,-1.253408475
LOC112044177,uncharacterized protein LOC112044177,LOC112044177,603.2311354,8.212869805,8.44E-17,-8.212869805
LOC112044077,stress-activated protein kinase JNK isoform X1,bsk,3718.972415,-0.74569687,8.61E-17,0.74569687
LOC112058471,carbonic anhydrase-related protein 10-like,CARPB,104.8828308,3.734363774,9.05E-17,-3.734363774
LOC112047813,catenin alpha isoform X1,alpha-Cat,1872.899043,-1.132775792,9.12E-17,1.132775792
LOC112052451,40S ribosomal protein S15,RpS15,26587.49592,0.737964535,9.28E-17,-0.737964535
LOC112046216,replication factor C subunit 5,RfC3,445.9891564,-1.090943954,9.33E-17,1.090943954
LOC112046127,ran-binding protein 9 isoform X1,RanBPM,1403.732052,-0.615257172,9.62E-17,0.615257172
LOC112058557,60S ribosomal protein L10a,RpL10Ab,28322.06834,0.65142701,1.01E-16,-0.65142701
LOC112055909,histone-binding protein N1/N2,LOC112055909,1078.147493,-1.569371298,1.05E-16,1.569371298
LOC112050558,V-type proton ATPase 16 kDa proteolipid subunit,Vha16,19641.42234,1.059925756,1.06E-16,-1.059925756
LOC112047140,1-acylglycerol-3-phosphate O-acyltransferase ABHD5 isoform X1,puml,980.9834466,1.578879646,1.06E-16,-1.578879646
LOC112049992,transmembrane emp24 domain-containing protein 2,CHOp24,3793.232678,0.55982784,1.11E-16,-0.55982784
LOC112046932,chromobox protein homolog 1-like,HP1C,1172.806436,-0.816022677,1.15E-16,0.816022677
LOC112047398,KPJ01638.1 DDB1- and CUL4-associated factor 15,CG6325,381.1693443,-1.052901702,1.16E-16,1.052901702
LOC112048174,uncharacterized protein LOC112048174 isoform X1,CG4702,267.5478535,5.154048404,1.17E-16,-5.154048404
LOC112054390,zinc finger protein 62 homolog isoform X2,LOC112054390,849.135685,-1.085099122,1.23E-16,1.085099122
LOC112045313,NAD kinase-like isoform X5,CG33156,2552.006235,1.289674282,1.29E-16,-1.289674282
LOC112043409,proteasome subunit alpha type-6-like,CG30382,3346.84734,0.770275825,1.30E-16,-0.770275825
LOC112055035,coronin-7 isoform X1,pod1,839.4708415,-1.448780816,1.36E-16,1.448780816
LOC112042909,40S ribosomal protein S8,RpS8,40240.87493,0.611592086,1.40E-16,-0.611592086
LOC112048802,facilitated trehalose transporter Tret1-like,Tret1-1,63.51056036,-6.998600045,1.41E-16,6.998600045
LOC112050927,uncharacterized protein LOC112050927 isoform X1,LOC112050927,388.4336925,-1.66772097,1.46E-16,1.66772097
LOC112058371,protein pellino,Pli,501.5315002,-0.995938972,1.47E-16,0.995938972
LOC112044661,60S ribosomal protein L17,RpL17,32872.12471,0.704837146,1.51E-16,-0.704837146
LOC112057299,protein obstructor-E-like,Cpap3-e,203.3696979,10.28471102,1.53E-16,-10.28471102
LOC112044145,solute carrier family 22 member 6-like,CG7458,9599.267914,-1.197553452,1.54E-16,1.197553452
LOC112047327,guanine nucleotide-binding protein subunit beta-like protein 1,CG13192,1884.268183,-1.046601236,1.59E-16,1.046601236
LOC112044785,pre-mRNA-processing factor 40 homolog A,Prp40,1322.032677,-0.640801932,1.69E-16,0.640801932
LOC112045570,coiled-coil domain-containing protein 47,CG17593,1944.198818,1.049073792,1.69E-16,-1.049073792
LOC112044078,inositol polyphosphate multikinase,Ipk2,282.6233016,-1.362581372,1.70E-16,1.362581372
LOC112054912,protein ROP isoform X1,Rop,1499.722997,1.1800588,1.82E-16,-1.1800588
LOC112047068,Aldehyde Dehydrogenase,LOC112047068,759.3664933,1.376897474,1.88E-16,-1.376897474
LOC112050580,"solute carrier family 2, facilitated glucose transporter member 8-like",CG33281,216.5635329,-2.124172737,1.95E-16,2.124172737
LOC112052883,poly(U)-specific endoribonuclease homolog,ENDOU,904.381859,2.014312106,1.97E-16,-2.014312106
LOC112054604,"NADH dehydrogenase [ubiquinone] 1 alpha subcomplex subunit 10, mitochondrial",Ndufa10,2264.392004,0.925833759,1.98E-16,-0.925833759
LOC112049983,"cytochrome b-c1 complex subunit 6, mitochondrial-like",UQCR-11,1498.855242,0.945893306,2.02E-16,-0.945893306
LOC112053813,U4/U6.U5 small nuclear ribonucleoprotein 27 kDa protein,ytr,668.2714565,-1.470687903,2.10E-16,1.470687903
LOC112048670,annulin-like isoform X1,Tg,141.3614737,3.597677991,2.14E-16,-3.597677991
LOC112045794,uncharacterized protein LOC112045794,LOC112045794,427.1910245,-0.989309532,2.22E-16,0.989309532
LOC112052504,sequestosome-1-like isoform X2,LOC112052504,2635.396229,0.572577922,2.44E-16,-0.572577922
LOC112052855,"A-kinase anchor protein 1, mitochondrial isoform X1",spoon,9217.804756,1.383661582,2.78E-16,-1.383661582
LOC112046560,transcriptional activator cubitus interruptus isoform X1,Ci,2030.050717,1.907577498,2.80E-16,-1.907577498
LOC112042896,protein archease-like,Archease,1103.282855,0.882762727,2.86E-16,-0.882762727
LOC112049649,Prolow-density lipoprotein receptor-related protein 1,LOC112049649,806.7203656,-0.933001373,2.88E-16,0.933001373
LOC112047002,chymotrypsin-like elastase family member 2A,CG11313,343.6068545,-2.827786603,2.90E-16,2.827786603
LOC112047210,signal recognition particle 14 kDa protein,Srp14,2229.471231,0.938576012,2.90E-16,-0.938576012
LOC112043104,ribosome production factor 2 homolog,Non3,1710.44365,1.0093913,2.94E-16,-1.0093913
LOC112042965,OWR41558.1 Methyltransferase protein,CG13321,2263.688894,-0.744047354,2.96E-16,0.744047354
LOC112054989,adhesive plaque matrix protein-like,LOC112054989,121.6941237,10.49509196,3.09E-16,-10.49509196
LOC112045440,toll-like receptor 7,Toll-7,944.9452806,0.992714102,3.32E-16,-0.992714102
LOC112049784,15-hydroxyprostaglandin dehydrogenase [NAD(+)]-like,Pdh,204.5572344,2.003505311,3.40E-16,-2.003505311
LOC112049050,"succinate dehydrogenase [ubiquinone] flavoprotein subunit, mitochondrial",SdhA,2563.936273,0.787306246,3.44E-16,-0.787306246
LOC112043433,probable E3 ubiquitin-protein ligase sinah isoform X2,LOC112043433,1239.873159,1.143946836,3.54E-16,-1.143946836
LOC112050935,THAP domain-containing protein 9,LOC112050935,336.7811819,-2.299288528,3.55E-16,2.299288528
LOC112045245,protein lozenge-like isoform X2,lz,88.40211699,2.470819648,3.65E-16,-2.470819648
LOC112052527,uncharacterized protein LOC112052527,LOC112052527,618.3649118,-0.985007536,3.76E-16,0.985007536
LOC112047459,G-protein coupled receptor Mth2-like,mthl10,1520.534995,1.390997663,3.76E-16,-1.390997663
LOC112048356,Fanconi anemia group D2 protein,LOC112048356,866.655112,-1.41938068,4.02E-16,1.41938068
LOC112052745,sorting nexin-2,Snx1,843.1646786,-1.22725416,4.10E-16,1.22725416
LOC112050418,"39S ribosomal protein L30, mitochondrial",mRpL30,569.4490226,1.351609166,4.13E-16,-1.351609166
LOC112054885,cuticle protein 16.8-like,Cpr57A,508.7369896,1.57754742,4.46E-16,-1.57754742
LOC112046995,A-kinase anchor protein 14,LOC112046995,55.71917571,5.72561349,4.48E-16,-5.72561349
LOC112045273,nucleolar protein 4 isoform X1,CG46301,3203.099787,-1.388086199,4.76E-16,1.388086199
LOC112046855,"alpha-1,3/1,6-mannosyltransferase ALG2",Alg2,696.8725849,1.085399821,4.82E-16,-1.085399821
LOC112046786,40S ribosomal protein S28,RpS28b,16380.88377,0.750618797,4.94E-16,-0.750618797
LOC112050490,RNA polymerase II-associated protein 3-like isoform X1,spag,1054.062919,-0.88549105,4.98E-16,0.88549105
LOC112053799,ETS homologous factor-like,LOC112053799,1079.409588,1.497070027,5.54E-16,-1.497070027
LOC112046596,polycomb protein Pcl,Pcl,1003.250197,-0.80168118,5.61E-16,0.80168118
LOC112046606,"glucose dehydrogenase [FAD, quinone]-like",CG6142,12133.44637,7.633550276,6.11E-16,-7.633550276
LOC112045985,tumor necrosis factor receptor superfamily member wengen,wgn,641.2302545,-1.538741975,6.13E-16,1.538741975
LOC112043230,NADH dehydrogenase [ubiquinone] 1 alpha subcomplex subunit 2,Ndufa2,619.0031205,1.252263926,6.17E-16,-1.252263926
LOC112051290,inverted formin-2,form3,3137.447191,2.20344891,6.40E-16,-2.20344891
LOC112051363,NA,NA,3488.193996,1.487052679,6.53E-16,-1.487052679
LOC112051353,N-acetylneuraminate 9-O-acetyltransferase,CG2938,446.6383073,-1.658478382,6.75E-16,1.658478382
LOC112048900,NA,NA,325.9676813,1.504563168,6.80E-16,-1.504563168
LOC112050030,NA,NA,144.8097752,3.525354691,7.20E-16,-3.525354691
LOC112058308,"L-threonine 3-dehydrogenase, mitochondrial",CG5955,74.54988806,-3.281344941,7.28E-16,3.281344941
LOC112048605,TP53-binding protein 1-like,LOC112048605,832.8943383,-0.890276393,7.47E-16,0.890276393
LOC112055770,chymotrypsin-like elastase family member 2A,MP1,480.68175,-3.339739719,7.56E-16,3.339739719
LOC112053533,putative serine protease K12H4.7,CG9953,2435.318598,-0.920606603,7.80E-16,0.920606603
LOC112047852,DNA mismatch repair protein Mlh1,Mlh1,124.8773752,-1.830093515,7.84E-16,1.830093515
LOC112057135,uncharacterized protein LOC112057135,LOC112057135,110.0558005,-2.624245961,8.00E-16,2.624245961
LOC112050282,"succinate dehydrogenase [ubiquinone] iron-sulfur subunit, mitochondrial",SdhB,1348.315244,1.145530391,8.37E-16,-1.145530391
LOC112043851,polypeptide N-acetylgalactosaminyltransferase 1-like isoform X1,Pgant1,639.1915467,-1.144497545,8.45E-16,1.144497545
LOC112046594,TNF receptor-associated factor 6-like,Traf6,888.486661,1.523732229,8.63E-16,-1.523732229
LOC112058565,chromodomain-helicase-DNA-binding protein 7 isoform X1,kis,14501.45207,-0.590299121,8.88E-16,0.590299121
LOC112044858,PDZ domain-containing protein GIPC3,kermit,1386.178749,-1.308117957,8.91E-16,1.308117957
LOC112046790,protein MIS12 homolog,LOC112046790,348.0654211,-2.426795112,9.09E-16,2.426795112
LOC112053925,UDP-glucuronosyltransferase 2B2-like,Ugt36E1,125.3674816,-2.743950866,9.25E-16,2.743950866
LOC112044239,NADH dehydrogenase [ubiquinone] 1 beta subcomplex subunit 6,ND-B17,1235.553746,1.7007945,9.58E-16,-1.7007945
LOC112056074,calcium-transporting ATPase type 2C member 1 isoform X1,SPoCk,464.9762549,-1.276334451,9.95E-16,1.276334451
LOC112048227,transmembrane protein 203-like isoform X2,CG33932,731.1706843,0.812790115,1.03E-15,-0.812790115
LOC112053611,gamma-interferon-inducible lysosomal thiol reductase-like,LOC112053611,197.5613857,10.25524593,1.03E-15,-10.25524593
LOC112054804,zinc finger protein 665-like,Clamp,627.3762909,-0.838520003,1.05E-15,0.838520003
LOC112053873,NA,NA,4408.043576,1.043742288,1.06E-15,-1.043742288
LOC112043576,CDK5 regulatory subunit-associated protein 3,CG30291,1589.866131,1.045909134,1.08E-15,-1.045909134
LOC112048871,ATP-dependent DNA helicase PIF1,PIF1,340.1235108,-1.718501459,1.11E-15,1.718501459
LOC112045507,L-galactose dehydrogenase-like,CG18547,501.9140033,6.003968957,1.12E-15,-6.003968957
LOC112052877,"eukaryotic translation initiation factor 1A, X-chromosomal",eIF-1A,4141.596642,0.86147669,1.14E-15,-0.86147669
LOC112052286,heparan sulfate 2-O-sulfotransferase pipe,pip,424.9789349,-1.355042303,1.18E-15,1.355042303
LOC112043656,neuronal acetylcholine receptor subunit beta-3-like,LOC112043656,120.8319419,-2.559908826,1.24E-15,2.559908826
LOC112050523,protein YIF1B,Yif1,1683.985618,0.533373627,1.27E-15,-0.533373627
LOC112051025,protein limb expression 1 homolog isoform X1,lft,7004.713589,-1.358849777,1.34E-15,1.358849777
LOC112055959,"ATP synthase subunit e, mitochondrial",Atp5i,3712.753819,1.211523843,1.40E-15,-1.211523843
LOC112053526,uncharacterized protein LOC112053526,LOC112053526,329.5803908,-1.307282373,1.47E-15,1.307282373
LOC112058429,protein lifeguard 4-like,CG30379,740.3155947,1.140381193,1.49E-15,-1.140381193
LOC112047134,zinc finger protein 184-like isoform X17,LOC112047134,1311.238005,-0.639781285,1.50E-15,0.639781285
LOC112056617,uncharacterized protein LOC112056617,LOC112056617,121.0592712,-2.283042548,1.56E-15,2.283042548
LOC112050554,periodic tryptophan protein 2 homolog,CG12325,1697.271324,1.285892417,1.58E-15,-1.285892417
LOC112056657,cytoplasmic FMR1-interacting protein,Sra-1,646.9988671,-0.832991235,1.66E-15,0.832991235
LOC112046103,proteasome subunit beta type-1,Prosbeta6,3149.36484,0.743621677,1.69E-15,-0.743621677
LOC112048103,integrin beta pat-3-like,mys,98.50175667,-2.874305671,1.73E-15,2.874305671
LOC112054185,la-related protein 1,larp,4619.910397,1.076550097,1.74E-15,-1.076550097
LOC112046493,N-acetylglucosamine-6-phosphate deacetylase,CG17065,533.0277463,1.048096317,1.77E-15,-1.048096317
LOC112057075,chitin binding domain 3 protein,CG42598,102.3060095,-5.610524995,1.79E-15,5.610524995
LOC112050197,tyrosine-protein kinase Drl,dnt,515.0528481,-1.017166632,1.80E-15,1.017166632
LOC112048475,40S ribosomal protein S3,RpS3,32779.82575,0.595127391,1.94E-15,-0.595127391
LOC112046722,U3 small nucleolar ribonucleoprotein protein IMP3,CG4866,741.4601031,1.153474053,2.15E-15,-1.153474053
LOC112054232,structural maintenance of chromosomes protein 6,jnj,689.1679605,-1.403986123,2.19E-15,1.403986123
LOC112052184,protein ENL-like isoform X1,LOC112052184,103.7914437,2.253700224,2.20E-15,-2.253700224
LOC112047344,"glutaryl-CoA dehydrogenase, mitochondrial",CG9547,640.547512,1.478587505,2.30E-15,-1.478587505
LOC112043615,transmembrane emp24 domain-containing protein 3,p24-1,1529.530413,0.959687597,2.33E-15,-0.959687597
LOC112054964,larval cuticle protein F1-like,LOC112054964,211.3998118,11.31476982,2.35E-15,-11.31476982
LOC112051417,PAXIP1-associated glutamate-rich protein 1,LOC112051417,173.2527604,-1.816501945,2.39E-15,1.816501945
LOC112045238,centrosomal protein of 162 kDa,CG42699,53.21331016,-3.062776077,2.42E-15,3.062776077
LOC112058430,GTPase-activating protein,RasGAP1,2491.422551,1.270476488,2.46E-15,-1.270476488
LOC112056434,pericentrin-like isoform X1,Plp,654.6135947,-1.435115216,2.47E-15,1.435115216
LOC112043035,nucleoside diphosphate kinase 7,nmdyn-D7,97.70684934,-1.984605308,2.58E-15,1.984605308
LOC112056436,protein transport protein Sec31A isoform X1,Sec31,1486.191794,0.787475317,2.66E-15,-0.787475317
LOC112055786,gastrula zinc finger protein XlCGF46.1-like,LOC112055786,187.8590829,-1.511552558,2.74E-15,1.511552558
LOC112048139,thioredoxin domain-containing protein 11,LOC112048139,1113.916359,0.666746976,2.80E-15,-0.666746976
LOC112049436,uncharacterized protein LOC112049436,CG14223,810.5838424,-1.899689427,3.00E-15,1.899689427
LOC112053239,"acyl-CoA synthetase family member 2, mitochondrial",CG12512,541.3865457,4.796827618,3.06E-15,-4.796827618
LOC112049313,"probable isocitrate dehydrogenase [NAD] subunit alpha, mitochondrial isoform X3",Idh3a,557.0492105,0.853312959,3.06E-15,-0.853312959
LOC112054352,flocculation protein FLO11-like,LOC112054352,871.4616144,-2.53947401,3.09E-15,2.53947401
LOC112045364,Protein 5NUC,veil,336.1912546,3.508380854,3.12E-15,-3.508380854
LOC112051739,beta-glucuronidase,CG15117,513.5529168,2.420821671,3.12E-15,-2.420821671
LOC112048162,ribokinase-like isoform X1,CG13369,237.569794,2.067639715,3.18E-15,-2.067639715
LOC112047359,vanin-like protein 1,LOC112047359,182.9961838,-3.453125943,3.34E-15,3.453125943
LOC112044537,fibroblast growth factor receptor homolog 1-like isoform X2,htl,685.0185979,-1.716403322,3.37E-15,1.716403322
LOC112055817,exportin-1,emb,2936.943517,-0.679209696,3.39E-15,0.679209696
LOC112057237,uncharacterized LOC106116250 precursor,Osi9,1023.479956,13.59712895,3.60E-15,-13.59712895
LOC112055725,actin-binding LIM protein 2 isoform X2,Unc-115a,2235.247932,1.536767718,3.76E-15,-1.536767718
LOC112043178,drebrin-like protein B,Abp1,1024.204844,-1.25825265,3.88E-15,1.25825265
LOC112044717,protein extra-macrochaetae,Emc,4008.748296,-1.393996657,3.93E-15,1.393996657
LOC112046777,endophilin-A isoform X1,endoA,1537.965362,-1.002752133,3.96E-15,1.002752133
LOC112051091,"trifunctional enzyme subunit alpha, mitochondrial",Mtpalpha,6037.654383,0.911023271,4.78E-15,-0.911023271
LOC112051659,sodium/hydrogen exchanger 8,Nhe1,1672.441619,0.651875679,4.98E-15,-0.651875679
LOC112046298,60S ribosomal protein L18a,RpL18A,30772.96614,0.709682721,5.09E-15,-0.709682721
LOC112052589,NA,NA,76.25787379,6.394767659,5.13E-15,-6.394767659
LOC112044608,chromosome transmission fidelity protein 18 homolog,cutlet,298.5960101,-1.190626853,5.25E-15,1.190626853
LOC112047365,hsp90 co-chaperone Cdc37,Cdc37,2335.183235,-0.532493634,5.33E-15,0.532493634
LOC112052026,40S ribosomal protein S3a,RpS3A,62217.96663,0.56961545,5.61E-15,-0.56961545
LOC112048621,uncharacterized protein LOC112048621 isoform X2,LOC112048621,982.1919771,-3.931080728,5.82E-15,3.931080728
LOC112045335,constitutive coactivator of PPAR-gamma-like protein 1,LOC112045335,3047.765815,-0.988257233,5.87E-15,0.988257233
LOC112052246,suppressor of hairless protein,Su(H),227.3012152,-1.131057099,6.07E-15,1.131057099
LOC112052822,serine/threonine-protein kinase PLK4,SAK,797.7208292,-1.32464479,6.36E-15,1.32464479
LOC112058281,MAGUK p55 subfamily member 6 isoform X1,vari,2846.661427,0.668768047,6.70E-15,-0.668768047
LOC112051142,peroxisomal acyl-coenzyme A oxidase 3,CG9527,773.7108066,1.343318701,6.88E-15,-1.343318701
LOC112042854,vacuolar protein sorting-associated protein 13 isoform X1,Vps13,3192.261379,0.962202875,7.28E-15,-0.962202875
LOC112053859,60S ribosomal protein L4,RpL4,86938.88492,0.775682931,7.91E-15,-0.775682931
LOC112050563,trypsin-3-like isoform X1,CG31954,123.8655893,8.657340988,7.91E-15,-8.657340988
LOC112050001,ATP-dependent RNA helicase Ddx1,Ddx1,1948.393205,-0.653433106,8.34E-15,0.653433106
LOC112046071,DNA polymerase epsilon subunit 3,Chrac-14,372.6824808,-1.700107953,8.55E-15,1.700107953
LOC112048656,probable cytochrome P450 305a1,Cyp305a1,151.1949896,6.104542706,8.56E-15,-6.104542706
LOC112051318,uncharacterized LOC106122268 precursor,LOC112051318,1533.558881,-1.996441074,8.56E-15,1.996441074
LOC112052677,N-acetylglucosamine-6-sulfatase-like,CG18278,1497.426863,0.774051364,8.76E-15,-0.774051364
LOC112056787,"probable cytochrome P450 301a1, mitochondrial",CYP301A1,2451.770587,3.323874195,8.83E-15,-3.323874195
LOC112051655,nucleoprotein TPR,Mtor,7666.948182,-0.697086758,9.09E-15,0.697086758
LOC112053462,E3 ubiquitin-protein ligase RNF4-like,RNF4,195.5967595,-2.435209351,9.12E-15,2.435209351
LOC112047050,minor histocompatibility antigen H13,Spp,4264.528818,0.971864719,9.14E-15,-0.971864719
LOC112054520,protein charybde-like,chrb,10232.32291,-0.943942284,9.27E-15,0.943942284
LOC112050899,pleiotropic regulator 1,Tango4,806.1106223,-0.851014464,9.58E-15,0.851014464
LOC112055207,uncharacterized protein LOC112055207,LOC112055207,152.1535792,5.830283248,9.64E-15,-5.830283248
LOC112053412,"procollagen-lysine,2-oxoglutarate 5-dioxygenase 3 isoform X2",Plod,1873.090534,-1.269194014,9.82E-15,1.269194014
LOC112058434,"twinkle protein, mitochondrial",mtDNA-helicase,375.7841363,-1.041498244,9.88E-15,1.041498244
LOC112051806,glutamine synthetase 2 cytoplasmic,Gs2,8108.414455,5.392243569,1.01E-14,-5.392243569
LOC112044917,uncharacterized protein LOC112044917,CG13055,79.48327711,7.435712699,1.09E-14,-7.435712699
LOC112045319,uncharacterized protein LOC112045319,ChLD3,440.4364107,5.014490116,1.14E-14,-5.014490116
LOC112055488,putative riboflavin kinase,CG2846,91.33521686,2.758488774,1.16E-14,-2.758488774
LOC112049891,cuticle protein 7-like,Cpr64Ac,161.9897529,9.063893403,1.18E-14,-9.063893403
LOC112058488,acidic leucine-rich nuclear phosphoprotein 32 family member B-like,LOC112058488,25185.32681,-0.713059884,1.19E-14,0.713059884
LOC112044395,amyloid-beta A4 precursor protein-binding family A member 1-like isoform X5,X11L,958.5837294,1.219280485,1.20E-14,-1.219280485
LOC112056349,transmembrane emp24 domain-containing protein 5,loj,2972.611417,1.233949378,1.22E-14,-1.233949378
LOC112049747,uncharacterized protein LOC112049747 isoform X3,LOC112049747,1340.913257,2.32546212,1.22E-14,-2.32546212
LOC112043887,histidine-rich glycoprotein-like,LOC112043887,128.6428873,10.57344067,1.23E-14,-10.57344067
LOC112058364,uncharacterized protein LOC112058364,CG9795,223.0726856,-1.354019905,1.30E-14,1.354019905
LOC112047684,solute carrier family 22 member 13-like,Orct2,185.2795405,2.703640483,1.32E-14,-2.703640483
LOC112049841,NADH dehydrogenase [ubiquinone] 1 beta subcomplex subunit 3,ND-B12,1304.977664,1.141806198,1.34E-14,-1.141806198
LOC112051439,"beta-1,4-N-acetylgalactosaminyltransferase bre-4-like",beta4GalNAcTB,579.7512305,-1.323015527,1.39E-14,1.323015527
LOC112057966,peroxisomal multifunctional enzyme type 2,Mfe2,3245.592957,0.754300708,1.40E-14,-0.754300708
LOC112044767,eukaryotic translation initiation factor 3 subunit K,eIF3k,2905.071354,1.117600175,1.41E-14,-1.117600175
LOC112047088,zinc finger protein 25-like,LOC112047088,350.0779874,-1.107683338,1.61E-14,1.107683338
LOC112051230,zinc finger protein 729-like,LOC112051230,185.1825449,-1.352105458,1.81E-14,1.352105458
LOC112053325,lysoplasmalogenase-like protein TMEM86A,LOC112053325,202.3566797,-1.296992314,1.82E-14,1.296992314
LOC112044770,WD repeat-containing protein 3,CG8064,1375.461038,1.045583426,1.85E-14,-1.045583426
LOC112057681,fas-associated death domain protein-like,FADD,470.6692309,1.279319367,1.96E-14,-1.279319367
LOC112045857,laminin subunit gamma-1,LanB2,3741.424933,-1.211522854,1.96E-14,1.211522854
LOC112044258,protein rolling stone-like,rost,97.36567426,8.278466231,1.97E-14,-8.278466231
LOC112045995,epoxide hydrolase 4-like,LOC112045995,2314.065168,1.93061629,2.05E-14,-1.93061629
LOC112046794,activated Cdc42 kinase-like isoform X1,Ack-like,738.8798844,-0.837387301,2.08E-14,0.837387301
LOC112055548,proteasome subunit beta type-7,Prosbeta2,3254.715246,0.641843466,2.19E-14,-0.641843466
LOC112050821,glutathione hydrolase 1 proenzyme-like isoform X1,CG4829,327.3381709,1.383888822,2.32E-14,-1.383888822
LOC112047396,nucleoporin NUP53,Nup35,398.6352697,-1.295160983,2.38E-14,1.295160983
LOC112050400,serine proteinase stubble isoform X1,Sb,835.4251615,3.825896609,2.40E-14,-3.825896609
LOC112046339,Transmembrane protein 208,CG8320,922.7028583,0.933576715,2.45E-14,-0.933576715
LOC112048983,dnaJ homolog subfamily C member 10-like,CG31689,943.7913539,-1.300976287,2.47E-14,1.300976287
LOC112044144,organic cation transporter protein-like,CG7458,375.8279481,2.359007904,2.48E-14,-2.359007904
LOC112055572,uncharacterized protein LOC112055572,row,1693.048718,-0.585382073,2.49E-14,0.585382073
LOC112055049,uncharacterized protein LOC112055049,LOC112055049,275.9631129,-3.942366802,2.50E-14,3.942366802
LOC112056631,caltractin-like,CG17493,548.2786597,-1.241938344,2.61E-14,1.241938344
LOC112048390,sphingosine kinase 1-like,Sk2,145.7776676,1.948455551,2.62E-14,-1.948455551
LOC112052398,transcription factor AP-2-epsilon isoform X1,AP-2,676.9912303,4.40205898,2.65E-14,-4.40205898
LOC112045945,PC4 and SFRS1-interacting protein,Jasper,2341.070668,-0.946858255,2.68E-14,0.946858255
LOC112054745,101 kDa malaria antigen-like,LOC112054745,141.3835454,2.339380558,2.79E-14,-2.339380558
LOC112046290,"dimethyladenosine transferase 1, mitochondrial",mtTFB1,1193.12052,0.900646879,3.00E-14,-0.900646879
LOC112048229,transcription elongation factor SPT6,Spt6,974.0028699,-0.787686464,3.07E-14,0.787686464
LOC112044709,putative inactive cysteine synthase 2,Cbs,103.7875647,8.416088663,3.09E-14,-8.416088663
LOC112054524,uncharacterized LOC106107184,CG10311,192.6789514,2.021962392,3.23E-14,-2.021962392
LOC112048300,LIM domain-containing protein jub,jub,606.903527,-1.505047315,3.27E-14,1.505047315
LOC112049944,"glucose dehydrogenase [FAD, quinone]-like",CG6142,146.4162434,-2.021288396,3.27E-14,2.021288396
LOC112058067,KAT8 regulatory NSL complex subunit 1 isoform X1,nsl1,509.8745621,-0.836937146,3.28E-14,0.836937146
LOC112051114,aromatic-L-amino-acid decarboxylase isoform X1,Ddc,514.9002837,2.972396889,3.31E-14,-2.972396889
LOC112043850,NA,NA,90.71053911,8.243291227,3.32E-14,-8.243291227
LOC112056703,NADH dehydrogenase [ubiquinone] 1 beta subcomplex subunit 9,ND-B22,1400.663767,1.434463783,3.63E-14,-1.434463783
LOC112049053,nuclear valosin-containing protein-like,smid,2329.327416,-0.813390784,3.80E-14,0.813390784
LOC112050725,coronin-6 isoform X1,coro,850.5098157,0.798404998,3.86E-14,-0.798404998
LOC112044305,rap guanine nucleotide exchange factor 2,PDZ-GEF,1774.437802,-0.586648063,3.91E-14,0.586648063
LOC112055863,huntingtin,LOC112055863,1334.145436,-1.302214457,3.92E-14,1.302214457
LOC112058173,cuticle protein 8-like,Cpr62Bc,110.2795802,9.428135685,3.96E-14,-9.428135685
LOC112058612,thiamine transporter 2-like,CG6574,364.0691025,1.534321405,4.04E-14,-1.534321405
LOC112045060,aminoacylase-1-like isoform X1,CG6733,65.78618829,9.615913866,4.12E-14,-9.615913866
LOC112051086,"N-alpha-acetyltransferase 15, NatA auxiliary subunit",Naa15-16,972.3439458,1.026031419,4.33E-14,-1.026031419
LOC112049460,mycosubtilin synthase subunit C,e,216.9143559,4.882749064,4.43E-14,-4.882749064
LOC112049145,40S ribosomal protein S16,RpS16,22944.01659,0.661877079,4.44E-14,-0.661877079
LOC112048541,40S ribosomal protein S25,RpS25,2883.922387,0.776840415,4.58E-14,-0.776840415
LOC112045779,elongation of very long chain fatty acids protein AAEL008004-like,sit,348.9345495,3.82980553,4.61E-14,-3.82980553
LOC112054499,uncharacterized protein LOC112054499,CG7453,425.3905957,1.219034868,4.62E-14,-1.219034868
LOC112055775,ephrin-A4,Ephrin,714.8623458,-1.170300907,4.67E-14,1.170300907
LOC112044614,serine/threonine-protein phosphatase 2A catalytic subunit beta isoform,mts,2657.479546,-0.761955522,5.09E-14,0.761955522
LOC112046873,F-box only protein 5-like,LOC112046873,318.0823897,-1.259165305,5.18E-14,1.259165305
LOC112046681,uncharacterized protein LOC112046681,cyr,64.61306559,-3.646722929,5.47E-14,3.646722929
LOC112045498,uncharacterized protein LOC112045498,LOC112045498,367.9841049,1.156276661,5.65E-14,-1.156276661
LOC112054990,"keratin, type I cytoskeletal 9-like",LOC112054990,1073.922456,6.752728753,5.72E-14,-6.752728753
LOC112056244,cyclin-dependent kinase 6,Cdk4,669.3883926,-0.840804368,5.78E-14,0.840804368
LOC112050393,dual specificity tyrosine-phosphorylation-regulated kinase 2,Dyrk3,83.92519372,-2.118631611,5.80E-14,2.118631611
LOC112058303,protein l(2)37Cc,l(2)37Cc,2448.369235,0.990338631,5.84E-14,-0.990338631
LOC112045717,"putative Dol-P-Glc:Glc(2)Man(9)GlcNAc(2)-PP-Dol alpha-1,2-glucosyltransferase",Alg10,350.7175831,-1.960541417,6.04E-14,1.960541417
LOC112057954,replication factor C subunit 3,RfC38,292.8603177,-2.275710765,6.36E-14,2.275710765
LOC112049352,Cysteine desulfurase,LOC112049352,419.6140078,-0.852644169,6.42E-14,0.852644169
LOC112046688,tubulin-specific chaperone cofactor E-like protein,mlt,582.3125425,-0.993096467,6.58E-14,0.993096467
LOC112057661,uncharacterized protein LOC112057661,CG16711,387.2226887,-1.869224903,6.68E-14,1.869224903
LOC112047331,DNA N6-methyl adenine demethylase isoform X1,Tet,2476.681558,-1.44200192,6.92E-14,1.44200192
LOC112043642,TKX27929.1 cuticular protein,CG14304,43.65522848,4.626155677,6.94E-14,-4.626155677
LOC112043999,large neutral amino acids transporter small subunit 1,SLC7A6,111.8642553,2.10830153,7.04E-14,-2.10830153
LOC112048596,putative inorganic phosphate cotransporter isoform X2,dmGlut,288.1417514,4.813666848,7.20E-14,-4.813666848
LOC112052351,uncharacterized protein LOC112052351,CG15020,82.07321245,7.494573486,7.22E-14,-7.494573486
LOC112052972,uncharacterized protein LOC112052972,Osi17,100.0058573,-2.604671581,7.34E-14,2.604671581
LOC112054055,uncharacterized protein DDB_G0284459-like,Hers,554.2480357,1.190139784,7.41E-14,-1.190139784
LOC112054929,SAFB-like transcription modulator isoform X1,Saf-B,2610.827812,-0.872844881,7.57E-14,0.872844881
LOC112042996,uncharacterized protein LOC112042996,LOC112042996,133.583305,6.911088698,7.92E-14,-6.911088698
LOC112053064,fibroblast growth factor 3 isoform X1,bnl,111.457379,1.740807957,8.40E-14,-1.740807957
LOC112045769,uncharacterized protein LOC112045769,LOC112045769,2380.961227,1.022995715,8.53E-14,-1.022995715
LOC112048652,phosphatidylinositol 4-kinase alpha isoform X1,Pi4KIIIalpha,1500.98328,1.235561235,9.29E-14,-1.235561235
LOC112051728,uncharacterized protein LOC112051728 isoform X2,LOC112051728,443.5674805,-1.934188218,9.29E-14,1.934188218
LOC112051865,metallophosphoesterase 1,Mppe,607.850166,-1.100528253,9.47E-14,1.100528253
LOC112053452,tryptase beta-2-like,CG5390,971.5800184,-2.351037645,9.49E-14,2.351037645
LOC112043667,DNA replication complex GINS protein PSF1-like,Psf1,178.3040812,-1.440079286,9.53E-14,1.440079286
LOC112050155,"lon protease homolog, mitochondrial isoform X1",Lon,1365.002676,0.908072265,9.63E-14,-0.908072265
LOC112047288,pseudouridine-metabolizing bifunctional protein C1861.05,CG2794,34.04940217,-4.22979246,9.71E-14,4.22979246
LOC112050948,uncharacterized protein LOC112050948,LOC112050948,108.808102,-1.975392297,9.86E-14,1.975392297
LOC112051237,zinc finger protein 224-like,LOC112051237,268.4373004,-1.924928318,1.00E-13,1.924928318
LOC112052328,uncharacterized protein LOC112052328,LOC112052328,225.0766053,-1.102593702,1.08E-13,1.102593702
LOC112047981,uncharacterized protein C14orf119 homolog,CG12948,299.4106656,-0.969721283,1.12E-13,0.969721283
LOC112057449,multidrug resistance protein homolog 49-like,Mdr65,59.95473641,-3.808860713,1.18E-13,3.808860713
LOC112049566,S-phase kinase-associated protein 2-like,Skp2,401.0324343,-1.167444952,1.18E-13,1.167444952
LOC112051394,uncharacterized protein LOC112051394 isoform X1,CG1674,56.79182924,6.927910306,1.23E-13,-6.927910306
LOC112056742,glucosidase 2 subunit beta,GCS2beta,4344.703728,-0.639512989,1.27E-13,0.639512989
LOC112052447,larval cuticle protein A2B-like,Cpr64Aa,83.90565638,9.981596421,1.28E-13,-9.981596421
LOC112054293,60S ribosomal protein L3,RpL3,69291.7,0.611373112,1.32E-13,-0.611373112
LOC112046362,centrosomal protein of 120 kDa-like,LOC112046362,320.8523064,-1.901648171,1.33E-13,1.901648171
LOC112043756,putative ferric-chelate reductase 1 homolog isoform X2,CG8399,1439.894112,0.690622285,1.34E-13,-0.690622285
LOC112055061,protein LSM14 homolog B-A,tral,8668.472775,-0.611576178,1.38E-13,0.611576178
LOC112048155,E3 ubiquitin-protein ligase RBBP6 isoform X1,snama,2821.202214,-0.681359913,1.38E-13,0.681359913
LOC112055133,irregular chiasm C-roughest protein-like,rst,1871.617074,-2.216808695,1.38E-13,2.216808695
LOC112058338,calponin homology domain-containing protein DDB_G0272472-like,LOC112058338,1436.819412,-0.900222527,1.42E-13,0.900222527
LOC112046749,alpha-N-acetylgalactosaminidase isoform X1,CG7997,148.2437284,-3.178388878,1.46E-13,3.178388878
LOC112048056,elongation factor-like GTPase 1,CG33158,183.706045,1.363471433,1.47E-13,-1.363471433
LOC112047541,mitochondrial import inner membrane translocase subunit TIM44,CG11779,1383.528968,1.16020427,1.47E-13,-1.16020427
LOC112049912,phenylalanine--tRNA ligase beta subunit,beta-PheRS,1883.391511,0.841110808,1.49E-13,-0.841110808
LOC112053608,OWR53430.1 putative YEATS domain containing 2,LOC112053608,279.514752,-1.098801974,1.49E-13,1.098801974
LOC112044745,zinc finger protein 25-like isoform X1,LOC112044745,411.6110885,-1.686650738,1.49E-13,1.686650738
LOC112047089,zinc finger protein 260-like,LOC112047089,205.9581783,-1.574546334,1.52E-13,1.574546334
LOC112051634,uncharacterized protein LOC112051634,LOC112051634,663.1464743,-0.710545273,1.55E-13,0.710545273
LOC112054569,protein FAM114A2,CG9590,824.021319,0.68230242,1.57E-13,-0.68230242
LOC112052042,UDP-xylose and UDP-N-acetylglucosamine transporter-like,Efr,297.3198635,1.374312204,1.64E-13,-1.374312204
LOC112056078,"NADH dehydrogenase [ubiquinone] flavoprotein 2, mitochondrial",ND-24,1861.661621,1.150662365,1.64E-13,-1.150662365
LOC112043736,C-type mannose receptor 2-like,LOC112043736,878.9512718,-1.448904514,1.65E-13,1.448904514
LOC112047784,ATP-dependent DNA helicase DDX11,CG11403,169.1852102,-1.942663818,1.67E-13,1.942663818
LOC112044636,"b(0,+)-type amino acid transporter 1-like isoform X1",sbm,65.63664571,-2.273284299,1.68E-13,2.273284299
LOC112049390,rho guanine nucleotide exchange factor 7 isoform X2,rtGEF,1216.370317,-0.763787007,1.72E-13,0.763787007
LOC112047491,gremlin-1-like isoform X1,LOC112047491,51.78667873,2.529330874,1.73E-13,-2.529330874
LOC112049133,bestrophin-4 isoform X1,Best2,370.1154377,1.614593381,1.73E-13,-1.614593381
LOC112050251,probable dolichol-phosphate mannosyltransferase,Dpm1,873.1912007,0.897183848,1.73E-13,-0.897183848
LOC112056135,eukaryotic translation initiation factor 5B,eIF5B,5409.303207,0.927419096,1.75E-13,-0.927419096
LOC112044711,collagen alpha-1(XVIII) chain-like isoform X1,Mp,1672.217513,1.45499381,1.77E-13,-1.45499381
LOC112055873,protein eiger,LOC112055873,238.9910246,2.098196359,1.78E-13,-2.098196359
LOC112044040,ankyrin-3-like isoform X1,Ank2,4562.852071,1.056088469,1.86E-13,-1.056088469
LOC112055354,cell cycle checkpoint protein RAD1,Rad1,133.5602906,-2.115540172,1.86E-13,2.115540172
LOC112046270,F-box only protein 32 isoform X2,CG11658,433.0564033,-1.537530517,1.86E-13,1.537530517
LOC112044474,transmembrane protein 183,LOC112044474,1038.673627,0.7311684,1.99E-13,-0.7311684
LOC112046194,uncharacterized protein LOC112046194 isoform X1,LOC112046194,3374.527624,-1.043861675,2.03E-13,1.043861675
LOC112042847,uncharacterized protein LOC112042847 isoform X1,LOC112042847,989.4226001,-1.903276134,2.07E-13,1.903276134
LOC112050960,uncharacterized protein LOC112050960,LOC112050960,1944.738462,1.138061251,2.08E-13,-1.138061251
LOC112046784,lysophosphatidylcholine acyltransferase isoform X1,LPCAT,133.3895005,1.65491621,2.09E-13,-1.65491621
LOC112057333,"uncharacterized protein LOC112057333, partial",LOC112057333,91.10209063,4.31037798,2.09E-13,-4.31037798
LOC112050955,V-type proton ATPase subunit e 2-like,VhaM9.7-a,1832.094047,0.704339238,2.09E-13,-0.704339238
LOC112052048,uncharacterized protein LOC112052048,CG8180,3266.223534,-0.719928507,2.12E-13,0.719928507
LOC112051453,60S ribosomal protein L38,RpL38,10225.70041,0.885544068,2.14E-13,-0.885544068
LOC112055103,"39S ribosomal protein L48, mitochondrial",mRpL48,347.1635691,0.998639044,2.16E-13,-0.998639044
LOC112046120,uroporphyrinogen-III synthase-like,LOC112046120,561.8928292,1.45855237,2.24E-13,-1.45855237
LOC112050594,zinc finger protein 431-like isoform X2,CG10321,1097.237634,1.39343605,2.25E-13,-1.39343605
LOC112055217,PDZ and LIM domain protein Zasp isoform X2,Zasp52,3084.971776,-1.059845277,2.27E-13,1.059845277
LOC112058215,zinc finger protein 729-like,LOC112058215,1404.590776,-0.787413097,2.30E-13,0.787413097
LOC112048683,T-box transcription factor TBX20-like,mid,30.39526307,-4.48791509,2.30E-13,4.48791509
LOC112044526,"aldehyde dehydrogenase X, mitochondrial-like",CG31075,528.3555248,-1.48066311,2.31E-13,1.48066311
LOC112043625,retinoid-inducible serine carboxypeptidase-like,CG32483,98.06084045,-2.931661442,2.32E-13,2.931661442
LOC112050096,"asparagine--tRNA ligase, cytoplasmic",AsnRS,2601.590384,0.81762924,2.40E-13,-0.81762924
LOC112045368,nuclear pore glycoprotein p62,Nup62,1688.51066,-0.860935972,2.45E-13,0.860935972
LOC112053740,ras-related GTP-binding protein C,RagC-D,896.3626023,0.776910239,2.51E-13,-0.776910239
LOC112043946,stearoyl-CoA desaturase 5-like,Desat1,41.99192398,5.275420199,2.52E-13,-5.275420199
LOC112045428,coatomer subunit alpha isoform X1,alphaCOP,6525.972488,0.5503239,2.64E-13,-0.5503239
LOC112047547,eukaryotic translation initiation factor 5,eIF5,7145.043176,0.784118674,2.64E-13,-0.784118674
LOC112055304,probable ATP-dependent RNA helicase DDX43,CG7878,810.7284867,-1.285162912,2.71E-13,1.285162912
LOC112043404,Reverse transcriptase and recombinase,LOC112043404,71.89846161,3.990472018,2.75E-13,-3.990472018
LOC112048677,ER membrane protein complex subunit 4,EMC4,670.7562007,0.920132214,2.76E-13,-0.920132214
LOC112056438,microtubule-associated serine/threonine-protein kinase 3 isoform X1,dop,517.2638234,-1.289527936,2.77E-13,1.289527936
LOC112048176,apoptosis-stimulating of p53 protein 1 isoform X2,ASPP,2313.266446,-1.017163194,2.83E-13,1.017163194
LOC112053295,SNF4/AMP-activated protein kinase gamma subunit,SNF4Agamma,1420.002308,1.181930735,2.85E-13,-1.181930735
LOC112044596,2-phosphoxylose phosphatase 1,CG15385,133.4119662,-1.861968252,2.87E-13,1.861968252
LOC112047762,MKI67 FHA domain-interacting nucleolar phosphoprotein-like,CG6937,2022.480116,0.972362784,2.89E-13,-0.972362784
LOC112054560,transcription factor Ken,ken,3021.471677,-1.162001944,3.09E-13,1.162001944
LOC112054878,"APOPT family protein CG14806, mitochondrial",Coa8,296.8084551,1.102538746,3.21E-13,-1.102538746
LOC112045607,uncharacterized protein LOC112045607,LOC112045607,1061.080904,1.301593372,3.25E-13,-1.301593372
LOC112047961,serine protease easter-like isoform X1,ea,1970.628224,0.994435629,3.29E-13,-0.994435629
LOC112044489,ubiquitin-40S ribosomal protein S27a,RpS27A,31011.62939,0.737245884,3.38E-13,-0.737245884
LOC112055549,proline-rich protein 2-like,CG10555,897.5138857,-0.827636575,3.54E-13,0.827636575
LOC112045664,diphosphoinositol polyphosphate phosphohydrolase 2,Aps,1811.063868,-0.661033682,3.55E-13,0.661033682
LOC112050250,zinc transporter 2-like,ZnT35C,65.13213866,-4.360460919,3.60E-13,4.360460919
LOC112044088,enkurin domain-containing protein 1-like,CG11125,261.1088449,-1.851725891,3.63E-13,1.851725891
LOC112044084,stimulator of interferon genes protein-like isoform X1,LOC112044084,758.820599,1.001393337,3.70E-13,-1.001393337
LOC112046504,60S ribosomal protein L22-like,RpL22,26249.58117,0.643753196,3.84E-13,-0.643753196
LOC112058185,cuticle protein 7-like,Cpr62Bc,48.09009687,9.173556176,3.91E-13,-9.173556176
LOC112049531,mesencephalic astrocyte-derived neurotrophic factor homolog,Manf,2693.769864,-0.763565895,3.91E-13,0.763565895
LOC112052070,diacylglycerol kinase epsilon,Dgkepsilon,115.4337505,-1.93984464,4.01E-13,1.93984464
LOC112052100,cystathionine gamma-lyase,Eip55E,43.92257107,-6.838781456,4.04E-13,6.838781456
LOC112054752,xanthine dehydrogenase-like,AOX4,916.6313697,2.171459343,4.09E-13,-2.171459343
LOC112055708,NA,NA,144.8808705,-2.017883626,4.20E-13,2.017883626
LOC112056762,anaphase-promoting complex subunit 1,shtd,426.2712342,-1.013434571,4.20E-13,1.013434571
LOC112054800,anaphase-promoting complex subunit 15B-like,LOC112054800,620.7185464,-1.733188034,4.23E-13,1.733188034
LOC112043611,galactosylgalactosylxylosylprotein 3-beta-glucuronosyltransferase I,GlcAT-I,495.4551533,-2.075876933,4.26E-13,2.075876933
LOC112053720,protein hu-li tai shao isoform X1,hts,11443.25886,0.877087677,4.32E-13,-0.877087677
LOC112046853,uncharacterized protein LOC112046853,CG13314,74.71674906,6.91150582,4.32E-13,-6.91150582
LOC112054571,protein kibra isoform X2,kibra,1205.266372,-1.353797868,4.60E-13,1.353797868
LOC112050337,glucose transporter type 1-like isoform X2,Glut1-,1988.22398,1.884444079,4.62E-13,-1.884444079
LOC112046210,glutathione hydrolase 1 proenzyme-like,CG17636,363.606047,2.300572875,4.63E-13,-2.300572875
LOC112049625,zinc finger protein 423 homolog,Oaz,104.7524205,-2.180722857,4.75E-13,2.180722857
LOC112056311,protein sickie isoform X4,sick,34.23833223,4.792719037,4.82E-13,-4.792719037
LOC112049523,serine/threonine-protein kinase (LMTK1) protein,LOC112049523,1843.69464,-0.902408601,4.84E-13,0.902408601
LOC112043810,plasminogen activator inhibitor 1 RNA-binding protein-like,vig,20183.74431,0.651260489,4.89E-13,-0.651260489
LOC112047780,zinc finger CCCH domain-containing protein 10-like,LOC112047780,889.943291,-1.118045988,4.90E-13,1.118045988
LOC112052831,60S ribosomal protein L23a,RpL23A,41411.91105,0.58128032,4.90E-13,-0.58128032
LOC112046804,activated Cdc42 kinase-like isoform X3,Ack-like,428.3995731,-0.933424928,4.98E-13,0.933424928
LOC112051854,nuclear receptor coactivator 5 isoform X1,Neos,772.6451706,-0.97320191,4.99E-13,0.97320191
LOC112052284,"NADH-ubiquinone oxidoreductase 75 kDa subunit, mitochondrial",Ndufs1,2015.073817,0.903465376,5.08E-13,-0.903465376
LOC112043441,histone-lysine N-methyltransferase 2C-like,trr,3322.077108,-0.927436717,5.09E-13,0.927436717
LOC112052028,coatomer subunit gamma,gammaCop,4756.562244,0.608260337,5.11E-13,-0.608260337
LOC112050506,coatomer subunit beta' isoform X2,beta'COP,8325.62456,0.641154046,5.30E-13,-0.641154046
LOC112051814,protein TIS11 isoform X2,Tis11,2189.649313,-1.116484263,5.30E-13,1.116484263
LOC112054394,serine protease snake-like,snk,4499.028567,-1.751280388,5.58E-13,1.751280388
LOC112046983,mitochondrial import inner membrane translocase subunit Tim17-B,Tim17b,1353.400278,1.385758212,5.65E-13,-1.385758212
LOC112057616,Helicase domino,dom,502.9233406,-1.203088247,5.67E-13,1.203088247
LOC112043821,LIM domain only protein 7 isoform X3,smash,4400.759292,1.065741016,5.99E-13,-1.065741016
LOC112048230,uncharacterized protein LOC112048230 isoform X1,LOC112048230,408.7738907,-2.937016572,6.03E-13,2.937016572
LOC112056545,plancitoxin-1 isoform 2,DNaseII,402.1199856,-1.541509288,6.08E-13,1.541509288
LOC112046503,unconventional myosin-XV,Myo15,3859.503584,1.222925684,6.11E-13,-1.222925684
LOC112044468,cell cycle checkpoint protein RAD17,Rad17,304.5776882,-1.194461375,6.16E-13,1.194461375
LOC112046767,protein kish-A,TMEM167A,364.2586734,1.212168241,6.63E-13,-1.212168241
LOC112056365,zinc finger protein 58-like,LOC112056365,354.2240513,-1.116929875,6.63E-13,1.116929875
LOC112053344,unconventional myosin-XV,Myo15,484.1850574,1.223825394,6.67E-13,-1.223825394
LOC112047244,cell adhesion molecule 3-like,beat-VI,94.76186155,1.864410747,6.76E-13,-1.864410747
LOC112055529,P94 protein,LOC112055529,203.9239404,-2.451591359,6.94E-13,2.451591359
LOC112046368,ubiquitin-conjugating enzyme E2 Q2,CG2924,1550.345392,-0.81538374,6.99E-13,0.81538374
LOC112056509,piwi-like protein Siwi,aub,1405.666996,-0.77994415,7.06E-13,0.77994415
LOC112046029,cytosolic purine 5'-nucleotidase isoform X1,CG32549,496.9746079,1.68754256,7.13E-13,-1.68754256
LOC112057863,CCR4-NOT transcription complex subunit 3 isoform X2,Not3,1313.902611,-0.687145577,7.26E-13,0.687145577
LOC112044220,neurofilament heavy polypeptide-like isoform X1,LOC112044220,155.2123001,3.442221061,7.28E-13,-3.442221061
LOC112045473,cuticle protein-like,CPR59,77.49068251,-8.234843875,7.47E-13,8.234843875
LOC112058165,cuticle protein 19-like,Cpr62Bb,111.2298113,-4.130311166,7.52E-13,4.130311166
LOC112053952,sodium- and chloride-dependent glycine transporter 1-like isoform X2,GlyT,36.85890832,4.361385302,7.88E-13,-4.361385302
LOC112051462,tuberin,TSC2,2839.153737,-0.713845647,7.91E-13,0.713845647
LOC112051545,E3 ubiquitin-protein ligase MARCH6,CG1317,601.873913,-1.355783083,8.03E-13,1.355783083
LOC112044241,F-box/WD repeat-containing protein 9-like,LOC112044241,1121.054348,0.828913934,8.35E-13,-0.828913934
LOC112047200,protein FAM13A isoform X1,LOC112047200,30.60174529,3.699116298,8.37E-13,-3.699116298
LOC112055120,"Leucine-rich repeat, immunoglobulin-like domain and transmembrane domain-containing protein 2",kek5,368.501603,-0.98361838,8.47E-13,0.98361838
LOC112055812,galectin-8-like isoform X2,GALE1,302.4706723,1.754327021,8.48E-13,-1.754327021
LOC112047037,transcription factor jun-D,Jra,4772.664752,2.588000942,9.09E-13,-2.588000942
LOC112044700,ATP-binding cassette sub-family G member 1,CG32091,603.7143269,-1.488038668,9.12E-13,1.488038668
LOC112049850,lipase 1-like,CG18301,80.2564678,-9.766411206,9.33E-13,9.766411206
LOC112051177,NA,NA,2148.232387,0.999046884,9.46E-13,-0.999046884
LOC112046037,lysosomal alpha-mannosidase-like,LManII,98.69639107,-1.589776332,9.52E-13,1.589776332
LOC112054043,"elongation factor Ts, mitochondrial isoform X1",mEFTs,841.766676,1.18161747,1.00E-12,-1.18161747
LOC112048949,"ATP synthase subunit beta, mitochondrial-like",ATPsynbeta,9422.963275,1.360152519,1.03E-12,-1.360152519
LOC112050538,heterogeneous nuclear ribonucleoprotein H-like,glo,1775.779324,-0.666177697,1.12E-12,0.666177697
LOC112053215,dendritic arbor reduction protein 1-like isoform X2,dar1,87.24971206,3.36736826,1.14E-12,-3.36736826
LOC112056518,paired box protein Pax-5 isoform X1,sv,182.5216499,-5.568048127,1.19E-12,5.568048127
LOC112056798,MOG interacting and ectopic P-granules protein 1-like,MEP-1,2237.157432,-0.697974492,1.20E-12,0.697974492
LOC112044609,graves disease carrier protein-like isoform X1,DPCoAC,1363.940543,1.99555366,1.22E-12,-1.99555366
LOC112045785,DNA mismatch repair protein Msh2,spel1,689.1122056,-1.310997913,1.22E-12,1.310997913
LOC112046854,activating signal cointegrator 1 complex subunit 3,obe,2491.688588,0.676953075,1.24E-12,-0.676953075
LOC112052273,tissue alpha-L-fucosidase-like,Fuca,291.1164229,-1.833721896,1.29E-12,1.833721896
LOC112043037,actin cytoskeleton-regulatory complex protein PAN1-like,CG33003,37.5030039,5.072987255,1.30E-12,-5.072987255
LOC112050082,nuclear pore complex protein Nup155,Nup154,2064.237594,-0.855413812,1.40E-12,0.855413812
LOC112052149,elongation factor-like GTPase 1,CG33158,398.252532,1.306313258,1.44E-12,-1.306313258
LOC112053992,DNA replication licensing factor Mcm6,Mcm6,1689.021304,-1.950708986,1.49E-12,1.950708986
LOC112051979,breast cancer anti-estrogen resistance protein 1 isoform X1,p130CAS,1218.113778,1.050540959,1.53E-12,-1.050540959
LOC112042958,DNA polymerase alpha catalytic subunit,DNApol-alpha180,1188.647006,-1.643563234,1.53E-12,1.643563234
LOC112055822,E3 ubiquitin-protein ligase RNF8-like isoform X2,LOC112055822,750.3538939,-0.981301121,1.59E-12,0.981301121
LOC112052921,bax inhibitor 1,BI-1,6081.543709,0.445121319,1.62E-12,-0.445121319
LOC112049988,protein NipSnap,Nipsnap,751.2741112,0.769781459,1.62E-12,-0.769781459
LOC112054288,protein disulfide-isomerase A3,ERp60,19764.54058,-0.998401008,1.67E-12,0.998401008
LOC112051249,dolichyl-diphosphooligosaccharide--protein glycosyltransferase subunit 1,CG33303,5790.883155,-0.685717693,1.72E-12,0.685717693
LOC112050140,m7GpppN-mRNA hydrolase,Dcp2,889.2120214,-0.786559999,1.83E-12,0.786559999
LOC112043981,Retrotransposable element SLACS protein,LOC112043981,104.2501819,4.022351798,1.83E-12,-4.022351798
LOC112048458,TATA-binding protein-associated factor 172,Hel89B,754.3312332,0.897326915,1.86E-12,-0.897326915
LOC112056319,double-stranded RNA-binding protein Staufen homolog 2 isoform X3,stau,1392.839072,-1.095416787,1.89E-12,1.095416787
LOC112053734,uncharacterized LOC106124388 precursor,LOC112053734,7280.764113,-1.903218831,2.00E-12,1.903218831
LOC112055312,serine/threonine-protein phosphatase 6 catalytic subunit,PpV,608.4134679,1.059556344,2.04E-12,-1.059556344
LOC112056504,serine-threonine kinase receptor-associated protein,wmd,1298.252384,1.151406629,2.06E-12,-1.151406629
LOC112052237,peritrophin-48-like,LOC112052237,416.2021788,1.908267763,2.18E-12,-1.908267763
LOC112056333,septin-1,37135,2151.477813,-0.656839781,2.18E-12,0.656839781
LOC112045352,trichohyalin-like isoform X1,LOC112045352,117.2057377,-2.440857188,2.19E-12,2.440857188
LOC112054807,AMP deaminase 2 isoform X1,AMPdeam,816.6425625,2.094566923,2.19E-12,-2.094566923
LOC112044824,40S ribosomal protein S9,RpS9,31443.81179,0.617263161,2.21E-12,-0.617263161
LOC112044828,basigin,Bsg,12298.77217,1.538096611,2.24E-12,-1.538096611
LOC112055835,F-actin-monooxygenase Mical isoform X1,Mical,782.0902485,-0.977239757,2.28E-12,0.977239757
LOC112049220,uncharacterized protein LOC112049220,LOC112049220,160.4183168,-3.264185985,2.32E-12,3.264185985
LOC112058182,cuticle protein 8-like,Cpr62Bc,59.70764459,9.442961202,2.33E-12,-9.442961202
LOC112055821,menin,Mnn1,174.1756391,-1.778799015,2.34E-12,1.778799015
LOC112054188,guanine nucleotide-binding protein subunit gamma-e,Ggamma30A,518.7782454,-1.767193119,2.36E-12,1.767193119
LOC112047457,probable G-protein coupled receptor Mth-like 5,GPRMTH5,928.1413661,-0.736756101,2.38E-12,0.736756101
LOC112051681,serine proteinase stubble,Np,1053.962744,-2.078593787,2.44E-12,2.078593787
LOC112043581,protein SMG8,CG6729,943.0554124,-0.697493515,2.44E-12,0.697493515
LOC112045943,putative ATP-dependent RNA helicase TDRD12,LOC112045943,898.8881326,-1.111598252,2.48E-12,1.111598252
LOC112044465,sodium channel protein Nach-like,ppk13,49.57750786,-8.356163563,2.49E-12,8.356163563
LOC112051135,metal transporter CNNM4-like,uex,225.7864362,-2.170192801,2.52E-12,2.170192801
LOC112057398,retinal-specific ATP-binding cassette transporter-like,LOC112057398,65.62651641,4.849715926,2.52E-12,-4.849715926
LOC112054833,BTB/POZ domain-containing protein 8-like,rdx,774.8436511,1.024657991,2.55E-12,-1.024657991
LOC112057896,transformer-2 protein homolog beta isoform X5,tra2,1943.191241,-0.839894591,2.66E-12,0.839894591
LOC112054511,serine/threonine-protein kinase pelle,pll,285.330518,1.149620237,2.67E-12,-1.149620237
LOC112051425,"NAD(P) transhydrogenase, mitochondrial-like",LOC112051425,7456.368043,1.276050648,2.68E-12,-1.276050648
LOC112056453,ATP-dependent helicase brm,brm,3513.857716,-0.91683092,2.69E-12,0.91683092
LOC112050085,"putative tricarboxylate transport protein, mitochondrial",sea,583.465971,1.278258906,2.77E-12,-1.278258906
LOC112045463,NA,NA,4858.285828,-0.689886329,2.78E-12,0.689886329
LOC112055562,cysteine-rich protein 2-binding protein,Atac2,336.3296317,-1.139384979,2.98E-12,1.139384979
LOC112046727,nuclear pore complex protein Nup205,Nup205,407.1483026,-1.321719624,3.05E-12,1.321719624
LOC112048144,formin-like protein 14,CG30089,506.6903392,2.049472313,3.06E-12,-2.049472313
LOC112050912,venom dipeptidyl peptidase 4-like isoform X1,ome,322.1438194,2.672851842,3.12E-12,-2.672851842
LOC112044019,formin-like protein 20,Hers,1625.227559,1.04783904,3.45E-12,-1.04783904
LOC112049079,NA,NA,51.16723408,3.606369536,3.48E-12,-3.606369536
LOC112053893,uncharacterized protein LOC112053893,CG9259,54.36117032,9.347323853,3.49E-12,-9.347323853
LOC112050048,uncharacterized protein LOC112050048,CG2225,2089.330334,-1.199817375,3.51E-12,1.199817375
LOC112043725,protein PFF0380w-like isoform X1,LOC112043725,37.69262204,4.530997727,3.61E-12,-4.530997727
LOC112052757,fasciclin-1 isoform X3,Fas1,625.8090531,-1.088391735,3.73E-12,1.088391735
LOC112057188,bifunctional glutamate/proline--tRNA ligase,GluProRS,5516.164899,0.819074642,3.81E-12,-0.819074642
LOC112045112,TBC1 domain family member 1 isoform X2,plx,583.2260026,1.709713598,4.20E-12,-1.709713598
LOC112053170,protein daughterless isoform X1,da,2295.107943,-0.750405525,4.24E-12,0.750405525
LOC112057307,scavenger receptor class B member 1,SCRB3,216.1634948,5.567559817,4.31E-12,-5.567559817
LOC112055884,protein kinase C and casein kinase substrate in neurons protein 1 isoform X2,Synd,3407.968882,1.320440607,4.44E-12,-1.320440607
LOC112054361,actin-related protein 3,Arp3,2554.296251,0.624221611,4.53E-12,-0.624221611
LOC112043565,serine/threonine-protein kinase NLK isoform X1,nmo,331.1532459,-1.139156168,4.54E-12,1.139156168
LOC112050737,protein strawberry notch isoform X1,sno,2805.964876,-0.596138529,4.58E-12,0.596138529
LOC112046655,allergen Api m 6-like,LOC112046655,132.9899388,-3.607875215,5.10E-12,3.607875215
LOC112044368,F-box only protein 11,FBXO11,1948.68879,-0.513370946,5.13E-12,0.513370946
LOC112054895,"aspartate aminotransferase, mitochondrial",Got2,2252.066845,0.988815569,5.26E-12,-0.988815569
LOC112045378,repetitive proline-rich cell wall protein,LOC112045378,189.9539081,6.275547018,5.56E-12,-6.275547018
LOC112053892,uncharacterized protein LOC112053892,CG1561,69.38203541,8.719838686,5.80E-12,-8.719838686
LOC112055598,uncharacterized protein LOC112055598,LOC112055598,89.85712626,2.787420112,5.94E-12,-2.787420112
LOC112047111,zinc finger protein 26-like isoform X2,CG31612,184.1897773,-1.222262381,5.96E-12,1.222262381
LOC112056840,protein DEK isoform X1,Dek,3496.975123,-1.386504164,6.00E-12,1.386504164
LOC112043568,putative phospholipase B-like lamina ancestor,lama,4389.793209,0.91679876,6.02E-12,-0.91679876
LOC112054020,putative nuclease HARBI1,LOC112054020,130.9959942,-1.995991763,6.05E-12,1.995991763
LOC112043933,DNA repair endonuclease XPF,mei-9,314.6127539,-1.491091663,6.16E-12,1.491091663
LOC112046280,protein ABHD16A,CG1309,752.5544714,1.175362155,6.26E-12,-1.175362155
LOC112055157,"39S ribosomal protein L55, mitochondrial",mRpL55,334.6520011,1.165265647,6.38E-12,-1.165265647
LOC112053764,RE1-silencing transcription factor-like isoform X3,pita,2103.707104,-0.688861738,6.38E-12,0.688861738
LOC112046965,trichohyalin isoform X2,Cnb,742.3883478,-0.79399676,6.44E-12,0.79399676
LOC112044783,"39S ribosomal protein L4, mitochondrial",mRpL4,425.9315218,1.143734002,6.74E-12,-1.143734002
LOC112053443,proteoglycan 4-like,CG13676,28980.53517,1.438696924,6.84E-12,-1.438696924
LOC112055942,116 kDa U5 small nuclear ribonucleoprotein component,CG4849,1755.380227,-0.8052896,6.94E-12,0.8052896
LOC112045288,uncharacterized protein LOC112045288,CG15601,80.06033435,-1.81336828,7.06E-12,1.81336828
LOC112056258,tetratricopeptide repeat protein 39B-like,LOC112056258,69.51187227,3.019588493,7.09E-12,-3.019588493
LOC112048184,cathepsin B,CtsB1,976.4461221,-1.796630598,7.12E-12,1.796630598
LOC112053219,60S ribosomal protein L28,RpL28,15249.47621,0.598976985,7.16E-12,-0.598976985
LOC112055682,zinc transporter 2-like isoform X1,ZnT33D,30.14023723,-4.317185208,7.30E-12,4.317185208
LOC112043483,tropomodulin-1 isoform X3,tmod,2040.609121,0.855611694,7.30E-12,-0.855611694
LOC112051428,flap endonuclease GEN,Gen,207.7553813,-3.966599081,7.33E-12,3.966599081
LOC112048387,PR domain zinc finger protein 1 isoform X1,Blimp-1,54.0975196,-5.228932756,7.41E-12,5.228932756
LOC112058300,26S proteasome non-ATPase regulatory subunit 7,Rpn8,3027.572564,0.58484407,7.44E-12,-0.58484407
LOC112046190,serine/threonine-protein kinase unc-51 isoform X2,Atg1,1711.290238,1.242250497,7.68E-12,-1.242250497
LOC112050824,MICOS complex subunit MIC13 homolog QIL1,LOC112050824,600.7221579,1.310987152,7.88E-12,-1.310987152
LOC112048976,Anaphase-promoting complex subunit 11,lmgA,596.7213172,-0.941667051,8.01E-12,0.941667051
LOC112045026,CTD nuclear envelope phosphatase 1 homolog,Dd,510.1934484,-0.750492179,8.23E-12,0.750492179
LOC112043961,cytoplasmic dynein 2 light intermediate chain 1,CG3769,40.7383622,-4.115230104,8.65E-12,4.115230104
LOC112050399,mitochondrial proton/calcium exchanger protein,Letm1,1556.974419,0.763224455,8.75E-12,-0.763224455
LOC112055448,bolA-like protein 3,LOC112055448,337.1975478,1.230652015,8.81E-12,-1.230652015
LOC112054148,Protein neuralized,LOC112054148,355.1277583,-1.442522866,8.89E-12,1.442522866
LOC112046511,hydroxysteroid dehydrogenase-like protein 2 isoform X1,CG5590,2982.314714,0.888816889,8.95E-12,-0.888816889
LOC112050394,transmembrane and coiled-coil domains protein 2 isoform X1,Dmtn,573.1630126,-0.786565789,9.16E-12,0.786565789
LOC112046056,unconventional myosin-XVIIIa isoform X3,Mhcl,5833.253061,-1.808897005,9.17E-12,1.808897005
LOC112049090,origin recognition complex subunit 6,Orc6,221.6076452,-1.012290465,9.24E-12,1.012290465
LOC112054023,acidic leucine-rich nuclear phosphoprotein 32 family member A isoform X1,Mapmodulin,2231.253145,-0.934270781,9.35E-12,0.934270781
LOC112044748,NADH dehydrogenase [ubiquinone] 1 subunit C2,Ndufc2,642.9287679,1.108001744,9.58E-12,-1.108001744
LOC112052123,facilitated trehalose transporter Tret1-like,CG10960,91.14149955,9.115412817,9.59E-12,-9.115412817
LOC112044355,splicing factor 3B subunit 2,Sf3b2,2027.32606,-0.686616145,9.83E-12,0.686616145
LOC112046107,"NADH dehydrogenase [ubiquinone] iron-sulfur protein 3, mitochondrial",Ndufs3,1845.807431,0.843888547,9.92E-12,-0.843888547
LOC112043199,"histidine--tRNA ligase, cytoplasmic isoform X1",HisRS,1738.356165,0.817790225,1.01E-11,-0.817790225
LOC112044476,vang-like protein 1,Vang,894.7055755,-0.987910428,1.02E-11,0.987910428
LOC112055672,cytochrome P450 4d2-like,Cyp4d2,81.14337042,4.010395347,1.03E-11,-4.010395347
LOC112045029,trifunctional purine biosynthetic protein adenosine-3 isoform X1,ade3,1613.789716,0.717141201,1.05E-11,-0.717141201
LOC112045469,protein arginine N-methyltransferase 1,Art3,570.6521228,1.048650041,1.05E-11,-1.048650041
LOC112057355,uncharacterized protein LOC112057355,LOC112057355,51.04466612,-7.658246344,1.06E-11,7.658246344
LOC112052918,pancreatic triacylglycerol lipase-like,CG6847,36.38105304,-3.834583508,1.08E-11,3.834583508
LOC112047492,claspin-like,CG12173,8608.440995,-0.929167618,1.08E-11,0.929167618
LOC112046888,maternal protein exuperantia,exu,4962.551774,0.663055897,1.10E-11,-0.663055897
LOC112048172,homeobox protein DBX1-B-like,H2.0,35.22427241,4.838119442,1.14E-11,-4.838119442
LOC112046917,probable cleavage and polyadenylation specificity factor subunit 2,Cpsf100,1303.095158,-0.701509315,1.16E-11,0.701509315
LOC112050736,60S ribosomal protein L6,RpL6,34865.7442,0.546566561,1.16E-11,-0.546566561
LOC112057058,conserved oligomeric Golgi complex subunit 2,Cog2,1037.760387,0.609759507,1.16E-11,-0.609759507
LOC112045278,5-oxoprolinase,CG4752,587.6817338,1.158709111,1.18E-11,-1.158709111
LOC112043177,lysosomal acid phosphatase-like,CG6656,254.6366407,1.341314637,1.20E-11,-1.341314637
LOC112046641,kinesin-like protein Klp68D isoform X1,kinesin-2A,174.1164885,1.52742622,1.21E-11,-1.52742622
LOC112047434,ATP-dependent RNA helicase p62,Rm62,11024.52575,-0.852796359,1.21E-11,0.852796359
LOC112056257,protein BCCIP homolog,CG9286,2223.148305,1.027234228,1.21E-11,-1.027234228
LOC112042798,"peptidyl-tRNA hydrolase 2, mitochondrial-like",CG1307,512.3946685,1.03864483,1.24E-11,-1.03864483
LOC112045109,serine/threonine-protein kinase BRSK2,sff,74.31170794,-2.365916353,1.24E-11,2.365916353
LOC112057029,protogenin A-like,SPEG,45.80390779,9.082281541,1.26E-11,-9.082281541
LOC112055852,estradiol 17-beta-dehydrogenase 11-like isoform X2,Ldsdh1,430.873261,2.518482651,1.27E-11,-2.518482651
LOC112054296,diacylglycerol O-acyltransferase 1 isoform X1,mdy,363.9531522,0.87904151,1.30E-11,-0.87904151
LOC112057696,protein unc-50 homolog,CG9773,939.5674317,0.932320464,1.32E-11,-0.932320464
LOC112057782,homeotic protein ultrabithorax,Ubx,5032.458223,0.823535658,1.37E-11,-0.823535658
LOC112048337,tetratricopeptide repeat protein 5-like,LOC112048337,1468.694784,0.945642615,1.41E-11,-0.945642615
LOC112045002,uncharacterized protein LOC112045002,crok,4415.286783,0.632015421,1.43E-11,-0.632015421
LOC112051227,proteoglycan 4-like,Paip2,1940.969364,0.740034296,1.45E-11,-0.740034296
LOC112053801,sodium-independent sulfate anion transporter-like,Esp,88.76291108,2.987174156,1.55E-11,-2.987174156
LOC112054812,serine protease easter-like,CG4998,116.7071791,-4.595423072,1.62E-11,4.595423072
LOC112049285,transmembrane and TPR repeat-containing protein CG4050,Tmtc3,684.3070726,-0.95864511,1.63E-11,0.95864511
LOC112055149,nucleolar protein dao-5-like,LOC112055149,730.943303,-0.827038771,1.66E-11,0.827038771
LOC112043562,TP53-regulated inhibitor of apoptosis 1-like,CG30108,213.2042588,1.063026229,1.67E-11,-1.063026229
LOC112045959,RNA polymerase II transcriptional coactivator,Ssb-c31a,1962.653076,1.558230723,1.71E-11,-1.558230723
LOC112045372,E3 ubiquitin-protein ligase MARCH1-like,LOC112045372,33.43700974,4.534135187,1.83E-11,-4.534135187
LOC112048941,60S ribosomal protein L35a,RpL35A,26211.505,0.636071407,1.86E-11,-0.636071407
LOC112047624,P protein-like,hoe1,205.4343644,-2.033110654,1.90E-11,2.033110654
LOC112053008,Oxysterol-binding protein-related protein 6,CG3860,577.9653478,1.021284216,1.90E-11,-1.021284216
LOC112049543,SEC23-interacting protein,PAPLA1,1265.473484,-0.795830183,1.93E-11,0.795830183
LOC112044348,anaphase-promoting complex subunit 2,mr,442.9244184,-0.771571444,1.97E-11,0.771571444
LOC112057180,"beta-1,3-glucan-binding protein-like",GNBP3,326.2394761,-4.062816409,2.09E-11,4.062816409
LOC112050854,glyoxylate reductase/hydroxypyruvate reductase,CG1236,58.53541513,4.656675823,2.18E-11,-4.656675823
LOC112052369,ubiquitin carboxyl-terminal hydrolase 37-like,Usp2,1761.544602,0.627436863,2.22E-11,-0.627436863
LOC112047231,transcription factor cwo isoform X1,cwo,433.3912784,2.253574284,2.23E-11,-2.253574284
LOC112043097,monocarboxylate transporter 10,kar,961.7174491,1.315327949,2.23E-11,-1.315327949
LOC112045299,orexin receptor type 1-like,SIFaR,48.19881874,9.186850306,2.24E-11,-9.186850306
LOC112054602,ornithine decarboxylase 1-like,Odc1,2272.982958,0.93549919,2.25E-11,-0.93549919
LOC112049762,"sushi, von Willebrand factor type A, EGF and pentraxin domain-containing protein 1 isoform X1",uif,11328.17161,0.856888685,2.32E-11,-0.856888685
LOC112046437,transmembrane protein 8A,CG13654,516.6262553,1.56020472,2.33E-11,-1.56020472
LOC112044538,putative glutathione-specific gamma-glutamylcyclotransferase 2,CG10365,263.8745471,1.030231931,2.37E-11,-1.030231931
LOC112050290,translocator protein-like isoform X1,Tspo,1556.184629,0.88877823,2.37E-11,-0.88877823
LOC112058056,membrane-bound transcription factor site-2 protease,S2P,507.0403376,-1.054111726,2.38E-11,1.054111726
LOC112055872,silk gland factor 3,vvl,4895.952314,-0.658434621,2.40E-11,0.658434621
LOC112052039,neuropathy target esterase sws isoform X1,sws,907.3443308,-0.767793761,2.40E-11,0.767793761
LOC112044547,syntaxin-12,Syx13,317.1490479,1.413492156,2.49E-11,-1.413492156
LOC112053916,26S proteasome regulatory subunit 6B,Rpt3,5092.524586,0.598264944,2.49E-11,-0.598264944
LOC112050601,cuticle protein CP14.6-like,Cpr67Fb,42.64693568,9.011334698,2.53E-11,-9.011334698
LOC112057047,signal recognition particle receptor subunit alpha homolog,Gtp-bp,854.4879859,2.122983964,2.57E-11,-2.122983964
LOC112055316,eukaryotic translation initiation factor 3 subunit I,Trip1,6490.166373,0.65455643,2.58E-11,-0.65455643
LOC112055668,transcription factor E2F4-like,E2f2,368.5701969,-1.276725999,2.65E-11,1.276725999
LOC112051656,DNA polymerase delta small subunit,Pol31,353.8146248,-1.679986024,2.69E-11,1.679986024
LOC112044707,uncharacterized protein C7orf50 homolog,LOC112044707,693.6521372,0.92431827,2.71E-11,-0.92431827
LOC112054470,"40S ribosomal protein S12, mitochondrial",tko,454.7408399,1.207374498,2.72E-11,-1.207374498
LOC112051919,alpha-catulin isoform X2,alpha-Catr,160.876604,2.961673827,2.79E-11,-2.961673827
LOC112043806,protein bric-a-brac 1-like isoform X1,bab1,375.8924258,-2.973504403,2.83E-11,2.973504403
LOC112044942,cuticular protein hypothetical 12 precursor,LOC112044942,6506.130236,-16.07742573,2.89E-11,16.07742573
LOC112052230,small nuclear ribonucleoprotein-associated protein B,SmB,4763.474937,-0.644320381,2.91E-11,0.644320381
LOC112044156,superoxide dismutase [Cu-Zn],Sod,3046.77584,0.952174372,2.93E-11,-0.952174372
LOC112058169,Cuticle protein 19,Cpr62Bc,79.59623162,7.981971981,2.97E-11,-7.981971981
LOC112050638,protein Dok-7,LOC112050638,207.7413902,-1.977469318,3.04E-11,1.977469318
LOC112046928,uncharacterized protein LOC112046928,m,775.9034442,-1.403759909,3.04E-11,1.403759909
LOC112055603,disheveled-associated activator of morphogenesis 1 isoform X1,DAAM,209.8747615,2.204010602,3.04E-11,-2.204010602
LOC112051235,E3 ubiquitin-protein ligase Rnf220,CG4813,357.4472323,-0.825532574,3.13E-11,0.825532574
LOC112051731,chitooligosaccharidolytic beta-N-acetylglucosaminidase,Hexo2,541.6329345,-1.772692482,3.19E-11,1.772692482
LOC112044181,organic cation transporter protein-like,CG7458,63.57889375,5.146035221,3.21E-11,-5.146035221
LOC112046680,V-type proton ATPase subunit D,Vha36-1,1867.540753,0.867373572,3.33E-11,-0.867373572
LOC112056832,uncharacterized protein LOC112056832,LOC112056832,183.5109646,-1.511644754,3.45E-11,1.511644754
LOC112047835,"probable 3',5'-cyclic phosphodiesterase pde-5",Pde6,59.71332293,8.486027056,3.70E-11,-8.486027056
LOC112055079,uncharacterized LOC106106528 precursor,Osi9,46.41982477,9.122496447,3.80E-11,-9.122496447
LOC112052181,NADH dehydrogenase [ubiquinone] 1 alpha subcomplex subunit 6,ND-B14,800.2301527,1.102701732,3.94E-11,-1.102701732
LOC112045043,glycoprotein-N-acetylgalactosamine 3-beta-galactosyltransferase 1 isoform X2,C1GalTA,70.87245106,-1.85220914,4.05E-11,1.85220914
LOC112043659,uncharacterized protein LOC112043659,LOC112043659,129.8317655,2.265114375,4.05E-11,-2.265114375
LOC112058298,protein artichoke,atk,54.24447892,3.121403779,4.08E-11,-3.121403779
LOC112058428,inter-alpha-trypsin inhibitor heavy chain H4-like isoform X1,LOC112058428,6615.242892,-1.099118707,4.23E-11,1.099118707
LOC112050669,uncharacterized protein LOC112050669 isoform X2,RhoGAP71E,1197.315337,0.795556752,4.26E-11,-0.795556752
LOC112043731,25S rRNA (cytosine-C(5))-methyltransferase nop2,CG8545,4122.340822,1.062144157,4.27E-11,-1.062144157
LOC112056103,uncharacterized protein LOC112056103 isoform X2,LOC112056103,83.64473494,9.985812263,4.38E-11,-9.985812263
LOC112050579,leucine-rich repeat extensin-like protein 5,CG15506,275.1451026,-3.10549162,4.45E-11,3.10549162
LOC112055504,serine proteinase stubble isoform X1,Sb,46.09571913,4.608587783,4.54E-11,-4.608587783
LOC112051503,DNA topoisomerase 3-alpha,Top3alpha,319.9610031,-1.276078797,4.58E-11,1.276078797
LOC112047487,adenosylhomocysteinase,Ahcy,6009.144745,0.666979154,4.59E-11,-0.666979154
LOC112046772,XP_023939328.1 polyubiquitin,UBB,13245.13688,-0.988975332,4.61E-11,0.988975332
LOC112042950,X-ray repair cross-complementing protein 6,LOC112042950,395.9056079,-0.980008322,4.62E-11,0.980008322
LOC112044050,collagen alpha-1(I) chain-like isoform X3,lgs,2630.019921,-0.709861317,4.68E-11,0.709861317
LOC112043227,"reticulon-4-interacting protein 1, mitochondrial-like",LOC112043227,174.1464426,1.092328061,4.71E-11,-1.092328061
LOC112046851,transcription initiation factor TFIID subunit 12,Taf12,875.162861,0.728861978,4.75E-11,-0.728861978
LOC112046614,high affinity copper uptake protein 1-like,Ctr1A,752.6690935,0.818840091,4.85E-11,-0.818840091
LOC112045403,uncharacterized protein LOC112045403,LOC112045403,85.96426876,3.543587744,4.85E-11,-3.543587744
LOC112046366,"aldehyde dehydrogenase, mitochondrial",Aldh,1603.660044,-1.683764438,4.94E-11,1.683764438
LOC112055526,elongation of very long chain fatty acids protein AAEL008004 isoform X1,CG31522,1075.681956,0.921433537,5.19E-11,-0.921433537
LOC112050319,proton-coupled amino acid transporter-like protein pathetic,CG8785,32.48639542,8.619543903,5.22E-11,-8.619543903
LOC112058273,transcription elongation factor S-II,TfIIS,914.0312502,-0.980784216,5.54E-11,0.980784216
LOC112048041,RNA polymerase II elongation factor Ell isoform X2,Su(Tpl),767.1413909,1.215700121,5.56E-11,-1.215700121
LOC112055175,40S ribosomal protein S23,RpS23,64902.46871,0.477843955,5.63E-11,-0.477843955
LOC112056072,homeobox protein extradenticle isoform X1,exd,2096.555963,-0.868573222,5.71E-11,0.868573222
LOC112045264,enhancer of split mbeta protein-like,HLHmgamma,1810.435995,-1.706512625,5.91E-11,1.706512625
LOC112056484,NA,NA,52.43492999,6.858961544,5.95E-11,-6.858961544
LOC112045227,transcriptional regulator ATRX isoform X1,LOC112045227,52.98697715,8.315783634,6.02E-11,-8.315783634
LOC112044621,atypical protein kinase C isoform X2,aPKC,1623.186531,-0.53693802,6.13E-11,0.53693802
LOC112047269,ATP synthase 21 kDa proteolipid subunit,VhaPPA1-1,2802.079232,0.817073244,6.27E-11,-0.817073244
LOC112045865,ADP-ribosylation factor GTPase-activating protein 1,ArfGAP1,811.9157397,0.822239731,6.43E-11,-0.822239731
LOC112048436,nitric oxide synthase-like,Nos,64.90148852,-3.853251826,6.48E-11,3.853251826
LOC112046287,uncharacterized protein C20orf24 homolog,CG12107,1229.898755,0.597469849,6.60E-11,-0.597469849
LOC112057853,beclin 1-associated autophagy-related key regulator,LOC112057853,237.8468851,1.290048079,6.72E-11,-1.290048079
LOC112049589,zinc finger protein 41-like isoform X1,LOC112049589,103.9311237,-1.51125418,6.72E-11,1.51125418
LOC112054147,netrin-B-like isoform X1,NetB,384.9485979,1.090062214,6.76E-11,-1.090062214
LOC112045441,exportin-4-like,LOC112045441,691.898925,-0.893623068,6.89E-11,0.893623068
LOC112045200,protein anon-73B1,LOC112045200,478.0070923,-1.698777338,6.95E-11,1.698777338
LOC112051674,centrosomal protein 350kDa,LOC112051674,454.9486878,-0.933736324,7.08E-11,0.933736324
LOC112047884,uncharacterized protein LOC112047884,LOC112047884,115.8936068,-2.353125947,7.15E-11,2.353125947
LOC112048865,cell wall protein IFF6-like,LOC112048865,261.2292886,1.382985488,7.15E-11,-1.382985488
LOC112051236,40S ribosomal protein S7,RpS7,29212.42471,0.750856014,7.16E-11,-0.750856014
LOC112047767,U1 small nuclear ribonucleoprotein 70 kDa,snRNP70K,1805.998229,-0.538364184,7.24E-11,0.538364184
LOC112056106,uncharacterized protein LOC112056106 isoform X1,LOC112056106,3615.570932,0.872016433,7.26E-11,-0.872016433
LOC112052934,solute carrier family 25 member 51,CG7943,258.0308792,1.149973134,7.41E-11,-1.149973134
LOC112058517,"solute carrier family 2, facilitated glucose transporter member 1-like",Glut1-,443.023531,-2.003408367,7.43E-11,2.003408367
LOC112056178,uncharacterized protein LOC112056178 isoform X1,LOC112056178,3841.671474,1.218444008,7.54E-11,-1.218444008
LOC112045941,protein unc-13 homolog 4B isoform X3,stac,745.6373768,1.704534772,7.56E-11,-1.704534772
LOC112055290,uncharacterized protein LOC112055290,l(2)k09913,1223.737324,-1.049588498,7.57E-11,1.049588498
LOC112053154,rotatin-like,LOC112053154,850.4517209,-1.328104296,7.63E-11,1.328104296
LOC112052635,uncharacterized protein LOC112052635,LOC112052635,73.11948062,-2.466903075,7.64E-11,2.466903075
LOC112053629,lachesin-like,DIP-gamma,105.1732959,-2.936356533,7.69E-11,2.936356533
LOC112048944,dnaJ homolog subfamily C member 3,P58IPK,723.1857384,-1.004440387,7.75E-11,1.004440387
LOC112048395,Hipothetical protein,CG12581,3749.007654,1.274876812,7.84E-11,-1.274876812
LOC112055136,OWR52448.1 putative thiamin pyrophosphokinase,CG12567,879.5838237,-0.853227019,8.10E-11,0.853227019
LOC112054063,"translation factor GUF1 homolog, mitochondrial",waw,466.6245568,1.716049816,8.32E-11,-1.716049816
LOC112046417,L-asparaginase 1,CG6428,53.12498207,3.602371146,8.68E-11,-3.602371146
LOC112050931,"ADP,ATP carrier protein",sesB,55362.00886,0.557003548,8.68E-11,-0.557003548
LOC112058552,NA,NA,39.4233017,4.480281346,8.70E-11,-4.480281346
LOC112052264,ribosomal L1 domain-containing protein CG13096,CG13096,1566.519644,0.996684053,8.84E-11,-0.996684053
LOC112045509,proton-coupled amino acid transporter-like protein CG1139,CG16700,39.20920207,3.915860764,8.85E-11,-3.915860764
LOC112054425,transmembrane emp24 domain-containing protein 5-like,opm,59.73098323,-2.300644547,8.91E-11,2.300644547
LOC112051981,CKLF-like MARVEL transmembrane domain-containing protein 8 isoform X1,CG1572,13388.64466,5.003186479,8.93E-11,-5.003186479
LOC112057101,glycine-rich protein 5-like,LOC112057101,137.5046531,-2.427644209,8.94E-11,2.427644209
LOC112050092,dentin sialophosphoprotein-like,LOC112050092,30.63817556,5.477293902,9.10E-11,-5.477293902
LOC112044494,protein ovarian tumor locus-like,otu,258.8866302,-1.354141449,9.40E-11,1.354141449
LOC112058548,60S acidic ribosomal protein P1,RpLP1,29615.62884,0.828565006,9.56E-11,-0.828565006
LOC112056076,uncharacterized protein LOC112056076 isoform X1,LOC112056076,4196.015888,-0.84378796,9.62E-11,0.84378796
LOC112044654,transcriptional regulator ATRX homolog isoform X1,XNP,474.1252213,-1.172381764,1.03E-10,1.172381764
LOC112046130,"Cytochrome b-c1 complex subunit 2, mitochondrial",Pdhb,462.9991176,0.89417665,1.04E-10,-0.89417665
LOC112046490,E3 ubiquitin-protein ligase RING1,Sce,641.2760198,-0.654188001,1.05E-10,0.654188001
LOC112058221,larval cuticle protein 16/17-like,CG34462,30.51769075,8.50578509,1.07E-10,-8.50578509
LOC112054208,N-alpha-acetyltransferase 20,Naa20A,542.8667608,0.881118482,1.08E-10,-0.881118482
LOC112054266,"thioredoxin reductase 1, mitochondrial isoform X1",Trxr-1,4978.13593,0.710319402,1.10E-10,-0.710319402
LOC112042849,uncharacterized protein LOC112042849,LOC112042849,160.3828531,-1.602537895,1.14E-10,1.602537895
LOC112051108,importin subunit beta-1 isoform X1,Fs(2)Ket,2740.065592,-0.701550318,1.15E-10,0.701550318
LOC112056242,NA,NA,51.93013335,-2.273215706,1.16E-10,2.273215706
LOC112047557,"fumarate hydratase, mitochondrial-like isoform X1",Fum2,2210.189666,0.913207443,1.16E-10,-0.913207443
LOC112053769,probable Golgi SNAP receptor complex member 2,Membrin,403.1255566,0.869683021,1.17E-10,-0.869683021
LOC112043027,protein argonaute-2 isoform X1,AGO1,661.2570511,-0.91582048,1.17E-10,0.91582048
LOC112043867,"solute carrier family 2, facilitated glucose transporter member 3-like isoform X1",sut1,1792.357132,1.030850669,1.19E-10,-1.030850669
LOC112043825,protein unc-79 homolog,unc79,256.2838907,-1.387733365,1.19E-10,1.387733365
LOC112057246,NA,NA,29.79452741,8.455015579,1.21E-10,-8.455015579
LOC112049938,glutathione S-transferase 1-1,gfzf,1538.979283,1.18089705,1.21E-10,-1.18089705
LOC112054540,protein lethal(3)malignant blood neoplasm 1,l(3)mbn,45.90635411,6.564709198,1.24E-10,-6.564709198
LOC112045711,serine protease snake-like,CG11843,672.4111257,-1.964518339,1.28E-10,1.964518339
LOC112050375,acetyl-CoA carboxylase isoform X2,ACC,3143.925805,0.804290377,1.28E-10,-0.804290377
LOC112045595,cytoplasmic aconitate hydratase-like,Irp-1B,638.2130553,1.149647404,1.29E-10,-1.149647404
LOC112045528,protein AF-10,Alh,228.0946447,-1.382729104,1.29E-10,1.382729104
LOC112045614,Ecdysteroid UDP-glucosyltransferase,Ugt35E2,130.5335935,6.469326531,1.30E-10,-6.469326531
LOC112044152,ubiquitin domain-containing protein 2,CG1172,2284.336511,1.136215367,1.35E-10,-1.136215367
LOC112054813,uncharacterized protein LOC112054813,LOC112054813,80.81373367,9.927128062,1.38E-10,-9.927128062
LOC112043855,polypeptide N-acetylgalactosaminyltransferase 1-like isoform X5,LOC112043855,566.8805218,-0.700351397,1.39E-10,0.700351397
LOC112056552,histone H3.3,H3F3A,18842.31634,-0.646843808,1.43E-10,0.646843808
LOC112055551,"39S ribosomal protein L3, mitochondrial",mRpL3,1299.306587,0.760635672,1.43E-10,-0.760635672
LOC112049084,protein tyrosine phosphatase domain-containing protein 1-like,PTPDC1,295.8437555,-3.691690386,1.45E-10,3.691690386
LOC112046186,"HIG1 domain family member 2A, mitochondrial",CG9921,356.8592259,1.111243205,1.52E-10,-1.111243205
LOC112056437,molybdenum cofactor sulfurase,mal,283.719605,0.914633853,1.52E-10,-0.914633853
LOC112046495,uncharacterized protein LOC112046495,LOC112046495,244.14115,1.905819081,1.53E-10,-1.905819081
LOC112051538,glutamate--cysteine ligase regulatory subunit,Gclm,423.946946,1.583773399,1.57E-10,-1.583773399
LOC112058617,protein suppressor of forked,su(f),1285.044631,-0.837360226,1.57E-10,0.837360226
LOC112051749,tRNA (cytosine(38)-C(5))-methyltransferase,Mt2,136.130809,1.358340872,1.58E-10,-1.358340872
LOC112058615,ankyrin repeat domain-containing protein 50,CG10011,899.257493,-0.703254725,1.59E-10,0.703254725
LOC112057987,probable protein arginine N-methyltransferase 6.1,Art8,410.9821971,0.962474594,1.59E-10,-0.962474594
LOC112047428,"ubiquinone biosynthesis protein COQ9-B, mitochondrial-like isoform X2",Coq9,1071.3893,0.761204648,1.59E-10,-0.761204648
LOC112050158,"protein Skeletor, isoforms B/C",knk,1786.439993,0.580233877,1.60E-10,-0.580233877
LOC112053149,"lipoyl synthase, mitochondrial",Las,393.9538209,1.211092004,1.60E-10,-1.211092004
LOC112046755,inhibitor of Bruton tyrosine kinase,CG8060,2076.545913,0.583373463,1.62E-10,-0.583373463
LOC112055165,monocarboxylate transporter 4-like,CG10019,44.41946384,9.076201269,1.63E-10,-9.076201269
LOC112051322,RNA/RNP complex-1-interacting phosphatase,CG13197,190.1809456,1.115731931,1.66E-10,-1.115731931
LOC112058024,lysM and putative peptidoglycan-binding domain-containing protein 3 isoform X1,CG17985,377.9235326,0.985389257,1.66E-10,-0.985389257
LOC112043109,circadian clock-controlled protein-like,JHBP2,224.3727675,-6.434582842,1.67E-10,6.434582842
LOC112050776,malignant T-cell-amplified sequence 1 homolog,MCTS1,1069.741069,0.820007054,1.74E-10,-0.820007054
LOC112051030,farnesyl pyrophosphate synthase-like,Fpps,2431.706578,0.938847314,1.74E-10,-0.938847314
LOC112045124,basic juvenile hormone-suppressible protein 2-like,Lsp1gamma,290.5031227,5.218856954,1.79E-10,-5.218856954
LOC112052075,mitochondrial fission 1 protein,Fis1,852.2994181,0.548092569,1.85E-10,-0.548092569
LOC112056110,UBX domain-containing protein 4,LOC112056110,69.51205742,2.312370753,1.86E-10,-2.312370753
LOC112043226,cyclin-L1,CG16903,582.6179681,0.651479634,1.87E-10,-0.651479634
LOC112051684,bromodomain adjacent to zinc finger domain protein 2B-like,tou,2817.880772,-1.725599942,1.88E-10,1.725599942
LOC112051957,"protein Skeletor, isoforms B/C isoform X1",CG34355,689.3095036,2.944938194,1.94E-10,-2.944938194
LOC112046819,metaxin-1 isoform X1,CG9393,1043.145963,-0.700359812,1.98E-10,0.700359812
LOC112043950,protein apnoia,apn,29.45531029,8.478153835,1.98E-10,-8.478153835
LOC112050570,mannose-1-phosphate guanyltransferase alpha-A,CG8207,451.274107,-0.890453524,2.05E-10,0.890453524
LOC112058593,leucine-rich repeat and calponin homology domain-containing protein 1-like,Lrch,784.5776862,-0.997676751,2.05E-10,0.997676751
LOC112056849,zinc transporter 7,ZnT86D,825.806522,1.030871746,2.06E-10,-1.030871746
LOC112052804,protein virilizer,vir,2077.440189,-0.62536389,2.12E-10,0.62536389
LOC112050108,putative allantoinase 1 like protein,CG6106,196.2870507,-1.624729031,2.22E-10,1.624729031
LOC112053117,putative laccase-9,Lac2,84.58898323,2.335742117,2.23E-10,-2.335742117
LOC112056067,uncharacterized protein LOC112056067,CG16787,553.2697062,0.991976751,2.30E-10,-0.991976751
LOC112043279,protein ECT2 isoform X1,pbl,1637.962532,-0.524194386,2.31E-10,0.524194386
LOC112045707,GILT-like protein 1 isoform X1,GILT1,7651.00959,-1.516963819,2.33E-10,1.516963819
LOC112045322,seminal fluid protein HACP044,CG33290,185.0581291,3.805695067,2.36E-10,-3.805695067
LOC112053704,septin-2,37500,1467.881107,-0.671308635,2.45E-10,0.671308635
LOC112050715,cell division control protein 45 homolog,CDC45L,539.6764723,-1.369362237,2.48E-10,1.369362237
LOC112042999,prefoldin subunit 1,Pfdn1,1605.233415,1.51459282,2.50E-10,-1.51459282
LOC112048884,splicing factor 3B subunit 4,Spx,1012.473662,-0.680540472,2.53E-10,0.680540472
LOC112048611,serine/arginine-rich splicing factor 1B,SF2,12536.92546,-0.411188549,2.60E-10,0.411188549
LOC112051853,histone acetyltransferase KAT6B isoform X1,enok,1639.856357,-0.645680965,2.60E-10,0.645680965
LOC112052294,serine/threonine-protein kinase mTOR,TOR,1147.059106,-0.808369404,2.61E-10,0.808369404
LOC112046612,protein arginine N-methyltransferase 5,csul,1624.978711,-0.631603136,2.61E-10,0.631603136
LOC112054615,E3 ubiquitin-protein ligase Arkadia-like,mura,1593.796389,0.664974959,2.63E-10,-0.664974959
LOC112048975,"alpha,alpha-trehalose-phosphate synthase [UDP-forming]",Tps1,144.3444231,1.435456451,2.64E-10,-1.435456451
LOC112048403,egalitarian protein homolog,egl,1560.337887,0.557870664,2.65E-10,-0.557870664
LOC112054432,dnaJ homolog subfamily B member 12,CG3061,692.9392129,0.623500063,2.68E-10,-0.623500063
LOC112056278,putative hydroxypyruvate isomerase,Gip,270.5358183,1.413538532,2.73E-10,-1.413538532
LOC112049067,cytohesin-1 isoform X1,step,940.4075717,-0.994869458,2.75E-10,0.994869458
LOC112046576,protein trachealess isoform X1,trh,1188.52803,-0.599759366,2.84E-10,0.599759366
LOC112052208,transcriptional regulator ATRX,ADD1,3187.241231,-0.422516983,3.04E-10,0.422516983
LOC112048441,protein downstream neighbor of son homolog,hd,336.0240412,-1.372440229,3.19E-10,1.372440229
LOC112045068,ATP-binding cassette sub-family D member 3,Pmp70,644.4731953,1.407409075,3.20E-10,-1.407409075
LOC112050132,AP2/ERF domain-containing protein PFD0985w-like isoform X2,cher,46.91530337,5.186370361,3.22E-10,-5.186370361
LOC112050602,NA,NA,262.1137993,-1.020850138,3.29E-10,1.020850138
LOC112048520,charged multivesicular body protein 5,Vps60,1052.993952,0.675947761,3.35E-10,-0.675947761
LOC112048695,rab GDP dissociation inhibitor alpha,Gdi,9236.505747,0.598383743,3.46E-10,-0.598383743
LOC112044979,YTH domain-containing protein 1,Ythdc1,465.2264828,-0.796964873,3.59E-10,0.796964873
LOC112043111,circadian clock-controlled protein-like,LOC112043111,1743.274075,-7.20005929,3.65E-10,7.20005929
LOC112050349,valacyclovir hydrolase,CG5377,227.1824589,1.287424333,3.67E-10,-1.287424333
LOC112047401,akirin-like,AKIRIN2,8959.384487,-0.549952157,3.79E-10,0.549952157
LOC112058192,histidine-rich glycoprotein-like,Cpr62Bc,27.30420303,8.348326459,4.01E-10,-8.348326459
LOC112052252,transcription factor Adf-1-like,LOC112052252,238.7336896,-1.079156252,4.05E-10,1.079156252
LOC112047229,transcription initiation factor IIA subunit 2,TfIIA-S,703.0553202,0.84444868,4.07E-10,-0.84444868
LOC112054150,DENN domain-containing protein Crag,Crag,2164.933525,-0.498874939,4.17E-10,0.498874939
LOC112055186,melanotransferrin,Tsf2,497.6211199,-1.861674836,4.36E-10,1.861674836
LOC112056127,sex-lethal homolog,PUF60,125.2535174,-1.309756082,4.71E-10,1.309756082
LOC112042898,GATA zinc finger domain-containing protein 4-like,LOC112042898,24.54731167,8.187339621,4.73E-10,-8.187339621
LOC112055727,dipeptidyl peptidase 3 isoform X1,DppIII,5689.954753,-0.515028083,4.73E-10,0.515028083
LOC112053201,lipid storage droplets surface-binding protein 2 isoform X1,LOC112053201,2373.0057,-0.794578417,4.92E-10,0.794578417
LOC112055301,hepatocyte nuclear factor 6 isoform X2,onecut,36.62289453,-3.180351526,4.92E-10,3.180351526
LOC112050542,viral IAP-associated factor homolog,viaf,1214.314789,1.165381242,4.93E-10,-1.165381242
LOC112053921,CWF19-like protein 2 homolog,CG9213,614.0340429,-0.768885858,5.10E-10,0.768885858
LOC112053519,cytochrome b561 domain-containing protein 2-like,LOC112053519,446.0775223,0.993357487,5.16E-10,-0.993357487
LOC112055066,isochorismatase domain-containing protein 1-like isoform X2,CG3663,399.7656051,1.263183973,5.17E-10,-1.263183973
LOC112046005,somatomedin-B and thrombospondin type-1 domain-containing protein,CG42339,472.4793625,-1.850848571,5.19E-10,1.850848571
LOC112053284,myosin-IA,Myo1A,369.4509098,-1.979184596,5.28E-10,1.979184596
LOC112045196,uncharacterized protein LOC112045196,LOC112045196,101.2595066,-2.803385355,5.28E-10,2.803385355
LOC112052097,gamma-glutamylcyclotransferase-like,CG4306,254.8176192,1.018441663,5.29E-10,-1.018441663
LOC112054801,probable ATP-dependent RNA helicase CG8611,CG8611,998.5650945,1.201036177,5.36E-10,-1.201036177
LOC112047632,remodeling and spacing factor 1,CG8677,2742.928046,-0.508607237,5.39E-10,0.508607237
LOC112056129,transcriptional regulator ATRX homolog,XNP,203.1426325,-1.226632522,5.43E-10,1.226632522
LOC112056132,prohibitin-2,Phb2,4307.891772,0.666143175,5.48E-10,-0.666143175
LOC112047477,uncharacterized LOC106124082,LOC112047477,1070.796124,0.889519792,5.51E-10,-0.889519792
LOC112044921,NA,NA,983.1238495,-1.008097998,5.54E-10,1.008097998
LOC112054439,cyclic nucleotide-gated cation channel beta-3 isoform X1,CngB,41.41151984,-3.661878817,5.54E-10,3.661878817
LOC112043948,dnaJ homolog subfamily C member 1,CG7556,642.3111033,0.660582162,5.71E-10,-0.660582162
LOC112043225,protein EFR3 homolog cmp44E isoform X1,stmA,707.310537,0.732908916,5.84E-10,-0.732908916
LOC112050640,myeloid leukemia factor isoform X2,Mlf,382.1437464,-0.893467506,5.87E-10,0.893467506
LOC112043416,longitudinals lacking protein-like isoform X1,lola,4823.987678,0.605039672,5.92E-10,-0.605039672
LOC112043892,fibroblast growth factor receptor substrate 2,CG13398,101.3024326,-1.636720046,5.92E-10,1.636720046
LOC112046104,myogenesis-regulating glycosidase isoform X2,CG33080,87.7360433,-2.247368321,5.95E-10,2.247368321
LOC112054230,"28S ribosomal protein S11, mitochondrial",mRpS11,320.3522249,0.885689018,5.95E-10,-0.885689018
LOC112043078,transmembrane protein 127-like,LOC112043078,433.1861219,0.978003174,6.01E-10,-0.978003174
LOC112048271,neural/ectodermal development factor IMP-L2-like,ImpL2,34.04379692,4.258843809,6.14E-10,-4.258843809
LOC112054387,Leucine-rich repeat-containing protein 68,CG31635,366.6064914,-1.152629302,6.17E-10,1.152629302
LOC112047180,transmembrane protein 209,CG6479,826.8979381,-1.492111735,6.20E-10,1.492111735
LOC112051207,60S ribosome subunit biogenesis protein NIP7 homolog,CG7006,603.4817294,0.928511264,6.31E-10,-0.928511264
LOC112058023,store-operated calcium entry regulator STIMATE-like,LOC112058023,165.2290701,1.222854245,6.46E-10,-1.222854245
LOC112046720,serine/arginine repetitive matrix protein 1 isoform X1,Srrm1,10312.82471,-0.512840126,6.54E-10,0.512840126
LOC112047754,GATA zinc finger domain-containing protein 14-like,LOC112047754,122.2272861,-1.979012361,6.54E-10,1.979012361
LOC112045032,ankyrin repeat domain-containing protein 13D,CG15118,264.0218055,-0.885998776,6.68E-10,0.885998776
LOC112050546,integrator complex subunit 1,LOC112050546,265.6701474,-1.018319047,6.78E-10,1.018319047
LOC112045053,UDP-xylose and UDP-N-acetylglucosamine transporter,Efr,1080.659567,0.992709056,6.85E-10,-0.992709056
LOC112048168,uncharacterized protein LOC112048168,LOC112048168,294.7353205,-1.051341513,6.86E-10,1.051341513
LOC112050151,TFIIH basal transcription factor complex helicase XPD subunit,Xpd,1448.734606,-0.903010976,6.91E-10,0.903010976
LOC112047358,mediator of RNA polymerase II transcription subunit 29,ix,294.377634,-0.887973859,6.92E-10,0.887973859
LOC112047775,glutamic acid-rich protein-like,CG32176,711.4822002,-0.752488438,7.01E-10,0.752488438
LOC112048077,acylamino-acid-releasing enzyme-like isoform X1,LOC112048077,1616.644169,-0.908082962,7.49E-10,0.908082962
LOC112045103,arylphorin subunit beta-like,Lsp1gamma,3344.112369,7.556028826,7.54E-10,-7.556028826
LOC112045276,dual specificity protein phosphatase 23-like,LOC112045276,78.5673919,4.641683985,7.55E-10,-4.641683985
LOC112056995,BAX35240.1 outer kinetochore Spc24,LOC112056995,414.9156218,-3.993876774,7.58E-10,3.993876774
LOC112057672,aprataxin and PNK-like factor isoform X2,LOC112057672,233.0771631,-0.940267132,7.73E-10,0.940267132
LOC112046715,tyrosine-protein kinase hopscotch,hop,465.4903381,-1.391651394,7.73E-10,1.391651394
LOC112043377,phosphatidylinositol-binding clathrin assembly protein LAP isoform X1,lap,3526.276812,0.688148957,7.85E-10,-0.688148957
LOC112045889,uncharacterized protein LOC112045889,CG3655,5640.150897,0.765310493,8.00E-10,-0.765310493
LOC112052224,serine/threonine-protein phosphatase 4 regulatory subunit 2,PPP4R2r,1591.613166,-0.820093426,8.10E-10,0.820093426
LOC112052636,V-type proton ATPase 116 kDa subunit a isoform X1,Vha100-1,4021.757491,0.979614524,8.18E-10,-0.979614524
LOC112057353,ATP-dependent helicase brm,brm,1000.580796,-0.900342738,8.19E-10,0.900342738
LOC112047204,transforming acidic coiled-coil-containing protein 3-like,LOC112047204,1731.785094,0.848641898,8.38E-10,-0.848641898
LOC112047996,lysophospholipase-like protein 1,CG6567,330.7060652,0.896411483,8.61E-10,-0.896411483
LOC112046981,zonadhesin-like isoform X1,LOC112046981,48.92136668,3.760593062,8.63E-10,-3.760593062
LOC112049522,poly(A)-specific ribonuclease PARN-like isoform X1,LOC112049522,879.5027191,-0.694989441,8.65E-10,0.694989441
LOC112058531,protein Wnt-6,Wnt6,441.4060283,2.273624212,8.73E-10,-2.273624212
LOC112052258,protein SDA1 homolog,Mys45A,1688.077908,0.902832017,8.76E-10,-0.902832017
LOC112048124,transmembrane protein 104 homolog,CG5262,301.3677602,1.034700792,8.83E-10,-1.034700792
LOC112045101,palmitoyltransferase ZDHHC23,GABPI,491.3615342,0.90127786,8.90E-10,-0.90127786
LOC112049406,pre-mRNA-splicing factor Slu7,Slu7,1403.333918,0.636900759,9.01E-10,-0.636900759
LOC112056276,ecdysone 20-monooxygenase,Cyp314a1,186.3391597,-2.857065152,9.51E-10,2.857065152
LOC112049677,putative inorganic phosphate cotransporter,dmGlut,964.8409357,1.47176107,9.80E-10,-1.47176107
LOC112048402,separin isoform X2,Sse,565.2354331,-2.589262981,9.84E-10,2.589262981
LOC112046602,uncharacterized protein LOC112046602,LOC112046602,291.4299277,2.103648438,9.84E-10,-2.103648438
LOC112048885,F-box/LRR-repeat protein 4 isoform X1,Fbxl4,352.0957932,-1.216231428,9.84E-10,1.216231428
LOC112046065,PAX-interacting protein 1-like,Ptip,1920.51597,-0.786968668,9.91E-10,0.786968668
LOC112050835,ubiquitin-conjugating enzyme E2 S,CG8188,462.8668568,-1.111478848,9.91E-10,1.111478848
LOC112046498,signal recognition particle 9 kDa protein,Srp9,699.5665342,1.04936271,9.92E-10,-1.04936271
LOC112055090,glycine-rich protein 5-like,LOC112055090,36.73621483,7.030535295,1.00E-09,-7.030535295
LOC112049525,protein penguin,pen,2092.773085,0.751277103,1.01E-09,-0.751277103
LOC112054852,MATH and LRR domain-containing protein PFE0570w-like,CG34398,2681.885902,1.10424367,1.01E-09,-1.10424367
LOC112058560,kinesin-associated protein 3,Kap3,1392.383432,0.572220329,1.02E-09,-0.572220329
LOC112057998,fanconi-associated nuclease 1-like,LOC112057998,444.8055434,-1.431642273,1.04E-09,1.431642273
LOC112045693,uncharacterized protein LOC112045693,LOC112045693,94.61617102,-1.489862702,1.07E-09,1.489862702
LOC112052229,repressor of RNA polymerase III transcription MAF1 homolog,Maf1,2748.616496,-0.795897102,1.08E-09,0.795897102
LOC112050254,coiled-coil domain-containing protein 102A,CG31638,436.3681624,-0.726570945,1.10E-09,0.726570945
LOC112048567,dual specificity protein phosphatase Mpk3 isoform X1,Mkp3,439.6933784,-1.212666051,1.13E-09,1.212666051
LOC112056920,androgen-dependent TFPI-regulating protein-like,LOC112056920,687.3569453,3.5454331,1.13E-09,-3.5454331
LOC112051071,uncharacterized LOC106124846 precursor,dyl,1698.287463,4.714751312,1.14E-09,-4.714751312
LOC112043519,KRR1 small subunit processome component homolog,dbe,709.9108423,0.983306387,1.16E-09,-0.983306387
LOC112052537,zinc finger protein 91-like,LOC112052537,151.9747724,-1.172492689,1.18E-09,1.172492689
LOC112046573,nose resistant to fluoxetine protein 6-like,CG3106,553.7785156,2.096808637,1.19E-09,-2.096808637
LOC112046026,luciferin 4-monooxygenase-like,CG6178,64.72485203,2.812406417,1.20E-09,-2.812406417
LOC112043812,NADH dehydrogenase [ubiquinone] 1 beta subcomplex subunit 1,LOC112043812,1124.384819,0.977142748,1.22E-09,-0.977142748
LOC112049347,prolactin regulatory element-binding protein,CG9175,1007.9196,0.763987857,1.23E-09,-0.763987857
LOC112055216,GTP-binding protein rho1-like isoform X2,RhoBTB,3002.507766,-1.088541514,1.23E-09,1.088541514
LOC112056937,4F2 cell-surface antigen heavy chain isoform X1,CD98hc,1958.09313,1.037284541,1.26E-09,-1.037284541
LOC112052592,E3 ubiquitin-protein ligase rififylin,CG17019,1720.765235,-0.428529936,1.28E-09,0.428529936
LOC112050844,Niemann-Pick C1 protein isoform X2,Npc1a,5679.461847,0.617080974,1.31E-09,-0.617080974
LOC112044313,E3 ubiquitin-protein ligase synoviolin,sip3,1211.378017,0.509249826,1.33E-09,-0.509249826
LOC112044123,tetratricopeptide repeat protein 7B,Ttc7,1213.598054,1.225691688,1.38E-09,-1.225691688
LOC112049849,SOSS complex subunit B homolog,CG5181,740.8059902,-0.907319495,1.39E-09,0.907319495
LOC112055102,mitochondrial import receptor subunit TOM70,Tom70,1051.223715,0.586815949,1.39E-09,-0.586815949
LOC112052508,transmembrane protein 199,CG7071,1016.478619,0.700155157,1.44E-09,-0.700155157
LOC112049474,NFYB/HAP3 family transcription factor subunit,His2B:CG33868,404.9082724,-2.37087044,1.46E-09,2.37087044
LOC112051834,"60 kDa heat shock protein, mitochondrial-like",Hsp60A,8549.51931,0.812333352,1.47E-09,-0.812333352
LOC112050277,OWR46343.1 putative limbic system-associated membrane protein precursor,dpr13,91.55631844,3.131019264,1.51E-09,-3.131019264
LOC112054291,elongation factor 1-alpha,eEF1alpha1,257022.5135,0.64405764,1.53E-09,-0.64405764
LOC112048697,rab proteins geranylgeranyltransferase component A 1,Rep,4740.314453,-0.483107234,1.54E-09,0.483107234
LOC112044558,inactive pancreatic lipase-related protein 1-like,CG17292,96.51772003,2.394385122,1.57E-09,-2.394385122
LOC112051034,anaphase-promoting complex subunit 4,APC4,501.6251747,-1.039559827,1.59E-09,1.039559827
LOC112045605,vitellin-degrading protease-like,alphaTry,60.48490297,9.491145921,1.61E-09,-9.491145921
LOC112043234,long-chain fatty acid transport protein 1-like,Fatp3,682.4133748,-0.844880246,1.62E-09,0.844880246
LOC112056557,histone-arginine methyltransferase CARMER,CARM1,2008.778581,-0.874019624,1.64E-09,0.874019624
LOC112049345,laminin subunit alpha-1,wb,2889.178731,0.701341731,1.65E-09,-0.701341731
LOC112053485,calumenin-B,scf,1035.183114,-1.028006976,1.73E-09,1.028006976
LOC112049334,sodium/potassium-transporting ATPase subunit beta-2-like,nrv2,1152.463216,-0.86235888,1.74E-09,0.86235888
LOC112048537,myosin-11-like isoform X1,LOC112048537,166.9155387,-3.02326956,1.75E-09,3.02326956
LOC112046565,inositol monophosphatase 1,CG9391,468.3742556,1.145453609,1.79E-09,-1.145453609
LOC112044498,basic juvenile hormone-suppressible protein 1-like,Lsp1alpha,4586.991772,6.951843614,1.80E-09,-6.951843614
LOC112058170,60S acidic ribosomal protein P0,RpLP0,48546.97449,0.393348979,1.81E-09,-0.393348979
LOC112049882,zinc finger protein 382-like isoform X1,l(3)neo38,366.3539131,-0.952843519,1.85E-09,0.952843519
LOC112049567,lysosomal alpha-mannosidase-like,LManII,621.6489796,-1.497411715,1.88E-09,1.497411715
LOC112049055,G protein-activated inward rectifier potassium channel 3-like isoform X1,Irk2,32.2152441,3.50499841,1.92E-09,-3.50499841
LOC112053049,uncharacterized protein C1orf112 homolog,LOC112053049,133.5931612,-1.762725637,1.94E-09,1.762725637
LOC112050289,piggyBac transposable element-derived protein 4-like,PGBD4,206.3885097,-1.240528016,1.95E-09,1.240528016
LOC112049538,cytokine receptor,DOME,939.456622,-1.49887356,2.01E-09,1.49887356
LOC112050729,two pore calcium channel protein 1-like isoform X3,LOC112050729,257.6067098,-1.059157392,2.02E-09,1.059157392
LOC112043293,NA,NA,1727.913499,-0.583725108,2.04E-09,0.583725108
LOC112053913,leucine-rich repeat-containing protein 58,CG32687,201.314267,1.658495284,2.05E-09,-1.658495284
LOC112046357,mediator of RNA polymerase II transcription subunit 23,MED23,502.1540393,-1.110983606,2.06E-09,1.110983606
LOC112043420,FAD-linked sulfhydryl oxidase ALR,Alr,171.1406998,1.073513015,2.08E-09,-1.073513015
LOC112048053,"tyrosine--tRNA ligase, cytoplasmic",Aats-tyr,2389.62727,0.844853455,2.09E-09,-0.844853455
LOC112054152,mitochondrial inner membrane protein OXA1L,OXA1L,764.6907347,0.923004724,2.09E-09,-0.923004724
LOC112056133,NADH dehydrogenase,CG11752,610.7740655,0.935185372,2.09E-09,-0.935185372
LOC112053595,homocysteine-responsive endoplasmic reticulum-resident ubiquitin-like domain member 2 protein,Herp,315.1382851,-1.191864425,2.11E-09,1.191864425
LOC112055495,centrosomal protein of 152 kDa-like,asl,616.3999889,-0.839454616,2.16E-09,0.839454616
LOC112045982,pH-response regulator protein palI/prr-5,LOC112045982,198.8114618,4.155937299,2.18E-09,-4.155937299
LOC112050695,uncharacterized protein LOC112050695 isoform X2,LOC112050695,419.1297098,-2.567304663,2.19E-09,2.567304663
LOC112053034,DNA excision repair protein ERCC-1,Ercc1,206.6639135,-1.406583054,2.21E-09,1.406583054
LOC112044637,DNA damage-binding protein 1,LOC112044637,180.7271117,-2.390080585,2.22E-09,2.390080585
LOC112045138,trypsin-like,teq,33.13263392,7.659338362,2.28E-09,-7.659338362
LOC112046506,BRISC complex subunit FAM175B-like,LOC112046506,763.9993107,0.610721134,2.31E-09,-0.610721134
LOC112052812,histidine triad nucleotide-binding protein 1-like,HINT1,448.2330791,-0.778124849,2.36E-09,0.778124849
LOC112047314,eukaryotic translation initiation factor 2A,CG7414,1696.381282,0.737501666,2.37E-09,-0.737501666
LOC112053824,"lipoyltransferase 1, mitochondrial isoform X1",CG44243,1281.220626,0.909428185,2.42E-09,-0.909428185
LOC112049943,serine/threonine-protein phosphatase 4 catalytic subunit,Pp4-19C,809.0156464,-0.898070571,2.43E-09,0.898070571
LOC112047164,SUMO-activating enzyme subunit 1,Aos1,1782.612548,-0.890493546,2.56E-09,0.890493546
LOC112054235,Tubulin gamma-1 chain,TUBG1,607.160953,-1.386225172,2.57E-09,1.386225172
LOC112043468,peroxiredoxin,TPX3,2487.918979,-0.868978102,2.59E-09,0.868978102
LOC112057986,lipoma-preferred partner homolog,Zyx,598.7247775,1.00912676,2.61E-09,-1.00912676
LOC112054938,aquaporin AQPAe.a isoform X2,LOC112054938,507.1989174,-1.084708045,2.65E-09,1.084708045
LOC112049644,OWR43864.1 Serine protease H164,scaf,39562.23108,5.012267435,2.66E-09,-5.012267435
LOC112056260,eukaryotic translation initiation factor 3 subunit B,eIF3-S9,11884.47027,0.70249979,2.69E-09,-0.70249979
LOC112043589,chymotrypsin-like elastase family member 2A,CG9372,113.0681216,-3.281086351,2.70E-09,3.281086351
LOC112053771,pseudouridine-metabolizing bifunctional protein C1861.05,CG2794,146.346166,-2.66078889,2.74E-09,2.66078889
LOC112044477,uncharacterized protein LOC112044477,CG42788,631.9391349,1.046405087,2.74E-09,-1.046405087
LOC112051835,general vesicular transport factor p115,p115,1055.633618,0.597486855,2.76E-09,-0.597486855
LOC112045921,carboxypeptidase D-like isoform X1,svr,3826.528917,0.643811559,2.78E-09,-0.643811559
LOC112057170,frizzled-2,GPRFZ2,400.6850148,-1.712823819,2.78E-09,1.712823819
LOC112044972,3-phosphoinositide-dependent protein kinase 1 isoform X2,Pdk1,3654.6001,-0.788114379,2.82E-09,0.788114379
LOC112058564,UPF0184 protein AAEL002161,LOC112058564,529.5583242,0.787300124,2.82E-09,-0.787300124
LOC112045257,"dihydrolipoyllysine-residue acetyltransferase component of pyruvate dehydrogenase complex, mitochondrial isoform X2",muc,628.598044,1.078452705,2.85E-09,-1.078452705
LOC112047051,CD109 antigen,Tep6,3917.928553,-0.521504273,2.94E-09,0.521504273
LOC112053214,protein king tubby,ktub,272.6803905,-1.264481368,2.94E-09,1.264481368
LOC112058263,dedicator of cytokinesis protein 9,Ziz,1095.050819,-0.785941766,2.94E-09,0.785941766
LOC112046653,cadherin-99C,Cad99C,4206.598796,1.188258766,2.94E-09,-1.188258766
LOC112047007,epidermal growth factor receptor kinase substrate 8-like protein 1 isoform X2,aru,3767.39458,0.483281516,3.05E-09,-0.483281516
LOC112053658,RNA-binding protein 12,CG7879,1029.559481,-0.91203669,3.05E-09,0.91203669
LOC112050287,DNA topoisomerase 1-like,LOC112050287,203.3098607,-2.082905081,3.08E-09,2.082905081
LOC112043634,uncharacterized protein LOC112043634,LOC112043634,1476.173134,-0.533480983,3.11E-09,0.533480983
LOC112046566,nose resistant to fluoxetine protein 6-like,drd,53.22278981,4.906459705,3.12E-09,-4.906459705
LOC112056041,mitochondrial coenzyme A transporter SLC25A42,DPCoAC,545.0192063,1.240291664,3.12E-09,-1.240291664
LOC112044667,importin-11 isoform X1,Ranbp11,1115.861107,0.575148162,3.14E-09,-0.575148162
LOC112048232,target of rapamycin complex subunit lst8,Lst8,335.1450799,-0.734895415,3.16E-09,0.734895415
LOC112050708,transmembrane protein 134,CG12025,2033.905605,-0.526650539,3.18E-09,0.526650539
LOC112054932,embryonic stem cell-specific 5-hydroxymethylcytosine-binding protein,CG11986,52.24343382,-3.218187148,3.20E-09,3.218187148
LOC112053343,Rho guanine nucleotide exchange factor 10,CG43658,1651.674407,-0.617202002,3.25E-09,0.617202002
LOC112058329,uncharacterized protein LOC112058329 isoform X1,CG15186,74.20459959,1.931526352,3.26E-09,-1.931526352
LOC112055554,alpha-methylacyl-CoA racemase,Amacr,467.7456112,1.05960464,3.30E-09,-1.05960464
LOC112043267,uncharacterized protein C9orf85 homolog,CG8675,642.4845449,1.32058712,3.36E-09,-1.32058712
LOC112053936,UDP-N-acetylglucosamine transporter isoform X1,Csat,1293.440724,0.704545056,3.36E-09,-0.704545056
LOC112046705,hemicentin-1 isoform X4,nrm,334.0587754,-3.265820847,3.36E-09,3.265820847
LOC112048681,sorting nexin-20,Snx21,209.0808917,1.074873074,3.37E-09,-1.074873074
LOC112044115,uncharacterized protein LOC112044115,galene,27.80078733,4.445472715,3.37E-09,-4.445472715
LOC112047883,zinc finger CCCH domain-containing protein 15 homolog,CG8635,2153.277743,0.643179785,3.38E-09,-0.643179785
LOC112058306,intraflagellar transport protein 122 homolog,Oseg1,169.0992969,-1.731206112,3.38E-09,1.731206112
LOC112050552,zinc finger protein 567-like isoform X1,LOC112050552,388.5000709,-0.869155994,3.51E-09,0.869155994
LOC112046522,uncharacterized protein LOC112046522 isoform X3,LOC112046522,67.81627686,-1.626670552,3.61E-09,1.626670552
LOC112058540,"28S ribosomal protein S14, mitochondrial",mRpS14,548.2119182,0.90580734,3.69E-09,-0.90580734
LOC112047071,pescadillo homolog,CG4364,5015.763589,0.767892042,3.69E-09,-0.767892042
LOC112056876,probable cytochrome P450 9f2,Cyp9f2,108.698564,-1.80788452,3.72E-09,1.80788452
LOC112053444,jmjC domain-containing histone demethylation protein 1 isoform X1,Kdm2,1601.429781,-0.631024227,3.73E-09,0.631024227
LOC112052027,scavenger receptor class B member 1-like,SCRB7,54.62535092,6.899557063,3.74E-09,-6.899557063
LOC112043580,cell division cycle protein 16 homolog,Cdc16,221.5344896,-1.261901483,3.79E-09,1.261901483
LOC112044871,protein decapentaplegic,dpp,905.1029464,0.965810763,3.79E-09,-0.965810763
LOC112054848,uncharacterized protein C12orf73 homolog,LOC112054848,363.6796746,1.613614197,3.85E-09,-1.613614197
LOC112043285,E3 SUMO-protein ligase RanBP2-like,Nup358,5680.584534,-0.637773677,3.89E-09,0.637773677
LOC112045350,"39S ribosomal protein L41, mitochondrial",mRpL41,485.3016549,0.874240504,3.94E-09,-0.874240504
LOC112054858,integrator complex subunit 1,IntS1,1260.735702,-0.778648525,3.95E-09,0.778648525
LOC112058625,titin homolog,LOC112058625,8664.032979,1.132827587,4.01E-09,-1.132827587
LOC112053785,gastrula zinc finger protein XlCGF26.1-like,LOC112053785,208.6300976,-0.878853674,4.09E-09,0.878853674
LOC112046694,cytochrome b5-like,cytb5,1376.472321,1.799845177,4.15E-09,-1.799845177
LOC112054803,nucleoside diphosphate kinase,awd,18507.7353,0.726947253,4.24E-09,-0.726947253
LOC112044479,cytochrome P450 6B6-like,Cyp6a2,36.51403104,-4.355925404,4.45E-09,4.355925404
LOC112043397,unconventional myosin-IXb,Myo20,1478.091522,0.724328345,4.47E-09,-0.724328345
LOC112049026,protein kinase C and casein kinase substrate in neurons protein 1 isoform X1,Synd,495.2094562,1.316840322,4.59E-09,-1.316840322
LOC112044751,phosphoribosyl pyrophosphate synthase-associated protein 2 isoform X1,CG2246,3024.701565,0.673664872,4.61E-09,-0.673664872
LOC112047066,dolichyl-diphosphooligosaccharide--protein glycosyltransferase subunit 4,CG33774,721.7670838,0.827820303,4.62E-09,-0.827820303
LOC112050142,RNA-binding protein NOB1,CG2972,1529.174353,0.869242221,4.79E-09,-0.869242221
LOC112047675,NA,NA,506.4124172,1.161963297,4.82E-09,-1.161963297
LOC112056501,zinc finger protein 91-like,LOC112056501,157.9999633,-1.25561608,4.89E-09,1.25561608
LOC112045868,deformed epidermal autoregulatory factor 1 isoform X2,Deaf1,383.1635041,-0.742238518,4.91E-09,0.742238518
LOC112049909,bromodomain-containing protein 7 isoform X2,CG7154,826.0706666,-0.822473878,5.02E-09,0.822473878
LOC112043282,pantothenate kinase 4,CG5828,609.5618806,0.590146604,5.04E-09,-0.590146604
LOC112056702,retinaldehyde-binding protein 1-like,CG10657,3450.325771,7.559195105,5.11E-09,-7.559195105
LOC112053243,coiled-coil domain-containing protein 85C-B,Ccdc85,1030.29546,-0.802571073,5.23E-09,0.802571073
LOC112051885,insulin-like growth factor-binding protein complex acid labile subunit,trn,426.4754026,1.288202399,5.25E-09,-1.288202399
LOC112055430,"complement component 1 Q subcomponent-binding protein, mitochondrial",P32,2062.652107,0.880559228,5.26E-09,-0.880559228
LOC112055410,uncharacterized oxidoreductase SERP2049-like,CG31548,203.3049226,-4.089471019,5.42E-09,4.089471019
LOC112049984,eukaryotic translation initiation factor 3 subunit C,eIF3-S8,8653.513019,0.602747972,5.43E-09,-0.602747972
LOC112052776,putative phosphatidate phosphatase,wun,55.4318585,2.385765006,5.46E-09,-2.385765006
LOC112058210,Cuticle protein 19,Cpr62Bc,19.27606824,7.835905589,5.53E-09,-7.835905589
LOC112058187,cuticle protein 7-like,Cpr62Bc,71.21957248,8.792837465,5.59E-09,-8.792837465
LOC112049115,Protein Jumonji,Jarid2,1048.072435,-0.988259996,5.66E-09,0.988259996
LOC112057673,translin-associated protein X,Trax,869.6867911,-0.669784982,5.82E-09,0.669784982
LOC112044470,uncharacterized LOC106108503 precursor,CG14397,28.54715712,5.531692597,5.86E-09,-5.531692597
LOC112053151,balbiani ring protein 3-like isoform X1,LOC112053151,22.10717703,7.979009532,5.90E-09,-7.979009532
LOC112046505,brain tumor protein,mei-P26,596.6017068,-1.007621645,6.01E-09,1.007621645
LOC112049930,uncharacterized F-box/LRR-repeat protein C02F5.7-like,LOC112049930,571.7495618,-0.675646,6.02E-09,0.675646
LOC112057955,aminoacyl tRNA synthase complex-interacting multifunctional protein 1,AIMP1,751.436936,0.695672221,6.09E-09,-0.695672221
LOC112056063,glycine--tRNA ligase,Aats-gly,3105.019153,0.948479744,6.12E-09,-0.948479744
LOC112052021,"isocitrate dehydrogenase [NAD] subunit gamma, mitochondrial-like",CG5028,890.4714256,0.971628003,6.12E-09,-0.971628003
LOC112054734,cytochrome P450 306a1,CYP306A1,139.2199977,1.334111706,6.32E-09,-1.334111706
LOC112055453,ribosome biogenesis protein BOP1 homolog,CG5033,3090.005464,0.69020467,6.41E-09,-0.69020467
LOC112044493,regucalcin-like,regucalcin,274.5896172,2.755413341,6.47E-09,-2.755413341
LOC112050613,signal-induced proliferation-associated 1-like protein 2,rad,440.4905298,-1.386446913,6.50E-09,1.386446913
LOC112043312,asparagine-rich zinc finger protein AZF1,CG4374,630.6911433,1.070961928,6.64E-09,-1.070961928
LOC112057674,lipopolysaccharide-induced tumor necrosis factor-alpha factor homolog,CG32280,267.0746837,1.43977237,6.67E-09,-1.43977237
LOC112048778,OWR45125.1 colorectal mutant cancer protein,CG34404,1137.50779,0.871795456,6.67E-09,-0.871795456
LOC112043155,nuclear pore complex protein Nup160 homolog,Nup160,1400.211262,-0.789562328,6.70E-09,0.789562328
LOC112048707,inosine-5'-monophosphate dehydrogenase,ras,2398.125381,0.896866623,6.90E-09,-0.896866623
LOC112049539,WASH complex subunit 1,wash,431.6868763,-1.454925413,7.09E-09,1.454925413
LOC112042941,transmembrane protein 214,CG33129,3490.73139,0.479152884,7.11E-09,-0.479152884
LOC112051483,TWiK family of potassium channels protein 9-like,CG43155,36.57979896,5.256704736,7.22E-09,-5.256704736
LOC112053080,A-kinase anchor protein 17A isoform X1,Xe7,1473.481894,-0.50561643,7.27E-09,0.50561643
LOC112052495,membrane-bound alkaline phosphatase-like,Alp9,25.500196,5.766383307,7.36E-09,-5.766383307
LOC112058497,protein dachsous,ds,2436.17933,-1.03312856,7.58E-09,1.03312856
LOC112048719,protein SPT2 homolog,CG5815,79.76647432,-1.941324049,7.60E-09,1.941324049
LOC112048538,protein deadpan,dpn,22.55679335,-3.241550999,7.68E-09,3.241550999
LOC112056401,uncharacterized protein LOC112056401,LOC112056401,72.62209582,8.759765458,7.80E-09,-8.759765458
LOC112046284,vacuolar protein sorting-associated protein 8 homolog,Vps8,549.6959627,-0.755468978,7.82E-09,0.755468978
LOC112053774,microsomal glutathione transferase,GST-mic1,225.8218124,1.811427769,7.92E-09,-1.811427769
LOC112044260,uncharacterized protein LOC112044260,LOC112044260,138.9321215,-1.234375528,8.04E-09,1.234375528
LOC112043429,mitotic checkpoint protein BUB3,Bub3,812.2648691,-0.67203065,8.06E-09,0.67203065
LOC112055416,ATP-dependent helicase brm,brm,1847.312273,-0.610030484,8.18E-09,0.610030484
LOC112047143,transient receptor potential cation channel trpm isoform X2,TRPM,789.9324046,-0.926509408,8.20E-09,0.926509408
LOC112049373,Krueppel-like factor luna,LOC112049373,36.71180697,-2.5421844,8.22E-09,2.5421844
LOC112055197,"iron-sulfur cluster assembly 1 homolog, mitochondrial",MagR,471.018433,0.876170888,8.25E-09,-0.876170888
LOC112044988,cuticle protein 18.7-like,LOC112044988,36.48308046,-7.85576067,8.26E-09,7.85576067
LOC112046962,putative G-protein coupled receptor 158,CG31195,2339.951539,-0.428915053,8.39E-09,0.428915053
LOC112051380,phosphatidate phosphatase LPIN3 isoform X1,Lpin,589.0881035,-1.463958406,8.47E-09,1.463958406
LOC112048014,uncharacterized protein LOC112048014 isoform X1,CG14764,158.5675664,-1.446162086,8.51E-09,1.446162086
LOC112052046,prion-like-(Q/N-rich) domain-bearing protein 25,LOC112052046,186.833169,2.744125003,8.52E-09,-2.744125003
LOC112051341,circadian clock-controlled protein-like,LOC112051341,1322.390064,6.865573252,8.63E-09,-6.865573252
LOC112052493,alpha-tocopherol transfer protein-like,LOC112052493,1533.802706,2.347193835,8.64E-09,-2.347193835
LOC112055417,protein-serine O-palmitoleoyltransferase porcupine,por,576.2604352,-0.990130601,8.68E-09,0.990130601
LOC112044234,integrin alpha-9-like,LOC112044234,104.18188,-2.616925344,8.70E-09,2.616925344
LOC112051508,"serine hydroxymethyltransferase, cytosolic isoform X1",Shmt,1005.039652,-1.922544746,8.76E-09,1.922544746
LOC112046168,putative Y54G2A.42,LOC112046168,385.1681824,-2.126131393,8.78E-09,2.126131393
LOC112044672,transmembrane protease serine 9-like,Sp7,323.4047852,-1.752005425,8.88E-09,1.752005425
LOC112058164,cuticle protein 8-like,CG34461,827.430112,-7.336098427,8.88E-09,7.336098427
LOC112052290,elongation factor 1-beta',Ef1beta,21003.16382,0.656257357,8.92E-09,-0.656257357
LOC112057744,cuticular protein glycine-rich 21 precursor,LOC112057744,90.09279796,2.253521059,9.17E-09,-2.253521059
LOC112051181,MOB kinase activator-like 2 isoform X2,Mob2,685.7045064,0.887416788,9.46E-09,-0.887416788
LOC112045325,chitinase domain-containing protein 1,CG8460,810.3497864,-0.746344604,9.51E-09,0.746344604
LOC112049934,"phosphorylase b kinase gamma catalytic chain, skeletal muscle/heart isoform isoform X1",PhKgamma,429.2021977,0.757951153,9.66E-09,-0.757951153
LOC112052141,inositol hexakisphosphate and diphosphoinositol-pentakisphosphate kinase isoform X1,l(1)G0196,3797.629951,-0.3820802,9.79E-09,0.3820802
LOC112057649,NA,NA,75.69412911,7.955452159,9.83E-09,-7.955452159
LOC112048292,SET domain-containing protein SmydA-8-like isoform X2,SmydA-8,42.19200256,3.00220014,9.98E-09,-3.00220014
LOC112056821,NA,NA,75.91846912,-1.549601181,1.02E-08,1.549601181
LOC112045632,ecdysteroid 22-kinase,CG31288,69.35515455,2.181387576,1.05E-08,-2.181387576
LOC112045853,laminin subunit alpha,LanA,2130.10452,-1.115580972,1.06E-08,1.115580972
LOC112053680,SH3 domain-containing RING finger protein 3 isoform X1,POSH,760.8647746,-0.722249546,1.06E-08,0.722249546
LOC112049126,titin-like isoform X1,sls,332.7612693,3.360818564,1.06E-08,-3.360818564
LOC112052979,protein ST7 homolog,CG3634,169.0841532,-1.406973993,1.07E-08,1.406973993
LOC112047685,inner nuclear membrane protein Man1-like,MAN1,3835.890516,-0.484162445,1.09E-08,0.484162445
LOC112054271,fidgetin-like protein 1,Fign,252.3985353,-2.249300399,1.09E-08,2.249300399
LOC112052270,tRNA (guanine-N(7)-)-methyltransferase,CG4045,400.570823,1.004391527,1.10E-08,-1.004391527
LOC112049772,translation initiation factor eIF-2B subunit alpha,eIF2Balpha,572.3538015,0.896318535,1.11E-08,-0.896318535
LOC112043019,death-inducer obliterator 1 isoform X1,pps,4232.642512,-0.466629522,1.12E-08,0.466629522
LOC112054542,Conserved insect protein,CG13220,478.7751008,0.758107259,1.13E-08,-0.758107259
LOC112045277,dual specificity protein phosphatase 23-like,LOC112045277,35.73093566,4.842147647,1.13E-08,-4.842147647
LOC112048851,cleavage and polyadenylation specificity factor subunit 1,Cpsf160,1387.547843,-0.799390204,1.14E-08,0.799390204
LOC112053492,adipose triglyceride lipase,bmm,281.2190187,1.027103519,1.14E-08,-1.027103519
LOC112046639,trithorax group protein osa-like,osa,692.1286493,-0.963496682,1.15E-08,0.963496682
LOC112045007,transport and Golgi organization protein 1,Tango1,2814.074758,0.600197131,1.15E-08,-0.600197131
LOC112058096,neutral alpha-glucosidase AB,GCS2alpha,6313.103361,-0.666981695,1.16E-08,0.666981695
LOC112044423,neuronal acetylcholine receptor subunit beta-3-like,LOC112044423,251.6005989,-1.822738959,1.19E-08,1.822738959
LOC112043408,fatty acid synthase,FASN1,1502.451673,-1.651396742,1.20E-08,1.651396742
LOC112045968,larval/pupal cuticle protein H1C-like,LOC112045968,5872.84082,5.520868768,1.27E-08,-5.520868768
LOC112053773,Microsomal glutathione S-transferase 1,GST-mic1,2133.363871,2.357908259,1.27E-08,-2.357908259
LOC112054236,cAMP-regulated phosphoprotein 19,endos,4444.558819,-0.740551714,1.28E-08,0.740551714
LOC112047169,glutathione S-transferase 1-like,GstD5,907.2964267,1.692470229,1.30E-08,-1.692470229
LOC112043803,chromatin complexes subunit BAP18-like isoform X1,CG33695,569.157416,-0.690043975,1.31E-08,0.690043975
LOC112052453,40S ribosomal protein S6,RpS6,45762.89844,0.532134923,1.31E-08,-0.532134923
LOC112049219,activating signal cointegrator 1 complex subunit 2,CG2701,713.8416888,0.496947588,1.31E-08,-0.496947588
LOC112049641,serine/threonine-protein kinase par-1,Sik3,2747.410842,-0.634521831,1.34E-08,0.634521831
LOC112049044,26S proteasome non-ATPase regulatory subunit 8,Rpn12,2387.816293,0.657791785,1.34E-08,-0.657791785
LOC112043926,solute carrier family 25 member 35-like isoform X1,CG18327,113.1457636,2.604638524,1.36E-08,-2.604638524
LOC112046840,Nuclease sbcCD subunit C,LOC112046840,31.38412113,-3.299430337,1.39E-08,3.299430337
LOC112049154,ubiquitin-like protein 3,UBL3,2233.919268,0.485754978,1.40E-08,-0.485754978
LOC112058604,anaphase-promoting complex subunit 5,ida,482.5885298,-0.836542809,1.43E-08,0.836542809
LOC112050748,protein FAM49A,CG32066,436.953507,-1.571850655,1.46E-08,1.571850655
LOC112043152,protein disulfide-isomerase TMX3,CG5027,1238.338709,0.611200629,1.47E-08,-0.611200629
LOC112045036,calpain-7-like isoform X1,sol,488.271412,0.752562451,1.48E-08,-0.752562451
LOC112046871,trafficking protein particle complex subunit 8,l(3)76BDm,1482.639841,0.61192103,1.48E-08,-0.61192103
LOC112045207,dual specificity protein phosphatase 14-like,CG15528,63.01523688,3.050794831,1.54E-08,-3.050794831
LOC112053836,epsilon-sarcoglycan isoform X1,Scgalpha,70.26398929,2.552713396,1.54E-08,-2.552713396
LOC112046403,adenine phosphoribosyltransferase,Aprt,258.2115941,1.618190412,1.55E-08,-1.618190412
LOC112050868,vacuolar protein-sorting-associated protein 25,Vps25,438.7418894,0.974484951,1.56E-08,-0.974484951
LOC112058500,integrin alpha-PS3-like,if,337.6205683,-2.33873688,1.58E-08,2.33873688
LOC112058377,sodium/potassium-transporting ATPase subunit alpha isoform X5,Atpalpha,6769.585838,-0.721629139,1.60E-08,0.721629139
LOC112052298,serine/threonine-protein kinase Tor-like,TOR,358.7921293,-0.94347587,1.60E-08,0.94347587
LOC112049743,uncharacterized protein LOC112049743 isoform X1,LOC112049743,51.35158873,-2.317006788,1.61E-08,2.317006788
LOC112057288,tyrosine-protein kinase Abl,Abl,559.1440954,-0.825245863,1.61E-08,0.825245863
LOC112044923,BUB3-interacting and GLEBS motif-containing protein ZNF207 isoform X1,BuGZ,3688.471796,0.490787597,1.63E-08,-0.490787597
LOC112054297,protein slowmo,slmo,3533.328622,0.708304184,1.65E-08,-0.708304184
LOC112056768,long-chain fatty acid transport protein 4-like,Fatp1,969.8528535,-0.786372525,1.65E-08,0.786372525
LOC112043609,protein unc-80 homolog,unc80,548.3570608,-0.805529887,1.65E-08,0.805529887
LOC112053376,soluble calcium-activated nucleotidase 1,CG5276,846.5312734,0.767824478,1.68E-08,-0.767824478
LOC112047079,uncharacterized protein LOC112047079,LOC112047079,162.7150189,-1.752893315,1.69E-08,1.752893315
LOC112043645,TKX27928.1 cuticular protein lCPAP1-B,CG14301,402.6442234,1.676249702,1.72E-08,-1.676249702
LOC112043419,cytosolic Fe-S cluster assembly factor NUBP1 homolog,CG17904,385.516844,1.021647617,1.75E-08,-1.021647617
LOC112052175,ubiquitin carboxyl-terminal hydrolase 3-like,Usp8,828.5226334,-0.786214827,1.81E-08,0.786214827
LOC112043711,pancreatic lipase-related protein 2,CG5966,87.83799374,-1.892548408,1.85E-08,1.892548408
LOC112054422,GATA zinc finger domain-containing protein 14-like isoform X2,LOC112054422,83.68598988,-1.350485446,1.88E-08,1.350485446
LOC112042864,transcription factor E2F2,E2f1,1261.793656,-0.723053263,1.91E-08,0.723053263
LOC112050561,proton-coupled amino acid transporter-like protein pathetic,CG8785,601.3780455,1.550264137,1.91E-08,-1.550264137
LOC112055658,thyroid receptor-interacting protein 11-like,Gmap,852.2061242,0.526663123,1.93E-08,-0.526663123
LOC112047156,protein wech,wech,275.8752557,-1.143323494,1.93E-08,1.143323494
LOC112048405,sarcoplasmic calcium-binding protein,CBP,1904.64845,-1.554192151,1.96E-08,1.554192151
LOC112058542,KPJ15189.1 Transmembrane protein C20orf108-like,CG17508,1283.861634,-0.487863,1.97E-08,0.487863
LOC112050359,breast cancer type 2 susceptibility protein homolog,Brca2,450.131709,-0.809682263,1.97E-08,0.809682263
LOC112046662,homeotic protein spalt-major-like isoform X1,sal,1516.331226,-0.938152636,1.97E-08,0.938152636
LOC112058102,seipin isoform X1,Seipin,94.39229638,-1.572508206,1.99E-08,1.572508206
LOC112058454,zinc finger protein 616-like,LOC112058454,103.2155152,-1.418779922,2.03E-08,1.418779922
LOC112043474,40S ribosomal protein S14,RpS14a,25207.26225,0.621939606,2.04E-08,-0.621939606
LOC112050770,"malate synthase, glyoxysomal-like",LOC112050770,137.800672,-1.625712809,2.09E-08,1.625712809
LOC112050692,cyclin G,CycG,1726.130318,0.69860287,2.12E-08,-0.69860287
LOC112053024,NA,NA,706.9160521,0.694805816,2.12E-08,-0.694805816
LOC112046564,chorion peroxidase-like isoform X2,CG42331,1300.586299,1.425297503,2.14E-08,-1.425297503
LOC112051628,putative sodium-coupled neutral amino acid transporter 10,CG30394,514.6656176,-0.88595527,2.18E-08,0.88595527
LOC112053135,chymotrypsin-like elastase family member 2A,CG30187,400.2512135,1.210503687,2.19E-08,-1.210503687
LOC112046182,enolase,Eno,6109.809672,0.704971493,2.22E-08,-0.704971493
LOC112055984,epidermal retinol dehydrogenase 2-like,Ldsdh1,24.98492929,5.789433963,2.24E-08,-5.789433963
LOC112057906,protein chiffon,chif,1303.002914,-0.570152493,2.30E-08,0.570152493
LOC112050329,histone acetyltransferase type B catalytic subunit,Hat1,424.6741776,-1.742173291,2.31E-08,1.742173291
LOC112045787,esterase FE4-like,CG10175,32.63261953,-3.118054584,2.32E-08,3.118054584
LOC112050923,"arginine--tRNA ligase, cytoplasmic",Aats-arg,2540.784038,0.697607581,2.32E-08,-0.697607581
LOC112058600,single-pass membrane and coiled-coil domain-containing protein 4,CG33169,1034.735877,0.820218532,2.33E-08,-0.820218532
LOC112046936,eclosion hormone,Eh,27.55507763,7.391070439,2.33E-08,-7.391070439
LOC112054182,probable ATP-dependent RNA helicase Dbp73D,Dbp73D,1193.390577,0.740825292,2.36E-08,-0.740825292
LOC112053501,histone-lysine N-methyltransferase SMYD3,Bzd,428.3608339,-0.715830637,2.39E-08,0.715830637
LOC112045408,facilitated trehalose transporter Tret1-like,CG6484,33.72815757,7.694513369,2.40E-08,-7.694513369
LOC112050336,WD40 repeat-containing protein SMU1,Smu1,742.063229,-0.548635366,2.43E-08,0.548635366
LOC112058460,ribonuclease H2 subunit B,CG11164,348.3380904,-2.118894872,2.43E-08,2.118894872
LOC112058161,cuticle protein 21-like,CG13670,29.03630495,8.455622168,2.45E-08,-8.455622168
LOC112052945,bromodomain and WD repeat-containing protein 1,BRWD3,444.8010506,-0.890345114,2.45E-08,0.890345114
LOC112046952,Transmembrane and TPR repeat-containing protein CG4050,Tmtc3,119.7438828,-1.101788995,2.46E-08,1.101788995
LOC112052590,probable G-protein coupled receptor Mth-like 1,mthl1,2071.666569,1.569080766,2.49E-08,-1.569080766
LOC112043858,aldo-keto reductase AKR2E4-like,CG12766,138.2495066,-2.915249927,2.51E-08,2.915249927
LOC112049431,spermine oxidase-like isoform X1,CG7460,19.77859463,3.444056628,2.53E-08,-3.444056628
LOC112053841,calcium-binding mitochondrial carrier protein SCaMC-2 isoform X3,SCaMC,432.2140181,0.891902119,2.53E-08,-0.891902119
LOC112056583,"aspartate--tRNA ligase, cytoplasmic",AspRS,86.54149911,3.975823318,2.56E-08,-3.975823318
LOC112051405,U7 snRNA-associated Sm-like protein LSm11,Lsm11,145.3898892,-1.072741638,2.58E-08,1.072741638
LOC112049597,MAM and LDL-receptor class A domain-containing protein 1-like,SCRC1,1046.190471,-1.832881377,2.64E-08,1.832881377
LOC112058576,phospholipid phosphatase 6 isoform X1,CG31717,471.519041,0.817897111,2.67E-08,-0.817897111
LOC112054225,dolichyl-diphosphooligosaccharide--protein glycosyltransferase subunit 2,LOC112054225,9021.579747,-0.478857433,2.68E-08,0.478857433
LOC112052572,uncharacterized protein LOC112052572,LOC112052572,134.0292975,1.961315458,2.72E-08,-1.961315458
LOC112051348,homeobox protein B-H1-like,B-H1,67.1846618,-3.465845126,2.73E-08,3.465845126
LOC112046169,protein Daple,Girdin,801.4599438,-0.748792072,2.75E-08,0.748792072
LOC112056303,"glucose dehydrogenase [FAD, quinone]",CG9503,207.1323229,3.00009615,2.76E-08,-3.00009615
LOC112049365,ADP-ribosylation factor-like protein 2,Arl2,1456.433226,0.956991923,2.83E-08,-0.956991923
LOC112051424,zinc finger protein 704,Glut4EF,294.1170366,1.864135758,2.83E-08,-1.864135758
LOC112057189,nuclear protein 1,CG6770,4323.736793,-1.462976025,2.88E-08,1.462976025
LOC112053522,histone-lysine N-methyltransferase KMT5B,Hmt4-20,553.3537077,-0.717726829,2.93E-08,0.717726829
LOC112043670,WD repeat-containing protein 26,CG7611,3005.662708,0.478676508,2.96E-08,-0.478676508
LOC112055407,protein O-GlcNAcase,Oga,501.0424885,-0.810830908,3.03E-08,0.810830908
LOC112054280,skin secretory protein xP2-like,Cpr97Ea,2144.245324,3.106788929,3.06E-08,-3.106788929
LOC112049990,histone deacetylase 8-like isoform X1,HDAC3,479.2792826,-1.081999085,3.09E-08,1.081999085
LOC112056147,cleavage and polyadenylation specificity factor subunit 5,Cpsf5,1951.955174,-0.481626979,3.09E-08,0.481626979
LOC112043028,KPJ08715.1 Zinc finger protein 40,shn,2782.754008,-0.574360149,3.09E-08,0.574360149
LOC112049082,phosphoenolpyruvate carboxykinase [GTP]-like isoform X2,Pepck,924.8296196,1.377167444,3.19E-08,-1.377167444
LOC112044006,AON96584.1 chitin binding protein,CG42749,1248.304082,2.54786465,3.27E-08,-2.54786465
LOC112045539,zinc finger protein 436-like isoform X1,LOC112045539,349.3896866,-1.117560672,3.33E-08,1.117560672
LOC112047053,DDB1- and CUL4-associated factor 10 homolog,LOC112047053,672.8011463,-0.804022699,3.35E-08,0.804022699
LOC112051075,"39S ribosomal protein L42, mitochondrial",mRpL42,384.7063262,0.955639351,3.35E-08,-0.955639351
LOC112045864,tyrosine-protein phosphatase non-receptor type 61F-like isoform X2,Ptp61F,757.8550754,-0.657141498,3.36E-08,0.657141498
LOC112050209,double-stranded RNA-binding protein Staufen homolog 2 isoform X1,stau,446.0447965,-1.031627222,3.43E-08,1.031627222
LOC112052566,tetratricopeptide repeat protein 14 homolog isoform X1,CG6621,7415.515978,-0.419222777,3.43E-08,0.419222777
LOC112047686,meiosis-specific nuclear structural protein 1-like,LOC112047686,236.5556426,-2.47261227,3.44E-08,2.47261227
LOC112052076,mediator of RNA polymerase II transcription subunit 1,MED1,954.5782693,-0.587735341,3.46E-08,0.587735341
LOC112047024,facilitated trehalose transporter Tret1-like,CG10960,113.7137674,2.316871025,3.47E-08,-2.316871025
LOC112047463,NA,NA,1088.231022,1.64642746,3.52E-08,-1.64642746
LOC112045674,NHP2-like protein 1,hoip,1691.953399,0.66783491,3.55E-08,-0.66783491
LOC112055963,deoxyribodipyrimidine photo-lyase,phr,313.4974717,-1.314404884,3.56E-08,1.314404884
LOC112044948,calcium/calmodulin-dependent protein kinase type 1,CaMKI,1256.056791,1.371462425,3.58E-08,-1.371462425
LOC112045019,uncharacterized protein LOC112045019 isoform X1,LOC112045019,251.3285401,-1.071521143,3.59E-08,1.071521143
LOC112056122,interference hedgehog-like,boi,5200.666183,-0.746432702,3.61E-08,0.746432702
LOC112050420,phosphoglycerate kinase,Pgk,2009.230189,0.752824009,3.70E-08,-0.752824009
LOC112055256,uncharacterized protein LOC112055256 isoform X2,CG31344,281.6895156,-0.993649657,3.72E-08,0.993649657
LOC112050569,GTP-binding protein REM 1-like,Rgk2,38.08976906,5.888966925,3.73E-08,-5.888966925
LOC112051833,tyrosine-protein phosphatase non-receptor type 13-like,cno,824.6442968,-0.646783993,3.73E-08,0.646783993
LOC112050305,larval cuticle protein A2B-like,Cpr92A,36.04340057,7.772809984,3.82E-08,-7.772809984
LOC112048358,transmembrane protein 205,CG32512,2122.699648,1.52669458,3.85E-08,-1.52669458
LOC112044675,heterogeneous nuclear ribonucleoprotein 27C isoform X1,LOC112044675,580.0621661,-1.04181625,3.86E-08,1.04181625
LOC112049829,protein krueppel-like,LOC112049829,220.6607577,-0.850176526,3.86E-08,0.850176526
LOC112054667,putative sodium-dependent multivitamin transporter,CG32669,31.12665254,3.466250725,3.97E-08,-3.466250725
LOC112048434,E3 ubiquitin-protein ligase TRIM37-like,LOC112048434,724.1465943,-0.933461522,4.00E-08,0.933461522
LOC112048863,S phase cyclin A-associated protein in the endoplasmic reticulum,ssp3,803.5237388,-0.638349346,4.02E-08,0.638349346
LOC112045567,uncharacterized protein LOC112045567,LOC112045567,627.3944022,1.430763193,4.05E-08,-1.430763193
LOC112046643,zonadhesin-like isoform X1,LOC112046643,45.18507435,4.074228719,4.08E-08,-4.074228719
LOC112045389,zinc finger protein 79-like isoform X3,LOC112045389,852.169284,-0.867555235,4.09E-08,0.867555235
LOC112045569,putative RNA-binding protein EEED8.10,LOC112045569,487.0183605,-1.001888812,4.12E-08,1.001888812
LOC112049717,uncharacterized protein LOC112049717,ova,738.6424007,-0.639928282,4.13E-08,0.639928282
LOC112047370,uncharacterized protein LOC112047370,CG32017,37.85930104,3.630345904,4.15E-08,-3.630345904
LOC112045176,uncharacterized protein LOC112045176 isoform X1,CG7201,149.1968296,3.646896334,4.16E-08,-3.646896334
LOC112055651,band 4.1-like protein 5,yrt,1290.108135,0.602288956,4.19E-08,-0.602288956
LOC112047869,phosphotriesterase-related protein,CG18473,89.78699006,-1.418638434,4.24E-08,1.418638434
LOC112045022,protein numb isoform X1,numb,1714.211009,-0.599601455,4.24E-08,0.599601455
LOC112053388,12 kDa FK506-binding protein-like,Fkbp12,1112.346179,1.048074593,4.25E-08,-1.048074593
LOC112052457,DNA repair protein complementing XP-C cells homolog,Xpc,421.99009,-0.880325606,4.26E-08,0.880325606
LOC112055759,flap endonuclease 1,Fen1,829.5317221,-1.809469744,4.37E-08,1.809469744
LOC112044235,tax1-binding protein 3 homolog,CG3402,263.9238017,0.854489909,4.40E-08,-0.854489909
LOC112057046,glutamate--cysteine ligase regulatory subunit,Gclm,404.5202209,0.905093798,4.53E-08,-0.905093798
LOC112047916,ER membrane protein complex subunit 2-like,EMC2A,1126.631679,0.445926516,4.59E-08,-0.445926516
LOC112057310,cuticle protein 16.5-like,LOC112057310,11908.45607,5.816721408,4.59E-08,-5.816721408
LOC112044716,"10 kDa heat shock protein, mitochondrial",CG11267,2206.40604,0.821517121,4.60E-08,-0.821517121
LOC112046752,"serine--tRNA ligase, cytoplasmic",SerRS,3182.360508,0.749011429,4.60E-08,-0.749011429
LOC112058562,ras-related protein Rab-14,Rab14,3940.917516,0.480207209,4.61E-08,-0.480207209
LOC112052488,dnaJ homolog subfamily B member 6 isoform X1,mrj,3267.249295,-0.582751565,4.75E-08,0.582751565
LOC112057761,leucine-rich repeat protein soc-2 homolog,Sur-8,1256.229027,-0.836953949,4.75E-08,0.836953949
LOC112047228,"dynein beta chain, ciliary-like",Dhc93AB,236.2348923,3.439557795,4.84E-08,-3.439557795
LOC112053910,modular serine protease-like,Sp212,1311.327351,-1.105776347,4.85E-08,1.105776347
LOC112042799,HIRA-interacting protein 3,LOC112042799,651.4704284,-0.755766537,4.88E-08,0.755766537
LOC112052988,RNA-binding protein cabeza-like isoform X1,caz,9427.976055,-0.874143868,4.88E-08,0.874143868
LOC112052884,5'-nucleotidase domain-containing protein 3,CG1814,312.3654839,1.772575454,4.95E-08,-1.772575454
LOC112050777,Oral-facial-digital syndrome 1 protein-like,LOC112050777,119.5590158,-1.838825082,4.95E-08,1.838825082
LOC112058522,titin-like isoform X2,LOC112058522,114.7854783,-1.554053643,4.95E-08,1.554053643
LOC112043808,paraplegin,Spg7,541.9717667,0.941423243,5.00E-08,-0.941423243
LOC112044020,dual specificity tyrosine-phosphorylation-regulated kinase 2,DYRK3,46.60994155,-2.406553003,5.09E-08,2.406553003
LOC112046272,uncharacterized protein C16orf52 homolog A,CG14182,1015.071938,0.458920264,5.10E-08,-0.458920264
LOC112051045,"ankyrin repeat, SAM and basic leucine zipper domain-containing protein 1",Gasz,419.6207477,-0.948186996,5.13E-08,0.948186996
LOC112049986,synaptosomal-associated protein 29,Snap29,1010.916304,0.686141836,5.25E-08,-0.686141836
LOC112051112,E3 ubiquitin-protein ligase MIB1,mib1,617.3258404,-0.568211467,5.28E-08,0.568211467
LOC112043157,WASH complex subunit 5,Strump,717.5302562,-0.607171339,5.35E-08,0.607171339
LOC112052723,phosphatidylinositol N-acetylglucosaminyltransferase subunit P,PIG-P,547.9953683,1.145092605,5.36E-08,-1.145092605
LOC112051305,probable N-acetyltransferase san,san,1132.384012,0.655796848,5.42E-08,-0.655796848
LOC112052029,coiled-coil domain-containing protein 51-like,LOC112052029,522.2590659,0.900274955,5.46E-08,-0.900274955
LOC112047254,E3 ubiquitin-protein ligase RNF25,CG13344,331.7068851,0.845530632,5.59E-08,-0.845530632
LOC112051199,uncharacterized protein LOC112051199,LOC112051199,526.0487697,-0.860542853,5.66E-08,0.860542853
LOC112051362,uncharacterized protein LOC112051362,LOC112051362,1690.126663,1.306671614,5.68E-08,-1.306671614
LOC112045193,uncharacterized LOC106125434 precursor,CG17672,140.0564387,-1.889653821,5.76E-08,1.889653821
LOC112046077,RNA polymerase-associated protein Rtf1 isoform X2,Rtf1,1304.832486,-0.609150651,5.81E-08,0.609150651
LOC112047255,G-protein coupled receptor Mth2-like,mthl15,167.7646965,-1.898456376,5.86E-08,1.898456376
LOC112047964,serine protease easter-like isoform X1,ea,104.0226858,-2.043407966,5.89E-08,2.043407966
LOC112047119,zinc finger protein OZF-like,LOC112047119,673.5045353,-1.11513492,6.03E-08,1.11513492
LOC112042970,non-structural maintenance of chromosomes element 1 homolog,LOC112042970,113.9651418,-1.281435703,6.08E-08,1.281435703
LOC112052136,"protein tramtrack, alpha isoform-like isoform X1",SBDS,379.0576937,0.872706722,6.15E-08,-0.872706722
LOC112045316,uncharacterized protein LOC112045316,LOC112045316,110.7616833,-1.811350342,6.16E-08,1.811350342
LOC112055477,probable sodium-coupled neutral amino acid transporter 6,mah,2426.01558,5.273938878,6.19E-08,-5.273938878
LOC112053184,histone acetyltransferase KAT2A,Gcn5,690.2273303,-0.570350604,6.29E-08,0.570350604
LOC112057792,Chorion peroxidase,LOC112057792,35.13244595,7.706230532,6.29E-08,-7.706230532
LOC112047081,ER membrane protein complex subunit 7,EMC7,764.8753441,0.612732945,6.32E-08,-0.612732945
LOC112052643,angiotensin-converting enzyme,Ance-3,17.73439585,4.767772333,6.32E-08,-4.767772333
LOC112052239,myosin-VIIa isoform X1,ck,4582.261554,-0.776839292,6.53E-08,0.776839292
LOC112052842,rho guanine nucleotide exchange factor 11 isoform X2,RhoGEF2,1059.54603,0.639161476,6.68E-08,-0.639161476
LOC112047971,alpha-tubulin N-acetyltransferase-like isoform X2,Tat,696.8136388,-0.585274817,6.78E-08,0.585274817
LOC112058501,integrin alpha-PS3-like,mew,42.96182457,-2.632258109,6.99E-08,2.632258109
LOC112046599,1-acyl-sn-glycerol-3-phosphate acyltransferase alpha-like,Agpat1,67.03152685,-3.031427068,7.00E-08,3.031427068
LOC112050299,protein lin-9 homolog,mip130,527.1510857,-0.799323025,7.02E-08,0.799323025
LOC112047279,"succinate--CoA ligase [ADP-forming] subunit beta, mitochondrial",ScsbetaA,2426.237921,0.589267283,7.06E-08,-0.589267283
LOC112050535,juvenile hormone esterase-like,CG10175,44.04056487,3.240426507,7.17E-08,-3.240426507
LOC112047854,muscle segmentation homeobox-like,Dr,1009.224036,0.927508791,7.18E-08,-0.927508791
LOC112053099,protein msta,SmydA-1,21.08581654,4.694519841,7.18E-08,-4.694519841
LOC112049277,high mobility group protein DSP1-like isoform X1,Dsp1,918.0764807,-1.316355325,7.31E-08,1.316355325
LOC112054279,proteoglycan 4-like,LOC112054279,33.09214515,3.990621711,7.35E-08,-3.990621711
LOC112052497,alpha-tocopherol transfer protein-like,CG2663,37.18137578,6.873794023,7.42E-08,-6.873794023
LOC112053291,uncharacterized protein LOC112053291 isoform X3,l(1)G0193,5415.689288,-0.685067813,7.55E-08,0.685067813
LOC112053547,serpin 100A,SRPN12,1162.108424,-1.851054674,7.55E-08,1.851054674
LOC112048173,YLP motif-containing protein 1-like isoform X1,LOC112048173,3231.419579,-0.49301174,7.66E-08,0.49301174
LOC112058068,lipoma-preferred partner homolog,Zyx,164.4400909,-1.379384417,7.72E-08,1.379384417
LOC112056173,nuclear factor related to kappa-B-binding protein isoform X1,CG11970,592.7708197,-0.613903129,7.77E-08,0.613903129
LOC112052492,alpha-tocopherol transfer protein-like,CG2663,34.54874648,8.679505642,7.98E-08,-8.679505642
LOC112050311,LIM domain only protein 3 isoform X1,Bx,115.5757084,-1.596241749,8.02E-08,1.596241749
LOC112048729,tetraspanin-9-like isoform X2,Tsp74F,3694.554591,0.705785269,8.09E-08,-0.705785269
LOC112051375,neurochondrin homolog,Neurochondrin,1113.09363,-0.651352437,8.09E-08,0.651352437
LOC112050793,metal transporter CNNM4-like,uex,3594.309616,1.230246289,8.17E-08,-1.230246289
LOC112057755,transmembrane protease serine 9-like,CG4914,17.57841669,7.725015421,8.23E-08,-7.725015421
LOC112057153,NA,NA,116.4621723,1.145604835,8.27E-08,-1.145604835
LOC112051976,uncharacterized protein LOC112051976,LOC112051976,276.5185008,2.42323605,8.28E-08,-2.42323605
LOC112043957,UDP-N-acetylglucosamine--dolichyl-phosphate N-acetylglucosaminephosphotransferase,Alg7,413.0728018,0.792619244,8.39E-08,-0.792619244
LOC112044613,guanine nucleotide-binding protein subunit beta-like protein,Rack1,37041.57343,0.515918898,8.39E-08,-0.515918898
LOC112045142,cell wall integrity and stress response component 4-like isoform X1,LOC112045142,32.68562713,-2.812693198,8.39E-08,2.812693198
LOC112043734,sterile alpha and TIR motif-containing protein 1 isoform X6,Ect4,2022.02049,0.883027027,8.42E-08,-0.883027027
LOC112058616,NADH-ubiquinone oxidoreductase 49 kDa subunit,ND-49,1313.734588,0.634684875,8.62E-08,-0.634684875
LOC112054429,galectin-4-like,GALE5,1564.723121,0.827868217,8.75E-08,-0.827868217
LOC112054245,furin-like protease 2,Fur2,1953.694439,1.78184226,8.77E-08,-1.78184226
LOC112055589,probable basic-leucine zipper transcription factor F isoform X2,LOC112055589,309.525362,-2.123736159,8.82E-08,2.123736159
LOC112053684,probable ubiquitin carboxyl-terminal hydrolase FAF-X,faf,1715.483199,-0.558441984,8.86E-08,0.558441984
LOC112044075,"cAMP-specific 3',5'-cyclic phosphodiesterase isoform X1",dnc,500.8908452,0.891306642,8.92E-08,-0.891306642
LOC112044895,synaptic vesicle 2-related protein,CG4324,131.8068798,-1.05252221,8.98E-08,1.05252221
LOC112049728,capon-like protein isoform X1,CG42673,120.850468,-1.066133807,9.06E-08,1.066133807
LOC112053068,polycomb group RING finger protein 3,l(3)73Ah,818.2115085,0.55236318,9.08E-08,-0.55236318
LOC112044799,60S ribosomal protein L29,RpL29,11955.87077,1.171269896,9.10E-08,-1.171269896
LOC112053702,"N-alpha-acetyltransferase 15, NatA auxiliary subunit",Naa15-16,701.3596371,0.864019965,9.13E-08,-0.864019965
LOC112055078,uncharacterized LOC106116248 precursor,Osi9,78.48480644,4.911225609,9.17E-08,-4.911225609
LOC112049575,transmembrane protein 50A,CG15012,280.0824071,-0.805323937,9.25E-08,0.805323937
LOC112045673,RNA-binding protein 40-like,CG44249,147.1426553,-1.278065041,9.32E-08,1.278065041
LOC112054738,nucleoplasmin-like protein isoform X1,Nlp,14187.51391,-0.520487583,9.39E-08,0.520487583
LOC112054611,zinc finger protein 774 isoform X1,jim,229.5340013,-2.985372953,9.40E-08,2.985372953
LOC112056171,myrosinase 1-like,CG9701,31.80055548,5.383644957,9.45E-08,-5.383644957
LOC112046257,OWR48541.1 spaetzle 1-2,LOC112046257,552.9959908,1.994167052,9.50E-08,-1.994167052
LOC112048234,trehalase-like isoform X1,Treh,408.8403458,1.341649911,9.51E-08,-1.341649911
LOC112053327,glucosamine-6-phosphate isomerase isoform X1,Oscillin,2669.477926,-1.001825128,9.54E-08,1.001825128
LOC112047634,retinoblastoma-binding protein 5 homolog,Rbbp5,859.4906222,-0.759194002,9.65E-08,0.759194002
LOC112057500,ran GTPase-activating protein 1,LOC112057500,134.5209139,-2.209914706,9.96E-08,2.209914706
LOC112056407,acyl-CoA-binding protein homolog,Acbp1,6820.406453,1.543700853,1.01E-07,-1.543700853
LOC112049526,DNA fragmentation factor subunit beta,Drep4,78.95695958,1.686067628,1.02E-07,-1.686067628
LOC112045025,AP-2 complex subunit mu,AP-50,4338.108375,0.397669348,1.03E-07,-0.397669348
LOC112048984,ATP-binding cassette sub-family G member 4,CG5853,366.3587814,2.369783477,1.04E-07,-2.369783477
LOC112052759,arylsulfatase B-like,CG8646,98.32352935,9.226737671,1.04E-07,-9.226737671
LOC112050857,SWI/SNF-related matrix-associated actin-dependent regulator of chromatin subfamily A-like protein 1,Marcal1,245.1226769,-0.930037572,1.06E-07,0.930037572
LOC112057689,"probable 39S ribosomal protein L45, mitochondrial",mRpL45,626.1759246,0.751658109,1.07E-07,-0.751658109
LOC112044617,protein expanded,ex,1693.578639,-0.659315479,1.07E-07,0.659315479
LOC112055573,protein spire isoform X2,LOC112055573,113.7244532,-2.797143678,1.08E-07,2.797143678
LOC112052874,activating signal cointegrator 1,CG11710,454.990232,0.7405411,1.10E-07,-0.7405411
LOC112050059,schwannomin-interacting protein 1 homolog isoform X1,Schip1,190.7152917,0.932746781,1.11E-07,-0.932746781
LOC112053036,uncharacterized protein LOC112053036 isoform X2,ec,5487.89214,-0.593297675,1.11E-07,0.593297675
LOC112051637,OWR41154.1 putative NUF1,CG13634,36.0638519,3.977426458,1.13E-07,-3.977426458
LOC112047243,dual specificity testis-specific protein kinase 2,cdi,411.4241544,1.032632071,1.13E-07,-1.032632071
LOC112044405,protein ALP1-like,LOC112044405,276.3123747,-1.247588017,1.14E-07,1.247588017
LOC112044540,general transcription factor IIH subunit 1,Tfb1,843.3304042,-0.71631477,1.14E-07,0.71631477
LOC112049258,protein furry isoform X1,fry,1586.953653,-0.585232097,1.16E-07,0.585232097
LOC112045188,"pentatricopeptide repeat-containing protein 2, mitochondrial-like",LOC112045188,626.8856026,0.664896244,1.16E-07,-0.664896244
LOC112049955,"glucose dehydrogenase [FAD, quinone]-like",CG9518,49.57823683,-4.891506312,1.17E-07,4.891506312
LOC112044257,"trans-1,2-dihydrobenzene-1,2-diol dehydrogenase-like isoform X1",CG3609,197.4625604,1.09218787,1.19E-07,-1.09218787
LOC112049108,COPII coat assembly protein sec16-like,LOC112049108,1851.006661,-0.732633184,1.20E-07,0.732633184
LOC112054260,uncharacterized protein LOC112054260,pxb,862.2705808,-1.00843581,1.21E-07,1.00843581
LOC112054223,COP9 signalosome complex subunit 2,alien,1993.325498,-0.697976972,1.27E-07,0.697976972
LOC112056120,sterol regulatory element-binding protein 1,SREBP,604.9732737,-0.6819119,1.32E-07,0.6819119
LOC112043521,uncharacterized protein LOC112043521,LOC112043521,522.7030295,-0.923423152,1.34E-07,0.923423152
LOC112056066,ubiquitin-like protein 5,ubl,460.4156228,0.787292133,1.36E-07,-0.787292133
LOC112043391,aryl hydrocarbon receptor,ss,72.06291385,-2.621768791,1.38E-07,2.621768791
LOC112044113,major facilitator superfamily domain-containing protein 8,Cln7,202.8051573,-1.346201531,1.38E-07,1.346201531
LOC112057419,endochitinase A,dsx-c73A,22.99157197,-4.858004007,1.39E-07,4.858004007
LOC112058065,DDRGK domain-containing protein 1,CG5862,1707.393767,0.734611406,1.39E-07,-0.734611406
LOC112053943,DEAD-box helicase Dbp80,Dbp80,2077.533084,0.548079992,1.40E-07,-0.548079992
LOC112051501,splicing factor U2AF 50 kDa subunit,U2af50,3835.439536,-0.642328092,1.44E-07,0.642328092
LOC112046714,microtubule-associated protein RP/EB family member 1 isoform X2,Eb1,7797.613925,-0.762975993,1.46E-07,0.762975993
LOC112052878,uncharacterized protein LOC112052878,LOC112052878,19.84211717,3.162904302,1.48E-07,-3.162904302
LOC112055094,condensin-2 complex subunit D3-like,LOC112055094,444.6715765,-1.274283071,1.48E-07,1.274283071
LOC112050771,ankyrin repeat and LEM domain-containing protein 2,WDR18,717.5858371,-0.905001166,1.48E-07,0.905001166
LOC112047815,gamma-soluble NSF attachment protein-like,gammaSnap1,478.4248521,0.667855777,1.51E-07,-0.667855777
LOC112058292,tubulin polyglutamylase complex subunit 2,CG6931,38.68522343,4.77969873,1.52E-07,-4.77969873
LOC112055011,vinculin,Vinc,1141.260566,1.138406239,1.56E-07,-1.138406239
LOC112046944,probable nucleoporin Nup58 isoform X1,Nup58,156.6684552,-1.198027502,1.56E-07,1.198027502
LOC112058536,sodium/hydrogen exchanger 9B2-like isoform X1,Nha1,254.1203742,-1.761080005,1.56E-07,1.761080005
LOC112048397,nuclear pore complex protein Nup133,Nup133,666.3406429,-1.220764514,1.61E-07,1.220764514
LOC112048442,"protoheme IX farnesyltransferase, mitochondrial",CG5037,316.8964329,0.9726104,1.61E-07,-0.9726104
LOC112052594,ester hydrolase C11orf54 homolog isoform X1,CG9119,754.3373067,1.59642578,1.62E-07,-1.59642578
LOC112050742,protein FAM135A,CG32333,59.87907675,-2.193975499,1.63E-07,2.193975499
LOC112057654,"myosin heavy chain, muscle isoform X1",Mhc,743.1794794,5.637386568,1.63E-07,-5.637386568
LOC112044347,H/ACA ribonucleoprotein complex subunit 3,CG7637,739.0708943,0.852293654,1.63E-07,-0.852293654
LOC112048792,zinc finger protein 44-like,LOC112048792,246.1845017,-0.998576347,1.66E-07,0.998576347
LOC112057213,23 kDa integral membrane protein-like,Tsp39D,56.66570112,7.565138077,1.67E-07,-7.565138077
LOC112045942,uncharacterized protein LOC112045942,LOC112045942,92.71780431,-1.850574829,1.68E-07,1.850574829
LOC112046361,putative glycine-rich cell wall structural protein 1,LOC112046361,13.27826656,7.334143467,1.69E-07,-7.334143467
LOC112046185,transmembrane protein 47 isoform X2,CG45049,798.1035267,1.040172942,1.69E-07,-1.040172942
LOC112044443,WD repeat-containing protein 75,LOC112044443,1311.564476,1.066672305,1.69E-07,-1.066672305
LOC112057899,mucin-5AC isoform X1,Cht6,14124.89745,1.136953167,1.71E-07,-1.136953167
LOC112053673,uncharacterized protein LOC112053673,LOC112053673,100.2764098,1.183688461,1.74E-07,-1.183688461
LOC112046369,zinc finger protein basonuclin-2-like,disco-r,162.2845612,-3.056091506,1.75E-07,3.056091506
LOC112056070,surfeit locus protein 4 homolog,Surf4,2247.299674,0.881343914,1.76E-07,-0.881343914
LOC112051068,"28S ribosomal protein S28, mitochondrial",mRpS28,378.8939687,0.82312634,1.76E-07,-0.82312634
LOC112044674,transmembrane protease serine 9-like,MP1,68.48340857,-2.940623522,1.80E-07,2.940623522
LOC112043586,endoplasmin isoform X1,Gp93,11422.69461,-1.61186541,1.83E-07,1.61186541
LOC112050485,mitogen-activated protein kinase kinase kinase 4,Mekk1,944.8376768,-0.55455835,1.83E-07,0.55455835
LOC112052465,muscle LIM protein Mlp84B isoform X2,Mlp60A,166.6109758,4.67299808,1.84E-07,-4.67299808
LOC112051127,gastrula zinc finger protein XlCGF26.1-like,LOC112051127,445.6100318,-1.045101595,1.84E-07,1.045101595
LOC112057769,glutaredoxin 3,CG6523,944.4449571,0.934686569,1.85E-07,-0.934686569
LOC112049164,"CDGSH iron-sulfur domain-containing protein 3, mitochondrial",CG3420,429.9323548,0.722032684,1.85E-07,-0.722032684
LOC112053973,uncharacterized protein LOC112053973,LOC112053973,34.95415096,3.316706916,1.86E-07,-3.316706916
LOC112051665,2-iminobutanoate/2-iminopropanoate deaminase-like,UK114,48.74458677,3.078232112,1.86E-07,-3.078232112
LOC112046868,cytochrome c oxidase assembly factor 7 homolog,COA7,389.7537101,0.804591757,1.86E-07,-0.804591757
LOC112049233,fatty-acid amide hydrolase 2-like,CG5112,69.80510721,-3.633229387,1.86E-07,3.633229387
LOC112043332,uncharacterized serine-rich protein C215.13,SRPN19,614.867134,2.221824513,1.87E-07,-2.221824513
LOC112044612,diphosphomevalonate decarboxylase,Mvd,645.7599557,-1.007530661,1.88E-07,1.007530661
LOC112047291,uncharacterized LOC106107945,kune,1188.956138,-0.60011104,1.89E-07,0.60011104
LOC112057376,integrin beta-PS,mys,1700.380896,2.474321833,1.90E-07,-2.474321833
LOC112052267,polycomb group protein Pc,Pc,539.1393434,0.92442252,1.94E-07,-0.92442252
LOC112044320,phospholipase D2 isoform X1,Pld,618.8828396,0.889666506,1.94E-07,-0.889666506
LOC112055457,ralA-binding protein 1 isoform X2,Rlip,822.9612652,-0.800340895,1.98E-07,0.800340895
LOC112045228,protein catecholamines up-like,LOC112045228,14.92895709,7.468314903,1.99E-07,-7.468314903
LOC112058002,retinoblastoma-like protein 1,Rbf,461.9235199,-1.771371753,2.01E-07,1.771371753
LOC112049542,transmembrane protein 94 isoform X1,l(2)k05819,633.5898443,-0.642114438,2.01E-07,0.642114438
LOC112052931,retinol dehydrogenase 13-like,CG30491,977.8689521,1.327512725,2.02E-07,-1.327512725
LOC112050967,protein mini spindles,msps,4909.73906,-1.000750791,2.04E-07,1.000750791
LOC112044233,NADH dehydrogenase [ubiquinone] 1 alpha subcomplex assembly factor 2,CG43346,225.8225636,0.856875046,2.06E-07,-0.856875046
LOC112049877,NA,NA,61.38460063,-1.698055252,2.07E-07,1.698055252
LOC112047166,BAG family molecular chaperone regulator 2,CG7945,1620.013154,-0.480913348,2.11E-07,0.480913348
LOC112045684,cleavage stimulation factor subunit 1,CstF50,484.598388,-0.602128646,2.16E-07,0.602128646
LOC112053364,katanin p80 WD40 repeat-containing subunit B1 isoform X1,KATNB1,2032.33332,0.53574123,2.20E-07,-0.53574123
LOC112044299,lipopolysaccharide-induced tumor necrosis factor-alpha factor homolog,CG13510,2092.279206,0.80240298,2.26E-07,-0.80240298
LOC112057501,NA,NA,43.46492371,1.844282169,2.27E-07,-1.844282169
LOC112053353,peptidyl-prolyl cis-trans isomerase-like 1,Cypl,673.6886952,-0.738304062,2.31E-07,0.738304062
LOC112054210,REST corepressor 3 isoform X1,CoRest,753.7980778,-0.788916172,2.31E-07,0.788916172
LOC112052500,zinc finger CCCH domain-containing protein 14 isoform X1,Nab2,1178.446064,-0.423432413,2.32E-07,0.423432413
LOC112042957,DNA helicase MCM9-like,Mcm2,254.7363492,-1.086800816,2.33E-07,1.086800816
LOC112055393,"2-oxoglutarate dehydrogenase, mitochondrial isoform X1",Nc73EF,4018.389811,0.687128551,2.33E-07,-0.687128551
LOC112043515,palmitoyltransferase app,app,554.3238554,0.550899796,2.34E-07,-0.550899796
LOC112053869,NA,NA,30.83948119,2.601594855,2.43E-07,-2.601594855
LOC112051253,probable peroxisomal acyl-coenzyme A oxidase 1,CG5009,25.63474526,7.267204679,2.45E-07,-7.267204679
LOC112052079,SUMO-conjugating enzyme UBC9-A,lwr,4964.166815,-0.5727337,2.49E-07,0.5727337
LOC112048034,peptidoglycan-recognition protein SC2-like isoform X2,PGRP-SC2,1531.322406,1.206329055,2.51E-07,-1.206329055
LOC112051983,juvenile hormone epoxide hydrolase-like,Jheh2,53.998251,-1.973133944,2.51E-07,1.973133944
LOC112057112,gem-associated protein 5-like,LOC112057112,818.9668521,-1.225332614,2.51E-07,1.225332614
LOC112045747,nose resistant to fluoxetine protein 6-like,CG14204,17.10776873,7.68146126,2.57E-07,-7.68146126
LOC112043094,DNA fragmentation factor subunit alpha-like,Drep1,915.8277256,-1.397451,2.58E-07,1.397451
LOC112058350,NAD-dependent protein deacetylase sirtuin-2-like,Sirt2,697.236336,-0.829317153,2.60E-07,0.829317153
LOC112045061,DNA polymerase epsilon subunit 4,Mes4,258.3654757,-0.867847758,2.63E-07,0.867847758
LOC112048614,small nuclear ribonucleoprotein Sm D3,SmD3,5214.441367,-0.670459649,2.68E-07,0.670459649
LOC112050291,NA,NA,1113.594021,0.857774417,2.69E-07,-0.857774417
LOC112055757,plasminogen receptor (KT),LOC112055757,71.56998891,1.623254955,2.70E-07,-1.623254955
LOC112053960,MADF domain,LOC112053960,88.96363102,2.168882158,2.70E-07,-2.168882158
LOC112046838,collagen and calcium-binding EGF domain-containing protein 1-like isoform X1,frac,97.64703367,-1.567957673,2.73E-07,1.567957673
LOC112050203,adenylate kinase,Adk2,2925.107113,0.759615071,2.74E-07,-0.759615071
LOC112047793,nicotinamide riboside kinase 1,Nrk1,1234.810347,0.67442546,2.77E-07,-0.67442546
LOC112048788,protein toll,Tl,889.5957301,0.593180073,2.78E-07,-0.593180073
LOC112052730,myeloid differentiation primary response protein MyD88,Myd88,717.9640963,0.830320616,2.78E-07,-0.830320616
LOC112057207,4-coumarate--CoA ligase 1-like,CG6178,673.3348061,-1.071787446,2.78E-07,1.071787446
LOC112055912,NA,NA,278.9217653,-2.61166765,2.79E-07,2.61166765
LOC112044723,glutamate-rich WD repeat-containing protein 1,l(2)09851,1429.596547,0.584804074,2.80E-07,-0.584804074
LOC112051844,cell division cycle protein 27 homolog,Cdc27,642.0209259,-0.524406288,2.81E-07,0.524406288
LOC112055278,adenosine deaminase-like protein,Ada,245.3626181,-0.847034356,2.83E-07,0.847034356
LOC112053793,clustered mitochondria protein homolog isoform X1,clu,1641.532683,0.759537265,2.89E-07,-0.759537265
LOC112056225,intraflagellar transport protein 122 homolog,LOC112056225,84.58993875,-1.829156464,2.90E-07,1.829156464
LOC112056503,GPI inositol-deacylase,PGAP1,861.1287403,-1.013362019,2.97E-07,1.013362019
LOC112057797,prefoldin subunit 5,Pfdn5,2440.888596,0.596657499,2.97E-07,-0.596657499
LOC112047572,NA,NA,53.07573701,-2.760785069,2.99E-07,2.760785069
LOC112047697,protein GDAP2 homolog,Gdap2,251.6012399,1.020414679,2.99E-07,-1.020414679
LOC112055124,"cysteine--tRNA ligase, cytoplasmic",CysRS,1593.142728,1.174478752,2.99E-07,-1.174478752
LOC112053210,zinc finger protein 668,LOC112053210,255.4985985,-0.767606924,3.00E-07,0.767606924
LOC112050268,"protein tramtrack, beta isoform-like isoform X4",LOC112050268,240.7995718,-0.801571819,3.02E-07,0.801571819
LOC112048310,protein unzipped,uzip,358.6813718,-1.465144407,3.04E-07,1.465144407
LOC112046429,26S proteasome regulatory subunit 4,Rpt2,6257.247694,0.549778065,3.16E-07,-0.549778065
LOC112058510,small G protein signaling modulator 3 homolog,CG12241,740.0368224,0.609617694,3.17E-07,-0.609617694
LOC112052304,"28S ribosomal protein S15, mitochondrial",bonsai,873.1601659,0.680585717,3.18E-07,-0.680585717
LOC112043341,NA,NA,94.81082688,1.619095701,3.19E-07,-1.619095701
LOC112047494,transcriptional adapter 2B isoform X1,Ada2b,261.3719577,-0.770078332,3.19E-07,0.770078332
LOC112046930,uncharacterized protein LOC112046930,LOC112046930,30.2414949,5.028604777,3.21E-07,-5.028604777
LOC112051509,major facilitator superfamily domain-containing protein 10 isoform X1,rtet,500.5051555,0.833002926,3.22E-07,-0.833002926
LOC112047283,"GTP:AMP phosphotransferase AK3, mitochondrial",Adk3,116.843589,1.169586038,3.23E-07,-1.169586038
LOC112049226,macoilin-1 isoform X1,CG30389,600.331501,0.751487067,3.31E-07,-0.751487067
LOC112058275,MKRN2 opposite strand protein,CG9967,326.1800247,-1.593072994,3.36E-07,1.593072994
LOC112047010,facilitated trehalose transporter Tret1-2 homolog,Tret1-1,2343.164384,-1.165932701,3.43E-07,1.165932701
LOC112057970,membralin,CG8405,1093.711959,0.569831292,3.43E-07,-0.569831292
LOC112045482,larval cuticle protein A2B-like,CPR59,66.7580617,-8.749936944,3.45E-07,8.749936944
LOC112048501,X-box-binding protein 1,Xbp1,1794.271902,0.470914117,3.48E-07,-0.470914117
LOC112050849,ragulator complex protein LAMTOR3 homolog,CG5110,548.6037401,0.74769626,3.50E-07,-0.74769626
LOC112047245,proton-coupled folate transporter-like,CG15890,32.14507338,5.61704912,3.55E-07,-5.61704912
LOC112052913,locomotion-related protein Hikaru genki,hig,120.7928427,-1.095108767,3.61E-07,1.095108767
LOC112048012,caspase Dronc,CASPL2,454.3086097,-0.939245338,3.66E-07,0.939245338
LOC112051338,low density lipoprotein receptor-related protein-like protein precursor,CG32432,29.66219781,4.520144666,3.67E-07,-4.520144666
LOC112048212,Q5MAE6.1 RecName: Full=Putative BEN domain-containing protein B1; Flags: Precursor,LOC112048212,70.21557372,1.865344897,3.68E-07,-1.865344897
LOC112049948,conotoxin ArMKLT2-032-like,LOC112049948,97.57713953,2.118914106,3.68E-07,-2.118914106
LOC112057655,"39S ribosomal protein L20, mitochondrial",mRpL20,382.3452987,1.043766564,3.76E-07,-1.043766564
LOC112047142,protein bicaudal D,BicD,1471.753485,0.76321767,3.78E-07,-0.76321767
LOC112047141,"isovaleryl-CoA dehydrogenase, mitochondrial",CG6638,38.54092533,2.229239487,3.92E-07,-2.229239487
LOC112054320,transcription factor E2F7-like,E2f1,240.9548417,-0.901582783,3.92E-07,0.901582783
LOC112048818,intraflagellar transport protein 43 homolog,LOC112048818,527.3004074,-1.006346726,3.97E-07,1.006346726
LOC112052338,CTD small phosphatase-like protein 2,CG12078,513.2728699,-1.324186682,4.01E-07,1.324186682
LOC112047609,juvenile hormone esterase-like isoform X1,clt,9870.994261,0.67371006,4.03E-07,-0.67371006
LOC112050220,coatomer subunit beta,betaCOP,5095.893576,0.804734389,4.08E-07,-0.804734389
LOC112052914,kettin protein,LOC112052914,144.4038366,3.46885325,4.11E-07,-3.46885325
LOC112058160,"39S ribosomal protein L47, mitochondrial",mRpL47,593.5573562,0.806274514,4.14E-07,-0.806274514
LOC112044100,multiple epidermal growth factor-like domains protein 8,Megf8,1083.778207,0.821698057,4.16E-07,-0.821698057
LOC112057584,esterase E4-like,alpha-Est2,33.8105275,8.650556596,4.21E-07,-8.650556596
LOC112050115,coiled-coil domain-containing protein 86,CG14210,768.5704792,1.269498017,4.22E-07,-1.269498017
LOC112051381,mRNA turnover protein 4 homolog,RpLP0-like,840.163813,0.989309136,4.25E-07,-0.989309136
LOC112057044,"ATP-binding cassette sub-family B member 6, mitochondrial",Hmt-1,578.5840751,1.569414964,4.26E-07,-1.569414964
LOC112056780,uncharacterized protein LOC112056780,LOC112056780,197.7959774,-0.837302958,4.26E-07,0.837302958
LOC112044254,"peptide chain release factor 1-like, mitochondrial",mRF1,446.173546,0.518222716,4.27E-07,-0.518222716
LOC112054074,caskin-2 isoform X1,LOC112054074,130.5568429,1.87784344,4.29E-07,-1.87784344
LOC112049027,chemosensory protein 1 variant,EbpIII,37.39792142,-7.918039805,4.31E-07,7.918039805
LOC112057713,chromatin target of PRMT1 protein-like,LOC112057713,362.4934225,-0.783546888,4.34E-07,0.783546888
LOC112052714,protein RER1,CG11857,841.51239,0.837728583,4.36E-07,-0.837728583
LOC112056231,eukaryotic translation initiation factor 3 subunit M,Tango7,2121.128636,0.974599379,4.36E-07,-0.974599379
LOC112053852,mitochondrial import inner membrane translocase subunit Tim16,blp,375.9165893,1.158100415,4.44E-07,-1.158100415
LOC112057021,spastin isoform X1,spas,1372.335604,-0.831649073,4.46E-07,0.831649073
LOC112048404,vacuolar protein sorting-associated protein 29,Vps29,619.9497443,0.664741601,4.50E-07,-0.664741601
LOC112056525,tubulin-specific chaperone D,TBCD,695.6273056,0.787887292,4.50E-07,-0.787887292
LOC112049876,ankyrin repeat and sterile alpha motif domain-containing protein 1B-like isoform X8,CG4393,2191.176941,-0.633469893,4.53E-07,0.633469893
LOC112053205,protein Peter pan,ppan,1088.887858,0.907467473,4.57E-07,-0.907467473
LOC112056599,leucine-rich repeat protein SHOC-2-like,LOC112056599,250.3034638,-0.937043332,4.60E-07,0.937043332
LOC112047251,solute carrier family 46 member 3-like,CG15890,12.24983885,7.189801078,4.61E-07,-7.189801078
LOC112056645,zinc finger protein rotund-like isoform X1,LOC112056645,164.0398995,-1.419329345,4.61E-07,1.419329345
LOC112047427,coiled-coil domain-containing protein 93,fidipidine,422.3763878,-0.549711805,4.67E-07,0.549711805
LOC112043386,ensconsin-like isoform X3,ens,984.3337859,-0.763429275,4.68E-07,0.763429275
LOC112058336,growth/differentiation factor 8-like,myo,288.3529109,-1.703832667,4.71E-07,1.703832667
LOC112048847,innexin inx3,Inx3,22735.97709,0.736459117,4.77E-07,-0.736459117
LOC112046935,OWR47353.1 apolipoprotein D,Karl,243.3353467,-1.402927142,4.78E-07,1.402927142
LOC112044873,probable basic-leucine zipper transcription factor G,LOC112044873,203.5888972,-0.80129243,4.80E-07,0.80129243
LOC112056001,sorting nexin-16,Snx16,215.8401288,-1.056468881,4.83E-07,1.056468881
LOC112056770,protein bicaudal C homolog 1,BicC,67.38740234,8.676636225,4.84E-07,-8.676636225
LOC112043493,peroxisome biogenesis protein 6,Pex6,610.4466155,0.924965269,4.87E-07,-0.924965269
LOC112044813,OWR52782.1 ecdysteroid 22-kinase,CG9498,206.3642536,3.690808979,4.90E-07,-3.690808979
LOC112045407,facilitated trehalose transporter Tret1-like,CG1213,70.61951668,-7.456094276,4.90E-07,7.456094276
LOC112053355,thioredoxin reductase-like selenoprotein T homolog CG3887,SelT,1334.496675,0.459988202,4.95E-07,-0.459988202
LOC112052249,putative Transcription factor Adf-1,LOC112052249,233.3843901,-1.02087798,4.97E-07,1.02087798
LOC112045258,phospholipase A1-like,CG5966,25.79568978,7.292181874,4.98E-07,-7.292181874
LOC112048161,kinesin-related protein 2-like,LOC112048161,560.7355003,-0.558434423,4.99E-07,0.558434423
LOC112046719,Glycogen phosphorylase,LOC112046719,266.7397012,-0.827837958,5.07E-07,0.827837958
LOC112050556,protogenin A-like,SPEG,434.6336309,-1.09410794,5.10E-07,1.09410794
LOC112049418,UDP-glucuronosyltransferase 2B15-like,Ugt302C1,10.95420138,7.020912307,5.13E-07,-7.020912307
LOC112055552,dnaJ homolog shv,shv,2212.72343,-0.439022049,5.13E-07,0.439022049
LOC112054339,pleckstrin homology domain-containing family A member 7 isoform X4,kmr,4959.59684,-0.656015163,5.15E-07,0.656015163
LOC112054193,bilin-binding protein-like,LOC112054193,30.5180419,3.159408466,5.17E-07,-3.159408466
LOC112056417,protein FAM117B-like isoform X1,LOC112056417,221.3188118,-0.977228453,5.19E-07,0.977228453
LOC112055353,SH2B adapter protein 1,Lnk,462.394924,-0.606656459,5.22E-07,0.606656459
LOC112046488,ankyrin repeat and fibronectin type-III domain-containing protein 1 isoform X6,wake,3267.351037,0.552686725,5.26E-07,-0.552686725
LOC112051921,ataxin-1-like isoform X1,Atx-1,1218.893816,-1.227386902,5.34E-07,1.227386902
LOC112050036,synaptic vesicle glycoprotein 2C-like,LOC112050036,259.051309,-1.23588352,5.37E-07,1.23588352
LOC112050179,formin-binding protein 1-like isoform X1,Cip4,5619.882779,-0.514392144,5.38E-07,0.514392144
LOC112051433,extended synaptotagmin-2 isoform X1,Esyt2,2076.535899,1.11072338,5.40E-07,-1.11072338
LOC112057018,signal transducing adapter molecule 1,Stam,722.5300541,0.838630481,5.43E-07,-0.838630481
LOC112057895,valine--tRNA ligase isoform X1,Aats-val,2525.725271,0.592536266,5.45E-07,-0.592536266
LOC112052967,uncharacterized protein LOC112052967,CG15594,21.58682776,4.097200615,5.59E-07,-4.097200615
LOC112052033,centrosomal protein of 135 kDa,Cep135,333.6796442,-1.035388377,5.69E-07,1.035388377
LOC112056777,golgin subfamily A member 1 isoform X2,cbs,465.8909438,0.897926483,5.72E-07,-0.897926483
LOC112056941,carboxypeptidase A2-like isoform X2,CG8945,24.31435189,3.132340298,5.72E-07,-3.132340298
LOC112050871,solute carrier organic anion transporter family member 4A1,Oatp26F,1018.355657,-1.356213892,5.92E-07,1.356213892
LOC112046700,lactoylglutathione lyase,Glo1,694.3406609,0.816219743,6.10E-07,-0.816219743
LOC112051365,NA,NA,1785.809808,1.361509954,6.10E-07,-1.361509954
LOC112048859,serine/arginine repetitive matrix protein 1-like,CG1647,339.2619105,-1.098258803,6.12E-07,1.098258803
LOC112050713,RNA polymerase II-associated protein 1,CG32104,731.4885674,-0.769014107,6.26E-07,0.769014107
LOC112054441,signal peptidase complex subunit 2,Spase25,3197.028376,0.5809089,6.27E-07,-0.5809089
LOC112044971,ATP-dependent RNA helicase dbp2-like isoform X1,CG10077,13758.16088,-0.460679204,6.29E-07,0.460679204
LOC112058219,cuticle protein 19-like,Cpr76Bb,12.56544079,7.25054624,6.30E-07,-7.25054624
LOC112052202,uncharacterized protein LOC112052202 isoform X1,LOC112052202,535.3103105,0.68206281,6.31E-07,-0.68206281
LOC112049827,NA,NA,52.00188391,1.572540498,6.31E-07,-1.572540498
LOC112047276,shootin-1 isoform X4,jvl,1736.115353,0.40732474,6.36E-07,-0.40732474
LOC112054202,diphthine--ammonia ligase,CG1578,1029.447985,0.771155189,6.39E-07,-0.771155189
LOC112047488,TAF6-like RNA polymerase II p300/CBP-associated factor-associated factor 65 kDa subunit 6L,LOC112047488,390.7008751,-1.05571071,6.40E-07,1.05571071
LOC112050600,dynactin subunit 5,Dctn5,400.2092172,0.750253712,6.40E-07,-0.750253712
LOC112058559,E3 ubiquitin-protein ligase Su(dx),Su(dx),1983.902285,0.351096998,6.53E-07,-0.351096998
LOC112052625,NECAP-like protein CG9132,CG9132,979.3465056,0.599503875,6.54E-07,-0.599503875
LOC112050966,nucleoporin Nup43,LOC112050966,638.8812699,-0.708136495,6.57E-07,0.708136495
LOC112054035,G kinase-anchoring protein 1-like isoform X1,LOC112054035,720.3229104,-0.592375661,6.65E-07,0.592375661
LOC112056529,PHD finger protein 14 isoform X2,CG15439,1022.604387,-0.439709468,6.67E-07,0.439709468
LOC112051971,myb/SANT-like DNA-binding domain-containing protein 4,LOC112051971,529.6333705,-0.613455651,6.68E-07,0.613455651
LOC112057070,transferrin,Tsf1,122.8081584,4.067254372,6.77E-07,-4.067254372
LOC112050403,uncharacterized protein LOC112050403,LOC112050403,1503.751338,-5.313195798,6.79E-07,5.313195798
LOC112058602,integrin beta pat-3-like,mys,160.2870967,-1.80189267,6.83E-07,1.80189267
LOC112057788,zinc finger protein 436-like,LOC112057788,375.188103,-0.893893621,6.84E-07,0.893893621
LOC112046062,calmodulin-like isoform X1,CG11638,53.04491363,2.555560951,6.86E-07,-2.555560951
LOC112051400,inhibin beta B chain,daw,29.33017925,-3.930843045,6.90E-07,3.930843045
LOC112058099,probable pseudouridine-5'-phosphatase,Gs1l,178.5109452,0.846817127,6.95E-07,-0.846817127
LOC112044293,AON96583.1 hemocytin-like protein,Hml,152.8678812,-2.554578299,7.12E-07,2.554578299
LOC112053095,golgin subfamily A member 4-like isoform X3,LOC112053095,106.6569391,-1.519620383,7.12E-07,1.519620383
LOC112051923,septin-7 isoform X1,pnut,8344.561892,0.568824334,7.14E-07,-0.568824334
LOC112044085,nucleoporin-like protein 2,LOC112044085,362.0405015,-0.664948507,7.17E-07,0.664948507
LOC112053636,anion exchange protein 3 isoform X4,Ae2,37.50595782,4.77024713,7.22E-07,-4.77024713
LOC112051121,zinc finger protein 260-like isoform X2,LOC112051121,317.5208424,-0.640315616,7.26E-07,0.640315616
LOC112045240,carboxypeptidase B-like,CG3108,601.8309268,-2.623590749,7.31E-07,2.623590749
LOC112048866,nuclear pore complex protein Nup98-Nup96,Nup98-96,2882.242636,-0.654712226,7.31E-07,0.654712226
LOC112053005,AP-3 complex subunit sigma-1,or,509.7858623,0.561435783,7.41E-07,-0.561435783
LOC112058407,protein 4.1 homolog isoform X1,cora,17085.52252,0.463841436,7.41E-07,-0.463841436
LOC112051083,uncharacterized protein LOC112051083,LOC112051083,507.813508,-0.824976515,7.42E-07,0.824976515
LOC112050458,4-coumarate--CoA ligase 1-like,pdgy,172.3372338,0.961566491,7.54E-07,-0.961566491
LOC112049547,"ribonuclease Z, mitochondrial isoform X1",JhI-1,1563.654971,0.604154543,7.59E-07,-0.604154543
LOC112051220,AON96590.1 transcription factor Adf-1-like protein,LOC112051220,49.57810984,-2.236600203,7.59E-07,2.236600203
LOC112054494,epidermal retinol dehydrogenase 2-like,firl,46.84882981,4.286789822,7.85E-07,-4.286789822
LOC112042853,CTP synthase,CTPsyn,1635.336022,0.631833841,7.85E-07,-0.631833841
LOC112055720,G-protein coupled receptor Mth2-like,mthl10,128.2165932,1.095994197,7.89E-07,-1.095994197
LOC112056341,THAP domain-containing protein 2-like,LOC112056341,156.1237584,-1.514092285,7.90E-07,1.514092285
LOC112047433,ATP-dependent RNA helicase p62-like,CG10077,898.2329269,0.76837685,7.93E-07,-0.76837685
LOC112051895,GPI inositol-deacylase,LOC112051895,84.1668885,-1.584634996,7.95E-07,1.584634996
LOC112051397,"39S ribosomal protein L50, mitochondrial",mRpL50,420.7787219,0.718790733,8.05E-07,-0.718790733
LOC112053041,haspin-like protein,Haspin,1647.880111,-0.567252677,8.06E-07,0.567252677
LOC112049324,NA,NA,1183.141881,0.575028078,8.16E-07,-0.575028078
LOC112052982,V-type proton ATPase subunit F,Vha14-1,842.0221032,0.876359511,8.39E-07,-0.876359511
LOC112053698,deoxycytidylate deaminase,CG6951,166.5506009,-0.96538713,8.43E-07,0.96538713
LOC112045990,liprin-beta-1 isoform X1,Liprin-beta,369.5140037,-0.716242105,8.47E-07,0.716242105
LOC112056355,T-complex protein 1 subunit eta,Tcp-1eta,6306.730553,0.808577412,8.50E-07,-0.808577412
LOC112045634,multidrug resistance-associated protein 4-like,CG4562,1656.340307,1.055068132,8.69E-07,-1.055068132
LOC112046073,uncharacterized protein LOC112046073,CG42671,1315.697985,-0.735631278,8.75E-07,0.735631278
LOC112053074,Phosphatidylinositol 4-kinase type 2-beta,Pi4KIIalpha,918.0383976,0.512664637,8.80E-07,-0.512664637
LOC112048328,cyclin-dependent kinase 8,Cdk8,730.4575436,-0.651904489,8.93E-07,0.651904489
LOC112053061,septin-interacting protein 1,STIP,140.834408,-1.418754191,8.95E-07,1.418754191
LOC112052852,uncharacterized protein LOC112052852 isoform X3,CG3955,23.81060067,3.064844787,8.98E-07,-3.064844787
LOC112051829,adenosine kinase,Adk2,1255.745288,0.946225867,9.01E-07,-0.946225867
LOC112049435,organic cation transporter protein-like,SLC22A,1255.337378,1.098143127,9.15E-07,-1.098143127
LOC112049510,nuclear cap-binding protein subunit 1,Cbp80,2075.019578,-0.410833516,9.17E-07,0.410833516
LOC112043503,zinc finger CCHC domain-containing protein 8 homolog,CG4622,642.3238382,-0.575377912,9.29E-07,0.575377912
LOC112056644,uncharacterized protein LOC112056644,LOC112056644,27.85963903,3.402293111,9.29E-07,-3.402293111
LOC112057930,putative glycerol-3-phosphate acyltransferase,GPAM,3602.525593,1.985119055,9.33E-07,-1.985119055
LOC112058448,YTH domain-containing family protein 3 isoform X1,Ythdf,3556.919984,-0.3691366,9.35E-07,0.3691366
LOC112047885,uncharacterized protein LOC112047885 isoform X1,LOC112047885,668.517496,-0.614952908,9.52E-07,0.614952908
LOC112055317,60 kDa SS-A/Ro ribonucleoprotein-like,LOC112055317,707.5468869,-0.625762028,9.60E-07,0.625762028
LOC112043786,Down syndrome cell adhesion molecule-like protein Dscam2,Dscam3,114.2743687,3.973275562,9.68E-07,-3.973275562
LOC112058186,cuticle protein 7-like,Cpr62Bc,14.97361309,7.497689609,9.68E-07,-7.497689609
LOC112049237,Golgi-specific brefeldin A-resistance guanine nucleotide exchange factor 1,garz,1184.187369,0.858137211,9.68E-07,-0.858137211
LOC112045315,nuclear pore membrane glycoprotein 210,LOC112045315,761.696804,-1.005949648,9.75E-07,1.005949648
LOC112050464,4-coumarate--CoA ligase 1-like,pdgy,105.5334417,1.833240155,9.83E-07,-1.833240155
LOC112051672,poly(rC)-binding protein 3 isoform X1,mub,3211.207367,-0.599907911,9.85E-07,0.599907911
LOC112046220,conserved oligomeric Golgi complex subunit 8,Cog8,630.6599716,0.525486323,9.91E-07,-0.525486323
LOC112046359,"histone-lysine N-methyltransferase, H3 lysine-79 specific-like",LOC112046359,12.19032163,7.201508219,1.01E-06,-7.201508219
LOC112057804,conserved oligomeric Golgi complex subunit 4,Cog4,462.0464139,-0.657271791,1.02E-06,0.657271791
LOC112054500,adenylate cyclase type 9,Ac13E,850.1793947,0.729485084,1.03E-06,-0.729485084
LOC112058262,BDNF/NT-3 growth factors receptor-like isoform X1,Ror,778.6932398,-1.003815425,1.06E-06,1.003815425
LOC112045506,GATOR complex protein NPRL2-like,Nprl2,673.7182686,-0.85274645,1.07E-06,0.85274645
LOC112050867,uncharacterized MFS-type transporter C09D4.1 isoform X1,CG1358,319.1680976,2.487175196,1.08E-06,-2.487175196
LOC112053999,transcription factor EB isoform X1,Mitf,435.5516271,2.11083208,1.08E-06,-2.11083208
LOC112048084,rho GDP-dissociation inhibitor 1,RhoGDI,455.9731149,-0.830577125,1.08E-06,0.830577125
LOC112054491,chromatin accessibility complex protein 1,Chrac-16,324.54784,-1.451610577,1.08E-06,1.451610577
LOC112054814,serine protease easter-like,CLIPB19,1234.645372,-0.515379099,1.09E-06,0.515379099
LOC112058038,"glycine, alanine and asparagine-rich protein-like",LOC112058038,11.68967195,7.144355607,1.10E-06,-7.144355607
LOC112045873,NA,NA,145.4514124,-1.9755844,1.12E-06,1.9755844
LOC112047351,"probable 39S ribosomal protein L24, mitochondrial",mRpL24,714.5712953,0.593933255,1.12E-06,-0.593933255
LOC112047901,FK506-binding protein 59 isoform X2,FKBP59,5317.524478,-0.844800194,1.12E-06,0.844800194
LOC112045351,short-chain dehydrogenase/reductase family 16C member 6,CG15629,275.9390555,1.69947861,1.13E-06,-1.69947861
LOC112052124,SRSF protein kinase 3,SRPK,3047.065773,-0.448517014,1.15E-06,0.448517014
LOC112057438,condensin complex subunit 2,barr,72.46672783,-2.406222534,1.15E-06,2.406222534
LOC112056025,potassium channel subfamily K member 15,sand,11.53069681,-6.984002709,1.15E-06,6.984002709
LOC112048201,cold shock domain-containing protein CG9705,CSDC2,972.5518976,-0.405614551,1.16E-06,0.405614551
LOC112056608,NA,NA,21.54757038,-2.790331456,1.16E-06,2.790331456
LOC112054673,protein lethal(2)essential for life-like,LOC112054673,539.6619123,1.860841805,1.18E-06,-1.860841805
LOC112052581,Mitochondrial oxodicarboxylate carrier,LOC112052581,285.17041,-0.889149938,1.18E-06,0.889149938
LOC112051794,cyclin-dependent kinase 10,cdc2rk,986.0805406,-0.798788462,1.19E-06,0.798788462
LOC112044048,protein lethal(2)essential for life-like,l(2)efl,242.6403968,-0.718264736,1.19E-06,0.718264736
LOC112048415,nardilysin-like,Nrd1,937.1675726,0.64014197,1.20E-06,-0.64014197
LOC112043107,circadian clock-controlled protein-like,dyw,275.0597063,-7.476374866,1.20E-06,7.476374866
LOC112046760,Coiled-coil-helix-coiled-coil-helix domain-containing protein 1,CG12848,259.9795004,0.857455393,1.21E-06,-0.857455393
LOC112045283,Partitioning defective protein 6,par-6,791.621441,-0.74397253,1.23E-06,0.74397253
LOC112057612,multiple inositol polyphosphate phosphatase 1-like,Mipp2,90.57522354,-3.778312987,1.23E-06,3.778312987
LOC112047739,zinc transporter ZIP9,Zip102B,723.166582,0.648026228,1.24E-06,-0.648026228
LOC112052223,motile sperm domain-containing protein 1-like,LOC112052223,228.6153441,1.034450007,1.27E-06,-1.034450007
LOC112044035,proteasome subunit beta type-2,Prosbeta4,2361.941667,0.4380017,1.27E-06,-0.4380017
LOC112047356,DNA repair protein RAD51 homolog 3-like,spn-D,97.86087078,-1.897043737,1.28E-06,1.897043737
LOC112043579,eukaryotic translation initiation factor 4E type 2,4EHP,2641.125814,0.626409044,1.28E-06,-0.626409044
LOC112045020,alpha-tocopherol transfer protein-like,CG2663,11.68223224,7.117756187,1.30E-06,-7.117756187
LOC112051324,nucleolar protein 16,CG11563,629.3607776,0.683782294,1.31E-06,-0.683782294
LOC112058320,myophilin,CG5023,104.5974438,5.880508665,1.33E-06,-5.880508665
LOC112046291,"cytochrome c oxidase assembly factor 3, mitochondrial",Ccdc56,211.3943336,1.073895032,1.33E-06,-1.073895032
LOC112049413,"cAMP and cAMP-inhibited cGMP 3',5'-cyclic phosphodiesterase 10A-like",Pde6,94.56089505,4.75815721,1.33E-06,-4.75815721
LOC112043318,OWR43113.1 dynactin subunit 3,LOC112043318,589.1252815,0.545770492,1.34E-06,-0.545770492
LOC112058181,cuticle protein 7-like,Cpr76Bb,16.13907023,6.639959494,1.34E-06,-6.639959494
LOC112052563,UPF0430 protein CG31712,CG31712,802.8580425,-0.553300291,1.35E-06,0.553300291
LOC112046852,peptidyl-prolyl cis-trans isomerase FKBP2,CG14715,998.7792497,-0.562108382,1.39E-06,0.562108382
LOC112045173,zinc finger protein 37-like,LOC112045173,85.72199287,-1.328476572,1.39E-06,1.328476572
LOC112058370,beclin-1-like protein A,LOC112058370,76.50231273,-1.481120976,1.40E-06,1.481120976
LOC112054355,protein MAK16 homolog A,Rbm13,1011.534785,0.82157809,1.40E-06,-0.82157809
LOC112054886,alpha-tocopherol transfer protein-like,CG11550,53.07926413,2.263975839,1.41E-06,-2.263975839
LOC112051783,mitochondrial-processing peptidase subunit alpha,CG8728,1243.693738,0.632976988,1.42E-06,-0.632976988
LOC112050003,probable 18S rRNA (guanine-N(7))-methyltransferase,CG10903,387.5748867,0.87702071,1.43E-06,-0.87702071
LOC112056089,rho guanine nucleotide exchange factor 11 isoform X2,LOC112056089,205.1474357,0.933917953,1.44E-06,-0.933917953
LOC112055538,innexin inx1,ogre,1139.479166,-1.102722699,1.44E-06,1.102722699
LOC112043616,"glutamate dehydrogenase, mitochondrial",Gdh,7464.595361,0.461191313,1.44E-06,-0.461191313
LOC112048579,LMBR1 domain-containing protein 2 homolog isoform X1,CG8135,509.2499511,0.953045011,1.46E-06,-0.953045011
LOC112049684,40S ribosomal protein SA,sta,48988.31107,0.4699636,1.46E-06,-0.4699636
LOC112051273,immediate early response 3-interacting protein 1,CG32069,450.9146966,1.197216649,1.47E-06,-1.197216649
LOC112045369,Mucosa-associated lymphoid tissue lymphoma translocation protein 1,LOC112045369,556.3444979,1.078563898,1.47E-06,-1.078563898
LOC112053101,pericentrin-like isoform X1,Plp,72.45948868,-1.995970466,1.48E-06,1.995970466
LOC112047567,BTB/POZ domain-containing adapter for CUL3-mediated RhoA degradation protein 3,CG10465,766.6366605,-0.541659726,1.48E-06,0.541659726
LOC112047017,syntaxin-1A isoform X5,Syx1A,637.3860717,1.321407509,1.48E-06,-1.321407509
LOC112044527,odorant binding protein,LOC112044527,108.2833448,2.112103507,1.51E-06,-2.112103507
LOC112058353,kelch-like protein 26 isoform X1,LOC112058353,78.47030541,-1.276328821,1.53E-06,1.276328821
LOC112048010,vacuolar protein sorting-associated protein 13D,Vps13D,817.0789218,-1.097824575,1.56E-06,1.097824575
LOC112052275,sorting nexin-13-like isoform X1,snz,384.0536541,-0.624705127,1.56E-06,0.624705127
LOC112053066,mitochondrial pyruvate carrier 2-like isoform X2,CG9399,721.261556,0.558424867,1.58E-06,-0.558424867
LOC112052490,membrane-bound alkaline phosphatase-like isoform X1,Alp9,16.11086938,5.086621726,1.59E-06,-5.086621726
LOC112051944,NADH-ubiquinone oxidoreductase subunit 8-like,Ndufs8,1382.931216,0.683779443,1.59E-06,-0.683779443
LOC112053826,Lipoate protein ligase,CG42837,191.470655,0.914128944,1.59E-06,-0.914128944
LOC112048417,"dnaJ homolog subfamily C member 30, mitochondrial-like",CG11035,302.8649652,1.053750218,1.60E-06,-1.053750218
LOC112058311,cuticle protein 7-like,Cpr62Bb,10.84248691,7.041028851,1.61E-06,-7.041028851
LOC112051092,centromere-associated protein E-like,LOC112051092,872.513284,-0.694689761,1.62E-06,0.694689761
LOC112047742,uncharacterized protein LOC112047742,LOC112047742,225.5375265,1.315270022,1.63E-06,-1.315270022
LOC112047732,scavenger receptor class B member 1 isoform X2,SCRB9,9929.773906,0.750624432,1.64E-06,-0.750624432
LOC112047770,zinc finger protein 568-like isoform X4,LOC112047770,462.2619532,-0.618368263,1.65E-06,0.618368263
LOC112052483,cell division cycle protein 23 homolog,Cdc23,441.3818611,-0.556697672,1.66E-06,0.556697672
LOC112043309,collagen alpha-1(III) chain-like isoform X1,LOC112043309,5620.464731,-0.736103907,1.68E-06,0.736103907
LOC112048180,nuclear pore complex protein Nup214-like isoform X2,Nup214,2343.043701,-0.395825846,1.68E-06,0.395825846
LOC112051046,semaphorin-2A-like,Sema2a,566.0770094,-1.644961993,1.69E-06,1.644961993
LOC112049476,histone H2A,His2A:CG31618,111.3955346,-1.316118542,1.69E-06,1.316118542
LOC112055033,AP-1 complex subunit mu-1,AP1M1,1882.8979,0.530211748,1.71E-06,-0.530211748
LOC112053306,rab-like protein 3,CG4789,277.6320134,-1.026083198,1.72E-06,1.026083198
LOC112050330,protein male-specific lethal-3,msl-3,533.3287482,-0.815833373,1.73E-06,0.815833373
LOC112053305,general transcription factor IIE subunit 1,TfIIEalpha,326.6258834,-0.855952018,1.74E-06,0.855952018
LOC112057136,histone acetyltransferase type B catalytic subunit,Hat1,215.1683722,-1.822701373,1.78E-06,1.822701373
LOC112046118,E3 ubiquitin-protein ligase AMFR-like,LOC112046118,186.4075745,-0.802459828,1.78E-06,0.802459828
LOC112052335,aldo-keto reductase AKR2E4-like,CG10863,60.0893785,-2.261671333,1.80E-06,2.261671333
LOC112045538,uncharacterized protein LOC112045538 isoform X2,LOC112045538,384.5175518,-1.034478705,1.81E-06,1.034478705
LOC112046448,40S ribosomal protein S29,RpS29,3339.973779,0.995791823,1.82E-06,-0.995791823
LOC112053455,Serine proteinase stubble,CG40160,60.58930668,3.768167814,1.82E-06,-3.768167814
LOC112043123,Gag-pol polyprotein,LOC112043123,65.10596088,-3.401426497,1.82E-06,3.401426497
LOC112053300,lanC-like protein 2,LOC112053300,102.3582682,-1.268534517,1.83E-06,1.268534517
LOC112052153,serine protease inhibitor 77Ba-like,Spn42Dd,25.21318218,-2.653891599,1.83E-06,2.653891599
LOC112043092,"D-beta-hydroxybutyrate dehydrogenase, mitochondrial",CG8888,34.57786661,6.179222598,1.83E-06,-6.179222598
LOC112057643,disheveled-associated activator of morphogenesis 1 isoform X2,DAAM,29.47114689,2.414209954,1.84E-06,-2.414209954
LOC112047176,lanC-like protein 3,GPRNNB2,321.1701287,-0.906646785,1.84E-06,0.906646785
LOC112044367,zinc finger protein-like 1 homolog,CG5382,928.8020413,0.600363529,1.85E-06,-0.600363529
LOC112044737,uncharacterized protein LOC112044737,CG5466,418.5715982,-0.675431049,1.86E-06,0.675431049
LOC112052210,60S ribosomal protein L39,RPL39,2987.283578,0.954773899,1.86E-06,-0.954773899
LOC112049214,zinc finger protein 2 homolog isoform X1,LOC112049214,2379.361713,-0.613903514,1.87E-06,0.613903514
LOC112046016,signal peptidase complex subunit 3,Spase22-23,1852.222028,0.54807868,1.87E-06,-0.54807868
LOC112054842,"39S ribosomal protein L32, mitochondrial",mRpL32,378.0581668,0.731428461,1.88E-06,-0.731428461
LOC112051109,probable DNA replication complex GINS protein PSF2,Psf2,168.1902097,-1.435061796,1.89E-06,1.435061796
LOC112042917,Bombyxin A-2-like,LOC112042917,24.96066483,3.029293762,1.90E-06,-3.029293762
LOC112057115,SH2 domain-containing protein 4B-like,LOC112057115,637.292769,9.434364211,1.90E-06,-9.434364211
LOC112043953,acyl-CoA Delta(11) desaturase,CG15531,281.1358701,6.090965239,1.91E-06,-6.090965239
LOC112058622,extracellular serine/threonine protein kinase four-jointed,fj,2261.363829,1.708980537,1.91E-06,-1.708980537
LOC112051238,zinc finger protein 2 homolog,CG18476,263.0845509,-0.724603937,1.92E-06,0.724603937
LOC112047990,aladin-like,Aladin,432.5388789,-0.847735322,1.94E-06,0.847735322
LOC112043746,protein Wnt-7b-like isoform X1,Wnt7,674.0618353,1.330417579,2.00E-06,-1.330417579
LOC112043771,pancreatic triacylglycerol lipase-like,CG18258,166.3114212,-2.489902062,2.02E-06,2.489902062
LOC112046199,BET1 homolog,Bet1,575.7715947,0.797220083,2.08E-06,-0.797220083
LOC112054839,major facilitator superfamily domain-containing protein 9-like,LOC112054839,1540.125812,1.142786845,2.08E-06,-1.142786845
LOC112048667,lysine--tRNA ligase isoform X1,Aats-lys,497.4702949,0.681307992,2.09E-06,-0.681307992
LOC112056350,aquaporin AQPAe.a isoform X2,Drip,1408.892992,-0.970087346,2.10E-06,0.970087346
LOC112044004,26S proteasome regulatory subunit 10B,Rpt4,3720.676998,0.497021331,2.10E-06,-0.497021331
LOC112048019,uncharacterized protein LOC112048019 isoform X1,LOC112048019,50.15391238,2.18242855,2.10E-06,-2.18242855
LOC112055428,SPRY domain-containing SOCS box protein 3-like isoform X1,LOC112055428,319.9583991,-0.752646453,2.15E-06,0.752646453
LOC112052459,"4-aminobutyrate aminotransferase, mitochondrial",Gabat,444.4169619,-0.960508932,2.15E-06,0.960508932
LOC112053321,rho GTPase-activating protein 26,Graf,752.3863378,0.78521381,2.16E-06,-0.78521381
LOC112055610,sulfotransferase 1C4-like,St4,233.5125248,1.951531604,2.24E-06,-1.951531604
LOC112057934,organic cation transporter protein-like isoform X2,CG8654,43.03954791,4.038358949,2.24E-06,-4.038358949
LOC112051782,uncharacterized protein LOC112051782,LOC112051782,308.2684852,-1.395305853,2.26E-06,1.395305853
LOC112055973,uncharacterized protein LOC112055973,CG31998,1621.479127,0.743158316,2.27E-06,-0.743158316
LOC112053924,glycogen synthase kinase-3 beta isoform X1,sgg,6305.307027,0.378101892,2.29E-06,-0.378101892
LOC112052756,"high affinity cAMP-specific and IBMX-insensitive 3',5'-cyclic phosphodiesterase 8 isoform X4",Pde8,1047.628133,1.331407006,2.30E-06,-1.331407006
LOC112044577,Envelope fusion protein,LOC112044577,33.16878846,-3.647407664,2.32E-06,3.647407664
LOC112044573,"leucine-rich PPR motif-containing protein, mitochondrial",bsf,2599.77355,0.656121639,2.35E-06,-0.656121639
LOC112048988,carotenoid isomerooxygenase-like,ninaB,22.33418582,2.536988699,2.36E-06,-2.536988699
LOC112051331,phosphatidylinositol glycan anchor biosynthesis class U protein,PIGU,999.833593,1.348210358,2.37E-06,-1.348210358
LOC112051385,C-C chemokine receptor type 7-like,LOC112051385,403.7947868,-1.03099007,2.37E-06,1.03099007
LOC112044808,putative ATP-dependent RNA helicase me31b,me31B,8328.122589,-0.305691653,2.38E-06,0.305691653
LOC112053755,caskin-2 isoform X1,ckn,1705.705414,0.430599587,2.39E-06,-0.430599587
LOC112049392,DALR anticodon-binding domain-containing protein 3,LOC112049392,467.9742456,0.582025864,2.41E-06,-0.582025864
LOC112046305,Down syndrome cell adhesion molecule-like protein Dscam2,Dscam,1514.49025,-1.285279354,2.45E-06,1.285279354
LOC112057695,calcineurin-binding protein cabin-1-like,LOC112057695,1099.027857,-0.79125279,2.48E-06,0.79125279
LOC112042890,uncharacterized protein LOC112042890,LOC112042890,42.15106026,-1.675060453,2.49E-06,1.675060453
LOC112050079,apoptosis-inducing factor 3 isoform X1,CG4199,1032.086347,0.746915234,2.50E-06,-0.746915234
LOC112052853,---NA---,kuz,100.4071021,-1.251073549,2.51E-06,1.251073549
LOC112045132,putative fatty acyl-CoA reductase CG5065,CG30427,25.11879063,3.679589184,2.55E-06,-3.679589184
LOC112044112,uncharacterized protein LOC112044112,LOC112044112,98.08542065,-1.364503929,2.55E-06,1.364503929
LOC112049025,Eukaryotic translation elongation factor 1 epsilon-1,LOC112049025,1129.56304,0.732192468,2.58E-06,-0.732192468
LOC112045348,"1,4-alpha-glucan-branching enzyme",AGBE,1828.189306,0.653390527,2.58E-06,-0.653390527
LOC112053167,"39S ribosomal protein L18, mitochondrial",mRpL18,440.5575725,0.851146764,2.62E-06,-0.851146764
LOC112055486,calpain-D,sol,481.8136853,-0.916847227,2.65E-06,0.916847227
LOC112058006,OWR42567.1 putative ubiquitin-conjugating enzyme morgue,morgue,558.7408391,-0.499736829,2.66E-06,0.499736829
LOC112042976,division abnormally delayed protein,dally,1887.569279,-1.033265988,2.71E-06,1.033265988
LOC112056215,rhophilin-2 isoform X2,Rhp,2267.223631,1.069862844,2.71E-06,-1.069862844
LOC112044772,eukaryotic translation initiation factor 3 subunit D,eIF3-S7,5756.416168,0.65874513,2.74E-06,-0.65874513
LOC112045713,suppressor of cytokine signaling 4-like,Socs36E,360.8358989,-1.009979943,2.78E-06,1.009979943
LOC112050360,zinc finger protein 358-like,LOC112050360,1054.860068,0.454503616,2.78E-06,-0.454503616
LOC112048101,iron-sulfur cluster assembly scaffold protein IscU,IscU,817.7859351,0.465277333,2.78E-06,-0.465277333
LOC112043329,"presenilins-associated rhomboid-like protein, mitochondrial",rho-7,794.2815111,0.562041927,2.79E-06,-0.562041927
LOC112049646,putative tRNA pseudouridine synthase Pus10,CG3709,978.5952169,-0.602222494,2.80E-06,0.602222494
LOC112044755,histidine-rich glycoprotein-like,LOC112044755,18.203861,7.770945451,2.84E-06,-7.770945451
LOC112045145,thrombospondin type-1 domain-containing protein 4-like,loh,515.7232904,-1.894792308,2.86E-06,1.894792308
LOC112052665,protein D3-like,CG10298,10.35680085,6.953489593,2.88E-06,-6.953489593
LOC112053432,BAM19557.1  CG13675,CG13675,207.6661837,3.739484628,2.92E-06,-3.739484628
LOC112055514,protein cycle isoform X2,cyc,123.6864287,0.955212372,2.92E-06,-0.955212372
LOC112046310,protein capicua homolog isoform X1,cic,622.4379494,-0.712553697,2.92E-06,0.712553697
LOC112048824,ubiquitin thioesterase otubain-like,CG4968,1144.78205,-0.582443264,2.93E-06,0.582443264
LOC112055144,transferrin-like,Tsf3,247.1835894,2.620218711,2.98E-06,-2.620218711
LOC112055758,surfeit locus protein 1,Surf1,302.2852396,0.694767909,3.07E-06,-0.694767909
LOC112053027,NA,NA,25.09501064,-2.448733518,3.07E-06,2.448733518
LOC112046889,exostosin-1,ttv,932.0298241,-0.561518758,3.09E-06,0.561518758
LOC112051168,probable phospholipid-transporting ATPase IA isoform X4,ATP8A,890.4599992,-0.613649106,3.11E-06,0.613649106
LOC112052147,Protein SERAC1,CG5455,517.6385706,1.132939009,3.14E-06,-1.132939009
LOC112053584,bolA-like protein DDB_G0274169,CG31126,354.4183277,0.866875507,3.14E-06,-0.866875507
LOC112043385,putative peptidyl-prolyl cis-trans isomerase dodo isoform X2,dod,1369.923437,-0.872765031,3.19E-06,0.872765031
LOC112046638,trithorax group protein osa isoform X1,osa,1614.18531,-0.762407105,3.19E-06,0.762407105
LOC112053250,Spectrin alpha chain,LOC112053250,41.67895313,-2.424240988,3.19E-06,2.424240988
LOC112058404,actin-related protein 8,Arp8,456.0834325,-0.685362948,3.22E-06,0.685362948
LOC112046716,RNA-binding protein 45-like,CG1316,330.1258599,-1.239652792,3.22E-06,1.239652792
LOC112052282,protein lin-54 homolog isoform X1,mip120,608.2380985,-0.686571658,3.29E-06,0.686571658
LOC112058253,suppressor APC domain-containing protein 2,CG3880,972.0614049,0.766741174,3.30E-06,-0.766741174
LOC112044868,"39S ribosomal protein L38, mitochondrial",mRpL38,840.8739231,0.740918404,3.31E-06,-0.740918404
LOC112052737,NA,NA,20.93458906,-5.057148825,3.33E-06,5.057148825
LOC112056869,OWR51406.1 fibroin-modulator-binding protein-1,LOC112056869,493.2963776,-0.839177557,3.34E-06,0.839177557
LOC112045065,nuclear transcription factor Y subunit B-1 isoform X1,Nf-YB,1483.350163,0.792524938,3.35E-06,-0.792524938
LOC112042884,"calcium/calmodulin-dependent 3',5'-cyclic nucleotide phosphodiesterase 1C-like isoform X2",dnc,191.1751026,1.014526515,3.37E-06,-1.014526515
LOC112044662,transcriptional regulator ATRX homolog isoform X2,LOC112044662,1245.569978,-0.516126717,3.38E-06,0.516126717
LOC112056867,protein anoxia up-regulated-like isoform X2,LOC112056867,43.09124795,3.835026562,3.38E-06,-3.835026562
LOC112044911,cuticle protein 12.5-like,LOC112044911,15.58502152,-7.399817422,3.40E-06,7.399817422
LOC112047795,ATP-dependent RNA helicase DDX54,CG32344,1243.96596,0.779825092,3.41E-06,-0.779825092
LOC112052736,post-GPI attachment to proteins factor 3,PGAP3,125.8823097,-1.310841888,3.43E-06,1.310841888
LOC112048241,BAU25679.1 apontic-like,LOC112048241,465.2334322,0.545447001,3.54E-06,-0.545447001
LOC112051946,zinc finger protein 92-like isoform X1,LOC112051946,249.5266684,-0.691217464,3.54E-06,0.691217464
LOC112056878,uncharacterized protein LOC112056878,CG2519,203.8527027,-0.764445386,3.57E-06,0.764445386
LOC112047036,ATP-binding cassette sub-family A member 1-like,ABCA,1405.063428,-1.286129764,3.57E-06,1.286129764
LOC112047759,fatty acid synthase-like,FASN3,38.2155674,2.249340851,3.60E-06,-2.249340851
LOC112055555,probable phosphorylase b kinase regulatory subunit beta isoform X1,CG8475,803.6143661,0.752615614,3.62E-06,-0.752615614
LOC112056486,translocon-associated protein subunit delta,Tapdelta,4278.62448,2.311358586,3.64E-06,-2.311358586
LOC112056791,protein muscleblind isoform X2,mbl,7093.290702,0.518158708,3.65E-06,-0.518158708
LOC112051154,microtubule-associated protein Jupiter isoform X1,Jupiter,382.4524462,1.435707104,3.73E-06,-1.435707104
LOC112052927,stromal cell-derived factor 2,CG11999,783.5342055,-0.577856169,3.74E-06,0.577856169
LOC112052475,alpha-tocopherol transfer protein-like isoform X2,CG10237,128.9464393,1.501963557,3.77E-06,-1.501963557
LOC112055534,uncharacterized protein LOC112055534 isoform X1,LOC112055534,144.4928689,-2.481968421,3.78E-06,2.481968421
LOC112052322,nipped-B protein,Nipped-B,2823.227141,-0.387076371,3.79E-06,0.387076371
LOC112043304,bystin,bys,1483.717531,0.64657364,3.80E-06,-0.64657364
LOC112044046,peroxisomal acyl-coenzyme A oxidase 3,CG17544,229.2404382,-1.339865927,3.87E-06,1.339865927
LOC112053114,L-ascorbate oxidase-like,stw,514.1789419,0.964530121,3.90E-06,-0.964530121
LOC112042875,max-like protein X,bigmax,386.2695672,0.97094014,3.92E-06,-0.97094014
LOC112054753,xanthine dehydrogenase 1-like,AOX3,40.78111042,2.581619948,3.94E-06,-2.581619948
LOC112052280,ubiA prenyltransferase domain-containing protein 1 homolog,heix,853.1795538,0.461357042,3.94E-06,-0.461357042
LOC112058277,transcription-associated protein 1 isoform X2,Nipped-A,3062.839909,-0.622311765,4.00E-06,0.622311765
LOC112049136,Kettin protein,LOC112049136,52.37836125,3.712101939,4.00E-06,-3.712101939
LOC112045386,protein Wnt-5b-like,Wnt5,29.94735784,-4.847024386,4.04E-06,4.847024386
LOC112053505,fizzy-related protein homolog,fzr,136.2157712,-1.328198798,4.05E-06,1.328198798
LOC112052196,Macrophage MHC class 1 receptor 2 protein,SP1173,7457.249711,0.312721741,4.08E-06,-0.312721741
LOC112054077,serine/arginine repetitive matrix protein 1-like isoform X1,LOC112054077,1114.110465,-0.524441391,4.08E-06,0.524441391
LOC112054601,exportin-2,Cas,1553.744628,-0.477180578,4.08E-06,0.477180578
LOC112047211,senecionine N-oxygenase-like isoform X1,Fmo-1,33.83780942,3.449493517,4.09E-06,-3.449493517
LOC112056291,DNA-directed RNA polymerase II subunit RPB1-like,Rgk2,12.46730698,7.231296626,4.09E-06,-7.231296626
LOC112044483,trafficking protein particle complex subunit 5,Trs31,675.5959838,0.677518987,4.10E-06,-0.677518987
LOC112048045,zinc finger protein 43-like isoform X1,LOC112048045,458.5157076,-0.647669002,4.10E-06,0.647669002
LOC112051893,enhancer of split mbeta protein-like,E(spl)mbeta-HLH,354.4151094,-1.149413948,4.11E-06,1.149413948
LOC112046051,ras-related protein Rap-2c,Rap2l,1887.821142,0.442272421,4.12E-06,-0.442272421
LOC112046459,zinc finger CCHC domain-containing protein 4,LOC112046459,901.5213277,0.788540613,4.14E-06,-0.788540613
LOC112054629,cell adhesion molecule 1 isoform X1,dpr18,72.32236881,3.308683591,4.14E-06,-3.308683591
LOC112051767,piwi-like protein Siwi,aub,178.7615656,-0.862149072,4.19E-06,0.862149072
LOC112043491,beta-mannosidase,beta-Man,667.3192377,-0.920383537,4.21E-06,0.920383537
LOC112049654,tau-tubulin kinase 1,Asator,352.068526,0.624498572,4.24E-06,-0.624498572
LOC112047003,calsyntenin-1,Cals,19580.5942,0.482253878,4.33E-06,-0.482253878
LOC112055426,amyloid protein-binding protein 2,Pat1,968.362459,1.078372828,4.33E-06,-1.078372828
LOC112057849,putative ATP-dependent RNA helicase DHX57,CG1582,559.0211204,0.443128302,4.33E-06,-0.443128302
LOC112053384,uncharacterized protein LOC112053384,LOC112053384,75.68857538,-2.000283103,4.34E-06,2.000283103
LOC112052192,"39S ribosomal protein L34, mitochondrial",mRpL34,228.7645021,1.017289947,4.35E-06,-1.017289947
LOC112043181,prolactin-releasing peptide receptor-like,sNPF-R,21.66348246,4.748826666,4.36E-06,-4.748826666
LOC112056635,toll-like receptor 3,LOC112056635,472.4520766,-1.433455722,4.43E-06,1.433455722
LOC112043480,uncharacterized protein LOC112043480,LOC112043480,373.9918624,9.233800961,4.44E-06,-9.233800961
LOC112047571,uncharacterized protein LOC112047571,LOC112047571,18.92418785,4.061970573,4.44E-06,-4.061970573
LOC112044580,"neuroligin-4, Y-linked isoform X1",NLG-3,45.9895607,2.135758195,4.45E-06,-2.135758195
LOC112049117,uncharacterized protein LOC112049117 isoform X1,qtc,245.6538345,0.87542354,4.52E-06,-0.87542354
LOC112057770,endocuticle structural glycoprotein SgAbd-1-like,Cpr49Aa,10.06346715,6.918228209,4.53E-06,-6.918228209
LOC112047238,Histone-lysine N-methyltransferase MLL5,upSET,1133.453343,-0.763205567,4.57E-06,0.763205567
LOC112045742,E3 ubiquitin-protein ligase MSL2,msl-2,152.8084795,-0.838852886,4.63E-06,0.838852886
LOC112049341,probable H/ACA ribonucleoprotein complex subunit 1,CG4038,1548.2276,0.412981006,4.63E-06,-0.412981006
LOC112050080,"ribosomal protein 63, mitochondrial",CG14817,432.9715349,1.067882268,4.67E-06,-1.067882268
LOC112052140,ADP-ribosylation factor-like protein 6-interacting protein 1,LOC112052140,564.6461451,-0.90999399,4.69E-06,0.90999399
LOC112046699,WD repeat-containing protein 19,Oseg6,820.3426461,-0.911265673,4.70E-06,0.911265673
LOC112057142,NADH dehydrogenase subunit 5,mt:ND5,1310.236343,-1.210683634,4.85E-06,1.210683634
LOC112050055,uncharacterized protein LOC112050055 isoform X1,CG31886,257.5666375,1.404567945,4.85E-06,-1.404567945
LOC112049508,mortality factor 4-like protein 1,MRG15,1211.128512,-0.451867643,4.88E-06,0.451867643
LOC112057369,"uncharacterized protein LOC112057369, partial",CG15020,11.29553289,7.100743682,4.89E-06,-7.100743682
LOC112050248,phosphatidylinositide phosphatase SAC1,Sac1,1420.461571,0.525354632,4.92E-06,-0.525354632
LOC112046646,suppressor of lurcher protein 1-like,CG34402,18.05214228,5.888022823,4.95E-06,-5.888022823
LOC112046214,septin-2 isoform X1,38231,59.84758899,2.176230093,4.98E-06,-2.176230093
LOC112050651,GATA zinc finger domain-containing protein 14-like,LOC112050651,12.10371417,7.161925765,4.99E-06,-7.161925765
LOC112046941,uncharacterized protein LOC112046941,LOC112046941,626.3973618,-0.621751276,5.02E-06,0.621751276
LOC112053880,"NADH dehydrogenase [ubiquinone] flavoprotein 1, mitochondrial",Ndufv1,2143.945387,0.808795938,5.10E-06,-0.808795938
LOC112046901,DNA-directed RNA polymerase II subunit RPB1,RpII215,3721.897381,-0.594081132,5.17E-06,0.594081132
LOC112055966,putative harmonin,CG5921,1352.195448,-0.856566684,5.18E-06,0.856566684
LOC112049486,tropomyosin-1,Tm2,121.4763137,4.843017354,5.18E-06,-4.843017354
LOC112048853,protein brunelleschi,brun,1378.576547,0.497762754,5.18E-06,-0.497762754
LOC112045256,putative Rho GTPase regulating protein,cv-c,2934.108987,-0.847858122,5.22E-06,0.847858122
LOC112057184,"uncharacterized protein LOC112057184, partial",LOC112057184,256.8635517,-1.202689422,5.23E-06,1.202689422
LOC112057229,methylated-DNA--protein-cysteine methyltransferase,MGT1,109.0756331,-1.280208659,5.23E-06,1.280208659
LOC112051867,cilia- and flagella-associated protein 43,CG17687,155.819421,-3.477547587,5.24E-06,3.477547587
LOC112046341,protein disulfide-isomerase A5,CG9302,641.3551224,0.597994909,5.25E-06,-0.597994909
LOC112047069,nucleoporin SEH1,Nup44A,945.6624654,-0.54054618,5.25E-06,0.54054618
LOC112048422,zinc finger CCCH domain-containing protein 13 isoform X2,CG12075,1058.168341,0.976981452,5.40E-06,-0.976981452
LOC112058021,protein twisted gastrulation,cv,1126.73022,-0.792881931,5.50E-06,0.792881931
LOC112044245,mitogen-activated protein kinase 14B-like isoform X1,p38b,986.9934355,0.5875653,5.51E-06,-0.5875653
LOC112043218,E3 ubiquitin-protein ligase MYLIP,dnr1,863.8752686,1.081472177,5.52E-06,-1.081472177
LOC112056038,zinc finger protein 260-like isoform X1,LOC112056038,277.3408461,-2.935961952,5.55E-06,2.935961952
LOC112058621,Mitogen-activated protein kinase-binding protein 1,Wdr62,39.88053314,-1.550033509,5.55E-06,1.550033509
LOC112055334,ATP-binding cassette sub-family F member 3,CG9330,925.7914924,0.56234624,5.57E-06,-0.56234624
LOC112050929,ATPase family AAA domain-containing protein 2-like isoform X1,TER94,198.2748249,-0.969322386,5.59E-06,0.969322386
LOC112045731,epidermal growth factor receptor isoform X1,Egfr,1704.60435,0.727610964,5.63E-06,-0.727610964
LOC112050663,dynein light chain Tctex-type,Dlc90F,1713.756491,-0.623149905,5.68E-06,0.623149905
LOC112055106,MOG interacting and ectopic P-granules protein 1-like,MEP-1,499.6562382,-0.614125531,5.69E-06,0.614125531
LOC112051998,putative helix-loop-helix protein hen,HLH3B,88.44634481,-2.080765733,5.69E-06,2.080765733
LOC112051008,THAP domain-containing protein 5-like isoform X3,LOC112051008,295.1769739,-1.387981625,5.70E-06,1.387981625
LOC112053289,lipase 1-like,CG18301,29.66748984,3.237064945,5.77E-06,-3.237064945
LOC112045600,UDP-glucuronosyltransferase 2B4-like isoform X2,Ugt35D1,236.3181228,3.581789691,5.81E-06,-3.581789691
LOC112055815,Down syndrome cell adhesion molecule-like protein Dscam2 isoform X1,Dscam,1639.602833,-1.418291846,5.82E-06,1.418291846
LOC112043925,multidrug resistance-associated protein 1 isoform X1,MRP,1714.314369,0.517164236,5.87E-06,-0.517164236
LOC112047538,"ribosome-recycling factor, mitochondrial",mRRF1,306.259468,-0.975949598,5.88E-06,0.975949598
LOC112051464,DNA polymerase nu-like,LOC112051464,32.209451,4.534611075,5.93E-06,-4.534611075
LOC112057763,cleavage stimulation factor subunit 2 tau variant,CstF-64,638.481321,-0.532813022,6.00E-06,0.532813022
LOC112047788,SET and MYND domain-containing protein 4-like,Smyd4-3,273.191038,-0.726951787,6.07E-06,0.726951787
LOC112042826,cytochrome P450 6B2-like,Cyp6a8,693.091214,1.994303151,6.08E-06,-1.994303151
LOC112043822,DPH3 homolog,Dph3,199.5850523,0.808281041,6.16E-06,-0.808281041
LOC112047486,uncharacterized protein LOC112047486,LOC112047486,161.6204324,1.31449423,6.16E-06,-1.31449423
LOC112044302,cystathionine beta-synthase-like,Cbs,2287.245256,0.873910557,6.21E-06,-0.873910557
LOC112058278,plexin-B,PlexB,1701.327628,-0.710022917,6.22E-06,0.710022917
LOC112058443,esterase FE4-like,CG4382,94.06647487,-2.242064226,6.24E-06,2.242064226
LOC112049682,uncharacterized protein LOC112049682,Amun,1980.8665,-0.389035522,6.34E-06,0.389035522
LOC112048834,formin-like protein 18,Reph,237.9382139,-0.999624617,6.47E-06,0.999624617
LOC112050433,protein DDI1 homolog 2,rngo,2576.53674,-0.338546986,6.52E-06,0.338546986
LOC112043924,splicing factor U2af 38 kDa subunit,U2af38,1459.595205,-0.477866688,6.57E-06,0.477866688
LOC112056585,NA,NA,16.34147824,2.934492286,6.66E-06,-2.934492286
LOC112046166,zinc finger protein 37-like isoform X1,LOC112046166,839.1503072,-0.861448466,6.68E-06,0.861448466
LOC112047306,NA,NA,164.8794417,-0.979134508,6.70E-06,0.979134508
LOC112046330,triosephosphate isomerase,Tpi,3500.867008,0.634128882,6.70E-06,-0.634128882
LOC112047826,uncharacterized protein LOC112047826,LOC112047826,484.2355503,-0.685382435,6.72E-06,0.685382435
LOC112052576,uncharacterized protein LOC112052576,east,1159.533721,-0.654254445,6.75E-06,0.654254445
LOC112048036,protein NDNF-like,LOC112048036,295.800554,-2.032514325,6.77E-06,2.032514325
LOC112049919,eukaryotic translation initiation factor 4H isoform X1,eIF4H1,1709.217942,-0.357348991,6.80E-06,0.357348991
LOC112048006,polyhomeotic-proximal chromatin protein-like isoform X1,ph-p,931.5873054,-0.491220157,6.80E-06,0.491220157
LOC112052656,uncharacterized protein LOC112052656,LOC112052656,115.868656,2.57240212,6.81E-06,-2.57240212
LOC112043582,integrin alpha-4-like,LOC112043582,106.0888022,-2.125043853,7.06E-06,2.125043853
LOC112044450,spindle assembly abnormal protein 6 homolog,LOC112044450,290.170364,-0.84210684,7.06E-06,0.84210684
LOC112054676,homeobox protein aristaless-like,al,98.87978341,-1.057804309,7.06E-06,1.057804309
LOC112051716,"short/branched chain specific acyl-CoA dehydrogenase, mitochondrial",CG3902,1471.794538,0.794615457,7.07E-06,-0.794615457
LOC112045719,serine protease snake-like,snk,29.58029125,2.008291161,7.10E-06,-2.008291161
LOC112054690,DNA topoisomerase 2-binding protein 1,mus101,1063.869642,-0.734788625,7.12E-06,0.734788625
LOC112043184,nesprin-1 isoform X2,Msp300,16782.46933,1.253269449,7.13E-06,-1.253269449
LOC112056031,WD repeat-containing protein 61-like,CG3909,682.5550886,0.716935585,7.16E-06,-0.716935585
LOC112058490,lysozyme-like,LysP,1259.986409,-2.216453801,7.27E-06,2.216453801
LOC112052655,protein D2-like isoform X1,CG6180,4189.129809,0.863122035,7.46E-06,-0.863122035
LOC112058630,fatty acyl-CoA reductase 1,CG1441,117.0859477,2.721905538,7.49E-06,-2.721905538
LOC112047422,transcription factor glial cells missing 2-like,gcm,19.11685055,-4.524100001,7.52E-06,4.524100001
LOC112043890,transcription initiation factor TFIID subunit 7-like,Taf7,237.8480811,-0.746492338,7.56E-06,0.746492338
LOC112046133,translin-associated factor X-interacting protein 1-like,CG10621,254.8835013,-0.703906205,7.56E-06,0.703906205
LOC112058323,uncharacterized protein LOC112058323,LOC112058323,670.0387915,-1.116577258,7.61E-06,1.116577258
LOC112051386,14-3-3 protein zeta isoform X2,14-3-3zeta,38017.84661,0.427486022,7.63E-06,-0.427486022
LOC112054274,protein mothers against dpp,Mad,504.6490528,-0.506761063,7.64E-06,0.506761063
LOC112053183,late secretory pathway protein AVL9 homolog,CG11178,483.8717804,-0.698881118,7.71E-06,0.698881118
LOC112050494,cuticle protein 3-like,Cpr67Fa1,11.57847661,6.1804115,7.73E-06,-6.1804115
LOC112058272,zinc finger protein Xfin-like,CG9932,4813.284485,0.64078673,7.80E-06,-0.64078673
LOC112052879,gastrula zinc finger protein XlCGF52.1-like,LOC112052879,336.3917531,-0.640820948,7.82E-06,0.640820948
LOC112045931,palmitoleoyl-protein carboxylesterase NOTUM,Notum,161.9416207,1.222657662,7.92E-06,-1.222657662
LOC112048806,facilitated trehalose transporter Tret1-like,Tret1-1,297.7737726,-6.114121675,7.97E-06,6.114121675
LOC112047638,poly(ADP-ribose) glycohydrolase,Parg,666.1810682,-0.68692115,7.99E-06,0.68692115
LOC112048641,adenosine deaminase 2-like,Adgf-A,22.81105415,3.194828012,8.02E-06,-3.194828012
LOC112058331,MATH and LRR domain-containing protein PFE0570w-like,LOC112058331,118.4146811,-1.023005236,8.04E-06,1.023005236
LOC112053424,zinc finger and BTB domain-containing protein 18-like,LOC112053424,1503.778968,-0.380680549,8.06E-06,0.380680549
LOC112049699,retinol dehydrogenase 11-like,CG11200,410.2269988,-1.035788448,8.08E-06,1.035788448
LOC112043376,proteoglycan 4-like,LOC112043376,948.1159702,-0.546954023,8.12E-06,0.546954023
LOC112056304,vascular endothelial growth factor receptor 1,Pvr,2537.043769,1.426219819,8.12E-06,-1.426219819
LOC112057010,Retrovirus-related Pol polyprotein from transposon opus,LOC112057010,72.14866596,5.517511381,8.19E-06,-5.517511381
LOC112052731,probable elongator complex protein 2,Elp2,885.0214623,0.477952272,8.22E-06,-0.477952272
LOC112048674,platelet-activating factor acetylhydrolase IB subunit beta homolog,Paf-AHalpha,252.3507411,-0.838451687,8.27E-06,0.838451687
LOC112056754,ubiquitin-conjugating enzyme E2Q-like protein CG4502,CG4502,289.6825617,-0.903735047,8.33E-06,0.903735047
LOC112044382,DDB1- and CUL4-associated factor 5,LOC112044382,372.8763304,-0.598615425,8.34E-06,0.598615425
LOC112057733,larval cuticle protein 1-like,Cpr11B,17.51522333,5.832844228,8.40E-06,-5.832844228
LOC112043538,inositol polyphosphate 5-phosphatase K-like isoform X1,CG9784,224.3885673,-0.869279563,8.49E-06,0.869279563
LOC112046053,uncharacterized protein LOC112046053 isoform X1,CG12814,2857.204049,1.004621657,8.55E-06,-1.004621657
LOC112052099,UPF0489 protein C5orf22 homolog,MESR6,247.8058573,-0.806903891,8.59E-06,0.806903891
LOC112056204,filamin-A isoform X1,cher,102.1846907,2.223703116,8.88E-06,-2.223703116
LOC112055391,NA,NA,26.97224949,7.355675672,9.01E-06,-7.355675672
LOC112052461,translation initiation factor eIF-2B subunit epsilon,eIF2Bepsilon,1122.076018,0.701843716,9.03E-06,-0.701843716
LOC112051377,A disintegrin and metalloproteinase with thrombospondin motifs 14-like,stl,82.43642631,1.942008715,9.04E-06,-1.942008715
LOC112048722,uncharacterized protein LOC112048722,LOC112048722,621.7993058,-0.764139103,9.14E-06,0.764139103
LOC112053286,dentin sialophosphoprotein,LOC112053286,1300.854294,0.593364866,9.16E-06,-0.593364866
LOC112044439,tripartite motif-containing protein 2-like,LOC112044439,209.8941748,-0.812583797,9.19E-06,0.812583797
LOC112054440,"glycerol-3-phosphate dehydrogenase, mitochondrial isoform X2",Gpo1,2266.356474,0.624481483,9.20E-06,-0.624481483
LOC112045989,sex-lethal homolog isoform X1,Sxl,1006.37175,-0.429921279,9.32E-06,0.429921279
LOC112051129,NA,NA,20.33223306,-2.239806515,9.39E-06,2.239806515
LOC112048091,paternally-expressed gene 3 protein-like,LOC112048091,54320.60236,0.662418126,9.41E-06,-0.662418126
LOC112052421,MICOS complex subunit Mic60-like isoform X1,Mitofilin,2685.365323,0.578179346,9.45E-06,-0.578179346
LOC112047456,intron-binding protein aquarius,AQR,1085.482117,-0.759752133,9.47E-06,0.759752133
LOC112046236,attractin-like protein 1 isoform X2,dsd,816.2298226,-0.619419143,9.53E-06,0.619419143
LOC112053715,disks large homolog 2-like,dlg1,14.43928627,3.901351772,9.53E-06,-3.901351772
LOC112049011,homeobox protein 2-like isoform X4,CG30460,845.485856,0.582434322,9.55E-06,-0.582434322
LOC112048152,uncharacterized protein LOC112048152,LOC112048152,9.426404972,-6.66728795,9.61E-06,6.66728795
LOC112046632,extensin-like isoform X1,CG44085,56.21504467,7.372937198,9.63E-06,-7.372937198
LOC112054250,selenium-binding protein 1,CG7966,272.1100361,-1.397886844,9.76E-06,1.397886844
LOC112053571,acetylcholinesterase 2,AChE-2,606.4985525,0.859776897,9.79E-06,-0.859776897
LOC112046227,high mobility group protein 20A,Hmg-2,463.2153435,-0.534191792,9.84E-06,0.534191792
LOC112045163,maspardin-like,LOC112045163,705.530845,0.634256565,9.88E-06,-0.634256565
LOC112052373,serine/threonine-protein kinase tousled-like 2 isoform X2,tlk,2866.66594,-0.458846008,9.89E-06,0.458846008
LOC112043250,three-prime repair exonuclease 1-like,LOC112043250,264.9664221,0.707487039,1.01E-05,-0.707487039
LOC112053332,ADP-ribosylation factor GTPase-activating protein 2,ArfGAP3,3386.603996,0.382956178,1.01E-05,-0.382956178
LOC112044784,hydrolethalus syndrome protein 1 homolog,LOC112044784,106.1779797,-1.531356752,1.01E-05,1.531356752
LOC112045004,piwi-like protein Ago3,Ago3,319.7575732,-0.736073117,1.02E-05,0.736073117
LOC112046106,serine/threonine-protein kinase TBK1,ik2,327.5888765,-0.639168834,1.02E-05,0.639168834
LOC112058036,uncharacterized protein LOC112058036,LOC112058036,19.05338209,-3.886206151,1.02E-05,3.886206151
LOC112045765,uncharacterized protein LOC112045765,LOC112045765,33.50896295,-4.720286218,1.02E-05,4.720286218
LOC112049057,spermatogenesis-associated protein 20 isoform X1,CG8613,774.4264132,0.673907659,1.03E-05,-0.673907659
LOC112053486,tyrosine-protein phosphatase non-receptor type 11,csw,1117.324137,0.441289837,1.03E-05,-0.441289837
LOC112045554,2-oxoglutarate and iron-dependent oxygenase domain-containing protein 3-like,LOC112045554,679.631528,-0.483712497,1.03E-05,0.483712497
LOC112048240,tyrosine-protein phosphatase 69D,Ptp69D,536.773587,-1.416476643,1.03E-05,1.416476643
LOC112045560,mitochondrial import inner membrane translocase subunit Tim29,CG14270,433.1979871,0.68531554,1.05E-05,-0.68531554
LOC112050168,"beta-1,4-glucuronyltransferase 1",CG9171,2171.70392,-1.023346559,1.05E-05,1.023346559
LOC112046060,luciferin 4-monooxygenase-like,CG6178,71.09868298,-1.892557787,1.05E-05,1.892557787
LOC112053261,endoplasmic reticulum resident protein 44,CG9911,134.5956116,2.10203362,1.06E-05,-2.10203362
LOC112057128,clavesin-1-like,CG11550,233.4535946,9.498178894,1.07E-05,-9.498178894
LOC112044349,probable Rho GTPase-activating protein CG5521 isoform X1,CG5521,726.0736582,-0.639076574,1.08E-05,0.639076574
LOC112054404,indole-3-acetaldehyde oxidase-like,AOX3,1028.193592,-4.082916124,1.09E-05,4.082916124
LOC112052932,tRNA-dihydrouridine(16/17) synthase [NAD(P)(+)]-like,CG3645,462.114273,0.535076586,1.09E-05,-0.535076586
LOC112055125,BRISC and BRCA1-A complex member 2-like,LOC112055125,503.4881689,0.560820039,1.09E-05,-0.560820039
LOC112045946,LIM and SH3 domain protein Lasp isoform X2,Lasp,2534.587905,0.711098098,1.10E-05,-0.711098098
LOC112058352,kelch-like protein 26 isoform X1,LOC112058352,241.8227365,-0.947844041,1.10E-05,0.947844041
LOC112050226,organic cation transporter protein-like,SLC22A,38.46122528,2.410750131,1.11E-05,-2.410750131
LOC112045901,protein I'm not dead yet,Indy,1623.925945,0.903268866,1.12E-05,-0.903268866
LOC112050513,vacuolar protein sorting-associated protein 18 homolog,dor,550.7405033,0.624650109,1.12E-05,-0.624650109
LOC112056973,papilin isoform X1,Ppn,3020.137364,-0.822525446,1.12E-05,0.822525446
LOC112046710,ATP-dependent RNA helicase vasa,vas,1871.803665,-0.649460258,1.12E-05,0.649460258
LOC112056251,protein polybromo-1 isoform X1,polybromo,3202.531781,-1.312366736,1.12E-05,1.312366736
LOC112049788,15-hydroxyprostaglandin dehydrogenase [NAD(+)]-like,Adhr,8.31430488,-6.483052425,1.12E-05,6.483052425
LOC112058188,cuticle protein 7-like,Cpr62Bc,11.8192357,7.167234149,1.12E-05,-7.167234149
LOC112043676,serine palmitoyltransferase 2 isoform X1,lace,1256.372438,-0.58174104,1.12E-05,0.58174104
LOC112049128,glycerol kinase,Gk1,631.1857381,1.465339037,1.12E-05,-1.465339037
LOC112058009,protein disabled isoform X2,Dab,580.4467802,-0.80489559,1.14E-05,0.80489559
LOC112049609,cilia- and flagella-associated protein 57 isoform X1,CG4329,12.51696856,4.698126936,1.15E-05,-4.698126936
LOC112043350,aladin-like,LOC112043350,266.2085309,-1.178689379,1.16E-05,1.178689379
LOC112057819,CKLF-like MARVEL transmembrane domain-containing protein 4,LOC112057819,241.2006258,-0.784062859,1.17E-05,0.784062859
LOC112054096,GTP-binding protein 128up,128up,1831.248629,0.610000023,1.17E-05,-0.610000023
LOC112049441,Myelin expression factor 2,rump,105.3939014,-1.175754406,1.18E-05,1.175754406
LOC112044695,serine protease snake-like,snk,78.94258487,-1.614661133,1.18E-05,1.614661133
LOC112044722,mismatch repair endonuclease PMS2 isoform X1,Pms2,670.6501898,-1.09146494,1.21E-05,1.09146494
LOC112051149,organic cation transporter protein-like,CG4630,37.35680815,-3.544392157,1.21E-05,3.544392157
LOC112055970,cytoplasmic aconitate hydratase-like,Irp-1B,1335.555149,1.066209986,1.21E-05,-1.066209986
LOC112053692,zinc finger protein 260-like isoform X2,LOC112053692,342.0511936,-0.723804537,1.22E-05,0.723804537
LOC112057348,nesprin-1 isoform X1,LOC112057348,97.59466605,1.789571682,1.22E-05,-1.789571682
LOC112044118,nuclease SbcCD subunit C,corn,579.0297464,1.063832274,1.22E-05,-1.063832274
LOC112046443,Zinc finger DNA binding protein,LOC112046443,49.66550664,5.781804726,1.23E-05,-5.781804726
LOC112051297,G-protein coupled receptor moody-like,CG4313,35.83504643,-1.913246846,1.23E-05,1.913246846
LOC112049072,sister chromatid cohesion protein DCC1,CG11788,155.6208473,-1.25244231,1.23E-05,1.25244231
LOC112052593,"NADH dehydrogenase [ubiquinone] 1 beta subcomplex subunit 11, mitochondrial",NP15.6,1452.134151,0.586016626,1.24E-05,-0.586016626
LOC112053319,UPF0505 protein C16orf62-like,LOC112053319,62.42354606,1.558514821,1.25E-05,-1.558514821
LOC112051763,calcineurin subunit B type 2,CanB2,1744.252395,0.692980059,1.26E-05,-0.692980059
LOC112055823,cleft lip and palate transmembrane protein 1 homolog,CG3702,4137.355807,0.475918824,1.26E-05,-0.475918824
LOC112057249,ras-related protein Rab-1A,Rab1,3503.322071,0.615876798,1.26E-05,-0.615876798
LOC112055292,uncharacterized protein LOC112055292,LOC112055292,174.152596,-2.797755647,1.26E-05,2.797755647
LOC112048525,paxillin isoform X2,Pax,541.0633799,0.612796081,1.28E-05,-0.612796081
LOC112053071,"calcium uptake protein 3, mitochondrial isoform X1",MICU3,143.976818,-1.385525999,1.28E-05,1.385525999
LOC112044301,NTF2-related export protein,Nxt1,705.1765381,0.665706753,1.30E-05,-0.665706753
LOC112049283,"glutamate receptor ionotropic, delta-2",Ir76b,14.54352538,4.166775458,1.31E-05,-4.166775458
LOC112050365,organic cation transporter protein-like,CG42269,7.825067697,6.548418342,1.32E-05,-6.548418342
LOC112046825,uncharacterized LOC101743290 precursor,Apoltp,1107.572377,-0.604515197,1.32E-05,0.604515197
LOC112052274,ubiquitin carboxyl-terminal hydrolase 7 isoform X3,Usp7,1484.930007,-0.473382116,1.32E-05,0.473382116
LOC112046876,serrate RNA effector molecule homolog isoform X1,Ars2,1802.038798,-0.476427096,1.34E-05,0.476427096
LOC112055987,uncharacterized protein LOC112055987,CG10904,356.2160377,0.65072633,1.35E-05,-0.65072633
LOC112043570,charged multivesicular body protein 2b,CHMP2B,499.0415483,0.498385126,1.35E-05,-0.498385126
LOC112055816,E3 ubiquitin-protein ligase sina-like isoform X1,sina,123.0659767,-0.93271335,1.35E-05,0.93271335
LOC112044030,transmembrane protein 185A isoform X1,CG14194,336.4170239,0.629092096,1.38E-05,-0.629092096
LOC112054435,probable histone-lysine N-methyltransferase CG1716 isoform X2,Set2,976.0023757,-0.468188315,1.38E-05,0.468188315
LOC112055045,nuclear envelope integral membrane protein 1,CG9723,245.3986655,-0.854060854,1.38E-05,0.854060854
LOC112050653,uncharacterized protein LOC112050653,LOC112050653,273.0970201,-0.882332381,1.40E-05,0.882332381
LOC112051426,uncharacterized protein LOC112051426,LOC112051426,130.017406,-1.234560341,1.40E-05,1.234560341
LOC112044371,"39S ribosomal protein L40, mitochondrial",mRpL40,300.2800271,0.654480354,1.41E-05,-0.654480354
LOC112056309,AT-rich interactive domain-containing protein 2-like isoform X4,Bap170,1030.065531,-1.058112149,1.42E-05,1.058112149
LOC112048203,inositol hexakisphosphate kinase 1 isoform X1,CG10082,555.2367681,0.455827138,1.42E-05,-0.455827138
LOC112046788,transcriptional regulator prz1,zld,227.279221,-1.023858208,1.42E-05,1.023858208
LOC112046554,transmembrane channel-like protein 3 isoform X2,Tmc,565.3393833,-0.624084549,1.43E-05,0.624084549
LOC112056662,probable serine/threonine-protein kinase clkA,LOC112056662,86.29112358,-1.575849778,1.49E-05,1.575849778
LOC112048359,myrosinase 1-like,MYRO1,77.67020061,-2.60489609,1.50E-05,2.60489609
LOC112047509,proteasome subunit alpha type-7-1,Prosalpha4,3635.20993,0.452266946,1.51E-05,-0.452266946
LOC112047676,glutamate receptor 1-like,Ir75a,29.42813145,6.572387575,1.52E-05,-6.572387575
LOC112050386,protein lethal(2)essential for life-like,l(2)efl,13.10577138,-6.410404359,1.52E-05,6.410404359
LOC112051022,uncharacterized protein LOC112051022,LOC112051022,626.8577045,1.137876295,1.52E-05,-1.137876295
LOC112050829,"methionyl-tRNA formyltransferase, mitochondrial",CG1750,183.4037031,0.840194668,1.53E-05,-0.840194668
LOC112054463,protein Smaug,smg,399.4340231,0.5612204,1.54E-05,-0.5612204
LOC112051880,transmembrane protein 184B isoform X1,CG12004,3152.095658,0.521326231,1.54E-05,-0.521326231
LOC112046601,1-acyl-sn-glycerol-3-phosphate acyltransferase alpha-like,Agpat2,23.21526975,4.023883641,1.54E-05,-4.023883641
LOC112049611,hepatoma-derived growth factor-related protein 2,LOC112049611,90.83278112,1.709929089,1.55E-05,-1.709929089
LOC112049528,dual specificity mitogen-activated protein kinase kinase 6,lic,2099.798367,0.386803458,1.55E-05,-0.386803458
LOC112044682,conserved oligomeric Golgi complex subunit 1,LOC112044682,553.7681193,-1.125360416,1.55E-05,1.125360416
LOC112050075,transmembrane protein 177,CG33506,411.5835402,0.620809095,1.62E-05,-0.620809095
LOC112055047,ras suppressor protein 1,ics,2117.165192,0.8047805,1.64E-05,-0.8047805
LOC112046733,hepatoma-derived growth factor-related protein 2-like,LOC112046733,1126.121395,0.82235641,1.64E-05,-0.82235641
LOC112058623,putative fatty acyl-CoA reductase CG5065,CG12268,25.27233815,3.163205,1.65E-05,-3.163205
LOC112054127,multidrug resistance protein 1A-like,Mdr50,259.8204673,-2.994664596,1.66E-05,2.994664596
LOC112046682,transcriptional regulator ATRX homolog isoform X4,XNP,469.1511058,-0.70999814,1.66E-05,0.70999814
LOC112054682,dystrobrevin beta isoform X1,Dyb,243.5935152,-0.850598444,1.68E-05,0.850598444
LOC112045882,DNA repair and recombination protein RAD54-like,okr,252.684663,-0.956152101,1.68E-05,0.956152101
LOC112046630,katanin p60 ATPase-containing subunit A-like 1,KATNA1,597.8815395,-0.856799514,1.69E-05,0.856799514
LOC112058334,protein ref(2)P-like,ref(2)P,176.3280101,-1.084838719,1.69E-05,1.084838719
LOC112052449,histone-lysine N-methyltransferase ash1 isoform X1,ash1,2994.372524,-0.801891103,1.71E-05,0.801891103
LOC112048125,cytoplasmic FMR1-interacting protein,Sra-1,517.6384515,-0.8446195,1.73E-05,0.8446195
LOC112048429,N-acetylglucosaminyl-phosphatidylinositol de-N-acetylase,PIG-L,274.0178881,0.734740388,1.73E-05,-0.734740388
LOC112049763,eukaryotic translation initiation factor 4B,eIF-4B,9654.212021,0.563561571,1.74E-05,-0.563561571
LOC112046942,uncharacterized protein LOC112046942 isoform X1,LOC112046942,3424.925564,-0.460308568,1.75E-05,0.460308568
LOC112046844,nuclear RNA export factor 1-like,LOC112046844,1115.00608,-0.833566013,1.77E-05,0.833566013
LOC112049519,INO80 complex subunit C,CG12659,188.4768432,-1.193241835,1.78E-05,1.193241835
LOC112047622,uncharacterized protein LOC112047622,LOC112047622,55.39139615,-3.267209515,1.80E-05,3.267209515
LOC112054224,neuroblastoma-amplified sequence-like,LOC112054224,1206.632536,-0.485326464,1.81E-05,0.485326464
LOC112046380,probable ATP-dependent RNA helicase DHX34,CG32533,421.183635,-0.891502293,1.82E-05,0.891502293
LOC112043989,nucleolar protein 56,Nop56,3623.64202,0.595211809,1.82E-05,-0.595211809
LOC112053899,ADP-ribosylation factor-related protein 1,Arfrp1,508.3144376,0.627203392,1.83E-05,-0.627203392
LOC112055361,rho-related BTB domain-containing protein 1,RhoBTB,77.05954374,-1.847728287,1.85E-05,1.847728287
LOC112056065,putative sulfiredoxin,CG6762,146.1985319,3.015730121,1.85E-05,-3.015730121
LOC112051213,serine protease inhibitor 2.1-like,Spn47C,70.40185494,-2.098294752,1.85E-05,2.098294752
LOC112048935,peroxiredoxin 1 isoform X1,Jafrac1,3637.5359,-0.625306775,1.87E-05,0.625306775
LOC112053208,xylulose kinase,CG3534,224.2621329,0.723566487,1.87E-05,-0.723566487
LOC112052926,integrator complex subunit 4,IntS4,877.4544724,-0.524631437,1.87E-05,0.524631437
LOC112043783,serine protease inhibitor 77Ba-like,Spn47C,123.2759891,0.880859989,1.87E-05,-0.880859989
LOC112055704,GTP-binding protein Rit2,Ric,80.53209019,1.130138449,1.87E-05,-1.130138449
LOC112053021,cathepsin L-like proteinase,CG4847,121.7471645,-1.231317646,1.87E-05,1.231317646
LOC112055475,"acyl-CoA synthetase family member 3, mitochondrial",CG18155,448.8294377,0.59789818,1.88E-05,-0.59789818
LOC112058100,uncharacterized protein LOC112058100,LOC112058100,317.6111399,0.825833994,1.89E-05,-0.825833994
LOC112058059,uncharacterized protein LOC112058059 isoform X2,CG42700,15.07395122,4.187662049,1.93E-05,-4.187662049
LOC112046659,uncharacterized protein LOC112046659,LOC112046659,300.8296455,-1.830020996,1.94E-05,1.830020996
LOC112046473,WD repeat-containing protein mio,mio,541.2645197,0.605183996,1.95E-05,-0.605183996
LOC112052266,OWR41131.1 Laccase-1,LOC112052266,472.6487341,-0.49467539,1.98E-05,0.49467539
LOC112051882,mitochondrial import inner membrane translocase subunit Tim13-like,CG34132,315.0424153,0.868619421,1.98E-05,-0.868619421
LOC112057219,serine/threonine-protein kinase greatwall isoform X1,gwl,162.5688389,-3.836402155,2.01E-05,3.836402155
LOC112052580,"thioredoxin, mitochondrial",CG3719,208.5512222,0.837830727,2.01E-05,-0.837830727
LOC112056739,splicing factor 3A subunit 3,noi,1309.216721,-0.345769357,2.04E-05,0.345769357
LOC112049643,copper-transporting ATPase 1 isoform X2,ATP7,541.5283962,1.083193364,2.05E-05,-1.083193364
LOC112049662,actin-interacting protein 1,flr,2145.744698,0.391765371,2.07E-05,-0.391765371
LOC112052560,serine/threonine-protein kinase 26 isoform X3,GckIII,996.7431222,0.98477851,2.08E-05,-0.98477851
LOC112053324,zinc finger protein 330 homolog,Noa36,769.5666316,0.428535951,2.08E-05,-0.428535951
LOC112048392,mitogen-activated protein kinase kinase kinase 11-like,slpr,1237.022049,-0.411360419,2.09E-05,0.411360419
LOC112048938,GATA-binding factor A-like isoform X1,pnr,159.2930447,-1.705488122,2.09E-05,1.705488122
LOC112057236,uncharacterized protein LOC112057236,LOC112057236,44.86064789,-3.92203404,2.09E-05,3.92203404
LOC112046343,uncharacterized protein LOC112046343,CG30380,117.7481203,1.061273225,2.10E-05,-1.061273225
LOC112049616,very long-chain-fatty-acid--CoA ligase bubblegum isoform X1,bgm,215.2786254,1.554393059,2.13E-05,-1.554393059
LOC112051090,cyclin-dependent kinase inhibitor 1-like,LOC112051090,1990.741285,-0.778536983,2.13E-05,0.778536983
LOC112046977,ras-related protein Rab-11A,Rab11,4408.616896,0.257570035,2.15E-05,-0.257570035
LOC112053993,telomerase reverse transcriptase-like,TERT,36.29846147,-1.63016506,2.17E-05,1.63016506
LOC112044760,rho GTPase-activating protein 44,RhoGAP92B,691.084354,-0.447301024,2.18E-05,0.447301024
LOC112047834,eukaryotic translation initiation factor 4 gamma 3-like isoform X2,Eif4g,8841.920445,0.412549149,2.19E-05,-0.412549149
LOC112052570,tRNA-splicing ligase RtcB homolog,RtcB,2086.424326,-0.43049025,2.21E-05,0.43049025
LOC112050122,mitochondrial intermediate peptidase,CG7791,970.9092583,0.870558036,2.23E-05,-0.870558036
LOC112054836,protein SMG7-like isoform X1,LOC112054836,1268.494748,0.749725502,2.24E-05,-0.749725502
LOC112043600,P23-like protein,Hacd2,3322.322247,0.513775073,2.28E-05,-0.513775073
LOC112045951,mothers against decapentaplegic homolog 3,Smox,728.9736821,-0.450747849,2.28E-05,0.450747849
LOC112046250,ubiquitin thioesterase OTU1,CG4603,817.0940844,-0.65411676,2.30E-05,0.65411676
LOC112047287,"transcription termination factor 5, mitochondrial-like",LOC112047287,143.8617323,-0.877061913,2.30E-05,0.877061913
LOC112046575,BAM20005.1  CG7713,pasi1,866.05757,-0.582454149,2.30E-05,0.582454149
LOC112053504,uncharacterized protein C1orf131,LOC112053504,818.9742289,1.028276713,2.30E-05,-1.028276713
LOC112043088,c-Myc-binding protein,CG4546,135.0463892,1.484941978,2.31E-05,-1.484941978
LOC112054487,low molecular weight phosphotyrosine protein phosphatase-like,primo-2,728.2928539,0.670122095,2.32E-05,-0.670122095
LOC112043349,FK506-binding protein 15,LOC112043349,273.8067793,-0.687828375,2.34E-05,0.687828375
LOC112045644,5-hydroxytryptamine receptor 1A,mAChR-C,14.67788659,5.57896455,2.37E-05,-5.57896455
LOC112043983,tetraspanin-33-like isoform X2,Tsp3A,111.3515253,-1.735591874,2.37E-05,1.735591874
LOC112043614,protein YIPF5,Yip1d1,632.7589604,0.541810282,2.39E-05,-0.541810282
LOC112045564,"39S ribosomal protein L23, mitochondrial",mRpL23,476.4314017,0.658748427,2.41E-05,-0.658748427
LOC112051696,OWR44618.1 FAM195A like protein,CG34159,2741.503983,-0.376607578,2.41E-05,0.376607578
LOC112044720,juvenile hormone acid O-methyltransferase,jhamt,16.4430025,5.678348873,2.42E-05,-5.678348873
LOC112051050,ankyrin repeat domain-containing protein 29,CG3104,592.73718,1.380420612,2.45E-05,-1.380420612
LOC112057766,Ras-related C3 botulinum toxin substrate 1,Mtl,278.9357388,-0.70326561,2.46E-05,0.70326561
LOC112047650,"3-ketoacyl-CoA thiolase, mitochondrial-like",yip2,2980.956495,0.823944556,2.46E-05,-0.823944556
LOC112051717,SRR1-like protein isoform X1,SRRD,243.1055123,0.913737778,2.49E-05,-0.913737778
LOC112056255,protein polybromo-1 isoform X3,polybromo,221.333221,-1.472539449,2.51E-05,1.472539449
LOC112047825,neprilysin-2 isoform X1,Nep2,916.9723797,-0.700634778,2.52E-05,0.700634778
LOC112048218,tRNA (uracil-5-)-methyltransferase homolog A,CG3808,1146.388242,0.426572551,2.52E-05,-0.426572551
LOC112053637,motile sperm domain-containing protein 2-like,CG33523,347.4693392,0.803053112,2.54E-05,-0.803053112
LOC112057753,tetraspanin-5 isoform X2,Tsp26A,3223.493758,-0.361304664,2.56E-05,0.361304664
LOC112054718,sugar transporter SWEET1,slv,117.2878816,-0.954695233,2.58E-05,0.954695233
LOC112046336,tissue inhibitor of metalloproteinase,LOC112046336,356.1920497,1.456786532,2.60E-05,-1.456786532
LOC112054644,SH2 domain-containing protein 4B-like,LOC112054644,1442.596822,2.4978096,2.62E-05,-2.4978096
LOC112051823,uncharacterized oxidoreductase YjmC,CG10512,265.0333918,1.271811361,2.62E-05,-1.271811361
LOC112053791,G-protein-signaling modulator 2,pins,525.7834435,-0.66136112,2.62E-05,0.66136112
LOC112054566,DUF233 protein,CG34454,263.0908397,1.990510431,2.64E-05,-1.990510431
LOC112044446,polycomb protein Sfmbt-like,Sfmbt,274.8248136,-0.641830327,2.65E-05,0.641830327
LOC112054094,"beta-1,3-glucan-binding protein-like",GNBP1,8.317633464,-5.747953143,2.67E-05,5.747953143
LOC112046474,GATOR complex protein WDR24,Wdr24,402.0633182,-0.48754087,2.67E-05,0.48754087
LOC112051174,uncharacterized protein KIAA0930 homolog,CG9646,113.136789,-1.070033655,2.68E-05,1.070033655
LOC112045753,esterase FE4-like,clt,137.0885729,-1.641572427,2.69E-05,1.641572427
LOC112057314,N-acetyltransferase eco,eco,31.07651669,-3.692376456,2.70E-05,3.692376456
LOC112052983,pre-mRNA-processing factor 17,CG6015,968.2329442,-0.458277901,2.71E-05,0.458277901
LOC112055679,"KH domain-containing, RNA-binding, signal transduction-associated protein 2-like isoform X1",qkr54B,5044.512049,-0.547323838,2.72E-05,0.547323838
LOC112048942,uncharacterized protein LOC112048942,LOC112048942,14.0679031,3.602924737,2.74E-05,-3.602924737
LOC112044591,fumarylacetoacetase,Faa,3277.350516,1.47254283,2.75E-05,-1.47254283
LOC112056136,zinc finger and BTB domain-containing protein 17-like isoform X1,dati,19.87512696,-2.748049907,2.75E-05,2.748049907
LOC112046810,arrestin domain-containing protein 2-like,CG18745,1066.537166,1.124392811,2.75E-05,-1.124392811
LOC112046086,protein enabled,ena,456.086035,1.404267793,2.82E-05,-1.404267793
LOC112045835,serine/threonine-protein kinase prp4,Prp4k,1305.535851,-0.473861248,2.83E-05,0.473861248
LOC112055280,40S ribosomal protein S2,RpS2,73345.29662,0.300930524,2.83E-05,-0.300930524
LOC112048297,dephospho-CoA kinase domain-containing protein,Dpck,202.561819,0.623028726,2.84E-05,-0.623028726
LOC112043289,serine/threonine-protein kinase PAK 3,Pak,831.9537159,-0.553515599,2.87E-05,0.553515599
LOC112046768,protein unc-13 homolog B-like isoform X9,unc-13,323.0595223,3.171038655,2.90E-05,-3.171038655
LOC112056523,Transposon Tf2-9 polyprotein,LOC112056523,23.83985733,4.962796145,2.90E-05,-4.962796145
LOC112048954,60S ribosomal export protein NMD3,Nmd3,1365.168645,0.991099703,2.90E-05,-0.991099703
LOC112048156,transcription factor TFIIIB component B'',Bdp1,139.5071983,-0.86843029,2.91E-05,0.86843029
LOC112049554,uncharacterized protein LOC112049554,LOC112049554,495.59159,-1.10336401,2.93E-05,1.10336401
LOC112043345,small integral membrane protein 8,CG32448,168.5308081,0.876689689,2.93E-05,-0.876689689
LOC112058527,"elongation factor G, mitochondrial",mEFG1,933.7476258,0.680872485,2.94E-05,-0.680872485
LOC112056261,mitochondrial 2-oxoglutarate/malate carrier protein-like,CG1907,148.6495727,1.108852433,2.94E-05,-1.108852433
LOC112057764,protein CREG1,CREG,312.4086032,-1.333100413,2.96E-05,1.333100413
LOC112057825,uncharacterized protein LOC112057825,LOC112057825,176.4269716,-2.723059862,2.96E-05,2.723059862
LOC112044687,uncharacterized protein LOC112044687,LOC112044687,49.39578775,3.467063208,2.97E-05,-3.467063208
LOC112042885,titin isoform X1,CG43078,41.32390446,6.977147454,2.97E-05,-6.977147454
LOC112044746,zinc finger protein 260-like isoform X2,LOC112044746,672.2665491,0.846132938,2.98E-05,-0.846132938
LOC112047290,uncharacterized protein LOC112047290,pck,1540.099552,-0.486154803,3.00E-05,0.486154803
LOC112045589,"beta-1,4-N-acetylgalactosaminyltransferase bre-4-like",beta4GalNAcTA,236.3712295,1.171234597,3.00E-05,-1.171234597
LOC112045512,ubiquitin-conjugating enzyme E2 G2,crl,519.9527216,0.656852519,3.01E-05,-0.656852519
LOC112053428,sentrin-specific protease 8,Den1,85.3955015,1.234954658,3.05E-05,-1.234954658
LOC112044663,heterogeneous nuclear ribonucleoprotein 27C isoform X6,Hrb27C,16995.98993,-0.38397251,3.05E-05,0.38397251
LOC112049319,ragulator complex protein LAMTOR5,LOC112049319,257.3737119,0.670343833,3.07E-05,-0.670343833
LOC112055985,ankyrin repeat and BTB/POZ domain-containing protein BTBD11 isoform X1,CG43980,2762.577255,0.586932992,3.07E-05,-0.586932992
LOC112058244,NA,NA,16863.3097,0.838144955,3.07E-05,-0.838144955
LOC112045649,zinc finger protein ZIC 4,opa,147.6856285,-0.811076372,3.07E-05,0.811076372
LOC112049420,synaptic vesicle glycoprotein 2B-like,CG3690,86.08906425,-2.318664441,3.07E-05,2.318664441
LOC112056836,transmembrane emp24 domain-containing protein bai isoform X1,bai,4315.584321,0.419208497,3.09E-05,-0.419208497
LOC112050909,RNA-binding protein 26 isoform X1,swm,542.0625369,-0.58878816,3.10E-05,0.58878816
LOC112044495,tyrosine-protein phosphatase non-receptor type 21,Pez,615.3288157,-1.201568747,3.11E-05,1.201568747
LOC112052863,nudC domain-containing protein 3,CG31251,279.2075908,-0.631238278,3.12E-05,0.631238278
LOC112056839,far upstream element-binding protein 3 isoform X1,Psi,3922.31135,-0.548708082,3.13E-05,0.548708082
LOC112046144,histone chaperone asf1,asf1,416.2144547,-1.752646978,3.13E-05,1.752646978
LOC112056299,flotillin-2 isoform X1,Flo2,38.68310524,-2.093124735,3.14E-05,2.093124735
LOC112053391,nuclear inhibitor of protein phosphatase 1,NiPp1,271.1648882,-0.728943312,3.15E-05,0.728943312
LOC112056400,uncharacterized protein LOC112056400,LOC112056400,18.06654015,7.755352186,3.15E-05,-7.755352186
LOC112052413,"39S ribosomal protein L35, mitochondrial",mRpL35,484.6114693,0.781729757,3.17E-05,-0.781729757
LOC112054708,protein artichoke-like isoform X1,LOC112054708,272.3515371,-5.72451077,3.17E-05,5.72451077
LOC112042932,tachykinin-like peptides receptor 86C,TkR86C,36.61823813,4.014403107,3.22E-05,-4.014403107
LOC112044616,uncharacterized protein LOC112044616,LOC112044616,30.53479673,2.165249385,3.23E-05,-2.165249385
LOC112044718,WW domain-binding protein 2,Wbp2,482.9268931,0.611036764,3.24E-05,-0.611036764
LOC112045536,zinc finger protein 271-like isoform X2,LOC112045536,320.6065071,-0.531713527,3.27E-05,0.531713527
LOC112058421,transcriptional repressor CTCFL-like isoform X3,LOC112058421,447.9848274,-0.856909849,3.27E-05,0.856909849
LOC112053122,apyrase-like,CG42249,20.5415348,2.839883405,3.27E-05,-2.839883405
LOC112044689,uncharacterized protein LOC112044689,LOC112044689,174.5209584,-0.949209527,3.28E-05,0.949209527
LOC112045854,importin-7 isoform X2,msk,1780.882993,0.743678576,3.29E-05,-0.743678576
LOC112055496,pseudouridine-5'-phosphatase-like isoform X2,Gs1l,125.4322611,2.312309027,3.30E-05,-2.312309027
LOC112051441,EKC/KEOPS complex subunit Tprkb-like,LOC112051441,249.4011086,0.757746386,3.33E-05,-0.757746386
LOC112045936,probable inactive tRNA-specific adenosine deaminase-like protein 3,CG10927,157.8189585,0.967335579,3.33E-05,-0.967335579
LOC112044898,protein phosphatase PHLPP-like protein isoform X2,Phlpp,62.17017664,-2.616842015,3.34E-05,2.616842015
LOC112047393,netrin receptor UNC5C-like isoform X1,unc-5,509.1214605,0.790628815,3.38E-05,-0.790628815
LOC112058581,EGF domain-specific O-linked N-acetylglucosamine transferase,Eogt,822.9369344,-0.674031482,3.39E-05,0.674031482
LOC112053810,uncharacterized protein LOC112053810,LOC112053810,255.5408565,-0.941084375,3.39E-05,0.941084375
LOC112045346,tail-anchored protein insertion receptor WRB-like,LOC112045346,388.4388556,-0.559505115,3.40E-05,0.559505115
LOC112047226,INO80 complex subunit D-like,LOC112047226,273.2326865,-0.769749737,3.43E-05,0.769749737
LOC112055379,N-acetylgalactosaminyltransferase 6-like,Pgant6,1375.909719,0.810541246,3.46E-05,-0.810541246
LOC112046595,dentin sialophosphoprotein-like,LOC112046595,131.9068015,-0.952891641,3.53E-05,0.952891641
LOC112055670,"39S ribosomal protein L27, mitochondrial",mRpL27,377.2538169,1.078816521,3.55E-05,-1.078816521
LOC112055170,ribosome biogenesis protein BRX1 homolog,CG11583,1136.162888,0.72844345,3.56E-05,-0.72844345
LOC112047338,serum response factor homolog,Srf,1997.72903,-0.717883677,3.56E-05,0.717883677
LOC112043428,actin-related protein 2/3 complex subunit 1A,Sop2,3098.836383,-0.297795387,3.57E-05,0.297795387
LOC112044376,RRP15-like protein,CG3817,609.7899975,0.724507796,3.58E-05,-0.724507796
LOC112044673,phosphatidylinositol 3-kinase regulatory subunit gamma,LOC112044673,634.6288639,-0.489145463,3.59E-05,0.489145463
LOC112053607,irregular chiasm C-roughest protein-like isoform X2,rst,238.2081583,-3.867717641,3.64E-05,3.867717641
LOC112056724,OWR47393.1 putative terminal deoxynucleotidyltransferase interacting factor 1,LOC112056724,95.0674387,-1.573209997,3.64E-05,1.573209997
LOC112053907,probable C-mannosyltransferase DPY19L1,LOC112053907,625.8311857,0.41478084,3.65E-05,-0.41478084
LOC112049583,OWR45174.1 MBF2 protein,LOC112049583,13.01786339,3.737767444,3.65E-05,-3.737767444
LOC112043627,zinc finger protein 271-like isoform X2,LOC112043627,424.2378534,-0.58636413,3.66E-05,0.58636413
LOC112058605,transcription factor Dp-1 isoform X1,Dp,1248.68314,-0.378758455,3.70E-05,0.378758455
LOC112055736,"7,8-dihydro-8-oxoguanine triphosphatase-like",LOC112055736,151.3297254,-1.358711168,3.70E-05,1.358711168
LOC112050307,ROT69648.1 putative inosine-uridine preferring nucleoside hydrolase-like isoform X1,LOC112050307,52.70181206,-1.449933267,3.70E-05,1.449933267
LOC112051788,slit homolog 1 protein,CG14762,85.30804047,2.107675193,3.71E-05,-2.107675193
LOC112055048,set1/Ash2 histone methyltransferase complex subunit ASH2 isoform X1,ash2,840.7813202,-0.845022294,3.71E-05,0.845022294
LOC112048062,putative mediator of RNA polymerase II transcription subunit 29,Cpr49Aa,381.6993243,-2.453021293,3.75E-05,2.453021293
LOC112055286,"RNA transcription, translation and transport factor protein",CG31249,880.0405691,-0.606560368,3.75E-05,0.606560368
LOC112045530,proton-coupled amino acid transporter-like protein CG1139 isoform X1,CG43693,2087.997244,0.953215917,3.77E-05,-0.953215917
LOC112048507,uncharacterized protein C15orf61 isoform X2,CG34148,87.58735442,1.411746029,3.78E-05,-1.411746029
LOC112043513,activin receptor type-2A-like,put,352.5884188,-0.543686077,3.79E-05,0.543686077
LOC112043381,C2 domain-containing protein 5 isoform X2,CG6454,629.7908871,-0.628144544,3.79E-05,0.628144544
LOC112052911,glycosyltransferase 25 family member,CG31915,133.1122558,-0.807312229,3.80E-05,0.807312229
LOC112047991,transmembrane protein 135-like,LOC112047991,266.4589742,0.763835756,3.83E-05,-0.763835756
LOC112051000,uncharacterized protein LOC112051000 isoform X1,LOC112051000,292.9454118,-0.713415179,3.83E-05,0.713415179
LOC112042834,NA,NA,23.17494168,-3.500620296,3.83E-05,3.500620296
LOC112050201,guanine nucleotide exchange factor DBS-like isoform X1,CG30440,1690.868211,-0.976050447,3.84E-05,0.976050447
LOC112056907,phosphofurin acidic cluster sorting protein 1 isoform X1,KrT95D,454.9425782,-1.10967321,3.84E-05,1.10967321
LOC112045812,zinc finger protein 271-like,LOC112045812,107.1639552,-1.504161053,3.85E-05,1.504161053
LOC112047568,Transposable element P transposase,LOC112047568,135.6921146,-2.595549493,3.86E-05,2.595549493
LOC112056881,eukaryotic translation initiation factor 2 subunit 1,eIF2alpha,2927.198853,1.09033588,3.88E-05,-1.09033588
LOC112050102,SWI/SNF-related matrix-associated actin-dependent regulator of chromatin subfamily B member 1-A isoform X2,Snr1,1027.949551,-0.560792566,3.95E-05,0.560792566
LOC112043574,integrin alpha-4-like,LOC112043574,240.7877203,-1.502514497,3.96E-05,1.502514497
LOC112044001,"beta-1,4-galactosyltransferase 7",beta4GalT7,940.3348514,-1.26288723,3.98E-05,1.26288723
LOC112050845,brahma-associated protein of 60 kDa,Bap60,1500.980767,-0.477933755,4.04E-05,0.477933755
LOC112044701,serine/threonine-protein kinase RIO1,RIOK1,592.7756253,0.858580751,4.04E-05,-0.858580751
LOC112050789,iodotyrosine deiodinase 1,Iyd,199.2004298,1.065200664,4.05E-05,-1.065200664
LOC112044975,NA,NA,6.600812657,-6.177334016,4.05E-05,6.177334016
LOC112048448,rho GTPase-activating protein 21-B isoform X2,RhoGAP19D,2182.913849,-0.482406177,4.07E-05,0.482406177
LOC112044286,YEATS domain-containing protein 4,Gas41,253.7452136,-1.107558515,4.13E-05,1.107558515
LOC112049506,U6 snRNA-associated Sm-like protein LSm7,LSm7,682.1515904,0.59795516,4.14E-05,-0.59795516
LOC112044487,ribosome biogenesis protein BMS1 homolog,CG7728,1409.436024,0.538095328,4.15E-05,-0.538095328
LOC112052425,protein ARV1 isoform X1,Arv1,248.8724005,-0.910811799,4.16E-05,0.910811799
LOC112044887,E3 ubiquitin-protein ligase RLIM-like isoform X1,Iru,148.5851799,1.089803686,4.16E-05,-1.089803686
LOC112046696,ceramide phosphoethanolamine synthase,Cpes,202.9976039,1.286667895,4.22E-05,-1.286667895
LOC112058543,uncharacterized protein LOC112058543 isoform X1,LOC112058543,219.1899734,-0.823202126,4.24E-05,0.823202126
LOC112047122,zinc finger protein 62 homolog isoform X5,LOC112047122,2131.977534,-0.315286933,4.30E-05,0.315286933
LOC112047430,intraflagellar transport protein 172 homolog,Oseg2,18.10306723,2.43519742,4.32E-05,-2.43519742
LOC112050281,biorientation of chromosomes in cell division protein 1-like 1,BOD1,1573.100135,0.33251517,4.34E-05,-0.33251517
LOC112049005,ADP-ribosylation factor 2,Arf102F,3297.063882,-0.561960538,4.39E-05,0.561960538
LOC112052724,uncharacterized protein LOC112052724 isoform X1,l(3)mbt,1014.896759,-0.657396337,4.40E-05,0.657396337
LOC112044535,protein fuzzy homolog isoform X1,fy,182.9961448,-0.839230598,4.41E-05,0.839230598
LOC112049977,ubinuclein-1 isoform X1,yem,765.4871036,-0.788465865,4.41E-05,0.788465865
LOC112056307,myb-like protein X,LOC112056307,710.7970382,-0.444348307,4.41E-05,0.444348307
LOC112055321,bumetanide-sensitive sodium-(potassium)-chloride cotransporter,NKCC,289.2313658,2.056059736,4.45E-05,-2.056059736
LOC112053098,toll-like receptor 2,Tollo,6.60372553,6.327295813,4.45E-05,-6.327295813
LOC112051202,uncharacterized protein DDB_G0290587-like,LOC112051202,184.1105712,-0.852253372,4.47E-05,0.852253372
LOC112044697,serine protease snake-like,Hayan,36.50131084,-2.019196486,4.50E-05,2.019196486
LOC112054041,BTB/POZ domain-containing protein 10,mri,866.0157074,-0.490561365,4.51E-05,0.490561365
LOC112048704,7-methylguanosine phosphate-specific 5'-nucleotidase,cN-IIIB,177.5427952,0.77308365,4.52E-05,-0.77308365
LOC112053191,elongin-B,EloB,951.9627014,-0.512394483,4.52E-05,0.512394483
LOC112043663,ELAV-like protein 1,fne,1414.974481,-0.490139582,4.54E-05,0.490139582
LOC112054737,myosin regulatory light chain 2,Mlc2,158.7962198,4.174776454,4.56E-05,-4.174776454
LOC112048102,probable phospholipid hydroperoxide glutathione peroxidase,PHGPx,1542.158656,0.667315542,4.59E-05,-0.667315542
LOC112050057,lysine--tRNA ligase isoform X2,Aats-lys,2501.405789,0.690723274,4.59E-05,-0.690723274
LOC112053365,G-protein coupled receptor 143-like,LOC112053365,621.2064387,0.645985794,4.62E-05,-0.645985794
LOC112044422,phosphomevalonate kinase,CG10268,160.1347613,-0.990690577,4.67E-05,0.990690577
LOC112043045,transcriptional coactivator YAP1 isoform X2,yki,3527.832285,-0.571855506,4.67E-05,0.571855506
LOC112051635,flocculation protein FLO11-like,LOC112051635,172.7812377,-0.774581493,4.67E-05,0.774581493
LOC112048580,SH3 domain-binding glutamic acid-rich protein homolog,Sh3beta,2818.663345,0.329310759,4.69E-05,-0.329310759
LOC112043119,uncharacterized protein LOC112043119 isoform X2,LOC112043119,388.0701477,-0.648962116,4.69E-05,0.648962116
LOC112051101,Ankyrin repeat domain-containing protein 11,LOC112051101,230.183124,1.385563313,4.70E-05,-1.385563313
LOC112052080,ubiquitin-like-conjugating enzyme ATG3,Atg3,1254.090139,-0.449435627,4.71E-05,0.449435627
LOC112047363,uncharacterized protein LOC112047363,CG31380,185.8288366,1.270086359,4.71E-05,-1.270086359
LOC112044905,endocuticle structural glycoprotein ABD-4-like,Cpr65Az,18.05633872,4.299202893,4.76E-05,-4.299202893
LOC112049288,"alpha-(1,3)-fucosyltransferase C-like",FucTC,33.78044103,1.793994505,4.80E-05,-1.793994505
LOC112048127,(E3-independent) E2 ubiquitin-conjugating enzyme isoform X1,CG10254,1307.565514,-0.499252095,4.81E-05,0.499252095
LOC112043706,AAC-rich mRNA clone AAC11 protein-like,LOC112043706,484.1753129,-0.726579778,4.82E-05,0.726579778
LOC112043406,uncharacterized protein LOC112043406,LOC112043406,456.6684041,-0.624940576,4.83E-05,0.624940576
LOC112050135,vacuolar protein sorting-associated protein 72 homolog,YL-1,388.4218124,-0.525633524,4.86E-05,0.525633524
LOC112044957,protein sly1 homolog,Slh,1678.735769,0.521071112,4.86E-05,-0.521071112
LOC112047225,trafficking protein particle complex subunit 6B,TRAPPC6B,569.0209881,0.574986552,4.89E-05,-0.574986552
LOC112044835,endoplasmic reticulum metallopeptidase 1-like,CG10062,366.9392591,0.927400919,4.98E-05,-0.927400919
LOC112052081,uncharacterized protein LOC112052081,LOC112052081,95.61240971,-1.521961525,5.04E-05,1.521961525
LOC112043000,zinc finger FYVE domain-containing protein 26 homolog,LOC112043000,119.2527733,-1.73215289,5.05E-05,1.73215289
LOC112053181,protein goliath isoform X3,RNF130,1103.692016,-0.899216195,5.07E-05,0.899216195
LOC112056560,acid phosphatase type 7 isoform X1,CG1637,819.7137872,-0.921923255,5.08E-05,0.921923255
LOC112045050,5-hydroxytryptamine receptor,5-HT1A,9.259472143,5.812258097,5.08E-05,-5.812258097
LOC112056331,cell cycle control protein 50A-like isoform X2,TMEM30A,311.1820402,1.220452832,5.08E-05,-1.220452832
LOC112044097,CD109 antigen-like,Tep4,7938.633156,1.102801762,5.10E-05,-1.102801762
LOC112051727,CDGSH iron-sulfur domain-containing protein 2 homolog,Cisd2,1792.812187,1.232435573,5.11E-05,-1.232435573
LOC112049914,uncharacterized protein LOC112049914,LOC112049914,40.56388238,-2.214534507,5.16E-05,2.214534507
LOC112056098,DNA repair protein XRCC1 isoform X2,XRCC1,201.0861803,-0.734247521,5.18E-05,0.734247521
LOC112052975,uncharacterized protein LOC112052975,LOC112052975,33.96097617,6.150273553,5.18E-05,-6.150273553
LOC112058351,DNA repair protein RAD51 homolog 1,Rad51,767.9805062,-0.67273142,5.19E-05,0.67273142
LOC112052511,slit homolog 1 protein,Gp150,28500.86123,0.377200749,5.22E-05,-0.377200749
LOC112042922,GPI ethanolamine phosphate transferase 2 isoform X2,PIG-G,1014.677667,0.715660949,5.22E-05,-0.715660949
LOC112052375,protein bric-a-brac 2-like isoform X2,CG8924,260.9829694,-0.636243751,5.22E-05,0.636243751
LOC112056475,endonuclease III-like protein 1 isoform X1,NTH1,295.9775516,-1.134575166,5.24E-05,1.134575166
LOC112053186,T-complex protein 11-like protein 1,CG16721,981.03255,2.100852563,5.26E-05,-2.100852563
LOC112055588,uncharacterized protein LOC112055588,LOC112055588,300.1347325,-1.577086227,5.27E-05,1.577086227
LOC112048440,DNA repair protein RAD51 homolog 4,spn-B,71.86946555,-1.589191943,5.28E-05,1.589191943
LOC112053270,protein PRRC2A,LOC112053270,12064.19213,-0.421588514,5.29E-05,0.421588514
LOC112043236,glycosylphosphatidylinositol anchor attachment 1 protein,GAA1,1093.186249,-0.345660583,5.30E-05,0.345660583
LOC112050252,probable ATP-dependent RNA helicase DDX27,Rs1,1567.504784,0.631221271,5.33E-05,-0.631221271
LOC112050491,pupal cuticle protein 36-like,Cpr65Eb,14.351468,6.43817719,5.36E-05,-6.43817719
LOC112042974,tetrameric potassium-selective cyclic nucleotide gated channel,CG42260,9.9068146,5.899322661,5.41E-05,-5.899322661
LOC112056233,"heat shock protein 75 kDa, mitochondrial",Trap1,957.3373337,0.854095123,5.46E-05,-0.854095123
LOC112056734,Retrovirus-related Pol polyprotein from transposon opus,LOC112056734,52.961438,3.365146213,5.47E-05,-3.365146213
LOC112050876,transcription elongation factor SPT5,Spt5,1605.665172,-0.361550298,5.55E-05,0.361550298
LOC112053265,CBH09262.1 HM00021,LOC112053265,1075.008623,-0.360339107,5.55E-05,0.360339107
LOC112056981,cytoplasmic aconitate hydratase-like,Irp-1B,275.5293582,1.532364759,5.56E-05,-1.532364759
LOC112048009,probable basic-leucine zipper transcription factor J isoform X3,LOC112048009,2071.19472,1.227588804,5.59E-05,-1.227588804
LOC112057421,irregular chiasm C-roughest protein-like isoform X2,rst,276.9890138,-3.404655613,5.61E-05,3.404655613
LOC112050520,transmembrane protein 245 isoform X1,CG2698,354.9953186,0.764349409,5.63E-05,-0.764349409
LOC112058478,mesoderm induction early response protein 1,CG1620,818.0298683,-0.553604368,5.68E-05,0.553604368
LOC112057533,protein PRRC2A,LOC112057533,85.57385027,-0.957639689,5.70E-05,0.957639689
LOC112043115,circadian clock-controlled protein-like,CG17279,269.7847489,2.309405427,5.72E-05,-2.309405427
LOC112055328,protein obstructor-E-like,obst-B,9125.197809,1.39229474,5.73E-05,-1.39229474
LOC112042911,E3 ubiquitin-protein ligase MYCBP2,hiw,15.26036595,-3.389777506,5.74E-05,3.389777506
LOC112058279,polycomb protein Asx,Asx,566.0705545,-0.779557293,5.74E-05,0.779557293
LOC112046627,protein cereblon-like,LOC112046627,474.6710546,-0.743533104,5.75E-05,0.743533104
LOC112051058,uncharacterized protein LOC112051058,LOC112051058,27.7662918,-3.491913777,5.78E-05,3.491913777
LOC112056971,sulfotransferase 1C4-like,St4,234.2835639,1.164236574,5.79E-05,-1.164236574
LOC112044027,cytochrome c oxidase assembly factor 6 homolog,COA6,178.0751031,0.888776906,5.84E-05,-0.888776906
LOC112051232,probable peroxisomal membrane protein PEX13,Pex13,516.2457608,0.652336554,5.87E-05,-0.652336554
LOC112057803,polypeptide N-acetylgalactosaminyltransferase 35A-like isoform X1,Pgant35A,403.7498405,-0.847241794,5.96E-05,0.847241794
LOC112053989,probable small nuclear ribonucleoprotein G,SmG,3061.525975,-0.737230209,5.98E-05,0.737230209
LOC112045732,homeobox protein araucan-like isoform X2,ara,611.1443424,-0.503584447,5.99E-05,0.503584447
LOC112050984,neurexin-4 isoform X1,Nrx-IV,4412.30857,-0.578985942,6.01E-05,0.578985942
LOC112046423,insecticyanin-A-like,LOC112046423,24.09329294,4.408364996,6.03E-05,-4.408364996
LOC112051660,U3 small nucleolar RNA-associated protein 14-like,LOC112051660,10660.79918,-0.502669802,6.04E-05,0.502669802
LOC112043205,"dynein heavy chain 2, axonemal",kl-2,236.1719314,-1.141127505,6.08E-05,1.141127505
LOC112053912,uncharacterized protein LOC112045769,LOC112053912,220.720026,0.965339599,6.10E-05,-0.965339599
LOC112055083,monoacylglycerol lipase ABHD12-like isoform X1,CG15111,396.4186174,-0.536174499,6.14E-05,0.536174499
LOC112056605,proteasome maturation protein,Pomp,2292.865419,0.457120804,6.18E-05,-0.457120804
LOC112056170,transcription elongation regulator 1-like isoform X1,CG42724,1918.574222,-0.631825346,6.19E-05,0.631825346
LOC112051958,TBC1 domain family member 7,TBC1d7,210.7177243,-0.840837512,6.20E-05,0.840837512
LOC112053937,"39S ribosomal protein L22, mitochondrial",mRpL22,556.4007049,0.645446416,6.24E-05,-0.645446416
LOC112043514,ectopic P granules protein 5 homolog,LOC112043514,160.4199503,-0.768025158,6.27E-05,0.768025158
LOC112043912,solute carrier family 25 member 35-like isoform X1,CG8323,226.4739847,1.278539989,6.38E-05,-1.278539989
LOC112051040,synaptobrevin-1-like,nSyb,5576.503279,0.318413628,6.38E-05,-0.318413628
LOC112050825,complex III assembly factor LYRM7,CG34150,158.6882763,1.124938351,6.39E-05,-1.124938351
LOC112044763,DDB1- and CUL4-associated factor 13,CG7275,833.1762325,0.741874923,6.39E-05,-0.741874923
LOC112058113,methionine synthase reductase,CG14882,219.7429734,0.719926214,6.39E-05,-0.719926214
LOC112045549,NSFL1 cofactor p47,p47,1382.34532,-0.535637389,6.43E-05,0.535637389
LOC112058127,CCAAT/enhancer-binding protein zeta,CG7839,825.2328119,0.803368712,6.45E-05,-0.803368712
LOC112052747,TOX high mobility group box family member 3-like isoform X1,CG12104,2727.361927,-0.430302028,6.47E-05,0.430302028
LOC112053510,probable elongator complex protein 3,Elp3,583.5108279,0.815992949,6.48E-05,-0.815992949
LOC112052948,E3 ubiquitin-protein ligase RFWD2-like,LOC112052948,357.6066141,-1.01724252,6.53E-05,1.01724252
LOC112046302,acyl-CoA Delta(11) desaturase-like,Desat1,1012.527512,-0.480554063,6.54E-05,0.480554063
LOC112055928,venom acid phosphatase Acph-1-like,LOC112055928,372.9380157,2.206059244,6.56E-05,-2.206059244
LOC112054664,centrosomal protein of 290 kDa-like,LOC112054664,110.515434,2.308858518,6.58E-05,-2.308858518
LOC112045363,2-hydroxyacyl-CoA lyase 1 isoform X1,Hacl,929.1005432,-0.55255915,6.67E-05,0.55255915
LOC112044640,RNA-directed DNA polymerase from mobile element jockey-like,LOC112044640,44.55713774,2.736007065,6.69E-05,-2.736007065
LOC112057225,protein vreteno-like,LOC112057225,130.5860229,-1.445541016,6.78E-05,1.445541016
LOC112044731,cysteine sulfinic acid decarboxylase,b,9.241323363,5.797040445,6.83E-05,-5.797040445
LOC112052263,nibrin,nbs,1608.06882,-0.422309018,6.83E-05,0.422309018
LOC112044519,leucine-rich repeat neuronal protein 3-like,LOC112044519,37.4572047,-2.754390175,6.87E-05,2.754390175
LOC112051351,putative inositol monophosphatase 3,CG15743,431.9627096,-0.950786603,6.87E-05,0.950786603
LOC112046253,juvenile hormone epoxide hydrolase-like,Jheh2,7.276590201,6.454585981,6.89E-05,-6.454585981
LOC112057723,queuine tRNA-ribosyltransferase accessory subunit 2,LOC112057723,149.6516765,-0.8153667,6.91E-05,0.8153667
LOC112050853,thioredoxin domain-containing protein 15,bug,368.2956453,-0.526888106,6.92E-05,0.526888106
LOC112052543,sodium-coupled monocarboxylate transporter 1,CG5687,32.49234617,-1.802928693,6.93E-05,1.802928693
LOC112051328,uncharacterized protein LOC112051328,CG15544,682.4373511,1.243499435,6.98E-05,-1.243499435
LOC112046195,density-regulated protein homolog,DENR,1405.437516,0.610666132,7.00E-05,-0.610666132
LOC112047620,protein ABHD18,CG32112,157.0733167,0.70381619,7.02E-05,-0.70381619
LOC112053131,potassium channel subfamily K member 18-like,CG42594,7.646093684,6.515521039,7.08E-05,-6.515521039
LOC112046636,mothers against decapentaplegic homolog 4 isoform X1,Med,186.2538622,-1.099285158,7.08E-05,1.099285158
LOC112051725,histone H1/H5 family protein,His1:CG31617,148.741434,-1.692431267,7.08E-05,1.692431267
LOC112046297,PHD finger protein rhinoceros,rno,318.4048635,-0.959898015,7.11E-05,0.959898015
LOC112052873,RNA exonuclease 4-like,CG6833,249.8935658,1.714835678,7.12E-05,-1.714835678
LOC112058256,MICOS complex subunit MIC27-like,LOC112058256,794.778224,0.41440791,7.12E-05,-0.41440791
LOC112056743,ATP-dependent RNA helicase DDX18-like,pit,315.7513621,0.511038677,7.12E-05,-0.511038677
LOC112045311,calcyclin-binding protein,CG3226,2477.082401,0.44624575,7.21E-05,-0.44624575
LOC112052674,splicing factor 3B subunit 1,Sf3b1,3697.002508,-0.246003942,7.29E-05,0.246003942
LOC112053472,patj homolog,Patj,1047.719771,0.665623218,7.29E-05,-0.665623218
LOC112055051,myosin heavy chain 95F isoform X1,Myo6,1889.079811,-0.711346719,7.34E-05,0.711346719
LOC112053909,modular serine protease-like,modSP,65.64037167,1.909905707,7.37E-05,-1.909905707
LOC112047606,vacuolar protein sorting-associated protein 33A,car,860.5875851,-0.477033709,7.42E-05,0.477033709
LOC112055098,multidrug resistance-associated protein 7,CG7806,607.9677825,-0.459103481,7.48E-05,0.459103481
LOC112051706,THO complex subunit 1,Hpr1,1117.412216,-0.446769716,7.59E-05,0.446769716
LOC112044939,DIS3-like exonuclease 2,Dis3l2,949.694089,-0.576355705,7.68E-05,0.576355705
LOC112051531,rootletin,Root,109.3654206,-1.075098777,7.75E-05,1.075098777
LOC112051920,regulator of microtubule dynamics protein 1-like,LOC112051920,162.5632744,-0.797793491,7.76E-05,0.797793491
LOC112045202,integrator complex subunit 5,omd,456.2597941,-0.526010618,7.78E-05,0.526010618
LOC112047412,calcium load-activated calcium channel,CG10470,750.8540467,0.515530348,7.82E-05,-0.515530348
LOC112045484,larval/pupal rigid cuticle protein 66-like,Cpr30F,288.7178998,-7.689793271,7.90E-05,7.689793271
LOC112043629,programmed cell death protein 2-like,trus,281.9812597,-0.555992666,8.02E-05,0.555992666
LOC112048839,"peroxiredoxin-5, mitochondrial",Prx5,2835.22956,0.283984603,8.03E-05,-0.283984603
LOC112053667,"alpha-1,6-mannosyl-glycoprotein 2-beta-N-acetylglucosaminyltransferase isoform X2",Mgat2,671.2587903,1.289745919,8.03E-05,-1.289745919
LOC112051354,serine palmitoyltransferase 1,Spt-I,763.5926816,-0.469084593,8.03E-05,0.469084593
LOC112058480,engulfment and cell motility protein 1,Ced-12,623.2548141,-0.44343582,8.12E-05,0.44343582
LOC112053639,NA,NA,377.1444309,-0.612136084,8.15E-05,0.612136084
LOC112057762,mannose-6-phosphate isomerase,Mpi,315.7623769,0.572104093,8.16E-05,-0.572104093
LOC112058014,uncharacterized protein LOC112058014,mi,692.4184356,-0.520331961,8.16E-05,0.520331961
LOC112045426,Disintegrin and metalloproteinase domain-containing protein 12,Meltrin,21.03593051,-4.774538292,8.17E-05,4.774538292
LOC112047496,alanine aminotransferase 1,CG1640,478.9638233,1.361156812,8.17E-05,-1.361156812
LOC112047653,acyl-CoA-binding domain-containing protein 6-like,CG5013,1748.86964,0.641285313,8.30E-05,-0.641285313
LOC112048413,"39S ribosomal protein L44, mitochondrial",mRpL44,639.2885801,0.667927963,8.32E-05,-0.667927963
LOC112042953,RNA polymerase II transcriptional coactivator,Ssb-c31a,5.687491866,6.075758959,8.34E-05,-6.075758959
LOC112047717,putative inorganic phosphate cotransporter,MFS12,20.57909185,-2.738443996,8.36E-05,2.738443996
LOC112055420,ribosomal RNA small subunit methyltransferase NEP1,CG3527,669.4072385,0.763473058,8.36E-05,-0.763473058
LOC112050798,interleukin enhancer-binding factor 2 homolog,CG5641,3262.527188,-0.454977264,8.55E-05,0.454977264
LOC112053676,ataxin-10,CG4975,655.6412553,-0.911467492,8.64E-05,0.911467492
LOC112053942,RNA polymerase II subunit A C-terminal domain phosphatase SSU72,Ssu72,891.9945791,0.462338052,8.68E-05,-0.462338052
LOC112057996,hepatocyte nuclear factor 4-gamma isoform X2,Hnf4,305.6961871,0.68425313,8.68E-05,-0.68425313
LOC112047117,GDNF-inducible zinc finger protein 1-like,LOC112047117,427.5473397,-0.452058882,8.70E-05,0.452058882
LOC112058120,transmembrane emp24 domain-containing protein eca,eca,1293.345659,0.704377401,8.77E-05,-0.704377401
LOC112051215,desumoylating isopeptidase 2 isoform X1,CG7222,430.4039985,-0.577940578,8.80E-05,0.577940578
LOC112043918,leucine-rich repeat-containing protein 40-like isoform X1,f-cup,475.9401709,1.295938426,8.80E-05,-1.295938426
LOC112047642,ubiquitin-like-conjugating enzyme ATG10,LOC112047642,310.6535868,-0.553001764,8.88E-05,0.553001764
LOC112054531,nudix hydrolase 8-like,CG8128,224.102363,0.679189428,8.89E-05,-0.679189428
LOC112055560,SAFB-like transcription modulator isoform X2,LOC112055560,120.2315919,-1.344833915,8.90E-05,1.344833915
LOC112053060,protein FAM160B1-like isoform X1,LOC112053060,463.129092,-0.600171061,8.93E-05,0.600171061
LOC112046820,B-cell receptor-associated protein 31-like,CG13887,452.3550567,0.968427966,8.95E-05,-0.968427966
LOC112044943,GPN-loop GTPase 2,CG10222,760.535253,-0.382122545,8.99E-05,0.382122545
LOC112052494,alpha-tocopherol transfer protein-like,LOC112052494,76.99799449,1.572538311,9.10E-05,-1.572538311
LOC112044876,lysine-specific demethylase lid-like,lid,1205.724087,-0.505492144,9.13E-05,0.505492144
LOC112052464,muscle-specific protein 20,Mp20,127.894172,7.312522988,9.15E-05,-7.312522988
LOC112043744,THO complex subunit 6,thoc6,567.683517,-0.497729202,9.16E-05,0.497729202
LOC112051398,glycine receptor subunit alpha-2-like,ort,6.670491977,6.317944787,9.16E-05,-6.317944787
LOC112042956,roundabout homolog 2-like,robo1,1226.612948,-1.308153034,9.18E-05,1.308153034
LOC112055819,transforming growth factor beta regulator 1,LOC112055819,404.0734709,-0.63031388,9.21E-05,0.63031388
LOC112056310,AT-rich interactive domain-containing protein 2-like,Bap170,669.5882399,-0.861691798,9.23E-05,0.861691798
LOC112046597,leucine-rich repeat-containing protein 57-like,CG3040,301.799734,0.88819036,9.29E-05,-0.88819036
LOC112055155,uncharacterized protein LOC112055155,LOC112055155,777.7369682,-0.641275492,9.29E-05,0.641275492
LOC112055703,WD repeat-containing protein 91,CG6005,330.9815164,-1.045729265,9.37E-05,1.045729265
LOC112057397,"succinate--CoA ligase [GDP-forming] subunit beta, mitochondrial",ScsbetaG,250.5569702,2.276476272,9.46E-05,-2.276476272
LOC112055198,putative defense protein 3,CG14515,6.572530159,6.320265916,9.47E-05,-6.320265916
LOC112045588,low density lipoprotein receptor adapter protein 1-like,LOC112045588,24.57003252,2.866436394,9.53E-05,-2.866436394
LOC112056554,ATP-dependent DNA helicase Q1-like,Blm,183.4041598,-0.841165732,9.56E-05,0.841165732
LOC112049978,protein Fe65 homolog isoform X1,LOC112049978,530.5972787,1.348502315,9.67E-05,-1.348502315
LOC112056600,OWR41184.1 putative ATP-binding protein,LOC112056600,240.7727542,-0.744109027,9.70E-05,0.744109027
LOC112053155,cytospin-A-like isoform X2,CG13366,1983.562832,-1.037959086,9.73E-05,1.037959086
LOC112044343,uncharacterized protein LOC112044343,LOC112044343,673.1611911,0.611347974,9.74E-05,-0.611347974
LOC112044797,facilitated trehalose transporter Tret1-like,CG10960,71.2533362,-1.837838083,9.75E-05,1.837838083
LOC112050067,protein draper-like,NimC2,294.85214,-1.957281441,9.76E-05,1.957281441
LOC112045027,RING finger protein nhl-1 isoform X1,tn,96.82177521,4.844384331,9.79E-05,-4.844384331
LOC112052994,4-coumarate--CoA ligase 1-like,CG6178,287.1497782,-1.587573256,9.85E-05,1.587573256
LOC112043319,mitochondrial chaperone BCS1,CG4908,245.824183,0.616327694,9.85E-05,-0.616327694
LOC112045297,ubiquitin conjugation factor E4 A,CG11070,857.372446,-0.595179099,9.88E-05,0.595179099
LOC112044501,cathepsin L,Cp1,3730.844934,-0.618811176,9.94E-05,0.618811176
LOC112044247,zinc finger protein 76-like,LOC112044247,441.9008669,-0.538075186,9.98E-05,0.538075186
LOC112054403,uncharacterized protein LOC112054403,LOC112054403,3064.175369,-1.17360632,0.000100395,1.17360632
LOC112044879,pantothenate kinase 3 isoform X1,fbl,2868.760247,0.541984667,0.000101062,-0.541984667
LOC112054456,RING finger protein 113A,mdlc,119.4801701,-0.817108162,0.000101124,0.817108162
LOC112053451,Serine proteinase stubble,CG40160,2047.87781,-1.24129404,0.000101143,1.24129404
LOC112044807,rRNA-processing protein FCF1 homolog,Bka,416.2931577,0.639700499,0.000101308,-0.639700499
LOC112046457,transmembrane protein 222,CG8372,349.1518273,0.703760268,0.000101386,-0.703760268
LOC112057816,nucleolar protein 58,nop5,4146.421635,0.677371751,0.000102343,-0.677371751
LOC112056741,probable ATP-dependent RNA helicase pitchoune,pit,2831.624541,0.751579326,0.000102492,-0.751579326
LOC112052912,pre-rRNA processing protein FTSJ3,CG8939,2890.688053,0.548469104,0.000103208,-0.548469104
LOC112045997,facilitated trehalose transporter Tret1-like isoform X1,CG10960,179.8282061,2.030409442,0.000104089,-2.030409442
LOC112046093,uncharacterized protein LOC112046093 isoform X2,LOC112046093,343.3469062,-0.82965769,0.00010412,0.82965769
LOC112054553,uncharacterized protein LOC112054553,LOC112054553,8.671105256,6.695284407,0.00010412,-6.695284407
LOC112044574,"neuroligin-4, Y-linked-like isoform X1",Nlg4,48.08523779,3.043262495,0.000104124,-3.043262495
LOC112043379,alpha-soluble NSF attachment protein,alphaSnap,2109.452135,0.565386009,0.000104521,-0.565386009
LOC112049665,tRNA pseudouridine synthase A isoform X1,Pus1,1268.781337,0.765258954,0.000106001,-0.765258954
LOC112050999,zinc finger protein 708-like,LOC112050999,507.0542945,-0.6167742,0.000106012,0.6167742
LOC112054638,nuclear export mediator factor NEMF homolog,Clbn,1678.322611,0.373914331,0.000106131,-0.373914331
LOC112050879,protein KIAA0100,hob,1104.301017,-1.055956702,0.000106231,1.055956702
LOC112046603,zinc finger protein 235-like,LOC112046603,200.2963757,-0.635805267,0.000106289,0.635805267
LOC112043077,importin-5,Karybeta3,8447.594723,-0.486938522,0.000107811,0.486938522
LOC112043549,pyridoxine-5'-phosphate oxidase-like,sgll,572.3776702,0.652732193,0.000107845,-0.652732193
LOC112044856,A disintegrin and metalloproteinase with thrombospondin motifs 16-like,stl,66.88214009,-2.39097742,0.000108084,2.39097742
LOC112045654,zinc finger protein 845-like,LOC112045654,371.151058,-0.634676596,0.000108084,0.634676596
LOC112057904,"6-phosphofructo-2-kinase/fructose-2,6-bisphosphatase isoform X1",Pfrx,623.2963565,0.513084244,0.000108094,-0.513084244
LOC112056894,uncharacterized protein LOC112056894,CG13868,215.5709183,8.482471725,0.00010867,-8.482471725
LOC112053204,transmembrane protein 258,kud,1990.554381,0.40706446,0.000108697,-0.40706446
LOC112044321,uncharacterized protein LOC112044321,LOC112044321,74.3983475,-2.361887421,0.000108791,2.361887421
LOC112043166,U3 small nucleolar RNA-associated protein 4 homolog,l(3)72Dn,1094.104203,0.672032818,0.000109763,-0.672032818
LOC112053032,membrane-associated protein Hem,Hem,1912.22177,0.332311718,0.000109967,-0.332311718
LOC112051004,L-dopachrome tautomerase yellow-f-like,yel-f4,664.6961072,1.492042753,0.000110273,-1.492042753
LOC112045501,multiple C2 and transmembrane domain-containing protein isoform X6,Mctp,445.7039527,0.969832533,0.000110381,-0.969832533
LOC112047698,phosphatidylinositol-glycan biosynthesis class F protein,LOC112047698,635.0546481,0.72102554,0.000110381,-0.72102554
LOC112049935,"glucose dehydrogenase [FAD, quinone]-like",CG9521,17.40438527,-4.79560646,0.000110403,4.79560646
LOC112052479,nuclear pore complex protein Nup93-like,Nup93-1,2068.202552,-0.495408805,0.000110403,0.495408805
LOC112046289,tRNA dimethylallyltransferase,CG31381,123.2936974,0.987337658,0.000110509,-0.987337658
LOC112053192,RE1-silencing transcription factor-like,LOC112053192,503.4781223,0.454549831,0.000110754,-0.454549831
LOC112046452,metastasis-associated protein MTA3,MTA1-like,5577.292785,0.507819105,0.000110904,-0.507819105
LOC112049847,mRNA export factor,Rae1,1744.395246,-0.33857955,0.000111033,0.33857955
LOC112052472,protein FAM92A-A isoform X1,LOC112052472,10.87865788,-5.386944042,0.000111112,5.386944042
LOC112056126,uncharacterized protein LOC112056126 isoform X1,LOC112056126,236.7387847,-1.371183831,0.000112261,1.371183831
LOC112047107,NA,NA,80.74502055,1.471163323,0.000113405,-1.471163323
LOC112047924,putative carbonic anhydrase 5,CAH7,33.14155195,4.063644135,0.000113908,-4.063644135
LOC112054036,leucine-rich repeat protein 1,LOC112054036,305.4099771,-1.104707745,0.000114877,1.104707745
LOC112044521,WD and tetratricopeptide repeats protein 1 isoform X1,adp,485.5153567,-0.836651409,0.000114915,0.836651409
LOC112052765,uncharacterized protein LOC112052765 isoform X1,CG12065,262.7511916,1.619564448,0.000115007,-1.619564448
LOC112043246,facilitated trehalose transporter Tret1-like,CG33281,6.818635416,6.36542336,0.000115166,-6.36542336
LOC112051065,CCR4-NOT transcription complex subunit 7-like,Pop2,1544.919154,0.360558613,0.000116527,-0.360558613
LOC112056186,tRNA-splicing endonuclease subunit SEN2,Tsen2,252.9261713,-0.711420816,0.000116528,0.711420816
LOC112045063,ATP-binding cassette sub-family G member 5,CG11069,2868.539399,-0.48196409,0.000116619,0.48196409
LOC112050312,nuclear pore complex protein Nup50,Nup50,1276.321408,-0.689214849,0.000116732,0.689214849
LOC112053007,segmentation polarity homeobox protein engrailed-like,en,926.6624184,0.609224191,0.000116941,-0.609224191
LOC112055706,TM2 domain-containing protein almondex,amx,403.0203721,-0.618850888,0.000117706,0.618850888
LOC112051512,serine/threonine-protein kinase N,Pkn,1578.128349,-0.443538967,0.000117809,0.443538967
LOC112055229,protein FAM136A,CG5323,237.0003903,0.851427089,0.000118824,-0.851427089
LOC112056236,aldo-keto reductase AKR2E4-like,Akr1B,483.324729,-1.003921329,0.000119116,1.003921329
LOC112052726,pre-mRNA-processing factor 19,Prp19,1142.409393,-0.456091698,0.00011999,0.456091698
LOC112054455,cysteine dioxygenase type 1,CG5493,30.37509397,2.078921302,0.000120838,-2.078921302
LOC112056327,tubulin-specific chaperone D,TBCD,874.2547172,0.822641959,0.000120838,-0.822641959
LOC112054259,E3 ubiquitin-protein ligase MGRN1 isoform X2,CG9941,449.0822856,0.596214442,0.000121248,-0.596214442
LOC112053957,von Hippel-Lindau tumor suppressor homolog,LOC112053957,249.9654681,0.804481482,0.000122186,-0.804481482
LOC112048306,protein FAM73B,Miga,31.47696559,1.61023155,0.000122537,-1.61023155
LOC112047659,"threonine--tRNA ligase, cytoplasmic isoform X2",Aats-thr,2714.988226,0.608289396,0.000122997,-0.608289396
LOC112053965,solute carrier family 12 member 9 isoform X1,CG10413,1287.084521,0.727830556,0.000123077,-0.727830556
LOC112048166,gamma-tubulin complex component 6,Grip163,918.9211022,-0.696931298,0.000124567,0.696931298
LOC112054648,mitochondrial 2-oxoglutarate/malate carrier protein-like,CG18418,128.4954016,1.13239594,0.000124579,-1.13239594
LOC112044967,chitin deacetylase 4,Cda4,7503.096488,-0.623737914,0.00012505,0.623737914
LOC112050866,obscurin isoform X8,Unc-89,169.6590166,3.176997158,0.00012505,-3.176997158
LOC112042972,NA,NA,287.5583297,1.305070725,0.000125567,-1.305070725
LOC112057074,TRAS3 protein,LOC112057074,21.69989539,2.525207136,0.000125723,-2.525207136
LOC112055195,S-adenosylmethionine synthase isoform X2,Sam-S,5777.037886,-0.686360205,0.000126155,0.686360205
LOC112052084,lamin-C-like,Lam,2139.702605,-1.074746962,0.000126905,1.074746962
LOC112054033,putative elongator complex protein 1,Elp1,1195.033669,0.723744593,0.000127844,-0.723744593
LOC112057512,matrix metalloproteinase-25-like,LOC112057512,40.28098337,-2.725869968,0.000127958,2.725869968
LOC112048766,fibroblast growth factor receptor 3-like isoform X2,LOC112048766,18.48123296,3.183450926,0.000128115,-3.183450926
LOC112046972,GDP-L-fucose synthase,Gmer,546.0323539,0.679465829,0.000128357,-0.679465829
LOC112050112,tRNA methyltransferase 10 homolog A,CG14618,131.8402883,0.888121356,0.000129292,-0.888121356
LOC112046728,zinc finger protein 608-like isoform X1,sbb,1779.967803,-0.420727051,0.000130609,0.420727051
LOC112046795,neuronal calcium sensor 2,CG7646,289.861757,0.653047792,0.000130817,-0.653047792
LOC112043223,transmembrane protein 234 homolog,CG12929,232.0306437,-0.633798483,0.000130837,0.633798483
LOC112054893,general transcription factor IIF subunit 2,TfIIFbeta,895.101384,0.83727794,0.000131207,-0.83727794
LOC112053283,cyclin-related protein FAM58A,koko,833.5830385,-0.591972516,0.000133061,0.591972516
LOC112045869,"longitudinals lacking protein, isoforms H/M/V-like isoform X1",BtbVII,248.8477379,-0.807362174,0.000133705,0.807362174
LOC112049166,heterogeneous nuclear ribonucleoprotein A3 homolog 2-like isoform X1,LOC112049166,30.73995971,-2.23851689,0.000134396,2.23851689
LOC112045859,glucose transporter type 1 isoform X1,Glut1,29.75208651,1.832273703,0.000135029,-1.832273703
LOC112058017,glycine-rich cell wall structural protein 2-like,LOC112058017,357.4917629,5.349188357,0.00013532,-5.349188357
LOC112054367,peroxiredoxin-2-like,TPX1,1049.640732,0.326511756,0.000136285,-0.326511756
LOC112049368,gastrula zinc finger protein XlCGF57.1-like,LOC112049368,289.2630295,-0.64667814,0.000136389,0.64667814
LOC112051836,serine/threonine-protein kinase RIO3,CG3008,1315.132546,0.489345817,0.000136453,-0.489345817
LOC112048633,O-acyltransferase like protein-like,CG42329,21.24717567,3.057420499,0.000136758,-3.057420499
LOC112055889,apolipoprotein D-like,NLaz,132.4150802,-8.424151693,0.000137032,8.424151693
LOC112046637,trithorax group protein osa,LOC112046637,195.6624654,-0.839860213,0.00013743,0.839860213
LOC112054300,probable RNA methyltransferase CG11342,CG11342,187.4841776,0.925052074,0.00013743,-0.925052074
LOC112053469,uncharacterized protein LOC112053469,CG32369,1012.35705,0.839845017,0.000137636,-0.839845017
LOC112055531,P94 protein,LOC112055531,175.1270287,2.113200641,0.000137696,-2.113200641
LOC112043775,nuclear protein localization protein 4 homolog,Npl4,603.3855452,-0.634454149,0.000137944,0.634454149
LOC112048243,homeobox protein GBX-2-like,unpg,40.15522555,1.648235658,0.000138549,-1.648235658
LOC112051478,circadian clock-controlled protein-like,CG11854,20.28181995,-3.257461037,0.000138858,3.257461037
LOC112057836,uncharacterized protein LOC112057836,CG4281,634.7009233,-0.486332366,0.000139125,0.486332366
LOC112053084,NA,NA,8.533164565,5.643499762,0.000139585,-5.643499762
LOC112045691,putative pre-mRNA-splicing factor ATP-dependent RNA helicase PRP1,Dhx15,1177.343184,-0.494877156,0.000140428,0.494877156
LOC112054164,methyltransferase-like protein 22,CG10584,220.0235945,-0.618397141,0.000142019,0.618397141
LOC112043860,serine/threonine-protein kinase 17A isoform X1,Drak,1398.611882,-0.656998306,0.000143045,0.656998306
LOC112050773,WD repeat-containing protein 18,WDR18,659.3365732,0.556902583,0.000143713,-0.556902583
LOC112043889,histidine-rich glycoprotein-like,LOC112043889,9.107957317,5.800651872,0.000144824,-5.800651872
LOC112050467,OWR50103.1 putative secreted peptide 30,LOC112050467,91.42928522,1.747152896,0.000144986,-1.747152896
LOC112045117,probable LIM domain-containing serine/threonine-protein kinase DDB_G0286997 isoform X1,LOC112045117,78.45278271,-2.219739979,0.000145085,2.219739979
LOC112050633,"dihydrolipoyllysine-residue acetyltransferase component 2 of pyruvate dehydrogenase complex, mitochondrial isoform X1",LOC112050633,51.95520111,-1.234605037,0.000146921,1.234605037
LOC112054180,OWR54012.1 Pleckstrin proteiny domain-containing family J member 1,LOC112054180,243.7980558,-0.624874974,0.000148591,0.624874974
LOC112050534,serine/threonine-protein kinase D1,PKD,692.6891715,0.679300653,0.000148826,-0.679300653
LOC112051973,CAD protein isoform X2,CAD,3458.248196,0.623586465,0.000148826,-0.623586465
LOC112049178,protein transport protein Sec16A isoform X4,Sec16,4572.358863,0.582275473,0.00014905,-0.582275473
LOC112049201,caprin homolog,Capr,4329.72128,-0.322832025,0.00014905,0.322832025
LOC112046763,"isoleucine--tRNA ligase, cytoplasmic",Aats-ile,3507.558721,0.503705133,0.000149583,-0.503705133
LOC112056059,"myosin light chain kinase, smooth muscle-like",bt,7.597399616,-6.351446203,0.000150979,6.351446203
LOC112057341,protein FAN-like,nclb,93.66922738,-1.45253308,0.000151648,1.45253308
LOC112050373,enhancer of rudimentary homolog,e(r),1606.378709,-0.484413439,0.00015254,0.484413439
LOC112054156,uncharacterized protein LOC112054156,CG2211,101.2086478,-1.209510324,0.000152795,1.209510324
LOC112055295,centrosomal protein of 97 kDa,Cep97,117.9862657,-0.871094048,0.00015325,0.871094048
LOC112044445,ribosome biogenesis protein WDR12 homolog,CG6724,1188.980878,0.513317483,0.000153328,-0.513317483
LOC112058419,inter-alpha-trypsin inhibitor heavy chain H4-like,LOC112058419,12824.14492,-1.163865764,0.000154026,1.163865764
LOC112058282,exonuclease 3'-5' domain-containing protein 2,Exd2,646.6683785,0.584123212,0.00015435,-0.584123212
LOC112044973,cuticle protein 16.5-like,LOC112044973,14.21001265,-3.447994517,0.000155505,3.447994517
LOC112045071,uncharacterized protein LOC112045071,LOC112045071,198.5263332,-0.765675626,0.000156331,0.765675626
LOC112045052,calmodulin-binding transcription activator 2,Camta,17.13355059,2.606341741,0.000157044,-2.606341741
LOC112043641,RING finger protein 17,LOC112043641,1901.772598,-0.989437901,0.000157199,0.989437901
LOC112047797,transcriptional repressor CTCF-like isoform X2,CTCF,149.5831703,-0.995753074,0.00015747,0.995753074
LOC112047514,ero1-like protein isoform X2,Ero1L,446.0450112,0.531156167,0.000157583,-0.531156167
LOC112057917,probable ATP-dependent RNA helicase DDX47,CG9253,1789.724706,0.606796651,0.000157697,-0.606796651
LOC112048098,general odorant-binding protein 66-like,LOC112048098,11.70840468,6.15309662,0.000157852,-6.15309662
LOC112050791,proteasome subunit alpha type-2,Prosalpha2,3201.729983,0.433622311,0.000159515,-0.433622311
LOC112054323,prenylated Rab acceptor protein 1 isoform X2,CG1418,278.2326807,-0.615085036,0.000159515,0.615085036
LOC112053800,prominin-like protein,LOC112053800,9136.066778,-0.35372835,0.00015952,0.35372835
LOC112049783,NADP-dependent malic enzyme-like isoform X2,Men,1826.963367,0.991316673,0.000159927,-0.991316673
LOC112045130,putative fatty acyl-CoA reductase CG8306,CG8306,1372.878359,0.918536079,0.000161549,-0.918536079
LOC112051951,N-alpha-acetyltransferase 10,vnc,1915.251497,0.450916723,0.0001624,-0.450916723
LOC112052744,"28S ribosomal protein S17, mitochondrial",mRpS17,538.5133476,1.019700824,0.000162938,-1.019700824
LOC112057702,tubulin polyglutamylase TTLL13-like isoform X1,TTLL6B,139.2712153,-0.708843885,0.000163354,0.708843885
LOC112055707,"keratin, type I cytoskeletal 9-like",LOC112055707,196.9817648,-2.122680197,0.000163782,2.122680197
LOC112049401,blood vessel epicardial substance-like,bves,590.9161379,1.882176037,0.000164083,-1.882176037
LOC112048248,40S ribosomal protein S28,RpS28b,126.3653725,2.648237147,0.000164297,-2.648237147
LOC112047381,Tyrosine-protein phosphatase 99A,Ptp99A,458.5243715,-0.820392406,0.000167796,0.820392406
LOC112055949,"beta-1,4-glucuronyltransferase 1",CG9171,880.3432847,-0.921424536,0.000167796,0.921424536
LOC112047070,translation elongation factor 2,eEF2,82022.02464,0.429388501,0.00016829,-0.429388501
LOC112057967,growth arrest-specific protein 1-like,LOC112057967,535.0640583,1.188682486,0.00016847,-1.188682486
LOC112047384,tyrosine-protein phosphatase 69D,LOC112047384,242.896538,-1.335132795,0.000169422,1.335132795
LOC112047950,oligosaccharyltransferase complex subunit ostc-A,CG9662,1259.982111,-0.433982274,0.000169483,0.433982274
LOC112046672,protein phosphatase PHLPP-like protein isoform X1,Phlpp,19.16307213,-3.141332133,0.000169948,3.141332133
LOC112052707,uncharacterized protein LOC112052707,LOC112052707,12.40163119,7.208918556,0.000170113,-7.208918556
LOC112043960,E3 ubiquitin-protein ligase TRIM9,Trim9,374.7046419,-0.963095894,0.000170816,0.963095894
LOC112051368,"ubiquinone biosynthesis monooxygenase COQ6, mitochondrial",coq6,535.7426495,0.514498648,0.000171817,-0.514498648
LOC112049425,glycogen debranching enzyme,CG9485,753.4403174,0.890580153,0.000171967,-0.890580153
LOC112052200,small nuclear ribonucleoprotein F,SmF,3008.565794,-0.515428358,0.000172833,0.515428358
LOC112052063,DID protein,LOC112052063,230.9039917,0.80302168,0.000173196,-0.80302168
LOC112046224,something about silencing protein 10,Sas10,1520.412403,0.7725159,0.000175351,-0.7725159
LOC112047566,INO80 complex subunit B,CG10395,281.5649326,-0.552403685,0.000175351,0.552403685
LOC112051909,zinc finger protein 1 isoform X1,zfh1,190.3184226,-1.320933366,0.000176403,1.320933366
LOC112049895,uncharacterized protein LOC112049895,koi,1416.407446,-0.552509268,0.000176698,0.552509268
LOC112055395,protein transport protein Sec31A,Sec31,1181.384206,0.805423098,0.000177282,-0.805423098
LOC112053039,uncharacterized protein LOC112053039,LOC112053039,148.2888169,-3.164726526,0.0001775,3.164726526
LOC112052446,"39S ribosomal protein L2, mitochondrial",mRpL2,508.3507116,0.62927709,0.000177767,-0.62927709
LOC112049375,"stAR-related lipid transfer protein 7, mitochondrial-like isoform X2",CG6565,346.4898878,0.63036511,0.00017792,-0.63036511
LOC112043787,coiled-coil domain-containing protein 137,CG8326,581.1597806,0.70902787,0.000178517,-0.70902787
LOC112058405,XK-related protein 6,CG32579,369.9518358,-1.698550374,0.000178517,1.698550374
LOC112047091,zinc finger protein 431-like,LOC112047091,267.8143431,-0.808628452,0.00018226,0.808628452
LOC112046605,"39S ribosomal protein L51, mitochondrial",mRpL51,578.9351076,0.681856516,0.000183168,-0.681856516
LOC112047257,ubiquitin-conjugating enzyme E2-17 kDa,eff,12746.19264,0.352813994,0.000183168,-0.352813994
LOC112053281,semaphorin-1A isoform X3,Sema-1a,150.2038354,-1.139877459,0.000183278,1.139877459
LOC112057281,histone acetyltransferase KAT2A,Gcn5,143.3809878,-1.550971506,0.000185525,1.550971506
LOC112054021,uncharacterized protein LOC112054021,LOC112054021,29.59026486,2.469121324,0.000185576,-2.469121324
LOC112049386,uncharacterized protein LOC112049386 isoform X3,CG33995,1419.269961,-0.397991133,0.000185617,0.397991133
LOC112044892,"probable cysteine desulfurase, mitochondrial",Nfs1,921.2674801,0.346675282,0.000186358,-0.346675282
LOC112051622,14-3-3 protein epsilon,14-3-3epsilon,23761.09728,-0.2650367,0.000188463,0.2650367
LOC112044150,calmodulin isoform X1,Cam,18886.43509,0.305240227,0.000189533,-0.305240227
LOC112045781,neurotrophin 1,NT1,50.20108527,2.649700178,0.000189769,-2.649700178
LOC112050016,serine proteinase stubble,flz,222.7649558,1.369560506,0.000192214,-1.369560506
LOC112051871,protein FAM122A isoform X3,CG4497,109.3016359,-1.005058739,0.000193748,1.005058739
LOC112046593,protein sickie isoform X1,sick,3592.381986,-0.460203183,0.00019445,0.460203183
LOC112050010,probable serine/threonine-protein kinase tsuA,LOC112050010,336.8237836,-0.614179937,0.000195485,0.614179937
LOC112042995,eisosome protein SEG2,CG15239,396.3294071,1.680658344,0.000195511,-1.680658344
LOC112047323,COP9 signalosome complex subunit 6,CSN6,852.4694232,-0.379718223,0.00019557,0.379718223
LOC112049535,DNA excision repair protein ERCC-6-like,Hel89B,501.2891203,-0.485781356,0.000195799,0.485781356
LOC112056068,rho GTPase-activating protein 190 isoform X1,RhoGAPp190,890.3547314,0.389642688,0.00019663,-0.389642688
LOC112050366,carcinine transporter-like,CG42269,21.38822121,-2.107697737,0.000198393,2.107697737
LOC112045739,dnaJ homolog subfamily C member 22,wus,646.6310534,-0.631309097,0.000203018,0.631309097
LOC112053549,leukocyte elastase inhibitor-like,SRPN17,6283.409516,0.504675743,0.000203052,-0.504675743
LOC112047461,probable G-protein coupled receptor Mth-like 3,GPRMTH5,1269.623935,1.405818365,0.000204145,-1.405818365
LOC112049337,succinate--hydroxymethylglutarate CoA-transferase-like,CG10877,115.2656806,0.758078303,0.000204257,-0.758078303
LOC112051554,Fanconi anemia group J protein homolog isoform X1,CG4078,219.1305371,-0.888034058,0.000205491,0.888034058
LOC112046375,dolichol kinase,CG8311,232.4210516,-0.536731042,0.000207956,0.536731042
LOC112048081,mediator of DNA damage checkpoint protein 1-like isoform X2,LOC112048081,333.2941318,-0.572524711,0.000209649,0.572524711
LOC112050795,---NA---,LOC112050795,122.3991667,-0.805925864,0.000210387,0.805925864
LOC112049925,ubiquitin-conjugating enzyme E2 G1,CG40045,2621.614652,0.339330228,0.000210695,-0.339330228
LOC112044953,integral membrane protein GPR155 isoform X1,anchor,390.1236478,0.43014625,0.000211173,-0.43014625
LOC112051120,dipeptidyl peptidase 9 isoform X1,CG3744,1016.021144,0.435414684,0.000211728,-0.435414684
LOC112056672,uroporphyrinogen decarboxylase,Updo,1271.493469,1.066750656,0.000211936,-1.066750656
LOC112057846,nuclear RNA export factor 1,sbr,1010.300254,-0.427488727,0.00021224,0.427488727
LOC112047521,23 kDa integral membrane protein-like,LOC112047521,28.40190227,4.76248452,0.000212284,-4.76248452
LOC112055897,anaphase-promoting complex subunit 1,shtd,1068.997816,-0.63339143,0.000212284,0.63339143
LOC112054975,NA,NA,18.48416938,6.837106297,0.00021263,-6.837106297
LOC112058373,transcription factor IIIB 90 kDa subunit,Brf,188.4126805,-1.098311033,0.00021358,1.098311033
LOC112047592,speckle targeted PIP5K1A-regulated poly(A) polymerase-like,mkg-p,1608.60844,-0.489927058,0.000214411,0.489927058
LOC112048437,TRPL translocation defect protein 14 isoform X1,Ttd14,2204.000962,-0.628889024,0.000214428,0.628889024
LOC112055179,"D-2-hydroxyglutarate dehydrogenase, mitochondrial",D2hgdh,45.33357604,1.608269977,0.000214428,-1.608269977
LOC112050320,uncharacterized protein LOC112050320 isoform X1,LOC112050320,73.96843333,-1.087872281,0.000214501,1.087872281
LOC112045546,XP_026741072.1 trichohyalin-like,LOC112045546,794.2210189,-0.613787488,0.000217324,0.613787488
LOC112047371,ATP-binding cassette sub-family E member 1,pix,6997.093754,0.890277102,0.000217324,-0.890277102
LOC112050166,myotubularin-related protein 2,mtm,808.1769452,0.396795749,0.000217592,-0.396795749
LOC112047800,zinc finger protein 595-like,LOC112047800,175.2619172,-0.885570888,0.000217932,0.885570888
LOC112056487,LIM domain-binding protein 2 isoform X1,Chi,40.35862728,5.077353881,0.00021884,-5.077353881
LOC112057682,glutamate--cysteine ligase catalytic subunit,Gclc,605.7306988,0.6625921,0.000219668,-0.6625921
LOC112047179,NA,NA,25.8467626,3.435970256,0.000219727,-3.435970256
LOC112048460,uncharacterized protein LOC112048460,qsm,10706.39654,-1.086448344,0.000219811,1.086448344
LOC112050682,cylicin-1-like,LOC112050682,31.09377289,5.978798425,0.000219811,-5.978798425
LOC112043740,pollen-specific leucine-rich repeat extensin-like protein 3,LOC112043740,177.5021961,1.868875761,0.000220678,-1.868875761
LOC112050146,omega-amidase NIT2 isoform X1,CG8132,237.7043955,0.593905677,0.000220767,-0.593905677
LOC112057615,RNA-directed DNA polymerase from mobile element jockey-like,Rbcn-3A,13.16223388,-2.486328541,0.000221966,2.486328541
LOC112054733,cytochrome P450 18a1,Cyp18a1,1345.401019,1.08754174,0.000222498,-1.08754174
LOC112049884,OWR43393.1 putative transcription factor,LOC112049884,281.4273217,0.543872474,0.000223231,-0.543872474
LOC112051098,probable tRNA(His) guanylyltransferase,THG,461.2995608,-0.511463173,0.000227209,0.511463173
LOC112046176,threonine aspartase 1,Tasp1,211.7211978,-0.67183018,0.000228911,0.67183018
LOC112052510,biogenesis of lysosome-related organelles complex 1 subunit 5-like isoform X2,Muted,363.7309596,0.632657592,0.000228913,-0.632657592
LOC112042937,venom carboxylesterase-6-like,CG10175,630.8815778,-1.2705179,0.000230539,1.2705179
LOC112048106,GRB2-associated-binding protein 2 isoform X2,dos,671.1500902,-0.472630589,0.000231128,0.472630589
LOC112049588,zinc finger protein 91-like,CG7987,292.5772746,-0.664649032,0.000231341,0.664649032
LOC112055825,U4/U6 small nuclear ribonucleoprotein Prp31,Prp31,717.3966969,-0.535745577,0.000231341,0.535745577
LOC112048457,mitochondrial genome maintenance exonuclease 1-like,LOC112048457,1478.983123,0.325705847,0.000231396,-0.325705847
LOC112043554,putative inorganic phosphate cotransporter,MFS10,277.0586772,-0.552544208,0.000233446,0.552544208
LOC112053107,protein aveugle,ave,138.2184279,-0.821910757,0.000234019,0.821910757
LOC112047831,SAP30-binding protein,CG2063,55.24118202,-2.407995063,0.000234271,2.407995063
LOC112048371,DNA-binding protein Ewg isoform X5,ewg,207.8704962,-0.84275044,0.000234523,0.84275044
LOC112043066,mitochondrial import inner membrane translocase subunit TIM14,CG7394,456.7014137,0.637082414,0.000235581,-0.637082414
LOC112057482,ATP-dependent helicase brm,brm,88.58849624,-2.768008502,0.00023574,2.768008502
LOC112054523,uncharacterized protein LOC112054523,CG30403,113.5198435,-0.847538753,0.000237284,0.847538753
LOC112049686,ubiquitin carboxyl-terminal hydrolase 7 isoform X3,Usp7,1497.646481,-0.484479095,0.000239555,0.484479095
LOC112044018,NEDD8-activating enzyme E1 regulatory subunit,APP-BP1,741.5579149,-0.443655928,0.000239873,0.443655928
LOC112055516,G-protein-signaling modulator 2,pins,285.8332845,-0.804461768,0.00024027,0.804461768
LOC112047286,IST1 homolog isoform X2,Ist1,547.8187534,0.585041969,0.000240937,-0.585041969
LOC112058026,methyltransferase-like protein 4,CG14906,153.1583384,-0.865313882,0.000240937,0.865313882
LOC112043677,SID1 transmembrane family member 2-like,LOC112043677,212.415723,1.044077718,0.000242053,-1.044077718
LOC112048716,"leucine--tRNA ligase, cytoplasmic",LeuRS,3249.694069,0.494345391,0.000244485,-0.494345391
LOC112052091,pyrimidodiazepine synthase-like,GstO2,4227.804994,0.393400101,0.000244978,-0.393400101
LOC112045030,"sprouty-related, EVH1 domain-containing protein 1",Spred,734.3954987,-0.867506199,0.000245675,0.867506199
LOC112049249,vacuolar protein sorting-associated protein 13B-like,LOC112049249,446.7952184,-0.477638056,0.00024654,0.477638056
LOC112050495,cuticle protein 3-like,Cpr67Fb,21.75727851,-2.854379998,0.000247256,2.854379998
LOC112056454,gastrula zinc finger protein XlCGF57.1-like,CG6813,149.4181687,-1.18587108,0.000248452,1.18587108
LOC112054080,RE1-silencing transcription factor A-like,LOC112054080,505.6388742,-0.421752533,0.000249089,0.421752533
LOC112052405,aminoacyl tRNA synthase complex-interacting multifunctional protein 2 isoform X2,LOC112052405,1106.526669,0.593733766,0.000250219,-0.593733766
LOC112051663,Activating transcription factor of chaperone,crc,57881.03581,0.341638367,0.000251267,-0.341638367
LOC112058436,acetylcholinesterase 1,AChE-1,19.84574728,-3.431410445,0.000251937,3.431410445
LOC112048796,cytochrome P450 307a1-like,CYP307A1,6.834470641,-5.4681443,0.00025493,5.4681443
LOC112051720,uncharacterized protein LOC112051720 isoform X1,LOC112051720,13.27579671,3.73177297,0.000256441,-3.73177297
LOC112046371,NAD-dependent protein deacetylase Sirt6,Sirt6,293.0020371,-0.666825749,0.000257355,0.666825749
LOC112047899,adenomatous polyposis coli protein-like isoform X2,Apc,10594.55246,0.440196359,0.00025832,-0.440196359
LOC112053453,exportin-7-B isoform X1,Ranbp16,852.7011905,-0.707558665,0.000258967,0.707558665
LOC112054647,non-structural maintenance of chromosomes element 3 homolog,LOC112054647,207.6818452,-0.986219542,0.000259347,0.986219542
LOC112050045,carbonyl reductase [NADPH] 1-like,CG31549,513.8701359,0.416922452,0.000259891,-0.416922452
LOC112043228,kallikrein-4-like isoform X1,LOC112043228,388.7592662,1.253886162,0.000260243,-1.253886162
LOC112054579,phenoloxidase-activating factor 2-like,CG5390,578.8655659,-2.231748048,0.000260243,2.231748048
LOC112053387,peroxisome biogenesis factor 10,Pex10,128.0041435,1.073431473,0.00026206,-1.073431473
LOC112058205,protein arginine N-methyltransferase 9-like,LOC112058205,330.8401726,-0.752163607,0.000262461,0.752163607
LOC112057132,putative sodium-dependent multivitamin transporter,CG32669,17.17147046,7.68844636,0.000263604,-7.68844636
LOC112051625,PHD finger protein 12,CG3815,944.4018811,-0.390169802,0.000264103,0.390169802
LOC112049442,survival motor neuron protein,LOC112049442,593.024228,-0.628494382,0.000264944,0.628494382
LOC112050446,L-lactate dehydrogenase isoform X1,Ldh,481.9260974,1.308741433,0.000265409,-1.308741433
LOC112054385,cyclin-dependent kinase-like 4 isoform X1,CG7236,12.64194629,2.567374599,0.000265877,-2.567374599
LOC112043768,rabenosyn-5,Rbsn-5,479.9901983,0.965055687,0.000266738,-0.965055687
LOC112051474,transient receptor potential cation channel protein painless,pain,111.2961709,2.406411568,0.000268517,-2.406411568
LOC112051165,inhibitor of growth protein 1,CG7379,493.5861749,-0.630991564,0.000270117,0.630991564
LOC112057818,prostaglandin E synthase 2,Su(P),305.9166624,-0.727760516,0.000271704,0.727760516
LOC112053871,receptor-type guanylate cyclase Gyc76C-like isoform X1,CG42637,1888.921402,-0.382328046,0.000272197,0.382328046
LOC112052177,trafficking protein particle complex subunit 13,CG4953,249.7426247,0.530948975,0.000273061,-0.530948975
LOC112043717,protein FAM107B,CG9328,354.4681504,-1.039431333,0.000273077,1.039431333
LOC112046857,transcription factor Adf-1-like,LOC112046857,197.4507411,-1.092189539,0.000273803,1.092189539
LOC112058255,transmembrane protein 268 isoform X2,CG18507,632.453407,0.514237756,0.000274827,-0.514237756
LOC112047552,MD-2-related lipid-recognition protein-like,LOC112047552,60.56849529,3.546593509,0.000275533,-3.546593509
LOC112051095,pre-mRNA-splicing factor ATP-dependent RNA helicase DHX16,l(2)37Cb,667.0541502,-0.373348804,0.00027583,0.373348804
LOC112050501,charged multivesicular body protein 6-A,Vps20,491.3389944,0.560121576,0.000276219,-0.560121576
LOC112050757,ecto-NOX disulfide-thiol exchanger 2-like isoform X1,CG10948,551.7349634,-0.657208937,0.000276336,0.657208937
LOC112048571,GTP-binding protein Rheb homolog,Rheb,981.4816744,-0.338183502,0.000279005,0.338183502
LOC112050630,tachykinin-like peptides receptor 86C,TkR86C,7.891979469,5.554914308,0.000279005,-5.554914308
LOC112051890,brefeldin A-inhibited guanine nucleotide-exchange protein 3,CG5937,63.72063332,-1.323096587,0.000279161,1.323096587
LOC112042852,uncharacterized protein LOC112042852,gukh,1412.830544,-0.49345304,0.000279936,0.49345304
LOC112055860,prisilkin-39-like,LOC112055860,45.76573783,3.617009245,0.000280957,-3.617009245
LOC112052586,vesicle transport protein SEC20,Sec20,382.8542611,0.498831476,0.000281594,-0.498831476
LOC112055024,zinc finger CCCH domain-containing protein 13-like isoform X1,LOC112055024,483.5615944,-0.474645947,0.000281594,0.474645947
LOC112057034,la-related protein 1,larp,411.8054265,1.113643566,0.000281826,-1.113643566
LOC112044845,cleavage and polyadenylation specificity factor 73,Cpsf73,1184.184258,-0.310712328,0.000284117,0.310712328
LOC112043117,prominin-1-A isoform X2,prom,7.051972206,6.394819983,0.000284414,-6.394819983
LOC112043414,probable small nuclear ribonucleoprotein E,SmE,2014.02301,-0.389259973,0.000284486,0.389259973
LOC112050774,adiponectin receptor protein,AdipoR,2631.45335,0.438119309,0.000284861,-0.438119309
LOC112045074,guanine nucleotide-binding protein-like 3 homolog,Ns1,2449.224374,0.493505316,0.00028887,-0.493505316
LOC112043024,beta carbonic anhydrase 1,beta-CA,98.37544911,0.994330442,0.000289247,-0.994330442
LOC112054059,FK506-binding protein 5-like isoform X1,LOC112054059,71.86009388,4.171625833,0.000289312,-4.171625833
LOC112050317,Protein quiver,crim,533.9108813,-0.597928482,0.000289322,0.597928482
LOC112048733,flocculation protein FLO11-like,CG8281,180.1762745,-0.814339133,0.000292312,0.814339133
LOC112052716,uncharacterized protein LOC112052716,LOC112052716,19.91915555,-4.651279994,0.000292768,4.651279994
LOC112048568,uncharacterized protein LOC112048568 isoform X2,LOC112048568,410.9660928,1.185475458,0.000293789,-1.185475458
LOC112058001,"putative ribosome-binding factor A, mitochondrial",CG15916,294.3498534,-1.183131825,0.000293789,1.183131825
LOC112056671,COP9 signalosome complex subunit 3,CSN3,1028.76207,-0.451886582,0.000296932,0.451886582
LOC112054438,molybdopterin synthase catalytic subunit,Mocs2,326.3961892,0.636676721,0.000297124,-0.636676721
LOC112043339,antichymotrypsin-2-like isoform X2,SRPN10,931.9150196,0.483880145,0.000297382,-0.483880145
LOC112043712,uncharacterized protein LOC112043712,beat-VI,12.94802679,4.00500462,0.000298656,-4.00500462
LOC112053190,Ca(2+)/calmodulin-responsive adenylate cyclase-like isoform X1,rut,1002.029874,-0.987578941,0.000299669,0.987578941
LOC112055344,uncharacterized protein LOC112055344 isoform X1,LOC112055344,19.58265349,-3.71947505,0.00029978,3.71947505
LOC112053287,disks large-associated protein 5 isoform X1,vlc,485.2625731,0.736782759,0.000300034,-0.736782759
LOC112056433,sex peptide receptor-like,CG13229,8.74956748,4.780077827,0.000300471,-4.780077827
LOC112049335,KPI99471.1 BTB/POZ domain-containing protein 6,CG17068,447.7074361,-0.627636525,0.000302021,0.627636525
LOC112047133,receptor-type tyrosine-protein phosphatase N2 isoform X1,IA-2,267.2945442,-1.700767923,0.000302921,1.700767923
LOC112052158,tyrosine-protein kinase Shark isoform X1,Shark,857.5855568,0.512854406,0.000302921,-0.512854406
LOC112055922,twitchin isoform X22,bt,215.0697558,3.067340672,0.000302921,-3.067340672
LOC112053681,F-box-like/WD repeat-containing protein TBL1XR1,ebi,1315.83361,-0.491935255,0.000303097,0.491935255
LOC112049624,juxtaposed with another zinc finger protein 1,CG12054,53.14324516,1.174820558,0.000305785,-1.174820558
LOC112046927,anosmin-1,LOC112046927,211.8794488,-0.915040135,0.000306264,0.915040135
LOC112053342,nuclear cap-binding protein subunit 3-like,LOC112053342,808.3191859,-0.494562981,0.000307,0.494562981
LOC112055789,uncharacterized protein LOC112055789,LOC112055789,290.4151829,0.798307404,0.000307492,-0.798307404
LOC112043149,ubiquitin carboxyl-terminal hydrolase 36,scny,497.681815,-0.518767512,0.000308164,0.518767512
LOC112054174,protein KRTCAP2 homolog,CG31460,932.4028675,0.591843604,0.000308582,-0.591843604
LOC112054923,proteasome assembly chaperone 2,LOC112054923,617.5452273,0.629298544,0.00031324,-0.629298544
LOC112045447,toll-like receptor 6,Tollo,1025.013488,-0.573406112,0.000313962,0.573406112
LOC112049722,integrator complex subunit 10,IntS10,661.2137034,-0.372522549,0.000313962,0.372522549
LOC112047029,uncharacterized protein LOC112047029 isoform X2,CG14445,65.16666251,1.849211371,0.000314874,-1.849211371
LOC112048290,eukaryotic translation initiation factor 4E-binding protein Mextli isoform X1,mxt,773.8906427,0.814221542,0.000316734,-0.814221542
LOC112052534,Golgi reassembly-stacking protein 2,Grasp65,1377.626419,0.499592287,0.000316861,-0.499592287
LOC112058549,integrator complex subunit 2,INTS2,1944.608947,-0.485427108,0.000316954,0.485427108
LOC112045836,muscle M-line assembly protein unc-89-like isoform X1,Strn-Mlck,408.0168889,-1.155480292,0.000319468,1.155480292
LOC112046139,MATH and LRR domain-containing protein PFE0570w-like,LOC112046139,843.8100977,-0.599334377,0.000320082,0.599334377
LOC112049907,cilia- and flagella-associated protein 20,Bug22,311.2524465,-0.468670623,0.000324771,0.468670623
LOC112047665,zinc finger SWIM domain-containing protein 4-like,CG34401,991.2762403,0.494889171,0.000326452,-0.494889171
LOC112053574,protein FAM214A isoform X1,CG9005,3216.230382,0.73390532,0.000327435,-0.73390532
LOC112054787,"Signal peptide, CUB and EGF-like domain-containing protein 2",LOC112054787,80.99548621,0.968423423,0.000328683,-0.968423423
LOC112053768,neuronal membrane glycoprotein M6-a,M6,1718.276357,-0.377104677,0.000329375,0.377104677
LOC112047093,PR domain zinc finger protein 5-like,LOC112047093,244.107978,-0.527168465,0.000329697,0.527168465
LOC112052151,gametogenetin-binding protein 2-like,CG2182,1404.515024,-0.310927057,0.000329722,0.310927057
LOC112053635,uncharacterized protein LOC112053635 isoform X1,LOC112053635,857.5748989,-0.52893649,0.000330914,0.52893649
LOC112052176,ADP-ribosylation factor 1,Arf79F,22044.58348,0.288310851,0.000331147,-0.288310851
LOC112046817,myotubularin-related protein 10-B,CG14411,331.3523897,0.60991205,0.000331319,-0.60991205
LOC112053062,uncharacterized protein LOC112053062 isoform X1,LOC112053062,579.0468619,-0.579344641,0.00033712,0.579344641
LOC112043553,protein hairy,h,864.8494912,0.804947121,0.000337491,-0.804947121
LOC112053626,guanine nucleotide-releasing factor 2 isoform X1,C3G,773.7815445,-0.336799329,0.000337491,0.336799329
LOC112051371,"dynein heavy chain, cytoplasmic isoform X1",Dhc64C,6078.615061,-0.400672973,0.000337581,0.400672973
LOC112052022,uncharacterized protein LOC112052022,LOC112052022,243.3077848,1.087865068,0.000337863,-1.087865068
LOC112051272,survival of motor neuron-related-splicing factor 30,CG17454,1094.300354,0.386472039,0.000338976,-0.386472039
LOC112052128,LOW QUALITY PROTEIN: uncharacterized protein LOC112052128,CG33144,623.0771569,-0.664285925,0.00034105,0.664285925
LOC112044255,alpha/beta hydrolase domain-containing protein 17B,CG33096,377.7697537,-0.542309789,0.000344299,0.542309789
LOC112053011,uncharacterized protein LOC112053011,Hasp,29.09569088,-1.782007828,0.000345536,1.782007828
LOC112052628,SWI/SNF-related matrix-associated actin-dependent regulator of chromatin subfamily A-like protein 1,Marcal1,38.13080815,-1.494616563,0.000349449,1.494616563
LOC112043545,uncharacterized protein LOC112043545,LOC112043545,310.349666,-0.540566177,0.000351217,0.540566177
LOC112049887,WD repeat-containing protein 81,Wdr81,624.9547159,-0.545807547,0.000352491,0.545807547
LOC112049093,RING finger protein 121,CG15814,892.6982353,0.557871134,0.000353521,-0.557871134
LOC112055422,"uncharacterized protein LOC112055422, partial",CrebA,2909.773578,0.810176874,0.000353714,-0.810176874
LOC112049702,pre-mRNA-splicing factor ATP-dependent RNA helicase PRP16,l(1)G0007,1109.860412,-0.385549262,0.000354203,0.385549262
LOC112055716,Pleckstrin-likey domain-containing family G member 1,GEFmeso,645.3483606,-0.725861159,0.000355069,0.725861159
LOC112051683,RNA-binding protein 34-like isoform X2,LOC112051683,656.6578056,0.64117304,0.000356198,-0.64117304
LOC112056656,zinc finger protein 431-like,LOC112056656,278.9746268,-0.667515661,0.000356279,0.667515661
LOC112043410,uncharacterized protein LOC112043410,LOC112043410,360.9279925,1.075131715,0.000357452,-1.075131715
LOC112048933,PR domain zinc finger protein 1,ich,50.12554593,-2.463908098,0.0003579,2.463908098
LOC112055947,NA,NA,16.26788485,2.609234898,0.000358745,-2.609234898
LOC112047913,OWR49462.1 putative zinc finger protein,CG31224,216.993558,-0.859656263,0.000365208,0.859656263
LOC112044311,pre-mRNA-processing factor 39 isoform X1,CG1646,2568.58553,-0.447345209,0.000365421,0.447345209
LOC112049170,protein FAM102A,CG8671,2400.447471,-0.397842141,0.000365421,0.397842141
LOC112046874,zinc finger protein on ecdysone puffs-like isoform X3,CG8108,3852.834202,-0.342290027,0.000367431,0.342290027
LOC112052221,NA,NA,127.6594833,1.015970763,0.000369179,-1.015970763
LOC112043914,mitochondrial basic amino acids transporter-like,CG4995,26.96839352,3.91776451,0.000369237,-3.91776451
LOC112051416,mitochondrial mRNA pseudouridine synthase Trub2,CG7849,245.7944995,-0.588687203,0.000369237,0.588687203
LOC112053555,uncharacterized protein LOC112053555,LOC112053555,101.8438013,1.55993479,0.000370225,-1.55993479
LOC112044507,uncharacterized protein LOC112044507,LOC112044507,299.5261678,-0.948947103,0.000379747,0.948947103
LOC112050091,apolipoprotein D-like,LOC112050091,201.6611227,1.470875109,0.000379796,-1.470875109
LOC112050677,Retrovirus-related Pol polyprotein from transposon 17.6,LOC112050677,22.63374324,-4.238169503,0.000379796,4.238169503
LOC112051246,N-acetylgalactosamine kinase,Galk,287.194221,-0.551699497,0.000381088,0.551699497
LOC112053288,probable ATP-dependent RNA helicase DDX56,Hlc,1533.277271,0.464314423,0.000382077,-0.464314423
LOC112045971,"succinate-semialdehyde dehydrogenase, mitochondrial",Ssadh,661.9130771,-0.463536108,0.000382237,0.463536108
LOC112049222,uncharacterized protein LOC112049222,CG15601,435.093432,-0.493168604,0.000382655,0.493168604
LOC112056751,macrophage migration inhibitory factor homolog,LOC112056751,30.24657688,-2.513361749,0.000384299,2.513361749
LOC112044153,uncharacterized protein LOC112044153,LOC112044153,26.9480943,1.998691167,0.000386333,-1.998691167
LOC112046580,nose resistant to fluoxetine protein 6-like,drd,689.546741,1.602957739,0.00038848,-1.602957739
LOC112055016,mitochondrial import receptor subunit TOM40 homolog 1,Tom40,1109.125262,0.935709449,0.000388618,-0.935709449
LOC112056800,BRCA1-associated protein,CG5555,242.0716923,0.562333662,0.000388618,-0.562333662
LOC112045287,coiled-coil-helix-coiled-coil-helix domain-containing protein 7,CG4186,970.2866508,0.75939958,0.000394921,-0.75939958
LOC112050981,"peptide deformylase, mitochondrial-like",CG31278,95.1515693,0.90542905,0.000395871,-0.90542905
LOC112042841,uncharacterized oxidoreductase TM_0325-like,CG31548,786.8714411,1.459104342,0.000397267,-1.459104342
LOC112055265,protein ABHD11-like,LOC112055265,84.73297801,1.068771748,0.00039871,-1.068771748
LOC112058293,manganese-transporting ATPase 13A1,CG6230,1123.560771,-0.535242011,0.000402658,0.535242011
LOC112047669,phospholipid phosphatase 2-like isoform X1,wun,274.3755274,0.753714353,0.000402669,-0.753714353
LOC112054366,protein SHQ1 homolog,LOC112054366,631.9579428,-0.656801757,0.000407131,0.656801757
LOC112057829,RNA-directed DNA polymerase from mobile element jockey-like,LOC112057829,14.39730794,2.571322386,0.000407131,-2.571322386
LOC112056789,zinc finger protein 582-like,LOC112056789,58.38173907,-1.690509717,0.000409124,1.690509717
LOC112048826,embryonic polarity protein dorsal isoform X1,dl,1757.919555,0.578786591,0.000412575,-0.578786591
LOC112054928,glycoprotein 3-alpha-L-fucosyltransferase A,FucTA,20.7007423,2.1589444,0.000414714,-2.1589444
LOC112044397,uncharacterized protein LOC112044397 isoform X1,CG13606,43.19257376,4.390336931,0.00041511,-4.390336931
LOC112058076,espin isoform X1,f,134.7608282,1.751296158,0.000419159,-1.751296158
LOC112049052,nuclear RNA export factor 2-like isoform X1,LOC112049052,631.2357593,-0.663115724,0.000420112,0.663115724
LOC112051250,syndecan isoform X1,Sdc,940.5066171,-0.573724771,0.000420149,0.573724771
LOC112055177,dual specificity mitogen-activated protein kinase kinase 7-like isoform X2,hep,837.3822256,0.467994997,0.000425287,-0.467994997
LOC112051158,RNA exonuclease 1 homolog,CG12877,663.2699171,-0.537632948,0.000425671,0.537632948
LOC112048702,NA,NA,947.6771014,1.368625959,0.000431715,-1.368625959
LOC112054262,mediator of RNA polymerase II transcription subunit 19,MED19,702.570731,0.916284092,0.000431786,-0.916284092
LOC112045174,proteasome subunit alpha type-4,Prosalpha3,3489.274152,0.308674498,0.000433301,-0.308674498
LOC112054157,ubiquitin domain-containing protein UBFD1-like,LOC112054157,1134.041252,-0.329158072,0.000433583,0.329158072
LOC112042844,forkhead box protein O isoform X2,foxo,516.7413606,-1.038881132,0.000433601,1.038881132
LOC112049275,zinc finger protein 91-like,LOC112049275,62.03793009,-1.116364737,0.000433975,1.116364737
LOC112050492,cuticle protein 3-like,Cpr67Fb,6.566269251,6.282106091,0.000435021,-6.282106091
LOC112047293,uncharacterized protein LOC112047293,CG10660,692.2048954,-0.425866387,0.0004402,0.425866387
LOC112044576,sphingomyelin phosphodiesterase 1-like,CG3376,10.84107665,7.018310476,0.000441412,-7.018310476
LOC112056673,zinc finger protein 37-like,LOC112056673,490.2808796,-0.686441846,0.000441714,0.686441846
LOC112051830,"serine protease HTRA2, mitochondrial-like",HtrA2,739.4338672,0.529954155,0.000442121,-0.529954155
LOC112045755,THAP domain-containing protein 2-like,LOC112045755,98.9123531,-0.989320635,0.000442857,0.989320635
LOC112044141,prefoldin subunit 2,Pfdn2,2152.29382,0.517498607,0.000444512,-0.517498607
LOC112058156,protein slender lobes isoform X1,LOC112058156,3241.770343,-0.748441591,0.000445112,0.748441591
LOC112054305,syntaxin-7,Syx7,419.1655797,0.696493913,0.000447691,-0.696493913
LOC112047148,ATP-dependent DNA helicase,LOC112047148,34.2975132,-1.423417832,0.000449145,1.423417832
LOC112048587,ankyrin repeat domain-containing protein 11 isoform X1,CG10984,2874.134443,-0.355054611,0.000452666,0.355054611
LOC112048958,UPF0389 protein CG9231,RpL24,325.6380247,0.676617841,0.000453038,-0.676617841
LOC112049138,DENN domain-containing protein 1A-like isoform X1,CG18659,764.9356843,0.442131368,0.000454214,-0.442131368
LOC112056214,CD63 antigen-like,Tsp29Fa,20.93127287,-1.925945125,0.000454743,1.925945125
LOC112044480,THAP domain-containing protein 1-like,LOC112044480,725.9667337,-0.334101324,0.000458452,0.334101324
LOC112044499,probable ATP-dependent RNA helicase DDX10,CG5800,1226.180397,0.657131578,0.000460728,-0.657131578
LOC112047145,uncharacterized protein LOC112047145,CG5180,123.5181213,-1.392285574,0.000461902,1.392285574
LOC112051726,histone H3-like,HIST2H3A,74.21171677,-2.52034664,0.000462592,2.52034664
LOC112049037,chemosensory protein 6,PebIII,5.688525737,6.08784044,0.000464375,-6.08784044
LOC112047570,Spectrin alpha chain,LOC112047570,8.207669627,-3.562722959,0.000464399,3.562722959
LOC112052296,serine/threonine-protein kinase Tor-like,TOR,796.566849,-0.602633312,0.000470941,0.602633312
LOC112044625,protein MCM10 homolog,Mcm10,486.5953898,-1.713424959,0.000472679,1.713424959
LOC112051374,"39S ribosomal protein L11, mitochondrial",mRpL11,406.2764323,0.593492333,0.0004731,-0.593492333
LOC112046950,calmodulin-like protein 4,CG17272,735.1372573,0.453317865,0.000474638,-0.453317865
LOC112051556,RIMS-binding protein 2 isoform X3,Rbp,35.3979943,-1.557068316,0.000475744,1.557068316
LOC112045585,single-stranded DNA-binding protein 3 isoform X1,Ssdp,718.7903787,-0.636742827,0.000477882,0.636742827
LOC112043018,solute carrier organic anion transporter family member 5A1,Oatp30B,978.2331797,0.518387615,0.000477918,-0.518387615
LOC112054840,"protein PET100 homolog, mitochondrial",CG14483,563.5256089,0.735049658,0.000478171,-0.735049658
LOC112045573,F-box only protein 33,LOC112045573,108.6192977,0.992814385,0.000478402,-0.992814385
LOC112048590,"keratin, type I cytoskeletal 9 isoform X2",LOC112048590,1101.746478,0.680142259,0.000482334,-0.680142259
LOC112049009,ejaculatory bulb-specific protein 3-like,CSP3,674.278755,-5.058330538,0.000484489,5.058330538
LOC112044618,5-methylcytosine rRNA methyltransferase NSUN4,l(2)10685,276.2848692,0.511847828,0.000484645,-0.511847828
LOC112056202,adapter molecule Crk,Crk,259.2540635,-0.848882096,0.000484645,0.848882096
LOC112056865,GTP-binding protein 1,Dgp-1,1157.583082,0.27926909,0.000484645,-0.27926909
LOC112048595,lysophospholipid acyltransferase 7-like,frj,333.3357525,-1.415936332,0.000484853,1.415936332
LOC112047008,elongation factor Tu,mEFTu1,2614.049594,0.493246985,0.000487111,-0.493246985
LOC112047160,zinc finger protein 891-like isoform X2,N6AMT1,142.6910264,0.670615445,0.000488917,-0.670615445
LOC112044277,Nuclear pore complex protein Nup205,LOC112044277,11.08197471,-3.525129849,0.000489067,3.525129849
LOC112048963,ubiquinol-cytochrome-c reductase complex assembly factor 1,CG10075,255.6499103,0.673935419,0.000489115,-0.673935419
LOC112048068,USP6 N-terminal-like protein isoform X1,RN-tre,650.0026126,0.483828495,0.00049332,-0.483828495
LOC112047039,CHH-like protein isoform X1,ITP,441.0222375,-0.900337085,0.00049668,0.900337085
LOC112052367,NA,NA,99.15504316,-1.029392619,0.000501098,1.029392619
LOC112057496,synaptotagmin-like protein 4,btsz,277.4645516,-0.637847646,0.000504425,0.637847646
LOC112052525,F-box/LRR-repeat protein 12,CG5003,339.1507178,-0.914676232,0.00050605,0.914676232
LOC112056474,ER membrane protein complex subunit 3,EMC3,693.933982,0.589144808,0.000506745,-0.589144808
LOC112058080,docking protein 3,Dok,854.7175607,0.482240065,0.000507236,-0.482240065
LOC112049083,serine/arginine repetitive matrix protein 1 isoform X2,CG14982,898.8835181,-0.947047808,0.000512242,0.947047808
LOC112058196,peroxisome biogenesis factor 2,Pex2,166.420111,0.706280446,0.00051226,-0.706280446
LOC112046254,uncharacterized protein LOC112046254 isoform X3,jus,72.8319505,-1.103263268,0.000513216,1.103263268
LOC112053752,protein ABHD13,Bem46,197.0853944,-0.672649725,0.000513216,0.672649725
LOC112043707,uncharacterized protein LOC112043707,LOC112043707,24.77260479,8.183375479,0.000516169,-8.183375479
LOC112057560,zinc finger CCCH domain-containing protein 15 homolog,LOC112057560,353.6101464,0.813193863,0.000517319,-0.813193863
LOC112048781,zinc finger protein 58-like,LOC112048781,248.1722269,-0.523916437,0.000520052,0.523916437
LOC112047441,transcriptional repressor p66-alpha,simj,2698.056736,-0.330510538,0.00052256,0.330510538
LOC112050265,LOW QUALITY PROTEIN: uncharacterized protein LOC112050265,CG2991,664.7363906,-0.650846179,0.000525043,0.650846179
LOC112043210,protein FAM151A isoform X2,CG7231,255.9096756,-1.080986248,0.000525815,1.080986248
LOC112043422,serine/arginine repetitive matrix protein 2,CG18809,1276.07163,-0.442769733,0.000526196,0.442769733
LOC112049177,"keratin, type I cytoskeletal 9-like",LOC112049177,147.5318533,-5.430777995,0.000528139,5.430777995
LOC112054793,cyclic GMP-AMP synthase-like,LOC112054793,1071.3457,-0.367452834,0.000528139,0.367452834
LOC112054599,protein vav isoform X1,Vav,230.9321026,1.146719248,0.000529852,-1.146719248
LOC112044826,guanine nucleotide-binding protein subunit beta-5,Gbeta5,434.0739496,-0.658927899,0.000533374,0.658927899
LOC112044033,ribonuclease 3,drosha,316.7851883,-0.654405591,0.000535415,0.654405591
LOC112046328,peptidoglycan-recognition protein SB2-like isoform X2,PGRPLD,858.184859,0.60113549,0.000550812,-0.60113549
LOC112054408,alkaline phosphatase,Alp12,161.3211633,-1.841085914,0.00055214,1.841085914
LOC112046156,insulin-like growth factor-binding protein complex acid labile subunit,LOC112046156,4.643268914,5.798669789,0.000556635,-5.798669789
LOC112054692,pre-rRNA-processing protein TSR2 homolog,CG14543,886.459456,0.55580908,0.000558096,-0.55580908
LOC112045023,chaoptin-like,GPRNNB1,12.09430342,4.627176672,0.000559262,-4.627176672
LOC112049225,uncharacterized protein LOC112049225,CG30403,337.6567541,-1.056446769,0.000560354,1.056446769
LOC112052444,synaptic vesicle glycoprotein 2B-like,mfs5,46.97188422,2.642122356,0.000560814,-2.642122356
LOC112055377,protein lines,lin,935.5416725,-0.340865762,0.000561452,0.340865762
LOC112049331,reticulocalbin-2 isoform X1,CG31650,1130.598073,-0.359018356,0.000562364,0.359018356
LOC112043697,probable nucleoporin Nup58 isoform X1,LOC112043697,285.4926943,-0.687294618,0.000566808,0.687294618
LOC112048680,angio-associated migratory cell protein,CG5114,916.5914521,0.835001618,0.000570861,-0.835001618
LOC112050806,zinc finger protein 436-like isoform X1,LOC112050806,364.3326831,-0.621402999,0.000571296,0.621402999
LOC112045102,arylphorin subunit alpha-like,Lsp1alpha,25.84412904,-2.621446381,0.000573358,2.621446381
LOC112055225,endonuclease-reverse transcriptase,LOC112055225,24.7302477,-1.675780666,0.000580199,1.675780666
LOC112045296,protein Cep89 homolog isoform X1,Cep89,254.5221796,-1.119115815,0.000581481,1.119115815
LOC112046521,probable G-protein coupled receptor CG31760,GPRMGL2,10.49484957,-3.189576028,0.000586267,3.189576028
LOC112055995,zinc finger protein ubi-d4 isoform X2,DPF3,457.6566017,-0.523058997,0.000587608,0.523058997
LOC112051015,serine/threonine-protein kinase fray2 isoform X2,CG15601,232.6506949,-0.658497727,0.00058937,0.658497727
LOC112052548,charged multivesicular body protein 4b,shrb,2610.344149,0.365372009,0.000589767,-0.365372009
LOC112053967,ubiquitin-conjugating enzyme E2 T-like,CG3473,632.3612602,-0.525975545,0.000590766,0.525975545
LOC112046732,nucleolin-like isoform X1,LOC112046732,10587.4741,-0.477655553,0.000591882,0.477655553
LOC112052996,NA,NA,19.76523158,-1.87523289,0.000597252,1.87523289
LOC112048133,zinc carboxypeptidase-like,CG8539,4.319811342,5.691118565,0.000597783,-5.691118565
LOC112050026,KPJ10880.1 NF-kappa-B-repressing factor,CG31301,292.5774008,-0.520912055,0.000600846,0.520912055
LOC112042943,antichymotrypsin-1-like isoform X2,LOC112042943,257.7477184,-5.103867037,0.00060779,5.103867037
LOC112042804,uncharacterized protein LOC112042804,LOC112042804,376.6655731,-0.497375959,0.000609776,0.497375959
LOC112052630,"transmembrane protein 11 homolog, mitochondrial",Pmi,235.2262183,0.642514577,0.000611706,-0.642514577
LOC112045047,uncharacterized protein LOC112045047 isoform X1,LOC112045047,3845.09321,0.420356914,0.000611964,-0.420356914
LOC112050864,uncharacterized protein LOC112050864,LOC112050864,55.07914492,1.862898148,0.000612291,-1.862898148
LOC112053669,Replication Protein A3,LOC112053669,604.5764425,-0.595276505,0.000612872,0.595276505
LOC112057285,flocculation protein FLO11-like,LOC112057285,297.2952225,-0.620956628,0.00061403,0.620956628
LOC112052647,UPF0505 protein C16orf62 isoform X1,CG8202,882.2975025,-0.603756025,0.000615974,0.603756025
LOC112051752,transcription factor Adf-1-like,LOC112051752,598.6546757,-0.483846585,0.000618286,0.483846585
LOC112044708,"thioredoxin, mitochondrial",CG8993,885.544445,0.515143311,0.000618564,-0.515143311
LOC112049069,protein split ends,spen,6166.745134,-0.291441883,0.000619594,0.291441883
LOC112049293,nucleolar protein 6,Mat89Ba,1315.916984,0.511094502,0.000620691,-0.511094502
LOC112050540,atlastin isoform X1,atl,229.343703,0.857811415,0.000625088,-0.857811415
LOC112047601,IQ and AAA domain-containing protein 1-like,CG14183,66.78959051,1.544844356,0.000632919,-1.544844356
LOC112057871,DET1 homolog,abo,303.15101,0.426963009,0.000633233,-0.426963009
LOC112046222,notchless protein homolog 1,Nle,596.7918047,0.607022599,0.00063364,-0.607022599
LOC112056494,protein LTV1 homolog,LTV1,1508.135134,0.56543327,0.000638203,-0.56543327
LOC112046279,"proline-, glutamic acid- and leucine-rich protein 1-like",LOC112046279,961.5366542,-0.417143252,0.000638214,0.417143252
LOC112049196,DENN domain-containing protein 5B isoform X1,pns,315.7241559,0.636136146,0.000639881,-0.636136146
LOC112044394,Translation initiation factor IF-2,CG11370,1020.87494,-1.127783118,0.00064005,1.127783118
LOC112047367,facilitated trehalose transporter Tret1-like,Tret1-2,67.5903689,-1.617952853,0.00064005,1.617952853
LOC112051817,"ATP-binding cassette sub-family B member 6, mitochondrial",Hmt-1,2084.005052,1.08971387,0.000640719,-1.08971387
LOC112047591,Beaten path IIa,beat-IIa,13.57203691,3.807624697,0.000641712,-3.807624697
LOC112046191,OWR46634.1 leucine-rich transmembrane protein,ISLR2,10.95422253,4.506955317,0.000647036,-4.506955317
LOC112058313,60S ribosomal protein L7a,RpL7A,48018.86509,0.543190322,0.000650445,-0.543190322
LOC112057928,NA,NA,30.05810477,4.182113112,0.000652405,-4.182113112
LOC112056810,lipase 3-like,Lip4,8.295615401,5.623994654,0.000652466,-5.623994654
LOC112046148,ribonuclease H2 subunit C,LOC112046148,301.5057984,-1.918995581,0.000655464,1.918995581
LOC112048134,eukaryotic peptide chain release factor GTP-binding subunit ERF3A isoform X1,Elf,6335.686963,0.449020107,0.000659039,-0.449020107
LOC112050113,cyclin-dependent kinase 11B,Pitslre,1687.778428,-0.424899825,0.000660705,0.424899825
LOC112047595,terminal uridylyltransferase Tailor-like,mkg-p,425.5937062,-0.486078841,0.00066227,0.486078841
LOC112048149,putative homeodomain transcription factor isoform X2,phtf,422.3559199,-0.878814086,0.000665064,0.878814086
LOC112054065,ER lumen protein-retaining receptor,KdelR,2076.775483,-0.324953115,0.000666552,0.324953115
LOC112057552,guanylate cyclase 32E,CG10738,29.07369529,5.289904149,0.000668092,-5.289904149
LOC112045057,5'-3' exoribonuclease 1,XRN1,1745.925272,-0.890774046,0.000668224,0.890774046
LOC112049462,larval cuticle protein LCP-22-like,Cpr67Fa2,13.50637902,3.200005303,0.000668224,-3.200005303
LOC112045285,ethanolaminephosphotransferase 1-like,CG7149,422.6081405,0.643744096,0.000669798,-0.643744096
LOC112045944,OWR42262.1 putative Enhancer of polycomb,E(Pc),590.4638602,-0.699578279,0.000670999,0.699578279
LOC112051781,"succinate--CoA ligase [GDP-forming] subunit beta, mitochondrial",ScsbetaG,999.5311856,1.069815662,0.00067177,-1.069815662
LOC112046569,zinc finger homeobox protein 3 isoform X2,zfh2,1988.282636,-0.698355699,0.000671835,0.698355699
LOC112047285,golgin subfamily A member 4-like,Golgin245,1236.933367,0.361175518,0.000672744,-0.361175518
LOC112044795,prolyl 4-hydroxylase subunit alpha-1-like,PH4alphaEFB,1904.312224,1.528706523,0.000678471,-1.528706523
LOC112046333,acyl-coenzyme A thioesterase 13-like,CG16986,72.98469768,0.901758952,0.000678966,-0.901758952
LOC112049463,uncharacterized protein LOC112049463,LOC112049463,60.55325466,-2.077464908,0.000686169,2.077464908
LOC112050710,nucleoredoxin-like,LOC112050710,828.7781766,1.066620455,0.000695339,-1.066620455
LOC112051164,ras association domain-containing protein 8 isoform X1,RASSF8,464.9826926,-0.403068615,0.000697442,0.403068615
LOC112051087,adhesive plaque matrix protein,CG13003,4576.262902,0.395441025,0.000697941,-0.395441025
LOC112055104,ER degradation-enhancing alpha-mannosidase-like protein 3,Edem2,1202.045166,0.425237311,0.000698752,-0.425237311
LOC112058254,"28S ribosomal protein S18b, mitochondrial",mRpS18B,385.831029,0.553781201,0.000701092,-0.553781201
LOC112054577,ATP-citrate synthase,ATPCL,4496.469805,0.33555127,0.000701488,-0.33555127
LOC112043752,Calcium-independent phospholipase A2-gamma,CG2909,455.9941713,1.668780769,0.000704711,-1.668780769
LOC112049642,sorting and assembly machinery component 50 homolog A,CG7639,985.4253278,0.663101641,0.000708281,-0.663101641
LOC112047689,"2-oxoisovalerate dehydrogenase subunit beta, mitochondrial",CG17691,218.0182319,0.977057529,0.000711113,-0.977057529
LOC112048026,3-hydroxyacyl-CoA dehydrogenase type-2,scu,500.1230051,0.467702455,0.000712851,-0.467702455
LOC112050150,uncharacterized protein LOC112050150,LOC112050150,49.91292443,-1.11414105,0.000712851,1.11414105
LOC112058094,zinc finger protein 121-like,topi,237.4089508,-0.619442875,0.000712851,0.619442875
LOC112047927,zinc finger protein 569-like,wdn,438.5198087,-0.756407065,0.00071613,0.756407065
LOC112049086,phosphoinositide 3-kinase regulatory subunit 4 isoform X1,ird1,585.0460901,-0.714973065,0.000720008,0.714973065
LOC112047980,clavesin-1-like,CG11550,207.8982786,6.798603049,0.000723954,-6.798603049
LOC112052403,protein NDUFAF4 homolog,CG11722,217.7494582,0.818974958,0.000726048,-0.818974958
LOC112045035,uncharacterized protein LOC112045035 isoform X1,LOC112045035,349.72736,-0.932148906,0.00072641,0.932148906
LOC112054095,"beta-1,3-glucan-binding protein-like",GNBP1,18.1480073,-4.671042681,0.000729942,4.671042681
LOC112054610,uncharacterized protein K02A2.6-like isoform X2,LOC112054610,26.38581333,-3.257040769,0.000736082,3.257040769
LOC112053842,heat shock protein 68-like,Hsp68,14.15297798,3.412625681,0.000739307,-3.412625681
LOC112056730,NADH dehydrogenase [ubiquinone] 1 alpha subcomplex subunit 7-like,ND-B14.5A,404.8007251,1.911500923,0.000740618,-1.911500923
LOC112042811,mitochondrial import inner membrane translocase subunit Tim22,CG31229,371.6386056,0.4853673,0.000740985,-0.4853673
LOC112046718,E3 SUMO-protein ligase PIAS3 isoform X2,Su(var)2-10,1518.387487,-0.755223303,0.000742954,0.755223303
LOC112042960,mitochondrial transcription rescue factor 1,CG4884,157.9908002,0.699652247,0.00074406,-0.699652247
LOC112056254,protein polybromo-1 isoform X1,polybromo,108.4977589,-1.17937796,0.00074406,1.17937796
LOC112056532,alpha-catulin isoform X2,alpha-Catr,8.374866356,4.176918555,0.000750551,-4.176918555
LOC112045801,H/ACA ribonucleoprotein complex subunit 4,Nop60B,3478.247774,0.524518914,0.000756142,-0.524518914
LOC112056655,solute carrier family 25 member 44,CG5805,57.41617531,1.007930389,0.000757195,-1.007930389
LOC112043266,E3 ubiquitin-protein ligase RNF168-like,LOC112043266,207.15125,-0.832627512,0.000757854,0.832627512
LOC112057699,glutamate-gated chloride channel isoform X1,GluCl,13.91808016,3.210397189,0.000769466,-3.210397189
LOC112044659,protein retinal degeneration B,rdgB,254.0983923,0.995696582,0.000769673,-0.995696582
LOC112045919,ATP-binding cassette sub-family A member 5-like,ABCA,106.0135563,-1.696655088,0.000778376,1.696655088
LOC112050893,DCN1-like protein 5,SCCRO4,2089.213063,-0.336798375,0.000778907,0.336798375
LOC112049302,actin-related protein 5,Arp5,443.5256424,-0.650253478,0.000779377,0.650253478
LOC112043704,uncharacterized protein LOC112043704 isoform X2,Stacl,21.68276838,2.247731513,0.000780498,-2.247731513
LOC112051825,NA,NA,53.87742183,-1.780631894,0.000783339,1.780631894
LOC112051444,probable phosphomannomutase,Pmm2,693.4068826,0.509545549,0.000784314,-0.509545549
LOC112057465,NA,NA,19.26363525,-2.805702217,0.000785428,2.805702217
LOC112054719,isocitrate dehydrogenase [NADP] cytoplasmic,Idh,6993.749005,0.921084415,0.000789875,-0.921084415
LOC112052526,protein LLP homolog,LOC112052526,2525.30408,0.485321578,0.000792181,-0.485321578
LOC112043440,histone-lysine N-methyltransferase 2C-like,Lpt,129.6981056,-0.740596931,0.000795043,0.740596931
LOC112045658,exostosin-3,botv,795.0585681,-1.061121009,0.000795736,1.061121009
LOC112049049,centrosomal protein of 164 kDa,CG9170,188.7301609,-0.587180664,0.000810765,0.587180664
LOC112049640,NADH dehydrogenase [ubiquinone] 1 alpha subcomplex assembly factor 3,CG5569,172.9261237,0.988399077,0.000812955,-0.988399077
LOC112049740,tyrosine-protein kinase Fer isoform X1,FER,887.6969161,-0.56205461,0.000817403,0.56205461
LOC112044359,nucleoporin GLE1,LOC112044359,401.690236,-0.728594943,0.000820218,0.728594943
LOC112056088,rho guanine nucleotide exchange factor 1-like,RhoGEF2,488.3107017,0.789475219,0.000820456,-0.789475219
LOC112056492,synaptotagmin-like protein 4,btsz,795.2895254,-0.58187625,0.000820456,0.58187625
LOC112043470,histone-lysine N-methyltransferase 2C-like,Lpt,160.0846321,-0.779564266,0.000822539,0.779564266
LOC112045192,zinc finger and BTB domain-containing protein 24-like isoform X3,MTF-1,377.8420501,0.784039474,0.000824363,-0.784039474
LOC112046061,synembryn-A,ric8a,369.588086,-0.462714001,0.000824722,0.462714001
LOC112058495,uncharacterized protein LOC112058495 isoform X1,LOC112058495,20.04079491,-1.862345404,0.000825281,1.862345404
LOC112058365,hypoxia-inducible factor 1-alpha-like isoform X3,sima,3377.216858,0.698771769,0.000828486,-0.698771769
LOC112046813,sorbitol dehydrogenase-like,Sodh-2,176.7376883,1.46171748,0.000831315,-1.46171748
LOC112043742,inactivation no afterpotential D,inaD,38.36052512,-2.918476548,0.00083238,2.918476548
LOC112047403,spermine synthase,Sms,245.742366,-0.895400544,0.000835499,0.895400544
LOC112046002,transmembrane protein 184C,CG5850,736.4493387,0.455167951,0.000837678,-0.455167951
LOC112053401,phenoloxidase-activating factor 2-like,CG5390,3292.65967,1.071197545,0.000840264,-1.071197545
LOC112053537,Serine proteinase stubble,CG5390,5348.188409,-1.011366973,0.000843479,1.011366973
LOC112053846,tetratricopeptide repeat protein 17,LOC112053846,199.8697224,-0.714108099,0.000844039,0.714108099
LOC112055424,uncharacterized protein LOC112055424,LOC112055424,11.71965607,-3.080300182,0.000844945,3.080300182
LOC112053045,retinal dehydrogenase 1-like,CG31075,7.97214044,-4.30912699,0.000849911,4.30912699
LOC112042945,disintegrin and metalloproteinase domain-containing protein 33-like,mmd,230.3096825,2.610423582,0.000853246,-2.610423582
LOC112043032,tumor protein D54 isoform X1,CG5174,4463.835711,0.406446461,0.000854321,-0.406446461
LOC112055974,vanin-like protein 2 isoform X2,LOC112055974,17.32066853,-2.481225777,0.000858454,2.481225777
LOC112053592,cytochrome P450 9e2-like,Cyp9f2,30.64886613,2.035396326,0.000867511,-2.035396326
LOC112056362,uncharacterized protein LOC112056362,LOC112056362,175.2487005,-0.818621254,0.000868828,0.818621254
LOC112055624,bromodomain-containing protein DDB_G0270170-like,dikar,1420.336423,-0.307018848,0.0008735,0.307018848
LOC112053792,ubiquitin carboxyl-terminal hydrolase calypso,calypso,438.2874767,-0.424290952,0.000881767,0.424290952
LOC112049111,disco-interacting protein 2 isoform X4,DIP2,1041.815768,0.860115234,0.000883258,-0.860115234
LOC112056837,cell division cycle and apoptosis regulator protein 1-like,LOC112056837,4482.322486,-0.282242061,0.000885314,0.282242061
LOC112043921,hemicentin-2 isoform X2,ed,10200.94133,-0.463180741,0.000887809,0.463180741
LOC112048844,NA,NA,310.6559416,0.821042308,0.00088803,-0.821042308
LOC112049487,mucin-5AC-like isoform X1,LOC112049487,1250.653496,-0.327027641,0.000888234,0.327027641
LOC112046115,tudor domain-containing protein 5,LOC112046115,86.16980636,-1.03502471,0.000888306,1.03502471
LOC112053900,CD63 antigen-like,Tsp42Ed,12.91138937,-2.425572258,0.00089272,2.425572258
LOC112044380,DNA-directed RNA polymerase II subunit RPB7,Rpb7,557.1583494,-0.646974009,0.000900591,0.646974009
LOC112053406,vesicle transport protein GOT1B,CG32576,427.3013642,0.463821414,0.000902156,-0.463821414
LOC112056203,carbonyl reductase [NADPH] 1-like,CG10672,306.3473378,-0.723255747,0.000904013,0.723255747
LOC112045845,uncharacterized protein LOC112045845,LOC112045845,354.2391616,0.492170642,0.000905997,-0.492170642
LOC112049559,cytoplasmic aconitate hydratase-like,Irp-1B,426.4423749,0.651054757,0.000908414,-0.651054757
LOC112049399,sorting nexin-12,Snx3,729.6521677,-0.527288775,0.000908547,0.527288775
LOC112054173,"hydroxymethylglutaryl-CoA lyase, mitochondrial",Hmgcl,459.1208477,0.457963246,0.000909303,-0.457963246
LOC112044361,ras-related protein Rab-8A isoform X2,Rab8,2152.331412,0.25291105,0.000914993,-0.25291105
LOC112049024,ejaculatory bulb-specific protein 3-like,Phk-3,527.3611474,0.566312743,0.000915619,-0.566312743
LOC112042802,protein unc-93 homolog A-like,LOC112042802,36.66614255,-1.918240625,0.000918345,1.918240625
LOC112052891,protein-cysteine N-palmitoyltransferase Rasp,rasp,67.3239148,-1.248004339,0.000918345,1.248004339
LOC112057932,juvenile hormone-binding protein-like,LOC112057932,53.91393573,2.684753584,0.000927068,-2.684753584
LOC112045602,UDP-glucuronosyltransferase 2B20-like isoform X1,Ugt49C1,3.99043644,5.564950491,0.000928025,-5.564950491
LOC112044099,enhancer of yellow 2 transcription factor-like,e(y)2,723.441647,-0.536754833,0.000933103,0.536754833
LOC112046347,ubiquitin carboxyl-terminal hydrolase isozyme L5,Uch-L5,186.449451,-1.290648124,0.000933668,1.290648124
LOC112047102,oocyte zinc finger protein XlCOF26-like,LOC112047102,149.7280042,-0.715596437,0.000934821,0.715596437
LOC112050123,GPI mannosyltransferase 4,PIG-Z,287.8727449,-0.592408124,0.000937643,0.592408124
LOC112057940,polycomb protein Scm,Scm,637.2743043,-0.384266894,0.000937698,0.384266894
LOC112043333,protein Mpv17,CG11077,385.3863474,0.499443918,0.000941861,-0.499443918
LOC112057241,"DNA polymerase subunit gamma-1, mitochondrial",tam,182.1156726,-0.90457241,0.000941881,0.90457241
LOC112054042,rho-associated protein kinase 2,Rok,1079.445871,-0.48963128,0.000943259,0.48963128
LOC112049397,RPA-interacting protein-like,LOC112049397,156.9471912,-0.903846012,0.000945764,0.903846012
LOC112051505,ionotropic receptor 7d3,LOC112051505,7.381832474,3.880239648,0.000946416,-3.880239648
LOC112057885,NA,NA,16.89355282,2.355373546,0.000946416,-2.355373546
LOC112053985,uncharacterized protein LOC112053985,LOC112053985,115.5177826,2.608307866,0.00094684,-2.608307866
LOC112054226,unconventional prefoldin RPB5 interactor-like protein,LOC112054226,240.1503141,-0.937823352,0.000947073,0.937823352
LOC112050343,ankyrin repeat domain-containing protein 17,mask,5687.75794,-0.354233331,0.000950271,0.354233331
LOC112044314,"39S ribosomal protein L37, mitochondrial",mRpL37,639.6108502,0.492564553,0.000956704,-0.492564553
LOC112052925,steroid receptor RNA activator 1-like,LOC112052925,255.8398699,0.919257763,0.000956705,-0.919257763
LOC112058498,excitatory amino acid transporter isoform X1,Eaat2,79.85305803,-2.910608274,0.000964565,2.910608274
LOC112043130,NA,NA,78.84227509,3.057705431,0.000968287,-3.057705431
LOC112046904,polyadenylate-binding protein 1,pAbp,86246.47426,0.306507414,0.000972501,-0.306507414
LOC112053481,clathrin light chain isoform X1,Clc,3754.549176,0.419274377,0.000982054,-0.419274377
LOC112054862,"protein arginine methyltransferase NDUFAF7 homolog, mitochondrial",CG17726,347.721216,0.750083782,0.000985547,-0.750083782
LOC112044517,"2-oxoisovalerate dehydrogenase subunit alpha, mitochondrial",CG8199,27.12725003,7.346315744,0.000991469,-7.346315744
LOC112046949,solute carrier family 25 member 44,CG5805,150.6055281,0.638913716,0.00099674,-0.638913716
LOC112045195,chymotrypsin-like elastase family member 2A,CG30187,12.01457246,2.95465875,0.000997072,-2.95465875
LOC112049344,NA,NA,146.88824,2.057252181,0.000999426,-2.057252181
LOC112049826,COP9 signalosome complex subunit 7b,CSN7,973.2429277,0.408927331,0.000999426,-0.408927331
LOC112058357,neuroendocrine convertase 2,amon,9.151753562,3.540406921,0.000999562,-3.540406921
LOC112051367,transient receptor potential channel pyrexia,pyx,26.05700417,3.351583451,0.001001824,-3.351583451
LOC112050160,probable ATP-dependent RNA helicase YTHDC2,YTHDC2,1235.703423,-0.3596634,0.001004819,0.3596634
LOC112056574,myrosinase 1-like,CG9701,6.841946062,6.359381285,0.001004819,-6.359381285
LOC112046980,RING finger protein 10,CG12099,5417.488947,0.300763906,0.001005752,-0.300763906
LOC112047423,inactive dipeptidyl peptidase 10,CG17684,8.325185025,3.084187002,0.001006484,-3.084187002
LOC112046304,rap1 GTPase-activating protein 1 isoform X4,Rapgap1,253.9451928,0.648982671,0.001010058,-0.648982671
LOC112049916,uncharacterized protein LOC112049916,LOC112049916,4.517475745,5.783180923,0.001012473,-5.783180923
LOC112058378,alpha-mannosidase 2,alpha-Man-IIa,1220.413102,-0.560445926,0.001012473,0.560445926
LOC112047844,Y-box factor homolog,yps,29326.19637,-0.431214645,0.001018087,0.431214645
LOC112043322,matrix metalloproteinase-14 isoform X5,Mmp1,217.2639677,-1.308995266,0.00101861,1.308995266
LOC112048557,sphingomyelin synthase-related 1-like,SMSr,288.8402273,-0.639725728,0.001018702,0.639725728
LOC112051026,beta-arrestin-1 isoform X2,krz,2545.492153,0.311817666,0.001022773,-0.311817666
LOC112044502,zinc finger C4H2 domain-containing protein isoform X1,CG13001,626.8132383,-0.383019199,0.001026886,0.383019199
LOC112057710,serine proteinase stubble,CLIPA15,227.5115548,1.073951872,0.001031058,-1.073951872
LOC112050021,androgen-dependent TFPI-regulating protein-like,LOC112050021,6.673941263,-6.192501084,0.001033133,6.192501084
LOC112046666,transcription factor GAGA-like,CG12236,649.3085929,0.60272432,0.001036529,-0.60272432
LOC112054434,zinc finger protein 37-like isoform X2,LOC112054434,120.9147252,-0.730575923,0.001036669,0.730575923
LOC112054776,hyaluronidase PH-20-like isoform X1,LOC112054776,8.327734721,3.64450041,0.001038353,-3.64450041
LOC112052546,connectin-like,LOC112052546,13.08132686,-3.870186584,0.001043004,3.870186584
LOC112057900,probable RNA 3'-terminal phosphate cyclase-like protein,Rtc1,480.4317266,0.425922878,0.00104839,-0.425922878
LOC112055625,WW domain-containing adapter protein with coiled-coil homolog isoform X1,wcy,824.6453231,-0.41844853,0.001048438,0.41844853
LOC112057686,protein krasavietz,kra,21105.01846,0.359313155,0.001050011,-0.359313155
LOC112043296,E3 ubiquitin-protein ligase UBR5 isoform X1,hyd,9038.549808,-0.331239181,0.001050744,0.331239181
LOC112044830,pyroglutamyl-peptidase 1,LOC112044830,198.5388625,0.871300642,0.001051736,-0.871300642
LOC112053375,"A-kinase anchor protein 10, mitochondrial",pkaap,358.1735151,0.412331916,0.001053494,-0.412331916
LOC112055264,2-(3-amino-3-carboxypropyl)histidine synthase subunit 1,Dph1,385.3510843,0.676851146,0.001055698,-0.676851146
LOC112046116,tudor domain-containing protein 5,LOC112046116,171.8364698,-0.766309924,0.001060047,0.766309924
LOC112045957,zinc finger protein 91-like,LOC112045957,76.25205952,-1.219604309,0.001066613,1.219604309
LOC112045304,protein suppressor of sable isoform X1,su(s),1543.049852,0.365824268,0.001067736,-0.365824268
LOC112054130,multidrug resistance protein 1A-like,Mdr65,17.46198183,-3.657940077,0.001067736,3.657940077
LOC112055601,NA,NA,18.25136496,-3.214928398,0.001067736,3.214928398
LOC112055499,G patch domain-containing protein 1 homolog,CG8833,453.7665049,-0.408071976,0.001076181,0.408071976
LOC112045466,"endonuclease G, mitochondrial",EndoG,160.0503291,0.71406374,0.001076995,-0.71406374
LOC112043080,early growth response protein 3 isoform X1,sr,89.13397689,-1.19608035,0.001078361,1.19608035
LOC112055567,zonadhesin-like isoform X1,Spn42Da,21.83902218,3.994510937,0.001078459,-3.994510937
LOC112046746,MAU2 chromatid cohesion factor homolog,Mau2,343.2272484,-0.519950323,0.001081812,0.519950323
LOC112049322,laminin subunit alpha-2-like,trol-,654.2806289,0.44564256,0.001083377,-0.44564256
LOC112052613,serine/threonine-protein phosphatase PP2A 65 kDa regulatory subunit,Pp2A-29B,7877.616832,-0.282897416,0.001085843,0.282897416
LOC112047892,protein lifeguard 1-like isoform X2,Nmda1,985.2643318,0.49829427,0.001087071,-0.49829427
LOC112050308,larval cuticle protein A2B-like,Cpr64Aa,94.97669479,7.717844513,0.001090449,-7.717844513
LOC112053562,bifunctional purine biosynthesis protein PURH,CG11089,1970.571458,0.394732755,0.001092854,-0.394732755
LOC112047476,low-density lipoprotein receptor-related protein 2,mgl,7112.47157,0.490433943,0.001094049,-0.490433943
LOC112052355,global transcription regulator sge1,Cpr100A,1780.567348,2.678127824,0.001094722,-2.678127824
LOC112054227,"28S ribosomal protein S29, mitochondrial",mRpS29,613.899576,0.478458514,0.001101296,-0.478458514
LOC112043411,ras-related protein Rab-10,Rab10,4703.889306,-0.206595835,0.001101326,0.206595835
LOC112051302,G-protein coupled receptor moody-like,CG4313,20.90189118,-2.17231593,0.001105983,2.17231593
LOC112053050,tyrosine-protein kinase Src42A isoform X2,JAK2,1213.029909,-0.413971173,0.00110638,0.413971173
LOC112052291,SH3 domain-containing protein Dlish,Dlish,2213.860506,-0.42431836,0.001112215,0.42431836
LOC112051886,U11/U12 small nuclear ribonucleoprotein 25 kDa protein-like,LOC112051886,131.2091222,-0.847579737,0.001116976,0.847579737
LOC112047402,charged multivesicular body protein 1b,Chmp1,598.7577492,0.702968322,0.001117796,-0.702968322
LOC112045024,mRNA-decapping enzyme 1A,DCP1,1581.289379,-0.29460685,0.001125988,0.29460685
LOC112048447,NADPH oxidase 4-like,Nox,10.31344032,3.341114317,0.001139726,-3.341114317
LOC112055308,kynurenine formamidase isoform X2,KFase,941.3929342,-1.298732818,0.001140272,1.298732818
LOC112052161,protein patched,Ptc,1617.350407,0.614236908,0.001142643,-0.614236908
LOC112048198,FACT complex subunit Ssrp1,Ssrp,2531.45694,-0.398087414,0.001144501,0.398087414
LOC112050361,zinc finger protein 334-like,LOC112050361,324.7606904,-0.588558347,0.001148439,0.588558347
LOC112049981,mediator of RNA polymerase II transcription subunit 31,MED31,562.273063,0.61344624,0.001154524,-0.61344624
LOC112049621,protein naked cuticle homolog,nkd,720.1832552,-0.600765704,0.001161254,0.600765704
LOC112057801,beclin 1-associated autophagy-related key regulator,LOC112057801,156.8177898,0.951862571,0.001163484,-0.951862571
LOC112047483,zinc transporter ZIP1-like,Zip89B,13.31300211,-2.302946764,0.001165075,2.302946764
LOC112054276,stress-induced-phosphoprotein 1,Hop,3642.03536,-0.275811104,0.001169447,0.275811104
LOC112056726,atherin-like,dom,113.3038808,-0.955672275,0.001173331,0.955672275
LOC112043678,SID1 transmembrane family member 1-like,LOC112043678,27.98329724,1.293942169,0.00117426,-1.293942169
LOC112053696,probable Xaa-Pro aminopeptidase 3,CG9581,417.7488766,0.701778147,0.001176214,-0.701778147
LOC112052020,nucleolar GTP-binding protein 2,Ns2,1987.827893,0.57523002,0.001176511,-0.57523002
LOC112048535,mitochondrial intermembrane space import and assembly protein 40,CG7950,311.1946494,-0.678475115,0.001187442,0.678475115
LOC112045140,uncharacterized protein LOC112045140 isoform X1,CG16791,1718.947447,-0.740142916,0.00119004,0.740142916
LOC112048288,pre-mRNA-splicing factor SYF1,fand,836.0878327,-0.357442926,0.001193599,0.357442926
LOC112054811,sialin,CG3036,2123.082825,-0.436326343,0.001193964,0.436326343
LOC112054532,casein kinase I,dco,755.0828479,-0.443380673,0.001194661,0.443380673
LOC112053843,protein GPR107,CG12121,275.1745686,0.908846848,0.001196151,-0.908846848
LOC112052259,ragulator complex protein LAMTOR2 homolog,CG5189,412.9633359,0.435197012,0.001198048,-0.435197012
LOC112051056,protein FAM98A,CG5913,973.7794281,-0.50291165,0.001199232,0.50291165
LOC112053719,T-complex protein 11-like protein 1,CG16721,1375.900433,0.899894858,0.00120033,-0.899894858
LOC112057704,small VCP/p97-interacting protein,LOC112057704,251.2756673,0.602235106,0.001203937,-0.602235106
LOC112050000,rabankyrin-5 isoform X1,CG41099,1292.331834,-0.294843409,0.001207926,0.294843409
LOC112057304,ARF GTPase-activating protein GIT2 isoform X1,Git,33.72251695,-1.912548974,0.001214529,1.912548974
LOC112049188,glycine-rich protein 5-like,LOC112049188,210.8484716,-2.870718851,0.001215672,2.870718851
LOC112057100,zinc finger protein ZPR1,Zpr1,314.5452791,1.475404157,0.001218709,-1.475404157
LOC112044268,uncharacterized protein LOC112044268,LOC112044268,5.601729049,5.079862789,0.001221595,-5.079862789
LOC112045095,pre-rRNA-processing protein TSR1 homolog,Tsr1,2426.298519,0.495692898,0.001222441,-0.495692898
LOC112049545,NA,NA,37.66996638,2.50651943,0.001231994,-2.50651943
LOC112044982,uncharacterized protein LOC112044982,LOC112044982,5.825149434,5.105993129,0.001238312,-5.105993129
LOC112049663,OWR52618.1 cyclin J,LOC112049663,461.1140965,0.528585075,0.00124334,-0.528585075
LOC112055939,probable ribosome production factor 1,CG6712,841.0297291,0.809728907,0.001249269,-0.809728907
LOC112043147,potassium voltage-gated channel protein Shab isoform X1,Shab,29.36645059,2.421727848,0.001251068,-2.421727848
LOC112052432,uncharacterized protein LOC112052432,LOC112052432,8.276790031,4.698778998,0.001251489,-4.698778998
LOC112047811,uncharacterized protein LOC112047811,LOC112047811,346.0126041,-0.601853636,0.001252956,0.601853636
LOC112045576,anoctamin-8-like isoform X3,CG15270,187.5556278,0.932022505,0.001254068,-0.932022505
LOC112058589,alpha N-terminal protein methyltransferase 1-like,Ntmt,302.4172509,-0.425624074,0.001256021,0.425624074
LOC112043838,uncharacterized protein LOC112043838 isoform X1,CG10710,13.47578793,3.125771409,0.00125701,-3.125771409
LOC112049310,putative nuclease HARBI1,LOC112049310,180.6044593,-0.779373204,0.00125701,0.779373204
LOC112051564,beta-chimaerin,RhoGAP5A,279.4990347,-0.644471495,0.00125701,0.644471495
LOC112047346,UDP-glucuronosyltransferase-like isoform X1,Ugt35B1,1251.461145,1.018596261,0.001265312,-1.018596261
LOC112053908,major facilitator superfamily domain-containing protein 6-like,CG15706,51.96976478,-1.576315294,0.001272609,1.576315294
LOC112044910,cuticle protein 16.5-like,LOC112044910,6.015822989,-5.238295882,0.001277424,5.238295882
LOC112047046,GTP-binding nuclear protein ran,ran,12068.83414,-0.399963993,0.001277424,0.399963993
LOC112055593,uncharacterized protein LOC112055593,LOC112055593,450.7261589,-1.480088257,0.001289984,1.480088257
LOC112050207,uncharacterized protein LOC112050207,LOC112050207,4.845080361,5.845785172,0.00129127,-5.845785172
LOC112054326,elongation factor Tu-like,mEFTu2,386.2627661,0.670051594,0.001294179,-0.670051594
LOC112047157,STAGA complex 65 subunit gamma-like,LOC112047157,305.585433,-0.575454816,0.00129434,0.575454816
LOC112044684,protein SYS1 homolog,CG11753,473.3872278,0.742609969,0.001296763,-0.742609969
LOC112052065,transmembrane protein 186,CG4627,102.446204,1.021210793,0.001301323,-1.021210793
LOC112056150,zinc finger protein 510-like isoform X3,LOC112056150,153.2398682,-0.894982129,0.001301573,0.894982129
LOC112052386,thioredoxin-like protein 4A,Dim1,450.2648422,0.635261794,0.001303753,-0.635261794
LOC112046658,allergen Api m 6-like,LOC112046658,8.228952969,-5.720150671,0.001306643,5.720150671
LOC112049110,clavesin-2-like,CG10026,3636.906319,-0.71964127,0.001323825,0.71964127
LOC112058417,inter-alpha-trypsin inhibitor heavy chain H6-like isoform X2,LOC112058417,372.4319279,-1.561408884,0.001332534,1.561408884
LOC112049048,insulin-like growth factor 1 receptor,InR,99.94419763,-1.334621196,0.001334182,1.334621196
LOC112056306,serine/arginine repetitive matrix protein 1-like,LOC112056306,498.5727088,-0.450321122,0.00133505,0.450321122
LOC112053302,putative ATPase N2B,CG8520,357.1576692,0.742664421,0.001340315,-0.742664421
LOC112050217,probable U3 small nucleolar RNA-associated protein 11,CG1789,481.5727616,0.614284453,0.001341017,-0.614284453
LOC112051644,oxidative stress-responsive serine-rich protein 1,CG5056,357.7605154,-0.446065183,0.001341485,0.446065183
LOC112043294,NA,NA,105.020066,-1.054767705,0.001342611,1.054767705
LOC112043220,NF-X1-type zinc finger protein NFXL1,CG15011,1049.499128,0.532461711,0.001348574,-0.532461711
LOC112046579,putative DNA helicase Ino80,Ino80,1029.078566,-0.480295956,0.001349236,0.480295956
LOC112058411,ankyrin repeat domain-containing protein 13C,CG5742,595.6122571,-0.727150761,0.001349236,0.727150761
LOC112057680,beta-catenin-like protein 1,CG11964,1012.142855,-0.53254803,0.001350011,0.53254803
LOC112045756,esterase FE4-like,CG10175,96.20010215,-1.949326131,0.00135059,1.949326131
LOC112047311,extracellular sulfatase SULF-1 homolog,Sulf1,2509.273338,0.905148948,0.00135059,-0.905148948
LOC112049306,monocarboxylate transporter 14-like,chk,23.22859427,-2.076080737,0.00135059,2.076080737
LOC112053566,ribulose-phosphate 3-epimerase,Rpe,944.8174625,0.461305783,0.001354865,-0.461305783
LOC112043488,protein spaetzle-like isoform X1,spz,369.0109987,0.609107551,0.001365793,-0.609107551
LOC112053699,"alpha-(1,3)-fucosyltransferase C-like isoform X2",FucTC,37.28088919,-1.882688021,0.001366591,1.882688021
LOC112052471,rab3 GTPase-activating protein catalytic subunit,CG31935,293.647646,0.584347288,0.001367226,-0.584347288
LOC112048787,zinc finger protein 157-like isoform X2,ZIPIC,602.452314,-0.377187591,0.0013855,0.377187591
LOC112049273,mitochondrial inner membrane protease subunit 1,CG9240,175.0183842,0.600206059,0.001396286,-0.600206059
LOC112054363,dedicator of cytokinesis protein 1,mbc,838.9793243,0.411416524,0.0013986,-0.411416524
LOC112047641,poly(ADP-ribose) glycohydrolase,Parg,79.32096174,-1.111684226,0.001401259,1.111684226
LOC112051626,homeobox protein cut isoform X1,ct,810.7997001,-1.11773364,0.001404653,1.11773364
LOC112054998,26S proteasome non-ATPase regulatory subunit 1,Rpn2,9588.386601,0.393407114,0.001404686,-0.393407114
LOC112057557,"uncharacterized protein LOC112057557, partial",LOC112057557,34.937027,1.705808956,0.001418315,-1.705808956
LOC112051224,longitudinals lacking protein-like,lolal,499.0919188,-0.520559238,0.001418481,0.520559238
LOC112056048,NA,NA,187.8416597,0.705593892,0.001420016,-0.705593892
LOC112045427,F-box/LRR-repeat protein 14,Ppa,4714.795273,0.386247132,0.001420893,-0.386247132
LOC112054606,glutathione synthetase-like isoform X1,Gss2,973.3428285,-0.533876339,0.001422747,0.533876339
LOC112046903,potential E3 ubiquitin-protein ligase ariadne-2,ari-2,477.1602814,-0.488517195,0.001426557,0.488517195
LOC112047099,zinc finger protein 182-like,LOC112047099,52.97807395,-1.103439976,0.001426557,1.103439976
LOC112053203,AP-1 complex subunit sigma-2 isoform X3,AP-1sigma,4466.632218,0.275609731,0.001432826,-0.275609731
LOC112048467,rho GTPase-activating protein 6 isoform X2,RhoGAP102A,8.118151799,5.695379278,0.001434987,-5.695379278
LOC112049169,carboxypeptidase Q-like,LOC112049169,13.52543727,-3.860632553,0.00143945,3.860632553
LOC112052083,cilia- and flagella-associated protein 43,LOC112052083,171.2541711,-2.737688645,0.001440097,2.737688645
LOC112043907,tyrosine-protein kinase transmembrane receptor Ror,Ror,276.9283653,-0.482729426,0.001440201,0.482729426
LOC112042791,MFS-type transporter SLC18B1-like,LOC112042791,81.967669,2.886671535,0.001443623,-2.886671535
LOC112042814,extensin-like isoform X1,LOC112042814,3.904183389,5.533794478,0.001460681,-5.533794478
LOC112057988,ATPase ASNA1 homolog,CG1598,854.1347192,0.611623702,0.00146134,-0.611623702
LOC112050735,crossover junction endonuclease EME1,mms4,497.0079296,-0.938204751,0.001462498,0.938204751
LOC112047300,armadillo repeat-containing protein 7,CG14881,99.1937059,-0.693035587,0.001463853,0.693035587
LOC112053914,"28S ribosomal protein S2, mitochondrial",mRpS2,428.0834385,-0.509990693,0.001464989,0.509990693
LOC112055711,N66 matrix protein-like,LOC112055711,61.31678763,-1.559721327,0.001464989,1.559721327
LOC112051504,"rRNA methyltransferase 2, mitochondrial",CG11447,178.0952812,0.733139137,0.001471929,-0.733139137
LOC112049131,major facilitator superfamily domain-containing protein 6,Sugb,170.1850978,-0.746937231,0.001485903,0.746937231
LOC112043200,vacuolar protein-sorting-associated protein 36,Vps36,674.7676949,0.340658524,0.001488498,-0.340658524
LOC112045107,rap1 GTPase-activating protein 1 isoform X1,Rapgap1,90.25214842,1.047100283,0.001507588,-1.047100283
LOC112052173,putative methyltransferase NSUN6,CG11109,185.911552,-0.684517501,0.001510367,0.684517501
LOC112054913,probable Ras GTPase-activating protein isoform X2,LOC112054913,86.81460539,-1.347454204,0.001512333,1.347454204
LOC112042859,alanine--glyoxylate aminotransferase 2-like,CG8745,21.27198011,-1.970897002,0.001512468,1.970897002
LOC112052748,leukotriene A-4 hydrolase isoform X2,CG10602,2107.634567,0.377836431,0.001513379,-0.377836431
LOC112046731,sodium channel protein 60E-like,NaCP60E,15.68573331,3.047463766,0.001518458,-3.047463766
LOC112052849,A disintegrin and metalloproteinase with thrombospondin motifs 3-like,LOC112052849,2412.380723,-0.974201169,0.001520217,0.974201169
LOC112055481,Ig-like and fibronectin type-III domain-containing protein 2 isoform X1,CG17839,200.0970723,0.926552468,0.001526736,-0.926552468
LOC112046881,FUN14 domain-containing protein 1 isoform X1,LOC112046881,2085.624971,-0.303488267,0.001528128,0.303488267
LOC112046068,methylosome subunit pICln,icln,1454.000955,-0.385350879,0.001539261,0.385350879
LOC112047845,zinc finger protein 569-like,ZIPIC,375.5711034,-0.538991411,0.001547374,0.538991411
LOC112046129,"cytochrome b-c1 complex subunit 2, mitochondrial-like",LOC112046129,9.657832342,3.861470313,0.001547539,-3.861470313
LOC112049004,NA,NA,59.69477287,1.153363773,0.001551736,-1.153363773
LOC112055546,protein O-mannosyltransferase 1,rt,1426.000151,0.956022296,0.001553274,-0.956022296
LOC112046143,xaa-Pro aminopeptidase ApepP-like,ApepP,1103.959933,-0.325047596,0.00155445,0.325047596
LOC112050321,PHD finger protein 21A-like isoform X2,LOC112050321,242.2901976,-0.589779117,0.001554458,0.589779117
LOC112057779,homeotic protein antennapedia-like,Antp,466.6511093,-0.592884932,0.001556123,0.592884932
LOC112050163,zinc finger protein 497-like,CG18476,317.2943136,0.656363047,0.00155666,-0.656363047
LOC112052094,IMD-like protein,LOC112052094,424.3886222,0.933372206,0.001576681,-0.933372206
LOC112055300,nuclear factor 1 B-type isoform X1,NfI,70.14112482,-1.600795807,0.001577003,1.600795807
LOC112051133,OWR52858.1 adenylate cyclase,CG14434,93.4449698,-2.465341113,0.001587796,2.465341113
LOC112056797,triple functional domain protein-like isoform X1,Pura,557.150849,0.499634445,0.00159435,-0.499634445
LOC112055741,titin-like isoform X2,LOC112055741,687.5426478,-0.598844985,0.001600031,0.598844985
LOC112044029,serine/threonine-protein kinase SIK2,Sik2,325.19249,-1.07020958,0.001611159,1.07020958
LOC112050525,NA,NA,50.17456185,-1.843666232,0.001620642,1.843666232
LOC112049033,tRNA 5-methylaminomethyl-2-thiouridine biosynthesis bifunctional protein MnmC,LOC112049033,14.63445754,3.231677156,0.001621711,-3.231677156
LOC112044163,alpha-ketoglutarate-dependent dioxygenase alkB homolog 6,CG6144,77.30107335,-0.823479728,0.001621976,0.823479728
LOC112050244,26S proteasome regulatory subunit 8,Rpt6,4266.490794,0.418852561,0.001621976,-0.418852561
LOC112045517,galactosylgalactosylxylosylprotein 3-beta-glucuronosyltransferase S-like,GlcAT-S,99.42705591,-1.087298751,0.001626143,1.087298751
LOC112051643,pro-resilin-like isoform X1,resilin,7.809287195,2.986301029,0.001626172,-2.986301029
LOC112053483,ubiquitin carboxyl-terminal hydrolase 46,Usp12-46,827.6622437,0.327724003,0.001631372,-0.327724003
LOC112056071,protein vav isoform X2,Vav,504.8174153,0.893573103,0.001637863,-0.893573103
LOC112043845,actin-related protein 10,Arp11,710.1939652,0.508838294,0.001638871,-0.508838294
LOC112051119,zinc finger protein 26-like,LOC112051119,142.8201184,-0.744369385,0.001646521,0.744369385
LOC112053263,uncharacterized protein LOC112053263,CG11498,228.3973414,1.101808003,0.001652613,-1.101808003
LOC112057918,AN1-type zinc finger protein 1-like,LOC112057918,148.425521,-0.723369497,0.001663057,0.723369497
LOC112056476,nucleolar protein 12,vito,376.6735518,0.618174742,0.001664009,-0.618174742
LOC112052321,"evolutionarily conserved signaling intermediate in Toll pathway, mitochondrial",ECSIT,195.2029304,0.59147264,0.001666651,-0.59147264
LOC112058469,probable uridine nucleosidase 2 isoform X2,LOC112058469,51.01166198,1.24132132,0.001674247,-1.24132132
LOC112058220,cuticular protein RR-2 motif 125 precursor,Cpr76Bc,108.2004645,2.394916196,0.001674426,-2.394916196
LOC112048231,mitochondrial import receptor subunit TOM22 homolog,mge,1401.598064,0.467645437,0.001679087,-0.467645437
LOC112055592,early nodulin-75-like,LOC112055592,6.793837007,-4.716666228,0.00168644,4.716666228
LOC112053641,"probable 28S ribosomal protein S6, mitochondrial",mRpS6,370.7163,0.606645078,0.001708886,-0.606645078
LOC112053867,integrin beta pat-3-like,LOC112053867,23.2520692,7.154045082,0.001718958,-7.154045082
LOC112044449,protein lap1,scrib,135.5563583,-0.676542945,0.00172521,0.676542945
LOC112049443,histone H4 transcription factor,LOC112049443,189.5773419,-0.647511361,0.001734551,0.647511361
LOC112043714,"GTPase Era, mitochondrial",CG7488,235.3456893,0.575605458,0.001735182,-0.575605458
LOC112044900,programmed cell death protein 4,Pdcd4,875.8795313,-1.358966859,0.001735995,1.358966859
LOC112058474,endoplasmic reticulum lectin 1 isoform X1,CG6766,2006.113741,-0.597355208,0.001736678,0.597355208
LOC112055634,cytochrome P450 4C1-like,Cyp4g15,9.498459542,3.874294664,0.001738587,-3.874294664
LOC112051864,phosphatidylinositol-glycan biosynthesis class W protein-like,PIG-Wa,209.9232967,-0.627414274,0.001744714,0.627414274
LOC112042959,pre-mRNA-splicing factor 18,Prp18,332.1023101,-0.467868042,0.001755355,0.467868042
LOC112047110,zinc finger protein 596-like,LOC112047110,90.57305358,-1.088186089,0.001756562,1.088186089
LOC112049604,uncharacterized membrane protein DDB_G0293934-like isoform X1,LOC112049604,9.516624956,-6.710258516,0.001757199,6.710258516
LOC112050174,protein obstructor-E-like,Cpap3-e,8.438724171,4.176510821,0.001766754,-4.176510821
LOC112049924,cell cycle checkpoint control protein RAD9A,Rad9,131.9937434,-0.58243799,0.00176722,0.58243799
LOC112056274,probable metabolite transport protein CsbC,LOC112056274,8.119791712,4.737107518,0.00176722,-4.737107518
LOC112051824,(2R)-3-sulfolactate dehydrogenase (NADP(+))-like,CG10512,7.006859798,6.404442152,0.001767375,-6.404442152
LOC112052907,anoctamin-9-like isoform X1,CG6938,13.73723699,6.38104013,0.001787763,-6.38104013
LOC112043940,"glucose dehydrogenase [FAD, quinone]-like",PK2-R1,3.547753814,5.403799252,0.001796033,-5.403799252
LOC112046102,trafficking protein particle complex subunit 11,gry,809.1022412,0.417396218,0.001796327,-0.417396218
LOC112049376,gastrula zinc finger protein XlCGF57.1-like,LOC112049376,167.8025254,-0.631308941,0.00180735,0.631308941
LOC112050370,protein deglycase DJ-1-like,dj-1beta,1368.146119,-0.410153828,0.001807757,0.410153828
LOC112043770,Dorsal-ventral patterning protein tolloid,CG34370,14.51545373,2.327769596,0.001814245,-2.327769596
LOC112044823,protein KRI1 homolog,CG5645,1190.785889,0.538999005,0.001820207,-0.538999005
LOC112049586,zinc finger protein 91-like,ken,321.1154542,-0.524214633,0.001837781,0.524214633
LOC112057035,mitochondrial cardiolipin hydrolase-like,LOC112057035,169.6456138,-0.675325508,0.00185275,0.675325508
LOC112046713,raf homolog serine/threonine-protein kinase phl isoform X2,raf,386.4096698,-0.49060885,0.00186191,0.49060885
LOC112054442,transcription factor Sp4-like isoform X1,Spps,418.9468878,-0.460032464,0.00186263,0.460032464
LOC112047128,gastrula zinc finger protein XlCGF26.1-like,LOC112047128,396.0379358,-0.555580045,0.001866409,0.555580045
LOC112054951,uncharacterized protein LOC112054951,LOC112054951,25.19677287,-2.168699911,0.001874272,2.168699911
LOC112048715,POC1 centriolar protein homolog A,LOC112048715,75.83377553,-2.115020266,0.001885123,2.115020266
LOC112051323,protein DPCD,CG13901,178.3319961,-0.799654875,0.001885123,0.799654875
LOC112050697,uncharacterized protein LOC112050697,LOC112050697,105.1907301,-0.844383853,0.001885196,0.844383853
LOC112052556,chymotrypsin-like elastase family member 2A,LOC112052556,7.941861682,5.595219271,0.001904481,-5.595219271
LOC112049744,titin homolog,LOC112049744,1649.261161,-0.465313699,0.0019095,0.465313699
LOC112050915,RING-box protein 2,Roc2,286.4460224,0.708967881,0.001920512,-0.708967881
LOC112057452,transcription initiation factor TFIID subunit 2,Taf2,59.19715915,2.187936621,0.001927285,-2.187936621
LOC112045542,vacuolar protein sorting-associated protein 11 homolog,Vps11,906.6256501,-0.378323616,0.001927383,0.378323616
LOC112050933,lens fiber major intrinsic protein-like,Eglp4,37.0665405,2.393159558,0.001928965,-2.393159558
LOC112044054,gamma-glutamyl hydrolase A-like,l(3)72Dp,12.38316042,-3.508724186,0.001930331,3.508724186
LOC112044630,4F2 cell-surface antigen heavy chain-like,Mal-B2,249.3541146,0.622895188,0.001943794,-0.622895188
LOC112043674,"solute carrier family 52, riboflavin transporter, member 3-B isoform X3",Rift,775.8639267,0.989030531,0.001949136,-0.989030531
LOC112052162,voltage-dependent calcium channel subunit alpha-2/delta-3 isoform X1,CG4587,34.88212797,-2.160669693,0.001950906,2.160669693
LOC112047203,N-alpha-acetyltransferase 40,Naa40,371.1776312,-1.058915732,0.00195413,1.058915732
LOC112044034,mitochondrial tRNA-specific 2-thiouridylase 1,CG3021,237.597759,0.617865939,0.001955677,-0.617865939
LOC112046489,pupal cuticle protein C1B-like,CG8543,26.03895698,2.885735325,0.001956456,-2.885735325
LOC112055126,OWR53372.1 lobe protein,LOC112055126,672.409471,-0.472880066,0.001957564,0.472880066
LOC112044581,ATP-binding cassette sub-family G member 1,CG17646,30.58792443,1.760498073,0.001966798,-1.760498073
LOC112048577,ran-binding protein 3,RanBP3,1207.392126,-0.489623719,0.001967029,0.489623719
LOC112053840,ATP-binding cassette sub-family F member 2,CG9281,1891.135405,-0.492323085,0.001967029,0.492323085
LOC112048381,NA,NA,49.06574903,1.717443156,0.001967457,-1.717443156
LOC112057544,serine/threonine-protein kinase mTOR,TOR,60.56624073,-1.080071258,0.001970301,1.080071258
LOC112053917,serine/threonine-protein kinase PAK mbt,mbt,427.0855709,-0.604378451,0.001980702,0.604378451
LOC112048517,uncharacterized protein LOC112048517 isoform X4,CG42268,5201.04147,-0.626570959,0.001987271,0.626570959
LOC112046365,putative Y47D3B.4,LOC112046365,690.1418088,-1.124661486,0.002007498,1.124661486
LOC112049710,cytochrome P450 6B6-like,Cyp6a2,32.40018601,-2.689336948,0.002021533,2.689336948
LOC112054142,seminal fluid protein CSSFP011 isoform 2,CG6083,3.520733247,5.383386969,0.002025395,-5.383386969
LOC112052679,"iron-sulfur cluster co-chaperone protein HscB, mitochondrial",Hsc20,110.7324368,0.742953224,0.002030032,-0.742953224
LOC112053797,AP-2 complex subunit alpha,AP-2alpha,1827.326657,0.295790314,0.002035622,-0.295790314
LOC112052117,glycine N-acyltransferase-like protein 3,LOC112052117,40.70285112,1.653237209,0.002038464,-1.653237209
LOC112053433,lysosomal alpha-mannosidase-like isoform X2,LManII,89.92955409,-1.225151589,0.002041807,1.225151589
LOC112053833,uncharacterized protein LOC112053833,LOC112053833,11.37136409,2.590011959,0.002041938,-2.590011959
LOC112057644,uncharacterized protein LOC112045769,LOC112057644,16.43251657,-7.472906146,0.002042592,7.472906146
LOC112043321,transmembrane protein 43 homolog,CG8111,288.4967743,-0.465175206,0.002044177,0.465175206
LOC112045091,protein spaetzle 5,SPZ5,61.39506124,1.404052074,0.00204665,-1.404052074
LOC112054802,DNA-3-methyladenine glycosylase I,LOC112054802,38.42014847,-1.646060374,0.002047271,1.646060374
LOC112057546,NA,NA,8.696744092,6.692171554,0.002050016,-6.692171554
LOC112052129,balbiani ring protein 3-like,LOC112052129,5.678533338,4.997554448,0.002051865,-4.997554448
LOC112055870,peptidylglycine alpha-hydroxylating monooxygenase,Phm,175.8651174,-0.828287819,0.002053313,0.828287819
LOC112043307,p53 and DNA damage-regulated protein 1,Pdrg1,121.0996689,-0.777702103,0.002057325,0.777702103
LOC112043085,eukaryotic translation initiation factor 2 subunit 3-like isoform X2,eIF-2gamma,4910.872422,0.338448596,0.002060962,-0.338448596
LOC112043837,NA,NA,56.00708706,1.690833955,0.002062588,-1.690833955
LOC112055631,U4/U6 small nuclear ribonucleoprotein Prp3,Prp3,516.0944049,-0.345816237,0.002075131,0.345816237
LOC112045679,protein farnesyltransferase/geranylgeranyltransferase type-1 subunit alpha,Fnta,1131.350135,0.398846807,0.002079683,-0.398846807
LOC112053445,NADH dehydrogenase [ubiquinone] 1 alpha subcomplex subunit 7-like,LOC112053445,223.0994678,1.953577374,0.002079683,-1.953577374
LOC112043927,A-kinase anchor protein 200,LOC112043927,20723.64903,-0.412633634,0.002089359,0.412633634
LOC112052350,mitochondrial import inner membrane translocase subunit Tim9-like,Tim9a,252.3226707,0.770702822,0.002092536,-0.770702822
LOC112057883,SWI/SNF-related matrix-associated actin-dependent regulator of chromatin subfamily A containing DEAD/H box 1 homolog,Etl1,450.4245711,-0.610675325,0.002096387,0.610675325
LOC112056601,double-stranded RNA-specific editase Adar isoform X1,Adar,507.6227304,-0.828664108,0.002100607,0.828664108
LOC112044080,PEST proteolytic signal-containing nuclear protein-like,LOC112044080,479.6240352,0.411665837,0.002112401,-0.411665837
LOC112044583,OWR46370.1 carboxypeptidase inhibitor precursor,LOC112044583,56.179968,4.255017742,0.002128187,-4.255017742
LOC112055037,probable RNA-binding protein EIF1AD,CG31957,361.0157094,0.672417254,0.002134303,-0.672417254
LOC112048636,galectin-4-like isoform X1,GALE1,40.2686909,1.234412262,0.002171265,-1.234412262
LOC112047108,zinc finger protein 182-like,LOC112047108,148.302652,-0.635116445,0.002172736,0.635116445
LOC112044297,uncharacterized protein LOC112044297,LOC112044297,756.7776077,0.425817556,0.002177398,-0.425817556
LOC112047799,ommochrome-binding protein-like,LOC112047799,10.0138482,3.98584537,0.002188876,-3.98584537
LOC112043324,protein mago nashi,mago,3271.191211,0.417372584,0.002200114,-0.417372584
LOC112052283,SET domain-containing protein SmydA-8-like,SmydA-2,15.45059874,-2.801413162,0.002201305,2.801413162
LOC112050456,4-coumarate--CoA ligase 2-like,pdgy,504.6694117,-0.656337408,0.002206677,0.656337408
LOC112051484,transient receptor potential cation channel protein painless,pain,441.5666151,0.590513129,0.002212728,-0.590513129
LOC112044179,organic cation transporter protein-like,SLC22A,6.412348711,4.320848209,0.002214827,-4.320848209
LOC112053652,protein dpy-30 homolog,Dpy-30L2,625.9340896,-0.485041707,0.002224823,0.485041707
LOC112048720,protein SPT2 homolog,CG5815,175.8875447,-0.713472821,0.002251634,0.713472821
LOC112053103,protein spaetzle 4 isoform X1,spz4,108.4703161,2.113429323,0.002251634,-2.113429323
LOC112058289,LIM domain transcription factor LMO4,CG5708,341.1629931,0.707671751,0.002254625,-0.707671751
LOC112050126,cullin-4A,Cul4,1103.501475,-0.375676473,0.00225696,0.375676473
LOC112051544,focal adhesion kinase 1 isoform X1,Fak,5449.338221,-0.569429923,0.00225696,0.569429923
LOC112048228,uncharacterized protein LOC112048228,LOC112048228,17.1845276,-3.151621993,0.002263578,3.151621993
LOC112048598,NA,NA,3.81853085,5.516913981,0.002265565,-5.516913981
LOC112058284,tRNA-dihydrouridine(47) synthase [NAD(P)(+)]-like,CG10463,485.1919689,0.575605305,0.002268854,-0.575605305
LOC112053282,cAMP-dependent protein kinase type II regulatory subunit,Pka-R2,373.6982445,0.607760943,0.002277226,-0.607760943
LOC112046007,chromatin modification-related protein MEAF6,Eaf6,1495.32743,-0.303332343,0.002279005,0.303332343
LOC112047178,protein FAM91A1,CG7600,371.041305,0.597648344,0.002285316,-0.597648344
LOC112058403,syntaxin-16,Syx16,240.145498,-0.514136145,0.002286187,0.514136145
LOC112055040,peptidyl-prolyl cis-trans isomerase D,CG8336,569.460739,-0.370005015,0.002286922,0.370005015
LOC112055484,NA,NA,70.64706306,1.025904794,0.002286922,-1.025904794
LOC112043222,three-prime repair exonuclease 1-like,LOC112043222,228.865679,0.528131425,0.002288864,-0.528131425
LOC112043607,myosin light chain alkali isoform X1,Mlc1,103.6775065,3.598557577,0.002290111,-3.598557577
LOC112045833,LIM/homeobox protein Lhx9-like,ap,113.6406644,1.009956882,0.002310856,-1.009956882
LOC112052191,solute carrier family 25 member 46,Slc25A46a,519.1821347,0.667885758,0.002311447,-0.667885758
LOC112054672,tripeptidyl-peptidase 2,TppII,699.6701324,-0.614910874,0.002315118,0.614910874
LOC112054093,OWR51189.1 dorsal interacting protein 3,LOC112054093,314.8675259,0.511483732,0.002316046,-0.511483732
LOC112058153,transcription elongation factor 1 homolog,CG40228,920.6925623,-0.495995165,0.002316538,0.495995165
LOC112043551,serine-protein kinase ATM,tefu,1539.058012,-0.890960997,0.002318664,0.890960997
LOC112053447,calcium release-activated calcium channel protein 1-like isoform X1,Orai,283.0668324,0.761214853,0.002323325,-0.761214853
LOC112046574,uncharacterized oxidoreductase TM_0325-like,CG31548,292.5634174,0.617947656,0.002332323,-0.617947656
LOC112055742,NEDD8-conjugating enzyme Ubc12,UbcE2M,1121.047921,0.322144643,0.002335189,-0.322144643
LOC112042987,netrin receptor DCC-like,robo1,576.4139776,-0.947711776,0.002336292,0.947711776
LOC112045958,transcription factor Adf-1-like,LOC112045958,38.38233005,-1.106406857,0.002336292,1.106406857
LOC112043790,sulfotransferase 1 family member D1-like,St4,3338.36594,1.019976417,0.002340619,-1.019976417
LOC112057839,indole-3-acetaldehyde oxidase-like,AOX1,22.39210003,4.857374329,0.002344165,-4.857374329
LOC112044353,eukaryotic initiation factor 4A-III,eIF4AIII,3187.5749,0.283523754,0.002355573,-0.283523754
LOC112053499,uncharacterized LOC106124101 precursor,CG12017,547.6167565,-1.469758017,0.002365368,1.469758017
LOC112057889,nitrogen permease regulator 2-like protein,Nprl2,604.2418651,-0.790427963,0.002382447,0.790427963
LOC112045485,larval/pupal rigid cuticle protein 66-like,Cpr30F,18.27308996,-3.862250333,0.00238479,3.862250333
LOC112043997,NADPH-dependent diflavin oxidoreductase 1,CG13667,371.1053464,0.401543844,0.002386321,-0.401543844
LOC112055343,alpha-N-acetylgalactosaminidase-like,CG7997,240.1982129,-0.693647787,0.002390772,0.693647787
LOC112044374,"28S ribosomal protein S5, mitochondrial",mRpS5,834.1749791,0.389233405,0.002400746,-0.389233405
LOC112050152,GTPase HRas,Ras85D,475.7456094,-0.579139252,0.002400746,0.579139252
LOC112051319,Circadian clock-controlled protein,LOC112051319,181.9693211,1.072887379,0.002400746,-1.072887379
LOC112049985,gastrula zinc finger protein XlCGF57.1-like,LOC112049985,1040.316181,0.398169552,0.002414631,-0.398169552
LOC112053277,protein PRRC2A-like,nocte,1280.744347,-0.374539552,0.002415212,0.374539552
LOC112056002,uncharacterized protein LOC112056002,LOC112056002,334.8418033,-0.818929096,0.002424773,0.818929096
LOC112046955,probable serine/threonine-protein kinase kinX,LOC112046955,80.6225337,-4.029499046,0.002442896,4.029499046
LOC112044993,farnesoate epoxidase-like,CYP15A1,6.524054221,-4.015381983,0.002454083,4.015381983
LOC112058012,trimeric intracellular cation channel type 1B.1,CG4239,46.94540256,-2.734937916,0.002454083,2.734937916
LOC112051579,actin-related protein 6,Arp6,720.4447625,-0.476332484,0.002461232,0.476332484
LOC112055146,protein translation factor SUI1 homolog,eIF1,7873.880672,0.273907626,0.002461232,-0.273907626
LOC112045903,GPI transamidase component PIG-S isoform X2,PIG-S,676.0175769,-0.604004576,0.002469274,0.604004576
LOC112050811,tankyrase isoform X1,Tnks,438.2539714,-0.443947964,0.002470639,0.443947964
LOC112054154,"glutamyl-tRNA(Gln) amidotransferase subunit A, mitochondrial",gatA,265.4873006,-0.603759298,0.002485443,0.603759298
LOC112051062,E3 ubiquitin-protein ligase MSL2,msl-2,252.349271,-0.489526716,0.002505809,0.489526716
LOC112057141,NADH dehydrogenase subunit 4,mt:ND4,21979.42348,-0.597804489,0.002521032,0.597804489
LOC112050437,oocyte zinc finger protein XlCOF6-like,LOC112050437,17.82839915,1.540110389,0.002535155,-1.540110389
LOC112044725,arf-GAP with dual PH domain-containing protein 1-like isoform X2,CG8243,134.2035948,-0.770508435,0.00253666,0.770508435
LOC112050507,cytosolic Fe-S cluster assembly factor NUBP2 homolog,CG4858,656.0475117,0.467308483,0.002537527,-0.467308483
LOC112053013,digestive cysteine proteinase 1,26-29-p,566.609366,-1.410589087,0.002549368,1.410589087
LOC112053811,AT-rich interactive domain-containing protein 5B-like,LOC112053811,313.2896,0.535938891,0.00256272,-0.535938891
LOC112056508,uncharacterized protein LOC112056508,CG16953,39.44556435,2.537954805,0.00256844,-2.537954805
LOC112054510,wolframin isoform X1,wfs1,535.2497382,-0.41697133,0.002568916,0.41697133
LOC112044090,uncharacterized protein LOC112044090,LOC112044090,73.99177054,3.671413054,0.002576053,-3.671413054
LOC112045098,cystinosin homolog isoform X1,CG17119,1288.698988,-0.534391105,0.002583891,0.534391105
LOC112049327,"type II inositol 1,4,5-trisphosphate 5-phosphatase",Ocrl,613.0115651,-0.31261945,0.002618882,0.31261945
LOC112048089,dnaJ homolog subfamily C member 21,CG2790,1048.930257,-0.294456466,0.00262807,0.294456466
LOC112048529,arginine-glutamic acid dipeptide repeats protein,Gug,1100.925,-0.388542086,0.002628755,0.388542086
LOC112048665,amphoterin-induced protein 1-like,kek5,14.45809343,-2.522625715,0.002631291,2.522625715
LOC112057279,ras-like GTP-binding protein Rho1 isoform X1,Rho1,8905.439807,0.303208392,0.002638157,-0.303208392
LOC112047022,facilitated trehalose transporter Tret1-like,CG6484,67.84788667,1.86377494,0.002654594,-1.86377494
LOC112051999,serine protease inhibitor 77Ba-like,CG14688,225.5909989,0.978566173,0.002661579,-0.978566173
LOC112056771,intersectin-1 isoform X1,Dap160,389.8213132,-0.47616738,0.002664104,0.47616738
LOC112056431,"ATP-binding cassette sub-family B member 8, mitochondrial",CG1824,65.50772669,0.964820357,0.002666878,-0.964820357
LOC112054337,endochitinase-like isoform X1,Cht5,514.5228469,1.015793348,0.002672349,-1.015793348
LOC112052740,putative RNA-binding protein 15,nito,3221.096379,-0.454075819,0.002684275,0.454075819
LOC112045431,GTP-binding protein Di-Ras2,CG8500,184.539731,-0.507613117,0.002687006,0.507613117
LOC112056167,NA,NA,186.6049553,-1.563113598,0.002688598,1.563113598
LOC112044947,26S proteasome non-ATPase regulatory subunit 11,Rpn6,4690.627116,0.28303977,0.00269557,-0.28303977
LOC112051547,NA,NA,49.83282134,1.410952127,0.002701386,-1.410952127
LOC112052234,venom serine carboxypeptidase-like,CG4572,60.50157994,0.916710523,0.002704331,-0.916710523
LOC112056259,multiple inositol polyphosphate phosphatase 1-like,Mipp1,373.4016489,1.448485425,0.002713532,-1.448485425
LOC112057450,Putative cysteine proteinase CG12163,LOC112057450,12.14425974,4.748802623,0.002715105,-4.748802623
LOC112046081,ribosomal protein S6 kinase alpha-5-like isoform X1,JIL-1,1193.879918,-0.43634958,0.002717068,0.43634958
LOC112051838,uncharacterized protein LOC112051838 isoform X1,LOC112051838,271.4882701,0.578194018,0.002717201,-0.578194018
LOC112053990,"28S ribosomal protein S10, mitochondrial",mRpS10,370.0392508,0.527739115,0.002718124,-0.527739115
LOC112054806,zinc finger protein GLIS2-like,sug,37.57235347,-1.598213952,0.002724923,1.598213952
LOC112043154,F-box/LRR-repeat protein 16,CG32085,65.4124157,-0.95388919,0.002733549,0.95388919
LOC112051448,nuclear pore complex protein Nup85,Nup75,255.411739,-0.515001641,0.00274361,0.515001641
LOC112049546,26S proteasome non-ATPase regulatory subunit 4,Rpn10,3250.592323,0.34594844,0.002747752,-0.34594844
LOC112053682,DTW domain-containing protein 1,CG2006,115.8040461,-0.715394997,0.002750507,0.715394997
LOC112043383,leucokinin precursor,LOC112043383,4.884804038,-5.724625442,0.002756156,5.724625442
LOC112051778,"putative lipoyltransferase 2, mitochondrial",CG9804,104.5620981,0.884012763,0.002756156,-0.884012763
LOC112054371,EP300-interacting inhibitor of differentiation 3,NSMCE4A,217.0493425,-0.791713416,0.002756156,0.791713416
LOC112056226,uncharacterized protein LOC112056226,LOC112056226,237.5878818,-0.720834347,0.002759544,0.720834347
LOC112048573,NADH-cytochrome b5 reductase-like,CG7914,83.36386827,-0.734966119,0.00276602,0.734966119
LOC112050834,proliferation-associated protein 2G4,CG10576,8296.239161,0.386167113,0.002780162,-0.386167113
LOC112047887,NA,NA,5.741117804,5.082117991,0.002790328,-5.082117991
LOC112047435,transcription initiation factor IIA subunit 1,TfIIA-L,508.7950409,0.338281867,0.002802239,-0.338281867
LOC112045766,PIH1 domain-containing protein 2,CG4022,142.0260612,-1.026725025,0.002804828,1.026725025
LOC112050171,protein obstructor-E-like,LOC112050171,4.27654878,-4.718415326,0.002809048,4.718415326
LOC112045842,mitogen-activated protein kinase kinase kinase 12-like,wnd,1892.52715,-0.404903569,0.002835375,0.404903569
LOC112051408,zinc finger protein 664-like,LOC112051408,35.90509329,-1.425093874,0.002835893,1.425093874
LOC112051868,group XV phospholipase A2-like,CG31683,219.8500251,-0.565666736,0.00284322,0.565666736
LOC112052734,BTB/POZ domain-containing protein 9,BTBD9,1570.466981,-0.334195169,0.002852058,0.334195169
LOC112043831,uncharacterized protein LOC112043831,LOC112043831,6.320203917,-3.464616279,0.002852799,3.464616279
LOC112049411,---NA---,LOC112049411,34.7121823,-1.30123319,0.00287913,1.30123319
LOC112045981,serine protease gd-like isoform X5,CG9649,6418.810114,-0.707887803,0.002879912,0.707887803
LOC112048504,CD63 antigen-like,Tsp39D,5093.000073,0.292280994,0.002886109,-0.292280994
LOC112047683,uncharacterized protein LOC112047683,LOC112047683,40.63159662,2.882501211,0.002890438,-2.882501211
LOC112055788,uncharacterized protein LOC112055788 isoform X1,LOC112055788,1072.435268,0.639547667,0.002892366,-0.639547667
LOC112057909,solute carrier family 41 member 1-like isoform X1,CG33181,103.2994806,1.457101716,0.002908515,-1.457101716
LOC112044834,F-actin-capping protein subunit alpha,cpa,3047.304923,0.392371911,0.002922719,-0.392371911
LOC112047321,cryptochrome-1-like isoform X1,cry2,1268.290689,-0.487289394,0.002923613,0.487289394
LOC112052435,"adrenodoxin-like protein, mitochondrial",Fdxh,511.3781627,1.74276441,0.002934933,-1.74276441
LOC112056693,"serine--pyruvate aminotransferase, mitochondrial-like",Spat,8.956404918,4.85479769,0.002941003,-4.85479769
LOC112046303,uncharacterized protein LOC112046303,LOC112046303,128.9505906,3.428816157,0.002941907,-3.428816157
LOC112058484,tubulin-specific chaperone C isoform X1,TBCC,1425.473908,0.410429629,0.00294239,-0.410429629
LOC112053196,splicing factor 3A subunit 1,Sf3a1,2278.678905,-0.301417307,0.002956779,0.301417307
LOC112053944,ER membrane protein complex subunit 10,EMC10,1030.080778,-0.525463792,0.002960925,0.525463792
LOC112045249,pre-mRNA-splicing regulator female-lethal(2)D,fl(2)d,1010.872886,-0.430707301,0.002964258,0.430707301
LOC112057867,general odorant-binding protein 56a-like,Obp56d,33608.22829,-0.781006745,0.002973492,0.781006745
LOC112053523,mitochondrial ornithine transporter 1,CG1628,170.310188,0.74290525,0.002991584,-0.74290525
LOC112044370,DDB1- and CUL4-associated factor 5,CG42233,315.6072235,-0.559365871,0.002994005,0.559365871
LOC112043453,protein spaetzle-like,spz,73.03924745,-1.632950708,0.002994996,1.632950708
LOC112056651,uncharacterized protein LOC112056651,LOC112056651,16.37907525,6.635242908,0.002998464,-6.635242908
LOC112054522,uncharacterized protein LOC112054522 isoform X2,CG30403,5.744402513,4.131058335,0.003010795,-4.131058335
LOC112049582,zinc finger protein 91-like,CG6654,695.1665727,-0.381113171,0.003022897,0.381113171
LOC112044242,probable RNA-binding protein 18,CG14414,600.3196055,-0.340505784,0.003023932,0.340505784
LOC112051759,apolipophorins,apolpp,3482.017129,-2.553660433,0.003034489,2.553660433
LOC112049557,cholinephosphotransferase 1 isoform X1,bbc,2476.479995,0.323014401,0.00303644,-0.323014401
LOC112056375,ras-related protein M-Ras-like,Ras64B,130.5631023,-0.678596625,0.003040261,0.678596625
LOC112050338,HCLS1-associated protein X-1-like,LOC112050338,545.7882405,0.507382586,0.003046407,-0.507382586
LOC112049852,prolow-density lipoprotein receptor-related protein 1-like,LRP1,24.76309538,-2.418432799,0.00305428,2.418432799
LOC112054160,zinc finger protein 91-like isoform X2,LOC112054160,362.0225524,-0.444332127,0.003091616,0.444332127
LOC112050328,E3 ubiquitin-protein ligase KCMF1,Kcmf1,651.739058,0.410402848,0.003096855,-0.410402848
LOC112050917,UPF0047 protein YjbQ,CG31688,68.54112385,-1.013407764,0.00310581,1.013407764
LOC112050471,KPJ07680.1 putative histone-lysine N-methyltransferase Mes-4,LOC112050471,29.55835607,2.747018568,0.003106252,-2.747018568
LOC112048272,zinc finger protein 891-like,LOC112048272,33.14876165,-1.235109751,0.003116338,1.235109751
LOC112045234,mitogen-activated protein kinase kinase kinase 7-like,Tak1,437.7942896,-0.399926706,0.003122701,0.399926706
LOC112057901,exosome complex component RRP40,Rrp40,445.7396945,-0.57411023,0.003128178,0.57411023
LOC112051866,mpv17-like protein 2,CG1662,128.0983727,0.702491249,0.003128611,-0.702491249
LOC112047984,gamma-1-syntrophin,Syn2,250.955992,-0.638031817,0.003141359,0.638031817
LOC112052460,LIM domain only protein 3-like,Bx,880.0314076,-0.68304889,0.003149244,0.68304889
LOC112047886,"protein tramtrack, beta isoform-like",mod(mdg4),380.0291038,-0.488606273,0.003155175,0.488606273
LOC112053882,beta-lactamase-like protein 2 homolog,CG12375,239.6857513,1.205652314,0.003155623,-1.205652314
LOC112043522,probable ATP-dependent RNA helicase DDX28,Dbp21E2,408.1914607,0.586283267,0.003155645,-0.586283267
LOC112046677,"persulfide dioxygenase ETHE1, mitochondrial",CG30022,116.6907341,0.639089449,0.003159161,-0.639089449
LOC112047662,antichymotrypsin-1-like isoform X6,SERPINB11,14.72447204,-2.746750567,0.003166337,2.746750567
LOC112056802,solute carrier family 23 member 2 isoform X1,CG6293,9.978082725,2.545196192,0.003166636,-2.545196192
LOC112043800,chromatin complexes subunit BAP18-like isoform X1,CG33695,372.6389465,-0.356873914,0.003172875,0.356873914
LOC112052567,uncharacterized protein LOC112052567,LOC112052567,168.5515307,0.518353888,0.003189026,-0.518353888
LOC112048051,rapamycin-insensitive companion of mTOR,rictor,322.9082667,-0.472708547,0.003201214,0.472708547
LOC112048411,protein Red,beag,631.6766172,-0.369231095,0.003214175,0.369231095
LOC112056738,WD repeat-containing protein 36,CG9799,1221.627313,0.694017218,0.003214839,-0.694017218
LOC112055501,deleted in autism protein 1 homolog,LOC112055501,328.3095256,0.784167646,0.003217099,-0.784167646
LOC112045913,NA,NA,3118.158404,-0.256388126,0.003228084,0.256388126
LOC112055023,glycerol kinase-like isoform X2,Gk2,272.2870175,0.553765404,0.003228084,-0.553765404
LOC112045005,Regulator of G-protein signaling 12,CG43707,20.38881845,2.207928428,0.003243698,-2.207928428
LOC112052811,transcription initiation factor TFIID subunit 5-like,LOC112052811,12.78602148,2.344261477,0.003245246,-2.344261477
LOC112051009,nuclear receptor-binding protein homolog,Madm,1667.085686,-0.889446876,0.0032494,0.889446876
LOC112054328,roundabout homolog 2-like,robo3,30.65398244,1.585436804,0.003263166,-1.585436804
LOC112048727,protein SPT2 homolog,CG5815,153.3856778,-0.6575301,0.003265408,0.6575301
LOC112048209,"essential MCU regulator, mitochondrial",EMRE,356.1129108,0.53619366,0.003280952,-0.53619366
LOC112057289,centromere-associated protein E isoform X1,CG18304,5.31283318,5.013178872,0.00328521,-5.013178872
LOC112050424,PDZ domain-containing protein 8,CG10362,25.48922857,3.204313857,0.003289711,-3.204313857
LOC112051715,large subunit GTPase 1 homolog,Ns3,1075.688688,0.469989746,0.003292218,-0.469989746
LOC112056134,E3 ubiquitin-protein transferase RMND5B,CG3295,1257.841418,-0.311069785,0.00331545,0.311069785
LOC112058258,cyclin-Y-like protein 1,CycY,1047.71128,-0.347455037,0.003320458,0.347455037
LOC112043626,Serine carboxypeptidase-like 51,LOC112043626,52.21888916,2.225523779,0.003321746,-2.225523779
LOC112054215,protein pigeon,pigeon,31.4839698,-1.130787853,0.00332468,1.130787853
LOC112049213,phosphoglucomutase,Pgm,397.7517283,0.505455926,0.003332722,-0.505455926
LOC112052357,dual specificity protein kinase splB,LOC112052357,62.4060145,2.066715843,0.003333382,-2.066715843
LOC112053390,nucleolar protein 4 isoform X2,CG46301,34.93340917,1.207138719,0.003333382,-1.207138719
LOC112055818,uncharacterized protein KIAA1143 homolog,CG42245,211.0268295,-0.651082008,0.003345414,0.651082008
LOC112051140,zinc finger BED domain-containing protein 1-like,LOC112051140,39.76670763,-1.486250955,0.003346678,1.486250955
LOC112054666,protein RRP5 homolog,CG5728,3984.386128,0.347307691,0.003354776,-0.347307691
LOC112057380,circadian clock-controlled protein-like,LOC112057380,16.78542647,5.84527787,0.003359977,-5.84527787
LOC112047432,ADP-ribosylation factor-like protein 4C,Arl4,823.1436645,-0.700602161,0.003372115,0.700602161
LOC112057196,glycerol kinase-like isoform X1,Gk2,249.4994699,0.721081992,0.003374927,-0.721081992
LOC112043039,adenylyl cyclase-associated protein 1 isoform X1,capt,3087.35694,-0.528685843,0.003376649,0.528685843
LOC112050431,microprocessor complex subunit DGCR8,pasha,207.7516809,-0.622086319,0.003396348,0.622086319
LOC112053051,midasin isoform X1,CG13185,4286.480091,0.571462886,0.003396348,-0.571462886
LOC112043136,zinc finger CCCH domain-containing protein 18 isoform X2,CG1677,1451.651411,-0.326378525,0.003397634,0.326378525
LOC112043169,glycerol-3-phosphate phosphatase-like,CG5567,277.0642507,0.535597067,0.003397634,-0.535597067
LOC112043673,"28S ribosomal protein S21, mitochondrial",mRpS21,169.2617372,0.696089032,0.003397805,-0.696089032
LOC112047960,serine protease easter-like,ea,481.6072795,0.390726262,0.003400479,-0.390726262
LOC112042924,cyclin-dependent-like kinase 5,Cdk5,109.4863591,-0.618465501,0.003400749,0.618465501
LOC112046645,DNA ligase 3,lig3,604.9253041,-0.466300418,0.003406351,0.466300418
LOC112055029,ubiquitin-related modifier 1 homolog,Urm1,505.206918,1.356968317,0.00341391,-1.356968317
LOC112054818,alpha-N-acetylglucosaminidase,CG13397,53.65943257,2.279948027,0.003415047,-2.279948027
LOC112055370,ubiquitin-like domain-containing CTD phosphatase 1,Ublcp1,854.6809344,-0.398182156,0.00341815,0.398182156
LOC112046080,uncharacterized protein LOC112046080 isoform X1,LOC112046080,384.4500027,-0.708100154,0.00342144,0.708100154
LOC112055014,protein transport protein Sec24C,Sec24CD,3475.38515,0.354576493,0.003447704,-0.354576493
LOC112044726,myb-like protein X isoform X1,LOC112044726,16.51274547,1.848750698,0.003456169,-1.848750698
LOC112058135,organic cation transporter protein-like,CG42269,783.3617878,0.727684215,0.003474118,-0.727684215
LOC112056774,zinc finger protein 737-like,LOC112056774,160.8211173,-0.756754974,0.003480511,0.756754974
LOC112048115,deoxyhypusine hydroxylase,nero,528.9766943,0.424083152,0.003481871,-0.424083152
LOC112045922,RRP12-like protein,CG2691,2675.674903,0.44437019,0.003488202,-0.44437019
LOC112055018,ubiquitin-conjugating enzyme E2 H,UbcE2H,484.0450858,-0.405914888,0.003488202,0.405914888
LOC112048689,zinc finger protein 62 homolog,LOC112048689,225.0452657,-0.777925863,0.003508361,0.777925863
LOC112049491,zinc finger protein 260-like isoform X1,LOC112049491,1053.09187,-0.892739805,0.00350878,0.892739805
LOC112054925,uncharacterized protein LOC112054925,LOC112054925,347.4162314,-0.768971723,0.00352595,0.768971723
LOC112048389,"39S ribosomal protein L33, mitochondrial",mRpL33,327.8670242,0.752473191,0.003526533,-0.752473191
LOC112051761,uncharacterized protein LOC112051761 isoform X1,LOC112051761,359.6348657,-1.61794385,0.003526533,1.61794385
LOC112047013,chymotrypsin-like elastase family member 2A,CG9372,23.61045224,4.176209768,0.003530022,-4.176209768
LOC112045601,UDP-glucuronosyltransferase 2B20-like isoform X1,Ugt49C1,12.90990606,2.509166098,0.003530083,-2.509166098
LOC112043612,phosphatase and actin regulator 4A-like isoform X3,CG8516,440.3299837,-0.416696014,0.003533293,0.416696014
LOC112051171,transient receptor potential-gamma protein-like,Trpgamma,9.508855331,2.566055382,0.003536815,-2.566055382
LOC112042868,tRNA (guanine-N(7)-)-methyltransferase non-catalytic subunit wuho,wuho,342.650059,0.592503351,0.003548084,-0.592503351
LOC112054256,ARF GTPase-activating protein GIT2 isoform X1,Git,333.4945745,-0.677220302,0.003549764,0.677220302
LOC112047227,serine/threonine-protein phosphatase 4 regulatory subunit 3 isoform X1,flfl,1037.045698,-0.500328045,0.00355054,0.500328045
LOC112043866,CLIP-associating protein isoform X1,chb,2994.584655,0.31653151,0.003566697,-0.31653151
LOC112044340,dolichyl-diphosphooligosaccharide--protein glycosyltransferase subunit STT3B isoform X1,Stt3B,1349.479119,0.273469846,0.003572738,-0.273469846
LOC112056045,BTB/POZ domain-containing protein 7,CG16952,390.826964,0.702329011,0.003594679,-0.702329011
LOC112056497,transmembrane emp24 domain-containing protein eca,eca,1020.328349,0.395940437,0.003600633,-0.395940437
LOC112049343,enhancer of mRNA-decapping protein 4-like,Ge-1,11.57267296,2.916503909,0.003605158,-2.916503909
LOC112055071,uncharacterized protein LOC112055071 isoform X1,LOC112055071,738.8498752,-0.726453251,0.003609162,0.726453251
LOC112050050,putative Activating molecule in BECN1-regulated autophagy protein 1,LOC112050050,691.8049191,-0.400414039,0.003613446,0.400414039
LOC112046337,BTB/POZ domain-containing protein KCTD1,twz,7.976309035,2.773119791,0.003619559,-2.773119791
LOC112045435,J protein JJJ1-like isoform X3,LOC112045435,422.5813683,3.758511337,0.003624635,-3.758511337
LOC112048097,leucine zipper putative tumor suppressor 2 homolog isoform X1,CG15365,1239.764013,0.638940836,0.003634588,-0.638940836
LOC112055827,sex peptide receptor-like,CG13229,7.49699739,-2.828670655,0.003634588,2.828670655
LOC112051117,TD and POZ domain-containing protein 5-like,LOC112051117,912.6957559,0.264729265,0.003636249,-0.264729265
LOC112044851,endocuticle structural glycoprotein SgAbd-3-like,Lcp65Ac,10.50551009,5.981993652,0.003646524,-5.981993652
LOC112043455,"probable peptide chain release factor C12orf65 homolog, mitochondrial",CG30100,572.7676009,0.648891848,0.003670239,-0.648891848
LOC112051094,"39S ribosomal protein L15, mitochondrial",mRpL15,457.2787784,0.452346403,0.003677401,-0.452346403
LOC112049775,synaptotagmin-10-like isoform X1,Syt9,9.108679781,-2.426572418,0.003681428,2.426572418
LOC112056130,forkhead box protein N3-like,LOC112056130,124.8490362,0.79290897,0.003688116,-0.79290897
LOC112044436,transducin beta-like protein 2 isoform X2,LOC112044436,1311.171646,-0.5667346,0.003692458,0.5667346
LOC112052082,transmembrane protein KIAA1109 homolog,tweek,1647.293023,-0.395216208,0.00370548,0.395216208
LOC112044207,putative serine protease K12H4.7,CG11626,3.351228751,5.326876318,0.003707308,-5.326876318
LOC112056769,hemicentin-1-like isoform X1,LOC112056769,13.62113363,-7.202361631,0.003720638,7.202361631
LOC112046009,1-acyl-sn-glycerol-3-phosphate acyltransferase gamma-like,Agpat3,1341.356496,0.328162301,0.003725394,-0.328162301
LOC112053096,disks large homolog 5,Dlg5,1382.348671,0.72967978,0.003740286,-0.72967978
LOC112056282,microprocessor complex subunit DGCR8,pasha,287.6124562,-0.672616224,0.003747025,0.672616224
LOC112056899,sister chromatid cohesion protein PDS5 homolog B,pds5,1306.49051,-0.62387803,0.003774061,0.62387803
LOC112048901,cytoplasmic dynein 1 light intermediate chain 2,Dlic,2022.251591,0.291296816,0.0037869,-0.291296816
LOC112057065,zinc finger protein 436-like isoform X1,LOC112057065,311.8491827,-0.55639504,0.003816778,0.55639504
LOC112044488,ribosome biogenesis protein NSA2 homolog,Ip259,5821.323129,0.384834898,0.003828735,-0.384834898
LOC112053456,chymotrypsinogen B-like,CG18557,4.42349909,4.727563341,0.003828735,-4.727563341
LOC112043334,lipopolysaccharide-induced tumor necrosis factor-alpha factor homolog,CG13510,57.82021962,-1.413904635,0.003838946,1.413904635
LOC112050676,irregular chiasm C-roughest protein-like,rst,807.4547593,-0.472522837,0.003839011,0.472522837
LOC112047919,Protein TBRG4,CG13850,276.4607767,0.4781836,0.003845027,-0.4781836
LOC112055212,chromobox protein homolog 1-like isoform X2,HP1b,6797.084155,-0.487506896,0.003846906,0.487506896
LOC112054414,methyltransferase-like protein 25,CG33964,309.8215166,0.613347773,0.003856032,-0.613347773
LOC112047129,zinc finger protein 26-like,LOC112047129,95.09066336,-0.766790027,0.003861312,0.766790027
LOC112054927,peroxisomal biogenesis factor 3,Pex3,1298.861451,0.270948457,0.003863157,-0.270948457
LOC112050006,uncharacterized protein LOC112050006 isoform X2,LOC112050006,79.16395766,1.09688935,0.00388258,-1.09688935
LOC112050410,transferrin,Tsf1,1087.569235,2.697143292,0.003886547,-2.697143292
LOC112056073,"beta-1,3-glucan-binding protein-like",GNBP1,3.718970666,-5.326642124,0.00390561,5.326642124
LOC112046856,S-methyl-5'-thioadenosine phosphorylase,Mtap,158.6838226,-0.579666131,0.00390922,0.579666131
LOC112044126,formin-binding protein 4-like,LOC112044126,1386.177159,-0.566837609,0.003909395,0.566837609
LOC112043564,serine protease persephone-like,snk,1492.784941,-0.262635563,0.003944621,0.262635563
LOC112055254,translocation protein SEC63 homolog,Sec63,3960.853955,0.286809212,0.003944621,-0.286809212
LOC112051572,protein CDV3 homolog,CG3760,1427.015545,0.32397836,0.003965057,-0.32397836
LOC112051285,dystrophin-like isoform X1,Dys,4101.115154,0.526377854,0.003972412,-0.526377854
LOC112042851,uncharacterized protein LOC112042851,LOC112042851,76.66733914,-1.302122775,0.003974462,1.302122775
LOC112054727,GATOR complex protein DEPDC5 isoform X2,Iml1,1850.815499,-0.445361585,0.003983255,0.445361585
LOC112051748,maternal protein tudor-like isoform X2,tud,693.7260717,0.501775354,0.003989342,-0.501775354
LOC112058264,protein phosphatase 1L,CG7115,352.9259963,0.470697272,0.004003303,-0.470697272
LOC112056565,ATP-dependent RNA helicase DDX24,CG9143,1128.497226,0.389430123,0.004020067,-0.389430123
LOC112056239,U11/U12 small nuclear ribonucleoprotein 48 kDa protein-like,LOC112056239,278.1002896,-0.645476078,0.004050623,0.645476078
LOC112046463,uncharacterized protein LOC112046463 isoform X3,LOC112046463,452.0204813,0.456368549,0.004059566,-0.456368549
LOC112047743,fasciclin-3 isoform X1,Fas3,7840.983161,0.584910845,0.004068415,-0.584910845
LOC112048578,E3 ubiquitin-protein ligase NRDP1 isoform X1,elgi,1256.026815,0.389749989,0.004078993,-0.389749989
LOC112054243,NACHT and WD repeat domain-containing protein 2,CG10185,11.72348214,-2.195874436,0.004081024,2.195874436
LOC112048877,"beta-1,3-glucan-binding protein-like",GNBPB5,3.788357104,5.497949427,0.004092074,-5.497949427
LOC112044045,hybrid signal transduction histidine kinase L-like,CNOT4,2800.617986,-0.239536039,0.004104158,0.239536039
LOC112042983,lachesin-like,DIP-lambda,21.57401046,3.746729993,0.00411793,-3.746729993
LOC112051084,homeodomain-interacting protein kinase 2 isoform X2,LOC112051084,216.5984148,0.619453373,0.004123349,-0.619453373
LOC112046529,uncharacterized protein LOC112046529,LOC112046529,6.611702162,2.952824135,0.004143884,-2.952824135
LOC112053806,AT-rich interactive domain-containing protein 5B-like,LOC112053806,377.1196353,0.474618722,0.004144541,-0.474618722
LOC112048735,lysosomal thioesterase PPT2 homolog,Ppt2,167.7417071,-0.920209285,0.004147615,0.920209285
LOC112053450,uncharacterized protein LOC112053450,LOC112053450,305.6443082,-0.528335454,0.004158434,0.528335454
LOC112043158,muscle M-line assembly protein unc-89,LOC112043158,1205.630567,-0.450206524,0.004180512,0.450206524
LOC112051897,nucleolar protein 58,CG8910,195.0079604,1.518365163,0.004181176,-1.518365163
LOC112049179,cell division cycle 7-related protein kinase-like,Cdc7,377.2670259,0.450358098,0.004190753,-0.450358098
LOC112049405,adhesion G protein-coupled receptor A3,CG15744,465.6527151,-0.349920983,0.004199656,0.349920983
LOC112050500,scavenger receptor class B member 1-like,SCRB6,5.100200275,5.925795036,0.004207944,-5.925795036
LOC112052728,D-glucuronyl C5-epimerase,Hsepi,616.0722914,-0.406102336,0.004211488,0.406102336
LOC112057045,nuclear envelope integral membrane protein 1,CG9723,148.7941254,-1.075339523,0.004239879,1.075339523
LOC112051096,conserved oligomeric Golgi complex subunit 6,Cog6,409.5562259,0.470405378,0.004248774,-0.470405378
LOC112055842,zinc finger protein 260-like isoform X2,LOC112055842,268.8168625,-0.472145542,0.004293147,0.472145542
LOC112053760,ras-related protein Rac1,Rac1,448.7362662,-0.384459667,0.004304405,0.384459667
LOC112043543,cuticle protein 10.9-like,LOC112043543,87.4170688,-0.904162928,0.004305659,0.904162928
LOC112046827,uncharacterized protein LOC112046827 isoform X1,LOC112046827,17.08807857,1.846480192,0.004312496,-1.846480192
LOC112048804,zinc finger protein 260-like isoform X2,LOC112048804,740.8941846,-0.359674453,0.004318558,0.359674453
LOC112057891,titin-like isoform X1,LOC112057891,536.0726954,-0.63965179,0.004319889,0.63965179
LOC112054904,BTB/POZ domain-containing protein KCTD9,CG14647,256.2343246,0.640932622,0.004345466,-0.640932622
LOC112050076,tetraspanin-13 isoform X1,Tsp97E,46.41961911,2.382746108,0.004346732,-2.382746108
LOC112043546,Arginine kinase,CG42284,54.85009995,1.70282801,0.004357531,-1.70282801
LOC112055941,nucleolar complex protein 4 homolog B,CG2875,324.8245485,-0.595945096,0.004365816,0.595945096
LOC112049974,ragulator complex protein LAMTOR1,LOC112049974,556.605835,-0.54853008,0.004366422,0.54853008
LOC112053256,NA,NA,235.4781587,0.666373546,0.004392138,-0.666373546
LOC112048897,RNA pseudouridylate synthase domain-containing protein 2-like isoform X3,RluA-1,7172.891178,0.362420762,0.004394345,-0.362420762
LOC112047262,progestin and adipoQ receptor family member 3,CG7530,369.3482775,0.842488998,0.004397243,-0.842488998
LOC112055082,OWR51343.1 osiris 9 precursor,Osi9,10.68218618,4.434034708,0.004398542,-4.434034708
LOC112047044,peptidylprolyl isomerase domain and WD repeat-containing protein 1,CG3511,1069.723929,-0.467470038,0.004407205,0.467470038
LOC112058144,protein vein isoform X2,LOC112058144,802.4248362,0.73644816,0.004418583,-0.73644816
LOC112048646,trafficking protein particle complex subunit 3,Bet3,732.538045,0.527589715,0.004420065,-0.527589715
LOC112052529,zinc finger protein 436-like,LOC112052529,299.3634218,-0.625886066,0.004447531,0.625886066
LOC112052452,protein pygopus,pygo,611.7255322,-0.433724474,0.004468669,0.433724474
LOC112045367,checkpoint protein HUS1,Hus1-like,115.3473191,-1.01075337,0.004500221,1.01075337
LOC112056409,putative acyl-CoA-binding protein,Acbp4,2.98254146,5.142972514,0.004507291,-5.142972514
LOC112052502,G-protein coupled receptor moody-like isoform X1,moody,55.43941712,1.182794828,0.004542699,-1.182794828
LOC112051826,acyl-CoA Delta(11) desaturase-like,Desat1,6.376242905,4.368845937,0.004574215,-4.368845937
LOC112042840,protein takeout-like,CG14661,23.24913323,2.679009421,0.004590131,-2.679009421
LOC112043427,brefeldin A-inhibited guanine nucleotide-exchange protein 1,Sec71,2368.673942,0.264502452,0.004606947,-0.264502452
LOC112047218,ankycorbin isoform X1,CG42534,28.70811559,2.509135723,0.004610481,-2.509135723
LOC112055472,thyroid transcription factor 1-associated protein 26 homolog,LOC112055472,1304.278571,0.397557006,0.00463376,-0.397557006
LOC112047691,myc box-dependent-interacting protein 1 isoform X1,Amph,1134.203715,-0.724696859,0.004661979,0.724696859
LOC112050819,odorant receptor 17,LOC112050819,117.7805684,-1.378894877,0.004665761,1.378894877
LOC112043620,uncharacterized protein LOC112043620 isoform X1,LOC112043620,356.2233846,-0.417552818,0.004668392,0.417552818
LOC112057231,alpha-tocopherol transfer protein-like,CG33514,7.255600777,3.919847059,0.00467922,-3.919847059
LOC112047018,histone lysine demethylase PHF8-like,Kdm2,839.4012522,-0.561775485,0.004681125,0.561775485
LOC112055320,tyrosine-protein phosphatase non-receptor type 9 isoform X1,Ptpmeg2,649.9703496,-0.532547259,0.004696292,0.532547259
LOC112052876,probable beta-hexosaminidase fdl,fdl,218.9947743,0.947142781,0.004699296,-0.947142781
LOC112057031,Protein translocase subunit secA,LOC112057031,440.9343937,-1.588327639,0.004706326,1.588327639
LOC112047174,trithorax group protein osa-like isoform X3,CG17002,692.703929,0.311323003,0.004716289,-0.311323003
LOC112047233,probable rRNA-processing protein EBP2 homolog,CG1542,1175.202718,0.561248778,0.004729914,-0.561248778
LOC112049623,HEAT repeat-containing protein 3,CG10286,928.7145672,0.789189184,0.004743165,-0.789189184
LOC112058280,ATP-dependent RNA helicase dbp2-like,CG10077,6447.971054,-0.466655647,0.004748511,0.466655647
LOC112043843,arfaptin-2 isoform X1,Arfip,211.5061028,-0.60239204,0.004785353,0.60239204
LOC112050266,NACHT and WD repeat domain-containing protein 2 isoform X1,CG10132,35.15393521,1.270866984,0.00479408,-1.270866984
LOC112048257,round spermatid basic protein 1-like,CG10600,807.7193956,-1.000407188,0.004798707,1.000407188
LOC112044043,latent-transforming growth factor beta-binding protein 4-like isoform X2,CG31999,32.108014,2.43222433,0.004798717,-2.43222433
LOC112045312,NA,NA,209.4253176,-0.740361789,0.004822685,0.740361789
LOC112047212,helicase SKI2W,tst,974.2853734,-0.51592352,0.004852583,0.51592352
LOC112046124,cytochrome P450 6k1-like,Cyp6g1,3.569196256,5.389463524,0.004859176,-5.389463524
LOC112055563,transcriptional adapter 2A,Ada2a,155.1306727,-0.633626085,0.004866633,0.633626085
LOC112049176,NA,NA,342.0594034,0.454336358,0.004881075,-0.454336358
LOC112044282,mediator of RNA polymerase II transcription subunit 27,MED27,440.9572987,0.571814782,0.004884636,-0.571814782
LOC112050488,pupal cuticle protein 36-like,Cpr67Fb,47.56718043,2.139501225,0.004888139,-2.139501225
LOC112046676,dnaJ-like protein 60,DnaJ-60,281.2263296,0.62205508,0.004908963,-0.62205508
LOC112044728,cytochrome P450 6B7-like,Cyp6a2,9.258524669,-2.265746089,0.004919994,2.265746089
LOC112047329,"glutamate synthase [NADH], amyloplastic isoform X1",CG9674,2440.669176,0.518732034,0.004928963,-0.518732034
LOC112053224,spatacsin isoform X1,LOC112053224,724.4989871,-0.344041945,0.004935473,0.344041945
LOC112057232,potassium channel subfamily K member 9,Task7,25.69394423,-1.234325562,0.00494403,1.234325562
LOC112047189,PX domain-containing protein kinase-like protein,CG8726,198.1158096,0.572879643,0.004956762,-0.572879643
LOC112056430,hemicentin-2-like,dpr12,14.7748554,-2.595753878,0.004974871,2.595753878
LOC112054679,netrin-B-like isoform X1,NetA,136.3165712,0.664391502,0.004977414,-0.664391502
LOC112047872,dipeptidase 1-like,CG42750,24.20626295,3.54811088,0.004989857,-3.54811088
LOC112048542,glutathione S-transferase theta-1-like,GstT3,876.8519612,0.665512775,0.004989857,-0.665512775
LOC112050894,protein FRG1 homolog,FRG1,572.2184568,-0.65075474,0.005005554,0.65075474
LOC112042916,solute carrier family 35 member B1 homolog,meigo,500.5216731,0.409766503,0.005009959,-0.409766503
LOC112044995,protein bowel,bowl,1683.68604,-0.426576849,0.005012946,0.426576849
LOC112045064,spermatogenesis-associated protein 6 isoform X2,LOC112045064,216.376753,1.090300806,0.005019774,-1.090300806
LOC112057426,tropomyosin-like,LOC112057426,87.11763811,-3.599909163,0.005044744,3.599909163
LOC112053010,TP53-regulating kinase,Prpk,256.6295354,0.546619116,0.005049756,-0.546619116
LOC112046509,innexin inx2-like,Inx2,41.33075817,-1.779045303,0.005089466,1.779045303
LOC112052268,tetratricopeptide repeat protein 37,LOC112052268,841.2335076,-0.355621504,0.005091718,0.355621504
LOC112051189,sesquipedalian-1,IPIP,561.6467784,-0.493023895,0.005102197,0.493023895
LOC112049733,NA,NA,2416.01403,0.471225887,0.005110465,-0.471225887
LOC112047220,DNA polymerase alpha subunit B isoform X1,DNApol-alpha73,579.5595624,-0.686291084,0.00511321,0.686291084
LOC112044238,probable dimethyladenosine transferase,CG11837,472.2303813,0.43762121,0.005113983,-0.43762121
LOC112051137,putative U5 small nuclear ribonucleoprotein 200 kDa helicase,l(3)72Ab,4113.393757,-0.281418926,0.005113983,0.281418926
LOC112054358,"DNA-directed RNA polymerases I, II, and III subunit RPABC1",Rpb5,757.0170283,0.58727051,0.005113983,-0.58727051
LOC112050750,nuclear envelope phosphatase-regulatory subunit 1,CG8009,251.6875369,0.595790725,0.005121411,-0.595790725
LOC112048830,transmembrane protein 147,CG5861,616.2846798,0.379071694,0.005136117,-0.379071694
LOC112053307,blood vessel epicardial substance-like,LOC112053307,3.306099798,5.321856203,0.005136797,-5.321856203
LOC112055751,GMP reductase 1-like,LOC112055751,11.91524312,2.006541364,0.005138615,-2.006541364
LOC112049540,ATP-dependent RNA helicase abstrakt,abs,475.2070838,-0.465355468,0.005140363,0.465355468
LOC112053847,troponin I isoform X3,wupA,111.4559139,3.417115833,0.005141932,-3.417115833
LOC112043990,DNA-directed RNA polymerase I subunit RPA2,RpI135,1673.88827,0.441509975,0.005156076,-0.441509975
LOC112043382,E3 ubiquitin-protein ligase TRAIP,nopo,201.9466154,-0.649994652,0.005175206,0.649994652
LOC112052935,teneurin-a isoform X1,LOC112052935,2.895385954,5.118110911,0.005183678,-5.118110911
LOC112057185,"glucose dehydrogenase [FAD, quinone]-like",Gld,118.288828,7.623243999,0.005184393,-7.623243999
LOC112054732,"39S ribosomal protein L16, mitochondrial",mRpL16,555.7995063,0.509715534,0.005221315,-0.509715534
LOC112055455,uncharacterized protein LOC112055455 isoform X1,LOC112055455,889.8092845,-1.012372339,0.005230729,1.012372339
LOC112058092,zinc finger protein 271-like,LOC112058092,360.6287291,-0.357300267,0.005239149,0.357300267
LOC112045514,breast cancer anti-estrogen resistance protein 3,CG9098,15.8124944,-2.140857788,0.005239777,2.140857788
LOC112056439,migration and invasion enhancer 1,LOC112056439,143.3925408,0.63710643,0.005239777,-0.63710643
LOC112043636,TAF5-like RNA polymerase II p300/CBP-associated factor-associated factor 65 kDa subunit 5L,LOC112043636,666.597344,-0.455354025,0.005246106,0.455354025
LOC112044730,cytochrome P450 6B2-like,Cyp6a2,3.224519773,5.268952068,0.005248379,-5.268952068
LOC112057435,Zinc finger DNA binding protein,LOC112057435,9.276416167,5.792433067,0.00526085,-5.792433067
LOC112045550,tyrosine-protein phosphatase non-receptor type 9 isoform X2,Ptpmeg2,56.11582994,-0.919950092,0.005272169,0.919950092
LOC112043947,uncharacterized protein LOC112043947,LOC112043947,12.52945644,-2.42363986,0.005280216,2.42363986
LOC112054220,2-(3-amino-3-carboxypropyl)histidine synthase subunit 2,Dph2,469.6709587,-0.452916956,0.005347117,0.452916956
LOC112049382,E3 ubiquitin-protein ligase RFWD3-like,mus302,274.4042768,-1.654854652,0.005377666,1.654854652
LOC112053802,Cytochrome P450,Cyp9f2,25.40697958,-1.468001154,0.005381739,1.468001154
LOC112048925,aquaporin AQPAe.a-like,Eglp4,13.47335246,3.306395503,0.005394023,-3.306395503
LOC112043833,uncharacterized protein LOC112043833,LOC112043833,6.031530817,-3.83001182,0.005401325,3.83001182
LOC112045520,sensory neuron membrane protein 2-like,Snmp2,5.537732974,5.051617933,0.005414575,-5.051617933
LOC112050208,uncharacterized protein LOC112050208,LOC112050208,199.9820821,2.64077815,0.005417351,-2.64077815
LOC112051430,zinc finger protein 737-like,LOC112051430,275.6601528,-0.566751362,0.005441524,0.566751362
LOC112047267,cadherin-23,Cad88C,1575.472262,1.049867865,0.00545769,-1.049867865
LOC112046783,protein SERAC1,CG10383,99.60848775,-0.645421126,0.005538988,0.645421126
LOC112055192,adenylate kinase isoenzyme 6 homolog,Ak6,284.1396342,0.502123752,0.005545516,-0.502123752
LOC112053945,probable transaldolase,Tal,2175.618789,0.272732865,0.005549058,-0.272732865
LOC112044514,major facilitator superfamily domain-containing protein 6,jef,95.60991921,2.898001058,0.005562871,-2.898001058
LOC112047999,CCR4-NOT transcription complex subunit 6,CNOT6L,55.10527596,-0.819287448,0.005562871,0.819287448
LOC112043904,rab3 GTPase-activating protein regulatory subunit,Rab3-GAP,994.9335929,-0.283007084,0.005585004,0.283007084
LOC112056940,tigger transposable element-derived protein 1-like,LOC112056940,2.849708487,5.091165877,0.005609837,-5.091165877
LOC112048262,protein-glutamate O-methyltransferase-like isoform X1,CG11474,1154.982723,-1.144522784,0.005625309,1.144522784
LOC112056528,probable tyrosyl-DNA phosphodiesterase,gkt,1040.44524,-0.569459426,0.005640635,0.569459426
LOC112049287,Protein asteroid homolog 1,LOC112049287,4003.111674,2.584087097,0.005654045,-2.584087097
LOC112052419,uncharacterized protein LOC112052419,LOC112052419,314.3956519,1.162652369,0.005659229,-1.162652369
LOC112045818,protein mahjong isoform X2,mahj,2797.047276,0.347872512,0.005674525,-0.347872512
LOC112047985,tripeptidyl-peptidase 2,TppII,1380.985746,-0.489560036,0.005685409,0.489560036
LOC112048700,sorting nexin lst-4,SH3PX1,1307.39023,0.266329453,0.005690486,-0.266329453
LOC112044490,E3 ubiquitin-protein ligase Mdm2-like isoform X1,LOC112044490,550.3519837,-0.696925449,0.005701814,0.696925449
LOC112057630,la-related protein 1-like,larp,94.28698833,0.946880295,0.005704117,-0.946880295
LOC112056080,protein amalgam-like isoform X1,CG34353,590.9782232,-0.887652533,0.005726294,0.887652533
LOC112055287,mitochondrial import inner membrane translocase subunit Tim8,Tim8,1126.661542,0.454962551,0.005750337,-0.454962551
LOC112043463,mitogen-activated protein kinase 1,rl,1249.615199,-0.409014245,0.005752291,0.409014245
LOC112050550,putative phospholipase B-like 2,LOC112050550,66.86971929,-1.918155894,0.005771264,1.918155894
LOC112051321,uridine phosphorylase 1 isoform X1,CG6330,19.92814108,-1.764432032,0.005780527,1.764432032
LOC112056335,uncharacterized protein LOC112056335,LOC112056335,193.4067222,1.092865181,0.005780527,-1.092865181
LOC112050752,TOM1-like protein 2,CG3529,168.6629519,0.482418249,0.005789851,-0.482418249
LOC112043819,glutathione S-transferase 1-like,GstE4,17.82331418,2.064203462,0.005798703,-2.064203462
LOC112056267,flocculation protein FLO11-like,Cpr49Aa,3.514974126,5.414786762,0.005798703,-5.414786762
LOC112044338,uncharacterized protein LOC112044338,LOC112044338,576.8024251,0.459269709,0.005807533,-0.459269709
LOC112046900,serine/arginine repetitive matrix protein 1-like,a,317.8182102,-0.716944143,0.005812292,0.716944143
LOC112044284,uncharacterized protein LOC112044284,LOC112044284,301.0539815,-0.741708192,0.005834195,0.741708192
LOC112056901,G-protein coupled receptor Mth2-like,LOC112056901,15.5924625,1.987197605,0.005844104,-1.987197605
LOC112046640,tRNA (adenine(58)-N(1))-methyltransferase catalytic subunit TRMT61A,CG14544,207.9069086,0.453055494,0.005848256,-0.453055494
LOC112053133,alpha-tocopherol transfer protein-like,LOC112053133,8.864540943,2.577325075,0.005849263,-2.577325075
LOC112054834,casein kinase II subunit beta,CkIIbeta,1087.888937,-0.317282017,0.005871364,0.317282017
LOC112051301,G-protein coupled receptor moody-like,CG4313,34.35383673,-1.280626598,0.005880845,1.280626598
LOC112054994,xaa-Pro aminopeptidase 1,CG6225,8.988329804,-3.362338973,0.005882092,3.362338973
LOC112047785,"NAD-dependent protein deacylase sirtuin-5, mitochondrial-like",Sirt4,153.0241447,0.545872618,0.005918378,-0.545872618
LOC112050378,GTPase-activating protein CdGAPr,CdGAPr,1264.109966,0.367671968,0.005931326,-0.367671968
LOC112055975,vanin-like protein 2 isoform X1,CG32751,534.0760904,-1.845289569,0.005969592,1.845289569
LOC112050199,uncharacterized protein LOC112050199 isoform X1,LOC112050199,402.1963484,-0.518066745,0.005992289,0.518066745
LOC112056301,"glucose dehydrogenase [FAD, quinone]-like",CG12398,9.1505172,3.147756973,0.006002513,-3.147756973
LOC112048686,PQ-loop repeat-containing protein 1 isoform X2,CG13784,40.0846606,1.664130379,0.006015124,-1.664130379
LOC112048894,protein saal1,LOC112048894,285.6407553,0.481622341,0.00602954,-0.481622341
LOC112052212,serine protease inhibitor dipetalogastin-like,CG32354,33.65233766,-3.249047216,0.006039323,3.249047216
LOC112055092,digestive cysteine proteinase 1,26-29-p,2073.432336,-1.403470975,0.006044113,1.403470975
LOC112058412,coiled-coil domain-containing protein 39,CG17387,132.4058555,-0.767446339,0.006051002,0.767446339
LOC112045206,chymotrypsin-like elastase family member 2A,Sp212,10.90604138,4.101846363,0.006055928,-4.101846363
LOC112055008,zinc finger protein 883-like,LOC112055008,89.7331023,-0.851658044,0.006058697,0.851658044
LOC112047394,interferon-related protein PC4,LOC112047394,15.79154082,-1.943108236,0.006078078,1.943108236
LOC112045344,mitochondrial carrier protein Rim2 isoform X1,Rim2,973.8880395,-0.544187278,0.006084025,0.544187278
LOC112049927,myb-binding protein 1A-like protein,Mybbp1A,1882.433275,0.530329801,0.006102232,-0.530329801
LOC112056240,selenoprotein M-like,LOC112056240,1562.394412,-0.457567365,0.006102232,0.457567365
LOC112056109,UBX domain-containing protein 4 isoform X1,LOC112056109,878.2947387,0.42245341,0.006105142,-0.42245341
LOC112055541,cullin-1,Cul1,5539.848068,0.223233169,0.006137688,-0.223233169
LOC112058439,SPRY domain-containing protein 7,CG7785,665.1240623,-0.626811649,0.006157616,0.626811649
LOC112055001,integrator complex subunit 11,IntS11,1503.591374,-0.290392242,0.006185348,0.290392242
LOC112043727,DPH4 homolog,CG32640,344.3026233,1.346976425,0.006188635,-1.346976425
LOC112046008,gonadal protein gdl,gdl,257.6610141,-0.476714657,0.006195743,0.476714657
LOC112048789,multiple coagulation factor deficiency protein 2 homolog isoform X3,CG17271,2075.397068,0.222429285,0.006212056,-0.222429285
LOC112052054,RAB11-binding protein RELCH-like,LOC112052054,116.5920604,-0.753007551,0.006212056,0.753007551
LOC112047822,histone-lysine N-methyltransferase SUV39H2-like isoform X1,eIF-2gamma,96.3798875,-2.352731361,0.00623424,2.352731361
LOC112049524,transcriptional adapter 3,Ada3,856.1734591,-0.447247292,0.006252469,0.447247292
LOC112055458,CCR4-NOT transcription complex subunit 9,Rcd-1,748.6192286,-0.390098438,0.006252469,0.390098438
LOC112046256,methionine aminopeptidase 1 isoform X2,CG13630,1760.549318,-0.420507338,0.006261008,0.420507338
LOC112043747,GATA zinc finger domain-containing protein 1,CG13367,417.9406737,-0.767124986,0.006263959,0.767124986
LOC112053995,glycerate kinase,CG9886,212.1847516,0.553632324,0.006281342,-0.553632324
LOC112053986,macrophage mannose receptor 1-like,LOC112053986,7.597982208,6.490581212,0.006308136,-6.490581212
LOC112053617,cyclic AMP response element-binding protein A,CrebA,505.1466289,1.023452428,0.006317222,-1.023452428
LOC112043769,"probable 3-hydroxyisobutyrate dehydrogenase, mitochondrial",CG15093,2395.758903,0.521774531,0.006319232,-0.521774531
LOC112052846,RNA-binding protein fusilli isoform X1,fus,7.035228324,3.073083535,0.006333441,-3.073083535
LOC112046006,osteopetrosis-associated transmembrane protein 1,LOC112046006,454.8665579,0.448694767,0.006401905,-0.448694767
LOC112048532,centrosomal protein of 131 kDa,LOC112048532,186.4380918,-0.930272689,0.006413189,0.930272689
LOC112050144,glycosylated lysosomal membrane protein B-like,LOC112050144,508.4830775,-0.419565619,0.006414574,0.419565619
LOC112054464,zinc finger protein OZF-like,salm,75.2498715,-0.802631083,0.006415411,0.802631083
LOC112043844,EH domain-containing protein 3,Past1,901.5973849,0.487288171,0.006417343,-0.487288171
LOC112046318,distal membrane-arm assembly complex protein 2,LOC112046318,215.6087583,0.480660547,0.006423997,-0.480660547
LOC112045754,E3 SUMO-protein ligase NSE2-like,cerv,189.3240283,-1.478808922,0.006464554,1.478808922
LOC112055905,alpha-tocopherol transfer protein-like,LOC112055905,33.55250956,1.849319534,0.00648706,-1.849319534
LOC112054593,uncharacterized protein LOC112054593 isoform X1,LOC112054593,160.2670534,0.887040747,0.006497923,-0.887040747
LOC112046109,dolichyl-diphosphooligosaccharide--protein glycosyltransferase subunit DAD1,Dad1,2386.100995,0.325408528,0.006524042,-0.325408528
LOC112045973,Disks large-associated protein 5,vlc,651.0119575,-0.421244087,0.006532065,0.421244087
LOC112044738,p21-activated protein kinase-interacting protein 1-like,CG12608,508.3159225,0.652245151,0.006536132,-0.652245151
LOC112055425,alaserpin-like isoform X1,Spn42De,9.027260239,-3.425684023,0.00655469,3.425684023
LOC112051187,transient receptor potential-gamma protein-like,Trpgamma,12.01603834,1.992740244,0.00655747,-1.992740244
LOC112046884,piggyBac transposable element-derived protein 3-like,LOC112046884,26.11090911,-1.375587563,0.006587622,1.375587563
LOC112043268,"transcription termination factor 5, mitochondrial-like",LOC112043268,162.6879807,-0.759864087,0.006607015,0.759864087
LOC112046624,eukaryotic translation initiation factor 2D,eIF2D,379.719442,-0.402095287,0.006613869,0.402095287
LOC112047554,probable GPI-anchored adhesin-like protein PGA55,LOC112047554,22.05928218,-1.536802288,0.006616284,1.536802288
LOC112044124,cytosol aminopeptidase-like,S-Lap7,48.96179082,-1.273590083,0.006620352,1.273590083
LOC112046274,U1 small nuclear ribonucleoprotein A,snf,1123.010201,-0.313903903,0.006667759,0.313903903
LOC112055685,SH3 domain-binding protein 5-like,pcs,349.983286,-1.042180221,0.006669531,1.042180221
LOC112045204,Dihydrouridine synthase domain containing protein,LOC112045204,100.9774669,0.916369683,0.006669989,-0.916369683
LOC112057662,sodium/potassium/calcium exchanger 3 isoform X1,zyd,12.08912806,-2.8106897,0.006675105,2.8106897
LOC112056556,sorting nexin-8-like,LOC112056556,89.92170399,0.836041687,0.006697038,-0.836041687
LOC112057384,esterase E4-like,CG10175,4.046165079,5.5829901,0.006705088,-5.5829901
LOC112051963,neurofibromin isoform X1,Nf1,617.7178021,-0.575682559,0.006709276,0.575682559
LOC112054792,probable nucleoporin Nup54,Nup54,1151.477778,-0.470692829,0.006734401,0.470692829
LOC112043991,facilitated trehalose transporter Tret1-like,mfs7,90.40691676,-1.735572783,0.006758353,1.735572783
LOC112053272,60S ribosomal protein L7a,RpL7A,2969.419381,7.748432853,0.006758732,-7.748432853
LOC112048350,uncharacterized protein K02A2.6-like,LOC112048350,64.15536275,-2.334962645,0.006761686,2.334962645
LOC112045984,transmembrane protein 41 homolog,stas,204.3278634,0.514479037,0.006784599,-0.514479037
LOC112054048,probable galactose-1-phosphate uridylyltransferase,Galt,76.87314316,2.737313098,0.006787895,-2.737313098
LOC112056221,peptidylglycine alpha-hydroxylating monooxygenase,Phm,167.0489418,-1.045117369,0.006878379,1.045117369
LOC112043314,cytosolic non-specific dipeptidase,Cndp2,6070.424173,0.396063337,0.006942983,-0.396063337
LOC112051018,MADF domain-containing protein,CG8281,354.5997569,-0.57261726,0.006948952,0.57261726
LOC112049789,uncharacterized protein LOC112049789,beat-Vc,14.12197689,1.640778585,0.006988957,-1.640778585
LOC112050346,RING finger and transmembrane domain-containing protein 2,CG13605,255.3554265,0.556827052,0.006988957,-0.556827052
LOC112044071,elongation of very long chain fatty acids protein 7-like,bond,6.194889141,5.200159269,0.007008391,-5.200159269
LOC112043475,probable ubiquitin carboxyl-terminal hydrolase creB,Usp1,501.5685747,0.346320902,0.007043535,-0.346320902
LOC112043221,"probable glutamate--tRNA ligase, mitochondrial",GluRS-m,462.5370514,0.482207725,0.007091497,-0.482207725
LOC112043143,uncharacterized protein LOC112043143,CG2310,1038.211831,-0.489259394,0.007093178,0.489259394
LOC112057081,UDP-glucuronosyltransferase 2B15-like,Ugt37b1,120.7617811,-1.705933918,0.007109411,1.705933918
LOC112049020,vinculin,Vinc,852.0209262,0.926658589,0.007110019,-0.926658589
LOC112057372,uncharacterized protein LOC112057372,LOC112057372,48.63186448,-1.803047572,0.007127998,1.803047572
LOC112056928,UPF0692 protein CG33108,CG33108,387.0864519,0.674271198,0.007137424,-0.674271198
LOC112053211,ectopic P granules protein 5 homolog,LOC112053211,466.2604264,-0.557917767,0.007151623,0.557917767
LOC112047623,protein MLP1 homolog,LOC112047623,12.02321106,6.183143655,0.007152395,-6.183143655
LOC112050038,acyl-CoA-binding domain-containing protein 5 isoform X1,CG8814,558.6344415,0.601365271,0.007152395,-0.601365271
LOC112051900,NA,NA,31.05068428,1.673937447,0.007152395,-1.673937447
LOC112053491,growth arrest and DNA damage-inducible proteins-interacting protein 1,CRIF,453.0336238,0.547834698,0.007152395,-0.547834698
LOC112047167,ras-related protein Rab-23,Rab23,2479.956557,0.347656265,0.007157539,-0.347656265
LOC112049630,GPI ethanolamine phosphate transferase 1,PIG-N,321.7235784,-0.479561595,0.007173894,0.479561595
LOC112057919,uncharacterized protein LOC112057919,LOC112057919,13.67207505,2.023175332,0.007205171,-2.023175332
LOC112044969,cuticle protein 16.5-like,LOC112044969,17.00534798,3.731846839,0.00720919,-3.731846839
LOC112055956,zinc finger protein 62 homolog,LOC112055956,147.8141421,-1.102747626,0.007209763,1.102747626
LOC112054472,gastrula zinc finger protein XlCGF52.1-like,LOC112054472,41.03019135,-1.002548921,0.007219584,1.002548921
LOC112055485,myb-like protein X,LOC112055485,3.755366879,4.45461519,0.007226418,-4.45461519
LOC112058533,integrin beta pat-3-like,LOC112058533,39.05070841,-2.053978709,0.007253733,2.053978709
LOC112049866,prolow-density lipoprotein receptor-related protein 1-like,LRP1,71.33544184,-1.767685942,0.007265436,1.767685942
LOC112051718,PWWP domain-containing protein 2A-like,LOC112051718,272.3299341,0.49981296,0.007267007,-0.49981296
LOC112047292,OWR49408.1 putative sinuous,sinu,1609.74241,-0.529036268,0.007277645,0.529036268
LOC112046628,trafficking protein particle complex subunit 10,SIDL,902.7314175,0.351756935,0.007297098,-0.351756935
LOC112044520,GRAM domain-containing protein 1B-like isoform X1,GramD1B,405.0802344,-0.597249171,0.007303575,0.597249171
LOC112049000,cytochrome P450 4C1-like,Cyp4c3,6.005144296,6.170181118,0.007303575,-6.170181118
LOC112049235,frizzled-10-like,GPRFZ3,983.1909738,-1.182414071,0.007309199,1.182414071
LOC112051807,large proline-rich protein BAG6-like isoform X1,LOC112051807,1555.080357,-0.231083062,0.007319879,0.231083062
LOC112051837,factor VIII intron 22 protein,LOC112051837,215.7038979,-0.430847496,0.007340145,0.430847496
LOC112049318,calcium channel flower isoform X2,fwe,1446.746561,0.231834294,0.0073677,-0.231834294
LOC112050922,monocyte to macrophage differentiation factor,CG4615,320.3151835,1.091066188,0.007383314,-1.091066188
LOC112056114,potassium channel subfamily K member 9-like,Task6,154.8101745,0.590082193,0.007412493,-0.590082193
LOC112054789,"ribosome-releasing factor 2, mitochondrial",mRRF2,265.9907188,-0.454192915,0.007416555,0.454192915
LOC112045445,trichohyalin isoform X3,brp,97.50829698,-0.855974911,0.007436823,0.855974911
LOC112045692,"probable proline--tRNA ligase, mitochondrial",ProRS-m,228.5919628,0.611268063,0.007449747,-0.611268063
LOC112053494,nitric oxide synthase-interacting protein homolog,CG6179,594.8004299,0.477153525,0.007465292,-0.477153525
LOC112050503,extracellular serine/threonine protein CG31145 isoform X2,CG31145,296.7138704,0.743044202,0.007471446,-0.743044202
LOC112051393,facilitated trehalose transporter Tret1-like,Tret1-1,2254.770398,0.451337144,0.007471446,-0.451337144
LOC112055442,zinc finger protein 271-like,LOC112055442,163.2979402,-0.635782474,0.007497978,0.635782474
LOC112044070,uncharacterized protein LOC112044070,LOC112044070,15.49391793,2.588517234,0.00751653,-2.588517234
LOC112051840,vesicle transport through interaction with t-SNAREs homolog 1A,Vti1a,407.5057741,0.383684709,0.007532295,-0.383684709
LOC112053466,retinol dehydrogenase 12-like,CG2070,431.9698678,-0.658272971,0.007552071,0.658272971
LOC112058013,phosphatidylinositol 3-kinase 1,Jabba,240.3476031,0.430034193,0.007587937,-0.430034193
LOC112044765,barrier-to-autointegration factor,baf,1028.62631,-0.39277615,0.007625998,0.39277615
LOC112043683,KPJ13323.1 Leucine-rich repeats and immunoglobulin-like domains protein 2,kek2,10.11094324,-1.997191862,0.007628626,1.997191862
LOC112058234,putative general transcription factor IIIC polypeptide 2 beta 110kDa,LOC112058234,690.9252522,-0.511258713,0.007678503,0.511258713
LOC112046890,neuronal acetylcholine receptor subunit alpha-7 isoform X1,nAChRa7,29.66214479,1.90692021,0.007707831,-1.90692021
LOC112049192,cytochrome P450 CYP12A2-like,Cyp12a5,14.52829506,1.940947804,0.007725969,-1.940947804
LOC112045395,"probable 28S ribosomal protein S25, mitochondrial",mRpS25,280.9845095,0.446493274,0.007764527,-0.446493274
LOC112046327,uncharacterized protein LOC112046327,LOC112046327,12.61938291,2.096950441,0.007764527,-2.096950441
LOC112055335,protein ALP1-like,LOC112055335,133.3107191,-0.62647957,0.007765035,0.62647957
LOC112044240,transportin-1 isoform X1,TNPO1,1481.527523,-0.374224524,0.007768816,0.374224524
LOC112049845,transcription factor BCFI-like isoform X1,pnr,295.5728589,-1.028243798,0.007812194,1.028243798
LOC112049385,ankyrin-3 isoform X1,LOC112049385,264.7212648,-0.657038229,0.007812421,0.657038229
LOC112043897,uncharacterized protein LOC112043897,LOC112043897,132.6225838,-0.575012657,0.007817845,0.575012657
LOC112051078,serine/threonine-protein phosphatase rdgC,rdgC,5.718759474,5.096427905,0.007827581,-5.096427905
LOC112043298,double-stranded RNA-binding zinc finger protein JAZ,LOC112043298,2400.789227,-0.249994543,0.007832247,0.249994543
LOC112052611,thyrotropin-releasing hormone receptor-like isoform X1,Ethr,65.96342102,1.390615959,0.007834435,-1.390615959
LOC112050046,protein Mo25,Mo25,1368.903959,0.231763616,0.00785579,-0.231763616
LOC112057410,fasciclin-3 isoform X2,Fas3,422.9372544,3.32115514,0.007869913,-3.32115514
LOC112050406,probable oligoribonuclease,CG10214,313.4395333,0.526919354,0.007878575,-0.526919354
LOC112045464,"probable 28S ribosomal protein S16, mitochondrial",mRpS16,309.4590039,0.468181281,0.007897196,-0.468181281
LOC112050367,protein grindelwald,LOC112050367,2691.278412,-0.295481041,0.007920057,0.295481041
LOC112056443,semaphorin-1A isoform X3,Sema-1a,28.76616508,-1.62920125,0.007920057,1.62920125
LOC112045643,interleukin-1 receptor accessory protein-like,LOC112045643,1296.249322,0.518972342,0.007982155,-0.518972342
LOC112053392,uncharacterized LOC106128526,LOC112053392,1653.10222,-0.590940533,0.007985815,0.590940533
LOC112044603,espin isoform X1,f,26.84172809,1.764380564,0.007986137,-1.764380564
LOC112053599,mediator of RNA polymerase II transcription subunit 20,MED20,225.0141187,-0.438808907,0.007988375,0.438808907
LOC112044960,DNA endonuclease RBBP8-like,LOC112044960,78.83694896,-0.686086775,0.008017847,0.686086775
LOC112056325,tetratricopeptide repeat protein 4,Dpit47,756.4698869,-0.857789092,0.008017847,0.857789092
LOC112043824,LYR motif-containing protein 4,bcn92,294.883731,0.365053804,0.008036672,-0.365053804
LOC112048391,armadillo repeat-containing protein 8-like isoform X2,LOC112048391,181.7115778,0.580576433,0.008047862,-0.580576433
LOC112051529,ER membrane protein complex subunit 1 isoform X2,EMC1,691.3981834,-0.782809795,0.008056347,0.782809795
LOC112053870,fungal protease inhibitor-1-like,LOC112053870,11.99246541,3.627358795,0.008056347,-3.627358795
LOC112058090,serine/threonine-protein kinase MARK2-like isoform X6,par-1,4394.581149,0.234041809,0.008059631,-0.234041809
LOC112051233,UDP-glucose 4-epimerase isoform X1,Gale,80.85476748,-1.367419348,0.008087352,1.367419348
LOC112050275,prolyl endopeptidase isoform X1,LOC112050275,393.8355512,0.643482104,0.008099123,-0.643482104
LOC112043445,ribonuclease P/MRP protein subunit POP5,LOC112043445,279.2087001,0.699484502,0.008134297,-0.699484502
LOC112047061,ceramide-1-phosphate transfer protein,CG30392,393.7411458,0.355682938,0.008149859,-0.355682938
LOC112058530,protein Wnt-1,wg,577.3715889,1.135957071,0.008184872,-1.135957071
LOC112047737,codanin-1,dlt,496.4631037,-0.524233952,0.008191926,0.524233952
LOC112047804,hydroxylysine kinase,CG31751,2.987546426,5.161670045,0.008202247,-5.161670045
LOC112053728,OWR54240.1 C3 and PZP alpha-2-macroglobulin domain-containing protein 8,CG10527,1754.106022,-0.89160554,0.008209543,0.89160554
LOC112052782,putative phosphatidate phosphatase,wun,10.35392479,2.426687979,0.008228484,-2.426687979
LOC112044869,hsc70-interacting protein-like,HIP,5679.847382,-0.312356166,0.008248731,0.312356166
LOC112053666,dynein regulatory complex protein 10-like,LOC112053666,5.735172233,3.539496399,0.008250011,-3.539496399
LOC112050353,fibril-forming collagen alpha chain-like,LOC112050353,15.16209219,2.04259661,0.00825911,-2.04259661
LOC112044351,endocuticle structural glycoprotein SgAbd-5-like,Lcp65Ac,2.809824037,5.063969608,0.008275587,-5.063969608
LOC112047848,sideroflexin-1 isoform X1,Sfxn1-3,6.252059798,3.709713794,0.008298772,-3.709713794
LOC112048948,"ATP synthase subunit beta, mitochondrial",ATPsynbeta,11782.99322,0.784411984,0.008305256,-0.784411984
LOC112058369,CXXC-type zinc finger protein 1-like isoform X2,Cfp1,561.6209658,-1.235153392,0.008388536,1.235153392
LOC112048225,ADP-ribosylation factor-binding protein GGA3,Gga,285.5281873,-0.394953274,0.008396398,0.394953274
LOC112045488,"calcium/calmodulin-dependent 3',5'-cyclic nucleotide phosphodiesterase 1 isoform X1",Pde1c,107.9353766,-1.011010517,0.008420082,1.011010517
LOC112050869,NEDD8-conjugating enzyme UBE2F-like,UbcE2M,563.0534762,0.618219918,0.008485746,-0.618219918
LOC112056272,potassium voltage-gated channel protein Shaw isoform X3,Shaw,54.27265241,-1.30112452,0.008493874,1.30112452
LOC112056935,zinc finger protein 62 homolog,LOC112056935,105.4428863,-0.867838153,0.008498013,0.867838153
LOC112050253,snRNA-activating protein complex subunit 1-like isoform X1,LOC112050253,498.8347506,-0.410348145,0.008502136,0.410348145
LOC112045655,NA,NA,148.8176679,1.037193923,0.00851614,-1.037193923
LOC112049212,putative GPI-anchored protein pfl2 isoform X2,CG17233,1861.052017,-0.202958392,0.008534223,0.202958392
LOC112055140,dynactin subunit 1,Dctn1,460.9658282,-0.483774517,0.00854154,0.483774517
LOC112055841,"serine--pyruvate aminotransferase, mitochondrial",Spat,3.888582623,5.53671625,0.008544052,-5.53671625
LOC112049587,zinc finger protein 91-like,CG6654,444.7631301,-0.363893382,0.008584953,0.363893382
LOC112056956,zinc finger C2HC domain-containing protein 1C,CG42675,839.7319165,-0.487219978,0.008584953,0.487219978
LOC112057892,myosin-IB isoform X1,Myo1B,1810.469044,0.762546556,0.008584953,-0.762546556
LOC112043238,kelch domain-containing protein 4,CG4069,672.9199426,0.273837329,0.008608497,-0.273837329
LOC112054712,tenascin-like isoform X2,LOC112054712,57.35005581,-2.678359116,0.008632779,2.678359116
LOC112058582,senecionine N-oxygenase,Fmo-1,5.309491702,-3.170376436,0.008632779,3.170376436
LOC112057843,uncharacterized protein LOC112057843,LOC112057843,3251.551879,-1.41492351,0.008677516,1.41492351
LOC112054068,WD repeat domain phosphoinositide-interacting protein 3,CG11975,240.7326623,-0.639794027,0.008690164,0.639794027
LOC112054711,tenascin-like isoform X1,LOC112054711,37.63392112,-2.895882776,0.008690164,2.895882776
LOC112052835,---NA---,ZBTB48,122.1284995,-0.740100424,0.008695645,0.740100424
LOC112050673,venom protease-like,CLIPD1,210.2663827,-1.290536421,0.008700973,1.290536421
LOC112050944,ubiquitin-associated domain-containing protein 1,LOC112050944,6.582778102,3.779620081,0.008711303,-3.779620081
LOC112054333,NA,NA,5.750252735,-3.794196334,0.008795548,3.794196334
LOC112045964,WD repeat-containing protein 7 isoform X1,Rbcn-3B,642.0304086,0.392803205,0.008853458,-0.392803205
LOC112052733,"39S ribosomal protein L21, mitochondrial",mRpL21,443.7603559,0.298101214,0.008874239,-0.298101214
LOC112056731,vanin-like protein 2 isoform X2,CG32751,6.184801922,-3.90475041,0.008876805,3.90475041
LOC112050745,phospholipase ABHD3,Hydr1,412.4054801,0.374250923,0.008889919,-0.374250923
LOC112052870,centromere-associated protein E-like isoform X1,mud,3505.824477,-2.55966648,0.008893312,2.55966648
LOC112051229,uncharacterized protein LOC112051229 isoform X6,LOC112051229,64.20860975,1.022996154,0.008896231,-1.022996154
LOC112056786,small integral membrane protein 20,LOC112056786,276.2983472,0.707370576,0.008902876,-0.707370576
LOC112056360,pancreatic lipase-related protein 2-like,CG7367,94.32921932,-0.940136605,0.008968122,0.940136605
LOC112043351,zinc finger protein 622,CG6769,675.9282423,0.434266576,0.008978944,-0.434266576
LOC112044454,sodium/hydrogen exchanger 9B2-like isoform X1,Nha1,123.7421842,0.640719659,0.008978944,-0.640719659
LOC112055545,"DNA topoisomerase I, mitochondrial isoform X1",Top1,5379.818585,-0.27924209,0.00901165,0.27924209
LOC112046519,potassium channel subfamily T member 2 isoform X2,SLO2,147.3662085,-1.913649971,0.009060259,1.913649971
LOC112044896,major facilitator superfamily domain-containing protein 6-like,CG15706,13.59607812,-1.608636886,0.009082119,1.608636886
LOC112052789,phospholipase D3-like isoform X1,Pld3,247.595037,-0.860343167,0.009082119,0.860343167
LOC112050597,PAN2-PAN3 deadenylation complex catalytic subunit PAN2,PAN2,1740.083921,-0.339344822,0.009099285,0.339344822
LOC112054859,putative Ras-related protein Rab-33,Rab8,73.84003109,-0.725124898,0.009144092,0.725124898
LOC112050190,uncharacterized protein LOC112050190,LOC112050190,89.13577365,1.558269742,0.009147597,-1.558269742
LOC112043317,uncharacterized protein LOC112043317,LOC112043317,509.0859241,-0.373904796,0.009169823,0.373904796
LOC112048862,THAP domain-containing protein 1 B-like,LOC112048862,519.8357686,-0.323528886,0.009170502,0.323528886
LOC112053544,piggyBac transposable element-derived protein 2-like,LOC112053544,15.24922857,-1.787781922,0.009211719,1.787781922
LOC112048311,mitoguardin,Miga,81.74239673,0.638987821,0.009220953,-0.638987821
LOC112058319,muscle-specific protein 20-like,Mp20,55.57002192,3.306941756,0.009294055,-3.306941756
LOC112045561,neuropeptide-like precursor 1,LOC112045561,3.538589478,-4.451184207,0.009337095,4.451184207
LOC112057319,hemicentin-1 isoform X1,CG45263,7.656351308,5.59164948,0.009337095,-5.59164948
LOC112045161,putative GPI-anchor transamidase,PIG-K,424.0323119,-0.504936658,0.009343059,0.504936658
LOC112056352,transcription elongation regulator 1 isoform X1,CG42724,249.3774901,-0.501837417,0.009370606,0.501837417
LOC112051664,ring-infected erythrocyte surface antigen-like,LOC112051664,7.941908802,-3.450859465,0.009371892,3.450859465
LOC112043299,decapping and exoribonuclease protein-like,LOC112043299,168.3772415,-1.023671956,0.009375091,1.023671956
LOC112046957,putative tick transposon,LOC112046957,2.651609976,4.962649188,0.009401303,-4.962649188
LOC112050747,"probable malonyl-CoA-acyl carrier protein transacylase, mitochondrial",beg,287.9850115,0.54016061,0.009431206,-0.54016061
LOC112047783,mitochondrial ribosome-associated GTPase 2,CG13390,258.5261861,0.416987286,0.009439665,-0.416987286
LOC112047021,Lysine-specific demethylase lid,lid,2228.957233,-0.294967881,0.009468376,0.294967881
LOC112051515,pupal cuticle protein 20-like,Cpr47Ef,4.41593934,4.719174857,0.009486457,-4.719174857
LOC112051326,hybrid signal transduction histidine kinase D-like,ReepA,673.1675053,-0.429075346,0.009488737,0.429075346
LOC112053360,transcription factor Dp-1 isoform X2,Dp,210.1730462,-0.499728509,0.009498162,0.499728509
LOC112050641,putative nuclease HARBI1,LOC112050641,141.1388352,-0.869090925,0.009517464,0.869090925
LOC112046808,Bloom syndrome protein homolog,Blm,724.188145,-0.577259482,0.009586093,0.577259482
LOC112044023,sin3 histone deacetylase corepressor complex component SDS3,CG14220,313.499299,-0.454904049,0.009599957,0.454904049
LOC112052087,zinc finger protein 37-like,LOC112052087,531.550448,-0.849388992,0.009620397,0.849388992
LOC112057795,golgin-45,CG9356,273.8305048,0.397956909,0.009621255,-0.397956909
LOC112053104,protein msta-like isoform X2,SmydA-4,28.41644024,2.80232458,0.009660933,-2.80232458
LOC112048930,aldo-keto reductase AKR2E4-like,CG10638,4.075315166,4.569639385,0.009701549,-4.569639385
LOC112049171,nitric oxide-associated protein 1,CG10914,291.9734709,0.415276812,0.009723036,-0.415276812
LOC112053798,INO80 complex subunit E,CG18004,408.7392145,-0.500310704,0.009737964,0.500310704
LOC112054616,NA,NA,40.89958795,1.285797,0.009746223,-1.285797
LOC112051242,potassium voltage-gated channel subfamily KQT member 1 isoform X1,KCNQ,24.67064445,-1.74962263,0.009746672,1.74962263
LOC112058230,"L-threonine 3-dehydrogenase, mitochondrial",CG5955,3.699885936,-4.54102971,0.009750846,4.54102971
LOC112050668,cysteine sulfinic acid decarboxylase,CG5618,162.4397469,-0.876913575,0.009804636,0.876913575
LOC112046744,cap-specific mRNA (nucleoside-2'-O-)-methyltransferase 2,aft,660.5490039,-0.635138482,0.00981493,0.635138482
LOC112053946,ethanolamine kinase,eas,250.1560974,0.487391934,0.009922945,-0.487391934
LOC112055333,cerebellar degeneration-related protein 2 isoform X1,Cen,2649.893947,0.781261348,0.009925189,-0.781261348
LOC112051526,TELO2-interacting protein 1 homolog,CG16908,497.5184201,-0.6104815,0.009929651,0.6104815
LOC112047714,uncharacterized protein LOC112047714,LOC112047714,100.9026007,-1.184860376,0.009939085,1.184860376
LOC112052187,uncharacterized protein LOC112052187 isoform X3,CG42404,203.5274298,-0.43409903,0.009977904,0.43409903
LOC112053197,F-box only protein 9,CG5961,673.3703295,0.36719458,0.009977904,-0.36719458
LOC112057359,dosage compensation regulator isoform X1,mle,144.9750287,-0.525420484,0.009993147,0.525420484
LOC112051355,ATP-dependent RNA helicase dbp2-like isoform X2,CG10077,4155.582316,-0.45412425,0.010038631,0.45412425
LOC112044461,RNA-binding protein with serine-rich domain 1-A-like isoform X2,RnpS1,2379.693365,-0.399424786,0.010057636,0.399424786
LOC112048177,uncharacterized protein LOC112048177,LOC112048177,12.08804371,3.813438059,0.010057636,-3.813438059
LOC112049648,sodium/bile acid cotransporter 7-like isoform X1,LOC112049648,90.0064645,-0.952078384,0.010057636,0.952078384
LOC112046872,delta and Notch-like epidermal growth factor-related receptor isoform X1,wry,32.85351262,1.505140629,0.010070755,-1.505140629
LOC112052851,peptidyl-prolyl cis-trans isomerase-like,Cyp1,21679.04958,0.287785746,0.010077281,-0.287785746
LOC112047333,uracil phosphoribosyltransferase homolog,kri,377.0229272,-0.435573802,0.01008981,0.435573802
LOC112049636,uncharacterized protein LOC112049636,LOC112049636,8.576602088,-1.975811875,0.010114415,1.975811875
LOC112043643,sex determination protein fruitless isoform X4,fru,315.3842303,-0.4216171,0.010135627,0.4216171
LOC112051102,CDK5 and ABL1 enzyme substrate 2 isoform X1,CG6191,115.3241615,-0.610706295,0.01017873,0.610706295
LOC112043593,cytoplasmic polyadenylation element-binding protein 1-B isoform X1,orb,55.54180341,-0.785762379,0.010208484,0.785762379
LOC112050222,glycine N-methyltransferase,Gnmt,38.36013944,1.570088318,0.010237433,-1.570088318
LOC112055862,conserved oligomeric Golgi complex subunit 1,LOC112055862,231.1459062,1.625222897,0.010246859,-1.625222897
LOC112058513,UBX domain-containing protein 1,CG8209,1162.788631,-0.371584018,0.010260948,0.371584018
LOC112053234,la-related protein 7,Larp7,536.9424449,-0.403947456,0.010276525,0.403947456
LOC112045934,KAT8 regulatory NSL complex subunit 2 isoform X2,dgt1,761.8595803,-0.249578954,0.010293243,0.249578954
LOC112051269,putative histone methyltransferase complex subunit ash2,CG10435,692.3818117,0.556534267,0.010326918,-0.556534267
LOC112045255,peptidyl-prolyl cis-trans isomerase sig-7,CG5808,640.1138763,-0.494431186,0.010327989,0.494431186
LOC112052514,NA,NA,8.224663472,2.591838086,0.010327989,-2.591838086
LOC112050925,protein jim lovell,lov,6.090741742,-3.363313628,0.010380796,3.363313628
LOC112055923,probable serine/threonine-protein kinase DDB_G0282963,CG42324,535.0508575,-0.371019939,0.010385701,0.371019939
LOC112048222,cdc42 homolog,Cdc42,3821.564987,0.211983764,0.010456567,-0.211983764
LOC112044365,autophagy-related protein 2 homolog A,Atg2,1343.675832,-0.199046865,0.010463039,0.199046865
LOC112048427,fatty acid synthase-like,FASN3,31.55082706,1.882819823,0.010463039,-1.882819823
LOC112051073,reticulocyte-binding protein PFD0110w-like,LOC112051073,507.0151306,0.445062131,0.010470764,-0.445062131
LOC112043393,myosuppressin-like isoform X2,LOC112043393,50.81989023,2.875557222,0.01051426,-2.875557222
LOC112048128,TBC1 domain family member 16,TBC1D16,16.80117631,-1.885963665,0.010520701,1.885963665
LOC112051678,glucose-6-phosphatase 2,LOC112051678,68.82212781,-1.025378675,0.01052632,1.025378675
LOC112051412,Retrovirus-related Pol polyprotein from transposon opus,LOC112051412,18.98039196,3.262863238,0.0105349,-3.262863238
LOC112049040,solute carrier family 35 member F5,CG8195,283.8326004,-0.338651526,0.010557956,0.338651526
LOC112053177,gastrula zinc finger protein XlCGF57.1-like,LOC112053177,118.4984932,-0.573489607,0.010558865,0.573489607
LOC112044736,zinc finger homeobox protein 3 isoform X1,LOC112044736,49.88600635,-1.150053046,0.010588435,1.150053046
LOC112047484,"beta-1,3-galactosyltransferase 5-like",CG3038,783.4550849,-0.434724607,0.010600633,0.434724607
LOC112043418,"cytochrome c oxidase assembly protein COX11, mitochondrial",CG31648,254.7683568,0.400390561,0.010625585,-0.400390561
LOC112058158,bifunctional heparan sulfate N-deacetylase/N-sulfotransferase,sfl,525.7054878,0.477281903,0.010625585,-0.477281903
LOC112052179,uncharacterized protein LOC112052179,CG4404,34.07090913,-1.174238288,0.010645752,1.174238288
LOC112049351,enhancer of mRNA-decapping protein 4,Ge-1,615.8434266,-0.460494869,0.010645956,0.460494869
LOC112049046,NA,NA,54.11712251,2.507947346,0.010646802,-2.507947346
LOC112052995,proteasome subunit beta type-4,Prosbeta7,3612.718377,0.341849872,0.010679459,-0.341849872
LOC112050020,probable chitinase 2,Cht2,281.9891708,-1.30477742,0.010681494,1.30477742
LOC112048131,exchange factor for Arf-6 isoform X2,Efa6,532.3170016,-0.490666294,0.010718018,0.490666294
LOC112055131,NA,NA,3225.399353,0.343631681,0.010726257,-0.343631681
LOC112043185,"dynein heavy chain 2, axonemal",kl-2,8.853168637,4.198067771,0.010752997,-4.198067771
LOC112049911,uncharacterized protein LOC112049911,LOC112049911,27.75341538,2.322505599,0.010764364,-2.322505599
LOC112053854,zinc finger CCHC domain-containing protein 10,CG5516,479.5351361,-0.457450343,0.010765215,0.457450343
LOC112048679,large neutral amino acids transporter small subunit 2,JhI-21,492.0368405,1.167766776,0.01077987,-1.167766776
LOC112049578,protein abrupt-like isoform X1,CG32121,247.5288724,-0.866652312,0.010796534,0.866652312
LOC112044696,serine protease snake-like,Hayan,555.5585782,1.246289371,0.010818678,-1.246289371
LOC112042810,protein lethal(2)k10201,l(2)k10201,163.8525635,-0.833172143,0.0108628,0.833172143
LOC112050769,DDB1- and CUL4-associated factor 10 homolog,LOC112050769,40.86122166,1.064061034,0.0108628,-1.064061034
LOC112055400,uncharacterized protein LOC112055400,LOC112055400,252.1351604,-0.423716844,0.010879247,0.423716844
LOC112055832,probable nuclear transport factor 2 isoform X2,Ntf-2,3243.368079,0.288941912,0.010879247,-0.288941912
LOC112055649,"acyl-CoA dehydrogenase family member 9, mitochondrial",LOC112055649,174.6253509,0.424501133,0.010881958,-0.424501133
LOC112045156,CREB-regulated transcription coactivator 3 isoform X1,Crtc,252.9753427,0.427686434,0.01088928,-0.427686434
LOC112046150,ruvB-like 2,rept,1273.641736,-0.58524862,0.01088928,0.58524862
LOC112053593,Cytochrome P450,Cyp9f2,11.16763987,2.209763742,0.010897077,-2.209763742
LOC112056629,zinc finger protein 737-like,LOC112056629,322.7245193,-0.699464349,0.010906925,0.699464349
LOC112044966,cuticle protein 16.5-like,LOC112044966,376.4586219,3.018926052,0.010916384,-3.018926052
LOC112046082,transcription factor MafK,maf-S,568.5188185,0.467092442,0.010916384,-0.467092442
LOC112050231,uncharacterized protein LOC112050231 isoform X3,LOC112050231,841.7999722,-0.300475058,0.010917954,0.300475058
LOC112056616,small G protein signaling modulator 2-like isoform X1,tbc,7.340603232,-2.403189932,0.010960207,2.403189932
LOC112047579,NCK-interacting protein with SH3 domain,CG2258,101.8201235,-1.075871221,0.010981751,1.075871221
LOC112048141,uncharacterized protein LOC112048141,LOC112048141,3.050767451,-5.046456507,0.011045008,5.046456507
LOC112053783,NA,NA,3458.873136,-0.188848491,0.011070982,0.188848491
LOC112046206,uncharacterized protein LOC112046206,LOC112046206,262.321603,0.487842256,0.011121952,-0.487842256
LOC112054283,STE20/SPS1-related proline-alanine-rich protein kinase,fray,1455.384425,-0.299794065,0.011125937,0.299794065
LOC112043888,histidine-rich glycoprotein-like,LOC112043888,3.681587864,4.480194793,0.011163294,-4.480194793
LOC112042963,angiotensin-converting enzyme-like isoform X1,Ance-3,11.04996011,-1.807397103,0.011203169,1.807397103
LOC112053371,solute carrier family 25 member 38-A-like isoform X1,CG1907,337.5857074,0.529550635,0.011224672,-0.529550635
LOC112057099,microtubule-associated protein 1A isoform X2,Ude,27.21788274,1.818546105,0.011227664,-1.818546105
LOC112055799,non-structural protein 1,LOC112055799,89.45807668,-1.191343446,0.011233305,1.191343446
LOC112052496,alpha-tocopherol transfer protein-like,CG2663,3.761757948,4.445228575,0.011289759,-4.445228575
LOC112043588,protein vestigial,vg,2359.349174,-0.284228936,0.011304653,0.284228936
LOC112044204,kinesin-like protein KIF13B,kinesin-3A,4194.26175,-0.369527862,0.011308343,0.369527862
LOC112051399,guanine nucleotide-binding protein G(I)/G(S)/G(T) subunit beta-1,Gbeta13F,7844.782905,-0.182202726,0.011321163,0.182202726
LOC112053338,uncharacterized protein LOC112053338,sha,30.66426333,2.057404859,0.011334588,-2.057404859
LOC112050629,"frataxin homolog, mitochondrial",fh,114.1383859,0.792541962,0.011373996,-0.792541962
LOC112054618,zinc finger protein 260-like isoform X2,LOC112054618,198.3843176,-0.579939676,0.011480945,0.579939676
LOC112050604,NA,NA,225.2289392,0.424268881,0.011497932,-0.424268881
LOC112056949,gametocyte-specific factor 1-like,LOC112056949,253.4255161,0.462581139,0.011500802,-0.462581139
LOC112045763,uncharacterized protein ZK1073.1 isoform X4,CG2082,22.59160778,-1.947892866,0.011519285,1.947892866
LOC112050058,neuroguidin,CG11030,383.0274919,-0.331684087,0.011544196,0.331684087
LOC112050509,histone H2A deubiquitinase MYSM1-like,LOC112050509,441.7697823,-0.330926021,0.011561895,0.330926021
LOC112056709,serine protease easter-like,MP1,50.5583556,-1.257239482,0.011562417,1.257239482
LOC112055559,phosphorylated CTD-interacting factor 1,CG11399,266.4052338,-0.527681367,0.011579488,0.527681367
LOC112051275,chondroitin sulfate synthase 1,Chsy,330.659321,0.725839984,0.011586515,-0.725839984
LOC112046436,bilin-binding protein-like,LOC112046436,15.56070423,3.994596074,0.011598052,-3.994596074
LOC112043784,serine protease inhibitor 2.1-like,Spn42Da,1101.226641,-0.337499857,0.011599515,0.337499857
LOC112045070,serine/threonine-protein kinase DDB_G0283821,ko,1376.567675,0.684960256,0.011651016,-0.684960256
LOC112047879,homer protein homolog 2,homer,414.3776316,0.639099664,0.011651016,-0.639099664
LOC112045993,testis-specific serine/threonine-protein kinase 1-like isoform X1,CG14305,146.964719,-0.496329531,0.011665251,0.496329531
LOC112057139,NA,NA,27062.04814,0.439836339,0.011665251,-0.439836339
LOC112057430,protein LSM14 homolog B-A,tral,92.04295399,10.07688064,0.011668481,-10.07688064
LOC112045537,uncharacterized protein LOC112045537 isoform X2,LOC112045537,678.092823,-0.993292062,0.011711994,0.993292062
LOC112054102,probable 28S rRNA (cytosine-C(5))-methyltransferase,Nsun5,1011.061957,0.493436657,0.011771476,-0.493436657
LOC112057121,guanine nucleotide-binding protein G(s) subunit alpha,Galphas,173.3399768,0.764395726,0.011772619,-0.764395726
LOC112043793,prominin-like protein isoform X2,LOC112043793,560.3118656,-0.342926269,0.011781756,0.342926269
LOC112047889,"beta-1,3-glucan-binding protein-like",GNBP1,57.38369229,-1.532401253,0.011832014,1.532401253
LOC112058504,UDP-glucuronosyltransferase 2B1-like,Ugt36F1,9.983574672,2.55552904,0.011861695,-2.55552904
LOC112044007,reverse transcriptase,LOC112044007,16.62099348,2.48818608,0.011866184,-2.48818608
LOC112046416,N-acetylneuraminate lyase-like,LOC112046416,5.338397434,2.985546837,0.011946342,-2.985546837
LOC112054572,26S proteasome regulatory subunit 6A-B,Tbp-1,3982.927159,0.376069675,0.011958268,-0.376069675
LOC112047925,phosphopantothenate--cysteine ligase,Ppcs,250.6128041,0.465204884,0.011964687,-0.465204884
LOC112054045,villin-like protein quail isoform X1,qua,58.24928753,2.127913129,0.011964801,-2.127913129
LOC112045726,uncharacterized protein LOC112045726 isoform X2,CG43780,371.6695883,-0.355611407,0.011988984,0.355611407
LOC112043454,geranylgeranyl pyrophosphate synthase-like isoform X1,qm,3.51539247,-4.450594281,0.012015702,4.450594281
LOC112048233,UNC93-like protein,CG2121,31.9364221,2.565891759,0.012036605,-2.565891759
LOC112050730,transmembrane protein 147,CG5861,1247.831502,0.309381973,0.012118249,-0.309381973
LOC112044951,epimerase family protein SDR39U1,CG8768,131.1971042,0.724132797,0.012152805,-0.724132797
LOC112054940,stress-activated map kinase-interacting protein 1,Sin1,384.5886633,-0.422301154,0.012160189,0.422301154
LOC112056253,protein O-GlcNAcase,Oga,229.7058548,-0.595135919,0.012167435,0.595135919
LOC112044880,COP9 signalosome complex subunit 8,CSN8,721.083907,0.341597702,0.012182062,-0.341597702
LOC112049615,vacuolar protein sorting-associated protein 16 homolog,Vps16A,412.0041498,-0.400744719,0.012182062,0.400744719
LOC112052077,facilitated trehalose transporter Tret1-like isoform X1,CG4797,60.46634981,1.23321247,0.012182062,-1.23321247
LOC112057590,NA,NA,15.75443354,-3.350212415,0.012194633,3.350212415
LOC112054969,uncharacterized protein LOC112054969,LOC112054969,3.590476904,4.416685428,0.012222834,-4.416685428
LOC112046225,THO complex subunit 4,Ref1,3050.251661,-0.370946233,0.012244329,0.370946233
LOC112051815,HEAT repeat-containing protein 6,CG16989,903.7249096,0.461855833,0.012264952,-0.461855833
LOC112043134,ethanolamine-phosphate cytidylyltransferase isoform X1,Pect,131.763202,1.013301314,0.012286378,-1.013301314
LOC112053022,sulfhydryl oxidase 1-like isoform X1,Qsox1,654.4647728,0.647079782,0.012299207,-0.647079782
LOC112055262,nucleolar protein dao-5 isoform X1,LOC112055262,11750.67752,0.416196728,0.012319777,-0.416196728
LOC112053227,solute carrier family 22 member 3-like,CG8654,14.83951389,7.463849039,0.012320546,-7.463849039
LOC112049549,zinc finger protein 708-like,LOC112049549,357.8433259,-0.535925637,0.012386583,0.535925637
LOC112053294,E3 ubiquitin-protein ligase Ubr3,Ubr3,783.3799513,-0.612536032,0.012440751,0.612536032
LOC112057619,Endonuclease-reverse transcriptase,LOC112057619,5.553148759,6.040793557,0.01245115,-6.040793557
LOC112046072,bromodomain-containing protein 4-like isoform X1,LOC112046072,497.2559082,-0.629692224,0.012451785,0.629692224
LOC112046373,ribose-phosphate pyrophosphokinase 2-like,Prps,13.34793457,2.495595767,0.012468511,-2.495595767
LOC112054777,hyaluronidase PH-20-like isoform X1,LOC112054777,182.5369924,1.55146305,0.012493609,-1.55146305
LOC112044593,tudor and KH domain-containing protein homolog isoform X1,papi,247.819287,-0.701795884,0.012559507,0.701795884
LOC112052411,dosage compensation regulator isoform X1,mle,1604.861019,-0.50423356,0.012559507,0.50423356
LOC112047806,dnaJ homolog subfamily A member 1,Droj2,681.9224099,-0.23043078,0.012603464,0.23043078
LOC112048846,dedicator of cytokinesis protein 3,spg,260.5971551,-0.734606141,0.012683475,0.734606141
LOC112050691,Protein artemis,LOC112050691,67.53520408,-0.800299503,0.012713342,0.800299503
LOC112055443,NA,NA,58.23132807,-1.076993158,0.012713354,1.076993158
LOC112052890,DNA helicase MCM8-like,dpa,425.8767626,-0.421853938,0.012720716,0.421853938
LOC112057404,transmembrane 9 superfamily member 2,TM9SF2,257.7685173,-0.800905856,0.012720716,0.800905856
LOC112046165,protein suppressor of hairy wing-like,LOC112046165,428.4447623,-0.54317174,0.012747829,0.54317174
LOC112052068,transducin beta-like protein 3,CG1671,826.3631605,0.406532059,0.012753992,-0.406532059
LOC112052216,pyrimidodiazepine synthase-like,GstO2,54.82670483,1.469815446,0.012753992,-1.469815446
LOC112045587,protein gooseberry isoform X1,gsb,2.369329029,4.806028382,0.012820485,-4.806028382
LOC112056125,segmentation protein cap'n'collar-like,LOC112056125,103.488098,0.627719888,0.012820485,-0.627719888
LOC112057531,PAX-interacting protein 1,Ptip,28.98464696,-0.962819473,0.012820485,0.962819473
LOC112051657,NA,NA,203.6562069,0.492061475,0.012838975,-0.492061475
LOC112048164,uncharacterized protein LOC112048164 isoform X2,CG42240,731.0331107,-1.06305446,0.013059333,1.06305446
LOC112049711,NA,NA,40.21929126,1.359730152,0.013076758,-1.359730152
LOC112051200,uncharacterized protein LOC112051200,LOC112051200,423.3025729,-0.527236109,0.013076758,0.527236109
LOC112049003,UHRF1-binding protein 1-like isoform X1,CG34126,917.3259732,-0.363409756,0.013160376,0.363409756
LOC112058316,mitogen-activated protein kinase kinase kinase 15 isoform X1,Ask1,569.1061866,-0.30255619,0.013177323,0.30255619
LOC112045940,unconventional myosin-Va,Myo5,191.0371387,1.063226287,0.013195199,-1.063226287
LOC112052226,uncharacterized monothiol glutaredoxin ycf64-like,CG14407,223.3964573,0.751165908,0.013217744,-0.751165908
LOC112053819,proteasomal ATPase-associated factor 1,LOC112053819,668.5193283,-0.343545909,0.013244287,0.343545909
LOC112049060,Down syndrome cell adhesion molecule-like protein Dscam2,Dscam3,35.80971488,1.05268329,0.013267628,-1.05268329
LOC112055156,uncharacterized protein LOC112055156,LOC112055156,312.9714778,-0.434559316,0.013282217,0.434559316
LOC112046196,cap-specific mRNA (nucleoside-2'-O-)-methyltransferase 1,CG6379,1015.926051,0.437058228,0.013301882,-0.437058228
LOC112053858,3-hydroxyacyl-CoA dehydrogenase type-2-like,scu,301.1808008,0.368537802,0.013301882,-0.368537802
LOC112056884,vinculin,Vinc,13.52624131,7.327766191,0.013316747,-7.327766191
LOC112047508,secretion-regulating guanine nucleotide exchange factor,Herc4,248.7291013,0.456870342,0.013316807,-0.456870342
LOC112047324,"phosphatidate cytidylyltransferase, mitochondrial",CG33331,82.11333387,0.631421938,0.013395457,-0.631421938
LOC112047878,"39S ribosomal protein L52, mitochondrial",mRpL52,264.8958767,0.533969772,0.013395693,-0.533969772
LOC112055553,JmjC domain-containing protein 4,JMJD4,233.1862403,-0.524102062,0.013395693,0.524102062
LOC112056039,myofilin isoform X7,Mf,22.97131046,3.948806877,0.013401828,-3.948806877
LOC112046170,monocarboxylate transporter 13 isoform X2,hrm,1278.906612,0.55453174,0.013461788,-0.55453174
LOC112047460,probable G-protein coupled receptor Mth-like 3,GPRMTH5,15.02956303,-1.676339686,0.013469711,1.676339686
LOC112058114,putative leucine-rich repeat-containing protein DDB_G0290503,LOC112058114,4.326440052,5.679305827,0.013477326,-5.679305827
LOC112053352,sodium leak channel non-selective protein,na,329.1556859,-0.372468985,0.013480001,0.372468985
LOC112053425,uncharacterized protein LOC112053425 isoform X1,LOC112053425,148.0805632,-0.56615889,0.01349898,0.56615889
LOC112043461,Disintegrin and metalloproteinase domain-containing protein 10,Kul,1089.23556,0.422519325,0.013510678,-0.422519325
LOC112055547,ATPase WRNIP1-like,LOC112055547,255.7196704,0.529550706,0.013516801,-0.529550706
LOC112043286,OWR42161.1 Bm8 interacting protein 2d-2,LOC112043286,529.3783294,1.041760991,0.013536088,-1.041760991
LOC112053903,"dystrophin, isoforms A/C/F/G/H-like",Dys,2867.930281,0.595486753,0.013536088,-0.595486753
LOC112044086,U5 small nuclear ribonucleoprotein 40 kDa protein,CG3436,668.5638315,-0.383243604,0.013547953,0.383243604
LOC112046895,NA,NA,37.24691912,-0.999267804,0.013573793,0.999267804
LOC112054103,UDP-glucuronosyltransferase 2B15-like,Ugt37b1,30.38303335,-2.097130851,0.013587192,2.097130851
LOC112045423,serine/threonine-protein phosphatase 2A 55 kDa regulatory subunit B alpha isoform isoform X1,tws,531.7145237,-0.473084547,0.013594627,0.473084547
LOC112048896,maestro heat-like repeat-containing protein family member 1,c11.1,739.2820893,0.483184735,0.013605494,-0.483184735
LOC112051602,U6 snRNA-associated Sm-like protein LSm8,CG2021,272.7218321,-0.496789915,0.01362815,0.496789915
LOC112048476,spindle assembly checkpoint component MAD1-like,LOC112048476,220.2522167,-0.460542568,0.013629456,0.460542568
LOC112047563,neuroglobin-like,LOC112047563,34.72154434,1.182177811,0.013634832,-1.182177811
LOC112045208,tRNA (guanine(37)-N1)-methyltransferase,CG32281,68.0923108,0.730476467,0.013653642,-0.730476467
LOC112051701,NA,NA,707.5008806,-0.311945277,0.013706294,0.311945277
LOC112049969,"protein tramtrack, beta isoform isoform X28",mod(mdg4),17226.67144,-0.290343923,0.013754425,0.290343923
LOC112050739,integrator complex subunit 9,IntS9,638.4362518,-0.299586603,0.013802454,0.299586603
LOC112056142,transcription elongation regulator 1-like isoform X2,CG42724,460.343823,-0.758456115,0.013880651,0.758456115
LOC112050985,uncharacterized protein LOC112050985,LOC112050985,20.89328753,-3.370659238,0.013929329,3.370659238
LOC112053739,OWR40674.1 C3 and PZP alpha-2-macroglobulin domain-containing protein 8,CG44250,352.7175075,0.543021628,0.013956961,-0.543021628
LOC112044750,"tyrosine--tRNA ligase, mitochondrial",TyrRS-m,327.7008607,0.467364254,0.01396108,-0.467364254
LOC112057140,NA,NA,20442.84515,-0.602586445,0.013964851,0.602586445
LOC112043494,photoreceptor outer segment membrane glycoprotein 2-like,LOC112043494,5.054324753,4.920907337,0.013970032,-4.920907337
LOC112043665,NF-kappa-B inhibitor cactus,cact,311.779837,0.449495018,0.014088932,-0.449495018
LOC112047258,hemicentin-1 isoform X1,CG45263,118.4798858,0.862797362,0.014088932,-0.862797362
LOC112050848,nucleoside diphosphate-linked moiety X motif 8-like,CG11095,83.54420769,0.759691526,0.014092344,-0.759691526
LOC112058246,protein Dok-7-like,LOC112058246,20.68374136,-1.535296014,0.014108389,1.535296014
LOC112056776,zinc finger protein 37-like,LOC112056776,326.9553045,-0.758973504,0.014171054,0.758973504
LOC112056097,uncharacterized protein LOC112056097,LOC112056097,2.855500571,5.14614753,0.014176124,-5.14614753
LOC112044733,neurabin-1 isoform X7,Spn,516.7527713,-0.3641794,0.014203338,0.3641794
LOC112047014,chymotrypsin-like elastase family member 2A,tpr,48.54196469,1.2740912,0.014208829,-1.2740912
LOC112054743,protein C12orf4 homolog,CG9986,299.9540784,-0.409765808,0.014209216,0.409765808
LOC112053623,ubiquitin-protein ligase E3A,Ube3a,3130.10173,0.236717335,0.014216769,-0.236717335
LOC112052536,piggyBac transposable element-derived protein 4 isoform X3,PGBD4,423.020024,-0.532630865,0.014222385,0.532630865
LOC112057539,SET domain-containing protein SmydA-8-like,SmydA-4,4.561096538,-4.066562054,0.014234458,4.066562054
LOC112052467,selenoprotein F,CG7484,915.1485464,0.374604466,0.014245878,-0.374604466
LOC112054281,Zinc finger DNA binding protein,LOC112054281,4.530826806,-4.072925611,0.014269852,4.072925611
LOC112050515,"39S ribosomal protein L12, mitochondrial",mRpL12,708.2239911,0.46472868,0.014275287,-0.46472868
LOC112050216,E3 ubiquitin-protein ligase TM129,LOC112050216,107.5630043,-0.645117865,0.01430531,0.645117865
LOC112049015,chemosensory protein-14,EbpIII,4.323708209,-4.000300868,0.014331527,4.000300868
LOC112044664,integral membrane protein GPR180-like,CG9304,183.5964072,0.483216707,0.014350961,-0.483216707
LOC112049995,trichoplein keratin filament-binding protein-like,LOC112049995,298.3072434,-0.96997862,0.014373079,0.96997862
LOC112045000,uncharacterized LOC106126867 precursor,CG6329,15.60743961,1.799148281,0.01438135,-1.799148281
LOC112045361,arginyl-tRNA--protein transferase 1,Ate1,277.3875012,-0.381506041,0.014404434,0.381506041
LOC112046667,26S proteasome non-ATPase regulatory subunit 6,Rpn7,3344.749417,0.280707361,0.014419458,-0.280707361
LOC112051764,palmitoyl-protein thioesterase 1,Ppt1,619.3591467,-0.651769838,0.014419458,0.651769838
LOC112053654,ceramide synthase 5-like,schlank,514.2350783,-0.423722996,0.014435521,0.423722996
LOC112044525,homeobox protein SIX6-like,Optix,65.10981174,-0.972519719,0.014453226,0.972519719
LOC112042806,ectonucleoside triphosphate diphosphohydrolase 5 isoform X2,NTPase,625.5754322,0.794910658,0.014493506,-0.794910658
LOC112056903,protein SREK1IP1-like,CG3918,234.734851,0.640965726,0.014511881,-0.640965726
LOC112057823,kelch-like protein diablo,dbo,1436.556382,0.242778485,0.014550438,-0.242778485
LOC112044904,uncharacterized protein LOC112044904,LOC112044904,12.99852985,2.601741938,0.014564182,-2.601741938
LOC112044909,cuticle protein 16.5-like,LOC112044909,14.42506921,-3.552513074,0.014564182,3.552513074
LOC112056850,mitoferrin-like isoform X2,mfrn,156.4915402,0.584523452,0.014655781,-0.584523452
LOC112056348,THAP domain-containing protein 2-like,LOC112056348,139.0874887,-0.705678328,0.014710551,0.705678328
LOC112043302,p23-like protein,LOC112043302,451.2880662,-0.384415217,0.014800104,0.384415217
LOC112054817,uncharacterized protein LOC112054817,LOC112054817,18.42820349,-1.992208994,0.014800104,1.992208994
LOC112045677,NA,NA,160.7562477,-0.865000042,0.014825619,0.865000042
LOC112051647,xylosyltransferase oxt,oxt,1433.380954,-0.29900836,0.014845319,0.29900836
LOC112051223,ATM interactor,LOC112051223,95.84990286,-0.55733043,0.014860575,0.55733043
LOC112048372,sentrin-specific protease 1-like,CG32110,58.50511795,-0.731983299,0.014884778,0.731983299
LOC112050644,craniofacial development protein 2-like,LOC112050644,36.26821158,-1.102686007,0.014912709,1.102686007
LOC112057646,BMP-binding endothelial regulator protein,cv-2,98.6310197,0.868671501,0.014948554,-0.868671501
LOC112051646,UBA-like domain-containing protein 1,LOC112051646,446.8269308,-0.309312604,0.015006524,0.309312604
LOC112058063,ionotropic receptor 93a,Ir93a,7.766572645,2.296344474,0.015027979,-2.296344474
LOC112046076,WD repeat-containing protein 43,CG30349,1606.328197,0.39866957,0.015055456,-0.39866957
LOC112047147,Protein lap4,scrib,132.537861,0.787278181,0.015118303,-0.787278181
LOC112051279,zinc finger RNA-binding protein isoform X1,Zn72D,9001.319867,-0.177956874,0.015118303,0.177956874
LOC112056473,developmentally-regulated GTP-binding protein 2,CG6195,1053.654036,0.388971599,0.015196484,-0.388971599
LOC112051485,gamma-tubulin complex component 2-like isoform X1,Grip84,543.9326525,-0.505960049,0.015197991,0.505960049
LOC112051106,protein catecholamines up,Catsup,2652.682666,0.378324046,0.015219028,-0.378324046
LOC112055044,FK506-binding protein 5 isoform X4,l(2)01289,26.26352484,2.063686061,0.015230909,-2.063686061
LOC112049495,zinc finger protein 436-like isoform X1,LOC112049495,190.1884865,-0.612819566,0.015244816,0.612819566
LOC112054798,uncharacterized protein LOC112054798 isoform X2,LOC112054798,687.4629365,-0.266014594,0.015246949,0.266014594
LOC112052533,uncharacterized protein LOC112052533,LOC112052533,98.86125403,1.021465343,0.015249829,-1.021465343
LOC112049997,gephyrin,cin,154.1670716,0.522094426,0.01525647,-0.522094426
LOC112047082,protein pelota,pelo,1290.833231,0.327893555,0.015314005,-0.327893555
LOC112043467,NA,NA,16.59652602,2.577993527,0.015381821,-2.577993527
LOC112048852,zinc finger protein Xfin-like,LOC112048852,441.4571227,-0.398993459,0.015388637,0.398993459
LOC112056229,elongator complex protein 4,CG6907,89.1961102,0.853946346,0.015405969,-0.853946346
LOC112056609,coronin-7 isoform X1,pod1,22.35821185,-1.462260987,0.015412774,1.462260987
LOC112046791,germinal-center associated nuclear protein,LOC112046791,236.4585862,-0.602453067,0.015436946,0.602453067
LOC112053600,OWR43359.1 putative Juvenile hormone-inducible protein,CG13813,515.797704,0.904299653,0.015439555,-0.904299653
LOC112047917,putative transporter svop-1,CG3690,2.867375655,-4.973015706,0.015506407,4.973015706
LOC112050794,zinc finger protein 436-like isoform X1,LOC112050794,100.7029732,-0.535833418,0.01552447,0.535833418
LOC112048723,protein SPT2 homolog,LOC112048723,143.6715118,-0.856223743,0.015526157,0.856223743
LOC112046905,nuclear pore complex protein DDB_G0274915-like isoform X1,WDSP,319.4855821,-1.956928221,0.015548552,1.956928221
LOC112045475,receptor expression-enhancing protein 5 isoform X2,ReepB,7427.804233,-0.342983164,0.015573892,0.342983164
LOC112049043,RNA cytidine acetyltransferase,l(1)G0020,1118.738328,0.45883944,0.015597052,-0.45883944
LOC112048940,low-density lipoprotein receptor-related protein 6,arr,1399.11765,-0.291809309,0.015607079,0.291809309
LOC112055993,myb-like protein X,LOC112055993,62.81349089,-1.796582749,0.015627286,1.796582749
LOC112054349,"methionine--tRNA ligase, cytoplasmic isoform X1",MetRS,524.5608087,0.621646562,0.015694749,-0.621646562
LOC112046528,long-chain-fatty-acid--CoA ligase 5 isoform X2,CG3961,2875.682642,0.593486861,0.01571273,-0.593486861
LOC112055247,"alpha-1,3-mannosyl-glycoprotein 2-beta-N-acetylglucosaminyltransferase",Mgat1,217.8509602,-0.533033725,0.015719038,0.533033725
LOC112053463,ras-related protein Rab-9B,Rab9,255.0381585,-0.610423944,0.015749736,0.610423944
LOC112058070,Transposon Ty3-I Gag-Pol polyprotein,LOC112058070,1887.969044,0.888476291,0.015749889,-0.888476291
LOC112044713,striatin-3 isoform X2,Cka,3044.911597,-0.223546171,0.0157719,0.223546171
LOC112055220,general transcription factor IIH subunit 5,Tfb5,1144.963952,-0.374496715,0.015781438,0.374496715
LOC112052992,metaxin-2-like isoform X1,CG8004,757.8165131,0.452950794,0.015795145,-0.452950794
LOC112044047,carbonyl reductase [NADPH] 3-like,CG11200,187.7534274,1.022173163,0.015859434,-1.022173163
LOC112045675,uncharacterized protein LOC112045675 isoform X1,LOC112045675,246.2788096,-0.43530613,0.015862421,0.43530613
LOC112045067,calreticulin,Crc,22255.46918,-0.392734848,0.015868424,0.392734848
LOC112043776,uncharacterized protein LOC112043776 isoform X1,CG6972,531.9416222,0.417373721,0.015899396,-0.417373721
LOC112052952,"acyl-CoA dehydrogenase family member 9, mitochondrial",Egm,264.9858918,0.370692041,0.01592843,-0.370692041
LOC112051414,NA,NA,8.900849354,2.684225,0.015959792,-2.684225
LOC112045937,uncharacterized protein LOC112045937,CG46319,147.0313835,0.880103708,0.015962169,-0.880103708
LOC112043208,"Dynein heavy chain 2, axonemal",LOC112043208,348.6306323,0.533585121,0.016012486,-0.533585121
LOC112045858,calpain-C isoform X1,CalpC,338.8247883,-0.551686513,0.016142861,0.551686513
LOC112045933,cyclin-T-like isoform X2,CycT,600.3875099,-0.778090652,0.016278821,0.778090652
LOC112046832,ral GTPase-activating protein subunit beta,CG34408,1332.275386,-0.259366003,0.016282935,0.259366003
LOC112049407,epoxide hydrolase 4-like,LOC112049407,191.5237397,-1.002756685,0.016285396,1.002756685
LOC112056079,calcium-transporting ATPase type 2C member 1 isoform X1,LOC112056079,21.13491013,-2.042022976,0.016285396,2.042022976
LOC112056397,uncharacterized protein LOC112056397 isoform X2,LOC112056397,9.209762052,2.755974149,0.016285396,-2.755974149
LOC112050562,transmembrane and TPR repeat-containing protein 1-like,Tmtc3,28.71654404,1.291692822,0.01637635,-1.291692822
LOC112058167,cuticle protein 19-like,Cpr66Cb,3.161817677,4.261391835,0.016385608,-4.261391835
LOC112044803,zinc finger transcription factor Trps1,GATAd,267.3277666,-0.492501664,0.016412682,0.492501664
LOC112051105,junctophilin-1 isoform X1,jp,31.97877042,2.667676336,0.016439722,-2.667676336
LOC112043559,transcription elongation factor SPT4,spt4,281.8828089,0.528897433,0.016459588,-0.528897433
LOC112051756,talin-1-like isoform X1,Vinc,302.1055087,-0.668333362,0.016604716,0.668333362
LOC112057623,kinesin-like protein Klp68D,kinesin-2A,33.90035033,1.060390913,0.016609164,-1.060390913
LOC112047347,UDP-glucuronosyltransferase-like isoform X1,Ugt302K1,68.41796116,0.738500139,0.016659564,-0.738500139
LOC112043135,N-acetyltransferase 9,NAT9,125.1516025,-0.81150457,0.016670179,0.81150457
LOC112057273,protein daughterless isoform X1,LOC112057273,149.5195601,-0.6350787,0.016681543,0.6350787
LOC112048645,structure-specific endonuclease subunit SLX1 homolog,slx1,66.96320168,-0.913292804,0.016728634,0.913292804
LOC112050351,programmed cell death 6-interacting protein,ALiX,1716.275834,-0.250026656,0.016742067,0.250026656
LOC112043287,methionine-R-sulfoxide reductase B1 isoform X2,SelR,483.7464174,1.295728844,0.016796049,-1.295728844
LOC112048096,proton-coupled amino acid transporter-like protein pathetic,path,2391.176843,0.401650782,0.01685042,-0.401650782
LOC112048632,uncharacterized protein LOC112048632 isoform X1,LOC112048632,14.4158559,2.26355557,0.016870712,-2.26355557
LOC112055981,"39S ribosomal protein L43, mitochondrial",mRpL43,359.0992087,0.404269712,0.01688179,-0.404269712
LOC112050707,mothers against decapentaplegic homolog 6,Dad,765.9696629,-0.410593778,0.016905223,0.410593778
LOC112045727,uncharacterized protein LOC112045727,LOC112045727,695.8868663,-0.448240807,0.016913295,0.448240807
LOC112049818,RNA-directed DNA polymerase from mobile element jockey-like,LOC112049818,24.24629819,1.444324121,0.016913295,-1.444324121
LOC112057820,proteolipid protein 2-like,LOC112057820,208.918163,0.525239319,0.016916696,-0.525239319
LOC112052325,transcription initiation factor TFIID subunit 1 isoform X1,Taf1,2173.131973,-0.30472964,0.016918039,0.30472964
LOC112053245,uncharacterized protein LOC112053245,LOC112053245,196.0676764,-0.450141056,0.016964501,0.450141056
LOC112053435,"enoyl-[acyl-carrier-protein] reductase, mitochondrial",CG16935,505.3777957,0.300190565,0.01696554,-0.300190565
LOC112054724,adenylate kinase 9-like,CG1354,3656.573226,0.324267189,0.017075422,-0.324267189
LOC112054298,nuclear fragile X mental retardation-interacting protein 1,Nufip,235.3965254,-0.453162578,0.017096358,0.453162578
LOC112056946,jmjC domain-containing protein 7,JMJD7,7.801870915,4.519366188,0.017096358,-4.519366188
LOC112046701,OWR45442.1 dihydrouridine synthase domain containing protein,hng2,117.0633705,-0.768213877,0.017120972,0.768213877
LOC112051403,ecdysone-induced protein 74EF isoform X3,Eip74EF,13627.35568,0.373205847,0.017169233,-0.373205847
LOC112053016,MICAL-like protein 1 isoform X1,MICAL-like,944.5622699,0.377667481,0.017169233,-0.377667481
LOC112046664,probable 26S proteasome non-ATPase regulatory subunit 3,Rpn3,3729.180659,0.292737211,0.017207345,-0.292737211
LOC112053035,cell division cycle 5-like protein,Cdc5,991.9265184,-0.280718579,0.017240671,0.280718579
LOC112057851,bleomycin hydrolase,CG1440,1198.291281,0.430055864,0.017264334,-0.430055864
LOC112044793,TATA-box-binding protein,Tbp,343.5302485,-0.372202121,0.017375773,0.372202121
LOC112050699,uncharacterized protein LOC112050699 isoform X1,LOC112050699,160.3196228,1.284856149,0.017386366,-1.284856149
LOC112043160,leukocyte receptor cluster member 1 homolog,CG12818,156.3119511,-0.454380543,0.017420361,0.454380543
LOC112050164,peptidyl-prolyl cis-trans isomerase-like 3,CG11777,357.4459595,0.482098034,0.017433657,-0.482098034
LOC112051670,mediator of RNA polymerase II transcription subunit 10,MED10,1070.457353,-0.297961713,0.017470651,0.297961713
LOC112052164,superkiller viralicidic activity 2-like 2,Mtr4,1419.742359,-0.269859692,0.017480859,0.269859692
LOC112043504,transmembrane protein 245 isoform X1,CG2698,204.1916385,0.44123479,0.017557004,-0.44123479
LOC112055556,ubiquitin carboxyl-terminal hydrolase CYLD isoform X1,CYLD,316.2429794,-0.511411618,0.017557004,0.511411618
LOC112050114,zinc finger protein OZF-like isoform X1,LOC112050114,315.3547853,-0.572601596,0.017560815,0.572601596
LOC112047731,kinesin-related protein 6-like isoform X2,LOC112047731,929.4797698,0.333866915,0.017581424,-0.333866915
LOC112048898,protein gustavus isoform X2,gus,1899.246779,-0.281829336,0.017590937,0.281829336
LOC112043009,"HIG1 domain family member 1A, mitochondrial-like",CG17734,44.77517184,1.33295467,0.017610715,-1.33295467
LOC112046656,Breast carcinoma-amplified sequence 3-like,rudhira,526.604811,-0.451324604,0.017823251,0.451324604
LOC112047419,uncharacterized protein C05D11.1-like,LOC112047419,4984.011689,-0.21280004,0.017859392,0.21280004
LOC112047908,synaptic vesicle glycoprotein 2C-like isoform X1,mfs6,191.8909383,-1.331891654,0.017859392,1.331891654
LOC112044455,ovarian-specific serine/threonine-protein kinase Lok-like,lok,289.38999,-1.050846575,0.01785982,1.050846575
LOC112046421,presenilin-1 isoform X1,Psn,726.1091241,-0.356004716,0.01786512,0.356004716
LOC112054627,zinc finger protein 260-like isoform X2,LOC112054627,114.4151596,-0.677395983,0.017865985,0.677395983
LOC112054892,TBC1 domain family member 25,CG8155,510.3291753,-0.477675778,0.018030645,0.477675778
LOC112049890,zinc finger protein 1 homolog,LOC112049890,312.9945524,0.479102363,0.018037448,-0.479102363
LOC112057226,tudor domain-containing protein 1-like isoform X1,LOC112057226,101.1437002,-1.133831829,0.018037448,1.133831829
LOC112055034,speckle-type POZ protein-like,rdx,212.4304816,-0.45170231,0.018044426,0.45170231
LOC112050044,eukaryotic initiation factor 4A,eIF-4a,36317.51226,-0.230978815,0.018044937,0.230978815
LOC112047761,PCI domain-containing protein 2 homolog,PCID2,918.9429725,-0.298466323,0.018185123,0.298466323
LOC112043204,diacylglycerol kinase eta,CG34384,34.73004339,1.768788974,0.01818909,-1.768788974
LOC112043555,transmembrane protein 19,CG10171,2374.487885,-0.371572338,0.01818909,0.371572338
LOC112052168,calcium-binding protein E63-1 isoform X2,Eip63F-1,11.2267577,2.237356156,0.018204983,-2.237356156
LOC112044624,GMP synthase [glutamine-hydrolyzing] isoform X2,bur,1536.053216,0.268978005,0.018219636,-0.268978005
LOC112047120,zinc finger protein 431-like isoform X3,LOC112047120,210.161084,-0.640829081,0.018376087,0.640829081
LOC112055141,BRCA1-associated RING domain protein 1-like,LOC112055141,184.1764926,-1.339248223,0.018376087,1.339248223
LOC112046747,proton-coupled folate transporter-like,CG30344,25.98484655,1.485422204,0.018397649,-1.485422204
LOC112057145,zinc finger protein 260-like isoform X1,LOC112057145,392.1801885,-0.616984208,0.018555488,0.616984208
LOC112056845,uncharacterized protein LOC112056845,LOC112056845,793.1407428,0.25221516,0.018605398,-0.25221516
LOC112054017,speckle-type POZ protein isoform X1,rdx,1070.461326,0.404771366,0.018626583,-0.404771366
LOC112058494,PHD finger protein 20-like isoform X2,MBD-R2,1618.135004,-0.328354877,0.018626583,0.328354877
LOC112055293,hemicentin-1-like isoform X1,sls,136.3922832,-1.336788193,0.018679303,1.336788193
LOC112048163,"39S ribosomal protein L17, mitochondrial",mRpL17,403.2174253,0.346951846,0.018685857,-0.346951846
LOC112046264,uncharacterized protein LOC112046264,LOC112046264,9.556968648,-2.817011183,0.018691224,2.817011183
LOC112052662,membrane-bound transcription factor site-1 protease,S1P,276.0506889,-0.433147894,0.018725695,0.433147894
LOC112044836,enhancer of mRNA-decapping protein 3,Edc3,640.6562418,-0.380796204,0.018728161,0.380796204
LOC112053119,probable ATP-dependent RNA helicase kurz,kz,852.8394076,0.550241154,0.018804215,-0.550241154
LOC112049946,MATH and LRR domain-containing protein PFE0570w-like,LOC112049946,2.97765244,5.134859615,0.018817914,-5.134859615
LOC112049094,origin recognition complex subunit 3,Orc3,522.834732,-0.359571493,0.018828452,0.359571493
LOC112058435,mediator of RNA polymerase II transcription subunit 12-like isoform X2,kto,1775.875866,-0.299395255,0.018893864,0.299395255
LOC112050215,sodium channel protein Nach-like,ppk8,95.2683547,-0.787800044,0.018912605,0.787800044
LOC112044866,chitin synthase,kkv,320.4547237,-0.744873199,0.018929128,0.744873199
LOC112049979,pickpocket protein 28-like,ppk28,10.57653942,2.76129664,0.018951223,-2.76129664
LOC112052477,regulator of nonsense transcripts 2,Upf2,1769.493723,0.308318318,0.018968582,-0.308318318
LOC112045840,solute carrier family 35 member C2,CG14971,144.5478956,0.543605907,0.018991655,-0.543605907
LOC112045566,uncharacterized protein CG13380,LOC112045566,3.56430544,-4.553994285,0.019017124,4.553994285
LOC112055637,lateral signaling target protein 2 homolog,CG6051,657.9111744,0.979121305,0.019022245,-0.979121305
LOC112055084,zonadhesin-like isoform X2,LOC112055084,2.19865154,4.724074503,0.019024046,-4.724074503
LOC112046134,WD repeat-containing protein 89,CG12134,465.5070338,0.370419287,0.019072268,-0.370419287
LOC112048495,TELO2-interacting protein 2-like,LOC112048495,428.8115744,-0.289229975,0.019076682,0.289229975
LOC112054046,TATA box-binding protein-like protein 1,Trf2,391.1312111,-0.367138709,0.019117039,0.367138709
LOC112047548,LOW QUALITY PROTEIN: uncharacterized protein LOC112047548,NijA,647.7325732,0.395337037,0.019161884,-0.395337037
LOC112044647,protein phosphatase 1B,alph,4535.454092,-0.258723547,0.019163736,0.258723547
LOC112046241,spermatogenesis-defective protein 39 homolog,Vps16B,185.010746,-0.583735888,0.019189802,0.583735888
LOC112043916,NA,NA,416.005912,0.313959013,0.019192238,-0.313959013
LOC112055881,myotubularin-related protein 5,Sbf,640.7798171,-0.371541926,0.019238051,0.371541926
LOC112046344,circadian locomoter output cycles protein kaput-like isoform X2,Met,31.32156791,1.476074907,0.019247773,-1.476074907
LOC112051819,pyridoxal kinase,Pdxk,386.7713331,-0.348999396,0.019271531,0.348999396
LOC112045948,NA,NA,3.735504759,3.568771969,0.019304505,-3.568771969
LOC112055771,chymotrypsin-like elastase family member 2A,snk,13.82834697,1.882154263,0.01933861,-1.882154263
LOC112058108,glypican-6,dlp,4972.116842,0.442944922,0.019339099,-0.442944922
LOC112050852,myb/SANT-like DNA-binding domain-containing protein 3,LOC112050852,43.27857139,-0.966287704,0.019360964,0.966287704
LOC112057725,low-density lipoprotein receptor isoform X6,LpR2,2441.833973,0.232113225,0.019515155,-0.232113225
LOC112057667,secernin-3,LOC112057667,374.7652888,0.333032206,0.019536672,-0.333032206
LOC112048960,Cytokine receptor,DOME,117.2068013,-1.627070759,0.019551811,1.627070759
LOC112053697,cysteine-rich with EGF-like domain protein 2 isoform X1,CG11377,193.2797939,0.627901284,0.019565143,-0.627901284
LOC112046308,proton-coupled amino acid transporter-like protein pathetic,CG13384,112.7775841,0.594485457,0.019566251,-0.594485457
LOC112057272,huntingtin,LOC112057272,24.34463234,-2.352953768,0.019571055,2.352953768
LOC112045347,NA,NA,2.322843742,4.819621736,0.019581044,-4.819621736
LOC112043212,protein croquemort-like isoform X1,crq,61.60135877,-2.104801631,0.019725866,2.104801631
LOC112045883,UPF0061 protein Pfl01_0444-like,LOC112045883,398.1164846,0.336287719,0.019725866,-0.336287719
LOC112046735,SH3 and multiple ankyrin repeat domains protein 3,Prosap,5365.730103,0.291576898,0.0198043,-0.291576898
LOC112043472,cytosolic carboxypeptidase-like protein 5 isoform X1,Nna1,1046.560835,0.40573881,0.019821645,-0.40573881
LOC112052654,histone deacetylase 3,Hdac3,383.8304322,-0.413460936,0.019833134,0.413460936
LOC112054450,uncharacterized protein LOC112054450,fend,2935.582753,0.210952222,0.019835828,-0.210952222
LOC112054598,uncharacterized protein LOC112054598 isoform X2,LOC112054598,177.7649528,-0.513709687,0.019861284,0.513709687
LOC112055465,macrophage mannose receptor 1-like,LOC112055465,120.645514,-0.839118941,0.01986398,0.839118941
LOC112046278,NA,NA,9.799463142,1.81027993,0.019881629,-1.81027993
LOC112051450,clusterin-associated protein 1,LOC112051450,13.95671191,1.445464543,0.019887386,-1.445464543
LOC112047936,eukaryotic translation initiation factor 2-alpha kinase 1-like,PEK,887.2510458,-0.229470023,0.01989413,0.229470023
LOC112052183,trypsin alpha-3-like,CG6041,2.196033526,4.744075558,0.01989413,-4.744075558
LOC112052799,serine/threonine-protein kinase SMG1,nonC,1238.382369,-0.209370159,0.01989413,0.209370159
LOC112053467,nuclear hormone receptor FTZ-F1 beta,Hr39,1144.868111,0.371179812,0.01989413,-0.371179812
LOC112054867,dnaJ homolog subfamily C member 16,l(3)80Fg,241.3456083,-0.418158758,0.01989413,0.418158758
LOC112048364,adenosine monophosphate-protein transferase FICD homolog,Fic,295.0389375,0.382130628,0.019929837,-0.382130628
LOC112043131,uncharacterized protein LOC112043131,LOC112043131,632.1372316,-0.570383416,0.0199599,0.570383416
LOC112050649,BAM18092.1  CG7781,CG7781,19.72278359,-1.95189039,0.019978838,1.95189039
LOC112057203,nucleolar complex protein 4 homolog B,CG2875,133.3332282,-1.033590301,0.020005626,1.033590301
LOC112056326,putative defense protein 3,CG14515,4.138084546,5.642564883,0.020020625,-5.642564883
LOC112050902,"splicing factor, arginine/serine-rich 15 isoform X1",CG4266,4577.169136,-0.247337967,0.020022732,0.247337967
LOC112048967,protein artichoke,2mit,15.45604665,3.02279147,0.020078609,-3.02279147
LOC112051996,serine protease inhibitor 77Ba-like,LOC112051996,10.16970609,-1.704746053,0.020080627,1.704746053
LOC112051203,autophagy protein 12-like,Atg12,202.9317512,-0.457098901,0.020103819,0.457098901
LOC112045199,peroxisomal targeting signal 2 receptor,Pex7,328.1792232,0.340420462,0.020112519,-0.340420462
LOC112054874,germinal-center associated nuclear protein,CG3437,110.8790009,-0.72625411,0.020145028,0.72625411
LOC112043251,guanine nucleotide exchange factor MSS4 homolog,strat,673.3273171,0.266555806,0.020194222,-0.266555806
LOC112054849,methylosome protein 50-like,LOC112054849,404.2991369,-0.41707866,0.020235753,0.41707866
LOC112049432,carbonyl reductase [NADPH] 3-like,CG11200,2.931852761,4.076392568,0.020261304,-4.076392568
LOC112045846,"glutamate receptor ionotropic, kainate 2 isoform X4",KaiR1D,5.143116947,-4.00167801,0.020315301,4.00167801
LOC112055586,RPII140-upstream gene protein,140up,281.6160263,0.402847543,0.020319315,-0.402847543
LOC112050156,conserved oligomeric Golgi complex subunit 5,fws,629.3580773,0.338766566,0.020357288,-0.338766566
LOC112047414,NA,NA,28.21094407,1.422376521,0.02038066,-1.422376521
LOC112058152,vesicle-fusing ATPase 1-like,comt,497.4598236,0.279730772,0.020479698,-0.279730772
LOC112053069,protein phosphatase methylesterase 1,CG5068,897.2833043,-0.26905463,0.020494834,0.26905463
LOC112043512,small integral membrane protein 14,LOC112043512,604.1350271,-0.633809254,0.020562613,0.633809254
LOC112047151,muskelin,muskelin,503.3562267,-0.502772628,0.020584431,0.502772628
LOC112043536,"CCA tRNA nucleotidyltransferase 1, mitochondrial isoform X2",CG2100,871.4626134,0.504056118,0.020603778,-0.504056118
LOC112053588,leucine-rich repeat and coiled-coil domain-containing protein PF07_0014-like,LOC112053588,66.92463958,-0.624639755,0.020624948,0.624639755
LOC112050788,zinc finger protein 436-like isoform X1,LOC112050788,601.6035605,-0.384239876,0.020704251,0.384239876
LOC112047375,uncharacterized protein LOC112047375,LOC112047375,6.932223913,2.790089708,0.020720831,-2.790089708
LOC112046753,tumor susceptibility gene 101 protein,TSG101,818.2180588,-0.206825039,0.020783955,0.206825039
LOC112044632,uridine diphosphate glucose pyrophosphatase-like,CG42813,310.8185879,0.343512927,0.020840354,-0.343512927
LOC112047084,CASP-like protein 4A1,LOC112047084,5.183416117,-2.847234242,0.020852291,2.847234242
LOC112057325,ATP-dependent zinc metalloprotease YME1 homolog isoform X1,YME1L,299.1402178,0.370571211,0.020856614,-0.370571211
LOC112053897,protein deltex,dx,969.0809492,-0.306620685,0.020891723,0.306620685
LOC112043394,uncharacterized protein LOC112043394,LOC112043394,681.5436905,-0.936748499,0.020913438,0.936748499
LOC112051913,cytochrome P450 4C1-like,Cyp4d2,6.908318618,3.372394276,0.020913438,-3.372394276
LOC112046526,"dual 3',5'-cyclic-AMP and -GMP phosphodiesterase 11 isoform X1",Pde11,1388.950906,0.487451087,0.020984711,-0.487451087
LOC112044919,COP9 signalosome complex subunit 1,CSN1b,1190.39213,-0.200603801,0.021077839,0.200603801
LOC112047573,Glutamine-rich protein 2,LOC112047573,5.691069766,6.071514697,0.02108477,-6.071514697
LOC112051479,estradiol 17-beta-dehydrogenase 8,CG3603,287.4525593,-0.37019378,0.021102227,0.37019378
LOC112047207,"complex I intermediate-associated protein 30, mitochondrial",CIA30,234.0340628,0.345916756,0.021139533,-0.345916756
LOC112048078,"glucose dehydrogenase [FAD, quinone]-like",CG9503,134.7492101,0.471740208,0.0212123,-0.471740208
LOC112047711,uncharacterized protein LOC112047711 isoform X3,LOC112047711,105.1757829,1.32222373,0.021257821,-1.32222373
LOC112048649,Fanconi anemia group J protein homolog,CG4078,60.86544546,-0.727746959,0.021269788,0.727746959
LOC112048613,zinc finger protein 316-like,LOC112048613,441.2058086,-0.304252919,0.021323779,0.304252919
LOC112053043,pleckstrin homology domain-containing family F member 2 isoform X2,rush,1080.174855,-0.277264185,0.021343014,0.277264185
LOC112057569,GPI mannosyltransferase 2,PIG-V,347.4250699,0.408006047,0.021374344,-0.408006047
LOC112043622,luciferin 4-monooxygenase-like,CG4830,3.360943664,5.33861361,0.021516895,-5.33861361
LOC112049668,"UPF0160 protein MYG1, mitochondrial isoform X2",CG11980,998.356546,0.419820318,0.021657759,-0.419820318
LOC112045209,neural cell adhesion molecule 2-like,LOC112045209,3.936834173,4.547502853,0.021661983,-4.547502853
LOC112044703,serine/arginine-rich splicing factor 7-like isoform X2,x16,5440.76991,-0.219073162,0.021685159,0.219073162
LOC112057022,serine/arginine-rich splicing factor 2 isoform X1,SC35,4638.103567,-0.225142421,0.021685159,0.225142421
LOC112056056,TBC1 domain family member 13,GAPsec,433.3906066,-0.485897447,0.021796545,0.485897447
LOC112057458,synaptic vesicle glycoprotein 2C-like,LOC112057458,35.19366915,-2.084180436,0.021920806,2.084180436
LOC112042982,kelch-like protein 12 isoform X2,CG34376,517.2638335,-0.391421332,0.021930687,0.391421332
LOC112049689,vitelline membrane associated protein P30 precursor,LOC112049689,2.502847487,4.901534067,0.021948743,-4.901534067
LOC112046111,uncharacterized protein LOC112046111,LOC112046111,2.782491859,5.069680767,0.021951049,-5.069680767
LOC112049332,uncharacterized protein LOC112049332,CG6024,45.95389725,-1.239807564,0.021966442,1.239807564
LOC112050247,phosphoglucose isomerase,Pgi,1936.124932,0.632720157,0.021979049,-0.632720157
LOC112056534,R3H domain-containing protein 1 isoform X1,enc,170.9550839,0.622772022,0.021979049,-0.622772022
LOC112051407,uncharacterized protein LOC112051407 isoform X1,LOC112051407,96.78249368,-0.833810085,0.021990888,0.833810085
LOC112053199,partitioning defective 3 homolog isoform X1,baz,1360.215939,-0.275236955,0.022019605,0.275236955
LOC112051949,telomere length regulation protein TEL2 homolog,lqfR,1465.426531,0.736394521,0.022050802,-0.736394521
LOC112050027,decaprenyl-diphosphate synthase subunit 2-like,Pdss2,2.647887993,-4.85989324,0.022054283,4.85989324
LOC112054376,NA,NA,8.978169116,2.188801546,0.022287956,-2.188801546
LOC112057176,alpha-catulin isoform X1,alpha-Catr,2.290222607,4.749096928,0.022287956,-4.749096928
LOC112050302,tetratricopeptide repeat protein 25-like,LOC112050302,2.157375597,4.679386408,0.022413097,-4.679386408
LOC112053953,microtubule-associated protein futsch isoform X3,CG13917,318.5024056,-0.481758876,0.022445539,0.481758876
LOC112052887,OWR44640.1 putative pdz domain protein arc,a,3531.287481,-0.62794172,0.02247102,0.62794172
LOC112046740,dnaJ homolog subfamily C member 13,Rme-8,867.1106745,-0.333168446,0.022523963,0.333168446
LOC112051201,rRNA 2'-O-methyltransferase fibrillarin,Fib,4775.727116,0.403918094,0.022671652,-0.403918094
LOC112054351,sodium/calcium exchanger 1 isoform X1,Calx,8.827213547,2.693285801,0.022671652,-2.693285801
LOC112056478,TATA-binding protein-associated factor 172,Hel89B,45.04556269,0.993211296,0.022673801,-0.993211296
LOC112046329,uncharacterized protein LOC112046329 isoform X1,LOC112046329,87.80528494,-0.598478294,0.022705897,0.598478294
LOC112045525,Y+L amino acid transporter 2,gb,229.6639946,-0.840040963,0.022728188,0.840040963
LOC112051601,NADP-dependent malic enzyme,Men-b,167.7943402,-0.50761214,0.022732789,0.50761214
LOC112048966,lachesin-like,DIP-eta,21.35361603,-2.339229643,0.022797629,2.339229643
LOC112048268,ommochrome-binding protein-like,LOC112048268,9.519268836,-2.10081649,0.022805117,2.10081649
LOC112044883,probable nuclear hormone receptor HR38 isoform X1,Hr38,5995.739211,0.500520997,0.022975677,-0.500520997
LOC112043348,zinc finger CCCH-type with G patch domain-containing protein,CG4709,373.3488827,-0.34455882,0.023028161,0.34455882
LOC112057962,uncharacterized protein F58A4.6-like,CG12123,82.47106305,1.535517785,0.023066404,-1.535517785
LOC112049135,pre-mRNA 3' end processing protein WDR33,Wdr33,1061.258311,-0.260054786,0.023125416,0.260054786
LOC112044914,cuticle protein 16.5-like,LOC112044914,3.22951718,-5.106448287,0.023194229,5.106448287
LOC112053531,peptidoglycan-recognition protein LC-like isoform X1,PGRPLC,175.8514014,0.498337572,0.023207888,-0.498337572
LOC112046483,NA,NA,636.07298,0.330679884,0.023230009,-0.330679884
LOC112050674,protein capicua homolog isoform X3,cic,155.3663372,-0.537639947,0.023270847,0.537639947
LOC112043566,serine protease persephone-like,psh,346.7435891,0.569709948,0.02329892,-0.569709948
LOC112044985,tetratricopeptide repeat protein 36,CG14105,88.07726504,-1.282143598,0.02329892,1.282143598
LOC112047974,protein arginine N-methyltransferase 1,Art1,3416.520116,-0.208333317,0.023352609,0.208333317
LOC112052538,spermine oxidase-like isoform X2,CG6034,32.58896807,-1.773326934,0.023352609,1.773326934
LOC112053890,eukaryotic translation initiation factor 6,EIF6,1252.46391,0.431837017,0.023504713,-0.431837017
LOC112045972,cuticle protein 1-like,LOC112045972,81405.74801,-0.94460601,0.023515306,0.94460601
LOC112050751,leucine carboxyl methyltransferase 1,CG3793,798.0105342,0.246973757,0.023515306,-0.246973757
LOC112047172,pyrroline-5-carboxylate reductase 3,P5cr,85.8893118,0.772757274,0.023517128,-0.772757274
LOC112047332,sine oculis-binding protein homolog,Sobp,6.365747333,3.310473764,0.023524897,-3.310473764
LOC112057312,fidgetin-like protein 1,Fign,23.85729847,-1.884644966,0.023524897,1.884644966
LOC112050028,carnosine N-methyltransferase,CG11596,264.7837165,-0.698543722,0.023639268,0.698543722
LOC112050288,"28S ribosomal protein S18c, mitochondrial",mRpS18C,525.3280727,0.36165671,0.023643488,-0.36165671
LOC112051577,translin,trsn,652.7618072,0.410523404,0.023647594,-0.410523404
LOC112049915,uncharacterized protein LOC112049915,LOC112049915,114.3751076,-0.662572524,0.023770888,0.662572524
LOC112049270,zinc/cadmium resistance protein isoform X1,ZnT63C,1159.323398,-0.306198364,0.023785326,0.306198364
LOC112056363,protein MON2 homolog isoform X1,mon2,418.1077211,-0.42716308,0.023785326,0.42716308
LOC112046702,cuticular protein RR-2 motif 132 precursor,Cpr50Cb,4.672099857,3.807510809,0.023867232,-3.807510809
LOC112055660,NA,NA,6.07529288,2.166215588,0.023896841,-2.166215588
LOC112048764,BMP and activin membrane-bound inhibitor homolog,LOC112048764,546.4728195,-0.473405052,0.02391307,0.473405052
LOC112045437,YY1-associated factor 2,RYBP,141.6902525,-0.766265476,0.023964771,0.766265476
LOC112054411,uncharacterized protein LOC112054411 isoform X2,LOC112054411,2.185215678,4.748720461,0.02409279,-4.748720461
LOC112047718,putative inorganic phosphate cotransporter,CG15096,2.263112491,4.743504055,0.024117906,-4.743504055
LOC112056594,myrosinase 1-like,LOC112056594,2.445376036,4.872472168,0.024117906,-4.872472168
LOC112052727,E3 ubiquitin-protein ligase RNF185-like,CG8974,632.5360532,-0.433355536,0.024149601,0.433355536
LOC112048947,cubilin homolog,Cubn,7.764754824,5.517234392,0.02417609,-5.517234392
LOC112047860,general transcription factor IIH subunit 3,Tfb4,153.0267125,-1.680898472,0.024229394,1.680898472
LOC112044104,AN1-type zinc finger protein 4-like,LOC112044104,428.8680767,-0.379579096,0.02423001,0.379579096
LOC112047757,vacuolar-sorting protein SNF8,lsn,329.6775256,0.41420048,0.024265671,-0.41420048
LOC112052845,RNA-binding protein fusilli isoform X2,fus,3.695885898,5.457018217,0.024301613,-5.457018217
LOC112054184,sialic acid synthase,NANS,919.5023964,-0.311543183,0.024343951,0.311543183
LOC112054645,NA,NA,277.952866,0.537189616,0.024349626,-0.537189616
LOC112047812,dentin sialophosphoprotein-like isoform X1,LOC112047812,16.13056384,-2.861920473,0.024358072,2.861920473
LOC112053602,transmembrane protease serine 6-like,LOC112053602,40.64941578,-1.988586705,0.024358072,1.988586705
LOC112047417,CREB-binding protein-like,nej,4169.210263,-0.201119449,0.024364149,0.201119449
LOC112049507,very-long-chain (3R)-3-hydroxyacyl-CoA dehydratase,Hacd2,461.6981499,-0.486357363,0.024379331,0.486357363
LOC112057983,mitotic spindle assembly checkpoint protein MAD1,Mad1,1725.487569,-0.497721687,0.024394903,0.497721687
LOC112043700,serine/arginine repetitive matrix protein 2 isoform X1,Srrm234,2612.675264,-0.247636398,0.024441726,0.247636398
LOC112058420,inter-alpha-trypsin inhibitor heavy chain H4-like isoform X1,LOC112058420,137.6672336,-2.365977784,0.024506277,2.365977784
LOC112042850,Apolipoprotein of lipid transfer particle-III,CG3246,127.5168818,-1.107391016,0.024532037,1.107391016
LOC112043631,E3 ubiquitin-protein ligase RNF181,Iru,235.8563657,0.446674911,0.024544616,-0.446674911
LOC112049142,MIT domain-containing protein 1-like,CG14985,317.7932874,0.802279585,0.024555366,-0.802279585
LOC112057243,transcription factor 15-like isoform X2,CG33557,4.130747429,5.576296692,0.024583149,-5.576296692
LOC112054706,toll-like receptor 3,LOC112054706,154.7448719,-1.557611988,0.024584993,1.557611988
LOC112049563,uncharacterized protein LOC112049563,LOC112049563,59.31259518,2.071309661,0.024594929,-2.071309661
LOC112051768,protein stoned-B-like,stnB,34.31204177,1.085972283,0.024681932,-1.085972283
LOC112043540,uncharacterized protein LOC112043540,LOC112043540,766.2612304,-0.299500405,0.024797972,0.299500405
LOC112049098,helicostatins,LOC112049098,2.296596873,4.788400063,0.024822967,-4.788400063
LOC112052498,alpha-tocopherol transfer protein-like,CG2663,2.57944904,4.941872322,0.024822967,-4.941872322
LOC112052573,protein toll-like,Tehao,220.806272,-0.511574617,0.024842011,0.511574617
LOC112057791,ubiquilin-1,Ubqn,2582.994106,0.215563457,0.024864875,-0.215563457
LOC112054935,zinc finger protein interacting with ribonucleoprotein K-like,LOC112054935,37.8680176,-1.397534827,0.025034758,1.397534827
LOC112050344,"28S ribosomal protein S24, mitochondrial",mRpS24,393.5726491,0.654963019,0.025060034,-0.654963019
LOC112042969,spermine oxidase-like,CG6034,5.479151876,-3.307481093,0.025160545,3.307481093
LOC112051705,Transposable element P transposase,LOC112051705,55.27411623,-2.183357402,0.02524261,2.183357402
LOC112054872,transmembrane GTPase Marf,Marf,708.0592621,0.347063,0.02524261,-0.347063
LOC112052155,protein PRR14L-like,LOC112052155,656.0264071,-0.345041537,0.025268983,0.345041537
LOC112044811,nose resistant to fluoxetine protein 6-like,CG33337,5.374235941,-3.194619538,0.025273814,3.194619538
LOC112047994,heat shock protein 68-like,Hsp68,3.036923205,-4.240090237,0.025386378,4.240090237
LOC112045710,RE1-silencing transcription factor A-like,LOC112045710,410.7568598,-0.29789109,0.025436884,0.29789109
LOC112048296,GATOR complex protein WDR59,Wdr59,346.1972174,0.315016093,0.025436884,-0.315016093
LOC112054398,zinc finger protein 354A-like,LOC112054398,432.0323446,-0.55856992,0.025436884,0.55856992
LOC112043492,isopentenyl-diphosphate Delta-isomerase 1,Idi,662.8928508,-0.314099583,0.025517362,0.314099583
LOC112044818,solute carrier family 22 member 1-like,SLC22A,2.35992424,4.81672778,0.025574917,-4.81672778
LOC112057982,transcription factor TFIIIB component B'',Bdp1,334.3276633,-0.348423343,0.025624551,0.348423343
LOC112044587,NA,NA,3.667488371,4.481588391,0.02563256,-4.481588391
LOC112057439,tigger transposable element-derived protein 6-like,LOC112057439,4.424505354,5.704104863,0.025685834,-5.704104863
LOC112055943,methyltransferase-like protein 6,CG34195,1109.775927,0.545390278,0.025690036,-0.545390278
LOC112054299,chromatin complexes subunit BAP18 isoform X2,Osi21,154.0576703,-0.537030318,0.025729832,0.537030318
LOC112044392,pre-mRNA-splicing factor 38,Prp38,532.8241748,-0.346485988,0.025733837,0.346485988
LOC112057402,Transposon Ty3-G Gag-Pol polyprotein,LOC112057402,2.294814531,4.773494899,0.025783559,-4.773494899
LOC112050512,"sulfide:quinone oxidoreductase, mitochondrial",CG14997,199.25402,0.663173075,0.025790483,-0.663173075
LOC112045935,transcription factor CP2 isoform X1,gem,2312.033285,0.484028759,0.025808068,-0.484028759
LOC112057708,NGFI-A-binding protein homolog,nab,1373.746024,0.416434839,0.025811513,-0.416434839
LOC112053337,NA,NA,11.8296394,1.507404283,0.025821072,-1.507404283
LOC112051325,testis-expressed sequence 10 protein homolog,CG1575,529.0666326,-0.417271899,0.025828817,0.417271899
LOC112043679,thioredoxin domain-containing protein 17-like,cl,923.0648817,0.367035387,0.02589097,-0.367035387
LOC112046974,phenylalanine--tRNA ligase alpha subunit,alpha-PheRS,1096.254454,0.305389991,0.025912715,-0.305389991
LOC112044091,ankyrin repeat and zinc finger domain-containing protein 1-like,LOC112044091,1110.692595,0.406404428,0.025935235,-0.406404428
LOC112055894,probable tubulin polyglutamylase TTLL2,TTLL4A,10.21236551,1.714657217,0.025941451,-1.714657217
LOC112045446,uncharacterized protein LOC112045446,LOC112045446,385.8604862,0.353424066,0.02594653,-0.353424066
LOC112045338,KPJ15623.1 Pleckstrin-likey domain-containing family M member 2,prd1,217.9603684,0.458668451,0.025962715,-0.458668451
LOC112056921,calcium-transporting ATPase type 2C member 1 isoform X1,SPoCk,201.4204594,-1.571704837,0.026055594,1.571704837
LOC112047977,NA,NA,79.90613748,-0.914688367,0.02608253,0.914688367
LOC112047038,peroxisomal leader peptide-processing protease-like,LOC112047038,156.3693721,0.518376483,0.026098003,-0.518376483
LOC112057471,probable peroxisomal membrane protein PEX13,Pex13,11.48048951,4.423296555,0.026127935,-4.423296555
LOC112058627,fatty acyl-CoA reductase wat-like,wat,101.2128783,1.580856999,0.026137102,-1.580856999
LOC112048167,inositol-tetrakisphosphate 1-kinase-like,LOC112048167,159.9218263,-0.778786807,0.0261623,0.778786807
LOC112045353,pickpocket protein 28 isoform X1,ppk26,48.66135941,-2.152229311,0.026210558,2.152229311
LOC112048193,E3 ubiquitin-protein ligase Topors,LOC112048193,20.74152984,-1.154256581,0.026246485,1.154256581
LOC112047772,PCNA-associated factor-like,LOC112047772,532.8891955,0.966032373,0.026255784,-0.966032373
LOC112052680,transcription initiation protein SPT3 homolog,Spt3,209.400774,-0.788015749,0.026258827,0.788015749
LOC112054988,tetra-peptide repeat homeobox protein 1-like precursor,LOC112054988,2.017126534,4.617432888,0.026348698,-4.617432888
LOC112054140,uncharacterized protein LOC112054140,LOC112054140,317.3096488,0.359689038,0.026351175,-0.359689038
LOC112048365,prostatic acid phosphatase-like,Acph-1,942.439037,-0.628881002,0.026366432,0.628881002
LOC112057607,"uncharacterized protein LOC112057607, partial",LOC112057607,14.81201977,-1.420625764,0.026373524,1.420625764
LOC112049189,MADF domain-containing protein,LOC112049189,11.02494553,-1.727307988,0.026417437,1.727307988
LOC112053665,dynein regulatory complex subunit 2,CG30259,4.873173808,2.872079425,0.026417437,-2.872079425
LOC112045879,"glutamate receptor ionotropic, kainate 2-like",clumsy,22.33836397,3.77124004,0.026505963,-3.77124004
LOC112045712,venom protease-like,CLIPC1,607.8343591,0.660324145,0.026513751,-0.660324145
LOC112056765,cholinesterase isoform X2,Gli,905.6764039,-0.338394005,0.026513751,0.338394005
LOC112055450,DNA repair protein XRCC1 isoform X1,LOC112055450,99.6274743,-0.716840253,0.026537144,0.716840253
LOC112044203,NA,NA,106.3599828,-0.701307226,0.026636425,0.701307226
LOC112055323,zinc finger protein 600-like,LOC112055323,61.34982977,-0.879518326,0.026750921,0.879518326
LOC112055006,NA,NA,46.28437988,-1.00144702,0.026764543,1.00144702
LOC112048094,odorant binding protein,LOC112048094,87.27618289,2.174061337,0.026880988,-2.174061337
LOC112051208,coatomer subunit delta,copd,2713.989968,0.391153374,0.026912926,-0.391153374
LOC112055433,tyrosine-protein kinase CSK,Csk,470.1748186,0.347715336,0.026914606,-0.347715336
LOC112051832,protein FAM177A1,LOC112051832,423.9474838,0.629276769,0.026919995,-0.629276769
LOC112050435,autophagy-related protein 13 homolog,Atg13,249.5820123,0.375350931,0.027174651,-0.375350931
LOC112057845,serine/threonine-protein kinase minibrain isoform X2,mnb,1109.835402,0.51767697,0.027174651,-0.51767697
LOC112047741,WASH complex subunit 2,LOC112047741,734.2466582,0.226007253,0.02718474,-0.226007253
LOC112050718,protein FAM57A,CG17841,587.0033323,-0.35958129,0.027222108,0.35958129
LOC112049018,chemosensory protein,LOC112049018,460.8433759,2.497784997,0.027252864,-2.497784997
LOC112046192,THO complex subunit 5 homolog,thoc5,1153.915908,-0.404621562,0.02730876,0.404621562
LOC112054155,rab11 family-interacting protein 4B isoform X1,nuf,866.6739039,0.28056223,0.02730876,-0.28056223
LOC112052507,lys-63-specific deubiquitinase BRCC36-like,LOC112052507,537.9363573,0.401948807,0.027353442,-0.401948807
LOC112043853,protein tilB homolog isoform X4,CG14995,1294.866139,-0.32798658,0.027464185,0.32798658
LOC112053496,tensin-2-like isoform X3,PVRAP,790.4152867,-0.348700986,0.027484882,0.348700986
LOC112055224,transmembrane protease serine 3-like,LOC112055224,9.248710088,2.527697709,0.027575912,-2.527697709
LOC112052308,uncharacterized protein LOC112052308,LOC112052308,36.81282599,-1.260126667,0.027628792,1.260126667
LOC112044246,lipid droplet-associated hydrolase,sturkopf,102.5981706,0.633941625,0.02767128,-0.633941625
LOC112058199,juvenile hormone esterase-like,CG10175,2.020665766,4.598728569,0.02767128,-4.598728569
LOC112055620,ras-specific guanine nucleotide-releasing factor RalGPS1 isoform X2,CG5522,336.8270403,-0.291470182,0.027798071,0.291470182
LOC112056141,zinc finger protein 260-like isoform X1,LOC112056141,79.04539592,-0.982345079,0.027831855,0.982345079
LOC112052626,peflin,CG17765,1240.683937,0.818217179,0.027975399,-0.818217179
LOC112054624,sex peptide receptor,SPR,4.829749277,3.306290267,0.027975399,-3.306290267
LOC112049814,AF4/FMR2 family member 3,LOC112049814,220.4592814,-0.645446934,0.027982135,0.645446934
LOC112056737,myb-like protein X,LOC112056737,3.072057818,-5.039192541,0.027982135,5.039192541
LOC112048001,neuropeptide F-like,LOC112048001,3.083938666,4.170995807,0.028031181,-4.170995807
LOC112043992,facilitated trehalose transporter Tret1-like,CG1213,11.83573724,-1.793915473,0.028046091,1.793915473
LOC112057415,Proclotting enzyme,tpr,12.5790883,2.033936988,0.028103952,-2.033936988
LOC112049833,uncharacterized protein LOC112049833,LOC112049833,10.12158045,-2.862761413,0.028111176,2.862761413
LOC112050066,centaurin-gamma-1A isoform X1,CenG1A,445.8911593,-0.518467184,0.028111176,0.518467184
LOC112043943,acyl-CoA Delta(11) desaturase-like,Desat1,3.925249675,5.561921234,0.028113061,-5.561921234
LOC112055337,Transcription factor E2F4,LOC112055337,247.5740671,-0.878648793,0.028222403,0.878648793
LOC112048274,uncharacterized protein LOC112048274 isoform X1,CG6236,191.9279377,-0.525405546,0.028234623,0.525405546
LOC112049210,tyrosine-protein kinase Btk29A isoform X1,Btk29A,778.9672276,-0.295323417,0.028264433,0.295323417
LOC112053642,THO complex subunit 2,tho2,3770.64767,-0.225338705,0.028348631,0.225338705
LOC112057474,cullin-4A,Cul4,169.1443293,-0.406120314,0.028446679,0.406120314
LOC112055795,"UDP-GlcNAc:betaGal beta-1,3-N-acetylglucosaminyltransferase-like protein 1",LOC112055795,138.2995569,-0.586489474,0.028527019,0.586489474
LOC112043083,putative proteasome complex,LOC112043083,346.0284037,0.413549907,0.028574043,-0.413549907
LOC112043778,Transmembrane protein 201,CG7744,1755.847075,-0.328913013,0.028595419,0.328913013
LOC112047651,"SRA stem-loop-interacting RNA-binding protein, mitochondrial-like",SLIRP1,259.752319,0.523710842,0.028668634,-0.523710842
LOC112053622,"retinal rod rhodopsin-sensitive cGMP 3',5'-cyclic phosphodiesterase subunit delta",PrBP,325.7008837,-0.378131347,0.028668634,0.378131347
LOC112055569,Chorion peroxidase,HPX6,54.82853914,-1.721820615,0.028668634,1.721820615
LOC112044586,ATP-binding cassette sub-family G member 4-like,CG3164,318.168653,-0.489002221,0.028669522,0.489002221
LOC112044606,26S proteasome regulatory subunit 7,Rpt1,4392.962222,0.312081488,0.028675096,-0.312081488
LOC112053906,zinc finger protein 227-like,LOC112053906,2.079729249,4.612810928,0.028675096,-4.612810928
LOC112054125,NA,NA,84.2045045,-0.685700148,0.028734048,0.685700148
LOC112057880,dynactin subunit 2,Dmn,923.3163938,0.534413946,0.028808918,-0.534413946
LOC112047851,snRNA-activating protein complex subunit 4,LOC112047851,452.2844495,-0.272619621,0.028847943,0.272619621
LOC112050279,uncharacterized protein LOC112050279 isoform X3,LOC112050279,398.6283443,-0.663347494,0.028847943,0.663347494
LOC112055073,proton-coupled folate transporter-like,CG15890,4.384748893,3.206013241,0.028857581,-3.206013241
LOC112048239,uncharacterized protein LOC112048239,Rev1,39.7915337,1.884755997,0.028912674,-1.884755997
LOC112042902,tyrosine-protein phosphatase corkscrew-like,csw,389.3386574,0.772421929,0.029036104,-0.772421929
LOC112043726,heat shock 70 kDa protein 14,CG7182,845.2847453,0.424462219,0.029043328,-0.424462219
LOC112058601,putative leucine-rich repeat-containing protein DDB_G0290503,LOC112058601,40.72452559,3.326315199,0.029086143,-3.326315199
LOC112051676,tyrosine-protein phosphatase Lar isoform X2,Lar,1667.573607,0.298121783,0.029087623,-0.298121783
LOC112050444,NA,NA,15.99537408,-1.277526173,0.029114627,1.277526173
LOC112052163,adenosine 3'-phospho 5'-phosphosulfate transporter 2,Papst2,229.5478518,0.395524741,0.029114627,-0.395524741
LOC112058236,queuine tRNA-ribosyltransferase catalytic subunit,Tgt,662.4009088,0.443577754,0.029114627,-0.443577754
LOC112044964,putative cuticle protein,LOC112044964,12151.05946,-1.955019419,0.029121067,1.955019419
LOC112048028,dnaJ homolog subfamily C member 11,CG8531,485.4485076,0.532075257,0.02912706,-0.532075257
LOC112053570,connectin-like,AMIGO1,7.302069458,2.357983369,0.02913626,-2.357983369
LOC112052786,telomerase-binding protein EST1A isoform X1,Smg6,1953.610216,-0.255108783,0.029197253,0.255108783
LOC112051877,NA,NA,7.436123965,2.687083505,0.029264011,-2.687083505
LOC112049738,uncharacterized protein LOC112049738,LOC112049738,22.62122393,-1.852253156,0.029312765,1.852253156
LOC112058383,probable phospholipid-transporting ATPase IIB,CG31729,313.0481275,0.346206746,0.029312765,-0.346206746
LOC112045902,vacuolar protein sorting-associated protein 45,Vps45,367.8040822,-0.500346426,0.029326506,0.500346426
LOC112049960,trimethylguanosine synthase,Tgs1,771.8172309,-0.231367107,0.029354745,0.231367107
LOC112043939,WD repeat-containing and planar cell polarity effector protein fritz isoform X1,frtz,524.5759798,-0.328938984,0.029392395,0.328938984
LOC112056308,"GDP-mannose 4,6 dehydratase",Gmd,293.4961607,-0.376939452,0.029410343,0.376939452
LOC112044747,zinc finger protein 501,CG17328,134.5452087,-0.470617208,0.029422899,0.470617208
LOC112054122,OWR53430.1 putative YEATS domain containing 2,LOC112054122,56.29060809,-0.793329426,0.029500132,0.793329426
LOC112048622,XP_030032409.1 poxin-like,LOC112048622,454.8449852,1.289208328,0.029521355,-1.289208328
LOC112054996,"mannosyl-oligosaccharide 1,2-alpha-mannosidase IA",alpha-Man-Ia,625.7084206,0.485673255,0.029536506,-0.485673255
LOC112043118,protein takeout-like,LOC112043118,4.359567341,4.686230019,0.029965145,-4.686230019
LOC112050511,leucine-rich repeat-containing G-protein coupled receptor 5-like,LOC112050511,7.409383136,2.611834934,0.029971652,-2.611834934
LOC112049369,"protein tramtrack, alpha isoform-like",CG3726,250.5273993,-0.862830006,0.029996097,0.862830006
LOC112047713,pickpocket protein 11-like,LOC112047713,2.487567125,4.855184173,0.030098317,-4.855184173
LOC112053678,NADH dehydrogenase [ubiquinone] 1 beta subcomplex subunit 1,LOC112053678,86.64716428,-2.255821122,0.03012473,2.255821122
LOC112053231,uncharacterized protein LOC112053231 isoform X1,LOC112053231,323.7497176,0.629284405,0.03013224,-0.629284405
LOC112042800,seminal fluid protein CSSFP066,LOC112042800,3.019034988,4.137782811,0.030132941,-4.137782811
LOC112053028,protein starmaker-like,LOC112053028,98.88599787,-1.223939015,0.030424992,1.223939015
LOC112050097,actin cytoskeleton-regulatory complex protein pan1-like isoform X6,LOC112050097,30.39920552,0.87125611,0.030555454,-0.87125611
LOC112043502,geranylgeranyl pyrophosphate synthase-like isoform X1,qm,4.347171546,3.793017874,0.030568384,-3.793017874
LOC112052906,muscle M-line assembly protein unc-89,CG14964,24.25942615,-2.071609976,0.030605587,2.071609976
LOC112050175,protein obstructor-E-like,LOC112050175,18.91696968,4.916282853,0.030645414,-4.916282853
LOC112050377,uncharacterized protein LOC112050377,LOC112050377,3.835809928,5.521558442,0.030669591,-5.521558442
LOC112053258,endoplasmic reticulum resident protein 44,CG9911,1943.619252,-0.294893143,0.030833167,0.294893143
LOC112045708,3-ketodihydrosphingosine reductase,CG10425,108.7567601,-0.663692219,0.030835288,0.663692219
LOC112043823,uncharacterized protein LOC112043823,LOC112043823,16.73309481,2.12989242,0.030955759,-2.12989242
LOC112043724,brain tumor protein isoform X1,brat,6554.749067,0.263806986,0.031020649,-0.263806986
LOC112044954,"28S ribosomal protein S34, mitochondrial",mRpS34,298.8943015,0.345826447,0.031147441,-0.345826447
LOC112045009,seminal fluid protein HACP011,LOC112045009,8.787227385,2.47671877,0.031211198,-2.47671877
LOC112043899,E3 ubiquitin-protein ligase Ufd4 isoform X3,Ufd4,2815.908327,0.260879893,0.031231296,-0.260879893
LOC112058519,"gelsolin, cytoplasmic-like",Gel,20.88153018,-1.323050849,0.03124454,1.323050849
LOC112050918,Zinc finger protein 836,CG5080,570.6631393,-0.334624257,0.031253558,0.334624257
LOC112046766,protein prenyltransferase alpha subunit repeat-containing protein 1,temp,363.8588095,0.35763923,0.031279321,-0.35763923
LOC112051382,uncharacterized protein LOC112051382,LOC112051382,2.599125943,3.920012487,0.031382411,-3.920012487
LOC112046020,NA,NA,6.021958289,-2.526958818,0.031383855,2.526958818
LOC112045533,alpha-mannosidase 2-like,alpha-Man-IIb,3.622189548,-4.357260149,0.031396075,4.357260149
LOC112046937,tektin-B1-like,CG3085,3.643308439,-4.500057709,0.031472689,4.500057709
LOC112057679,probable ubiquitin carboxyl-terminal hydrolase FAF-X,faf,132.5825347,-0.564122965,0.031555141,0.564122965
LOC112050056,"dynein heavy chain 12, axonemal",Dhc62B,59.11341595,-3.324710394,0.03156597,3.324710394
LOC112045908,uncharacterized protein LOC112045908 isoform X1,LOC112045908,344.0423101,0.291804668,0.03160205,-0.291804668
LOC112045150,thrombospondin type-1 domain-containing protein 4-like,loh,794.8686943,0.895960605,0.031625155,-0.895960605
LOC112045040,LINE-1 retrotransposable element ORF2 protein,LOC112045040,3.677029046,5.453591838,0.031951329,-5.453591838
LOC112058257,glycerophosphocholine phosphodiesterase GPCPD1 isoform X1,CG2818,587.6327961,0.387716028,0.031964595,-0.387716028
LOC112047190,tRNA-specific adenosine deaminase 2,CG5292,164.0315677,0.500260474,0.032003769,-0.500260474
LOC112045808,Putative uncharacterized transposon-derived protein F52C9.6,LOC112045808,162.355267,-0.744309974,0.032055341,0.744309974
LOC112054841,tRNA-specific adenosine deaminase 1,Adat1,117.4626574,-1.05326484,0.032191759,1.05326484
LOC112050998,gelsolin-like isoform X1,Gel,413.4765626,-0.879213392,0.03226586,0.879213392
LOC112056719,probable kinetochore protein NDC80,LOC112056719,2.346014891,-4.70471216,0.032345897,4.70471216
LOC112052763,"RNA-binding motif protein, X-linked 2",CG10466,219.7308889,0.442284302,0.032363495,-0.442284302
LOC112045213,netrin receptor UNC5B-like,unc-5,8.391215459,-2.490097136,0.032472361,2.490097136
LOC112052312,"calcium uniporter protein, mitochondrial",MCU,186.1672099,0.69513443,0.032519099,-0.69513443
LOC112048639,glycine receptor subunit alpha-1,CG12344,7.185457388,-2.862741984,0.032577742,2.862741984
LOC112055279,"calcium uptake protein 1 homolog, mitochondrial-like isoform X1",MICU1,237.8857913,0.50144276,0.03259455,-0.50144276
LOC112045851,RNA/RNP complex-1-interacting phosphatase,CG13197,639.4362989,0.423381166,0.032616455,-0.423381166
LOC112057979,potassium/sodium hyperpolarization-activated cyclic nucleotide-gated channel 2 isoform X1,Ih,989.5210966,-0.599277629,0.032616455,0.599277629
LOC112045543,uncharacterized protein LOC112045543,LOC112045543,15.34178263,3.331297513,0.032684322,-3.331297513
LOC112049574,spermidine synthase,SpdS,175.6901841,0.592636547,0.032684322,-0.592636547
LOC112049550,zinc finger protein 260-like isoform X1,LOC112049550,139.7185592,-0.639768196,0.032705522,0.639768196
LOC112051552,zinc finger protein 593 homolog,CG3224,662.4545932,0.316683926,0.03282586,-0.316683926
LOC112045729,ankyrin repeat domain-containing protein SOWAHC isoform X2,sowah,99.88901871,-0.563579832,0.032830487,0.563579832
LOC112052137,ribosome maturation protein SBDS,CG8549,617.5031652,0.469576335,0.032830487,-0.469576335
LOC112048506,probable cytochrome P450 304a1,Cyp304a1,60.15104253,1.405980264,0.032968365,-1.405980264
LOC112047123,oocyte zinc finger protein XlCOF6.1-like,LOC112047123,101.0928704,-0.496224708,0.033065223,0.496224708
LOC112058588,WD repeat-containing protein 82,Wdr82,779.4626906,-0.286923705,0.033065223,0.286923705
LOC112058307,cysteine protease ATG4B,Atg4a,177.0750506,-0.527636841,0.03309487,0.527636841
LOC112050842,sarcoplasmic calcium-binding protein 1 isoform X1,Scp1,3.192877335,4.237247944,0.033158418,-4.237247944
LOC112050726,NA,NA,65.75328184,-0.692755954,0.033233322,0.692755954
LOC112052035,anoctamin-4 isoform X1,CG6938,18.49388416,3.332240618,0.033248872,-3.332240618
LOC112047028,chymotrypsin-like elastase family member 2A,CG9372,8.011385444,-2.5016257,0.033327674,2.5016257
LOC112058574,GDP-fucose protein O-fucosyltransferase 1,O-fut1,1228.189665,-0.321669758,0.033350374,0.321669758
LOC112043799,potassium voltage-gated channel protein Shaker isoform X1,Sh,69.03006724,1.685502308,0.033552932,-1.685502308
LOC112046823,bumetanide-sensitive sodium-(potassium)-chloride cotransporter,Ncc69,898.4235664,0.415682842,0.033573494,-0.415682842
LOC112042905,uncharacterized protein LOC112042905,CG5541,37.29133012,1.460719228,0.033699582,-1.460719228
LOC112043763,serine protease inhibitor 2.1-like,Spn42Da,62.77684572,-1.194486858,0.03372727,1.194486858
LOC112058247,dnaJ homolog subfamily A member 2-like,Droj2,4861.533982,0.215940202,0.033855554,-0.215940202
LOC112055380,calnexin,Cnx99A,779.4644279,-0.310656584,0.034004593,0.310656584
LOC112053628,motile sperm domain-containing protein 2-like,CG33523,332.1894042,0.461917522,0.034056407,-0.461917522
LOC112049493,NA,NA,17.50164161,-1.25319896,0.034089949,1.25319896
LOC112045730,ankyrin repeat domain-containing protein SOWAHC-like isoform X3,sowah,102.7643167,-0.577791071,0.034120679,0.577791071
LOC112047838,neuralized-like protein 4,blue,3204.380732,-0.305584994,0.034144871,0.305584994
LOC112050421,WD repeat-containing protein 5,wds,2134.131215,-0.35864338,0.034144871,0.35864338
LOC112058511,protein cornichon,cni,917.5513107,0.280148076,0.034147693,-0.280148076
LOC112053454,tryptase beta-2-like,CG8586,25.13407698,2.013171214,0.034199076,-2.013171214
LOC112043430,knirps-related protein-like,kni,79.37969604,0.708590314,0.034228321,-0.708590314
LOC112044912,cuticle protein 12.5-like,LOC112044912,12.23772984,-3.935084082,0.034282523,3.935084082
LOC112048283,zinc finger CCCH domain-containing protein 13-like,Flacc,3068.540556,-0.307207544,0.034393106,0.307207544
LOC112056496,RNA-directed DNA polymerase from mobile element jockey-like isoform X1,LOC112056496,30.94263135,-1.590837524,0.034593432,1.590837524
LOC112044622,transmembrane protein 62-like,LOC112044622,113.2979839,-0.57640682,0.034649058,0.57640682
LOC112049207,eye-specific diacylglycerol kinase isoform X1,rdgA,127.8523448,-1.007232321,0.034651014,1.007232321
LOC112055050,2-acylglycerol O-acyltransferase 2-A-like,Dgat2,5.292990961,-2.535462768,0.034707446,2.535462768
LOC112057688,regulator of G-protein signaling loco,loco,440.9863123,-0.336259938,0.034830145,0.336259938
LOC112051942,protein TSSC4,LOC112051942,461.6672412,0.343088005,0.034890416,-0.343088005
LOC112045558,zinc finger protein 271-like isoform X2,LOC112045558,735.4484544,-0.673228588,0.034891885,0.673228588
LOC112051132,eukaryotic translation initiation factor 3 subunit A,eIF3-S10,11714.30437,0.433731739,0.035005326,-0.433731739
LOC112044201,"dynein beta chain, ciliary",Dhc93AB,18.32818106,1.146873247,0.035011876,-1.146873247
LOC112048544,zinc finger protein Xfin-like,LOC112048544,714.3615742,-0.254385036,0.03502037,0.254385036
LOC112046087,transmembrane channel-like protein 7,Tmc,365.5673227,-0.587159731,0.035086237,0.587159731
LOC112051598,vacuolar protein sorting-associated protein 4A,Vps4,2325.3427,0.221020102,0.035376766,-0.221020102
LOC112058413,zinc finger protein 583,CG14655,8.083654411,-2.04992582,0.035516133,2.04992582
LOC112045796,zinc finger protein 260-like isoform X2,LOC112045796,239.9881302,-0.539411567,0.035567634,0.539411567
LOC112051721,activator of 90 kDa heat shock protein ATPase homolog 1,CG1416,2200.409135,0.351400838,0.035604759,-0.351400838
LOC112050153,zinc finger protein 3 homolog,LOC112050153,359.3310039,-0.376136164,0.035664356,0.376136164
LOC112045317,"transcription factor A, mitochondrial",TFAM,547.07303,-0.279646446,0.035668139,0.279646446
LOC112057357,ATP-dependent RNA helicase abstrakt,abs,63.91712495,-0.735329092,0.035690441,0.735329092
LOC112044531,rho guanine nucleotide exchange factor 17 isoform X2,CG43102,2273.424847,0.431079791,0.035880112,-0.431079791
LOC112045662,regulator of MON1-CCZ1 complex,CG8270,434.8034535,-0.414960723,0.035928798,0.414960723
LOC112045263,enhancer of split malpha protein-like,Ocho,1309.344679,0.557547443,0.035967926,-0.557547443
LOC112051654,ecto-NOX disulfide-thiol exchanger 2-like isoform X1,CG10948,1065.496735,-0.307690893,0.03608427,0.307690893
LOC112056137,"ATP-dependent RNA helicase SUV3 homolog, mitochondrial",Suv3,563.2617779,0.443128688,0.036188993,-0.443128688
LOC112051915,GA-binding protein subunit beta-1,LOC112051915,180.9930627,0.559850184,0.036213127,-0.559850184
LOC112042946,uncharacterized protein LOC112042946,LOC112042946,15.57693616,1.588069888,0.036216529,-1.588069888
LOC112048610,transmembrane protein 242,CG11699,271.3706331,0.378127697,0.036216529,-0.378127697
LOC112051316,octopamine receptor beta-2R-like,Octbeta2R,6.833443176,-2.133403653,0.036261225,2.133403653
LOC112045357,"6-phosphofructo-2-kinase/fructose-2,6-bisphosphatase-like isoform X1",Pfrx,4295.657889,0.210678472,0.036316657,-0.210678472
LOC112055806,ruvB-like helicase 1,pont,2256.319945,-0.357745719,0.036378572,0.357745719
LOC112045172,carbohydrate sulfotransferase 11 isoform X2,CG13937,111.7853585,0.623150921,0.036458599,-0.623150921
LOC112046335,serine/threonine-protein kinase OSR1-like isoform X1,fray,254.2818005,-0.465002184,0.036629649,0.465002184
LOC112048105,transmembrane protein 230,LOC112048105,65.19827813,-0.695516066,0.036721285,0.695516066
LOC112054000,soluble guanylate cyclase 88E,Gyc88E,11.21872323,-2.418290209,0.036810798,2.418290209
LOC112050098,oxysterol-binding protein 1,Osbp,757.5207032,0.295839515,0.036817989,-0.295839515
LOC112050487,cuticle protein 3-like,Cpr49Ae,630.889174,1.312832901,0.036831914,-1.312832901
LOC112048489,protein Lilipod,lili,630.4770501,-0.578243619,0.036856462,0.578243619
LOC112046494,meiosis regulator and mRNA stability factor 1,Marf1,412.0604912,-0.393374457,0.036886277,0.393374457
LOC112055532,uncharacterized protein LOC112055532 isoform X1,LOC112055532,6.050453781,4.33929107,0.036889421,-4.33929107
LOC112047465,nuclear migration protein nudC,nudC,2300.315994,-0.224963598,0.037018181,0.224963598
LOC112044658,protein groucho-like isoform X3,gro,1470.832978,-0.181224578,0.037061587,0.181224578
LOC112057268,polynucleotide 5'-hydroxyl-kinase NOL9,CG8414,1236.891156,-0.304419525,0.037123205,0.304419525
LOC112043231,facilitated trehalose transporter Tret1-like,CG6484,16.3773542,2.569610727,0.03712348,-2.569610727
LOC112045396,"glycerol-3-phosphate acyltransferase 1, mitochondrial isoform X1",mino,756.6241729,-0.51001848,0.037126142,0.51001848
LOC112055449,eukaryotic translation initiation factor 3 subunit F,eIF3-S5,7137.68878,0.262206099,0.037153122,-0.262206099
LOC112049704,mitochondrial cardiolipin hydrolase-like,LOC112049704,11.36741251,1.503520113,0.037187721,-1.503520113
LOC112045244,early boundary activity protein 2-like,insv,13.98461646,1.709263899,0.037202965,-1.709263899
LOC112055747,NEDD4 family-interacting protein 1,Ndfip,248.7223942,0.367417863,0.037278033,-0.367417863
LOC112053616,phosphatidylinositol 4-phosphate 3-kinase C2 domain-containing subunit alpha isoform X1,Pi3K68D,773.5655608,-0.429808742,0.037432152,0.429808742
LOC112051532,catalase-like,CG9314,4.085289016,5.619881327,0.037496955,-5.619881327
LOC112057013,muscle M-line assembly protein unc-89-like,LOC112057013,167.5777267,-0.42247139,0.037630133,0.42247139
LOC112044212,ADP-ribosylation factor 6,Arf51F,560.0519399,0.242837343,0.037695749,-0.242837343
LOC112048046,zinc finger protein 729-like isoform X2,CG9650,134.8732983,-0.578371787,0.037744612,0.578371787
LOC112048145,nuclear distribution protein nudE-like 1 isoform X2,nudE,640.0368943,-0.480774765,0.037774694,0.480774765
LOC112057840,indole-3-acetaldehyde oxidase-like,AOX1,3.245387426,5.268270186,0.037805968,-5.268270186
LOC112051539,ubiquitin carboxyl-terminal hydrolase 20,Usp20-33,470.4151425,-0.263613987,0.037817733,0.263613987
LOC112050620,tachykinin-like peptides receptor 86C,TkR86C,6.375327682,2.833312764,0.037911362,-2.833312764
LOC112050801,acyl-CoA Delta(11) desaturase-like,Desat1,3.978214873,4.554781603,0.037940697,-4.554781603
LOC112052703,uncharacterized protein LOC112052703 isoform X2,LOC112052703,128.9974557,2.095780648,0.037942592,-2.095780648
LOC112053762,dihydropyrimidine dehydrogenase [NADP(+)],su(r),793.6851695,1.058606738,0.038032945,-1.058606738
LOC112058062,NA,NA,1070.370221,1.808625745,0.038066878,-1.808625745
LOC112052178,UPF0729 protein AAEL015238,CG18508,879.4255184,0.272389314,0.038072043,-0.272389314
LOC112052436,PR domain zinc finger protein 5-like isoform X2,ZBTB48,50.84120936,-0.764921762,0.038090017,0.764921762
LOC112055418,torsin-like protein,Torsin,401.4309523,-0.794620591,0.038139428,0.794620591
LOC112053575,serine protease nudel,ndl,7.97487137,6.560110577,0.038185078,-6.560110577
LOC112042871,26S proteasome non-ATPase regulatory subunit 5,LOC112042871,678.9727227,0.223811912,0.038318065,-0.223811912
LOC112051754,talin-1-like isoform X1,rhea,387.1042742,-0.775939777,0.038457043,0.775939777
LOC112056934,zinc finger protein 91-like,LOC112056934,92.68359491,-1.664296377,0.038511213,1.664296377
LOC112044408,protein SAND,Mon1,361.2043845,0.363626735,0.03851639,-0.363626735
LOC112050862,uncharacterized protein LOC112050862,LOC112050862,16.45971062,2.098143718,0.038545995,-2.098143718
LOC112057870,protein tipE isoform X1,tipE,146.6486732,-0.696951898,0.038547185,0.696951898
LOC112053400,"methylcrotonoyl-CoA carboxylase subunit alpha, mitochondrial",Mccc1,137.3511907,0.714519078,0.038615414,-0.714519078
LOC112043022,mitochondrial ribonuclease P protein 1 homolog,rswl,624.1842997,0.393937871,0.038615709,-0.393937871
LOC112046679,GDP-fucose transporter 1,nac,113.4911121,-0.691481907,0.038617068,0.691481907
LOC112046234,uncharacterized protein LOC112046234,Orco,173.2845406,1.361716659,0.038646969,-1.361716659
LOC112047055,CAP-Gly domain-containing linker protein 1,CLIP-190,2119.494509,0.432063049,0.038693533,-0.432063049
LOC112044331,glucoside xylosyltransferase 1,shams,117.6069883,0.419388518,0.038731361,-0.419388518
LOC112045354,inhibitor of growth protein 3,Ing3,1038.599097,-0.258574597,0.038800728,0.258574597
LOC112050889,protein PBDC1,CG7519,1781.156081,-0.468251553,0.038862914,0.468251553
LOC112056982,"trimethyllysine dioxygenase, mitochondrial",CG4335,10.98345717,3.195718722,0.038865035,-3.195718722
LOC112052305,rabphilin-3A isoform X2,Rph,8.127280994,1.991590146,0.038883578,-1.991590146
LOC112043804,sphingomyelin phosphodiesterase 4,CG6962,1050.227813,-0.269326835,0.039077152,0.269326835
LOC112055647,NA,NA,93.64881365,0.651171096,0.03909716,-0.651171096
LOC112051491,hemicentin-1-like isoform X1,CG33543,23.36936446,-2.451851002,0.039107816,2.451851002
LOC112045515,transcription initiation protein SPT3 homolog,LOC112045515,26.97403726,-1.754981043,0.039121534,1.754981043
LOC112044243,DNA ligase 4-like isoform X2,Lig4,431.3429327,-0.27486374,0.039151633,0.27486374
LOC112046933,DNA-directed RNA polymerase I subunit RPA12,RpI12,351.5763117,0.487983558,0.039181729,-0.487983558
LOC112048378,cyclin-dependent kinase 14 isoform X2,Eip63E,1564.551067,-0.217349769,0.039315146,0.217349769
LOC112043868,N-like protein,LOC112043868,99.65940931,2.524188249,0.039407958,-2.524188249
LOC112046626,CDC42 small effector protein homolog,Spec2,976.3531338,-0.953618616,0.039556971,0.953618616
LOC112051066,dual specificity protein phosphatase 13-like isoform X2,CG7378,174.5568397,0.47206993,0.039746175,-0.47206993
LOC112047420,neuroligin-1-like,NLG-2,6.272281288,4.261774762,0.039853149,-4.261774762
LOC112058456,ubiquitin-conjugating enzyme E2 C,vih,1127.269566,-0.435426428,0.039976159,0.435426428
LOC112052505,"arfGAP with SH3 domain, ANK repeat and PH domain-containing protein isoform X1",Asap,179.190693,0.693856297,0.040084962,-0.693856297
LOC112050582,"hydroxyacylglutathione hydrolase, mitochondrial isoform X1",tzn,526.3024378,-0.692257655,0.040130638,0.692257655
LOC112048151,phosphatidylinositol N-acetylglucosaminyltransferase subunit Q,Gpi1,368.3654323,-0.444379783,0.040139711,0.444379783
LOC112046094,"ATP synthase subunit s, mitochondrial",LOC112046094,126.5425944,0.469570611,0.040155971,-0.469570611
LOC112055491,methyl-CpG-binding domain protein 3 isoform X1,MBD-like,1012.18407,-0.211603171,0.040166171,0.211603171
LOC112055178,GTPase-activating protein and VPS9 domain-containing protein 1,Gapvd1,643.1965174,0.328777156,0.040242463,-0.328777156
LOC112051271,retinol dehydrogenase 11-like,CG2070,10.31220224,-2.545980342,0.040274321,2.545980342
LOC112054957,homeobox protein caupolican,mirr,391.125036,-0.513457679,0.040458349,0.513457679
LOC112050228,ribosomal RNA-processing protein 8,CG7137,533.0604915,0.371526608,0.040463527,-0.371526608
LOC112050474,connectin-like,LOC112050474,42.18068678,-1.448177616,0.040463527,1.448177616
LOC112051295,gamma-interferon-inducible lysosomal thiol reductase-like,GILT1,259.4557369,0.457857386,0.040463527,-0.457857386
LOC112047217,transmembrane protease serine 9,CG10663,6.494063965,1.834812609,0.040467228,-1.834812609
LOC112045892,apolipophorin-3-like,LOC112045892,951.0899985,2.062300288,0.04051096,-2.062300288
LOC112055471,mediator of RNA polymerase II transcription subunit 25-like,MED25,1395.8232,0.354420699,0.04051096,-0.354420699
LOC112053385,NA,NA,16.49530245,3.389779217,0.040526465,-3.389779217
LOC112046288,NA,NA,519.6511325,-0.254063815,0.040616786,0.254063815
LOC112051390,heat shock protein 68-like,Hsp68,951.1510274,-2.368251025,0.040634543,2.368251025
LOC112051702,"ADP-ribose pyrophosphatase, mitochondrial",CG4098,302.3900485,-0.377027946,0.040705311,0.377027946
LOC112056930,protein ALP1-like,CG7492,277.5309833,-0.903569635,0.040792007,0.903569635
LOC112044693,acetylcholine receptor subunit alpha-like 2,nAChRa2,70.95957125,1.227567478,0.040828098,-1.227567478
LOC112058296,transmembrane protein 18,Tmem18,201.9502022,0.445838557,0.040828098,-0.445838557
LOC112056008,ras-related protein Rab-31,RabX1,171.7440559,0.678665645,0.040890592,-0.678665645
LOC112050455,uncharacterized protein K02A2.6-like,LOC112050455,202.3952994,-1.365239589,0.040920498,1.365239589
LOC112054344,putative gamma-glutamylcyclotransferase CG2811 isoform X1,CG2811,574.9230099,0.430156207,0.041188469,-0.430156207
LOC112055732,nuclear pore complex protein Nup85,Nup75,175.0928789,-0.438349372,0.041188519,0.438349372
LOC112049281,tetratricopeptide repeat protein 17,LOC112049281,107.6780728,-0.497779314,0.041204397,0.497779314
LOC112058472,sodium-dependent nutrient amino acid transporter 1-like isoform X1,LOC112058472,143.6974231,1.053495025,0.041287016,-1.053495025
LOC112043767,protein tweety-like,tty,63.50835594,-0.586260748,0.041512474,0.586260748
LOC112048561,chromatin modification-related protein EAF7-like,LOC112048561,6.749217734,2.172255392,0.041512474,-2.172255392
LOC112057944,CAAX prenyl protease 1 homolog,ste24a,1799.532772,-0.258645002,0.0416163,0.258645002
LOC112044761,E3 ubiquitin-protein ligase ZNF598,CG11414,1164.141933,0.266555958,0.041698316,-0.266555958
LOC112052169,T-cell acute lymphocytic leukemia protein 1 homolog,Fer2,4.889860984,3.192515373,0.041700431,-3.192515373
LOC112053276,trithorax group protein osa,tow,13.31190482,1.844554109,0.041700431,-1.844554109
LOC112050760,transmembrane protease serine 9-like,CG10469,2.208292879,4.683846353,0.041707678,-4.683846353
LOC112044620,eukaryotic translation initiation factor 5A,eEF5,39329.39292,-0.228511495,0.041790058,0.228511495
LOC112056061,uncharacterized protein LOC112056061,LOC112056061,84.03028694,-1.106621411,0.041814943,1.106621411
LOC112052454,geranylgeranyl transferase type-1 subunit beta,betaggt-I,284.1839482,-0.363819965,0.04184727,0.363819965
LOC112046334,NA,NA,7.304017988,-2.559181047,0.041897697,2.559181047
LOC112058535,sodium/hydrogen exchanger 9B1-like isoform X1,LOC112058535,5.587991339,2.385449542,0.041897697,-2.385449542
LOC112046721,CREB-binding protein-like,nej,1344.835376,0.712894492,0.041920064,-0.712894492
LOC112054844,ras-related and estrogen-regulated growth inhibitor-like protein,CG8519,867.1137804,0.349129394,0.04196422,-0.349129394
LOC112057198,defense protein 2,LOC112057198,21.90529584,-1.899613985,0.04196422,1.899613985
LOC112047596,NA,NA,18.7282875,-1.230477313,0.042271883,1.230477313
LOC112045308,26S proteasome non-ATPase regulatory subunit 9,CG9588,339.993543,0.345307813,0.042299625,-0.345307813
LOC112050170,cytochrome P450 6k1-like,Cyp6g1,2.470983184,3.829643342,0.042361244,-3.829643342
LOC112044968,tether containing UBX domain for GLUT4,CG33722,479.6967142,0.231055568,0.042385705,-0.231055568
LOC112049638,choline/ethanolamine kinase isoform X1,CG2201,2123.691032,-0.470281488,0.042484993,0.470281488
LOC112044539,myosin-9-like isoform X2,LOC112044539,11.30963129,1.714605476,0.042498775,-1.714605476
LOC112045698,"1-phosphatidylinositol 4,5-bisphosphate phosphodiesterase epsilon-1-like",Plc21C,15.82494061,-2.000358623,0.042581905,2.000358623
LOC112051975,probable RNA-binding protein 46,Syp,3.124249375,5.180136114,0.042581905,-5.180136114
LOC112054861,RNA-binding protein 28,CG4806,1591.627594,0.399353177,0.042581905,-0.399353177
LOC112045384,structure-specific endonuclease subunit SLX4,mus312,1373.828824,0.222677809,0.042582272,-0.222677809
LOC112051714,histone H2A,His2A:CG31618,31.78291038,-1.220310976,0.042696191,1.220310976
LOC112042975,RNA-directed DNA polymerase from mobile element jockey-like,LOC112042975,163.2491069,1.144759829,0.042733966,-1.144759829
LOC112050086,putative Fasciclin-2 precursor,LOC112050086,161.2878608,-0.517215268,0.042788893,0.517215268
LOC112051559,protein N-terminal asparagine amidohydrolase,Ntan1,793.6566677,-0.263318462,0.042870761,0.263318462
LOC112050681,proteoglycan 4-like,LOC112050681,5.305743384,3.349915122,0.042956218,-3.349915122
LOC112057732,probable ubiquitin carboxyl-terminal hydrolase FAF-X,faf,95.98780707,-0.582805652,0.042958669,0.582805652
LOC112043733,peptidyl-prolyl cis-trans isomerase H,CG17266,289.74782,-0.641230593,0.042995942,0.641230593
LOC112050652,Protein FAM73B,LOC112050652,59.21311446,-0.817746362,0.042995942,0.817746362
LOC112058555,endoplasmic reticulum-Golgi intermediate compartment protein 3,CG7011,1293.078131,-0.281847564,0.043030578,0.281847564
LOC112057157,steroidogenic acute regulatory protein-like,Start1,7.361885946,6.461250836,0.043050314,-6.461250836
LOC112044676,ankyrin repeat domain-containing protein 29-like,LOC112044676,10.14108015,2.876628966,0.043056801,-2.876628966
LOC112044140,molybdenum cofactor biosynthesis protein 1,Mocs1,1396.302682,-0.809504499,0.043176024,0.809504499
LOC112042994,neuropilin and tolloid-like protein 2,Neto,8.150656753,4.786933717,0.043214208,-4.786933717
LOC112044337,E3 ubiquitin-protein ligase RNF139-like,LOC112044337,23.46368156,2.49610469,0.043244614,-2.49610469
LOC112044965,NA,NA,3397.360741,-0.734153848,0.043349798,0.734153848
LOC112055667,WD repeat-containing protein 46,CG2260,1004.766936,0.581337798,0.043507456,-0.581337798
LOC112043400,aprataxin and PNK-like factor isoform X1,LOC112043400,536.890674,0.353794474,0.043547613,-0.353794474
LOC112043650,uncharacterized protein LOC112043650,LOC112043650,14.08278005,3.426179587,0.043657532,-3.426179587
LOC112044508,"glutamate receptor ionotropic, kainate 2-like",Grik,106.564782,3.842743332,0.043726684,-3.842743332
LOC112044893,cadherin-related tumor suppressor,ft,4458.200951,-0.388927701,0.043726684,0.388927701
LOC112050991,NA,NA,5.33687001,-2.530939123,0.04397135,2.530939123
LOC112057191,maternal protein tudor-like isoform X2,tud,235.8849172,-0.611614445,0.04397201,0.611614445
LOC112045434,disintegrin and metalloproteinase domain-containing protein 12,Meltrin,1712.843691,0.259156612,0.043977244,-0.259156612
LOC112053524,proton channel OtopLc-like,OtopLc,5.539529636,-5.908240463,0.043977244,5.908240463
LOC112048708,protein kinase C-binding protein NELL1-like,slow,18.38744248,1.139371195,0.04407059,-1.139371195
LOC112048779,NA,NA,29.65259139,-0.919179633,0.04410659,0.919179633
LOC112057690,nucleolar complex protein 3 homolog,CG1234,992.0914863,0.325122819,0.044113827,-0.325122819
LOC112058330,transcription factor Adf-1-like,LOC112058330,274.6367576,-0.797978994,0.044113827,0.797978994
LOC112053670,uncharacterized protein LOC112053670,LOC112053670,1.714159188,4.343845273,0.044570712,-4.343845273
LOC112055182,amidophosphoribosyltransferase-like isoform X1,Prat,703.6711532,0.329335899,0.044570712,-0.329335899
LOC112049842,diamine acetyltransferase 2-like,CG4210,212.5860049,0.500289273,0.044760826,-0.500289273
LOC112056808,alpha-tocopherol transfer protein-like,CG33966,1.912314316,4.509592622,0.044908818,-4.509592622
LOC112049468,esterase FE4-like,CG10175,185.4151397,0.967474388,0.045004856,-0.967474388
LOC112045021,protein drumstick,drm,28.2914418,2.2586866,0.045106463,-2.2586866
LOC112053293,multidrug resistance protein homolog 49-like,Mdr49,3.904387324,2.966723558,0.045127088,-2.966723558
LOC112051516,tyrosine-protein kinase Src64B isoform X1,Src64B,1263.017125,0.379028706,0.0452263,-0.379028706
LOC112054534,L-xylulose reductase-like,CG7322,856.7372399,0.384003023,0.045333988,-0.384003023
LOC112050024,nascent polypeptide-associated complex subunit alpha,Nacalpha,11356.83601,0.25425774,0.045395448,-0.25425774
LOC112056005,zinc finger protein 260-like isoform X2,LOC112056005,137.6882057,0.461452698,0.045402,-0.461452698
LOC112043413,BTB/POZ domain-containing protein 19,CG7102,656.2501597,0.401540497,0.045517925,-0.401540497
LOC112047687,zinc finger protein Elbow,elB,2496.354114,0.187599311,0.045535609,-0.187599311
LOC112058235,probable ATP-dependent RNA helicase DDX23,CG10333,1919.816027,-0.174979472,0.045582001,0.174979472
LOC112052207,transmembrane protein 42-like,LOC112052207,135.7181691,-0.666531507,0.045712055,0.666531507
LOC112052348,UDP-glucuronosyltransferase 2B2-like,Ugt36D1,277.568688,1.027332337,0.045818149,-1.027332337
LOC112048060,inducible metalloproteinase inhibitor protein-like isoform X2,LOC112048060,5.767288428,-3.801609657,0.045861352,3.801609657
LOC112043180,peptide transporter family 1-like,CG2930,2.932488237,5.120381646,0.045891736,-5.120381646
LOC112054486,"1,2-dihydroxy-3-keto-5-methylthiopentene dioxygenase",Adi1,283.8966527,0.508537621,0.045910856,-0.508537621
LOC112053741,C3 and PZP alpha-2-macroglobulin domain-containing protein 8,CG32633,433.2113344,0.310717113,0.045932756,-0.310717113
LOC112055298,Cytochrome P450 6B2,Cyp6a2,2.337456045,3.75414276,0.045973574,-3.75414276
LOC112047309,U7 snRNA-associated Sm-like protein LSm10,LOC112047309,208.4689631,0.601278592,0.0461089,-0.601278592
LOC112043380,src substrate cortactin,Cortactin,1209.796765,-0.243460369,0.046119537,0.243460369
LOC112044997,protein odd-skipped,odd,7.488324511,2.192166823,0.046199756,-2.192166823
LOC112043520,solute carrier family 35 member E1 homolog,CG14621,396.2597115,0.314834799,0.046227843,-0.314834799
LOC112050310,NADH-cytochrome b5 reductase 2 isoform X3,CG5946,1026.988778,0.361412952,0.046227843,-0.361412952
LOC112057941,ribosomal protein S6 kinase 2 beta,S6kII,223.5539912,0.62270629,0.046408672,-0.62270629
LOC112043577,leucine-rich melanocyte differentiation-associated protein-like isoform X1,LOC112043577,540.2073038,0.344322427,0.046480214,-0.344322427
LOC112056230,neurogenic protein mastermind-like isoform X1,mam,1426.517749,-0.22217627,0.046516223,0.22217627
LOC112046089,ras-related protein Rab-4B,Rab4,288.4129462,-0.380358352,0.046543938,0.380358352
LOC112049798,uncharacterized protein LOC112049798,LOC112049798,1.847519675,4.460996718,0.046562321,-4.460996718
LOC112050083,actin-related protein 2/3 complex subunit 3,Arpc3A,1266.197261,0.197988964,0.046598955,-0.197988964
LOC112049967,myosin regulatory light chain,LOC112049967,4.795026037,2.460791923,0.046601649,-2.460791923
LOC112045983,uncharacterized protein LOC112045983,CG4558,357.8866643,0.517467668,0.046664601,-0.517467668
LOC112044766,ankyrin repeat domain-containing protein 27-like,LOC112044766,686.0580988,0.293187553,0.046699153,-0.293187553
LOC112050942,THAP domain-containing protein 4-like,LOC112050942,8.263262914,5.629831108,0.046776464,-5.629831108
LOC112057956,uncharacterized protein LOC112057956,LOC112057956,42.85103402,0.85826066,0.046792638,-0.85826066
LOC112053333,tRNA:m(4)X modification enzyme TRM13 homolog isoform X1,CG18048,375.1901998,0.38358788,0.046811725,-0.38358788
LOC112044597,uncharacterized protein LOC112044597,LOC112044597,65.3103964,-0.780676781,0.046815266,0.780676781
LOC112057757,"heterogeneous nuclear ribonucleoprotein A1, A2/B1 homolog",Hrb87F,3525.631742,0.332455225,0.046871032,-0.332455225
LOC112057991,tRNA selenocysteine 1-associated protein 1,Secp43,572.3824623,-0.281182575,0.046872435,0.281182575
LOC112042873,uncharacterized protein LOC112042873,LOC112042873,7.268531061,-2.196483632,0.04692637,2.196483632
LOC112049338,nuclear factor of activated T-cells 5 isoform X2,NFAT,2047.840374,-0.448473149,0.047028071,0.448473149
LOC112050119,zinc finger protein 236-like isoform X1,LOC112050119,758.2363853,-0.501562269,0.047079684,0.501562269
LOC112050007,rabankyrin-5 isoform X1,CG41099,168.5451048,-0.423998531,0.047096055,0.423998531
LOC112052220,"beta-1,4-N-acetylgalactosaminyltransferase bre-4-like",beta4GalNAcTB,50.37181425,-1.002180844,0.047204391,1.002180844
LOC112057417,carbohydrate-responsive element-binding protein isoform X2,Mio,377.0915621,-0.990675824,0.047333522,0.990675824
LOC112048560,kinase C delta type homolog isoform X6,Pkcdelta,14.35156555,2.251179546,0.047360202,-2.251179546
LOC112046845,short coiled-coil protein homolog,CG5934,1593.56199,0.279580438,0.047370201,-0.279580438
LOC112048210,uncharacterized protein LOC112045769,LOC112048210,70.22658927,1.273025917,0.047388748,-1.273025917
LOC112053529,uncharacterized protein LOC112053529 isoform X1,Socs16D,78.56995952,-0.58759201,0.047396284,0.58759201
LOC112057284,sodium-independent sulfate anion transporter-like,CG7912,7.223148709,6.421079063,0.047412448,-6.421079063
LOC112056909,probable ATP-dependent RNA helicase Dbp45A,Dbp45A,587.5379967,0.486828912,0.04742483,-0.486828912
LOC112044002,transcription factor BTF3 homolog 4-like,bic,13154.89801,0.185123993,0.047456214,-0.185123993
LOC112054303,protein NDRG3 isoform X4,MESK2,97.88843438,0.592876193,0.047463811,-0.592876193
LOC112047745,protein son of sevenless,Sos,1108.82979,0.362598242,0.047508214,-0.362598242
LOC112050589,larval cuticle protein LCP-17-like,Lcp65Af,8.918860259,2.175719696,0.047508214,-2.175719696
LOC112057743,solute carrier organic anion transporter family member 2A1-like,LOC112057743,1.812006087,4.433813188,0.047508214,-4.433813188
LOC112057666,sodium-coupled monocarboxylate transporter 1-like isoform X1,CG6723,2.663877852,-4.050189786,0.047559724,4.050189786
LOC112045979,"protein PTCD3 homolog, mitochondrial",CG4679,885.52397,0.225708238,0.047595667,-0.225708238
LOC112046475,ras-related protein Ral-a isoform X3,Rala,2213.819431,-0.4818755,0.047799004,0.4818755
LOC112054832,multivesicular body subunit 12A-like isoform X1,Mvb12,502.3984292,-0.371778002,0.048009774,0.371778002
LOC112052225,"alpha-actinin, sarcomeric isoform X1",Actn,2480.022103,-0.617225796,0.048043468,0.617225796
LOC112053735,ubiquitin carboxyl-terminal hydrolase isozyme L3,Uch,971.6113792,-0.800338899,0.048055162,0.800338899
LOC112044875,Retrovirus-related Pol polyprotein from transposon 17.6-like Protein,LOC112044875,10.3463272,-1.632476808,0.048093986,1.632476808
LOC112053351,F-box/SPRY domain-containing protein 1,Fsn,308.1164395,-0.2936956,0.04816203,0.2936956
LOC112052092,mitochondrial enolase superfamily member 1-like,LOC112052092,18.71286307,1.280371753,0.048165182,-1.280371753
LOC112048074,geranylgeranyl transferase type-2 subunit beta,betaggt-II,243.8976539,0.339595291,0.048167216,-0.339595291
LOC112048663,"1-phosphatidylinositol 4,5-bisphosphate phosphodiesterase gamma-1",small-wing,210.5625266,-0.486029308,0.048167216,0.486029308
LOC112057052,ATP-binding cassette sub-family A member 3-like,CG42816,15.42040558,-1.858003998,0.048307269,1.858003998
LOC112045586,integrator complex subunit 12,LOC112045586,250.4902278,0.401317545,0.048351693,-0.401317545
LOC112052341,actin-like protein 6A,Bap55,816.4825376,-0.268059024,0.048368494,0.268059024
LOC112057108,protein seele,LOC112057108,947.4447518,-0.451803911,0.048368494,0.451803911
LOC112055805,myrosinase 1-like,CG9701,70.51505341,-2.799582526,0.048382089,2.799582526
LOC112046181,matrix metalloproteinase-2-like,Mmp2,1082.99766,0.450749038,0.048419395,-0.450749038
LOC112056429,Mediator of RNA polymerase II transcription subunit 26,LOC112056429,213.259521,-0.330119595,0.048512561,0.330119595
LOC112044678,lactase-phlorizin hydrolase-like,CG9701,92.44339058,-1.73408366,0.048651921,1.73408366
LOC112052898,serine/threonine-protein kinase Nek8-like,niki,3.199814796,4.216845919,0.04866792,-4.216845919
LOC112046158,U6 snRNA-associated Sm-like protein LSm4,CG17768,414.6763057,-0.363954929,0.048679139,0.363954929
LOC112048400,vacuolar protein sorting-associated protein 37B,Vps37B,556.1129817,0.37209965,0.048679139,-0.37209965
LOC112051143,ankyrin-3-like isoform X1,LOC112051143,13.30335183,2.583097913,0.048816935,-2.583097913
LOC112051530,thioredoxin domain-containing protein 5 homolog,prtp,574.8096621,-0.354073495,0.048929,0.354073495
LOC112046963,50S ribosomal protein L1,mRpL1,655.3826602,0.318490483,0.048944309,-0.318490483
LOC112043206,sprT-like domain-containing protein Spartan,mh,135.6298761,-0.553278003,0.048977557,0.553278003
LOC112045999,Monocarboxylate transporter 9,LOC112045999,31.51697237,-0.884813783,0.049007006,0.884813783
LOC112049501,OWR45174.1 MBF2 protein,LOC112049501,91.79465006,1.608396958,0.049033921,-1.608396958
LOC112053166,TBC1 domain family member 10B,wkd,224.2791381,0.342263026,0.049050533,-0.342263026
LOC112054284,nucleoside diphosphate-linked moiety X motif 19-like,CG10194,718.5470427,-0.255618385,0.049219168,0.255618385
LOC112043168,TPPP family protein CG45057-like,ringer,44.47679476,0.640227452,0.049259003,-0.640227452
LOC112046355,glucocorticoid-induced transcript 1 protein-like,LOC112046355,3.526361947,5.402362843,0.049475419,-5.402362843
LOC112052910,cytosol aminopeptidase-like,S-Lap1,25.08970712,-1.642465492,0.049537248,1.642465492
LOC112054332,zinc finger protein with KRAB and SCAN domains 5-like,LOC112054332,145.8305719,-0.388993749,0.049537248,0.388993749
LOC112058432,protein cereblon homolog,LOC112058432,145.1465641,-0.467719254,0.049537248,0.467719254
LOC112046657,allergen Api m 6-like,LOC112046657,122.2101025,-3.219419745,0.049632446,3.219419745
LOC112049434,putative pre-mRNA-splicing factor ATP-dependent RNA helicase DHX16,LOC112049434,1428.746006,0.322519765,0.04966007,-0.322519765
LOC112043025,uncharacterized protein LOC112043025 isoform X2,CG33155,583.4887802,0.390440235,0.049664643,-0.390440235
LOC112049831,zinc finger protein 595,cg,113.7637293,-0.594240764,0.049763779,0.594240764
LOC112058586,MIP18 family protein CG7949,galla-2,171.023138,0.369412857,0.049801769,-0.369412857
LOC112047560,uncharacterized protein LOC112047560,LOC112047560,32.7484106,1.115832102,0.049902306,-1.115832102